"model","rownames","mean","se_mean","sd","conf_2.5","conf_25","conf_50","conf_75","conf_97.5","n_eff","Rhat"
"Regional Trend","kappa_regional",0.0250329613658019,1.56285907710204e-05,0.00307143982631308,0.0190310431530153,0.0229608036509099,0.0250382761120305,0.0270619038760239,0.0311363806583475,38622.8558906727,0.999958931035508
"Regional Trend","kappa_habitat_selection",-0.00579838395277743,1.16494756264113e-05,0.00235495950581607,-0.0104185729719147,-0.00735595832718324,-0.00580102163545072,-0.00422782125871693,-0.00118938573815272,40865.247475493,0.999938260296196
"Regional Trend","kappa_temp_pos",-0.00629761665366425,1.27690890657733e-05,0.00258898025884479,-0.0114086031946665,-0.00803456806358806,-0.00629675492508514,-0.00453626102567745,-0.00126478915107692,41109.0693779856,0.999952071780132
"Regional Trend","kappa_diet",0.00447025047955334,1.20686303165714e-05,0.00245026438331659,-0.000373341504711133,0.00284125975874566,0.00446367796188631,0.00611989805330272,0.00921882919069083,41220.1839826506,1.00009198056215
"Without Regional Trend","kappa_habitat_selection",-0.00787524383074454,1.85918637894768e-05,0.00356541154077709,-0.0148652212188264,-0.0102703881317726,-0.00787548864361399,-0.00549786323365021,-0.000852580091787363,36776.7607051415,0.999946350661952
"Without Regional Trend","kappa_temp_pos",-0.0119380285912864,1.92808338613626e-05,0.0036377923969185,-0.0189999358254656,-0.0143962763316965,-0.011942218297523,-0.00950786980765907,-0.00477251752561268,35597.8851055428,0.999915680391855
"Without Regional Trend","kappa_diet",0.00726916292119087,1.94538282462872e-05,0.00367048236459784,1.89096865551031e-05,0.00484502726532692,0.00724985974330009,0.0096889863710517,0.0145708963938513,35598.863152676,0.999906349357456
