ID,route,stop_num,year,nlcd_code,count,numpix,percent,class,ijbg_class,description,color
1,cthm-01,1,2025,21,84,561,14.97326203,developed,developed,"Developed, Open Space",#DDC9C9
1,cthm-01,1,2025,22,4,561,0.713012478,developed,developed,"Developed, Low Intensity",#D89382
1,cthm-01,1,2025,41,223,561,39.75044563,forest,deciduous forest,Deciduous Forest,#68AA63
1,cthm-01,1,2025,42,72,561,12.8342246,forest,evergreen forest,Evergreen Forest,#1C6330
1,cthm-01,1,2025,43,155,561,27.62923351,forest,mixed forest,Mixed Forest,#B5C98E
1,cthm-01,1,2025,71,1,561,0.178253119,herbaceous,herbaceous,Grassland/Herbaceous,#E2E2C1
1,cthm-01,1,2025,81,18,561,3.20855615,planted,pasture,Pasture/Hay,#DBD83D
1,cthm-01,1,2025,90,4,561,0.713012478,wetlands,wetlands,Woody Wetlands,#BAD8EA
2,cthm-01,2,2025,11,17,559,3.041144902,water,water,Open Water,#476BA0
2,cthm-01,2,2025,21,52,559,9.302325581,developed,developed,"Developed, Open Space",#DDC9C9
2,cthm-01,2,2025,22,2,559,0.357781753,developed,developed,"Developed, Low Intensity",#D89382
2,cthm-01,2,2025,23,3,559,0.53667263,developed,developed,"Developed, Medium Intensity",#ED0000
2,cthm-01,2,2025,41,227,559,40.60822898,forest,deciduous forest,Deciduous Forest,#68AA63
2,cthm-01,2,2025,43,54,559,9.660107335,forest,mixed forest,Mixed Forest,#B5C98E
2,cthm-01,2,2025,71,12,559,2.146690519,herbaceous,herbaceous,Grassland/Herbaceous,#E2E2C1
2,cthm-01,2,2025,81,100,559,17.88908766,planted,pasture,Pasture/Hay,#DBD83D
2,cthm-01,2,2025,82,92,559,16.45796064,planted,cultivated crops,Cultivated Crops,#AA7028
3,cthm-01,3,2025,21,109,561,19.42959002,developed,developed,"Developed, Open Space",#DDC9C9
3,cthm-01,3,2025,22,9,561,1.604278075,developed,developed,"Developed, Low Intensity",#D89382
3,cthm-01,3,2025,41,154,561,27.45098039,forest,deciduous forest,Deciduous Forest,#68AA63
3,cthm-01,3,2025,42,67,561,11.942959,forest,evergreen forest,Evergreen Forest,#1C6330
3,cthm-01,3,2025,43,163,561,29.05525847,forest,mixed forest,Mixed Forest,#B5C98E
3,cthm-01,3,2025,52,35,561,6.23885918,shrubland,shrubland,Scrub/Shrub,#CCBA7C
3,cthm-01,3,2025,81,24,561,4.278074866,planted,pasture,Pasture/Hay,#DBD83D
4,cthm-01,4,2025,21,86,558,15.41218638,developed,developed,"Developed, Open Space",#DDC9C9
4,cthm-01,4,2025,22,80,558,14.33691756,developed,developed,"Developed, Low Intensity",#D89382
4,cthm-01,4,2025,23,25,558,4.480286738,developed,developed,"Developed, Medium Intensity",#ED0000
4,cthm-01,4,2025,24,1,558,0.17921147,developed,developed,"Developed, High Intensity",#AA0000
4,cthm-01,4,2025,41,45,558,8.064516129,forest,deciduous forest,Deciduous Forest,#68AA63
4,cthm-01,4,2025,42,111,558,19.89247312,forest,evergreen forest,Evergreen Forest,#1C6330
4,cthm-01,4,2025,43,178,558,31.89964158,forest,mixed forest,Mixed Forest,#B5C98E
4,cthm-01,4,2025,71,10,558,1.792114695,herbaceous,herbaceous,Grassland/Herbaceous,#E2E2C1
4,cthm-01,4,2025,81,22,558,3.94265233,planted,pasture,Pasture/Hay,#DBD83D
5,cthm-01,5,2025,21,105,554,18.95306859,developed,developed,"Developed, Open Space",#DDC9C9
5,cthm-01,5,2025,22,47,554,8.483754513,developed,developed,"Developed, Low Intensity",#D89382
5,cthm-01,5,2025,23,10,554,1.805054152,developed,developed,"Developed, Medium Intensity",#ED0000
5,cthm-01,5,2025,41,35,554,6.317689531,forest,deciduous forest,Deciduous Forest,#68AA63
5,cthm-01,5,2025,42,187,554,33.75451264,forest,evergreen forest,Evergreen Forest,#1C6330
5,cthm-01,5,2025,43,170,554,30.68592058,forest,mixed forest,Mixed Forest,#B5C98E
6,cthm-01,6,2025,11,6,556,1.079136691,water,water,Open Water,#476BA0
6,cthm-01,6,2025,21,125,556,22.48201439,developed,developed,"Developed, Open Space",#DDC9C9
6,cthm-01,6,2025,22,57,556,10.25179856,developed,developed,"Developed, Low Intensity",#D89382
6,cthm-01,6,2025,23,28,556,5.035971223,developed,developed,"Developed, Medium Intensity",#ED0000
6,cthm-01,6,2025,24,1,556,0.179856115,developed,developed,"Developed, High Intensity",#AA0000
6,cthm-01,6,2025,41,7,556,1.258992806,forest,deciduous forest,Deciduous Forest,#68AA63
6,cthm-01,6,2025,42,221,556,39.74820144,forest,evergreen forest,Evergreen Forest,#1C6330
6,cthm-01,6,2025,43,88,556,15.82733813,forest,mixed forest,Mixed Forest,#B5C98E
6,cthm-01,6,2025,81,13,556,2.338129496,planted,pasture,Pasture/Hay,#DBD83D
6,cthm-01,6,2025,90,10,556,1.798561151,wetlands,wetlands,Woody Wetlands,#BAD8EA
7,cthm-01,7,2025,21,76,554,13.71841155,developed,developed,"Developed, Open Space",#DDC9C9
7,cthm-01,7,2025,22,11,554,1.985559567,developed,developed,"Developed, Low Intensity",#D89382
7,cthm-01,7,2025,23,1,554,0.180505415,developed,developed,"Developed, Medium Intensity",#ED0000
7,cthm-01,7,2025,41,257,554,46.3898917,forest,deciduous forest,Deciduous Forest,#68AA63
7,cthm-01,7,2025,42,68,554,12.27436823,forest,evergreen forest,Evergreen Forest,#1C6330
7,cthm-01,7,2025,43,136,554,24.54873646,forest,mixed forest,Mixed Forest,#B5C98E
7,cthm-01,7,2025,81,5,554,0.902527076,planted,pasture,Pasture/Hay,#DBD83D
8,cthm-01,8,2025,11,4,555,0.720720721,water,water,Open Water,#476BA0
8,cthm-01,8,2025,21,53,555,9.54954955,developed,developed,"Developed, Open Space",#DDC9C9
8,cthm-01,8,2025,22,4,555,0.720720721,developed,developed,"Developed, Low Intensity",#D89382
8,cthm-01,8,2025,41,171,555,30.81081081,forest,deciduous forest,Deciduous Forest,#68AA63
8,cthm-01,8,2025,42,102,555,18.37837838,forest,evergreen forest,Evergreen Forest,#1C6330
8,cthm-01,8,2025,43,199,555,35.85585586,forest,mixed forest,Mixed Forest,#B5C98E
8,cthm-01,8,2025,81,22,555,3.963963964,planted,pasture,Pasture/Hay,#DBD83D
9,cthm-01,9,2025,21,54,560,9.642857143,developed,developed,"Developed, Open Space",#DDC9C9
9,cthm-01,9,2025,22,5,560,0.892857143,developed,developed,"Developed, Low Intensity",#D89382
9,cthm-01,9,2025,41,326,560,58.21428571,forest,deciduous forest,Deciduous Forest,#68AA63
9,cthm-01,9,2025,42,33,560,5.892857143,forest,evergreen forest,Evergreen Forest,#1C6330
9,cthm-01,9,2025,43,127,560,22.67857143,forest,mixed forest,Mixed Forest,#B5C98E
9,cthm-01,9,2025,52,13,560,2.321428571,shrubland,shrubland,Scrub/Shrub,#CCBA7C
9,cthm-01,9,2025,81,2,560,0.357142857,planted,pasture,Pasture/Hay,#DBD83D
10,cthm-01,10,2025,21,98,560,17.5,developed,developed,"Developed, Open Space",#DDC9C9
10,cthm-01,10,2025,22,11,560,1.964285714,developed,developed,"Developed, Low Intensity",#D89382
10,cthm-01,10,2025,41,290,560,51.78571429,forest,deciduous forest,Deciduous Forest,#68AA63
10,cthm-01,10,2025,42,35,560,6.25,forest,evergreen forest,Evergreen Forest,#1C6330
10,cthm-01,10,2025,43,83,560,14.82142857,forest,mixed forest,Mixed Forest,#B5C98E
10,cthm-01,10,2025,52,12,560,2.142857143,shrubland,shrubland,Scrub/Shrub,#CCBA7C
10,cthm-01,10,2025,71,20,560,3.571428571,herbaceous,herbaceous,Grassland/Herbaceous,#E2E2C1
10,cthm-01,10,2025,81,1,560,0.178571429,planted,pasture,Pasture/Hay,#DBD83D
10,cthm-01,10,2025,90,10,560,1.785714286,wetlands,wetlands,Woody Wetlands,#BAD8EA
11,cthm-01,11,2025,21,115,558,20.609319,developed,developed,"Developed, Open Space",#DDC9C9
11,cthm-01,11,2025,22,77,558,13.79928315,developed,developed,"Developed, Low Intensity",#D89382
11,cthm-01,11,2025,23,29,558,5.197132616,developed,developed,"Developed, Medium Intensity",#ED0000
11,cthm-01,11,2025,41,49,558,8.781362007,forest,deciduous forest,Deciduous Forest,#68AA63
11,cthm-01,11,2025,42,152,558,27.24014337,forest,evergreen forest,Evergreen Forest,#1C6330
11,cthm-01,11,2025,43,62,558,11.11111111,forest,mixed forest,Mixed Forest,#B5C98E
11,cthm-01,11,2025,52,16,558,2.867383513,shrubland,shrubland,Scrub/Shrub,#CCBA7C
11,cthm-01,11,2025,71,39,558,6.989247312,herbaceous,herbaceous,Grassland/Herbaceous,#E2E2C1
11,cthm-01,11,2025,81,19,558,3.405017921,planted,pasture,Pasture/Hay,#DBD83D
12,cthm-01,12,2025,11,1,554,0.180505415,water,water,Open Water,#476BA0
12,cthm-01,12,2025,21,114,554,20.57761733,developed,developed,"Developed, Open Space",#DDC9C9
12,cthm-01,12,2025,22,53,554,9.566787004,developed,developed,"Developed, Low Intensity",#D89382
12,cthm-01,12,2025,41,144,554,25.99277978,forest,deciduous forest,Deciduous Forest,#68AA63
12,cthm-01,12,2025,42,63,554,11.37184116,forest,evergreen forest,Evergreen Forest,#1C6330
12,cthm-01,12,2025,43,144,554,25.99277978,forest,mixed forest,Mixed Forest,#B5C98E
12,cthm-01,12,2025,71,1,554,0.180505415,herbaceous,herbaceous,Grassland/Herbaceous,#E2E2C1
12,cthm-01,12,2025,81,34,554,6.137184116,planted,pasture,Pasture/Hay,#DBD83D
13,cthm-01,13,2025,11,3,560,0.535714286,water,water,Open Water,#476BA0
13,cthm-01,13,2025,21,111,560,19.82142857,developed,developed,"Developed, Open Space",#DDC9C9
13,cthm-01,13,2025,22,36,560,6.428571429,developed,developed,"Developed, Low Intensity",#D89382
13,cthm-01,13,2025,23,1,560,0.178571429,developed,developed,"Developed, Medium Intensity",#ED0000
13,cthm-01,13,2025,41,81,560,14.46428571,forest,deciduous forest,Deciduous Forest,#68AA63
13,cthm-01,13,2025,42,105,560,18.75,forest,evergreen forest,Evergreen Forest,#1C6330
13,cthm-01,13,2025,43,133,560,23.75,forest,mixed forest,Mixed Forest,#B5C98E
13,cthm-01,13,2025,71,15,560,2.678571429,herbaceous,herbaceous,Grassland/Herbaceous,#E2E2C1
13,cthm-01,13,2025,81,72,560,12.85714286,planted,pasture,Pasture/Hay,#DBD83D
13,cthm-01,13,2025,82,3,560,0.535714286,planted,cultivated crops,Cultivated Crops,#AA7028
14,cthm-01,14,2025,21,64,561,11.40819964,developed,developed,"Developed, Open Space",#DDC9C9
14,cthm-01,14,2025,22,17,561,3.03030303,developed,developed,"Developed, Low Intensity",#D89382
14,cthm-01,14,2025,41,245,561,43.67201426,forest,deciduous forest,Deciduous Forest,#68AA63
14,cthm-01,14,2025,42,94,561,16.75579323,forest,evergreen forest,Evergreen Forest,#1C6330
14,cthm-01,14,2025,43,102,561,18.18181818,forest,mixed forest,Mixed Forest,#B5C98E
14,cthm-01,14,2025,52,10,561,1.782531194,shrubland,shrubland,Scrub/Shrub,#CCBA7C
14,cthm-01,14,2025,71,3,561,0.534759358,herbaceous,herbaceous,Grassland/Herbaceous,#E2E2C1
14,cthm-01,14,2025,81,26,561,4.634581105,planted,pasture,Pasture/Hay,#DBD83D
15,cthm-01,15,2025,21,118,560,21.07142857,developed,developed,"Developed, Open Space",#DDC9C9
15,cthm-01,15,2025,22,74,560,13.21428571,developed,developed,"Developed, Low Intensity",#D89382
15,cthm-01,15,2025,23,1,560,0.178571429,developed,developed,"Developed, Medium Intensity",#ED0000
15,cthm-01,15,2025,41,139,560,24.82142857,forest,deciduous forest,Deciduous Forest,#68AA63
15,cthm-01,15,2025,42,51,560,9.107142857,forest,evergreen forest,Evergreen Forest,#1C6330
15,cthm-01,15,2025,43,141,560,25.17857143,forest,mixed forest,Mixed Forest,#B5C98E
15,cthm-01,15,2025,52,2,560,0.357142857,shrubland,shrubland,Scrub/Shrub,#CCBA7C
15,cthm-01,15,2025,71,2,560,0.357142857,herbaceous,herbaceous,Grassland/Herbaceous,#E2E2C1
15,cthm-01,15,2025,81,32,560,5.714285714,planted,pasture,Pasture/Hay,#DBD83D
16,cthm-01,16,2025,21,143,560,25.53571429,developed,developed,"Developed, Open Space",#DDC9C9
16,cthm-01,16,2025,22,98,560,17.5,developed,developed,"Developed, Low Intensity",#D89382
16,cthm-01,16,2025,23,1,560,0.178571429,developed,developed,"Developed, Medium Intensity",#ED0000
16,cthm-01,16,2025,41,152,560,27.14285714,forest,deciduous forest,Deciduous Forest,#68AA63
16,cthm-01,16,2025,42,84,560,15,forest,evergreen forest,Evergreen Forest,#1C6330
16,cthm-01,16,2025,43,67,560,11.96428571,forest,mixed forest,Mixed Forest,#B5C98E
16,cthm-01,16,2025,71,1,560,0.178571429,herbaceous,herbaceous,Grassland/Herbaceous,#E2E2C1
16,cthm-01,16,2025,81,14,560,2.5,planted,pasture,Pasture/Hay,#DBD83D
17,cthm-01,17,2025,11,17,560,3.035714286,water,water,Open Water,#476BA0
17,cthm-01,17,2025,21,127,560,22.67857143,developed,developed,"Developed, Open Space",#DDC9C9
17,cthm-01,17,2025,22,59,560,10.53571429,developed,developed,"Developed, Low Intensity",#D89382
17,cthm-01,17,2025,41,43,560,7.678571429,forest,deciduous forest,Deciduous Forest,#68AA63
17,cthm-01,17,2025,42,229,560,40.89285714,forest,evergreen forest,Evergreen Forest,#1C6330
17,cthm-01,17,2025,43,70,560,12.5,forest,mixed forest,Mixed Forest,#B5C98E
17,cthm-01,17,2025,52,4,560,0.714285714,shrubland,shrubland,Scrub/Shrub,#CCBA7C
17,cthm-01,17,2025,71,4,560,0.714285714,herbaceous,herbaceous,Grassland/Herbaceous,#E2E2C1
17,cthm-01,17,2025,81,7,560,1.25,planted,pasture,Pasture/Hay,#DBD83D
18,cthm-01,18,2025,11,6,559,1.073345259,water,water,Open Water,#476BA0
18,cthm-01,18,2025,21,142,559,25.40250447,developed,developed,"Developed, Open Space",#DDC9C9
18,cthm-01,18,2025,22,58,559,10.37567084,developed,developed,"Developed, Low Intensity",#D89382
18,cthm-01,18,2025,23,3,559,0.53667263,developed,developed,"Developed, Medium Intensity",#ED0000
18,cthm-01,18,2025,41,81,559,14.490161,forest,deciduous forest,Deciduous Forest,#68AA63
18,cthm-01,18,2025,42,61,559,10.91234347,forest,evergreen forest,Evergreen Forest,#1C6330
18,cthm-01,18,2025,43,117,559,20.93023256,forest,mixed forest,Mixed Forest,#B5C98E
18,cthm-01,18,2025,71,1,559,0.178890877,herbaceous,herbaceous,Grassland/Herbaceous,#E2E2C1
18,cthm-01,18,2025,81,90,559,16.10017889,planted,pasture,Pasture/Hay,#DBD83D
19,cthm-01,19,2025,11,3,563,0.53285968,water,water,Open Water,#476BA0
19,cthm-01,19,2025,21,128,563,22.73534636,developed,developed,"Developed, Open Space",#DDC9C9
19,cthm-01,19,2025,22,46,563,8.170515098,developed,developed,"Developed, Low Intensity",#D89382
19,cthm-01,19,2025,23,2,563,0.355239787,developed,developed,"Developed, Medium Intensity",#ED0000
19,cthm-01,19,2025,41,111,563,19.71580817,forest,deciduous forest,Deciduous Forest,#68AA63
19,cthm-01,19,2025,42,132,563,23.44582593,forest,evergreen forest,Evergreen Forest,#1C6330
19,cthm-01,19,2025,43,101,563,17.93960924,forest,mixed forest,Mixed Forest,#B5C98E
19,cthm-01,19,2025,52,2,563,0.355239787,shrubland,shrubland,Scrub/Shrub,#CCBA7C
19,cthm-01,19,2025,71,2,563,0.355239787,herbaceous,herbaceous,Grassland/Herbaceous,#E2E2C1
19,cthm-01,19,2025,81,36,563,6.394316163,planted,pasture,Pasture/Hay,#DBD83D
20,cthm-01,20,2025,11,26,556,4.676258993,water,water,Open Water,#476BA0
20,cthm-01,20,2025,21,107,556,19.24460432,developed,developed,"Developed, Open Space",#DDC9C9
20,cthm-01,20,2025,22,55,556,9.892086331,developed,developed,"Developed, Low Intensity",#D89382
20,cthm-01,20,2025,23,3,556,0.539568345,developed,developed,"Developed, Medium Intensity",#ED0000
20,cthm-01,20,2025,41,205,556,36.8705036,forest,deciduous forest,Deciduous Forest,#68AA63
20,cthm-01,20,2025,42,33,556,5.935251799,forest,evergreen forest,Evergreen Forest,#1C6330
20,cthm-01,20,2025,43,115,556,20.68345324,forest,mixed forest,Mixed Forest,#B5C98E
20,cthm-01,20,2025,71,4,556,0.71942446,herbaceous,herbaceous,Grassland/Herbaceous,#E2E2C1
20,cthm-01,20,2025,81,8,556,1.438848921,planted,pasture,Pasture/Hay,#DBD83D
21,cthm-02,1,2025,21,41,555,7.387387387,developed,developed,"Developed, Open Space",#DDC9C9
21,cthm-02,1,2025,22,8,555,1.441441441,developed,developed,"Developed, Low Intensity",#D89382
21,cthm-02,1,2025,23,1,555,0.18018018,developed,developed,"Developed, Medium Intensity",#ED0000
21,cthm-02,1,2025,24,3,555,0.540540541,developed,developed,"Developed, High Intensity",#AA0000
21,cthm-02,1,2025,41,8,555,1.441441441,forest,deciduous forest,Deciduous Forest,#68AA63
21,cthm-02,1,2025,42,353,555,63.6036036,forest,evergreen forest,Evergreen Forest,#1C6330
21,cthm-02,1,2025,43,42,555,7.567567568,forest,mixed forest,Mixed Forest,#B5C98E
21,cthm-02,1,2025,52,25,555,4.504504505,shrubland,shrubland,Scrub/Shrub,#CCBA7C
21,cthm-02,1,2025,71,49,555,8.828828829,herbaceous,herbaceous,Grassland/Herbaceous,#E2E2C1
21,cthm-02,1,2025,81,2,555,0.36036036,planted,pasture,Pasture/Hay,#DBD83D
21,cthm-02,1,2025,82,1,555,0.18018018,planted,cultivated crops,Cultivated Crops,#AA7028
21,cthm-02,1,2025,90,22,555,3.963963964,wetlands,wetlands,Woody Wetlands,#BAD8EA
22,cthm-02,2,2025,21,47,555,8.468468468,developed,developed,"Developed, Open Space",#DDC9C9
22,cthm-02,2,2025,22,7,555,1.261261261,developed,developed,"Developed, Low Intensity",#D89382
22,cthm-02,2,2025,41,40,555,7.207207207,forest,deciduous forest,Deciduous Forest,#68AA63
22,cthm-02,2,2025,42,135,555,24.32432432,forest,evergreen forest,Evergreen Forest,#1C6330
22,cthm-02,2,2025,43,286,555,51.53153153,forest,mixed forest,Mixed Forest,#B5C98E
22,cthm-02,2,2025,90,40,555,7.207207207,wetlands,wetlands,Woody Wetlands,#BAD8EA
23,cthm-02,3,2025,21,63,553,11.39240506,developed,developed,"Developed, Open Space",#DDC9C9
23,cthm-02,3,2025,22,12,553,2.169981917,developed,developed,"Developed, Low Intensity",#D89382
23,cthm-02,3,2025,41,9,553,1.627486438,forest,deciduous forest,Deciduous Forest,#68AA63
23,cthm-02,3,2025,42,317,553,57.32368897,forest,evergreen forest,Evergreen Forest,#1C6330
23,cthm-02,3,2025,43,119,553,21.51898734,forest,mixed forest,Mixed Forest,#B5C98E
23,cthm-02,3,2025,81,1,553,0.180831826,planted,pasture,Pasture/Hay,#DBD83D
23,cthm-02,3,2025,90,32,553,5.786618445,wetlands,wetlands,Woody Wetlands,#BAD8EA
24,cthm-02,4,2025,21,39,560,6.964285714,developed,developed,"Developed, Open Space",#DDC9C9
24,cthm-02,4,2025,22,12,560,2.142857143,developed,developed,"Developed, Low Intensity",#D89382
24,cthm-02,4,2025,41,24,560,4.285714286,forest,deciduous forest,Deciduous Forest,#68AA63
24,cthm-02,4,2025,42,18,560,3.214285714,forest,evergreen forest,Evergreen Forest,#1C6330
24,cthm-02,4,2025,43,14,560,2.5,forest,mixed forest,Mixed Forest,#B5C98E
24,cthm-02,4,2025,90,453,560,80.89285714,wetlands,wetlands,Woody Wetlands,#BAD8EA
25,cthm-02,5,2025,21,97,559,17.35241503,developed,developed,"Developed, Open Space",#DDC9C9
25,cthm-02,5,2025,22,194,559,34.70483005,developed,developed,"Developed, Low Intensity",#D89382
25,cthm-02,5,2025,23,61,559,10.91234347,developed,developed,"Developed, Medium Intensity",#ED0000
25,cthm-02,5,2025,24,6,559,1.073345259,developed,developed,"Developed, High Intensity",#AA0000
25,cthm-02,5,2025,41,14,559,2.504472272,forest,deciduous forest,Deciduous Forest,#68AA63
25,cthm-02,5,2025,42,86,559,15.38461538,forest,evergreen forest,Evergreen Forest,#1C6330
25,cthm-02,5,2025,43,72,559,12.88014311,forest,mixed forest,Mixed Forest,#B5C98E
25,cthm-02,5,2025,90,29,559,5.18783542,wetlands,wetlands,Woody Wetlands,#BAD8EA
26,cthm-02,6,2025,21,91,554,16.42599278,developed,developed,"Developed, Open Space",#DDC9C9
26,cthm-02,6,2025,22,192,554,34.65703971,developed,developed,"Developed, Low Intensity",#D89382
26,cthm-02,6,2025,23,126,554,22.74368231,developed,developed,"Developed, Medium Intensity",#ED0000
26,cthm-02,6,2025,24,1,554,0.180505415,developed,developed,"Developed, High Intensity",#AA0000
26,cthm-02,6,2025,41,69,554,12.45487365,forest,deciduous forest,Deciduous Forest,#68AA63
26,cthm-02,6,2025,42,14,554,2.527075812,forest,evergreen forest,Evergreen Forest,#1C6330
26,cthm-02,6,2025,43,24,554,4.332129964,forest,mixed forest,Mixed Forest,#B5C98E
26,cthm-02,6,2025,81,37,554,6.678700361,planted,pasture,Pasture/Hay,#DBD83D
27,cthm-02,7,2025,21,77,559,13.7745975,developed,developed,"Developed, Open Space",#DDC9C9
27,cthm-02,7,2025,22,81,559,14.490161,developed,developed,"Developed, Low Intensity",#D89382
27,cthm-02,7,2025,23,52,559,9.302325581,developed,developed,"Developed, Medium Intensity",#ED0000
27,cthm-02,7,2025,41,104,559,18.60465116,forest,deciduous forest,Deciduous Forest,#68AA63
27,cthm-02,7,2025,42,61,559,10.91234347,forest,evergreen forest,Evergreen Forest,#1C6330
27,cthm-02,7,2025,43,42,559,7.513416816,forest,mixed forest,Mixed Forest,#B5C98E
27,cthm-02,7,2025,52,4,559,0.715563506,shrubland,shrubland,Scrub/Shrub,#CCBA7C
27,cthm-02,7,2025,71,17,559,3.041144902,herbaceous,herbaceous,Grassland/Herbaceous,#E2E2C1
27,cthm-02,7,2025,81,9,559,1.610017889,planted,pasture,Pasture/Hay,#DBD83D
27,cthm-02,7,2025,90,112,559,20.03577818,wetlands,wetlands,Woody Wetlands,#BAD8EA
28,cthm-02,8,2025,11,13,559,2.325581395,water,water,Open Water,#476BA0
28,cthm-02,8,2025,21,70,559,12.52236136,developed,developed,"Developed, Open Space",#DDC9C9
28,cthm-02,8,2025,22,155,559,27.72808587,developed,developed,"Developed, Low Intensity",#D89382
28,cthm-02,8,2025,23,31,559,5.545617174,developed,developed,"Developed, Medium Intensity",#ED0000
28,cthm-02,8,2025,24,2,559,0.357781753,developed,developed,"Developed, High Intensity",#AA0000
28,cthm-02,8,2025,41,56,559,10.01788909,forest,deciduous forest,Deciduous Forest,#68AA63
28,cthm-02,8,2025,42,114,559,20.39355993,forest,evergreen forest,Evergreen Forest,#1C6330
28,cthm-02,8,2025,43,116,559,20.75134168,forest,mixed forest,Mixed Forest,#B5C98E
28,cthm-02,8,2025,90,2,559,0.357781753,wetlands,wetlands,Woody Wetlands,#BAD8EA
29,cthm-02,9,2025,11,4,558,0.716845878,water,water,Open Water,#476BA0
29,cthm-02,9,2025,21,34,558,6.093189964,developed,developed,"Developed, Open Space",#DDC9C9
29,cthm-02,9,2025,22,68,558,12.18637993,developed,developed,"Developed, Low Intensity",#D89382
29,cthm-02,9,2025,23,11,558,1.971326165,developed,developed,"Developed, Medium Intensity",#ED0000
29,cthm-02,9,2025,NA,1,558,0.17921147,NA,NA,Barren Land,NA
29,cthm-02,9,2025,41,46,558,8.243727599,forest,deciduous forest,Deciduous Forest,#68AA63
29,cthm-02,9,2025,42,164,558,29.390681,forest,evergreen forest,Evergreen Forest,#1C6330
29,cthm-02,9,2025,43,116,558,20.78853047,forest,mixed forest,Mixed Forest,#B5C98E
29,cthm-02,9,2025,71,24,558,4.301075269,herbaceous,herbaceous,Grassland/Herbaceous,#E2E2C1
29,cthm-02,9,2025,81,89,558,15.94982079,planted,pasture,Pasture/Hay,#DBD83D
29,cthm-02,9,2025,82,1,558,0.17921147,planted,cultivated crops,Cultivated Crops,#AA7028
30,cthm-02,10,2025,11,6,560,1.071428571,water,water,Open Water,#476BA0
30,cthm-02,10,2025,21,43,560,7.678571429,developed,developed,"Developed, Open Space",#DDC9C9
30,cthm-02,10,2025,22,27,560,4.821428571,developed,developed,"Developed, Low Intensity",#D89382
30,cthm-02,10,2025,41,3,560,0.535714286,forest,deciduous forest,Deciduous Forest,#68AA63
30,cthm-02,10,2025,42,294,560,52.5,forest,evergreen forest,Evergreen Forest,#1C6330
30,cthm-02,10,2025,43,100,560,17.85714286,forest,mixed forest,Mixed Forest,#B5C98E
30,cthm-02,10,2025,52,17,560,3.035714286,shrubland,shrubland,Scrub/Shrub,#CCBA7C
30,cthm-02,10,2025,71,36,560,6.428571429,herbaceous,herbaceous,Grassland/Herbaceous,#E2E2C1
30,cthm-02,10,2025,81,34,560,6.071428571,planted,pasture,Pasture/Hay,#DBD83D
31,cthm-02,11,2025,21,56,560,10,developed,developed,"Developed, Open Space",#DDC9C9
31,cthm-02,11,2025,22,61,560,10.89285714,developed,developed,"Developed, Low Intensity",#D89382
31,cthm-02,11,2025,23,11,560,1.964285714,developed,developed,"Developed, Medium Intensity",#ED0000
31,cthm-02,11,2025,24,1,560,0.178571429,developed,developed,"Developed, High Intensity",#AA0000
31,cthm-02,11,2025,41,11,560,1.964285714,forest,deciduous forest,Deciduous Forest,#68AA63
31,cthm-02,11,2025,42,261,560,46.60714286,forest,evergreen forest,Evergreen Forest,#1C6330
31,cthm-02,11,2025,43,113,560,20.17857143,forest,mixed forest,Mixed Forest,#B5C98E
31,cthm-02,11,2025,71,4,560,0.714285714,herbaceous,herbaceous,Grassland/Herbaceous,#E2E2C1
31,cthm-02,11,2025,81,20,560,3.571428571,planted,pasture,Pasture/Hay,#DBD83D
31,cthm-02,11,2025,90,22,560,3.928571429,wetlands,wetlands,Woody Wetlands,#BAD8EA
32,cthm-02,12,2025,11,121,555,21.8018018,water,water,Open Water,#476BA0
32,cthm-02,12,2025,21,34,555,6.126126126,developed,developed,"Developed, Open Space",#DDC9C9
32,cthm-02,12,2025,22,39,555,7.027027027,developed,developed,"Developed, Low Intensity",#D89382
32,cthm-02,12,2025,23,3,555,0.540540541,developed,developed,"Developed, Medium Intensity",#ED0000
32,cthm-02,12,2025,41,21,555,3.783783784,forest,deciduous forest,Deciduous Forest,#68AA63
32,cthm-02,12,2025,42,167,555,30.09009009,forest,evergreen forest,Evergreen Forest,#1C6330
32,cthm-02,12,2025,43,73,555,13.15315315,forest,mixed forest,Mixed Forest,#B5C98E
32,cthm-02,12,2025,71,6,555,1.081081081,herbaceous,herbaceous,Grassland/Herbaceous,#E2E2C1
32,cthm-02,12,2025,90,71,555,12.79279279,wetlands,wetlands,Woody Wetlands,#BAD8EA
32,cthm-02,12,2025,95,20,555,3.603603604,wetlands,wetlands,Emergent Herbaceous Wetlands,#70A3BA
33,cthm-02,13,2025,21,28,558,5.017921147,developed,developed,"Developed, Open Space",#DDC9C9
33,cthm-02,13,2025,22,41,558,7.347670251,developed,developed,"Developed, Low Intensity",#D89382
33,cthm-02,13,2025,23,28,558,5.017921147,developed,developed,"Developed, Medium Intensity",#ED0000
33,cthm-02,13,2025,41,53,558,9.498207885,forest,deciduous forest,Deciduous Forest,#68AA63
33,cthm-02,13,2025,42,243,558,43.5483871,forest,evergreen forest,Evergreen Forest,#1C6330
33,cthm-02,13,2025,43,99,558,17.74193548,forest,mixed forest,Mixed Forest,#B5C98E
33,cthm-02,13,2025,52,2,558,0.358422939,shrubland,shrubland,Scrub/Shrub,#CCBA7C
33,cthm-02,13,2025,71,5,558,0.896057348,herbaceous,herbaceous,Grassland/Herbaceous,#E2E2C1
33,cthm-02,13,2025,81,6,558,1.075268817,planted,pasture,Pasture/Hay,#DBD83D
33,cthm-02,13,2025,90,53,558,9.498207885,wetlands,wetlands,Woody Wetlands,#BAD8EA
34,cthm-02,14,2025,21,50,557,8.976660682,developed,developed,"Developed, Open Space",#DDC9C9
34,cthm-02,14,2025,22,24,557,4.308797127,developed,developed,"Developed, Low Intensity",#D89382
34,cthm-02,14,2025,41,47,557,8.438061041,forest,deciduous forest,Deciduous Forest,#68AA63
34,cthm-02,14,2025,42,148,557,26.57091562,forest,evergreen forest,Evergreen Forest,#1C6330
34,cthm-02,14,2025,43,122,557,21.90305206,forest,mixed forest,Mixed Forest,#B5C98E
34,cthm-02,14,2025,90,164,557,29.44344704,wetlands,wetlands,Woody Wetlands,#BAD8EA
34,cthm-02,14,2025,95,2,557,0.359066427,wetlands,wetlands,Emergent Herbaceous Wetlands,#70A3BA
35,cthm-02,15,2025,21,83,561,14.79500891,developed,developed,"Developed, Open Space",#DDC9C9
35,cthm-02,15,2025,22,87,561,15.50802139,developed,developed,"Developed, Low Intensity",#D89382
35,cthm-02,15,2025,23,26,561,4.634581105,developed,developed,"Developed, Medium Intensity",#ED0000
35,cthm-02,15,2025,41,83,561,14.79500891,forest,deciduous forest,Deciduous Forest,#68AA63
35,cthm-02,15,2025,42,132,561,23.52941176,forest,evergreen forest,Evergreen Forest,#1C6330
35,cthm-02,15,2025,43,42,561,7.486631016,forest,mixed forest,Mixed Forest,#B5C98E
35,cthm-02,15,2025,52,26,561,4.634581105,shrubland,shrubland,Scrub/Shrub,#CCBA7C
35,cthm-02,15,2025,71,59,561,10.51693405,herbaceous,herbaceous,Grassland/Herbaceous,#E2E2C1
35,cthm-02,15,2025,90,23,561,4.099821747,wetlands,wetlands,Woody Wetlands,#BAD8EA
36,cthm-02,16,2025,21,48,561,8.556149733,developed,developed,"Developed, Open Space",#DDC9C9
36,cthm-02,16,2025,22,51,561,9.090909091,developed,developed,"Developed, Low Intensity",#D89382
36,cthm-02,16,2025,23,21,561,3.743315508,developed,developed,"Developed, Medium Intensity",#ED0000
36,cthm-02,16,2025,41,294,561,52.40641711,forest,deciduous forest,Deciduous Forest,#68AA63
36,cthm-02,16,2025,43,76,561,13.54723708,forest,mixed forest,Mixed Forest,#B5C98E
36,cthm-02,16,2025,52,6,561,1.069518717,shrubland,shrubland,Scrub/Shrub,#CCBA7C
36,cthm-02,16,2025,71,57,561,10.16042781,herbaceous,herbaceous,Grassland/Herbaceous,#E2E2C1
36,cthm-02,16,2025,81,4,561,0.713012478,planted,pasture,Pasture/Hay,#DBD83D
36,cthm-02,16,2025,82,4,561,0.713012478,planted,cultivated crops,Cultivated Crops,#AA7028
37,cthm-02,17,2025,21,125,560,22.32142857,developed,developed,"Developed, Open Space",#DDC9C9
37,cthm-02,17,2025,22,12,560,2.142857143,developed,developed,"Developed, Low Intensity",#D89382
37,cthm-02,17,2025,41,315,560,56.25,forest,deciduous forest,Deciduous Forest,#68AA63
37,cthm-02,17,2025,42,9,560,1.607142857,forest,evergreen forest,Evergreen Forest,#1C6330
37,cthm-02,17,2025,43,88,560,15.71428571,forest,mixed forest,Mixed Forest,#B5C98E
37,cthm-02,17,2025,52,1,560,0.178571429,shrubland,shrubland,Scrub/Shrub,#CCBA7C
37,cthm-02,17,2025,71,1,560,0.178571429,herbaceous,herbaceous,Grassland/Herbaceous,#E2E2C1
37,cthm-02,17,2025,81,9,560,1.607142857,planted,pasture,Pasture/Hay,#DBD83D
38,cthm-02,18,2025,21,44,560,7.857142857,developed,developed,"Developed, Open Space",#DDC9C9
38,cthm-02,18,2025,22,27,560,4.821428571,developed,developed,"Developed, Low Intensity",#D89382
38,cthm-02,18,2025,23,9,560,1.607142857,developed,developed,"Developed, Medium Intensity",#ED0000
38,cthm-02,18,2025,24,2,560,0.357142857,developed,developed,"Developed, High Intensity",#AA0000
38,cthm-02,18,2025,41,266,560,47.5,forest,deciduous forest,Deciduous Forest,#68AA63
38,cthm-02,18,2025,42,62,560,11.07142857,forest,evergreen forest,Evergreen Forest,#1C6330
38,cthm-02,18,2025,43,86,560,15.35714286,forest,mixed forest,Mixed Forest,#B5C98E
38,cthm-02,18,2025,52,12,560,2.142857143,shrubland,shrubland,Scrub/Shrub,#CCBA7C
38,cthm-02,18,2025,81,52,560,9.285714286,planted,pasture,Pasture/Hay,#DBD83D
39,cthm-02,19,2025,21,151,556,27.15827338,developed,developed,"Developed, Open Space",#DDC9C9
39,cthm-02,19,2025,22,36,556,6.474820144,developed,developed,"Developed, Low Intensity",#D89382
39,cthm-02,19,2025,23,1,556,0.179856115,developed,developed,"Developed, Medium Intensity",#ED0000
39,cthm-02,19,2025,41,92,556,16.54676259,forest,deciduous forest,Deciduous Forest,#68AA63
39,cthm-02,19,2025,42,102,556,18.34532374,forest,evergreen forest,Evergreen Forest,#1C6330
39,cthm-02,19,2025,43,154,556,27.69784173,forest,mixed forest,Mixed Forest,#B5C98E
39,cthm-02,19,2025,81,20,556,3.597122302,planted,pasture,Pasture/Hay,#DBD83D
40,cthm-02,20,2025,21,51,561,9.090909091,developed,developed,"Developed, Open Space",#DDC9C9
40,cthm-02,20,2025,22,25,561,4.456327986,developed,developed,"Developed, Low Intensity",#D89382
40,cthm-02,20,2025,23,16,561,2.852049911,developed,developed,"Developed, Medium Intensity",#ED0000
40,cthm-02,20,2025,24,6,561,1.069518717,developed,developed,"Developed, High Intensity",#AA0000
40,cthm-02,20,2025,41,103,561,18.3600713,forest,deciduous forest,Deciduous Forest,#68AA63
40,cthm-02,20,2025,42,1,561,0.178253119,forest,evergreen forest,Evergreen Forest,#1C6330
40,cthm-02,20,2025,43,67,561,11.942959,forest,mixed forest,Mixed Forest,#B5C98E
40,cthm-02,20,2025,81,292,561,52.04991087,planted,pasture,Pasture/Hay,#DBD83D
41,cthm-03,1,2025,11,2,554,0.36101083,water,water,Open Water,#476BA0
41,cthm-03,1,2025,21,71,554,12.81588448,developed,developed,"Developed, Open Space",#DDC9C9
41,cthm-03,1,2025,22,34,554,6.137184116,developed,developed,"Developed, Low Intensity",#D89382
41,cthm-03,1,2025,23,1,554,0.180505415,developed,developed,"Developed, Medium Intensity",#ED0000
41,cthm-03,1,2025,41,62,554,11.19133574,forest,deciduous forest,Deciduous Forest,#68AA63
41,cthm-03,1,2025,42,134,554,24.18772563,forest,evergreen forest,Evergreen Forest,#1C6330
41,cthm-03,1,2025,43,195,554,35.19855596,forest,mixed forest,Mixed Forest,#B5C98E
41,cthm-03,1,2025,52,4,554,0.722021661,shrubland,shrubland,Scrub/Shrub,#CCBA7C
41,cthm-03,1,2025,71,31,554,5.59566787,herbaceous,herbaceous,Grassland/Herbaceous,#E2E2C1
41,cthm-03,1,2025,81,20,554,3.610108303,planted,pasture,Pasture/Hay,#DBD83D
42,cthm-03,2,2025,11,9,561,1.604278075,water,water,Open Water,#476BA0
42,cthm-03,2,2025,21,77,561,13.7254902,developed,developed,"Developed, Open Space",#DDC9C9
42,cthm-03,2,2025,22,39,561,6.951871658,developed,developed,"Developed, Low Intensity",#D89382
42,cthm-03,2,2025,23,1,561,0.178253119,developed,developed,"Developed, Medium Intensity",#ED0000
42,cthm-03,2,2025,41,4,561,0.713012478,forest,deciduous forest,Deciduous Forest,#68AA63
42,cthm-03,2,2025,42,290,561,51.69340463,forest,evergreen forest,Evergreen Forest,#1C6330
42,cthm-03,2,2025,43,45,561,8.021390374,forest,mixed forest,Mixed Forest,#B5C98E
42,cthm-03,2,2025,52,1,561,0.178253119,shrubland,shrubland,Scrub/Shrub,#CCBA7C
42,cthm-03,2,2025,71,12,561,2.139037433,herbaceous,herbaceous,Grassland/Herbaceous,#E2E2C1
42,cthm-03,2,2025,81,83,561,14.79500891,planted,pasture,Pasture/Hay,#DBD83D
43,cthm-03,3,2025,11,4,556,0.71942446,water,water,Open Water,#476BA0
43,cthm-03,3,2025,21,104,556,18.70503597,developed,developed,"Developed, Open Space",#DDC9C9
43,cthm-03,3,2025,22,140,556,25.17985612,developed,developed,"Developed, Low Intensity",#D89382
43,cthm-03,3,2025,23,15,556,2.697841727,developed,developed,"Developed, Medium Intensity",#ED0000
43,cthm-03,3,2025,41,9,556,1.618705036,forest,deciduous forest,Deciduous Forest,#68AA63
43,cthm-03,3,2025,42,154,556,27.69784173,forest,evergreen forest,Evergreen Forest,#1C6330
43,cthm-03,3,2025,43,30,556,5.395683453,forest,mixed forest,Mixed Forest,#B5C98E
43,cthm-03,3,2025,52,2,556,0.35971223,shrubland,shrubland,Scrub/Shrub,#CCBA7C
43,cthm-03,3,2025,71,44,556,7.913669065,herbaceous,herbaceous,Grassland/Herbaceous,#E2E2C1
43,cthm-03,3,2025,81,46,556,8.273381295,planted,pasture,Pasture/Hay,#DBD83D
43,cthm-03,3,2025,90,8,556,1.438848921,wetlands,wetlands,Woody Wetlands,#BAD8EA
44,cthm-03,4,2025,21,79,555,14.23423423,developed,developed,"Developed, Open Space",#DDC9C9
44,cthm-03,4,2025,22,81,555,14.59459459,developed,developed,"Developed, Low Intensity",#D89382
44,cthm-03,4,2025,23,10,555,1.801801802,developed,developed,"Developed, Medium Intensity",#ED0000
44,cthm-03,4,2025,42,296,555,53.33333333,forest,evergreen forest,Evergreen Forest,#1C6330
44,cthm-03,4,2025,43,26,555,4.684684685,forest,mixed forest,Mixed Forest,#B5C98E
44,cthm-03,4,2025,71,43,555,7.747747748,herbaceous,herbaceous,Grassland/Herbaceous,#E2E2C1
44,cthm-03,4,2025,81,20,555,3.603603604,planted,pasture,Pasture/Hay,#DBD83D
45,cthm-03,5,2025,11,1,556,0.179856115,water,water,Open Water,#476BA0
45,cthm-03,5,2025,21,35,556,6.294964029,developed,developed,"Developed, Open Space",#DDC9C9
45,cthm-03,5,2025,22,115,556,20.68345324,developed,developed,"Developed, Low Intensity",#D89382
45,cthm-03,5,2025,23,36,556,6.474820144,developed,developed,"Developed, Medium Intensity",#ED0000
45,cthm-03,5,2025,24,15,556,2.697841727,developed,developed,"Developed, High Intensity",#AA0000
45,cthm-03,5,2025,41,4,556,0.71942446,forest,deciduous forest,Deciduous Forest,#68AA63
45,cthm-03,5,2025,42,233,556,41.90647482,forest,evergreen forest,Evergreen Forest,#1C6330
45,cthm-03,5,2025,43,28,556,5.035971223,forest,mixed forest,Mixed Forest,#B5C98E
45,cthm-03,5,2025,52,5,556,0.899280576,shrubland,shrubland,Scrub/Shrub,#CCBA7C
45,cthm-03,5,2025,71,33,556,5.935251799,herbaceous,herbaceous,Grassland/Herbaceous,#E2E2C1
45,cthm-03,5,2025,81,51,556,9.172661871,planted,pasture,Pasture/Hay,#DBD83D
46,cthm-03,6,2025,21,22,553,3.978300181,developed,developed,"Developed, Open Space",#DDC9C9
46,cthm-03,6,2025,22,65,553,11.75406872,developed,developed,"Developed, Low Intensity",#D89382
46,cthm-03,6,2025,41,28,553,5.063291139,forest,deciduous forest,Deciduous Forest,#68AA63
46,cthm-03,6,2025,42,362,553,65.46112116,forest,evergreen forest,Evergreen Forest,#1C6330
46,cthm-03,6,2025,43,43,553,7.775768535,forest,mixed forest,Mixed Forest,#B5C98E
46,cthm-03,6,2025,52,2,553,0.361663653,shrubland,shrubland,Scrub/Shrub,#CCBA7C
46,cthm-03,6,2025,71,31,553,5.605786618,herbaceous,herbaceous,Grassland/Herbaceous,#E2E2C1
47,cthm-03,7,2025,21,59,558,10.5734767,developed,developed,"Developed, Open Space",#DDC9C9
47,cthm-03,7,2025,22,170,558,30.46594982,developed,developed,"Developed, Low Intensity",#D89382
47,cthm-03,7,2025,23,107,558,19.17562724,developed,developed,"Developed, Medium Intensity",#ED0000
47,cthm-03,7,2025,24,56,558,10.03584229,developed,developed,"Developed, High Intensity",#AA0000
47,cthm-03,7,2025,42,129,558,23.11827957,forest,evergreen forest,Evergreen Forest,#1C6330
47,cthm-03,7,2025,43,25,558,4.480286738,forest,mixed forest,Mixed Forest,#B5C98E
47,cthm-03,7,2025,71,12,558,2.150537634,herbaceous,herbaceous,Grassland/Herbaceous,#E2E2C1
48,cthm-03,8,2025,21,34,558,6.093189964,developed,developed,"Developed, Open Space",#DDC9C9
48,cthm-03,8,2025,22,79,558,14.15770609,developed,developed,"Developed, Low Intensity",#D89382
48,cthm-03,8,2025,23,43,558,7.70609319,developed,developed,"Developed, Medium Intensity",#ED0000
48,cthm-03,8,2025,24,25,558,4.480286738,developed,developed,"Developed, High Intensity",#AA0000
48,cthm-03,8,2025,NA,62,558,11.11111111,NA,NA,Barren Land,NA
48,cthm-03,8,2025,42,210,558,37.6344086,forest,evergreen forest,Evergreen Forest,#1C6330
48,cthm-03,8,2025,43,12,558,2.150537634,forest,mixed forest,Mixed Forest,#B5C98E
48,cthm-03,8,2025,71,71,558,12.72401434,herbaceous,herbaceous,Grassland/Herbaceous,#E2E2C1
48,cthm-03,8,2025,81,16,558,2.867383513,planted,pasture,Pasture/Hay,#DBD83D
48,cthm-03,8,2025,90,6,558,1.075268817,wetlands,wetlands,Woody Wetlands,#BAD8EA
49,cthm-03,9,2025,11,5,553,0.904159132,water,water,Open Water,#476BA0
49,cthm-03,9,2025,21,37,553,6.690777577,developed,developed,"Developed, Open Space",#DDC9C9
49,cthm-03,9,2025,22,33,553,5.967450271,developed,developed,"Developed, Low Intensity",#D89382
49,cthm-03,9,2025,23,6,553,1.084990958,developed,developed,"Developed, Medium Intensity",#ED0000
49,cthm-03,9,2025,NA,25,553,4.52079566,NA,NA,Barren Land,NA
49,cthm-03,9,2025,42,242,553,43.76130199,forest,evergreen forest,Evergreen Forest,#1C6330
49,cthm-03,9,2025,43,39,553,7.05244123,forest,mixed forest,Mixed Forest,#B5C98E
49,cthm-03,9,2025,52,11,553,1.98915009,shrubland,shrubland,Scrub/Shrub,#CCBA7C
49,cthm-03,9,2025,71,117,553,21.15732369,herbaceous,herbaceous,Grassland/Herbaceous,#E2E2C1
49,cthm-03,9,2025,90,38,553,6.871609403,wetlands,wetlands,Woody Wetlands,#BAD8EA
50,cthm-03,10,2025,11,1,560,0.178571429,water,water,Open Water,#476BA0
50,cthm-03,10,2025,21,43,560,7.678571429,developed,developed,"Developed, Open Space",#DDC9C9
50,cthm-03,10,2025,22,22,560,3.928571429,developed,developed,"Developed, Low Intensity",#D89382
50,cthm-03,10,2025,41,19,560,3.392857143,forest,deciduous forest,Deciduous Forest,#68AA63
50,cthm-03,10,2025,42,343,560,61.25,forest,evergreen forest,Evergreen Forest,#1C6330
50,cthm-03,10,2025,43,47,560,8.392857143,forest,mixed forest,Mixed Forest,#B5C98E
50,cthm-03,10,2025,52,32,560,5.714285714,shrubland,shrubland,Scrub/Shrub,#CCBA7C
50,cthm-03,10,2025,71,3,560,0.535714286,herbaceous,herbaceous,Grassland/Herbaceous,#E2E2C1
50,cthm-03,10,2025,90,50,560,8.928571429,wetlands,wetlands,Woody Wetlands,#BAD8EA
51,cthm-03,11,2025,21,52,560,9.285714286,developed,developed,"Developed, Open Space",#DDC9C9
51,cthm-03,11,2025,22,34,560,6.071428571,developed,developed,"Developed, Low Intensity",#D89382
51,cthm-03,11,2025,23,24,560,4.285714286,developed,developed,"Developed, Medium Intensity",#ED0000
51,cthm-03,11,2025,NA,14,560,2.5,NA,NA,Barren Land,NA
51,cthm-03,11,2025,41,9,560,1.607142857,forest,deciduous forest,Deciduous Forest,#68AA63
51,cthm-03,11,2025,42,253,560,45.17857143,forest,evergreen forest,Evergreen Forest,#1C6330
51,cthm-03,11,2025,43,9,560,1.607142857,forest,mixed forest,Mixed Forest,#B5C98E
51,cthm-03,11,2025,52,35,560,6.25,shrubland,shrubland,Scrub/Shrub,#CCBA7C
51,cthm-03,11,2025,71,108,560,19.28571429,herbaceous,herbaceous,Grassland/Herbaceous,#E2E2C1
51,cthm-03,11,2025,90,22,560,3.928571429,wetlands,wetlands,Woody Wetlands,#BAD8EA
52,cthm-03,12,2025,21,11,559,1.967799642,developed,developed,"Developed, Open Space",#DDC9C9
52,cthm-03,12,2025,22,10,559,1.788908766,developed,developed,"Developed, Low Intensity",#D89382
52,cthm-03,12,2025,23,99,559,17.71019678,developed,developed,"Developed, Medium Intensity",#ED0000
52,cthm-03,12,2025,NA,45,559,8.050089445,NA,NA,Barren Land,NA
52,cthm-03,12,2025,42,106,559,18.96243292,forest,evergreen forest,Evergreen Forest,#1C6330
52,cthm-03,12,2025,71,288,559,51.52057245,herbaceous,herbaceous,Grassland/Herbaceous,#E2E2C1
53,cthm-03,13,2025,21,23,555,4.144144144,developed,developed,"Developed, Open Space",#DDC9C9
53,cthm-03,13,2025,22,26,555,4.684684685,developed,developed,"Developed, Low Intensity",#D89382
53,cthm-03,13,2025,23,5,555,0.900900901,developed,developed,"Developed, Medium Intensity",#ED0000
53,cthm-03,13,2025,NA,2,555,0.36036036,NA,NA,Barren Land,NA
53,cthm-03,13,2025,41,67,555,12.07207207,forest,deciduous forest,Deciduous Forest,#68AA63
53,cthm-03,13,2025,42,251,555,45.22522523,forest,evergreen forest,Evergreen Forest,#1C6330
53,cthm-03,13,2025,43,52,555,9.369369369,forest,mixed forest,Mixed Forest,#B5C98E
53,cthm-03,13,2025,52,34,555,6.126126126,shrubland,shrubland,Scrub/Shrub,#CCBA7C
53,cthm-03,13,2025,71,93,555,16.75675676,herbaceous,herbaceous,Grassland/Herbaceous,#E2E2C1
53,cthm-03,13,2025,90,2,555,0.36036036,wetlands,wetlands,Woody Wetlands,#BAD8EA
54,cthm-03,14,2025,21,34,553,6.148282098,developed,developed,"Developed, Open Space",#DDC9C9
54,cthm-03,14,2025,22,17,553,3.074141049,developed,developed,"Developed, Low Intensity",#D89382
54,cthm-03,14,2025,NA,34,553,6.148282098,NA,NA,Barren Land,NA
54,cthm-03,14,2025,41,1,553,0.180831826,forest,deciduous forest,Deciduous Forest,#68AA63
54,cthm-03,14,2025,42,314,553,56.78119349,forest,evergreen forest,Evergreen Forest,#1C6330
54,cthm-03,14,2025,43,26,553,4.701627486,forest,mixed forest,Mixed Forest,#B5C98E
54,cthm-03,14,2025,52,93,553,16.81735986,shrubland,shrubland,Scrub/Shrub,#CCBA7C
54,cthm-03,14,2025,71,32,553,5.786618445,herbaceous,herbaceous,Grassland/Herbaceous,#E2E2C1
54,cthm-03,14,2025,81,2,553,0.361663653,planted,pasture,Pasture/Hay,#DBD83D
55,cthm-03,15,2025,11,1,555,0.18018018,water,water,Open Water,#476BA0
55,cthm-03,15,2025,21,16,555,2.882882883,developed,developed,"Developed, Open Space",#DDC9C9
55,cthm-03,15,2025,22,27,555,4.864864865,developed,developed,"Developed, Low Intensity",#D89382
55,cthm-03,15,2025,NA,101,555,18.1981982,NA,NA,Barren Land,NA
55,cthm-03,15,2025,42,292,555,52.61261261,forest,evergreen forest,Evergreen Forest,#1C6330
55,cthm-03,15,2025,43,13,555,2.342342342,forest,mixed forest,Mixed Forest,#B5C98E
55,cthm-03,15,2025,52,4,555,0.720720721,shrubland,shrubland,Scrub/Shrub,#CCBA7C
55,cthm-03,15,2025,71,34,555,6.126126126,herbaceous,herbaceous,Grassland/Herbaceous,#E2E2C1
55,cthm-03,15,2025,81,42,555,7.567567568,planted,pasture,Pasture/Hay,#DBD83D
55,cthm-03,15,2025,82,25,555,4.504504505,planted,cultivated crops,Cultivated Crops,#AA7028
56,cthm-03,16,2025,21,48,560,8.571428571,developed,developed,"Developed, Open Space",#DDC9C9
56,cthm-03,16,2025,22,14,560,2.5,developed,developed,"Developed, Low Intensity",#D89382
56,cthm-03,16,2025,41,5,560,0.892857143,forest,deciduous forest,Deciduous Forest,#68AA63
56,cthm-03,16,2025,42,163,560,29.10714286,forest,evergreen forest,Evergreen Forest,#1C6330
56,cthm-03,16,2025,43,198,560,35.35714286,forest,mixed forest,Mixed Forest,#B5C98E
56,cthm-03,16,2025,71,4,560,0.714285714,herbaceous,herbaceous,Grassland/Herbaceous,#E2E2C1
56,cthm-03,16,2025,81,79,560,14.10714286,planted,pasture,Pasture/Hay,#DBD83D
56,cthm-03,16,2025,82,49,560,8.75,planted,cultivated crops,Cultivated Crops,#AA7028
57,cthm-03,17,2025,21,41,558,7.347670251,developed,developed,"Developed, Open Space",#DDC9C9
57,cthm-03,17,2025,22,32,558,5.734767025,developed,developed,"Developed, Low Intensity",#D89382
57,cthm-03,17,2025,41,7,558,1.254480287,forest,deciduous forest,Deciduous Forest,#68AA63
57,cthm-03,17,2025,42,164,558,29.390681,forest,evergreen forest,Evergreen Forest,#1C6330
57,cthm-03,17,2025,43,47,558,8.422939068,forest,mixed forest,Mixed Forest,#B5C98E
57,cthm-03,17,2025,71,1,558,0.17921147,herbaceous,herbaceous,Grassland/Herbaceous,#E2E2C1
57,cthm-03,17,2025,81,68,558,12.18637993,planted,pasture,Pasture/Hay,#DBD83D
57,cthm-03,17,2025,82,197,558,35.3046595,planted,cultivated crops,Cultivated Crops,#AA7028
57,cthm-03,17,2025,90,1,558,0.17921147,wetlands,wetlands,Woody Wetlands,#BAD8EA
58,cthm-03,18,2025,11,4,563,0.710479574,water,water,Open Water,#476BA0
58,cthm-03,18,2025,21,43,563,7.637655417,developed,developed,"Developed, Open Space",#DDC9C9
58,cthm-03,18,2025,22,39,563,6.927175844,developed,developed,"Developed, Low Intensity",#D89382
58,cthm-03,18,2025,41,18,563,3.197158082,forest,deciduous forest,Deciduous Forest,#68AA63
58,cthm-03,18,2025,42,21,563,3.730017762,forest,evergreen forest,Evergreen Forest,#1C6330
58,cthm-03,18,2025,43,66,563,11.72291297,forest,mixed forest,Mixed Forest,#B5C98E
58,cthm-03,18,2025,71,4,563,0.710479574,herbaceous,herbaceous,Grassland/Herbaceous,#E2E2C1
58,cthm-03,18,2025,81,113,563,20.07104796,planted,pasture,Pasture/Hay,#DBD83D
58,cthm-03,18,2025,82,255,563,45.29307282,planted,cultivated crops,Cultivated Crops,#AA7028
59,cthm-03,19,2025,21,61,561,10.87344029,developed,developed,"Developed, Open Space",#DDC9C9
59,cthm-03,19,2025,22,68,561,12.12121212,developed,developed,"Developed, Low Intensity",#D89382
59,cthm-03,19,2025,23,10,561,1.782531194,developed,developed,"Developed, Medium Intensity",#ED0000
59,cthm-03,19,2025,41,18,561,3.20855615,forest,deciduous forest,Deciduous Forest,#68AA63
59,cthm-03,19,2025,42,18,561,3.20855615,forest,evergreen forest,Evergreen Forest,#1C6330
59,cthm-03,19,2025,43,66,561,11.76470588,forest,mixed forest,Mixed Forest,#B5C98E
59,cthm-03,19,2025,52,1,561,0.178253119,shrubland,shrubland,Scrub/Shrub,#CCBA7C
59,cthm-03,19,2025,71,14,561,2.495543672,herbaceous,herbaceous,Grassland/Herbaceous,#E2E2C1
59,cthm-03,19,2025,81,301,561,53.65418895,planted,pasture,Pasture/Hay,#DBD83D
59,cthm-03,19,2025,82,4,561,0.713012478,planted,cultivated crops,Cultivated Crops,#AA7028
60,cthm-03,20,2025,11,5,560,0.892857143,water,water,Open Water,#476BA0
60,cthm-03,20,2025,21,80,560,14.28571429,developed,developed,"Developed, Open Space",#DDC9C9
60,cthm-03,20,2025,22,42,560,7.5,developed,developed,"Developed, Low Intensity",#D89382
60,cthm-03,20,2025,41,125,560,22.32142857,forest,deciduous forest,Deciduous Forest,#68AA63
60,cthm-03,20,2025,42,4,560,0.714285714,forest,evergreen forest,Evergreen Forest,#1C6330
60,cthm-03,20,2025,43,66,560,11.78571429,forest,mixed forest,Mixed Forest,#B5C98E
60,cthm-03,20,2025,52,16,560,2.857142857,shrubland,shrubland,Scrub/Shrub,#CCBA7C
60,cthm-03,20,2025,71,68,560,12.14285714,herbaceous,herbaceous,Grassland/Herbaceous,#E2E2C1
60,cthm-03,20,2025,81,125,560,22.32142857,planted,pasture,Pasture/Hay,#DBD83D
60,cthm-03,20,2025,82,15,560,2.678571429,planted,cultivated crops,Cultivated Crops,#AA7028
60,cthm-03,20,2025,90,10,560,1.785714286,wetlands,wetlands,Woody Wetlands,#BAD8EA
60,cthm-03,20,2025,95,4,560,0.714285714,wetlands,wetlands,Emergent Herbaceous Wetlands,#70A3BA
61,cthm-04,1,2025,21,28,562,4.982206406,developed,developed,"Developed, Open Space",#DDC9C9
61,cthm-04,1,2025,22,2,562,0.355871886,developed,developed,"Developed, Low Intensity",#D89382
61,cthm-04,1,2025,41,30,562,5.338078292,forest,deciduous forest,Deciduous Forest,#68AA63
61,cthm-04,1,2025,42,286,562,50.88967972,forest,evergreen forest,Evergreen Forest,#1C6330
61,cthm-04,1,2025,43,44,562,7.829181495,forest,mixed forest,Mixed Forest,#B5C98E
61,cthm-04,1,2025,52,161,562,28.64768683,shrubland,shrubland,Scrub/Shrub,#CCBA7C
61,cthm-04,1,2025,71,10,562,1.779359431,herbaceous,herbaceous,Grassland/Herbaceous,#E2E2C1
61,cthm-04,1,2025,90,1,562,0.177935943,wetlands,wetlands,Woody Wetlands,#BAD8EA
62,cthm-04,2,2025,11,3,559,0.53667263,water,water,Open Water,#476BA0
62,cthm-04,2,2025,21,56,559,10.01788909,developed,developed,"Developed, Open Space",#DDC9C9
62,cthm-04,2,2025,22,23,559,4.114490161,developed,developed,"Developed, Low Intensity",#D89382
62,cthm-04,2,2025,41,39,559,6.976744186,forest,deciduous forest,Deciduous Forest,#68AA63
62,cthm-04,2,2025,42,167,559,29.87477639,forest,evergreen forest,Evergreen Forest,#1C6330
62,cthm-04,2,2025,43,80,559,14.31127013,forest,mixed forest,Mixed Forest,#B5C98E
62,cthm-04,2,2025,52,127,559,22.71914132,shrubland,shrubland,Scrub/Shrub,#CCBA7C
62,cthm-04,2,2025,71,39,559,6.976744186,herbaceous,herbaceous,Grassland/Herbaceous,#E2E2C1
62,cthm-04,2,2025,81,7,559,1.252236136,planted,pasture,Pasture/Hay,#DBD83D
62,cthm-04,2,2025,90,18,559,3.220035778,wetlands,wetlands,Woody Wetlands,#BAD8EA
63,cthm-04,3,2025,21,76,556,13.66906475,developed,developed,"Developed, Open Space",#DDC9C9
63,cthm-04,3,2025,22,18,556,3.237410072,developed,developed,"Developed, Low Intensity",#D89382
63,cthm-04,3,2025,41,31,556,5.575539568,forest,deciduous forest,Deciduous Forest,#68AA63
63,cthm-04,3,2025,42,181,556,32.55395683,forest,evergreen forest,Evergreen Forest,#1C6330
63,cthm-04,3,2025,43,115,556,20.68345324,forest,mixed forest,Mixed Forest,#B5C98E
63,cthm-04,3,2025,52,118,556,21.22302158,shrubland,shrubland,Scrub/Shrub,#CCBA7C
63,cthm-04,3,2025,71,1,556,0.179856115,herbaceous,herbaceous,Grassland/Herbaceous,#E2E2C1
63,cthm-04,3,2025,81,16,556,2.877697842,planted,pasture,Pasture/Hay,#DBD83D
64,cthm-04,4,2025,21,46,561,8.199643494,developed,developed,"Developed, Open Space",#DDC9C9
64,cthm-04,4,2025,22,12,561,2.139037433,developed,developed,"Developed, Low Intensity",#D89382
64,cthm-04,4,2025,41,41,561,7.308377897,forest,deciduous forest,Deciduous Forest,#68AA63
64,cthm-04,4,2025,42,242,561,43.1372549,forest,evergreen forest,Evergreen Forest,#1C6330
64,cthm-04,4,2025,43,188,561,33.51158645,forest,mixed forest,Mixed Forest,#B5C98E
64,cthm-04,4,2025,71,3,561,0.534759358,herbaceous,herbaceous,Grassland/Herbaceous,#E2E2C1
64,cthm-04,4,2025,81,29,561,5.169340463,planted,pasture,Pasture/Hay,#DBD83D
65,cthm-04,5,2025,11,2,558,0.358422939,water,water,Open Water,#476BA0
65,cthm-04,5,2025,21,46,558,8.243727599,developed,developed,"Developed, Open Space",#DDC9C9
65,cthm-04,5,2025,22,14,558,2.508960573,developed,developed,"Developed, Low Intensity",#D89382
65,cthm-04,5,2025,41,51,558,9.139784946,forest,deciduous forest,Deciduous Forest,#68AA63
65,cthm-04,5,2025,42,201,558,36.02150538,forest,evergreen forest,Evergreen Forest,#1C6330
65,cthm-04,5,2025,43,174,558,31.1827957,forest,mixed forest,Mixed Forest,#B5C98E
65,cthm-04,5,2025,71,4,558,0.716845878,herbaceous,herbaceous,Grassland/Herbaceous,#E2E2C1
65,cthm-04,5,2025,81,66,558,11.82795699,planted,pasture,Pasture/Hay,#DBD83D
66,cthm-04,6,2025,21,90,561,16.04278075,developed,developed,"Developed, Open Space",#DDC9C9
66,cthm-04,6,2025,22,25,561,4.456327986,developed,developed,"Developed, Low Intensity",#D89382
66,cthm-04,6,2025,41,56,561,9.982174688,forest,deciduous forest,Deciduous Forest,#68AA63
66,cthm-04,6,2025,42,77,561,13.7254902,forest,evergreen forest,Evergreen Forest,#1C6330
66,cthm-04,6,2025,43,247,561,44.0285205,forest,mixed forest,Mixed Forest,#B5C98E
66,cthm-04,6,2025,71,1,561,0.178253119,herbaceous,herbaceous,Grassland/Herbaceous,#E2E2C1
66,cthm-04,6,2025,81,49,561,8.734402852,planted,pasture,Pasture/Hay,#DBD83D
66,cthm-04,6,2025,82,10,561,1.782531194,planted,cultivated crops,Cultivated Crops,#AA7028
66,cthm-04,6,2025,90,6,561,1.069518717,wetlands,wetlands,Woody Wetlands,#BAD8EA
67,cthm-04,7,2025,21,42,558,7.52688172,developed,developed,"Developed, Open Space",#DDC9C9
67,cthm-04,7,2025,22,5,558,0.896057348,developed,developed,"Developed, Low Intensity",#D89382
67,cthm-04,7,2025,41,110,558,19.71326165,forest,deciduous forest,Deciduous Forest,#68AA63
67,cthm-04,7,2025,42,59,558,10.5734767,forest,evergreen forest,Evergreen Forest,#1C6330
67,cthm-04,7,2025,43,155,558,27.77777778,forest,mixed forest,Mixed Forest,#B5C98E
67,cthm-04,7,2025,52,11,558,1.971326165,shrubland,shrubland,Scrub/Shrub,#CCBA7C
67,cthm-04,7,2025,81,169,558,30.28673835,planted,pasture,Pasture/Hay,#DBD83D
67,cthm-04,7,2025,82,7,558,1.254480287,planted,cultivated crops,Cultivated Crops,#AA7028
68,cthm-04,8,2025,11,2,560,0.357142857,water,water,Open Water,#476BA0
68,cthm-04,8,2025,21,65,560,11.60714286,developed,developed,"Developed, Open Space",#DDC9C9
68,cthm-04,8,2025,22,59,560,10.53571429,developed,developed,"Developed, Low Intensity",#D89382
68,cthm-04,8,2025,23,1,560,0.178571429,developed,developed,"Developed, Medium Intensity",#ED0000
68,cthm-04,8,2025,41,40,560,7.142857143,forest,deciduous forest,Deciduous Forest,#68AA63
68,cthm-04,8,2025,42,1,560,0.178571429,forest,evergreen forest,Evergreen Forest,#1C6330
68,cthm-04,8,2025,43,32,560,5.714285714,forest,mixed forest,Mixed Forest,#B5C98E
68,cthm-04,8,2025,81,360,560,64.28571429,planted,pasture,Pasture/Hay,#DBD83D
69,cthm-04,9,2025,11,4,562,0.711743772,water,water,Open Water,#476BA0
69,cthm-04,9,2025,21,201,562,35.76512456,developed,developed,"Developed, Open Space",#DDC9C9
69,cthm-04,9,2025,22,111,562,19.75088968,developed,developed,"Developed, Low Intensity",#D89382
69,cthm-04,9,2025,23,47,562,8.362989324,developed,developed,"Developed, Medium Intensity",#ED0000
69,cthm-04,9,2025,24,7,562,1.245551601,developed,developed,"Developed, High Intensity",#AA0000
69,cthm-04,9,2025,41,57,562,10.14234875,forest,deciduous forest,Deciduous Forest,#68AA63
69,cthm-04,9,2025,42,10,562,1.779359431,forest,evergreen forest,Evergreen Forest,#1C6330
69,cthm-04,9,2025,43,105,562,18.68327402,forest,mixed forest,Mixed Forest,#B5C98E
69,cthm-04,9,2025,81,20,562,3.558718861,planted,pasture,Pasture/Hay,#DBD83D
70,cthm-04,10,2025,11,2,560,0.357142857,water,water,Open Water,#476BA0
70,cthm-04,10,2025,21,193,560,34.46428571,developed,developed,"Developed, Open Space",#DDC9C9
70,cthm-04,10,2025,22,106,560,18.92857143,developed,developed,"Developed, Low Intensity",#D89382
70,cthm-04,10,2025,23,13,560,2.321428571,developed,developed,"Developed, Medium Intensity",#ED0000
70,cthm-04,10,2025,24,5,560,0.892857143,developed,developed,"Developed, High Intensity",#AA0000
70,cthm-04,10,2025,41,27,560,4.821428571,forest,deciduous forest,Deciduous Forest,#68AA63
70,cthm-04,10,2025,42,75,560,13.39285714,forest,evergreen forest,Evergreen Forest,#1C6330
70,cthm-04,10,2025,43,91,560,16.25,forest,mixed forest,Mixed Forest,#B5C98E
70,cthm-04,10,2025,52,4,560,0.714285714,shrubland,shrubland,Scrub/Shrub,#CCBA7C
70,cthm-04,10,2025,71,17,560,3.035714286,herbaceous,herbaceous,Grassland/Herbaceous,#E2E2C1
70,cthm-04,10,2025,81,27,560,4.821428571,planted,pasture,Pasture/Hay,#DBD83D
71,cthm-04,11,2025,11,4,558,0.716845878,water,water,Open Water,#476BA0
71,cthm-04,11,2025,21,125,558,22.40143369,developed,developed,"Developed, Open Space",#DDC9C9
71,cthm-04,11,2025,22,130,558,23.29749104,developed,developed,"Developed, Low Intensity",#D89382
71,cthm-04,11,2025,23,20,558,3.584229391,developed,developed,"Developed, Medium Intensity",#ED0000
71,cthm-04,11,2025,24,2,558,0.358422939,developed,developed,"Developed, High Intensity",#AA0000
71,cthm-04,11,2025,41,54,558,9.677419355,forest,deciduous forest,Deciduous Forest,#68AA63
71,cthm-04,11,2025,42,31,558,5.555555556,forest,evergreen forest,Evergreen Forest,#1C6330
71,cthm-04,11,2025,43,104,558,18.63799283,forest,mixed forest,Mixed Forest,#B5C98E
71,cthm-04,11,2025,71,1,558,0.17921147,herbaceous,herbaceous,Grassland/Herbaceous,#E2E2C1
71,cthm-04,11,2025,81,87,558,15.59139785,planted,pasture,Pasture/Hay,#DBD83D
72,cthm-04,12,2025,21,48,561,8.556149733,developed,developed,"Developed, Open Space",#DDC9C9
72,cthm-04,12,2025,22,6,561,1.069518717,developed,developed,"Developed, Low Intensity",#D89382
72,cthm-04,12,2025,41,113,561,20.1426025,forest,deciduous forest,Deciduous Forest,#68AA63
72,cthm-04,12,2025,42,102,561,18.18181818,forest,evergreen forest,Evergreen Forest,#1C6330
72,cthm-04,12,2025,43,32,561,5.704099822,forest,mixed forest,Mixed Forest,#B5C98E
72,cthm-04,12,2025,52,116,561,20.67736185,shrubland,shrubland,Scrub/Shrub,#CCBA7C
72,cthm-04,12,2025,71,2,561,0.356506239,herbaceous,herbaceous,Grassland/Herbaceous,#E2E2C1
72,cthm-04,12,2025,81,135,561,24.06417112,planted,pasture,Pasture/Hay,#DBD83D
72,cthm-04,12,2025,82,7,561,1.247771836,planted,cultivated crops,Cultivated Crops,#AA7028
73,cthm-04,13,2025,11,2,561,0.356506239,water,water,Open Water,#476BA0
73,cthm-04,13,2025,21,52,561,9.26916221,developed,developed,"Developed, Open Space",#DDC9C9
73,cthm-04,13,2025,22,6,561,1.069518717,developed,developed,"Developed, Low Intensity",#D89382
73,cthm-04,13,2025,23,2,561,0.356506239,developed,developed,"Developed, Medium Intensity",#ED0000
73,cthm-04,13,2025,41,125,561,22.28163993,forest,deciduous forest,Deciduous Forest,#68AA63
73,cthm-04,13,2025,42,151,561,26.91622103,forest,evergreen forest,Evergreen Forest,#1C6330
73,cthm-04,13,2025,43,115,561,20.49910873,forest,mixed forest,Mixed Forest,#B5C98E
73,cthm-04,13,2025,52,14,561,2.495543672,shrubland,shrubland,Scrub/Shrub,#CCBA7C
73,cthm-04,13,2025,71,1,561,0.178253119,herbaceous,herbaceous,Grassland/Herbaceous,#E2E2C1
73,cthm-04,13,2025,81,93,561,16.57754011,planted,pasture,Pasture/Hay,#DBD83D
74,cthm-04,14,2025,11,2,558,0.358422939,water,water,Open Water,#476BA0
74,cthm-04,14,2025,21,94,558,16.84587814,developed,developed,"Developed, Open Space",#DDC9C9
74,cthm-04,14,2025,22,6,558,1.075268817,developed,developed,"Developed, Low Intensity",#D89382
74,cthm-04,14,2025,23,1,558,0.17921147,developed,developed,"Developed, Medium Intensity",#ED0000
74,cthm-04,14,2025,41,104,558,18.63799283,forest,deciduous forest,Deciduous Forest,#68AA63
74,cthm-04,14,2025,42,23,558,4.121863799,forest,evergreen forest,Evergreen Forest,#1C6330
74,cthm-04,14,2025,43,119,558,21.32616487,forest,mixed forest,Mixed Forest,#B5C98E
74,cthm-04,14,2025,71,1,558,0.17921147,herbaceous,herbaceous,Grassland/Herbaceous,#E2E2C1
74,cthm-04,14,2025,81,208,558,37.27598566,planted,pasture,Pasture/Hay,#DBD83D
75,cthm-04,15,2025,11,2,554,0.36101083,water,water,Open Water,#476BA0
75,cthm-04,15,2025,21,53,554,9.566787004,developed,developed,"Developed, Open Space",#DDC9C9
75,cthm-04,15,2025,22,5,554,0.902527076,developed,developed,"Developed, Low Intensity",#D89382
75,cthm-04,15,2025,41,74,554,13.35740072,forest,deciduous forest,Deciduous Forest,#68AA63
75,cthm-04,15,2025,42,201,554,36.28158845,forest,evergreen forest,Evergreen Forest,#1C6330
75,cthm-04,15,2025,43,49,554,8.844765343,forest,mixed forest,Mixed Forest,#B5C98E
75,cthm-04,15,2025,52,4,554,0.722021661,shrubland,shrubland,Scrub/Shrub,#CCBA7C
75,cthm-04,15,2025,71,1,554,0.180505415,herbaceous,herbaceous,Grassland/Herbaceous,#E2E2C1
75,cthm-04,15,2025,81,165,554,29.7833935,planted,pasture,Pasture/Hay,#DBD83D
76,cthm-04,16,2025,21,50,559,8.944543828,developed,developed,"Developed, Open Space",#DDC9C9
76,cthm-04,16,2025,22,3,559,0.53667263,developed,developed,"Developed, Low Intensity",#D89382
76,cthm-04,16,2025,41,41,559,7.334525939,forest,deciduous forest,Deciduous Forest,#68AA63
76,cthm-04,16,2025,42,141,559,25.2236136,forest,evergreen forest,Evergreen Forest,#1C6330
76,cthm-04,16,2025,43,84,559,15.02683363,forest,mixed forest,Mixed Forest,#B5C98E
76,cthm-04,16,2025,52,132,559,23.61359571,shrubland,shrubland,Scrub/Shrub,#CCBA7C
76,cthm-04,16,2025,71,81,559,14.490161,herbaceous,herbaceous,Grassland/Herbaceous,#E2E2C1
76,cthm-04,16,2025,81,27,559,4.830053667,planted,pasture,Pasture/Hay,#DBD83D
77,cthm-04,17,2025,21,75,559,13.41681574,developed,developed,"Developed, Open Space",#DDC9C9
77,cthm-04,17,2025,22,4,559,0.715563506,developed,developed,"Developed, Low Intensity",#D89382
77,cthm-04,17,2025,41,32,559,5.72450805,forest,deciduous forest,Deciduous Forest,#68AA63
77,cthm-04,17,2025,42,81,559,14.490161,forest,evergreen forest,Evergreen Forest,#1C6330
77,cthm-04,17,2025,43,126,559,22.54025045,forest,mixed forest,Mixed Forest,#B5C98E
77,cthm-04,17,2025,52,77,559,13.7745975,shrubland,shrubland,Scrub/Shrub,#CCBA7C
77,cthm-04,17,2025,71,24,559,4.293381038,herbaceous,herbaceous,Grassland/Herbaceous,#E2E2C1
77,cthm-04,17,2025,81,140,559,25.04472272,planted,pasture,Pasture/Hay,#DBD83D
78,cthm-04,18,2025,21,67,561,11.942959,developed,developed,"Developed, Open Space",#DDC9C9
78,cthm-04,18,2025,22,13,561,2.317290553,developed,developed,"Developed, Low Intensity",#D89382
78,cthm-04,18,2025,23,1,561,0.178253119,developed,developed,"Developed, Medium Intensity",#ED0000
78,cthm-04,18,2025,41,159,561,28.34224599,forest,deciduous forest,Deciduous Forest,#68AA63
78,cthm-04,18,2025,42,9,561,1.604278075,forest,evergreen forest,Evergreen Forest,#1C6330
78,cthm-04,18,2025,43,68,561,12.12121212,forest,mixed forest,Mixed Forest,#B5C98E
78,cthm-04,18,2025,71,2,561,0.356506239,herbaceous,herbaceous,Grassland/Herbaceous,#E2E2C1
78,cthm-04,18,2025,81,242,561,43.1372549,planted,pasture,Pasture/Hay,#DBD83D
79,cthm-04,19,2025,21,80,556,14.38848921,developed,developed,"Developed, Open Space",#DDC9C9
79,cthm-04,19,2025,22,2,556,0.35971223,developed,developed,"Developed, Low Intensity",#D89382
79,cthm-04,19,2025,41,229,556,41.18705036,forest,deciduous forest,Deciduous Forest,#68AA63
79,cthm-04,19,2025,42,48,556,8.633093525,forest,evergreen forest,Evergreen Forest,#1C6330
79,cthm-04,19,2025,43,49,556,8.81294964,forest,mixed forest,Mixed Forest,#B5C98E
79,cthm-04,19,2025,52,3,556,0.539568345,shrubland,shrubland,Scrub/Shrub,#CCBA7C
79,cthm-04,19,2025,81,145,556,26.07913669,planted,pasture,Pasture/Hay,#DBD83D
80,cthm-04,20,2025,21,52,558,9.318996416,developed,developed,"Developed, Open Space",#DDC9C9
80,cthm-04,20,2025,22,7,558,1.254480287,developed,developed,"Developed, Low Intensity",#D89382
80,cthm-04,20,2025,23,12,558,2.150537634,developed,developed,"Developed, Medium Intensity",#ED0000
80,cthm-04,20,2025,41,135,558,24.19354839,forest,deciduous forest,Deciduous Forest,#68AA63
80,cthm-04,20,2025,42,17,558,3.046594982,forest,evergreen forest,Evergreen Forest,#1C6330
80,cthm-04,20,2025,43,33,558,5.913978495,forest,mixed forest,Mixed Forest,#B5C98E
80,cthm-04,20,2025,52,11,558,1.971326165,shrubland,shrubland,Scrub/Shrub,#CCBA7C
80,cthm-04,20,2025,71,24,558,4.301075269,herbaceous,herbaceous,Grassland/Herbaceous,#E2E2C1
80,cthm-04,20,2025,81,259,558,46.41577061,planted,pasture,Pasture/Hay,#DBD83D
80,cthm-04,20,2025,90,8,558,1.433691756,wetlands,wetlands,Woody Wetlands,#BAD8EA
81,cthm-05,1,2025,21,60,560,10.71428571,developed,developed,"Developed, Open Space",#DDC9C9
81,cthm-05,1,2025,22,8,560,1.428571429,developed,developed,"Developed, Low Intensity",#D89382
81,cthm-05,1,2025,41,185,560,33.03571429,forest,deciduous forest,Deciduous Forest,#68AA63
81,cthm-05,1,2025,43,13,560,2.321428571,forest,mixed forest,Mixed Forest,#B5C98E
81,cthm-05,1,2025,81,294,560,52.5,planted,pasture,Pasture/Hay,#DBD83D
82,cthm-05,2,2025,11,5,554,0.902527076,water,water,Open Water,#476BA0
82,cthm-05,2,2025,21,66,554,11.9133574,developed,developed,"Developed, Open Space",#DDC9C9
82,cthm-05,2,2025,22,9,554,1.624548736,developed,developed,"Developed, Low Intensity",#D89382
82,cthm-05,2,2025,41,107,554,19.31407942,forest,deciduous forest,Deciduous Forest,#68AA63
82,cthm-05,2,2025,43,54,554,9.747292419,forest,mixed forest,Mixed Forest,#B5C98E
82,cthm-05,2,2025,52,10,554,1.805054152,shrubland,shrubland,Scrub/Shrub,#CCBA7C
82,cthm-05,2,2025,71,22,554,3.971119134,herbaceous,herbaceous,Grassland/Herbaceous,#E2E2C1
82,cthm-05,2,2025,81,281,554,50.72202166,planted,pasture,Pasture/Hay,#DBD83D
83,cthm-05,3,2025,11,5,555,0.900900901,water,water,Open Water,#476BA0
83,cthm-05,3,2025,21,63,555,11.35135135,developed,developed,"Developed, Open Space",#DDC9C9
83,cthm-05,3,2025,22,14,555,2.522522523,developed,developed,"Developed, Low Intensity",#D89382
83,cthm-05,3,2025,23,7,555,1.261261261,developed,developed,"Developed, Medium Intensity",#ED0000
83,cthm-05,3,2025,41,164,555,29.54954955,forest,deciduous forest,Deciduous Forest,#68AA63
83,cthm-05,3,2025,43,20,555,3.603603604,forest,mixed forest,Mixed Forest,#B5C98E
83,cthm-05,3,2025,71,1,555,0.18018018,herbaceous,herbaceous,Grassland/Herbaceous,#E2E2C1
83,cthm-05,3,2025,81,281,555,50.63063063,planted,pasture,Pasture/Hay,#DBD83D
84,cthm-05,4,2025,11,4,554,0.722021661,water,water,Open Water,#476BA0
84,cthm-05,4,2025,21,59,554,10.64981949,developed,developed,"Developed, Open Space",#DDC9C9
84,cthm-05,4,2025,22,9,554,1.624548736,developed,developed,"Developed, Low Intensity",#D89382
84,cthm-05,4,2025,41,214,554,38.62815884,forest,deciduous forest,Deciduous Forest,#68AA63
84,cthm-05,4,2025,43,13,554,2.346570397,forest,mixed forest,Mixed Forest,#B5C98E
84,cthm-05,4,2025,52,2,554,0.36101083,shrubland,shrubland,Scrub/Shrub,#CCBA7C
84,cthm-05,4,2025,71,1,554,0.180505415,herbaceous,herbaceous,Grassland/Herbaceous,#E2E2C1
84,cthm-05,4,2025,81,252,554,45.48736462,planted,pasture,Pasture/Hay,#DBD83D
85,cthm-05,5,2025,11,4,558,0.716845878,water,water,Open Water,#476BA0
85,cthm-05,5,2025,21,49,558,8.781362007,developed,developed,"Developed, Open Space",#DDC9C9
85,cthm-05,5,2025,22,6,558,1.075268817,developed,developed,"Developed, Low Intensity",#D89382
85,cthm-05,5,2025,41,90,558,16.12903226,forest,deciduous forest,Deciduous Forest,#68AA63
85,cthm-05,5,2025,43,12,558,2.150537634,forest,mixed forest,Mixed Forest,#B5C98E
85,cthm-05,5,2025,52,15,558,2.688172043,shrubland,shrubland,Scrub/Shrub,#CCBA7C
85,cthm-05,5,2025,81,382,558,68.45878136,planted,pasture,Pasture/Hay,#DBD83D
86,cthm-05,6,2025,21,63,561,11.22994652,developed,developed,"Developed, Open Space",#DDC9C9
86,cthm-05,6,2025,41,141,561,25.13368984,forest,deciduous forest,Deciduous Forest,#68AA63
86,cthm-05,6,2025,42,85,561,15.15151515,forest,evergreen forest,Evergreen Forest,#1C6330
86,cthm-05,6,2025,43,31,561,5.525846702,forest,mixed forest,Mixed Forest,#B5C98E
86,cthm-05,6,2025,52,25,561,4.456327986,shrubland,shrubland,Scrub/Shrub,#CCBA7C
86,cthm-05,6,2025,71,71,561,12.65597148,herbaceous,herbaceous,Grassland/Herbaceous,#E2E2C1
86,cthm-05,6,2025,81,117,561,20.85561497,planted,pasture,Pasture/Hay,#DBD83D
86,cthm-05,6,2025,90,28,561,4.991087344,wetlands,wetlands,Woody Wetlands,#BAD8EA
87,cthm-05,7,2025,11,3,553,0.542495479,water,water,Open Water,#476BA0
87,cthm-05,7,2025,21,56,553,10.12658228,developed,developed,"Developed, Open Space",#DDC9C9
87,cthm-05,7,2025,22,3,553,0.542495479,developed,developed,"Developed, Low Intensity",#D89382
87,cthm-05,7,2025,41,187,553,33.81555154,forest,deciduous forest,Deciduous Forest,#68AA63
87,cthm-05,7,2025,42,10,553,1.808318264,forest,evergreen forest,Evergreen Forest,#1C6330
87,cthm-05,7,2025,43,91,553,16.4556962,forest,mixed forest,Mixed Forest,#B5C98E
87,cthm-05,7,2025,52,51,553,9.222423146,shrubland,shrubland,Scrub/Shrub,#CCBA7C
87,cthm-05,7,2025,71,21,553,3.797468354,herbaceous,herbaceous,Grassland/Herbaceous,#E2E2C1
87,cthm-05,7,2025,81,130,553,23.50813743,planted,pasture,Pasture/Hay,#DBD83D
87,cthm-05,7,2025,90,1,553,0.180831826,wetlands,wetlands,Woody Wetlands,#BAD8EA
88,cthm-05,8,2025,21,72,556,12.94964029,developed,developed,"Developed, Open Space",#DDC9C9
88,cthm-05,8,2025,22,3,556,0.539568345,developed,developed,"Developed, Low Intensity",#D89382
88,cthm-05,8,2025,23,1,556,0.179856115,developed,developed,"Developed, Medium Intensity",#ED0000
88,cthm-05,8,2025,41,94,556,16.90647482,forest,deciduous forest,Deciduous Forest,#68AA63
88,cthm-05,8,2025,43,62,556,11.15107914,forest,mixed forest,Mixed Forest,#B5C98E
88,cthm-05,8,2025,71,11,556,1.978417266,herbaceous,herbaceous,Grassland/Herbaceous,#E2E2C1
88,cthm-05,8,2025,81,292,556,52.51798561,planted,pasture,Pasture/Hay,#DBD83D
88,cthm-05,8,2025,82,10,556,1.798561151,planted,cultivated crops,Cultivated Crops,#AA7028
88,cthm-05,8,2025,90,11,556,1.978417266,wetlands,wetlands,Woody Wetlands,#BAD8EA
89,cthm-05,9,2025,11,1,560,0.178571429,water,water,Open Water,#476BA0
89,cthm-05,9,2025,21,79,560,14.10714286,developed,developed,"Developed, Open Space",#DDC9C9
89,cthm-05,9,2025,22,12,560,2.142857143,developed,developed,"Developed, Low Intensity",#D89382
89,cthm-05,9,2025,23,7,560,1.25,developed,developed,"Developed, Medium Intensity",#ED0000
89,cthm-05,9,2025,41,72,560,12.85714286,forest,deciduous forest,Deciduous Forest,#68AA63
89,cthm-05,9,2025,43,32,560,5.714285714,forest,mixed forest,Mixed Forest,#B5C98E
89,cthm-05,9,2025,71,1,560,0.178571429,herbaceous,herbaceous,Grassland/Herbaceous,#E2E2C1
89,cthm-05,9,2025,81,356,560,63.57142857,planted,pasture,Pasture/Hay,#DBD83D
90,cthm-05,10,2025,11,3,560,0.535714286,water,water,Open Water,#476BA0
90,cthm-05,10,2025,21,53,560,9.464285714,developed,developed,"Developed, Open Space",#DDC9C9
90,cthm-05,10,2025,22,1,560,0.178571429,developed,developed,"Developed, Low Intensity",#D89382
90,cthm-05,10,2025,41,314,560,56.07142857,forest,deciduous forest,Deciduous Forest,#68AA63
90,cthm-05,10,2025,42,21,560,3.75,forest,evergreen forest,Evergreen Forest,#1C6330
90,cthm-05,10,2025,43,76,560,13.57142857,forest,mixed forest,Mixed Forest,#B5C98E
90,cthm-05,10,2025,52,21,560,3.75,shrubland,shrubland,Scrub/Shrub,#CCBA7C
90,cthm-05,10,2025,71,5,560,0.892857143,herbaceous,herbaceous,Grassland/Herbaceous,#E2E2C1
90,cthm-05,10,2025,81,66,560,11.78571429,planted,pasture,Pasture/Hay,#DBD83D
91,cthm-05,11,2025,21,74,559,13.23792487,developed,developed,"Developed, Open Space",#DDC9C9
91,cthm-05,11,2025,22,5,559,0.894454383,developed,developed,"Developed, Low Intensity",#D89382
91,cthm-05,11,2025,41,257,559,45.97495528,forest,deciduous forest,Deciduous Forest,#68AA63
91,cthm-05,11,2025,42,11,559,1.967799642,forest,evergreen forest,Evergreen Forest,#1C6330
91,cthm-05,11,2025,43,109,559,19.49910555,forest,mixed forest,Mixed Forest,#B5C98E
91,cthm-05,11,2025,52,2,559,0.357781753,shrubland,shrubland,Scrub/Shrub,#CCBA7C
91,cthm-05,11,2025,81,101,559,18.06797853,planted,pasture,Pasture/Hay,#DBD83D
92,cthm-05,12,2025,11,1,560,0.178571429,water,water,Open Water,#476BA0
92,cthm-05,12,2025,21,49,560,8.75,developed,developed,"Developed, Open Space",#DDC9C9
92,cthm-05,12,2025,41,222,560,39.64285714,forest,deciduous forest,Deciduous Forest,#68AA63
92,cthm-05,12,2025,43,4,560,0.714285714,forest,mixed forest,Mixed Forest,#B5C98E
92,cthm-05,12,2025,81,261,560,46.60714286,planted,pasture,Pasture/Hay,#DBD83D
92,cthm-05,12,2025,90,23,560,4.107142857,wetlands,wetlands,Woody Wetlands,#BAD8EA
93,cthm-05,13,2025,21,34,560,6.071428571,developed,developed,"Developed, Open Space",#DDC9C9
93,cthm-05,13,2025,22,19,560,3.392857143,developed,developed,"Developed, Low Intensity",#D89382
93,cthm-05,13,2025,23,20,560,3.571428571,developed,developed,"Developed, Medium Intensity",#ED0000
93,cthm-05,13,2025,41,79,560,14.10714286,forest,deciduous forest,Deciduous Forest,#68AA63
93,cthm-05,13,2025,42,108,560,19.28571429,forest,evergreen forest,Evergreen Forest,#1C6330
93,cthm-05,13,2025,43,92,560,16.42857143,forest,mixed forest,Mixed Forest,#B5C98E
93,cthm-05,13,2025,71,23,560,4.107142857,herbaceous,herbaceous,Grassland/Herbaceous,#E2E2C1
93,cthm-05,13,2025,81,161,560,28.75,planted,pasture,Pasture/Hay,#DBD83D
93,cthm-05,13,2025,82,21,560,3.75,planted,cultivated crops,Cultivated Crops,#AA7028
93,cthm-05,13,2025,90,2,560,0.357142857,wetlands,wetlands,Woody Wetlands,#BAD8EA
93,cthm-05,13,2025,95,1,560,0.178571429,wetlands,wetlands,Emergent Herbaceous Wetlands,#70A3BA
94,cthm-05,14,2025,21,42,562,7.473309609,developed,developed,"Developed, Open Space",#DDC9C9
94,cthm-05,14,2025,22,5,562,0.889679715,developed,developed,"Developed, Low Intensity",#D89382
94,cthm-05,14,2025,41,92,562,16.37010676,forest,deciduous forest,Deciduous Forest,#68AA63
94,cthm-05,14,2025,42,34,562,6.049822064,forest,evergreen forest,Evergreen Forest,#1C6330
94,cthm-05,14,2025,43,121,562,21.53024911,forest,mixed forest,Mixed Forest,#B5C98E
94,cthm-05,14,2025,71,57,562,10.14234875,herbaceous,herbaceous,Grassland/Herbaceous,#E2E2C1
94,cthm-05,14,2025,81,145,562,25.80071174,planted,pasture,Pasture/Hay,#DBD83D
94,cthm-05,14,2025,82,8,562,1.423487544,planted,cultivated crops,Cultivated Crops,#AA7028
94,cthm-05,14,2025,90,56,562,9.964412811,wetlands,wetlands,Woody Wetlands,#BAD8EA
94,cthm-05,14,2025,95,2,562,0.355871886,wetlands,wetlands,Emergent Herbaceous Wetlands,#70A3BA
95,cthm-05,15,2025,21,50,551,9.074410163,developed,developed,"Developed, Open Space",#DDC9C9
95,cthm-05,15,2025,22,3,551,0.54446461,developed,developed,"Developed, Low Intensity",#D89382
95,cthm-05,15,2025,41,226,551,41.01633394,forest,deciduous forest,Deciduous Forest,#68AA63
95,cthm-05,15,2025,42,3,551,0.54446461,forest,evergreen forest,Evergreen Forest,#1C6330
95,cthm-05,15,2025,43,80,551,14.51905626,forest,mixed forest,Mixed Forest,#B5C98E
95,cthm-05,15,2025,71,9,551,1.633393829,herbaceous,herbaceous,Grassland/Herbaceous,#E2E2C1
95,cthm-05,15,2025,81,178,551,32.30490018,planted,pasture,Pasture/Hay,#DBD83D
95,cthm-05,15,2025,82,2,551,0.362976407,planted,cultivated crops,Cultivated Crops,#AA7028
96,cthm-05,16,2025,21,53,559,9.481216458,developed,developed,"Developed, Open Space",#DDC9C9
96,cthm-05,16,2025,22,21,559,3.756708408,developed,developed,"Developed, Low Intensity",#D89382
96,cthm-05,16,2025,23,17,559,3.041144902,developed,developed,"Developed, Medium Intensity",#ED0000
96,cthm-05,16,2025,24,1,559,0.178890877,developed,developed,"Developed, High Intensity",#AA0000
96,cthm-05,16,2025,41,81,559,14.490161,forest,deciduous forest,Deciduous Forest,#68AA63
96,cthm-05,16,2025,43,20,559,3.577817531,forest,mixed forest,Mixed Forest,#B5C98E
96,cthm-05,16,2025,81,360,559,64.40071556,planted,pasture,Pasture/Hay,#DBD83D
96,cthm-05,16,2025,82,6,559,1.073345259,planted,cultivated crops,Cultivated Crops,#AA7028
97,cthm-05,17,2025,21,62,553,11.21157324,developed,developed,"Developed, Open Space",#DDC9C9
97,cthm-05,17,2025,22,3,553,0.542495479,developed,developed,"Developed, Low Intensity",#D89382
97,cthm-05,17,2025,41,82,553,14.82820976,forest,deciduous forest,Deciduous Forest,#68AA63
97,cthm-05,17,2025,43,11,553,1.98915009,forest,mixed forest,Mixed Forest,#B5C98E
97,cthm-05,17,2025,81,395,553,71.42857143,planted,pasture,Pasture/Hay,#DBD83D
98,cthm-05,18,2025,21,54,564,9.574468085,developed,developed,"Developed, Open Space",#DDC9C9
98,cthm-05,18,2025,22,11,564,1.95035461,developed,developed,"Developed, Low Intensity",#D89382
98,cthm-05,18,2025,41,95,564,16.84397163,forest,deciduous forest,Deciduous Forest,#68AA63
98,cthm-05,18,2025,43,23,564,4.078014184,forest,mixed forest,Mixed Forest,#B5C98E
98,cthm-05,18,2025,71,5,564,0.886524823,herbaceous,herbaceous,Grassland/Herbaceous,#E2E2C1
98,cthm-05,18,2025,81,376,564,66.66666667,planted,pasture,Pasture/Hay,#DBD83D
99,cthm-05,19,2025,21,68,559,12.16457961,developed,developed,"Developed, Open Space",#DDC9C9
99,cthm-05,19,2025,22,7,559,1.252236136,developed,developed,"Developed, Low Intensity",#D89382
99,cthm-05,19,2025,41,104,559,18.60465116,forest,deciduous forest,Deciduous Forest,#68AA63
99,cthm-05,19,2025,43,58,559,10.37567084,forest,mixed forest,Mixed Forest,#B5C98E
99,cthm-05,19,2025,52,1,559,0.178890877,shrubland,shrubland,Scrub/Shrub,#CCBA7C
99,cthm-05,19,2025,71,2,559,0.357781753,herbaceous,herbaceous,Grassland/Herbaceous,#E2E2C1
99,cthm-05,19,2025,81,319,559,57.06618962,planted,pasture,Pasture/Hay,#DBD83D
100,cthm-05,20,2025,11,4,559,0.715563506,water,water,Open Water,#476BA0
100,cthm-05,20,2025,21,84,559,15.02683363,developed,developed,"Developed, Open Space",#DDC9C9
100,cthm-05,20,2025,22,17,559,3.041144902,developed,developed,"Developed, Low Intensity",#D89382
100,cthm-05,20,2025,23,4,559,0.715563506,developed,developed,"Developed, Medium Intensity",#ED0000
100,cthm-05,20,2025,24,3,559,0.53667263,developed,developed,"Developed, High Intensity",#AA0000
100,cthm-05,20,2025,41,182,559,32.55813953,forest,deciduous forest,Deciduous Forest,#68AA63
100,cthm-05,20,2025,43,15,559,2.683363148,forest,mixed forest,Mixed Forest,#B5C98E
100,cthm-05,20,2025,71,13,559,2.325581395,herbaceous,herbaceous,Grassland/Herbaceous,#E2E2C1
100,cthm-05,20,2025,81,237,559,42.39713775,planted,pasture,Pasture/Hay,#DBD83D
101,cthm-06,1,2025,21,100,561,17.82531194,developed,developed,"Developed, Open Space",#DDC9C9
101,cthm-06,1,2025,22,12,561,2.139037433,developed,developed,"Developed, Low Intensity",#D89382
101,cthm-06,1,2025,41,131,561,23.35115865,forest,deciduous forest,Deciduous Forest,#68AA63
101,cthm-06,1,2025,42,72,561,12.8342246,forest,evergreen forest,Evergreen Forest,#1C6330
101,cthm-06,1,2025,43,73,561,13.01247772,forest,mixed forest,Mixed Forest,#B5C98E
101,cthm-06,1,2025,52,3,561,0.534759358,shrubland,shrubland,Scrub/Shrub,#CCBA7C
101,cthm-06,1,2025,71,68,561,12.12121212,herbaceous,herbaceous,Grassland/Herbaceous,#E2E2C1
101,cthm-06,1,2025,81,98,561,17.4688057,planted,pasture,Pasture/Hay,#DBD83D
101,cthm-06,1,2025,90,4,561,0.713012478,wetlands,wetlands,Woody Wetlands,#BAD8EA
102,cthm-06,2,2025,21,102,561,18.18181818,developed,developed,"Developed, Open Space",#DDC9C9
102,cthm-06,2,2025,22,8,561,1.426024955,developed,developed,"Developed, Low Intensity",#D89382
102,cthm-06,2,2025,41,193,561,34.40285205,forest,deciduous forest,Deciduous Forest,#68AA63
102,cthm-06,2,2025,42,18,561,3.20855615,forest,evergreen forest,Evergreen Forest,#1C6330
102,cthm-06,2,2025,43,50,561,8.912655971,forest,mixed forest,Mixed Forest,#B5C98E
102,cthm-06,2,2025,71,17,561,3.03030303,herbaceous,herbaceous,Grassland/Herbaceous,#E2E2C1
102,cthm-06,2,2025,81,173,561,30.83778966,planted,pasture,Pasture/Hay,#DBD83D
103,cthm-06,3,2025,11,11,561,1.960784314,water,water,Open Water,#476BA0
103,cthm-06,3,2025,21,56,561,9.982174688,developed,developed,"Developed, Open Space",#DDC9C9
103,cthm-06,3,2025,22,5,561,0.891265597,developed,developed,"Developed, Low Intensity",#D89382
103,cthm-06,3,2025,41,29,561,5.169340463,forest,deciduous forest,Deciduous Forest,#68AA63
103,cthm-06,3,2025,42,22,561,3.921568627,forest,evergreen forest,Evergreen Forest,#1C6330
103,cthm-06,3,2025,43,11,561,1.960784314,forest,mixed forest,Mixed Forest,#B5C98E
103,cthm-06,3,2025,71,1,561,0.178253119,herbaceous,herbaceous,Grassland/Herbaceous,#E2E2C1
103,cthm-06,3,2025,81,426,561,75.93582888,planted,pasture,Pasture/Hay,#DBD83D
104,cthm-06,4,2025,11,2,555,0.36036036,water,water,Open Water,#476BA0
104,cthm-06,4,2025,21,52,555,9.369369369,developed,developed,"Developed, Open Space",#DDC9C9
104,cthm-06,4,2025,22,7,555,1.261261261,developed,developed,"Developed, Low Intensity",#D89382
104,cthm-06,4,2025,23,2,555,0.36036036,developed,developed,"Developed, Medium Intensity",#ED0000
104,cthm-06,4,2025,41,125,555,22.52252252,forest,deciduous forest,Deciduous Forest,#68AA63
104,cthm-06,4,2025,42,34,555,6.126126126,forest,evergreen forest,Evergreen Forest,#1C6330
104,cthm-06,4,2025,43,104,555,18.73873874,forest,mixed forest,Mixed Forest,#B5C98E
104,cthm-06,4,2025,81,229,555,41.26126126,planted,pasture,Pasture/Hay,#DBD83D
105,cthm-06,5,2025,11,2,561,0.356506239,water,water,Open Water,#476BA0
105,cthm-06,5,2025,21,66,561,11.76470588,developed,developed,"Developed, Open Space",#DDC9C9
105,cthm-06,5,2025,22,11,561,1.960784314,developed,developed,"Developed, Low Intensity",#D89382
105,cthm-06,5,2025,41,147,561,26.20320856,forest,deciduous forest,Deciduous Forest,#68AA63
105,cthm-06,5,2025,42,10,561,1.782531194,forest,evergreen forest,Evergreen Forest,#1C6330
105,cthm-06,5,2025,43,50,561,8.912655971,forest,mixed forest,Mixed Forest,#B5C98E
105,cthm-06,5,2025,52,15,561,2.673796791,shrubland,shrubland,Scrub/Shrub,#CCBA7C
105,cthm-06,5,2025,71,2,561,0.356506239,herbaceous,herbaceous,Grassland/Herbaceous,#E2E2C1
105,cthm-06,5,2025,81,250,561,44.56327986,planted,pasture,Pasture/Hay,#DBD83D
105,cthm-06,5,2025,82,1,561,0.178253119,planted,cultivated crops,Cultivated Crops,#AA7028
105,cthm-06,5,2025,90,7,561,1.247771836,wetlands,wetlands,Woody Wetlands,#BAD8EA
106,cthm-06,6,2025,21,68,555,12.25225225,developed,developed,"Developed, Open Space",#DDC9C9
106,cthm-06,6,2025,22,4,555,0.720720721,developed,developed,"Developed, Low Intensity",#D89382
106,cthm-06,6,2025,41,51,555,9.189189189,forest,deciduous forest,Deciduous Forest,#68AA63
106,cthm-06,6,2025,42,6,555,1.081081081,forest,evergreen forest,Evergreen Forest,#1C6330
106,cthm-06,6,2025,43,57,555,10.27027027,forest,mixed forest,Mixed Forest,#B5C98E
106,cthm-06,6,2025,81,208,555,37.47747748,planted,pasture,Pasture/Hay,#DBD83D
106,cthm-06,6,2025,82,161,555,29.00900901,planted,cultivated crops,Cultivated Crops,#AA7028
107,cthm-06,7,2025,21,70,558,12.54480287,developed,developed,"Developed, Open Space",#DDC9C9
107,cthm-06,7,2025,22,7,558,1.254480287,developed,developed,"Developed, Low Intensity",#D89382
107,cthm-06,7,2025,41,111,558,19.89247312,forest,deciduous forest,Deciduous Forest,#68AA63
107,cthm-06,7,2025,42,82,558,14.6953405,forest,evergreen forest,Evergreen Forest,#1C6330
107,cthm-06,7,2025,43,15,558,2.688172043,forest,mixed forest,Mixed Forest,#B5C98E
107,cthm-06,7,2025,52,1,558,0.17921147,shrubland,shrubland,Scrub/Shrub,#CCBA7C
107,cthm-06,7,2025,71,38,558,6.810035842,herbaceous,herbaceous,Grassland/Herbaceous,#E2E2C1
107,cthm-06,7,2025,81,234,558,41.93548387,planted,pasture,Pasture/Hay,#DBD83D
108,cthm-06,8,2025,11,1,552,0.18115942,water,water,Open Water,#476BA0
108,cthm-06,8,2025,21,81,552,14.67391304,developed,developed,"Developed, Open Space",#DDC9C9
108,cthm-06,8,2025,22,1,552,0.18115942,developed,developed,"Developed, Low Intensity",#D89382
108,cthm-06,8,2025,41,71,552,12.86231884,forest,deciduous forest,Deciduous Forest,#68AA63
108,cthm-06,8,2025,42,22,552,3.985507246,forest,evergreen forest,Evergreen Forest,#1C6330
108,cthm-06,8,2025,43,31,552,5.615942029,forest,mixed forest,Mixed Forest,#B5C98E
108,cthm-06,8,2025,81,345,552,62.5,planted,pasture,Pasture/Hay,#DBD83D
109,cthm-06,9,2025,11,1,561,0.178253119,water,water,Open Water,#476BA0
109,cthm-06,9,2025,21,50,561,8.912655971,developed,developed,"Developed, Open Space",#DDC9C9
109,cthm-06,9,2025,22,1,561,0.178253119,developed,developed,"Developed, Low Intensity",#D89382
109,cthm-06,9,2025,41,161,561,28.69875223,forest,deciduous forest,Deciduous Forest,#68AA63
109,cthm-06,9,2025,42,6,561,1.069518717,forest,evergreen forest,Evergreen Forest,#1C6330
109,cthm-06,9,2025,43,88,561,15.68627451,forest,mixed forest,Mixed Forest,#B5C98E
109,cthm-06,9,2025,81,254,561,45.27629234,planted,pasture,Pasture/Hay,#DBD83D
110,cthm-06,10,2025,21,50,561,8.912655971,developed,developed,"Developed, Open Space",#DDC9C9
110,cthm-06,10,2025,22,7,561,1.247771836,developed,developed,"Developed, Low Intensity",#D89382
110,cthm-06,10,2025,41,99,561,17.64705882,forest,deciduous forest,Deciduous Forest,#68AA63
110,cthm-06,10,2025,42,33,561,5.882352941,forest,evergreen forest,Evergreen Forest,#1C6330
110,cthm-06,10,2025,43,92,561,16.39928699,forest,mixed forest,Mixed Forest,#B5C98E
110,cthm-06,10,2025,81,280,561,49.91087344,planted,pasture,Pasture/Hay,#DBD83D
111,cthm-06,11,2025,11,2,555,0.36036036,water,water,Open Water,#476BA0
111,cthm-06,11,2025,21,87,555,15.67567568,developed,developed,"Developed, Open Space",#DDC9C9
111,cthm-06,11,2025,22,8,555,1.441441441,developed,developed,"Developed, Low Intensity",#D89382
111,cthm-06,11,2025,41,199,555,35.85585586,forest,deciduous forest,Deciduous Forest,#68AA63
111,cthm-06,11,2025,42,13,555,2.342342342,forest,evergreen forest,Evergreen Forest,#1C6330
111,cthm-06,11,2025,43,17,555,3.063063063,forest,mixed forest,Mixed Forest,#B5C98E
111,cthm-06,11,2025,52,1,555,0.18018018,shrubland,shrubland,Scrub/Shrub,#CCBA7C
111,cthm-06,11,2025,81,228,555,41.08108108,planted,pasture,Pasture/Hay,#DBD83D
112,cthm-06,12,2025,11,2,561,0.356506239,water,water,Open Water,#476BA0
112,cthm-06,12,2025,21,53,561,9.44741533,developed,developed,"Developed, Open Space",#DDC9C9
112,cthm-06,12,2025,22,7,561,1.247771836,developed,developed,"Developed, Low Intensity",#D89382
112,cthm-06,12,2025,41,207,561,36.89839572,forest,deciduous forest,Deciduous Forest,#68AA63
112,cthm-06,12,2025,43,5,561,0.891265597,forest,mixed forest,Mixed Forest,#B5C98E
112,cthm-06,12,2025,52,7,561,1.247771836,shrubland,shrubland,Scrub/Shrub,#CCBA7C
112,cthm-06,12,2025,71,72,561,12.8342246,herbaceous,herbaceous,Grassland/Herbaceous,#E2E2C1
112,cthm-06,12,2025,81,186,561,33.15508021,planted,pasture,Pasture/Hay,#DBD83D
112,cthm-06,12,2025,82,1,561,0.178253119,planted,cultivated crops,Cultivated Crops,#AA7028
112,cthm-06,12,2025,90,21,561,3.743315508,wetlands,wetlands,Woody Wetlands,#BAD8EA
113,cthm-06,13,2025,21,131,560,23.39285714,developed,developed,"Developed, Open Space",#DDC9C9
113,cthm-06,13,2025,22,14,560,2.5,developed,developed,"Developed, Low Intensity",#D89382
113,cthm-06,13,2025,23,8,560,1.428571429,developed,developed,"Developed, Medium Intensity",#ED0000
113,cthm-06,13,2025,41,115,560,20.53571429,forest,deciduous forest,Deciduous Forest,#68AA63
113,cthm-06,13,2025,42,7,560,1.25,forest,evergreen forest,Evergreen Forest,#1C6330
113,cthm-06,13,2025,43,44,560,7.857142857,forest,mixed forest,Mixed Forest,#B5C98E
113,cthm-06,13,2025,81,241,560,43.03571429,planted,pasture,Pasture/Hay,#DBD83D
114,cthm-06,14,2025,21,91,557,16.33752244,developed,developed,"Developed, Open Space",#DDC9C9
114,cthm-06,14,2025,22,3,557,0.538599641,developed,developed,"Developed, Low Intensity",#D89382
114,cthm-06,14,2025,41,47,557,8.438061041,forest,deciduous forest,Deciduous Forest,#68AA63
114,cthm-06,14,2025,42,7,557,1.256732496,forest,evergreen forest,Evergreen Forest,#1C6330
114,cthm-06,14,2025,43,32,557,5.745062837,forest,mixed forest,Mixed Forest,#B5C98E
114,cthm-06,14,2025,81,377,557,67.68402154,planted,pasture,Pasture/Hay,#DBD83D
115,cthm-06,15,2025,11,3,563,0.53285968,water,water,Open Water,#476BA0
115,cthm-06,15,2025,21,58,563,10.30195382,developed,developed,"Developed, Open Space",#DDC9C9
115,cthm-06,15,2025,22,14,563,2.486678508,developed,developed,"Developed, Low Intensity",#D89382
115,cthm-06,15,2025,23,2,563,0.355239787,developed,developed,"Developed, Medium Intensity",#ED0000
115,cthm-06,15,2025,41,47,563,8.348134991,forest,deciduous forest,Deciduous Forest,#68AA63
115,cthm-06,15,2025,42,18,563,3.197158082,forest,evergreen forest,Evergreen Forest,#1C6330
115,cthm-06,15,2025,43,74,563,13.14387211,forest,mixed forest,Mixed Forest,#B5C98E
115,cthm-06,15,2025,81,347,563,61.63410302,planted,pasture,Pasture/Hay,#DBD83D
116,cthm-06,16,2025,11,4,559,0.715563506,water,water,Open Water,#476BA0
116,cthm-06,16,2025,21,62,559,11.09123435,developed,developed,"Developed, Open Space",#DDC9C9
116,cthm-06,16,2025,22,5,559,0.894454383,developed,developed,"Developed, Low Intensity",#D89382
116,cthm-06,16,2025,41,19,559,3.398926655,forest,deciduous forest,Deciduous Forest,#68AA63
116,cthm-06,16,2025,42,7,559,1.252236136,forest,evergreen forest,Evergreen Forest,#1C6330
116,cthm-06,16,2025,43,21,559,3.756708408,forest,mixed forest,Mixed Forest,#B5C98E
116,cthm-06,16,2025,81,419,559,74.95527728,planted,pasture,Pasture/Hay,#DBD83D
116,cthm-06,16,2025,82,22,559,3.935599284,planted,cultivated crops,Cultivated Crops,#AA7028
117,cthm-06,17,2025,21,56,560,10,developed,developed,"Developed, Open Space",#DDC9C9
117,cthm-06,17,2025,22,5,560,0.892857143,developed,developed,"Developed, Low Intensity",#D89382
117,cthm-06,17,2025,23,3,560,0.535714286,developed,developed,"Developed, Medium Intensity",#ED0000
117,cthm-06,17,2025,41,162,560,28.92857143,forest,deciduous forest,Deciduous Forest,#68AA63
117,cthm-06,17,2025,42,66,560,11.78571429,forest,evergreen forest,Evergreen Forest,#1C6330
117,cthm-06,17,2025,43,67,560,11.96428571,forest,mixed forest,Mixed Forest,#B5C98E
117,cthm-06,17,2025,81,201,560,35.89285714,planted,pasture,Pasture/Hay,#DBD83D
118,cthm-06,18,2025,21,58,563,10.30195382,developed,developed,"Developed, Open Space",#DDC9C9
118,cthm-06,18,2025,22,15,563,2.664298401,developed,developed,"Developed, Low Intensity",#D89382
118,cthm-06,18,2025,41,23,563,4.085257549,forest,deciduous forest,Deciduous Forest,#68AA63
118,cthm-06,18,2025,42,82,563,14.56483126,forest,evergreen forest,Evergreen Forest,#1C6330
118,cthm-06,18,2025,43,13,563,2.309058615,forest,mixed forest,Mixed Forest,#B5C98E
118,cthm-06,18,2025,52,100,563,17.76198934,shrubland,shrubland,Scrub/Shrub,#CCBA7C
118,cthm-06,18,2025,71,2,563,0.355239787,herbaceous,herbaceous,Grassland/Herbaceous,#E2E2C1
118,cthm-06,18,2025,81,119,563,21.13676732,planted,pasture,Pasture/Hay,#DBD83D
118,cthm-06,18,2025,82,151,563,26.82060391,planted,cultivated crops,Cultivated Crops,#AA7028
119,cthm-06,19,2025,21,56,561,9.982174688,developed,developed,"Developed, Open Space",#DDC9C9
119,cthm-06,19,2025,22,5,561,0.891265597,developed,developed,"Developed, Low Intensity",#D89382
119,cthm-06,19,2025,23,1,561,0.178253119,developed,developed,"Developed, Medium Intensity",#ED0000
119,cthm-06,19,2025,41,109,561,19.42959002,forest,deciduous forest,Deciduous Forest,#68AA63
119,cthm-06,19,2025,42,21,561,3.743315508,forest,evergreen forest,Evergreen Forest,#1C6330
119,cthm-06,19,2025,43,85,561,15.15151515,forest,mixed forest,Mixed Forest,#B5C98E
119,cthm-06,19,2025,52,14,561,2.495543672,shrubland,shrubland,Scrub/Shrub,#CCBA7C
119,cthm-06,19,2025,71,3,561,0.534759358,herbaceous,herbaceous,Grassland/Herbaceous,#E2E2C1
119,cthm-06,19,2025,81,215,561,38.32442068,planted,pasture,Pasture/Hay,#DBD83D
119,cthm-06,19,2025,82,52,561,9.26916221,planted,cultivated crops,Cultivated Crops,#AA7028
120,cthm-06,20,2025,11,1,558,0.17921147,water,water,Open Water,#476BA0
120,cthm-06,20,2025,21,54,558,9.677419355,developed,developed,"Developed, Open Space",#DDC9C9
120,cthm-06,20,2025,22,4,558,0.716845878,developed,developed,"Developed, Low Intensity",#D89382
120,cthm-06,20,2025,23,6,558,1.075268817,developed,developed,"Developed, Medium Intensity",#ED0000
120,cthm-06,20,2025,41,105,558,18.8172043,forest,deciduous forest,Deciduous Forest,#68AA63
120,cthm-06,20,2025,42,4,558,0.716845878,forest,evergreen forest,Evergreen Forest,#1C6330
120,cthm-06,20,2025,43,8,558,1.433691756,forest,mixed forest,Mixed Forest,#B5C98E
120,cthm-06,20,2025,52,19,558,3.405017921,shrubland,shrubland,Scrub/Shrub,#CCBA7C
120,cthm-06,20,2025,71,4,558,0.716845878,herbaceous,herbaceous,Grassland/Herbaceous,#E2E2C1
120,cthm-06,20,2025,81,329,558,58.96057348,planted,pasture,Pasture/Hay,#DBD83D
120,cthm-06,20,2025,82,24,558,4.301075269,planted,cultivated crops,Cultivated Crops,#AA7028
121,cthm-07,1,2025,21,59,561,10.51693405,developed,developed,"Developed, Open Space",#DDC9C9
121,cthm-07,1,2025,41,369,561,65.77540107,forest,deciduous forest,Deciduous Forest,#68AA63
121,cthm-07,1,2025,42,4,561,0.713012478,forest,evergreen forest,Evergreen Forest,#1C6330
121,cthm-07,1,2025,43,88,561,15.68627451,forest,mixed forest,Mixed Forest,#B5C98E
121,cthm-07,1,2025,81,41,561,7.308377897,planted,pasture,Pasture/Hay,#DBD83D
122,cthm-07,2,2025,21,46,558,8.243727599,developed,developed,"Developed, Open Space",#DDC9C9
122,cthm-07,2,2025,41,475,558,85.12544803,forest,deciduous forest,Deciduous Forest,#68AA63
122,cthm-07,2,2025,42,23,558,4.121863799,forest,evergreen forest,Evergreen Forest,#1C6330
122,cthm-07,2,2025,43,7,558,1.254480287,forest,mixed forest,Mixed Forest,#B5C98E
122,cthm-07,2,2025,52,7,558,1.254480287,shrubland,shrubland,Scrub/Shrub,#CCBA7C
123,cthm-07,3,2025,21,65,558,11.64874552,developed,developed,"Developed, Open Space",#DDC9C9
123,cthm-07,3,2025,22,5,558,0.896057348,developed,developed,"Developed, Low Intensity",#D89382
123,cthm-07,3,2025,41,333,558,59.67741935,forest,deciduous forest,Deciduous Forest,#68AA63
123,cthm-07,3,2025,42,7,558,1.254480287,forest,evergreen forest,Evergreen Forest,#1C6330
123,cthm-07,3,2025,43,42,558,7.52688172,forest,mixed forest,Mixed Forest,#B5C98E
123,cthm-07,3,2025,52,20,558,3.584229391,shrubland,shrubland,Scrub/Shrub,#CCBA7C
123,cthm-07,3,2025,71,1,558,0.17921147,herbaceous,herbaceous,Grassland/Herbaceous,#E2E2C1
123,cthm-07,3,2025,81,85,558,15.23297491,planted,pasture,Pasture/Hay,#DBD83D
124,cthm-07,4,2025,21,24,558,4.301075269,developed,developed,"Developed, Open Space",#DDC9C9
124,cthm-07,4,2025,41,477,558,85.48387097,forest,deciduous forest,Deciduous Forest,#68AA63
124,cthm-07,4,2025,43,12,558,2.150537634,forest,mixed forest,Mixed Forest,#B5C98E
124,cthm-07,4,2025,52,42,558,7.52688172,shrubland,shrubland,Scrub/Shrub,#CCBA7C
124,cthm-07,4,2025,71,1,558,0.17921147,herbaceous,herbaceous,Grassland/Herbaceous,#E2E2C1
124,cthm-07,4,2025,90,2,558,0.358422939,wetlands,wetlands,Woody Wetlands,#BAD8EA
125,cthm-07,5,2025,21,35,556,6.294964029,developed,developed,"Developed, Open Space",#DDC9C9
125,cthm-07,5,2025,41,301,556,54.13669065,forest,deciduous forest,Deciduous Forest,#68AA63
125,cthm-07,5,2025,42,27,556,4.856115108,forest,evergreen forest,Evergreen Forest,#1C6330
125,cthm-07,5,2025,43,35,556,6.294964029,forest,mixed forest,Mixed Forest,#B5C98E
125,cthm-07,5,2025,52,149,556,26.79856115,shrubland,shrubland,Scrub/Shrub,#CCBA7C
125,cthm-07,5,2025,71,9,556,1.618705036,herbaceous,herbaceous,Grassland/Herbaceous,#E2E2C1
126,cthm-07,6,2025,21,40,560,7.142857143,developed,developed,"Developed, Open Space",#DDC9C9
126,cthm-07,6,2025,41,98,560,17.5,forest,deciduous forest,Deciduous Forest,#68AA63
126,cthm-07,6,2025,42,130,560,23.21428571,forest,evergreen forest,Evergreen Forest,#1C6330
126,cthm-07,6,2025,43,115,560,20.53571429,forest,mixed forest,Mixed Forest,#B5C98E
126,cthm-07,6,2025,52,71,560,12.67857143,shrubland,shrubland,Scrub/Shrub,#CCBA7C
126,cthm-07,6,2025,71,106,560,18.92857143,herbaceous,herbaceous,Grassland/Herbaceous,#E2E2C1
127,cthm-07,7,2025,21,44,560,7.857142857,developed,developed,"Developed, Open Space",#DDC9C9
127,cthm-07,7,2025,41,20,560,3.571428571,forest,deciduous forest,Deciduous Forest,#68AA63
127,cthm-07,7,2025,42,136,560,24.28571429,forest,evergreen forest,Evergreen Forest,#1C6330
127,cthm-07,7,2025,43,83,560,14.82142857,forest,mixed forest,Mixed Forest,#B5C98E
127,cthm-07,7,2025,52,22,560,3.928571429,shrubland,shrubland,Scrub/Shrub,#CCBA7C
127,cthm-07,7,2025,71,255,560,45.53571429,herbaceous,herbaceous,Grassland/Herbaceous,#E2E2C1
128,cthm-07,8,2025,21,74,564,13.12056738,developed,developed,"Developed, Open Space",#DDC9C9
128,cthm-07,8,2025,22,6,564,1.063829787,developed,developed,"Developed, Low Intensity",#D89382
128,cthm-07,8,2025,41,232,564,41.13475177,forest,deciduous forest,Deciduous Forest,#68AA63
128,cthm-07,8,2025,42,84,564,14.89361702,forest,evergreen forest,Evergreen Forest,#1C6330
128,cthm-07,8,2025,43,65,564,11.5248227,forest,mixed forest,Mixed Forest,#B5C98E
128,cthm-07,8,2025,52,39,564,6.914893617,shrubland,shrubland,Scrub/Shrub,#CCBA7C
128,cthm-07,8,2025,71,62,564,10.9929078,herbaceous,herbaceous,Grassland/Herbaceous,#E2E2C1
128,cthm-07,8,2025,81,2,564,0.354609929,planted,pasture,Pasture/Hay,#DBD83D
129,cthm-07,9,2025,21,79,561,14.08199643,developed,developed,"Developed, Open Space",#DDC9C9
129,cthm-07,9,2025,41,264,561,47.05882353,forest,deciduous forest,Deciduous Forest,#68AA63
129,cthm-07,9,2025,42,125,561,22.28163993,forest,evergreen forest,Evergreen Forest,#1C6330
129,cthm-07,9,2025,43,80,561,14.26024955,forest,mixed forest,Mixed Forest,#B5C98E
129,cthm-07,9,2025,71,13,561,2.317290553,herbaceous,herbaceous,Grassland/Herbaceous,#E2E2C1
130,cthm-07,10,2025,21,69,560,12.32142857,developed,developed,"Developed, Open Space",#DDC9C9
130,cthm-07,10,2025,22,2,560,0.357142857,developed,developed,"Developed, Low Intensity",#D89382
130,cthm-07,10,2025,41,456,560,81.42857143,forest,deciduous forest,Deciduous Forest,#68AA63
130,cthm-07,10,2025,43,9,560,1.607142857,forest,mixed forest,Mixed Forest,#B5C98E
130,cthm-07,10,2025,52,1,560,0.178571429,shrubland,shrubland,Scrub/Shrub,#CCBA7C
130,cthm-07,10,2025,71,1,560,0.178571429,herbaceous,herbaceous,Grassland/Herbaceous,#E2E2C1
130,cthm-07,10,2025,81,22,560,3.928571429,planted,pasture,Pasture/Hay,#DBD83D
131,cthm-07,11,2025,11,4,561,0.713012478,water,water,Open Water,#476BA0
131,cthm-07,11,2025,21,59,561,10.51693405,developed,developed,"Developed, Open Space",#DDC9C9
131,cthm-07,11,2025,41,249,561,44.38502674,forest,deciduous forest,Deciduous Forest,#68AA63
131,cthm-07,11,2025,42,50,561,8.912655971,forest,evergreen forest,Evergreen Forest,#1C6330
131,cthm-07,11,2025,43,88,561,15.68627451,forest,mixed forest,Mixed Forest,#B5C98E
131,cthm-07,11,2025,71,17,561,3.03030303,herbaceous,herbaceous,Grassland/Herbaceous,#E2E2C1
131,cthm-07,11,2025,81,88,561,15.68627451,planted,pasture,Pasture/Hay,#DBD83D
131,cthm-07,11,2025,90,6,561,1.069518717,wetlands,wetlands,Woody Wetlands,#BAD8EA
132,cthm-07,12,2025,11,3,559,0.53667263,water,water,Open Water,#476BA0
132,cthm-07,12,2025,21,41,559,7.334525939,developed,developed,"Developed, Open Space",#DDC9C9
132,cthm-07,12,2025,22,5,559,0.894454383,developed,developed,"Developed, Low Intensity",#D89382
132,cthm-07,12,2025,41,152,559,27.19141324,forest,deciduous forest,Deciduous Forest,#68AA63
132,cthm-07,12,2025,42,9,559,1.610017889,forest,evergreen forest,Evergreen Forest,#1C6330
132,cthm-07,12,2025,43,87,559,15.56350626,forest,mixed forest,Mixed Forest,#B5C98E
132,cthm-07,12,2025,52,13,559,2.325581395,shrubland,shrubland,Scrub/Shrub,#CCBA7C
132,cthm-07,12,2025,71,12,559,2.146690519,herbaceous,herbaceous,Grassland/Herbaceous,#E2E2C1
132,cthm-07,12,2025,81,203,559,36.31484794,planted,pasture,Pasture/Hay,#DBD83D
132,cthm-07,12,2025,90,34,559,6.082289803,wetlands,wetlands,Woody Wetlands,#BAD8EA
133,cthm-07,13,2025,21,60,561,10.69518717,developed,developed,"Developed, Open Space",#DDC9C9
133,cthm-07,13,2025,22,5,561,0.891265597,developed,developed,"Developed, Low Intensity",#D89382
133,cthm-07,13,2025,23,1,561,0.178253119,developed,developed,"Developed, Medium Intensity",#ED0000
133,cthm-07,13,2025,41,163,561,29.05525847,forest,deciduous forest,Deciduous Forest,#68AA63
133,cthm-07,13,2025,42,2,561,0.356506239,forest,evergreen forest,Evergreen Forest,#1C6330
133,cthm-07,13,2025,43,14,561,2.495543672,forest,mixed forest,Mixed Forest,#B5C98E
133,cthm-07,13,2025,71,2,561,0.356506239,herbaceous,herbaceous,Grassland/Herbaceous,#E2E2C1
133,cthm-07,13,2025,81,314,561,55.9714795,planted,pasture,Pasture/Hay,#DBD83D
134,cthm-07,14,2025,11,2,557,0.359066427,water,water,Open Water,#476BA0
134,cthm-07,14,2025,21,67,557,12.02872531,developed,developed,"Developed, Open Space",#DDC9C9
134,cthm-07,14,2025,22,1,557,0.179533214,developed,developed,"Developed, Low Intensity",#D89382
134,cthm-07,14,2025,41,117,557,21.005386,forest,deciduous forest,Deciduous Forest,#68AA63
134,cthm-07,14,2025,43,5,557,0.897666068,forest,mixed forest,Mixed Forest,#B5C98E
134,cthm-07,14,2025,81,356,557,63.91382406,planted,pasture,Pasture/Hay,#DBD83D
134,cthm-07,14,2025,90,9,557,1.615798923,wetlands,wetlands,Woody Wetlands,#BAD8EA
135,cthm-07,15,2025,21,99,559,17.71019678,developed,developed,"Developed, Open Space",#DDC9C9
135,cthm-07,15,2025,22,7,559,1.252236136,developed,developed,"Developed, Low Intensity",#D89382
135,cthm-07,15,2025,41,97,559,17.35241503,forest,deciduous forest,Deciduous Forest,#68AA63
135,cthm-07,15,2025,42,50,559,8.944543828,forest,evergreen forest,Evergreen Forest,#1C6330
135,cthm-07,15,2025,43,19,559,3.398926655,forest,mixed forest,Mixed Forest,#B5C98E
135,cthm-07,15,2025,81,287,559,51.34168157,planted,pasture,Pasture/Hay,#DBD83D
136,cthm-07,16,2025,21,76,557,13.64452424,developed,developed,"Developed, Open Space",#DDC9C9
136,cthm-07,16,2025,41,236,557,42.36983842,forest,deciduous forest,Deciduous Forest,#68AA63
136,cthm-07,16,2025,42,1,557,0.179533214,forest,evergreen forest,Evergreen Forest,#1C6330
136,cthm-07,16,2025,43,50,557,8.976660682,forest,mixed forest,Mixed Forest,#B5C98E
136,cthm-07,16,2025,81,194,557,34.82944345,planted,pasture,Pasture/Hay,#DBD83D
137,cthm-07,17,2025,21,56,557,10.05385996,developed,developed,"Developed, Open Space",#DDC9C9
137,cthm-07,17,2025,22,2,557,0.359066427,developed,developed,"Developed, Low Intensity",#D89382
137,cthm-07,17,2025,41,109,557,19.56912029,forest,deciduous forest,Deciduous Forest,#68AA63
137,cthm-07,17,2025,42,13,557,2.333931777,forest,evergreen forest,Evergreen Forest,#1C6330
137,cthm-07,17,2025,43,66,557,11.8491921,forest,mixed forest,Mixed Forest,#B5C98E
137,cthm-07,17,2025,81,311,557,55.83482944,planted,pasture,Pasture/Hay,#DBD83D
138,cthm-07,18,2025,21,75,561,13.36898396,developed,developed,"Developed, Open Space",#DDC9C9
138,cthm-07,18,2025,22,3,561,0.534759358,developed,developed,"Developed, Low Intensity",#D89382
138,cthm-07,18,2025,41,266,561,47.41532977,forest,deciduous forest,Deciduous Forest,#68AA63
138,cthm-07,18,2025,42,86,561,15.32976827,forest,evergreen forest,Evergreen Forest,#1C6330
138,cthm-07,18,2025,43,85,561,15.15151515,forest,mixed forest,Mixed Forest,#B5C98E
138,cthm-07,18,2025,81,46,561,8.199643494,planted,pasture,Pasture/Hay,#DBD83D
139,cthm-07,19,2025,21,49,561,8.734402852,developed,developed,"Developed, Open Space",#DDC9C9
139,cthm-07,19,2025,22,1,561,0.178253119,developed,developed,"Developed, Low Intensity",#D89382
139,cthm-07,19,2025,41,343,561,61.14081996,forest,deciduous forest,Deciduous Forest,#68AA63
139,cthm-07,19,2025,42,86,561,15.32976827,forest,evergreen forest,Evergreen Forest,#1C6330
139,cthm-07,19,2025,43,66,561,11.76470588,forest,mixed forest,Mixed Forest,#B5C98E
139,cthm-07,19,2025,52,1,561,0.178253119,shrubland,shrubland,Scrub/Shrub,#CCBA7C
139,cthm-07,19,2025,81,15,561,2.673796791,planted,pasture,Pasture/Hay,#DBD83D
140,cthm-07,20,2025,21,63,553,11.39240506,developed,developed,"Developed, Open Space",#DDC9C9
140,cthm-07,20,2025,22,3,553,0.542495479,developed,developed,"Developed, Low Intensity",#D89382
140,cthm-07,20,2025,41,90,553,16.27486438,forest,deciduous forest,Deciduous Forest,#68AA63
140,cthm-07,20,2025,42,154,553,27.84810127,forest,evergreen forest,Evergreen Forest,#1C6330
140,cthm-07,20,2025,43,172,553,31.10307414,forest,mixed forest,Mixed Forest,#B5C98E
140,cthm-07,20,2025,52,1,553,0.180831826,shrubland,shrubland,Scrub/Shrub,#CCBA7C
140,cthm-07,20,2025,71,1,553,0.180831826,herbaceous,herbaceous,Grassland/Herbaceous,#E2E2C1
140,cthm-07,20,2025,81,69,553,12.47739602,planted,pasture,Pasture/Hay,#DBD83D
141,cthm-08,1,2025,11,12,562,2.135231317,water,water,Open Water,#476BA0
141,cthm-08,1,2025,21,66,562,11.74377224,developed,developed,"Developed, Open Space",#DDC9C9
141,cthm-08,1,2025,22,15,562,2.669039146,developed,developed,"Developed, Low Intensity",#D89382
141,cthm-08,1,2025,23,11,562,1.957295374,developed,developed,"Developed, Medium Intensity",#ED0000
141,cthm-08,1,2025,41,137,562,24.3772242,forest,deciduous forest,Deciduous Forest,#68AA63
141,cthm-08,1,2025,42,21,562,3.736654804,forest,evergreen forest,Evergreen Forest,#1C6330
141,cthm-08,1,2025,43,68,562,12.09964413,forest,mixed forest,Mixed Forest,#B5C98E
141,cthm-08,1,2025,71,12,562,2.135231317,herbaceous,herbaceous,Grassland/Herbaceous,#E2E2C1
141,cthm-08,1,2025,81,220,562,39.14590747,planted,pasture,Pasture/Hay,#DBD83D
142,cthm-08,2,2025,21,129,552,23.36956522,developed,developed,"Developed, Open Space",#DDC9C9
142,cthm-08,2,2025,22,82,552,14.85507246,developed,developed,"Developed, Low Intensity",#D89382
142,cthm-08,2,2025,23,2,552,0.362318841,developed,developed,"Developed, Medium Intensity",#ED0000
142,cthm-08,2,2025,41,258,552,46.73913043,forest,deciduous forest,Deciduous Forest,#68AA63
142,cthm-08,2,2025,42,17,552,3.079710145,forest,evergreen forest,Evergreen Forest,#1C6330
142,cthm-08,2,2025,43,33,552,5.97826087,forest,mixed forest,Mixed Forest,#B5C98E
142,cthm-08,2,2025,52,4,552,0.724637681,shrubland,shrubland,Scrub/Shrub,#CCBA7C
142,cthm-08,2,2025,71,27,552,4.891304348,herbaceous,herbaceous,Grassland/Herbaceous,#E2E2C1
143,cthm-08,3,2025,21,123,557,22.08258528,developed,developed,"Developed, Open Space",#DDC9C9
143,cthm-08,3,2025,22,77,557,13.82405745,developed,developed,"Developed, Low Intensity",#D89382
143,cthm-08,3,2025,41,236,557,42.36983842,forest,deciduous forest,Deciduous Forest,#68AA63
143,cthm-08,3,2025,42,47,557,8.438061041,forest,evergreen forest,Evergreen Forest,#1C6330
143,cthm-08,3,2025,43,74,557,13.28545781,forest,mixed forest,Mixed Forest,#B5C98E
144,cthm-08,4,2025,21,68,555,12.25225225,developed,developed,"Developed, Open Space",#DDC9C9
144,cthm-08,4,2025,22,23,555,4.144144144,developed,developed,"Developed, Low Intensity",#D89382
144,cthm-08,4,2025,23,3,555,0.540540541,developed,developed,"Developed, Medium Intensity",#ED0000
144,cthm-08,4,2025,41,109,555,19.63963964,forest,deciduous forest,Deciduous Forest,#68AA63
144,cthm-08,4,2025,42,76,555,13.69369369,forest,evergreen forest,Evergreen Forest,#1C6330
144,cthm-08,4,2025,43,145,555,26.12612613,forest,mixed forest,Mixed Forest,#B5C98E
144,cthm-08,4,2025,52,4,555,0.720720721,shrubland,shrubland,Scrub/Shrub,#CCBA7C
144,cthm-08,4,2025,71,127,555,22.88288288,herbaceous,herbaceous,Grassland/Herbaceous,#E2E2C1
145,cthm-08,5,2025,11,3,553,0.542495479,water,water,Open Water,#476BA0
145,cthm-08,5,2025,21,63,553,11.39240506,developed,developed,"Developed, Open Space",#DDC9C9
145,cthm-08,5,2025,22,7,553,1.265822785,developed,developed,"Developed, Low Intensity",#D89382
145,cthm-08,5,2025,23,1,553,0.180831826,developed,developed,"Developed, Medium Intensity",#ED0000
145,cthm-08,5,2025,41,6,553,1.084990958,forest,deciduous forest,Deciduous Forest,#68AA63
145,cthm-08,5,2025,42,202,553,36.52802893,forest,evergreen forest,Evergreen Forest,#1C6330
145,cthm-08,5,2025,43,34,553,6.148282098,forest,mixed forest,Mixed Forest,#B5C98E
145,cthm-08,5,2025,52,115,553,20.79566004,shrubland,shrubland,Scrub/Shrub,#CCBA7C
145,cthm-08,5,2025,71,99,553,17.90235081,herbaceous,herbaceous,Grassland/Herbaceous,#E2E2C1
145,cthm-08,5,2025,81,23,553,4.159132007,planted,pasture,Pasture/Hay,#DBD83D
146,cthm-08,6,2025,11,1,561,0.178253119,water,water,Open Water,#476BA0
146,cthm-08,6,2025,21,83,561,14.79500891,developed,developed,"Developed, Open Space",#DDC9C9
146,cthm-08,6,2025,22,1,561,0.178253119,developed,developed,"Developed, Low Intensity",#D89382
146,cthm-08,6,2025,41,141,561,25.13368984,forest,deciduous forest,Deciduous Forest,#68AA63
146,cthm-08,6,2025,42,140,561,24.95543672,forest,evergreen forest,Evergreen Forest,#1C6330
146,cthm-08,6,2025,43,121,561,21.56862745,forest,mixed forest,Mixed Forest,#B5C98E
146,cthm-08,6,2025,71,1,561,0.178253119,herbaceous,herbaceous,Grassland/Herbaceous,#E2E2C1
146,cthm-08,6,2025,81,73,561,13.01247772,planted,pasture,Pasture/Hay,#DBD83D
147,cthm-08,7,2025,11,2,558,0.358422939,water,water,Open Water,#476BA0
147,cthm-08,7,2025,21,99,558,17.74193548,developed,developed,"Developed, Open Space",#DDC9C9
147,cthm-08,7,2025,22,1,558,0.17921147,developed,developed,"Developed, Low Intensity",#D89382
147,cthm-08,7,2025,41,227,558,40.68100358,forest,deciduous forest,Deciduous Forest,#68AA63
147,cthm-08,7,2025,42,50,558,8.960573477,forest,evergreen forest,Evergreen Forest,#1C6330
147,cthm-08,7,2025,43,84,558,15.05376344,forest,mixed forest,Mixed Forest,#B5C98E
147,cthm-08,7,2025,81,95,558,17.02508961,planted,pasture,Pasture/Hay,#DBD83D
148,cthm-08,8,2025,11,2,560,0.357142857,water,water,Open Water,#476BA0
148,cthm-08,8,2025,21,66,560,11.78571429,developed,developed,"Developed, Open Space",#DDC9C9
148,cthm-08,8,2025,22,14,560,2.5,developed,developed,"Developed, Low Intensity",#D89382
148,cthm-08,8,2025,23,1,560,0.178571429,developed,developed,"Developed, Medium Intensity",#ED0000
148,cthm-08,8,2025,41,91,560,16.25,forest,deciduous forest,Deciduous Forest,#68AA63
148,cthm-08,8,2025,42,228,560,40.71428571,forest,evergreen forest,Evergreen Forest,#1C6330
148,cthm-08,8,2025,43,135,560,24.10714286,forest,mixed forest,Mixed Forest,#B5C98E
148,cthm-08,8,2025,81,23,560,4.107142857,planted,pasture,Pasture/Hay,#DBD83D
149,cthm-08,9,2025,11,1,558,0.17921147,water,water,Open Water,#476BA0
149,cthm-08,9,2025,21,61,558,10.93189964,developed,developed,"Developed, Open Space",#DDC9C9
149,cthm-08,9,2025,22,10,558,1.792114695,developed,developed,"Developed, Low Intensity",#D89382
149,cthm-08,9,2025,41,111,558,19.89247312,forest,deciduous forest,Deciduous Forest,#68AA63
149,cthm-08,9,2025,42,84,558,15.05376344,forest,evergreen forest,Evergreen Forest,#1C6330
149,cthm-08,9,2025,43,146,558,26.16487455,forest,mixed forest,Mixed Forest,#B5C98E
149,cthm-08,9,2025,52,33,558,5.913978495,shrubland,shrubland,Scrub/Shrub,#CCBA7C
149,cthm-08,9,2025,81,112,558,20.07168459,planted,pasture,Pasture/Hay,#DBD83D
150,cthm-08,10,2025,21,41,560,7.321428571,developed,developed,"Developed, Open Space",#DDC9C9
150,cthm-08,10,2025,22,15,560,2.678571429,developed,developed,"Developed, Low Intensity",#D89382
150,cthm-08,10,2025,41,8,560,1.428571429,forest,deciduous forest,Deciduous Forest,#68AA63
150,cthm-08,10,2025,42,191,560,34.10714286,forest,evergreen forest,Evergreen Forest,#1C6330
150,cthm-08,10,2025,43,137,560,24.46428571,forest,mixed forest,Mixed Forest,#B5C98E
150,cthm-08,10,2025,52,36,560,6.428571429,shrubland,shrubland,Scrub/Shrub,#CCBA7C
150,cthm-08,10,2025,81,132,560,23.57142857,planted,pasture,Pasture/Hay,#DBD83D
151,cthm-08,11,2025,21,70,559,12.52236136,developed,developed,"Developed, Open Space",#DDC9C9
151,cthm-08,11,2025,22,16,559,2.862254025,developed,developed,"Developed, Low Intensity",#D89382
151,cthm-08,11,2025,23,2,559,0.357781753,developed,developed,"Developed, Medium Intensity",#ED0000
151,cthm-08,11,2025,41,21,559,3.756708408,forest,deciduous forest,Deciduous Forest,#68AA63
151,cthm-08,11,2025,42,210,559,37.56708408,forest,evergreen forest,Evergreen Forest,#1C6330
151,cthm-08,11,2025,43,140,559,25.04472272,forest,mixed forest,Mixed Forest,#B5C98E
151,cthm-08,11,2025,81,100,559,17.88908766,planted,pasture,Pasture/Hay,#DBD83D
152,cthm-08,12,2025,21,55,557,9.87432675,developed,developed,"Developed, Open Space",#DDC9C9
152,cthm-08,12,2025,22,3,557,0.538599641,developed,developed,"Developed, Low Intensity",#D89382
152,cthm-08,12,2025,23,5,557,0.897666068,developed,developed,"Developed, Medium Intensity",#ED0000
152,cthm-08,12,2025,41,46,557,8.258527828,forest,deciduous forest,Deciduous Forest,#68AA63
152,cthm-08,12,2025,42,163,557,29.26391382,forest,evergreen forest,Evergreen Forest,#1C6330
152,cthm-08,12,2025,43,52,557,9.33572711,forest,mixed forest,Mixed Forest,#B5C98E
152,cthm-08,12,2025,52,3,557,0.538599641,shrubland,shrubland,Scrub/Shrub,#CCBA7C
152,cthm-08,12,2025,71,1,557,0.179533214,herbaceous,herbaceous,Grassland/Herbaceous,#E2E2C1
152,cthm-08,12,2025,81,229,557,41.11310592,planted,pasture,Pasture/Hay,#DBD83D
153,cthm-08,13,2025,11,1,560,0.178571429,water,water,Open Water,#476BA0
153,cthm-08,13,2025,21,46,560,8.214285714,developed,developed,"Developed, Open Space",#DDC9C9
153,cthm-08,13,2025,22,4,560,0.714285714,developed,developed,"Developed, Low Intensity",#D89382
153,cthm-08,13,2025,23,5,560,0.892857143,developed,developed,"Developed, Medium Intensity",#ED0000
153,cthm-08,13,2025,41,224,560,40,forest,deciduous forest,Deciduous Forest,#68AA63
153,cthm-08,13,2025,42,51,560,9.107142857,forest,evergreen forest,Evergreen Forest,#1C6330
153,cthm-08,13,2025,43,87,560,15.53571429,forest,mixed forest,Mixed Forest,#B5C98E
153,cthm-08,13,2025,52,4,560,0.714285714,shrubland,shrubland,Scrub/Shrub,#CCBA7C
153,cthm-08,13,2025,81,138,560,24.64285714,planted,pasture,Pasture/Hay,#DBD83D
154,cthm-08,14,2025,11,1,557,0.179533214,water,water,Open Water,#476BA0
154,cthm-08,14,2025,21,73,557,13.1059246,developed,developed,"Developed, Open Space",#DDC9C9
154,cthm-08,14,2025,22,8,557,1.436265709,developed,developed,"Developed, Low Intensity",#D89382
154,cthm-08,14,2025,41,79,557,14.18312388,forest,deciduous forest,Deciduous Forest,#68AA63
154,cthm-08,14,2025,42,151,557,27.10951526,forest,evergreen forest,Evergreen Forest,#1C6330
154,cthm-08,14,2025,43,92,557,16.51705566,forest,mixed forest,Mixed Forest,#B5C98E
154,cthm-08,14,2025,71,45,557,8.078994614,herbaceous,herbaceous,Grassland/Herbaceous,#E2E2C1
154,cthm-08,14,2025,81,108,557,19.38958707,planted,pasture,Pasture/Hay,#DBD83D
155,cthm-08,15,2025,11,4,558,0.716845878,water,water,Open Water,#476BA0
155,cthm-08,15,2025,21,51,558,9.139784946,developed,developed,"Developed, Open Space",#DDC9C9
155,cthm-08,15,2025,22,7,558,1.254480287,developed,developed,"Developed, Low Intensity",#D89382
155,cthm-08,15,2025,23,7,558,1.254480287,developed,developed,"Developed, Medium Intensity",#ED0000
155,cthm-08,15,2025,41,201,558,36.02150538,forest,deciduous forest,Deciduous Forest,#68AA63
155,cthm-08,15,2025,42,1,558,0.17921147,forest,evergreen forest,Evergreen Forest,#1C6330
155,cthm-08,15,2025,43,69,558,12.3655914,forest,mixed forest,Mixed Forest,#B5C98E
155,cthm-08,15,2025,81,218,558,39.06810036,planted,pasture,Pasture/Hay,#DBD83D
156,cthm-08,16,2025,11,1,562,0.177935943,water,water,Open Water,#476BA0
156,cthm-08,16,2025,21,50,562,8.896797153,developed,developed,"Developed, Open Space",#DDC9C9
156,cthm-08,16,2025,22,1,562,0.177935943,developed,developed,"Developed, Low Intensity",#D89382
156,cthm-08,16,2025,41,211,562,37.54448399,forest,deciduous forest,Deciduous Forest,#68AA63
156,cthm-08,16,2025,42,4,562,0.711743772,forest,evergreen forest,Evergreen Forest,#1C6330
156,cthm-08,16,2025,43,50,562,8.896797153,forest,mixed forest,Mixed Forest,#B5C98E
156,cthm-08,16,2025,81,245,562,43.59430605,planted,pasture,Pasture/Hay,#DBD83D
157,cthm-08,17,2025,21,52,562,9.252669039,developed,developed,"Developed, Open Space",#DDC9C9
157,cthm-08,17,2025,41,213,562,37.90035587,forest,deciduous forest,Deciduous Forest,#68AA63
157,cthm-08,17,2025,42,78,562,13.87900356,forest,evergreen forest,Evergreen Forest,#1C6330
157,cthm-08,17,2025,43,93,562,16.5480427,forest,mixed forest,Mixed Forest,#B5C98E
157,cthm-08,17,2025,81,126,562,22.41992883,planted,pasture,Pasture/Hay,#DBD83D
158,cthm-08,18,2025,21,42,553,7.594936709,developed,developed,"Developed, Open Space",#DDC9C9
158,cthm-08,18,2025,22,4,553,0.723327306,developed,developed,"Developed, Low Intensity",#D89382
158,cthm-08,18,2025,41,174,553,31.46473779,forest,deciduous forest,Deciduous Forest,#68AA63
158,cthm-08,18,2025,42,32,553,5.786618445,forest,evergreen forest,Evergreen Forest,#1C6330
158,cthm-08,18,2025,43,194,553,35.08137432,forest,mixed forest,Mixed Forest,#B5C98E
158,cthm-08,18,2025,81,107,553,19.34900542,planted,pasture,Pasture/Hay,#DBD83D
159,cthm-08,19,2025,21,56,555,10.09009009,developed,developed,"Developed, Open Space",#DDC9C9
159,cthm-08,19,2025,22,8,555,1.441441441,developed,developed,"Developed, Low Intensity",#D89382
159,cthm-08,19,2025,23,6,555,1.081081081,developed,developed,"Developed, Medium Intensity",#ED0000
159,cthm-08,19,2025,41,43,555,7.747747748,forest,deciduous forest,Deciduous Forest,#68AA63
159,cthm-08,19,2025,42,156,555,28.10810811,forest,evergreen forest,Evergreen Forest,#1C6330
159,cthm-08,19,2025,43,108,555,19.45945946,forest,mixed forest,Mixed Forest,#B5C98E
159,cthm-08,19,2025,52,11,555,1.981981982,shrubland,shrubland,Scrub/Shrub,#CCBA7C
159,cthm-08,19,2025,71,33,555,5.945945946,herbaceous,herbaceous,Grassland/Herbaceous,#E2E2C1
159,cthm-08,19,2025,81,134,555,24.14414414,planted,pasture,Pasture/Hay,#DBD83D
160,cthm-08,20,2025,11,13,558,2.329749104,water,water,Open Water,#476BA0
160,cthm-08,20,2025,21,83,558,14.87455197,developed,developed,"Developed, Open Space",#DDC9C9
160,cthm-08,20,2025,22,8,558,1.433691756,developed,developed,"Developed, Low Intensity",#D89382
160,cthm-08,20,2025,41,30,558,5.376344086,forest,deciduous forest,Deciduous Forest,#68AA63
160,cthm-08,20,2025,42,8,558,1.433691756,forest,evergreen forest,Evergreen Forest,#1C6330
160,cthm-08,20,2025,43,60,558,10.75268817,forest,mixed forest,Mixed Forest,#B5C98E
160,cthm-08,20,2025,71,1,558,0.17921147,herbaceous,herbaceous,Grassland/Herbaceous,#E2E2C1
160,cthm-08,20,2025,81,355,558,63.62007168,planted,pasture,Pasture/Hay,#DBD83D
161,cthm-09,1,2025,11,6,560,1.071428571,water,water,Open Water,#476BA0
161,cthm-09,1,2025,21,59,560,10.53571429,developed,developed,"Developed, Open Space",#DDC9C9
161,cthm-09,1,2025,22,3,560,0.535714286,developed,developed,"Developed, Low Intensity",#D89382
161,cthm-09,1,2025,41,117,560,20.89285714,forest,deciduous forest,Deciduous Forest,#68AA63
161,cthm-09,1,2025,42,1,560,0.178571429,forest,evergreen forest,Evergreen Forest,#1C6330
161,cthm-09,1,2025,43,69,560,12.32142857,forest,mixed forest,Mixed Forest,#B5C98E
161,cthm-09,1,2025,71,8,560,1.428571429,herbaceous,herbaceous,Grassland/Herbaceous,#E2E2C1
161,cthm-09,1,2025,81,286,560,51.07142857,planted,pasture,Pasture/Hay,#DBD83D
161,cthm-09,1,2025,82,11,560,1.964285714,planted,cultivated crops,Cultivated Crops,#AA7028
162,cthm-09,2,2025,11,5,557,0.897666068,water,water,Open Water,#476BA0
162,cthm-09,2,2025,21,88,557,15.7989228,developed,developed,"Developed, Open Space",#DDC9C9
162,cthm-09,2,2025,22,20,557,3.590664273,developed,developed,"Developed, Low Intensity",#D89382
162,cthm-09,2,2025,41,113,557,20.28725314,forest,deciduous forest,Deciduous Forest,#68AA63
162,cthm-09,2,2025,42,77,557,13.82405745,forest,evergreen forest,Evergreen Forest,#1C6330
162,cthm-09,2,2025,43,119,557,21.36445242,forest,mixed forest,Mixed Forest,#B5C98E
162,cthm-09,2,2025,71,1,557,0.179533214,herbaceous,herbaceous,Grassland/Herbaceous,#E2E2C1
162,cthm-09,2,2025,81,134,557,24.05745063,planted,pasture,Pasture/Hay,#DBD83D
163,cthm-09,3,2025,21,90,558,16.12903226,developed,developed,"Developed, Open Space",#DDC9C9
163,cthm-09,3,2025,22,24,558,4.301075269,developed,developed,"Developed, Low Intensity",#D89382
163,cthm-09,3,2025,23,2,558,0.358422939,developed,developed,"Developed, Medium Intensity",#ED0000
163,cthm-09,3,2025,41,96,558,17.20430108,forest,deciduous forest,Deciduous Forest,#68AA63
163,cthm-09,3,2025,42,54,558,9.677419355,forest,evergreen forest,Evergreen Forest,#1C6330
163,cthm-09,3,2025,43,181,558,32.43727599,forest,mixed forest,Mixed Forest,#B5C98E
163,cthm-09,3,2025,71,27,558,4.838709677,herbaceous,herbaceous,Grassland/Herbaceous,#E2E2C1
163,cthm-09,3,2025,81,84,558,15.05376344,planted,pasture,Pasture/Hay,#DBD83D
164,cthm-09,4,2025,21,91,551,16.5154265,developed,developed,"Developed, Open Space",#DDC9C9
164,cthm-09,4,2025,22,33,551,5.989110708,developed,developed,"Developed, Low Intensity",#D89382
164,cthm-09,4,2025,23,1,551,0.181488203,developed,developed,"Developed, Medium Intensity",#ED0000
164,cthm-09,4,2025,41,134,551,24.31941924,forest,deciduous forest,Deciduous Forest,#68AA63
164,cthm-09,4,2025,42,78,551,14.15607985,forest,evergreen forest,Evergreen Forest,#1C6330
164,cthm-09,4,2025,43,147,551,26.67876588,forest,mixed forest,Mixed Forest,#B5C98E
164,cthm-09,4,2025,81,67,551,12.15970962,planted,pasture,Pasture/Hay,#DBD83D
165,cthm-09,5,2025,11,7,557,1.256732496,water,water,Open Water,#476BA0
165,cthm-09,5,2025,21,145,557,26.03231598,developed,developed,"Developed, Open Space",#DDC9C9
165,cthm-09,5,2025,22,43,557,7.719928187,developed,developed,"Developed, Low Intensity",#D89382
165,cthm-09,5,2025,41,77,557,13.82405745,forest,deciduous forest,Deciduous Forest,#68AA63
165,cthm-09,5,2025,42,126,557,22.62118492,forest,evergreen forest,Evergreen Forest,#1C6330
165,cthm-09,5,2025,43,146,557,26.21184919,forest,mixed forest,Mixed Forest,#B5C98E
165,cthm-09,5,2025,71,1,557,0.179533214,herbaceous,herbaceous,Grassland/Herbaceous,#E2E2C1
165,cthm-09,5,2025,81,12,557,2.154398564,planted,pasture,Pasture/Hay,#DBD83D
166,cthm-09,6,2025,21,83,554,14.98194946,developed,developed,"Developed, Open Space",#DDC9C9
166,cthm-09,6,2025,22,38,554,6.859205776,developed,developed,"Developed, Low Intensity",#D89382
166,cthm-09,6,2025,23,12,554,2.166064982,developed,developed,"Developed, Medium Intensity",#ED0000
166,cthm-09,6,2025,24,4,554,0.722021661,developed,developed,"Developed, High Intensity",#AA0000
166,cthm-09,6,2025,41,71,554,12.81588448,forest,deciduous forest,Deciduous Forest,#68AA63
166,cthm-09,6,2025,42,181,554,32.67148014,forest,evergreen forest,Evergreen Forest,#1C6330
166,cthm-09,6,2025,43,150,554,27.07581227,forest,mixed forest,Mixed Forest,#B5C98E
166,cthm-09,6,2025,71,3,554,0.541516245,herbaceous,herbaceous,Grassland/Herbaceous,#E2E2C1
166,cthm-09,6,2025,81,12,554,2.166064982,planted,pasture,Pasture/Hay,#DBD83D
167,cthm-09,7,2025,21,88,560,15.71428571,developed,developed,"Developed, Open Space",#DDC9C9
167,cthm-09,7,2025,22,32,560,5.714285714,developed,developed,"Developed, Low Intensity",#D89382
167,cthm-09,7,2025,23,2,560,0.357142857,developed,developed,"Developed, Medium Intensity",#ED0000
167,cthm-09,7,2025,41,47,560,8.392857143,forest,deciduous forest,Deciduous Forest,#68AA63
167,cthm-09,7,2025,42,178,560,31.78571429,forest,evergreen forest,Evergreen Forest,#1C6330
167,cthm-09,7,2025,43,213,560,38.03571429,forest,mixed forest,Mixed Forest,#B5C98E
168,cthm-09,8,2025,21,148,560,26.42857143,developed,developed,"Developed, Open Space",#DDC9C9
168,cthm-09,8,2025,22,28,560,5,developed,developed,"Developed, Low Intensity",#D89382
168,cthm-09,8,2025,23,8,560,1.428571429,developed,developed,"Developed, Medium Intensity",#ED0000
168,cthm-09,8,2025,41,10,560,1.785714286,forest,deciduous forest,Deciduous Forest,#68AA63
168,cthm-09,8,2025,42,239,560,42.67857143,forest,evergreen forest,Evergreen Forest,#1C6330
168,cthm-09,8,2025,43,118,560,21.07142857,forest,mixed forest,Mixed Forest,#B5C98E
168,cthm-09,8,2025,81,9,560,1.607142857,planted,pasture,Pasture/Hay,#DBD83D
169,cthm-09,9,2025,21,148,560,26.42857143,developed,developed,"Developed, Open Space",#DDC9C9
169,cthm-09,9,2025,22,28,560,5,developed,developed,"Developed, Low Intensity",#D89382
169,cthm-09,9,2025,23,8,560,1.428571429,developed,developed,"Developed, Medium Intensity",#ED0000
169,cthm-09,9,2025,41,10,560,1.785714286,forest,deciduous forest,Deciduous Forest,#68AA63
169,cthm-09,9,2025,42,239,560,42.67857143,forest,evergreen forest,Evergreen Forest,#1C6330
169,cthm-09,9,2025,43,118,560,21.07142857,forest,mixed forest,Mixed Forest,#B5C98E
169,cthm-09,9,2025,81,9,560,1.607142857,planted,pasture,Pasture/Hay,#DBD83D
170,cthm-09,10,2025,21,92,561,16.39928699,developed,developed,"Developed, Open Space",#DDC9C9
170,cthm-09,10,2025,22,36,561,6.417112299,developed,developed,"Developed, Low Intensity",#D89382
170,cthm-09,10,2025,23,1,561,0.178253119,developed,developed,"Developed, Medium Intensity",#ED0000
170,cthm-09,10,2025,41,93,561,16.57754011,forest,deciduous forest,Deciduous Forest,#68AA63
170,cthm-09,10,2025,42,65,561,11.58645276,forest,evergreen forest,Evergreen Forest,#1C6330
170,cthm-09,10,2025,43,251,561,44.74153298,forest,mixed forest,Mixed Forest,#B5C98E
170,cthm-09,10,2025,52,6,561,1.069518717,shrubland,shrubland,Scrub/Shrub,#CCBA7C
170,cthm-09,10,2025,71,10,561,1.782531194,herbaceous,herbaceous,Grassland/Herbaceous,#E2E2C1
170,cthm-09,10,2025,81,7,561,1.247771836,planted,pasture,Pasture/Hay,#DBD83D
171,cthm-09,11,2025,11,1,554,0.180505415,water,water,Open Water,#476BA0
171,cthm-09,11,2025,21,144,554,25.99277978,developed,developed,"Developed, Open Space",#DDC9C9
171,cthm-09,11,2025,22,64,554,11.55234657,developed,developed,"Developed, Low Intensity",#D89382
171,cthm-09,11,2025,23,1,554,0.180505415,developed,developed,"Developed, Medium Intensity",#ED0000
171,cthm-09,11,2025,41,31,554,5.59566787,forest,deciduous forest,Deciduous Forest,#68AA63
171,cthm-09,11,2025,42,179,554,32.31046931,forest,evergreen forest,Evergreen Forest,#1C6330
171,cthm-09,11,2025,43,111,554,20.03610108,forest,mixed forest,Mixed Forest,#B5C98E
171,cthm-09,11,2025,52,1,554,0.180505415,shrubland,shrubland,Scrub/Shrub,#CCBA7C
171,cthm-09,11,2025,71,19,554,3.429602888,herbaceous,herbaceous,Grassland/Herbaceous,#E2E2C1
171,cthm-09,11,2025,81,3,554,0.541516245,planted,pasture,Pasture/Hay,#DBD83D
172,cthm-09,12,2025,21,48,560,8.571428571,developed,developed,"Developed, Open Space",#DDC9C9
172,cthm-09,12,2025,22,27,560,4.821428571,developed,developed,"Developed, Low Intensity",#D89382
172,cthm-09,12,2025,23,1,560,0.178571429,developed,developed,"Developed, Medium Intensity",#ED0000
172,cthm-09,12,2025,41,2,560,0.357142857,forest,deciduous forest,Deciduous Forest,#68AA63
172,cthm-09,12,2025,42,421,560,75.17857143,forest,evergreen forest,Evergreen Forest,#1C6330
172,cthm-09,12,2025,43,44,560,7.857142857,forest,mixed forest,Mixed Forest,#B5C98E
172,cthm-09,12,2025,52,4,560,0.714285714,shrubland,shrubland,Scrub/Shrub,#CCBA7C
172,cthm-09,12,2025,71,9,560,1.607142857,herbaceous,herbaceous,Grassland/Herbaceous,#E2E2C1
172,cthm-09,12,2025,81,4,560,0.714285714,planted,pasture,Pasture/Hay,#DBD83D
173,cthm-09,13,2025,11,1,560,0.178571429,water,water,Open Water,#476BA0
173,cthm-09,13,2025,21,78,560,13.92857143,developed,developed,"Developed, Open Space",#DDC9C9
173,cthm-09,13,2025,22,79,560,14.10714286,developed,developed,"Developed, Low Intensity",#D89382
173,cthm-09,13,2025,23,5,560,0.892857143,developed,developed,"Developed, Medium Intensity",#ED0000
173,cthm-09,13,2025,41,7,560,1.25,forest,deciduous forest,Deciduous Forest,#68AA63
173,cthm-09,13,2025,42,255,560,45.53571429,forest,evergreen forest,Evergreen Forest,#1C6330
173,cthm-09,13,2025,43,97,560,17.32142857,forest,mixed forest,Mixed Forest,#B5C98E
173,cthm-09,13,2025,52,2,560,0.357142857,shrubland,shrubland,Scrub/Shrub,#CCBA7C
173,cthm-09,13,2025,71,28,560,5,herbaceous,herbaceous,Grassland/Herbaceous,#E2E2C1
173,cthm-09,13,2025,81,8,560,1.428571429,planted,pasture,Pasture/Hay,#DBD83D
174,cthm-09,14,2025,21,60,561,10.69518717,developed,developed,"Developed, Open Space",#DDC9C9
174,cthm-09,14,2025,22,14,561,2.495543672,developed,developed,"Developed, Low Intensity",#D89382
174,cthm-09,14,2025,41,15,561,2.673796791,forest,deciduous forest,Deciduous Forest,#68AA63
174,cthm-09,14,2025,42,307,561,54.72370766,forest,evergreen forest,Evergreen Forest,#1C6330
174,cthm-09,14,2025,43,91,561,16.22103387,forest,mixed forest,Mixed Forest,#B5C98E
174,cthm-09,14,2025,52,43,561,7.664884135,shrubland,shrubland,Scrub/Shrub,#CCBA7C
174,cthm-09,14,2025,71,31,561,5.525846702,herbaceous,herbaceous,Grassland/Herbaceous,#E2E2C1
175,cthm-09,15,2025,21,74,562,13.16725979,developed,developed,"Developed, Open Space",#DDC9C9
175,cthm-09,15,2025,22,18,562,3.202846975,developed,developed,"Developed, Low Intensity",#D89382
175,cthm-09,15,2025,41,64,562,11.38790036,forest,deciduous forest,Deciduous Forest,#68AA63
175,cthm-09,15,2025,42,182,562,32.38434164,forest,evergreen forest,Evergreen Forest,#1C6330
175,cthm-09,15,2025,43,223,562,39.6797153,forest,mixed forest,Mixed Forest,#B5C98E
175,cthm-09,15,2025,52,1,562,0.177935943,shrubland,shrubland,Scrub/Shrub,#CCBA7C
176,cthm-09,16,2025,11,2,553,0.361663653,water,water,Open Water,#476BA0
176,cthm-09,16,2025,21,47,553,8.499095841,developed,developed,"Developed, Open Space",#DDC9C9
176,cthm-09,16,2025,22,20,553,3.616636528,developed,developed,"Developed, Low Intensity",#D89382
176,cthm-09,16,2025,41,31,553,5.605786618,forest,deciduous forest,Deciduous Forest,#68AA63
176,cthm-09,16,2025,42,318,553,57.5045208,forest,evergreen forest,Evergreen Forest,#1C6330
176,cthm-09,16,2025,43,135,553,24.41229656,forest,mixed forest,Mixed Forest,#B5C98E
177,cthm-09,17,2025,21,27,559,4.830053667,developed,developed,"Developed, Open Space",#DDC9C9
177,cthm-09,17,2025,22,64,559,11.4490161,developed,developed,"Developed, Low Intensity",#D89382
177,cthm-09,17,2025,23,65,559,11.62790698,developed,developed,"Developed, Medium Intensity",#ED0000
177,cthm-09,17,2025,24,30,559,5.366726297,developed,developed,"Developed, High Intensity",#AA0000
177,cthm-09,17,2025,41,111,559,19.8568873,forest,deciduous forest,Deciduous Forest,#68AA63
177,cthm-09,17,2025,42,93,559,16.63685152,forest,evergreen forest,Evergreen Forest,#1C6330
177,cthm-09,17,2025,43,169,559,30.23255814,forest,mixed forest,Mixed Forest,#B5C98E
178,cthm-09,18,2025,21,62,560,11.07142857,developed,developed,"Developed, Open Space",#DDC9C9
178,cthm-09,18,2025,22,23,560,4.107142857,developed,developed,"Developed, Low Intensity",#D89382
178,cthm-09,18,2025,23,3,560,0.535714286,developed,developed,"Developed, Medium Intensity",#ED0000
178,cthm-09,18,2025,41,11,560,1.964285714,forest,deciduous forest,Deciduous Forest,#68AA63
178,cthm-09,18,2025,42,304,560,54.28571429,forest,evergreen forest,Evergreen Forest,#1C6330
178,cthm-09,18,2025,43,92,560,16.42857143,forest,mixed forest,Mixed Forest,#B5C98E
178,cthm-09,18,2025,52,5,560,0.892857143,shrubland,shrubland,Scrub/Shrub,#CCBA7C
178,cthm-09,18,2025,71,4,560,0.714285714,herbaceous,herbaceous,Grassland/Herbaceous,#E2E2C1
178,cthm-09,18,2025,81,56,560,10,planted,pasture,Pasture/Hay,#DBD83D
179,cthm-09,19,2025,11,1,560,0.178571429,water,water,Open Water,#476BA0
179,cthm-09,19,2025,21,71,560,12.67857143,developed,developed,"Developed, Open Space",#DDC9C9
179,cthm-09,19,2025,22,21,560,3.75,developed,developed,"Developed, Low Intensity",#D89382
179,cthm-09,19,2025,41,2,560,0.357142857,forest,deciduous forest,Deciduous Forest,#68AA63
179,cthm-09,19,2025,42,349,560,62.32142857,forest,evergreen forest,Evergreen Forest,#1C6330
179,cthm-09,19,2025,43,67,560,11.96428571,forest,mixed forest,Mixed Forest,#B5C98E
179,cthm-09,19,2025,52,9,560,1.607142857,shrubland,shrubland,Scrub/Shrub,#CCBA7C
179,cthm-09,19,2025,71,18,560,3.214285714,herbaceous,herbaceous,Grassland/Herbaceous,#E2E2C1
179,cthm-09,19,2025,81,22,560,3.928571429,planted,pasture,Pasture/Hay,#DBD83D
180,cthm-09,20,2025,11,1,557,0.179533214,water,water,Open Water,#476BA0
180,cthm-09,20,2025,21,58,557,10.41292639,developed,developed,"Developed, Open Space",#DDC9C9
180,cthm-09,20,2025,22,7,557,1.256732496,developed,developed,"Developed, Low Intensity",#D89382
180,cthm-09,20,2025,23,1,557,0.179533214,developed,developed,"Developed, Medium Intensity",#ED0000
180,cthm-09,20,2025,NA,8,557,1.436265709,NA,NA,Barren Land,NA
180,cthm-09,20,2025,41,6,557,1.077199282,forest,deciduous forest,Deciduous Forest,#68AA63
180,cthm-09,20,2025,42,414,557,74.32675045,forest,evergreen forest,Evergreen Forest,#1C6330
180,cthm-09,20,2025,43,32,557,5.745062837,forest,mixed forest,Mixed Forest,#B5C98E
180,cthm-09,20,2025,52,2,557,0.359066427,shrubland,shrubland,Scrub/Shrub,#CCBA7C
180,cthm-09,20,2025,71,23,557,4.129263914,herbaceous,herbaceous,Grassland/Herbaceous,#E2E2C1
180,cthm-09,20,2025,81,5,557,0.897666068,planted,pasture,Pasture/Hay,#DBD83D
181,cthm-10,1,2025,21,72,556,12.94964029,developed,developed,"Developed, Open Space",#DDC9C9
181,cthm-10,1,2025,22,2,556,0.35971223,developed,developed,"Developed, Low Intensity",#D89382
181,cthm-10,1,2025,41,294,556,52.87769784,forest,deciduous forest,Deciduous Forest,#68AA63
181,cthm-10,1,2025,42,93,556,16.72661871,forest,evergreen forest,Evergreen Forest,#1C6330
181,cthm-10,1,2025,43,93,556,16.72661871,forest,mixed forest,Mixed Forest,#B5C98E
181,cthm-10,1,2025,52,2,556,0.35971223,shrubland,shrubland,Scrub/Shrub,#CCBA7C
182,cthm-10,2,2025,21,83,561,14.79500891,developed,developed,"Developed, Open Space",#DDC9C9
182,cthm-10,2,2025,22,53,561,9.44741533,developed,developed,"Developed, Low Intensity",#D89382
182,cthm-10,2,2025,41,136,561,24.24242424,forest,deciduous forest,Deciduous Forest,#68AA63
182,cthm-10,2,2025,42,58,561,10.33868093,forest,evergreen forest,Evergreen Forest,#1C6330
182,cthm-10,2,2025,43,145,561,25.84670232,forest,mixed forest,Mixed Forest,#B5C98E
182,cthm-10,2,2025,52,86,561,15.32976827,shrubland,shrubland,Scrub/Shrub,#CCBA7C
183,cthm-10,3,2025,21,78,560,13.92857143,developed,developed,"Developed, Open Space",#DDC9C9
183,cthm-10,3,2025,22,6,560,1.071428571,developed,developed,"Developed, Low Intensity",#D89382
183,cthm-10,3,2025,41,179,560,31.96428571,forest,deciduous forest,Deciduous Forest,#68AA63
183,cthm-10,3,2025,42,119,560,21.25,forest,evergreen forest,Evergreen Forest,#1C6330
183,cthm-10,3,2025,43,167,560,29.82142857,forest,mixed forest,Mixed Forest,#B5C98E
183,cthm-10,3,2025,52,2,560,0.357142857,shrubland,shrubland,Scrub/Shrub,#CCBA7C
183,cthm-10,3,2025,71,6,560,1.071428571,herbaceous,herbaceous,Grassland/Herbaceous,#E2E2C1
183,cthm-10,3,2025,81,3,560,0.535714286,planted,pasture,Pasture/Hay,#DBD83D
184,cthm-10,4,2025,11,2,559,0.357781753,water,water,Open Water,#476BA0
184,cthm-10,4,2025,21,78,559,13.95348837,developed,developed,"Developed, Open Space",#DDC9C9
184,cthm-10,4,2025,22,27,559,4.830053667,developed,developed,"Developed, Low Intensity",#D89382
184,cthm-10,4,2025,41,13,559,2.325581395,forest,deciduous forest,Deciduous Forest,#68AA63
184,cthm-10,4,2025,42,209,559,37.3881932,forest,evergreen forest,Evergreen Forest,#1C6330
184,cthm-10,4,2025,43,207,559,37.03041145,forest,mixed forest,Mixed Forest,#B5C98E
184,cthm-10,4,2025,71,1,559,0.178890877,herbaceous,herbaceous,Grassland/Herbaceous,#E2E2C1
184,cthm-10,4,2025,81,22,559,3.935599284,planted,pasture,Pasture/Hay,#DBD83D
185,cthm-10,5,2025,11,2,561,0.356506239,water,water,Open Water,#476BA0
185,cthm-10,5,2025,21,83,561,14.79500891,developed,developed,"Developed, Open Space",#DDC9C9
185,cthm-10,5,2025,22,31,561,5.525846702,developed,developed,"Developed, Low Intensity",#D89382
185,cthm-10,5,2025,41,80,561,14.26024955,forest,deciduous forest,Deciduous Forest,#68AA63
185,cthm-10,5,2025,42,108,561,19.2513369,forest,evergreen forest,Evergreen Forest,#1C6330
185,cthm-10,5,2025,43,242,561,43.1372549,forest,mixed forest,Mixed Forest,#B5C98E
185,cthm-10,5,2025,71,1,561,0.178253119,herbaceous,herbaceous,Grassland/Herbaceous,#E2E2C1
185,cthm-10,5,2025,81,14,561,2.495543672,planted,pasture,Pasture/Hay,#DBD83D
186,cthm-10,6,2025,11,2,559,0.357781753,water,water,Open Water,#476BA0
186,cthm-10,6,2025,21,79,559,14.13237925,developed,developed,"Developed, Open Space",#DDC9C9
186,cthm-10,6,2025,22,24,559,4.293381038,developed,developed,"Developed, Low Intensity",#D89382
186,cthm-10,6,2025,23,2,559,0.357781753,developed,developed,"Developed, Medium Intensity",#ED0000
186,cthm-10,6,2025,41,137,559,24.50805009,forest,deciduous forest,Deciduous Forest,#68AA63
186,cthm-10,6,2025,42,57,559,10.19677996,forest,evergreen forest,Evergreen Forest,#1C6330
186,cthm-10,6,2025,43,195,559,34.88372093,forest,mixed forest,Mixed Forest,#B5C98E
186,cthm-10,6,2025,71,3,559,0.53667263,herbaceous,herbaceous,Grassland/Herbaceous,#E2E2C1
186,cthm-10,6,2025,81,60,559,10.73345259,planted,pasture,Pasture/Hay,#DBD83D
187,cthm-10,7,2025,11,1,562,0.177935943,water,water,Open Water,#476BA0
187,cthm-10,7,2025,21,57,562,10.14234875,developed,developed,"Developed, Open Space",#DDC9C9
187,cthm-10,7,2025,22,11,562,1.957295374,developed,developed,"Developed, Low Intensity",#D89382
187,cthm-10,7,2025,41,63,562,11.20996441,forest,deciduous forest,Deciduous Forest,#68AA63
187,cthm-10,7,2025,42,145,562,25.80071174,forest,evergreen forest,Evergreen Forest,#1C6330
187,cthm-10,7,2025,43,123,562,21.886121,forest,mixed forest,Mixed Forest,#B5C98E
187,cthm-10,7,2025,52,10,562,1.779359431,shrubland,shrubland,Scrub/Shrub,#CCBA7C
187,cthm-10,7,2025,71,1,562,0.177935943,herbaceous,herbaceous,Grassland/Herbaceous,#E2E2C1
187,cthm-10,7,2025,81,151,562,26.8683274,planted,pasture,Pasture/Hay,#DBD83D
188,cthm-10,8,2025,11,2,561,0.356506239,water,water,Open Water,#476BA0
188,cthm-10,8,2025,21,65,561,11.58645276,developed,developed,"Developed, Open Space",#DDC9C9
188,cthm-10,8,2025,22,22,561,3.921568627,developed,developed,"Developed, Low Intensity",#D89382
188,cthm-10,8,2025,41,159,561,28.34224599,forest,deciduous forest,Deciduous Forest,#68AA63
188,cthm-10,8,2025,42,99,561,17.64705882,forest,evergreen forest,Evergreen Forest,#1C6330
188,cthm-10,8,2025,43,171,561,30.48128342,forest,mixed forest,Mixed Forest,#B5C98E
188,cthm-10,8,2025,52,1,561,0.178253119,shrubland,shrubland,Scrub/Shrub,#CCBA7C
188,cthm-10,8,2025,71,2,561,0.356506239,herbaceous,herbaceous,Grassland/Herbaceous,#E2E2C1
188,cthm-10,8,2025,81,40,561,7.130124777,planted,pasture,Pasture/Hay,#DBD83D
189,cthm-10,9,2025,21,66,556,11.8705036,developed,developed,"Developed, Open Space",#DDC9C9
189,cthm-10,9,2025,22,24,556,4.316546763,developed,developed,"Developed, Low Intensity",#D89382
189,cthm-10,9,2025,41,95,556,17.08633094,forest,deciduous forest,Deciduous Forest,#68AA63
189,cthm-10,9,2025,42,96,556,17.26618705,forest,evergreen forest,Evergreen Forest,#1C6330
189,cthm-10,9,2025,43,192,556,34.5323741,forest,mixed forest,Mixed Forest,#B5C98E
189,cthm-10,9,2025,52,47,556,8.45323741,shrubland,shrubland,Scrub/Shrub,#CCBA7C
189,cthm-10,9,2025,71,6,556,1.079136691,herbaceous,herbaceous,Grassland/Herbaceous,#E2E2C1
189,cthm-10,9,2025,81,30,556,5.395683453,planted,pasture,Pasture/Hay,#DBD83D
190,cthm-10,10,2025,21,59,560,10.53571429,developed,developed,"Developed, Open Space",#DDC9C9
190,cthm-10,10,2025,22,11,560,1.964285714,developed,developed,"Developed, Low Intensity",#D89382
190,cthm-10,10,2025,23,2,560,0.357142857,developed,developed,"Developed, Medium Intensity",#ED0000
190,cthm-10,10,2025,41,148,560,26.42857143,forest,deciduous forest,Deciduous Forest,#68AA63
190,cthm-10,10,2025,42,145,560,25.89285714,forest,evergreen forest,Evergreen Forest,#1C6330
190,cthm-10,10,2025,43,133,560,23.75,forest,mixed forest,Mixed Forest,#B5C98E
190,cthm-10,10,2025,52,27,560,4.821428571,shrubland,shrubland,Scrub/Shrub,#CCBA7C
190,cthm-10,10,2025,71,9,560,1.607142857,herbaceous,herbaceous,Grassland/Herbaceous,#E2E2C1
190,cthm-10,10,2025,81,26,560,4.642857143,planted,pasture,Pasture/Hay,#DBD83D
191,cthm-10,11,2025,21,77,557,13.82405745,developed,developed,"Developed, Open Space",#DDC9C9
191,cthm-10,11,2025,22,30,557,5.385996409,developed,developed,"Developed, Low Intensity",#D89382
191,cthm-10,11,2025,41,160,557,28.72531418,forest,deciduous forest,Deciduous Forest,#68AA63
191,cthm-10,11,2025,42,65,557,11.66965889,forest,evergreen forest,Evergreen Forest,#1C6330
191,cthm-10,11,2025,43,160,557,28.72531418,forest,mixed forest,Mixed Forest,#B5C98E
191,cthm-10,11,2025,81,65,557,11.66965889,planted,pasture,Pasture/Hay,#DBD83D
192,cthm-10,12,2025,21,91,552,16.48550725,developed,developed,"Developed, Open Space",#DDC9C9
192,cthm-10,12,2025,22,24,552,4.347826087,developed,developed,"Developed, Low Intensity",#D89382
192,cthm-10,12,2025,41,140,552,25.36231884,forest,deciduous forest,Deciduous Forest,#68AA63
192,cthm-10,12,2025,42,45,552,8.152173913,forest,evergreen forest,Evergreen Forest,#1C6330
192,cthm-10,12,2025,43,170,552,30.79710145,forest,mixed forest,Mixed Forest,#B5C98E
192,cthm-10,12,2025,52,2,552,0.362318841,shrubland,shrubland,Scrub/Shrub,#CCBA7C
192,cthm-10,12,2025,81,80,552,14.49275362,planted,pasture,Pasture/Hay,#DBD83D
193,cthm-10,13,2025,11,8,560,1.428571429,water,water,Open Water,#476BA0
193,cthm-10,13,2025,21,84,560,15,developed,developed,"Developed, Open Space",#DDC9C9
193,cthm-10,13,2025,22,3,560,0.535714286,developed,developed,"Developed, Low Intensity",#D89382
193,cthm-10,13,2025,41,197,560,35.17857143,forest,deciduous forest,Deciduous Forest,#68AA63
193,cthm-10,13,2025,42,63,560,11.25,forest,evergreen forest,Evergreen Forest,#1C6330
193,cthm-10,13,2025,43,57,560,10.17857143,forest,mixed forest,Mixed Forest,#B5C98E
193,cthm-10,13,2025,52,1,560,0.178571429,shrubland,shrubland,Scrub/Shrub,#CCBA7C
193,cthm-10,13,2025,71,6,560,1.071428571,herbaceous,herbaceous,Grassland/Herbaceous,#E2E2C1
193,cthm-10,13,2025,81,141,560,25.17857143,planted,pasture,Pasture/Hay,#DBD83D
194,cthm-10,14,2025,21,91,559,16.27906977,developed,developed,"Developed, Open Space",#DDC9C9
194,cthm-10,14,2025,22,79,559,14.13237925,developed,developed,"Developed, Low Intensity",#D89382
194,cthm-10,14,2025,23,48,559,8.586762075,developed,developed,"Developed, Medium Intensity",#ED0000
194,cthm-10,14,2025,24,8,559,1.431127013,developed,developed,"Developed, High Intensity",#AA0000
194,cthm-10,14,2025,NA,1,559,0.178890877,NA,NA,Barren Land,NA
194,cthm-10,14,2025,41,116,559,20.75134168,forest,deciduous forest,Deciduous Forest,#68AA63
194,cthm-10,14,2025,42,97,559,17.35241503,forest,evergreen forest,Evergreen Forest,#1C6330
194,cthm-10,14,2025,43,77,559,13.7745975,forest,mixed forest,Mixed Forest,#B5C98E
194,cthm-10,14,2025,71,15,559,2.683363148,herbaceous,herbaceous,Grassland/Herbaceous,#E2E2C1
194,cthm-10,14,2025,81,27,559,4.830053667,planted,pasture,Pasture/Hay,#DBD83D
195,cthm-10,15,2025,21,80,556,14.38848921,developed,developed,"Developed, Open Space",#DDC9C9
195,cthm-10,15,2025,22,34,556,6.115107914,developed,developed,"Developed, Low Intensity",#D89382
195,cthm-10,15,2025,23,23,556,4.136690647,developed,developed,"Developed, Medium Intensity",#ED0000
195,cthm-10,15,2025,24,6,556,1.079136691,developed,developed,"Developed, High Intensity",#AA0000
195,cthm-10,15,2025,41,157,556,28.23741007,forest,deciduous forest,Deciduous Forest,#68AA63
195,cthm-10,15,2025,42,83,556,14.92805755,forest,evergreen forest,Evergreen Forest,#1C6330
195,cthm-10,15,2025,43,123,556,22.12230216,forest,mixed forest,Mixed Forest,#B5C98E
195,cthm-10,15,2025,71,43,556,7.73381295,herbaceous,herbaceous,Grassland/Herbaceous,#E2E2C1
195,cthm-10,15,2025,81,4,556,0.71942446,planted,pasture,Pasture/Hay,#DBD83D
195,cthm-10,15,2025,90,3,556,0.539568345,wetlands,wetlands,Woody Wetlands,#BAD8EA
196,cthm-10,16,2025,21,228,558,40.86021505,developed,developed,"Developed, Open Space",#DDC9C9
196,cthm-10,16,2025,22,189,558,33.87096774,developed,developed,"Developed, Low Intensity",#D89382
196,cthm-10,16,2025,23,41,558,7.347670251,developed,developed,"Developed, Medium Intensity",#ED0000
196,cthm-10,16,2025,24,4,558,0.716845878,developed,developed,"Developed, High Intensity",#AA0000
196,cthm-10,16,2025,41,14,558,2.508960573,forest,deciduous forest,Deciduous Forest,#68AA63
196,cthm-10,16,2025,42,8,558,1.433691756,forest,evergreen forest,Evergreen Forest,#1C6330
196,cthm-10,16,2025,43,21,558,3.76344086,forest,mixed forest,Mixed Forest,#B5C98E
196,cthm-10,16,2025,81,53,558,9.498207885,planted,pasture,Pasture/Hay,#DBD83D
197,cthm-10,17,2025,21,267,562,47.5088968,developed,developed,"Developed, Open Space",#DDC9C9
197,cthm-10,17,2025,22,144,562,25.6227758,developed,developed,"Developed, Low Intensity",#D89382
197,cthm-10,17,2025,23,82,562,14.59074733,developed,developed,"Developed, Medium Intensity",#ED0000
197,cthm-10,17,2025,24,5,562,0.889679715,developed,developed,"Developed, High Intensity",#AA0000
197,cthm-10,17,2025,41,33,562,5.871886121,forest,deciduous forest,Deciduous Forest,#68AA63
197,cthm-10,17,2025,42,3,562,0.533807829,forest,evergreen forest,Evergreen Forest,#1C6330
197,cthm-10,17,2025,43,28,562,4.982206406,forest,mixed forest,Mixed Forest,#B5C98E
198,cthm-10,18,2025,21,118,553,21.33815552,developed,developed,"Developed, Open Space",#DDC9C9
198,cthm-10,18,2025,22,12,553,2.169981917,developed,developed,"Developed, Low Intensity",#D89382
198,cthm-10,18,2025,23,1,553,0.180831826,developed,developed,"Developed, Medium Intensity",#ED0000
198,cthm-10,18,2025,41,115,553,20.79566004,forest,deciduous forest,Deciduous Forest,#68AA63
198,cthm-10,18,2025,42,139,553,25.13562387,forest,evergreen forest,Evergreen Forest,#1C6330
198,cthm-10,18,2025,43,147,553,26.58227848,forest,mixed forest,Mixed Forest,#B5C98E
198,cthm-10,18,2025,81,21,553,3.797468354,planted,pasture,Pasture/Hay,#DBD83D
199,cthm-10,19,2025,11,13,552,2.355072464,water,water,Open Water,#476BA0
199,cthm-10,19,2025,21,83,552,15.03623188,developed,developed,"Developed, Open Space",#DDC9C9
199,cthm-10,19,2025,22,2,552,0.362318841,developed,developed,"Developed, Low Intensity",#D89382
199,cthm-10,19,2025,23,3,552,0.543478261,developed,developed,"Developed, Medium Intensity",#ED0000
199,cthm-10,19,2025,41,117,552,21.19565217,forest,deciduous forest,Deciduous Forest,#68AA63
199,cthm-10,19,2025,42,79,552,14.3115942,forest,evergreen forest,Evergreen Forest,#1C6330
199,cthm-10,19,2025,43,142,552,25.72463768,forest,mixed forest,Mixed Forest,#B5C98E
199,cthm-10,19,2025,71,2,552,0.362318841,herbaceous,herbaceous,Grassland/Herbaceous,#E2E2C1
199,cthm-10,19,2025,81,111,552,20.10869565,planted,pasture,Pasture/Hay,#DBD83D
200,cthm-10,20,2025,21,89,560,15.89285714,developed,developed,"Developed, Open Space",#DDC9C9
200,cthm-10,20,2025,41,331,560,59.10714286,forest,deciduous forest,Deciduous Forest,#68AA63
200,cthm-10,20,2025,42,30,560,5.357142857,forest,evergreen forest,Evergreen Forest,#1C6330
200,cthm-10,20,2025,43,103,560,18.39285714,forest,mixed forest,Mixed Forest,#B5C98E
200,cthm-10,20,2025,81,7,560,1.25,planted,pasture,Pasture/Hay,#DBD83D
201,cthm-11,1,2025,21,47,559,8.407871199,developed,developed,"Developed, Open Space",#DDC9C9
201,cthm-11,1,2025,22,12,559,2.146690519,developed,developed,"Developed, Low Intensity",#D89382
201,cthm-11,1,2025,41,64,559,11.4490161,forest,deciduous forest,Deciduous Forest,#68AA63
201,cthm-11,1,2025,42,358,559,64.04293381,forest,evergreen forest,Evergreen Forest,#1C6330
201,cthm-11,1,2025,43,51,559,9.123434705,forest,mixed forest,Mixed Forest,#B5C98E
201,cthm-11,1,2025,52,9,559,1.610017889,shrubland,shrubland,Scrub/Shrub,#CCBA7C
201,cthm-11,1,2025,71,12,559,2.146690519,herbaceous,herbaceous,Grassland/Herbaceous,#E2E2C1
201,cthm-11,1,2025,81,6,559,1.073345259,planted,pasture,Pasture/Hay,#DBD83D
202,cthm-11,2,2025,21,84,562,14.94661922,developed,developed,"Developed, Open Space",#DDC9C9
202,cthm-11,2,2025,22,16,562,2.846975089,developed,developed,"Developed, Low Intensity",#D89382
202,cthm-11,2,2025,23,23,562,4.09252669,developed,developed,"Developed, Medium Intensity",#ED0000
202,cthm-11,2,2025,24,2,562,0.355871886,developed,developed,"Developed, High Intensity",#AA0000
202,cthm-11,2,2025,41,239,562,42.52669039,forest,deciduous forest,Deciduous Forest,#68AA63
202,cthm-11,2,2025,42,22,562,3.914590747,forest,evergreen forest,Evergreen Forest,#1C6330
202,cthm-11,2,2025,43,123,562,21.886121,forest,mixed forest,Mixed Forest,#B5C98E
202,cthm-11,2,2025,52,17,562,3.024911032,shrubland,shrubland,Scrub/Shrub,#CCBA7C
202,cthm-11,2,2025,81,36,562,6.40569395,planted,pasture,Pasture/Hay,#DBD83D
203,cthm-11,3,2025,21,68,560,12.14285714,developed,developed,"Developed, Open Space",#DDC9C9
203,cthm-11,3,2025,22,10,560,1.785714286,developed,developed,"Developed, Low Intensity",#D89382
203,cthm-11,3,2025,23,1,560,0.178571429,developed,developed,"Developed, Medium Intensity",#ED0000
203,cthm-11,3,2025,41,218,560,38.92857143,forest,deciduous forest,Deciduous Forest,#68AA63
203,cthm-11,3,2025,42,3,560,0.535714286,forest,evergreen forest,Evergreen Forest,#1C6330
203,cthm-11,3,2025,43,50,560,8.928571429,forest,mixed forest,Mixed Forest,#B5C98E
203,cthm-11,3,2025,52,77,560,13.75,shrubland,shrubland,Scrub/Shrub,#CCBA7C
203,cthm-11,3,2025,71,2,560,0.357142857,herbaceous,herbaceous,Grassland/Herbaceous,#E2E2C1
203,cthm-11,3,2025,81,131,560,23.39285714,planted,pasture,Pasture/Hay,#DBD83D
204,cthm-11,4,2025,21,64,558,11.46953405,developed,developed,"Developed, Open Space",#DDC9C9
204,cthm-11,4,2025,22,7,558,1.254480287,developed,developed,"Developed, Low Intensity",#D89382
204,cthm-11,4,2025,41,138,558,24.7311828,forest,deciduous forest,Deciduous Forest,#68AA63
204,cthm-11,4,2025,42,128,558,22.9390681,forest,evergreen forest,Evergreen Forest,#1C6330
204,cthm-11,4,2025,43,90,558,16.12903226,forest,mixed forest,Mixed Forest,#B5C98E
204,cthm-11,4,2025,52,25,558,4.480286738,shrubland,shrubland,Scrub/Shrub,#CCBA7C
204,cthm-11,4,2025,71,2,558,0.358422939,herbaceous,herbaceous,Grassland/Herbaceous,#E2E2C1
204,cthm-11,4,2025,81,103,558,18.45878136,planted,pasture,Pasture/Hay,#DBD83D
204,cthm-11,4,2025,82,1,558,0.17921147,planted,cultivated crops,Cultivated Crops,#AA7028
205,cthm-11,5,2025,21,58,557,10.41292639,developed,developed,"Developed, Open Space",#DDC9C9
205,cthm-11,5,2025,22,3,557,0.538599641,developed,developed,"Developed, Low Intensity",#D89382
205,cthm-11,5,2025,41,60,557,10.77199282,forest,deciduous forest,Deciduous Forest,#68AA63
205,cthm-11,5,2025,42,183,557,32.8545781,forest,evergreen forest,Evergreen Forest,#1C6330
205,cthm-11,5,2025,43,137,557,24.59605027,forest,mixed forest,Mixed Forest,#B5C98E
205,cthm-11,5,2025,81,116,557,20.82585278,planted,pasture,Pasture/Hay,#DBD83D
206,cthm-11,6,2025,21,56,563,9.946714032,developed,developed,"Developed, Open Space",#DDC9C9
206,cthm-11,6,2025,22,7,563,1.243339254,developed,developed,"Developed, Low Intensity",#D89382
206,cthm-11,6,2025,41,126,563,22.38010657,forest,deciduous forest,Deciduous Forest,#68AA63
206,cthm-11,6,2025,42,28,563,4.973357016,forest,evergreen forest,Evergreen Forest,#1C6330
206,cthm-11,6,2025,43,206,563,36.58969805,forest,mixed forest,Mixed Forest,#B5C98E
206,cthm-11,6,2025,52,55,563,9.769094139,shrubland,shrubland,Scrub/Shrub,#CCBA7C
206,cthm-11,6,2025,71,17,563,3.019538188,herbaceous,herbaceous,Grassland/Herbaceous,#E2E2C1
206,cthm-11,6,2025,81,24,563,4.262877442,planted,pasture,Pasture/Hay,#DBD83D
206,cthm-11,6,2025,90,44,563,7.815275311,wetlands,wetlands,Woody Wetlands,#BAD8EA
207,cthm-11,7,2025,11,1,558,0.17921147,water,water,Open Water,#476BA0
207,cthm-11,7,2025,21,63,558,11.29032258,developed,developed,"Developed, Open Space",#DDC9C9
207,cthm-11,7,2025,22,24,558,4.301075269,developed,developed,"Developed, Low Intensity",#D89382
207,cthm-11,7,2025,23,25,558,4.480286738,developed,developed,"Developed, Medium Intensity",#ED0000
207,cthm-11,7,2025,41,126,558,22.58064516,forest,deciduous forest,Deciduous Forest,#68AA63
207,cthm-11,7,2025,42,63,558,11.29032258,forest,evergreen forest,Evergreen Forest,#1C6330
207,cthm-11,7,2025,43,127,558,22.75985663,forest,mixed forest,Mixed Forest,#B5C98E
207,cthm-11,7,2025,52,4,558,0.716845878,shrubland,shrubland,Scrub/Shrub,#CCBA7C
207,cthm-11,7,2025,71,10,558,1.792114695,herbaceous,herbaceous,Grassland/Herbaceous,#E2E2C1
207,cthm-11,7,2025,81,115,558,20.609319,planted,pasture,Pasture/Hay,#DBD83D
208,cthm-11,8,2025,21,46,562,8.185053381,developed,developed,"Developed, Open Space",#DDC9C9
208,cthm-11,8,2025,41,110,562,19.57295374,forest,deciduous forest,Deciduous Forest,#68AA63
208,cthm-11,8,2025,42,75,562,13.34519573,forest,evergreen forest,Evergreen Forest,#1C6330
208,cthm-11,8,2025,43,67,562,11.92170819,forest,mixed forest,Mixed Forest,#B5C98E
208,cthm-11,8,2025,52,36,562,6.40569395,shrubland,shrubland,Scrub/Shrub,#CCBA7C
208,cthm-11,8,2025,71,171,562,30.42704626,herbaceous,herbaceous,Grassland/Herbaceous,#E2E2C1
208,cthm-11,8,2025,81,57,562,10.14234875,planted,pasture,Pasture/Hay,#DBD83D
209,cthm-11,9,2025,21,74,556,13.30935252,developed,developed,"Developed, Open Space",#DDC9C9
209,cthm-11,9,2025,22,6,556,1.079136691,developed,developed,"Developed, Low Intensity",#D89382
209,cthm-11,9,2025,41,7,556,1.258992806,forest,deciduous forest,Deciduous Forest,#68AA63
209,cthm-11,9,2025,42,232,556,41.72661871,forest,evergreen forest,Evergreen Forest,#1C6330
209,cthm-11,9,2025,43,142,556,25.53956835,forest,mixed forest,Mixed Forest,#B5C98E
209,cthm-11,9,2025,71,49,556,8.81294964,herbaceous,herbaceous,Grassland/Herbaceous,#E2E2C1
209,cthm-11,9,2025,81,46,556,8.273381295,planted,pasture,Pasture/Hay,#DBD83D
210,cthm-11,10,2025,21,49,561,8.734402852,developed,developed,"Developed, Open Space",#DDC9C9
210,cthm-11,10,2025,22,5,561,0.891265597,developed,developed,"Developed, Low Intensity",#D89382
210,cthm-11,10,2025,41,98,561,17.4688057,forest,deciduous forest,Deciduous Forest,#68AA63
210,cthm-11,10,2025,42,79,561,14.08199643,forest,evergreen forest,Evergreen Forest,#1C6330
210,cthm-11,10,2025,43,137,561,24.42067736,forest,mixed forest,Mixed Forest,#B5C98E
210,cthm-11,10,2025,81,189,561,33.68983957,planted,pasture,Pasture/Hay,#DBD83D
210,cthm-11,10,2025,90,4,561,0.713012478,wetlands,wetlands,Woody Wetlands,#BAD8EA
211,cthm-11,11,2025,11,1,553,0.180831826,water,water,Open Water,#476BA0
211,cthm-11,11,2025,21,89,553,16.09403255,developed,developed,"Developed, Open Space",#DDC9C9
211,cthm-11,11,2025,22,13,553,2.350813743,developed,developed,"Developed, Low Intensity",#D89382
211,cthm-11,11,2025,23,2,553,0.361663653,developed,developed,"Developed, Medium Intensity",#ED0000
211,cthm-11,11,2025,41,248,553,44.84629295,forest,deciduous forest,Deciduous Forest,#68AA63
211,cthm-11,11,2025,42,29,553,5.244122966,forest,evergreen forest,Evergreen Forest,#1C6330
211,cthm-11,11,2025,43,80,553,14.46654611,forest,mixed forest,Mixed Forest,#B5C98E
211,cthm-11,11,2025,81,91,553,16.4556962,planted,pasture,Pasture/Hay,#DBD83D
212,cthm-11,12,2025,21,44,556,7.913669065,developed,developed,"Developed, Open Space",#DDC9C9
212,cthm-11,12,2025,41,239,556,42.98561151,forest,deciduous forest,Deciduous Forest,#68AA63
212,cthm-11,12,2025,42,59,556,10.61151079,forest,evergreen forest,Evergreen Forest,#1C6330
212,cthm-11,12,2025,43,148,556,26.61870504,forest,mixed forest,Mixed Forest,#B5C98E
212,cthm-11,12,2025,52,62,556,11.15107914,shrubland,shrubland,Scrub/Shrub,#CCBA7C
212,cthm-11,12,2025,81,4,556,0.71942446,planted,pasture,Pasture/Hay,#DBD83D
213,cthm-11,13,2025,21,67,555,12.07207207,developed,developed,"Developed, Open Space",#DDC9C9
213,cthm-11,13,2025,22,11,555,1.981981982,developed,developed,"Developed, Low Intensity",#D89382
213,cthm-11,13,2025,23,1,555,0.18018018,developed,developed,"Developed, Medium Intensity",#ED0000
213,cthm-11,13,2025,41,38,555,6.846846847,forest,deciduous forest,Deciduous Forest,#68AA63
213,cthm-11,13,2025,42,286,555,51.53153153,forest,evergreen forest,Evergreen Forest,#1C6330
213,cthm-11,13,2025,43,143,555,25.76576577,forest,mixed forest,Mixed Forest,#B5C98E
213,cthm-11,13,2025,52,1,555,0.18018018,shrubland,shrubland,Scrub/Shrub,#CCBA7C
213,cthm-11,13,2025,81,8,555,1.441441441,planted,pasture,Pasture/Hay,#DBD83D
214,cthm-11,14,2025,11,3,554,0.541516245,water,water,Open Water,#476BA0
214,cthm-11,14,2025,21,44,554,7.942238267,developed,developed,"Developed, Open Space",#DDC9C9
214,cthm-11,14,2025,22,3,554,0.541516245,developed,developed,"Developed, Low Intensity",#D89382
214,cthm-11,14,2025,41,130,554,23.46570397,forest,deciduous forest,Deciduous Forest,#68AA63
214,cthm-11,14,2025,42,208,554,37.54512635,forest,evergreen forest,Evergreen Forest,#1C6330
214,cthm-11,14,2025,43,137,554,24.72924188,forest,mixed forest,Mixed Forest,#B5C98E
214,cthm-11,14,2025,52,29,554,5.23465704,shrubland,shrubland,Scrub/Shrub,#CCBA7C
215,cthm-11,15,2025,21,46,559,8.228980322,developed,developed,"Developed, Open Space",#DDC9C9
215,cthm-11,15,2025,22,6,559,1.073345259,developed,developed,"Developed, Low Intensity",#D89382
215,cthm-11,15,2025,41,148,559,26.47584973,forest,deciduous forest,Deciduous Forest,#68AA63
215,cthm-11,15,2025,42,100,559,17.88908766,forest,evergreen forest,Evergreen Forest,#1C6330
215,cthm-11,15,2025,43,113,559,20.21466905,forest,mixed forest,Mixed Forest,#B5C98E
215,cthm-11,15,2025,52,137,559,24.50805009,shrubland,shrubland,Scrub/Shrub,#CCBA7C
215,cthm-11,15,2025,71,9,559,1.610017889,herbaceous,herbaceous,Grassland/Herbaceous,#E2E2C1
216,cthm-11,16,2025,11,5,555,0.900900901,water,water,Open Water,#476BA0
216,cthm-11,16,2025,21,57,555,10.27027027,developed,developed,"Developed, Open Space",#DDC9C9
216,cthm-11,16,2025,22,16,555,2.882882883,developed,developed,"Developed, Low Intensity",#D89382
216,cthm-11,16,2025,23,1,555,0.18018018,developed,developed,"Developed, Medium Intensity",#ED0000
216,cthm-11,16,2025,41,171,555,30.81081081,forest,deciduous forest,Deciduous Forest,#68AA63
216,cthm-11,16,2025,42,65,555,11.71171171,forest,evergreen forest,Evergreen Forest,#1C6330
216,cthm-11,16,2025,43,113,555,20.36036036,forest,mixed forest,Mixed Forest,#B5C98E
216,cthm-11,16,2025,52,44,555,7.927927928,shrubland,shrubland,Scrub/Shrub,#CCBA7C
216,cthm-11,16,2025,81,83,555,14.95495495,planted,pasture,Pasture/Hay,#DBD83D
217,cthm-11,17,2025,21,70,563,12.43339254,developed,developed,"Developed, Open Space",#DDC9C9
217,cthm-11,17,2025,22,13,563,2.309058615,developed,developed,"Developed, Low Intensity",#D89382
217,cthm-11,17,2025,23,2,563,0.355239787,developed,developed,"Developed, Medium Intensity",#ED0000
217,cthm-11,17,2025,41,254,563,45.11545293,forest,deciduous forest,Deciduous Forest,#68AA63
217,cthm-11,17,2025,42,56,563,9.946714032,forest,evergreen forest,Evergreen Forest,#1C6330
217,cthm-11,17,2025,43,73,563,12.96625222,forest,mixed forest,Mixed Forest,#B5C98E
217,cthm-11,17,2025,52,16,563,2.841918295,shrubland,shrubland,Scrub/Shrub,#CCBA7C
217,cthm-11,17,2025,71,4,563,0.710479574,herbaceous,herbaceous,Grassland/Herbaceous,#E2E2C1
217,cthm-11,17,2025,81,75,563,13.32149201,planted,pasture,Pasture/Hay,#DBD83D
218,cthm-11,18,2025,21,69,552,12.5,developed,developed,"Developed, Open Space",#DDC9C9
218,cthm-11,18,2025,22,3,552,0.543478261,developed,developed,"Developed, Low Intensity",#D89382
218,cthm-11,18,2025,23,3,552,0.543478261,developed,developed,"Developed, Medium Intensity",#ED0000
218,cthm-11,18,2025,41,228,552,41.30434783,forest,deciduous forest,Deciduous Forest,#68AA63
218,cthm-11,18,2025,42,87,552,15.76086957,forest,evergreen forest,Evergreen Forest,#1C6330
218,cthm-11,18,2025,43,157,552,28.44202899,forest,mixed forest,Mixed Forest,#B5C98E
218,cthm-11,18,2025,71,1,552,0.18115942,herbaceous,herbaceous,Grassland/Herbaceous,#E2E2C1
218,cthm-11,18,2025,81,4,552,0.724637681,planted,pasture,Pasture/Hay,#DBD83D
219,cthm-11,19,2025,11,2,559,0.357781753,water,water,Open Water,#476BA0
219,cthm-11,19,2025,21,75,559,13.41681574,developed,developed,"Developed, Open Space",#DDC9C9
219,cthm-11,19,2025,22,4,559,0.715563506,developed,developed,"Developed, Low Intensity",#D89382
219,cthm-11,19,2025,41,143,559,25.58139535,forest,deciduous forest,Deciduous Forest,#68AA63
219,cthm-11,19,2025,42,100,559,17.88908766,forest,evergreen forest,Evergreen Forest,#1C6330
219,cthm-11,19,2025,43,171,559,30.59033989,forest,mixed forest,Mixed Forest,#B5C98E
219,cthm-11,19,2025,81,64,559,11.4490161,planted,pasture,Pasture/Hay,#DBD83D
220,cthm-11,20,2025,21,88,555,15.85585586,developed,developed,"Developed, Open Space",#DDC9C9
220,cthm-11,20,2025,22,41,555,7.387387387,developed,developed,"Developed, Low Intensity",#D89382
220,cthm-11,20,2025,23,2,555,0.36036036,developed,developed,"Developed, Medium Intensity",#ED0000
220,cthm-11,20,2025,41,93,555,16.75675676,forest,deciduous forest,Deciduous Forest,#68AA63
220,cthm-11,20,2025,42,153,555,27.56756757,forest,evergreen forest,Evergreen Forest,#1C6330
220,cthm-11,20,2025,43,128,555,23.06306306,forest,mixed forest,Mixed Forest,#B5C98E
220,cthm-11,20,2025,52,5,555,0.900900901,shrubland,shrubland,Scrub/Shrub,#CCBA7C
220,cthm-11,20,2025,71,6,555,1.081081081,herbaceous,herbaceous,Grassland/Herbaceous,#E2E2C1
220,cthm-11,20,2025,81,39,555,7.027027027,planted,pasture,Pasture/Hay,#DBD83D
221,cthm-12,1,2025,11,3,559,0.53667263,water,water,Open Water,#476BA0
221,cthm-12,1,2025,21,68,559,12.16457961,developed,developed,"Developed, Open Space",#DDC9C9
221,cthm-12,1,2025,22,9,559,1.610017889,developed,developed,"Developed, Low Intensity",#D89382
221,cthm-12,1,2025,23,11,559,1.967799642,developed,developed,"Developed, Medium Intensity",#ED0000
221,cthm-12,1,2025,41,119,559,21.28801431,forest,deciduous forest,Deciduous Forest,#68AA63
221,cthm-12,1,2025,43,28,559,5.008944544,forest,mixed forest,Mixed Forest,#B5C98E
221,cthm-12,1,2025,81,321,559,57.42397138,planted,pasture,Pasture/Hay,#DBD83D
222,cthm-12,2,2025,11,1,553,0.180831826,water,water,Open Water,#476BA0
222,cthm-12,2,2025,21,47,553,8.499095841,developed,developed,"Developed, Open Space",#DDC9C9
222,cthm-12,2,2025,22,3,553,0.542495479,developed,developed,"Developed, Low Intensity",#D89382
222,cthm-12,2,2025,41,190,553,34.35804702,forest,deciduous forest,Deciduous Forest,#68AA63
222,cthm-12,2,2025,42,46,553,8.318264014,forest,evergreen forest,Evergreen Forest,#1C6330
222,cthm-12,2,2025,43,35,553,6.329113924,forest,mixed forest,Mixed Forest,#B5C98E
222,cthm-12,2,2025,52,42,553,7.594936709,shrubland,shrubland,Scrub/Shrub,#CCBA7C
222,cthm-12,2,2025,71,1,553,0.180831826,herbaceous,herbaceous,Grassland/Herbaceous,#E2E2C1
222,cthm-12,2,2025,81,188,553,33.99638336,planted,pasture,Pasture/Hay,#DBD83D
223,cthm-12,3,2025,21,53,557,9.515260323,developed,developed,"Developed, Open Space",#DDC9C9
223,cthm-12,3,2025,41,120,557,21.54398564,forest,deciduous forest,Deciduous Forest,#68AA63
223,cthm-12,3,2025,43,83,557,14.90125673,forest,mixed forest,Mixed Forest,#B5C98E
223,cthm-12,3,2025,81,301,557,54.03949731,planted,pasture,Pasture/Hay,#DBD83D
224,cthm-12,4,2025,21,110,559,19.67799642,developed,developed,"Developed, Open Space",#DDC9C9
224,cthm-12,4,2025,22,1,559,0.178890877,developed,developed,"Developed, Low Intensity",#D89382
224,cthm-12,4,2025,41,123,559,22.00357782,forest,deciduous forest,Deciduous Forest,#68AA63
224,cthm-12,4,2025,42,20,559,3.577817531,forest,evergreen forest,Evergreen Forest,#1C6330
224,cthm-12,4,2025,43,97,559,17.35241503,forest,mixed forest,Mixed Forest,#B5C98E
224,cthm-12,4,2025,81,201,559,35.95706619,planted,pasture,Pasture/Hay,#DBD83D
224,cthm-12,4,2025,82,7,559,1.252236136,planted,cultivated crops,Cultivated Crops,#AA7028
225,cthm-12,5,2025,21,48,560,8.571428571,developed,developed,"Developed, Open Space",#DDC9C9
225,cthm-12,5,2025,41,165,560,29.46428571,forest,deciduous forest,Deciduous Forest,#68AA63
225,cthm-12,5,2025,42,110,560,19.64285714,forest,evergreen forest,Evergreen Forest,#1C6330
225,cthm-12,5,2025,43,25,560,4.464285714,forest,mixed forest,Mixed Forest,#B5C98E
225,cthm-12,5,2025,81,212,560,37.85714286,planted,pasture,Pasture/Hay,#DBD83D
226,cthm-12,6,2025,21,110,563,19.53818828,developed,developed,"Developed, Open Space",#DDC9C9
226,cthm-12,6,2025,22,29,563,5.150976909,developed,developed,"Developed, Low Intensity",#D89382
226,cthm-12,6,2025,23,11,563,1.953818828,developed,developed,"Developed, Medium Intensity",#ED0000
226,cthm-12,6,2025,41,248,563,44.04973357,forest,deciduous forest,Deciduous Forest,#68AA63
226,cthm-12,6,2025,42,21,563,3.730017762,forest,evergreen forest,Evergreen Forest,#1C6330
226,cthm-12,6,2025,43,33,563,5.861456483,forest,mixed forest,Mixed Forest,#B5C98E
226,cthm-12,6,2025,52,1,563,0.177619893,shrubland,shrubland,Scrub/Shrub,#CCBA7C
226,cthm-12,6,2025,71,1,563,0.177619893,herbaceous,herbaceous,Grassland/Herbaceous,#E2E2C1
226,cthm-12,6,2025,81,109,563,19.36056838,planted,pasture,Pasture/Hay,#DBD83D
227,cthm-12,7,2025,11,5,559,0.894454383,water,water,Open Water,#476BA0
227,cthm-12,7,2025,21,73,559,13.05903399,developed,developed,"Developed, Open Space",#DDC9C9
227,cthm-12,7,2025,22,3,559,0.53667263,developed,developed,"Developed, Low Intensity",#D89382
227,cthm-12,7,2025,41,104,559,18.60465116,forest,deciduous forest,Deciduous Forest,#68AA63
227,cthm-12,7,2025,43,7,559,1.252236136,forest,mixed forest,Mixed Forest,#B5C98E
227,cthm-12,7,2025,81,367,559,65.6529517,planted,pasture,Pasture/Hay,#DBD83D
228,cthm-12,8,2025,11,10,556,1.798561151,water,water,Open Water,#476BA0
228,cthm-12,8,2025,21,47,556,8.45323741,developed,developed,"Developed, Open Space",#DDC9C9
228,cthm-12,8,2025,22,6,556,1.079136691,developed,developed,"Developed, Low Intensity",#D89382
228,cthm-12,8,2025,41,77,556,13.84892086,forest,deciduous forest,Deciduous Forest,#68AA63
228,cthm-12,8,2025,43,32,556,5.755395683,forest,mixed forest,Mixed Forest,#B5C98E
228,cthm-12,8,2025,81,384,556,69.0647482,planted,pasture,Pasture/Hay,#DBD83D
229,cthm-12,9,2025,11,3,551,0.54446461,water,water,Open Water,#476BA0
229,cthm-12,9,2025,21,60,551,10.8892922,developed,developed,"Developed, Open Space",#DDC9C9
229,cthm-12,9,2025,41,103,551,18.69328494,forest,deciduous forest,Deciduous Forest,#68AA63
229,cthm-12,9,2025,42,18,551,3.266787659,forest,evergreen forest,Evergreen Forest,#1C6330
229,cthm-12,9,2025,43,12,551,2.177858439,forest,mixed forest,Mixed Forest,#B5C98E
229,cthm-12,9,2025,71,2,551,0.362976407,herbaceous,herbaceous,Grassland/Herbaceous,#E2E2C1
229,cthm-12,9,2025,81,352,551,63.88384755,planted,pasture,Pasture/Hay,#DBD83D
229,cthm-12,9,2025,90,1,551,0.181488203,wetlands,wetlands,Woody Wetlands,#BAD8EA
230,cthm-12,10,2025,11,1,558,0.17921147,water,water,Open Water,#476BA0
230,cthm-12,10,2025,21,97,558,17.38351254,developed,developed,"Developed, Open Space",#DDC9C9
230,cthm-12,10,2025,22,12,558,2.150537634,developed,developed,"Developed, Low Intensity",#D89382
230,cthm-12,10,2025,41,114,558,20.43010753,forest,deciduous forest,Deciduous Forest,#68AA63
230,cthm-12,10,2025,42,117,558,20.96774194,forest,evergreen forest,Evergreen Forest,#1C6330
230,cthm-12,10,2025,43,48,558,8.602150538,forest,mixed forest,Mixed Forest,#B5C98E
230,cthm-12,10,2025,71,8,558,1.433691756,herbaceous,herbaceous,Grassland/Herbaceous,#E2E2C1
230,cthm-12,10,2025,81,161,558,28.85304659,planted,pasture,Pasture/Hay,#DBD83D
231,cthm-12,11,2025,21,64,557,11.49012567,developed,developed,"Developed, Open Space",#DDC9C9
231,cthm-12,11,2025,22,2,557,0.359066427,developed,developed,"Developed, Low Intensity",#D89382
231,cthm-12,11,2025,41,159,557,28.54578097,forest,deciduous forest,Deciduous Forest,#68AA63
231,cthm-12,11,2025,42,11,557,1.97486535,forest,evergreen forest,Evergreen Forest,#1C6330
231,cthm-12,11,2025,43,18,557,3.231597846,forest,mixed forest,Mixed Forest,#B5C98E
231,cthm-12,11,2025,52,26,557,4.667863555,shrubland,shrubland,Scrub/Shrub,#CCBA7C
231,cthm-12,11,2025,71,99,557,17.77378815,herbaceous,herbaceous,Grassland/Herbaceous,#E2E2C1
231,cthm-12,11,2025,81,150,557,26.92998205,planted,pasture,Pasture/Hay,#DBD83D
231,cthm-12,11,2025,90,28,557,5.026929982,wetlands,wetlands,Woody Wetlands,#BAD8EA
232,cthm-12,12,2025,11,1,559,0.178890877,water,water,Open Water,#476BA0
232,cthm-12,12,2025,21,84,559,15.02683363,developed,developed,"Developed, Open Space",#DDC9C9
232,cthm-12,12,2025,22,9,559,1.610017889,developed,developed,"Developed, Low Intensity",#D89382
232,cthm-12,12,2025,41,98,559,17.5313059,forest,deciduous forest,Deciduous Forest,#68AA63
232,cthm-12,12,2025,43,3,559,0.53667263,forest,mixed forest,Mixed Forest,#B5C98E
232,cthm-12,12,2025,52,2,559,0.357781753,shrubland,shrubland,Scrub/Shrub,#CCBA7C
232,cthm-12,12,2025,81,362,559,64.75849732,planted,pasture,Pasture/Hay,#DBD83D
233,cthm-12,13,2025,11,4,555,0.720720721,water,water,Open Water,#476BA0
233,cthm-12,13,2025,21,45,555,8.108108108,developed,developed,"Developed, Open Space",#DDC9C9
233,cthm-12,13,2025,22,3,555,0.540540541,developed,developed,"Developed, Low Intensity",#D89382
233,cthm-12,13,2025,41,94,555,16.93693694,forest,deciduous forest,Deciduous Forest,#68AA63
233,cthm-12,13,2025,42,9,555,1.621621622,forest,evergreen forest,Evergreen Forest,#1C6330
233,cthm-12,13,2025,43,4,555,0.720720721,forest,mixed forest,Mixed Forest,#B5C98E
233,cthm-12,13,2025,52,123,555,22.16216216,shrubland,shrubland,Scrub/Shrub,#CCBA7C
233,cthm-12,13,2025,71,23,555,4.144144144,herbaceous,herbaceous,Grassland/Herbaceous,#E2E2C1
233,cthm-12,13,2025,81,250,555,45.04504505,planted,pasture,Pasture/Hay,#DBD83D
234,cthm-12,14,2025,21,49,555,8.828828829,developed,developed,"Developed, Open Space",#DDC9C9
234,cthm-12,14,2025,41,451,555,81.26126126,forest,deciduous forest,Deciduous Forest,#68AA63
234,cthm-12,14,2025,42,17,555,3.063063063,forest,evergreen forest,Evergreen Forest,#1C6330
234,cthm-12,14,2025,43,12,555,2.162162162,forest,mixed forest,Mixed Forest,#B5C98E
234,cthm-12,14,2025,71,2,555,0.36036036,herbaceous,herbaceous,Grassland/Herbaceous,#E2E2C1
234,cthm-12,14,2025,81,24,555,4.324324324,planted,pasture,Pasture/Hay,#DBD83D
235,cthm-12,15,2025,11,1,563,0.177619893,water,water,Open Water,#476BA0
235,cthm-12,15,2025,21,54,563,9.591474245,developed,developed,"Developed, Open Space",#DDC9C9
235,cthm-12,15,2025,22,2,563,0.355239787,developed,developed,"Developed, Low Intensity",#D89382
235,cthm-12,15,2025,41,164,563,29.12966252,forest,deciduous forest,Deciduous Forest,#68AA63
235,cthm-12,15,2025,43,33,563,5.861456483,forest,mixed forest,Mixed Forest,#B5C98E
235,cthm-12,15,2025,52,3,563,0.53285968,shrubland,shrubland,Scrub/Shrub,#CCBA7C
235,cthm-12,15,2025,81,306,563,54.35168739,planted,pasture,Pasture/Hay,#DBD83D
236,cthm-12,16,2025,21,70,558,12.54480287,developed,developed,"Developed, Open Space",#DDC9C9
236,cthm-12,16,2025,22,18,558,3.225806452,developed,developed,"Developed, Low Intensity",#D89382
236,cthm-12,16,2025,41,205,558,36.73835125,forest,deciduous forest,Deciduous Forest,#68AA63
236,cthm-12,16,2025,42,75,558,13.44086022,forest,evergreen forest,Evergreen Forest,#1C6330
236,cthm-12,16,2025,43,65,558,11.64874552,forest,mixed forest,Mixed Forest,#B5C98E
236,cthm-12,16,2025,52,34,558,6.093189964,shrubland,shrubland,Scrub/Shrub,#CCBA7C
236,cthm-12,16,2025,71,55,558,9.856630824,herbaceous,herbaceous,Grassland/Herbaceous,#E2E2C1
236,cthm-12,16,2025,81,36,558,6.451612903,planted,pasture,Pasture/Hay,#DBD83D
237,cthm-12,17,2025,11,5,558,0.896057348,water,water,Open Water,#476BA0
237,cthm-12,17,2025,21,65,558,11.64874552,developed,developed,"Developed, Open Space",#DDC9C9
237,cthm-12,17,2025,22,3,558,0.537634409,developed,developed,"Developed, Low Intensity",#D89382
237,cthm-12,17,2025,41,155,558,27.77777778,forest,deciduous forest,Deciduous Forest,#68AA63
237,cthm-12,17,2025,42,74,558,13.26164875,forest,evergreen forest,Evergreen Forest,#1C6330
237,cthm-12,17,2025,43,79,558,14.15770609,forest,mixed forest,Mixed Forest,#B5C98E
237,cthm-12,17,2025,81,176,558,31.54121864,planted,pasture,Pasture/Hay,#DBD83D
237,cthm-12,17,2025,95,1,558,0.17921147,wetlands,wetlands,Emergent Herbaceous Wetlands,#70A3BA
238,cthm-12,18,2025,21,210,560,37.5,developed,developed,"Developed, Open Space",#DDC9C9
238,cthm-12,18,2025,22,17,560,3.035714286,developed,developed,"Developed, Low Intensity",#D89382
238,cthm-12,18,2025,41,90,560,16.07142857,forest,deciduous forest,Deciduous Forest,#68AA63
238,cthm-12,18,2025,42,9,560,1.607142857,forest,evergreen forest,Evergreen Forest,#1C6330
238,cthm-12,18,2025,43,96,560,17.14285714,forest,mixed forest,Mixed Forest,#B5C98E
238,cthm-12,18,2025,52,1,560,0.178571429,shrubland,shrubland,Scrub/Shrub,#CCBA7C
238,cthm-12,18,2025,81,137,560,24.46428571,planted,pasture,Pasture/Hay,#DBD83D
239,cthm-12,19,2025,11,1,556,0.179856115,water,water,Open Water,#476BA0
239,cthm-12,19,2025,21,75,556,13.48920863,developed,developed,"Developed, Open Space",#DDC9C9
239,cthm-12,19,2025,22,15,556,2.697841727,developed,developed,"Developed, Low Intensity",#D89382
239,cthm-12,19,2025,23,11,556,1.978417266,developed,developed,"Developed, Medium Intensity",#ED0000
239,cthm-12,19,2025,41,171,556,30.75539568,forest,deciduous forest,Deciduous Forest,#68AA63
239,cthm-12,19,2025,42,6,556,1.079136691,forest,evergreen forest,Evergreen Forest,#1C6330
239,cthm-12,19,2025,43,66,556,11.8705036,forest,mixed forest,Mixed Forest,#B5C98E
239,cthm-12,19,2025,52,13,556,2.338129496,shrubland,shrubland,Scrub/Shrub,#CCBA7C
239,cthm-12,19,2025,71,55,556,9.892086331,herbaceous,herbaceous,Grassland/Herbaceous,#E2E2C1
239,cthm-12,19,2025,81,143,556,25.71942446,planted,pasture,Pasture/Hay,#DBD83D
240,cthm-12,20,2025,11,1,556,0.179856115,water,water,Open Water,#476BA0
240,cthm-12,20,2025,21,104,556,18.70503597,developed,developed,"Developed, Open Space",#DDC9C9
240,cthm-12,20,2025,22,49,556,8.81294964,developed,developed,"Developed, Low Intensity",#D89382
240,cthm-12,20,2025,23,17,556,3.057553957,developed,developed,"Developed, Medium Intensity",#ED0000
240,cthm-12,20,2025,41,97,556,17.44604317,forest,deciduous forest,Deciduous Forest,#68AA63
240,cthm-12,20,2025,42,38,556,6.834532374,forest,evergreen forest,Evergreen Forest,#1C6330
240,cthm-12,20,2025,43,39,556,7.014388489,forest,mixed forest,Mixed Forest,#B5C98E
240,cthm-12,20,2025,52,1,556,0.179856115,shrubland,shrubland,Scrub/Shrub,#CCBA7C
240,cthm-12,20,2025,71,53,556,9.532374101,herbaceous,herbaceous,Grassland/Herbaceous,#E2E2C1
240,cthm-12,20,2025,81,157,556,28.23741007,planted,pasture,Pasture/Hay,#DBD83D
241,cthm-13,1,2025,21,80,553,14.46654611,developed,developed,"Developed, Open Space",#DDC9C9
241,cthm-13,1,2025,22,3,553,0.542495479,developed,developed,"Developed, Low Intensity",#D89382
241,cthm-13,1,2025,41,27,553,4.882459313,forest,deciduous forest,Deciduous Forest,#68AA63
241,cthm-13,1,2025,43,23,553,4.159132007,forest,mixed forest,Mixed Forest,#B5C98E
241,cthm-13,1,2025,81,420,553,75.94936709,planted,pasture,Pasture/Hay,#DBD83D
242,cthm-13,2,2025,21,71,556,12.76978417,developed,developed,"Developed, Open Space",#DDC9C9
242,cthm-13,2,2025,22,6,556,1.079136691,developed,developed,"Developed, Low Intensity",#D89382
242,cthm-13,2,2025,23,1,556,0.179856115,developed,developed,"Developed, Medium Intensity",#ED0000
242,cthm-13,2,2025,41,122,556,21.94244604,forest,deciduous forest,Deciduous Forest,#68AA63
242,cthm-13,2,2025,42,16,556,2.877697842,forest,evergreen forest,Evergreen Forest,#1C6330
242,cthm-13,2,2025,43,34,556,6.115107914,forest,mixed forest,Mixed Forest,#B5C98E
242,cthm-13,2,2025,52,15,556,2.697841727,shrubland,shrubland,Scrub/Shrub,#CCBA7C
242,cthm-13,2,2025,71,4,556,0.71942446,herbaceous,herbaceous,Grassland/Herbaceous,#E2E2C1
242,cthm-13,2,2025,81,287,556,51.61870504,planted,pasture,Pasture/Hay,#DBD83D
243,cthm-13,3,2025,11,1,557,0.179533214,water,water,Open Water,#476BA0
243,cthm-13,3,2025,21,83,557,14.90125673,developed,developed,"Developed, Open Space",#DDC9C9
243,cthm-13,3,2025,41,213,557,38.24057451,forest,deciduous forest,Deciduous Forest,#68AA63
243,cthm-13,3,2025,42,10,557,1.795332136,forest,evergreen forest,Evergreen Forest,#1C6330
243,cthm-13,3,2025,43,35,557,6.283662478,forest,mixed forest,Mixed Forest,#B5C98E
243,cthm-13,3,2025,71,1,557,0.179533214,herbaceous,herbaceous,Grassland/Herbaceous,#E2E2C1
243,cthm-13,3,2025,81,214,557,38.42010772,planted,pasture,Pasture/Hay,#DBD83D
244,cthm-13,4,2025,21,50,556,8.992805755,developed,developed,"Developed, Open Space",#DDC9C9
244,cthm-13,4,2025,22,7,556,1.258992806,developed,developed,"Developed, Low Intensity",#D89382
244,cthm-13,4,2025,41,112,556,20.14388489,forest,deciduous forest,Deciduous Forest,#68AA63
244,cthm-13,4,2025,42,8,556,1.438848921,forest,evergreen forest,Evergreen Forest,#1C6330
244,cthm-13,4,2025,43,30,556,5.395683453,forest,mixed forest,Mixed Forest,#B5C98E
244,cthm-13,4,2025,71,47,556,8.45323741,herbaceous,herbaceous,Grassland/Herbaceous,#E2E2C1
244,cthm-13,4,2025,81,300,556,53.95683453,planted,pasture,Pasture/Hay,#DBD83D
244,cthm-13,4,2025,82,2,556,0.35971223,planted,cultivated crops,Cultivated Crops,#AA7028
245,cthm-13,5,2025,21,95,557,17.0556553,developed,developed,"Developed, Open Space",#DDC9C9
245,cthm-13,5,2025,22,13,557,2.333931777,developed,developed,"Developed, Low Intensity",#D89382
245,cthm-13,5,2025,41,75,557,13.46499102,forest,deciduous forest,Deciduous Forest,#68AA63
245,cthm-13,5,2025,42,57,557,10.23339318,forest,evergreen forest,Evergreen Forest,#1C6330
245,cthm-13,5,2025,43,290,557,52.06463196,forest,mixed forest,Mixed Forest,#B5C98E
245,cthm-13,5,2025,52,6,557,1.077199282,shrubland,shrubland,Scrub/Shrub,#CCBA7C
245,cthm-13,5,2025,81,21,557,3.770197487,planted,pasture,Pasture/Hay,#DBD83D
246,cthm-13,6,2025,21,65,561,11.58645276,developed,developed,"Developed, Open Space",#DDC9C9
246,cthm-13,6,2025,22,80,561,14.26024955,developed,developed,"Developed, Low Intensity",#D89382
246,cthm-13,6,2025,23,36,561,6.417112299,developed,developed,"Developed, Medium Intensity",#ED0000
246,cthm-13,6,2025,41,116,561,20.67736185,forest,deciduous forest,Deciduous Forest,#68AA63
246,cthm-13,6,2025,42,19,561,3.386809269,forest,evergreen forest,Evergreen Forest,#1C6330
246,cthm-13,6,2025,43,42,561,7.486631016,forest,mixed forest,Mixed Forest,#B5C98E
246,cthm-13,6,2025,52,48,561,8.556149733,shrubland,shrubland,Scrub/Shrub,#CCBA7C
246,cthm-13,6,2025,71,21,561,3.743315508,herbaceous,herbaceous,Grassland/Herbaceous,#E2E2C1
246,cthm-13,6,2025,81,113,561,20.1426025,planted,pasture,Pasture/Hay,#DBD83D
246,cthm-13,6,2025,90,21,561,3.743315508,wetlands,wetlands,Woody Wetlands,#BAD8EA
247,cthm-13,7,2025,11,1,563,0.177619893,water,water,Open Water,#476BA0
247,cthm-13,7,2025,21,144,563,25.57726465,developed,developed,"Developed, Open Space",#DDC9C9
247,cthm-13,7,2025,22,62,563,11.01243339,developed,developed,"Developed, Low Intensity",#D89382
247,cthm-13,7,2025,41,111,563,19.71580817,forest,deciduous forest,Deciduous Forest,#68AA63
247,cthm-13,7,2025,42,5,563,0.888099467,forest,evergreen forest,Evergreen Forest,#1C6330
247,cthm-13,7,2025,43,155,563,27.53108348,forest,mixed forest,Mixed Forest,#B5C98E
247,cthm-13,7,2025,81,85,563,15.09769094,planted,pasture,Pasture/Hay,#DBD83D
248,cthm-13,8,2025,21,133,557,23.87791741,developed,developed,"Developed, Open Space",#DDC9C9
248,cthm-13,8,2025,22,40,557,7.181328546,developed,developed,"Developed, Low Intensity",#D89382
248,cthm-13,8,2025,23,5,557,0.897666068,developed,developed,"Developed, Medium Intensity",#ED0000
248,cthm-13,8,2025,41,136,557,24.41651706,forest,deciduous forest,Deciduous Forest,#68AA63
248,cthm-13,8,2025,42,89,557,15.97845601,forest,evergreen forest,Evergreen Forest,#1C6330
248,cthm-13,8,2025,43,99,557,17.77378815,forest,mixed forest,Mixed Forest,#B5C98E
248,cthm-13,8,2025,81,55,557,9.87432675,planted,pasture,Pasture/Hay,#DBD83D
249,cthm-13,9,2025,21,168,554,30.32490975,developed,developed,"Developed, Open Space",#DDC9C9
249,cthm-13,9,2025,22,237,554,42.77978339,developed,developed,"Developed, Low Intensity",#D89382
249,cthm-13,9,2025,23,94,554,16.96750903,developed,developed,"Developed, Medium Intensity",#ED0000
249,cthm-13,9,2025,24,39,554,7.039711191,developed,developed,"Developed, High Intensity",#AA0000
249,cthm-13,9,2025,41,16,554,2.888086643,forest,deciduous forest,Deciduous Forest,#68AA63
250,cthm-13,10,2025,21,33,556,5.935251799,developed,developed,"Developed, Open Space",#DDC9C9
250,cthm-13,10,2025,22,172,556,30.9352518,developed,developed,"Developed, Low Intensity",#D89382
250,cthm-13,10,2025,23,190,556,34.17266187,developed,developed,"Developed, Medium Intensity",#ED0000
250,cthm-13,10,2025,24,161,556,28.95683453,developed,developed,"Developed, High Intensity",#AA0000
251,cthm-13,11,2025,21,162,559,28.980322,developed,developed,"Developed, Open Space",#DDC9C9
251,cthm-13,11,2025,22,250,559,44.72271914,developed,developed,"Developed, Low Intensity",#D89382
251,cthm-13,11,2025,23,129,559,23.07692308,developed,developed,"Developed, Medium Intensity",#ED0000
251,cthm-13,11,2025,24,18,559,3.220035778,developed,developed,"Developed, High Intensity",#AA0000
252,cthm-13,12,2025,21,186,560,33.21428571,developed,developed,"Developed, Open Space",#DDC9C9
252,cthm-13,12,2025,22,184,560,32.85714286,developed,developed,"Developed, Low Intensity",#D89382
252,cthm-13,12,2025,23,5,560,0.892857143,developed,developed,"Developed, Medium Intensity",#ED0000
252,cthm-13,12,2025,41,70,560,12.5,forest,deciduous forest,Deciduous Forest,#68AA63
252,cthm-13,12,2025,42,36,560,6.428571429,forest,evergreen forest,Evergreen Forest,#1C6330
252,cthm-13,12,2025,43,72,560,12.85714286,forest,mixed forest,Mixed Forest,#B5C98E
252,cthm-13,12,2025,71,4,560,0.714285714,herbaceous,herbaceous,Grassland/Herbaceous,#E2E2C1
252,cthm-13,12,2025,81,3,560,0.535714286,planted,pasture,Pasture/Hay,#DBD83D
253,cthm-13,13,2025,21,113,556,20.32374101,developed,developed,"Developed, Open Space",#DDC9C9
253,cthm-13,13,2025,22,98,556,17.62589928,developed,developed,"Developed, Low Intensity",#D89382
253,cthm-13,13,2025,41,51,556,9.172661871,forest,deciduous forest,Deciduous Forest,#68AA63
253,cthm-13,13,2025,42,105,556,18.88489209,forest,evergreen forest,Evergreen Forest,#1C6330
253,cthm-13,13,2025,43,158,556,28.41726619,forest,mixed forest,Mixed Forest,#B5C98E
253,cthm-13,13,2025,52,2,556,0.35971223,shrubland,shrubland,Scrub/Shrub,#CCBA7C
253,cthm-13,13,2025,71,7,556,1.258992806,herbaceous,herbaceous,Grassland/Herbaceous,#E2E2C1
253,cthm-13,13,2025,81,22,556,3.956834532,planted,pasture,Pasture/Hay,#DBD83D
254,cthm-13,14,2025,21,105,554,18.95306859,developed,developed,"Developed, Open Space",#DDC9C9
254,cthm-13,14,2025,22,33,554,5.9566787,developed,developed,"Developed, Low Intensity",#D89382
254,cthm-13,14,2025,23,2,554,0.36101083,developed,developed,"Developed, Medium Intensity",#ED0000
254,cthm-13,14,2025,41,117,554,21.11913357,forest,deciduous forest,Deciduous Forest,#68AA63
254,cthm-13,14,2025,42,25,554,4.512635379,forest,evergreen forest,Evergreen Forest,#1C6330
254,cthm-13,14,2025,43,111,554,20.03610108,forest,mixed forest,Mixed Forest,#B5C98E
254,cthm-13,14,2025,52,2,554,0.36101083,shrubland,shrubland,Scrub/Shrub,#CCBA7C
254,cthm-13,14,2025,71,35,554,6.317689531,herbaceous,herbaceous,Grassland/Herbaceous,#E2E2C1
254,cthm-13,14,2025,81,123,554,22.20216606,planted,pasture,Pasture/Hay,#DBD83D
254,cthm-13,14,2025,82,1,554,0.180505415,planted,cultivated crops,Cultivated Crops,#AA7028
255,cthm-13,15,2025,21,69,562,12.27758007,developed,developed,"Developed, Open Space",#DDC9C9
255,cthm-13,15,2025,22,11,562,1.957295374,developed,developed,"Developed, Low Intensity",#D89382
255,cthm-13,15,2025,41,277,562,49.28825623,forest,deciduous forest,Deciduous Forest,#68AA63
255,cthm-13,15,2025,42,1,562,0.177935943,forest,evergreen forest,Evergreen Forest,#1C6330
255,cthm-13,15,2025,43,26,562,4.62633452,forest,mixed forest,Mixed Forest,#B5C98E
255,cthm-13,15,2025,71,52,562,9.252669039,herbaceous,herbaceous,Grassland/Herbaceous,#E2E2C1
255,cthm-13,15,2025,81,122,562,21.70818505,planted,pasture,Pasture/Hay,#DBD83D
255,cthm-13,15,2025,82,4,562,0.711743772,planted,cultivated crops,Cultivated Crops,#AA7028
256,cthm-13,16,2025,21,54,560,9.642857143,developed,developed,"Developed, Open Space",#DDC9C9
256,cthm-13,16,2025,22,43,560,7.678571429,developed,developed,"Developed, Low Intensity",#D89382
256,cthm-13,16,2025,23,88,560,15.71428571,developed,developed,"Developed, Medium Intensity",#ED0000
256,cthm-13,16,2025,24,1,560,0.178571429,developed,developed,"Developed, High Intensity",#AA0000
256,cthm-13,16,2025,41,231,560,41.25,forest,deciduous forest,Deciduous Forest,#68AA63
256,cthm-13,16,2025,42,5,560,0.892857143,forest,evergreen forest,Evergreen Forest,#1C6330
256,cthm-13,16,2025,43,16,560,2.857142857,forest,mixed forest,Mixed Forest,#B5C98E
256,cthm-13,16,2025,71,2,560,0.357142857,herbaceous,herbaceous,Grassland/Herbaceous,#E2E2C1
256,cthm-13,16,2025,81,120,560,21.42857143,planted,pasture,Pasture/Hay,#DBD83D
257,cthm-13,17,2025,21,77,553,13.92405063,developed,developed,"Developed, Open Space",#DDC9C9
257,cthm-13,17,2025,22,17,553,3.074141049,developed,developed,"Developed, Low Intensity",#D89382
257,cthm-13,17,2025,41,82,553,14.82820976,forest,deciduous forest,Deciduous Forest,#68AA63
257,cthm-13,17,2025,43,17,553,3.074141049,forest,mixed forest,Mixed Forest,#B5C98E
257,cthm-13,17,2025,52,1,553,0.180831826,shrubland,shrubland,Scrub/Shrub,#CCBA7C
257,cthm-13,17,2025,81,359,553,64.91862568,planted,pasture,Pasture/Hay,#DBD83D
258,cthm-13,18,2025,11,17,558,3.046594982,water,water,Open Water,#476BA0
258,cthm-13,18,2025,21,52,558,9.318996416,developed,developed,"Developed, Open Space",#DDC9C9
258,cthm-13,18,2025,41,135,558,24.19354839,forest,deciduous forest,Deciduous Forest,#68AA63
258,cthm-13,18,2025,42,37,558,6.630824373,forest,evergreen forest,Evergreen Forest,#1C6330
258,cthm-13,18,2025,43,112,558,20.07168459,forest,mixed forest,Mixed Forest,#B5C98E
258,cthm-13,18,2025,52,47,558,8.422939068,shrubland,shrubland,Scrub/Shrub,#CCBA7C
258,cthm-13,18,2025,71,8,558,1.433691756,herbaceous,herbaceous,Grassland/Herbaceous,#E2E2C1
258,cthm-13,18,2025,81,150,558,26.88172043,planted,pasture,Pasture/Hay,#DBD83D
259,cthm-13,19,2025,21,41,561,7.308377897,developed,developed,"Developed, Open Space",#DDC9C9
259,cthm-13,19,2025,22,15,561,2.673796791,developed,developed,"Developed, Low Intensity",#D89382
259,cthm-13,19,2025,23,19,561,3.386809269,developed,developed,"Developed, Medium Intensity",#ED0000
259,cthm-13,19,2025,24,4,561,0.713012478,developed,developed,"Developed, High Intensity",#AA0000
259,cthm-13,19,2025,41,160,561,28.52049911,forest,deciduous forest,Deciduous Forest,#68AA63
259,cthm-13,19,2025,42,2,561,0.356506239,forest,evergreen forest,Evergreen Forest,#1C6330
259,cthm-13,19,2025,43,42,561,7.486631016,forest,mixed forest,Mixed Forest,#B5C98E
259,cthm-13,19,2025,52,1,561,0.178253119,shrubland,shrubland,Scrub/Shrub,#CCBA7C
259,cthm-13,19,2025,71,13,561,2.317290553,herbaceous,herbaceous,Grassland/Herbaceous,#E2E2C1
259,cthm-13,19,2025,81,264,561,47.05882353,planted,pasture,Pasture/Hay,#DBD83D
260,cthm-13,20,2025,21,50,559,8.944543828,developed,developed,"Developed, Open Space",#DDC9C9
260,cthm-13,20,2025,22,4,559,0.715563506,developed,developed,"Developed, Low Intensity",#D89382
260,cthm-13,20,2025,41,79,559,14.13237925,forest,deciduous forest,Deciduous Forest,#68AA63
260,cthm-13,20,2025,42,33,559,5.903398927,forest,evergreen forest,Evergreen Forest,#1C6330
260,cthm-13,20,2025,43,83,559,14.84794275,forest,mixed forest,Mixed Forest,#B5C98E
260,cthm-13,20,2025,71,35,559,6.26118068,herbaceous,herbaceous,Grassland/Herbaceous,#E2E2C1
260,cthm-13,20,2025,81,275,559,49.19499106,planted,pasture,Pasture/Hay,#DBD83D
261,cthm-14,1,2025,11,61,557,10.95152603,water,water,Open Water,#476BA0
261,cthm-14,1,2025,21,31,557,5.565529623,developed,developed,"Developed, Open Space",#DDC9C9
261,cthm-14,1,2025,22,64,557,11.49012567,developed,developed,"Developed, Low Intensity",#D89382
261,cthm-14,1,2025,23,61,557,10.95152603,developed,developed,"Developed, Medium Intensity",#ED0000
261,cthm-14,1,2025,24,17,557,3.052064632,developed,developed,"Developed, High Intensity",#AA0000
261,cthm-14,1,2025,NA,6,557,1.077199282,NA,NA,Barren Land,NA
261,cthm-14,1,2025,41,21,557,3.770197487,forest,deciduous forest,Deciduous Forest,#68AA63
261,cthm-14,1,2025,42,235,557,42.19030521,forest,evergreen forest,Evergreen Forest,#1C6330
261,cthm-14,1,2025,43,52,557,9.33572711,forest,mixed forest,Mixed Forest,#B5C98E
261,cthm-14,1,2025,71,5,557,0.897666068,herbaceous,herbaceous,Grassland/Herbaceous,#E2E2C1
261,cthm-14,1,2025,95,4,557,0.718132855,wetlands,wetlands,Emergent Herbaceous Wetlands,#70A3BA
262,cthm-14,2,2025,11,336,558,60.21505376,water,water,Open Water,#476BA0
262,cthm-14,2,2025,21,10,558,1.792114695,developed,developed,"Developed, Open Space",#DDC9C9
262,cthm-14,2,2025,22,23,558,4.121863799,developed,developed,"Developed, Low Intensity",#D89382
262,cthm-14,2,2025,23,27,558,4.838709677,developed,developed,"Developed, Medium Intensity",#ED0000
262,cthm-14,2,2025,24,4,558,0.716845878,developed,developed,"Developed, High Intensity",#AA0000
262,cthm-14,2,2025,41,2,558,0.358422939,forest,deciduous forest,Deciduous Forest,#68AA63
262,cthm-14,2,2025,42,108,558,19.35483871,forest,evergreen forest,Evergreen Forest,#1C6330
262,cthm-14,2,2025,43,37,558,6.630824373,forest,mixed forest,Mixed Forest,#B5C98E
262,cthm-14,2,2025,52,1,558,0.17921147,shrubland,shrubland,Scrub/Shrub,#CCBA7C
262,cthm-14,2,2025,71,5,558,0.896057348,herbaceous,herbaceous,Grassland/Herbaceous,#E2E2C1
262,cthm-14,2,2025,90,4,558,0.716845878,wetlands,wetlands,Woody Wetlands,#BAD8EA
262,cthm-14,2,2025,95,1,558,0.17921147,wetlands,wetlands,Emergent Herbaceous Wetlands,#70A3BA
263,cthm-14,3,2025,11,3,553,0.542495479,water,water,Open Water,#476BA0
263,cthm-14,3,2025,21,41,553,7.414104882,developed,developed,"Developed, Open Space",#DDC9C9
263,cthm-14,3,2025,22,58,553,10.48824593,developed,developed,"Developed, Low Intensity",#D89382
263,cthm-14,3,2025,23,8,553,1.446654611,developed,developed,"Developed, Medium Intensity",#ED0000
263,cthm-14,3,2025,24,2,553,0.361663653,developed,developed,"Developed, High Intensity",#AA0000
263,cthm-14,3,2025,42,264,553,47.73960217,forest,evergreen forest,Evergreen Forest,#1C6330
263,cthm-14,3,2025,43,44,553,7.956600362,forest,mixed forest,Mixed Forest,#B5C98E
263,cthm-14,3,2025,52,11,553,1.98915009,shrubland,shrubland,Scrub/Shrub,#CCBA7C
263,cthm-14,3,2025,71,28,553,5.063291139,herbaceous,herbaceous,Grassland/Herbaceous,#E2E2C1
263,cthm-14,3,2025,81,94,553,16.99819168,planted,pasture,Pasture/Hay,#DBD83D
264,cthm-14,4,2025,11,2,555,0.36036036,water,water,Open Water,#476BA0
264,cthm-14,4,2025,21,69,555,12.43243243,developed,developed,"Developed, Open Space",#DDC9C9
264,cthm-14,4,2025,22,40,555,7.207207207,developed,developed,"Developed, Low Intensity",#D89382
264,cthm-14,4,2025,23,3,555,0.540540541,developed,developed,"Developed, Medium Intensity",#ED0000
264,cthm-14,4,2025,41,18,555,3.243243243,forest,deciduous forest,Deciduous Forest,#68AA63
264,cthm-14,4,2025,42,225,555,40.54054054,forest,evergreen forest,Evergreen Forest,#1C6330
264,cthm-14,4,2025,43,87,555,15.67567568,forest,mixed forest,Mixed Forest,#B5C98E
264,cthm-14,4,2025,52,17,555,3.063063063,shrubland,shrubland,Scrub/Shrub,#CCBA7C
264,cthm-14,4,2025,71,19,555,3.423423423,herbaceous,herbaceous,Grassland/Herbaceous,#E2E2C1
264,cthm-14,4,2025,81,75,555,13.51351351,planted,pasture,Pasture/Hay,#DBD83D
265,cthm-14,5,2025,21,56,562,9.964412811,developed,developed,"Developed, Open Space",#DDC9C9
265,cthm-14,5,2025,22,37,562,6.583629893,developed,developed,"Developed, Low Intensity",#D89382
265,cthm-14,5,2025,23,10,562,1.779359431,developed,developed,"Developed, Medium Intensity",#ED0000
265,cthm-14,5,2025,42,253,562,45.01779359,forest,evergreen forest,Evergreen Forest,#1C6330
265,cthm-14,5,2025,43,139,562,24.73309609,forest,mixed forest,Mixed Forest,#B5C98E
265,cthm-14,5,2025,71,1,562,0.177935943,herbaceous,herbaceous,Grassland/Herbaceous,#E2E2C1
265,cthm-14,5,2025,81,66,562,11.74377224,planted,pasture,Pasture/Hay,#DBD83D
266,cthm-14,6,2025,11,3,560,0.535714286,water,water,Open Water,#476BA0
266,cthm-14,6,2025,21,61,560,10.89285714,developed,developed,"Developed, Open Space",#DDC9C9
266,cthm-14,6,2025,22,32,560,5.714285714,developed,developed,"Developed, Low Intensity",#D89382
266,cthm-14,6,2025,41,52,560,9.285714286,forest,deciduous forest,Deciduous Forest,#68AA63
266,cthm-14,6,2025,42,229,560,40.89285714,forest,evergreen forest,Evergreen Forest,#1C6330
266,cthm-14,6,2025,43,121,560,21.60714286,forest,mixed forest,Mixed Forest,#B5C98E
266,cthm-14,6,2025,71,13,560,2.321428571,herbaceous,herbaceous,Grassland/Herbaceous,#E2E2C1
266,cthm-14,6,2025,81,49,560,8.75,planted,pasture,Pasture/Hay,#DBD83D
267,cthm-14,7,2025,11,223,559,39.89266547,water,water,Open Water,#476BA0
267,cthm-14,7,2025,21,17,559,3.041144902,developed,developed,"Developed, Open Space",#DDC9C9
267,cthm-14,7,2025,22,25,559,4.472271914,developed,developed,"Developed, Low Intensity",#D89382
267,cthm-14,7,2025,23,9,559,1.610017889,developed,developed,"Developed, Medium Intensity",#ED0000
267,cthm-14,7,2025,41,14,559,2.504472272,forest,deciduous forest,Deciduous Forest,#68AA63
267,cthm-14,7,2025,42,181,559,32.37924866,forest,evergreen forest,Evergreen Forest,#1C6330
267,cthm-14,7,2025,43,82,559,14.66905188,forest,mixed forest,Mixed Forest,#B5C98E
267,cthm-14,7,2025,71,6,559,1.073345259,herbaceous,herbaceous,Grassland/Herbaceous,#E2E2C1
267,cthm-14,7,2025,90,2,559,0.357781753,wetlands,wetlands,Woody Wetlands,#BAD8EA
268,cthm-14,8,2025,11,318,562,56.58362989,water,water,Open Water,#476BA0
268,cthm-14,8,2025,21,12,562,2.135231317,developed,developed,"Developed, Open Space",#DDC9C9
268,cthm-14,8,2025,22,23,562,4.09252669,developed,developed,"Developed, Low Intensity",#D89382
268,cthm-14,8,2025,23,33,562,5.871886121,developed,developed,"Developed, Medium Intensity",#ED0000
268,cthm-14,8,2025,NA,1,562,0.177935943,NA,NA,Barren Land,NA
268,cthm-14,8,2025,41,7,562,1.245551601,forest,deciduous forest,Deciduous Forest,#68AA63
268,cthm-14,8,2025,42,84,562,14.94661922,forest,evergreen forest,Evergreen Forest,#1C6330
268,cthm-14,8,2025,43,61,562,10.85409253,forest,mixed forest,Mixed Forest,#B5C98E
268,cthm-14,8,2025,52,1,562,0.177935943,shrubland,shrubland,Scrub/Shrub,#CCBA7C
268,cthm-14,8,2025,71,7,562,1.245551601,herbaceous,herbaceous,Grassland/Herbaceous,#E2E2C1
268,cthm-14,8,2025,81,15,562,2.669039146,planted,pasture,Pasture/Hay,#DBD83D
269,cthm-14,9,2025,11,33,560,5.892857143,water,water,Open Water,#476BA0
269,cthm-14,9,2025,21,35,560,6.25,developed,developed,"Developed, Open Space",#DDC9C9
269,cthm-14,9,2025,22,22,560,3.928571429,developed,developed,"Developed, Low Intensity",#D89382
269,cthm-14,9,2025,23,8,560,1.428571429,developed,developed,"Developed, Medium Intensity",#ED0000
269,cthm-14,9,2025,24,1,560,0.178571429,developed,developed,"Developed, High Intensity",#AA0000
269,cthm-14,9,2025,41,24,560,4.285714286,forest,deciduous forest,Deciduous Forest,#68AA63
269,cthm-14,9,2025,42,288,560,51.42857143,forest,evergreen forest,Evergreen Forest,#1C6330
269,cthm-14,9,2025,43,129,560,23.03571429,forest,mixed forest,Mixed Forest,#B5C98E
269,cthm-14,9,2025,52,2,560,0.357142857,shrubland,shrubland,Scrub/Shrub,#CCBA7C
269,cthm-14,9,2025,71,4,560,0.714285714,herbaceous,herbaceous,Grassland/Herbaceous,#E2E2C1
269,cthm-14,9,2025,81,14,560,2.5,planted,pasture,Pasture/Hay,#DBD83D
270,cthm-14,10,2025,21,36,560,6.428571429,developed,developed,"Developed, Open Space",#DDC9C9
270,cthm-14,10,2025,22,38,560,6.785714286,developed,developed,"Developed, Low Intensity",#D89382
270,cthm-14,10,2025,23,1,560,0.178571429,developed,developed,"Developed, Medium Intensity",#ED0000
270,cthm-14,10,2025,41,26,560,4.642857143,forest,deciduous forest,Deciduous Forest,#68AA63
270,cthm-14,10,2025,42,243,560,43.39285714,forest,evergreen forest,Evergreen Forest,#1C6330
270,cthm-14,10,2025,43,125,560,22.32142857,forest,mixed forest,Mixed Forest,#B5C98E
270,cthm-14,10,2025,71,7,560,1.25,herbaceous,herbaceous,Grassland/Herbaceous,#E2E2C1
270,cthm-14,10,2025,81,71,560,12.67857143,planted,pasture,Pasture/Hay,#DBD83D
270,cthm-14,10,2025,82,1,560,0.178571429,planted,cultivated crops,Cultivated Crops,#AA7028
270,cthm-14,10,2025,90,12,560,2.142857143,wetlands,wetlands,Woody Wetlands,#BAD8EA
271,cthm-14,11,2025,11,10,561,1.782531194,water,water,Open Water,#476BA0
271,cthm-14,11,2025,21,77,561,13.7254902,developed,developed,"Developed, Open Space",#DDC9C9
271,cthm-14,11,2025,22,31,561,5.525846702,developed,developed,"Developed, Low Intensity",#D89382
271,cthm-14,11,2025,23,3,561,0.534759358,developed,developed,"Developed, Medium Intensity",#ED0000
271,cthm-14,11,2025,41,7,561,1.247771836,forest,deciduous forest,Deciduous Forest,#68AA63
271,cthm-14,11,2025,42,214,561,38.14616756,forest,evergreen forest,Evergreen Forest,#1C6330
271,cthm-14,11,2025,43,88,561,15.68627451,forest,mixed forest,Mixed Forest,#B5C98E
271,cthm-14,11,2025,71,5,561,0.891265597,herbaceous,herbaceous,Grassland/Herbaceous,#E2E2C1
271,cthm-14,11,2025,81,126,561,22.45989305,planted,pasture,Pasture/Hay,#DBD83D
272,cthm-14,12,2025,11,17,561,3.03030303,water,water,Open Water,#476BA0
272,cthm-14,12,2025,21,102,561,18.18181818,developed,developed,"Developed, Open Space",#DDC9C9
272,cthm-14,12,2025,22,63,561,11.22994652,developed,developed,"Developed, Low Intensity",#D89382
272,cthm-14,12,2025,23,2,561,0.356506239,developed,developed,"Developed, Medium Intensity",#ED0000
272,cthm-14,12,2025,41,40,561,7.130124777,forest,deciduous forest,Deciduous Forest,#68AA63
272,cthm-14,12,2025,42,124,561,22.10338681,forest,evergreen forest,Evergreen Forest,#1C6330
272,cthm-14,12,2025,43,32,561,5.704099822,forest,mixed forest,Mixed Forest,#B5C98E
272,cthm-14,12,2025,52,3,561,0.534759358,shrubland,shrubland,Scrub/Shrub,#CCBA7C
272,cthm-14,12,2025,71,3,561,0.534759358,herbaceous,herbaceous,Grassland/Herbaceous,#E2E2C1
272,cthm-14,12,2025,81,175,561,31.1942959,planted,pasture,Pasture/Hay,#DBD83D
273,cthm-14,13,2025,21,87,558,15.59139785,developed,developed,"Developed, Open Space",#DDC9C9
273,cthm-14,13,2025,22,70,558,12.54480287,developed,developed,"Developed, Low Intensity",#D89382
273,cthm-14,13,2025,41,51,558,9.139784946,forest,deciduous forest,Deciduous Forest,#68AA63
273,cthm-14,13,2025,42,95,558,17.02508961,forest,evergreen forest,Evergreen Forest,#1C6330
273,cthm-14,13,2025,43,145,558,25.98566308,forest,mixed forest,Mixed Forest,#B5C98E
273,cthm-14,13,2025,71,1,558,0.17921147,herbaceous,herbaceous,Grassland/Herbaceous,#E2E2C1
273,cthm-14,13,2025,81,109,558,19.53405018,planted,pasture,Pasture/Hay,#DBD83D
274,cthm-14,14,2025,11,5,561,0.891265597,water,water,Open Water,#476BA0
274,cthm-14,14,2025,21,81,561,14.43850267,developed,developed,"Developed, Open Space",#DDC9C9
274,cthm-14,14,2025,22,64,561,11.40819964,developed,developed,"Developed, Low Intensity",#D89382
274,cthm-14,14,2025,41,55,561,9.803921569,forest,deciduous forest,Deciduous Forest,#68AA63
274,cthm-14,14,2025,42,137,561,24.42067736,forest,evergreen forest,Evergreen Forest,#1C6330
274,cthm-14,14,2025,43,131,561,23.35115865,forest,mixed forest,Mixed Forest,#B5C98E
274,cthm-14,14,2025,52,1,561,0.178253119,shrubland,shrubland,Scrub/Shrub,#CCBA7C
274,cthm-14,14,2025,71,2,561,0.356506239,herbaceous,herbaceous,Grassland/Herbaceous,#E2E2C1
274,cthm-14,14,2025,81,85,561,15.15151515,planted,pasture,Pasture/Hay,#DBD83D
275,cthm-14,15,2025,21,43,561,7.664884135,developed,developed,"Developed, Open Space",#DDC9C9
275,cthm-14,15,2025,22,24,561,4.278074866,developed,developed,"Developed, Low Intensity",#D89382
275,cthm-14,15,2025,23,5,561,0.891265597,developed,developed,"Developed, Medium Intensity",#ED0000
275,cthm-14,15,2025,41,12,561,2.139037433,forest,deciduous forest,Deciduous Forest,#68AA63
275,cthm-14,15,2025,42,198,561,35.29411765,forest,evergreen forest,Evergreen Forest,#1C6330
275,cthm-14,15,2025,43,132,561,23.52941176,forest,mixed forest,Mixed Forest,#B5C98E
275,cthm-14,15,2025,52,5,561,0.891265597,shrubland,shrubland,Scrub/Shrub,#CCBA7C
275,cthm-14,15,2025,71,3,561,0.534759358,herbaceous,herbaceous,Grassland/Herbaceous,#E2E2C1
275,cthm-14,15,2025,81,62,561,11.0516934,planted,pasture,Pasture/Hay,#DBD83D
275,cthm-14,15,2025,90,77,561,13.7254902,wetlands,wetlands,Woody Wetlands,#BAD8EA
276,cthm-14,16,2025,11,4,557,0.718132855,water,water,Open Water,#476BA0
276,cthm-14,16,2025,21,72,557,12.92639138,developed,developed,"Developed, Open Space",#DDC9C9
276,cthm-14,16,2025,22,77,557,13.82405745,developed,developed,"Developed, Low Intensity",#D89382
276,cthm-14,16,2025,23,7,557,1.256732496,developed,developed,"Developed, Medium Intensity",#ED0000
276,cthm-14,16,2025,41,22,557,3.9497307,forest,deciduous forest,Deciduous Forest,#68AA63
276,cthm-14,16,2025,42,80,557,14.36265709,forest,evergreen forest,Evergreen Forest,#1C6330
276,cthm-14,16,2025,43,196,557,35.18850987,forest,mixed forest,Mixed Forest,#B5C98E
276,cthm-14,16,2025,52,13,557,2.333931777,shrubland,shrubland,Scrub/Shrub,#CCBA7C
276,cthm-14,16,2025,71,11,557,1.97486535,herbaceous,herbaceous,Grassland/Herbaceous,#E2E2C1
276,cthm-14,16,2025,81,75,557,13.46499102,planted,pasture,Pasture/Hay,#DBD83D
277,cthm-14,17,2025,11,1,554,0.180505415,water,water,Open Water,#476BA0
277,cthm-14,17,2025,21,46,554,8.303249097,developed,developed,"Developed, Open Space",#DDC9C9
277,cthm-14,17,2025,22,46,554,8.303249097,developed,developed,"Developed, Low Intensity",#D89382
277,cthm-14,17,2025,23,1,554,0.180505415,developed,developed,"Developed, Medium Intensity",#ED0000
277,cthm-14,17,2025,41,46,554,8.303249097,forest,deciduous forest,Deciduous Forest,#68AA63
277,cthm-14,17,2025,42,136,554,24.54873646,forest,evergreen forest,Evergreen Forest,#1C6330
277,cthm-14,17,2025,43,184,554,33.21299639,forest,mixed forest,Mixed Forest,#B5C98E
277,cthm-14,17,2025,52,1,554,0.180505415,shrubland,shrubland,Scrub/Shrub,#CCBA7C
277,cthm-14,17,2025,71,13,554,2.346570397,herbaceous,herbaceous,Grassland/Herbaceous,#E2E2C1
277,cthm-14,17,2025,81,80,554,14.44043321,planted,pasture,Pasture/Hay,#DBD83D
278,cthm-14,18,2025,21,43,561,7.664884135,developed,developed,"Developed, Open Space",#DDC9C9
278,cthm-14,18,2025,22,18,561,3.20855615,developed,developed,"Developed, Low Intensity",#D89382
278,cthm-14,18,2025,23,2,561,0.356506239,developed,developed,"Developed, Medium Intensity",#ED0000
278,cthm-14,18,2025,41,52,561,9.26916221,forest,deciduous forest,Deciduous Forest,#68AA63
278,cthm-14,18,2025,42,240,561,42.78074866,forest,evergreen forest,Evergreen Forest,#1C6330
278,cthm-14,18,2025,43,130,561,23.17290553,forest,mixed forest,Mixed Forest,#B5C98E
278,cthm-14,18,2025,71,1,561,0.178253119,herbaceous,herbaceous,Grassland/Herbaceous,#E2E2C1
278,cthm-14,18,2025,81,33,561,5.882352941,planted,pasture,Pasture/Hay,#DBD83D
278,cthm-14,18,2025,90,42,561,7.486631016,wetlands,wetlands,Woody Wetlands,#BAD8EA
279,cthm-14,19,2025,21,59,559,10.55456172,developed,developed,"Developed, Open Space",#DDC9C9
279,cthm-14,19,2025,22,4,559,0.715563506,developed,developed,"Developed, Low Intensity",#D89382
279,cthm-14,19,2025,41,119,559,21.28801431,forest,deciduous forest,Deciduous Forest,#68AA63
279,cthm-14,19,2025,42,73,559,13.05903399,forest,evergreen forest,Evergreen Forest,#1C6330
279,cthm-14,19,2025,43,199,559,35.59928444,forest,mixed forest,Mixed Forest,#B5C98E
279,cthm-14,19,2025,71,3,559,0.53667263,herbaceous,herbaceous,Grassland/Herbaceous,#E2E2C1
279,cthm-14,19,2025,81,30,559,5.366726297,planted,pasture,Pasture/Hay,#DBD83D
279,cthm-14,19,2025,90,72,559,12.88014311,wetlands,wetlands,Woody Wetlands,#BAD8EA
280,cthm-14,20,2025,11,9,562,1.601423488,water,water,Open Water,#476BA0
280,cthm-14,20,2025,21,75,562,13.34519573,developed,developed,"Developed, Open Space",#DDC9C9
280,cthm-14,20,2025,22,44,562,7.829181495,developed,developed,"Developed, Low Intensity",#D89382
280,cthm-14,20,2025,41,9,562,1.601423488,forest,deciduous forest,Deciduous Forest,#68AA63
280,cthm-14,20,2025,42,146,562,25.97864769,forest,evergreen forest,Evergreen Forest,#1C6330
280,cthm-14,20,2025,43,99,562,17.61565836,forest,mixed forest,Mixed Forest,#B5C98E
280,cthm-14,20,2025,71,15,562,2.669039146,herbaceous,herbaceous,Grassland/Herbaceous,#E2E2C1
280,cthm-14,20,2025,81,165,562,29.3594306,planted,pasture,Pasture/Hay,#DBD83D
281,drhm-01,1,2025,11,5,559,0.894454383,water,water,Open Water,#476BA0
281,drhm-01,1,2025,21,56,559,10.01788909,developed,developed,"Developed, Open Space",#DDC9C9
281,drhm-01,1,2025,22,8,559,1.431127013,developed,developed,"Developed, Low Intensity",#D89382
281,drhm-01,1,2025,41,196,559,35.06261181,forest,deciduous forest,Deciduous Forest,#68AA63
281,drhm-01,1,2025,42,45,559,8.050089445,forest,evergreen forest,Evergreen Forest,#1C6330
281,drhm-01,1,2025,43,94,559,16.8157424,forest,mixed forest,Mixed Forest,#B5C98E
281,drhm-01,1,2025,81,130,559,23.25581395,planted,pasture,Pasture/Hay,#DBD83D
281,drhm-01,1,2025,82,25,559,4.472271914,planted,cultivated crops,Cultivated Crops,#AA7028
282,drhm-01,2,2025,21,58,558,10.39426523,developed,developed,"Developed, Open Space",#DDC9C9
282,drhm-01,2,2025,22,15,558,2.688172043,developed,developed,"Developed, Low Intensity",#D89382
282,drhm-01,2,2025,41,72,558,12.90322581,forest,deciduous forest,Deciduous Forest,#68AA63
282,drhm-01,2,2025,43,15,558,2.688172043,forest,mixed forest,Mixed Forest,#B5C98E
282,drhm-01,2,2025,81,398,558,71.32616487,planted,pasture,Pasture/Hay,#DBD83D
283,drhm-01,3,2025,11,1,556,0.179856115,water,water,Open Water,#476BA0
283,drhm-01,3,2025,21,132,556,23.74100719,developed,developed,"Developed, Open Space",#DDC9C9
283,drhm-01,3,2025,22,4,556,0.71942446,developed,developed,"Developed, Low Intensity",#D89382
283,drhm-01,3,2025,41,135,556,24.28057554,forest,deciduous forest,Deciduous Forest,#68AA63
283,drhm-01,3,2025,42,43,556,7.73381295,forest,evergreen forest,Evergreen Forest,#1C6330
283,drhm-01,3,2025,43,102,556,18.34532374,forest,mixed forest,Mixed Forest,#B5C98E
283,drhm-01,3,2025,81,138,556,24.82014388,planted,pasture,Pasture/Hay,#DBD83D
283,drhm-01,3,2025,95,1,556,0.179856115,wetlands,wetlands,Emergent Herbaceous Wetlands,#70A3BA
284,drhm-01,4,2025,21,75,560,13.39285714,developed,developed,"Developed, Open Space",#DDC9C9
284,drhm-01,4,2025,22,13,560,2.321428571,developed,developed,"Developed, Low Intensity",#D89382
284,drhm-01,4,2025,23,2,560,0.357142857,developed,developed,"Developed, Medium Intensity",#ED0000
284,drhm-01,4,2025,41,144,560,25.71428571,forest,deciduous forest,Deciduous Forest,#68AA63
284,drhm-01,4,2025,42,2,560,0.357142857,forest,evergreen forest,Evergreen Forest,#1C6330
284,drhm-01,4,2025,43,37,560,6.607142857,forest,mixed forest,Mixed Forest,#B5C98E
284,drhm-01,4,2025,81,287,560,51.25,planted,pasture,Pasture/Hay,#DBD83D
285,drhm-01,5,2025,11,3,552,0.543478261,water,water,Open Water,#476BA0
285,drhm-01,5,2025,21,77,552,13.94927536,developed,developed,"Developed, Open Space",#DDC9C9
285,drhm-01,5,2025,22,20,552,3.623188406,developed,developed,"Developed, Low Intensity",#D89382
285,drhm-01,5,2025,41,168,552,30.43478261,forest,deciduous forest,Deciduous Forest,#68AA63
285,drhm-01,5,2025,42,2,552,0.362318841,forest,evergreen forest,Evergreen Forest,#1C6330
285,drhm-01,5,2025,43,63,552,11.41304348,forest,mixed forest,Mixed Forest,#B5C98E
285,drhm-01,5,2025,81,219,552,39.67391304,planted,pasture,Pasture/Hay,#DBD83D
286,drhm-01,6,2025,21,98,560,17.5,developed,developed,"Developed, Open Space",#DDC9C9
286,drhm-01,6,2025,22,14,560,2.5,developed,developed,"Developed, Low Intensity",#D89382
286,drhm-01,6,2025,41,91,560,16.25,forest,deciduous forest,Deciduous Forest,#68AA63
286,drhm-01,6,2025,42,17,560,3.035714286,forest,evergreen forest,Evergreen Forest,#1C6330
286,drhm-01,6,2025,43,50,560,8.928571429,forest,mixed forest,Mixed Forest,#B5C98E
286,drhm-01,6,2025,81,204,560,36.42857143,planted,pasture,Pasture/Hay,#DBD83D
286,drhm-01,6,2025,82,86,560,15.35714286,planted,cultivated crops,Cultivated Crops,#AA7028
287,drhm-01,7,2025,11,14,562,2.491103203,water,water,Open Water,#476BA0
287,drhm-01,7,2025,21,61,562,10.85409253,developed,developed,"Developed, Open Space",#DDC9C9
287,drhm-01,7,2025,22,18,562,3.202846975,developed,developed,"Developed, Low Intensity",#D89382
287,drhm-01,7,2025,41,133,562,23.66548043,forest,deciduous forest,Deciduous Forest,#68AA63
287,drhm-01,7,2025,42,76,562,13.52313167,forest,evergreen forest,Evergreen Forest,#1C6330
287,drhm-01,7,2025,43,63,562,11.20996441,forest,mixed forest,Mixed Forest,#B5C98E
287,drhm-01,7,2025,71,1,562,0.177935943,herbaceous,herbaceous,Grassland/Herbaceous,#E2E2C1
287,drhm-01,7,2025,81,132,562,23.48754448,planted,pasture,Pasture/Hay,#DBD83D
287,drhm-01,7,2025,82,64,562,11.38790036,planted,cultivated crops,Cultivated Crops,#AA7028
288,drhm-01,8,2025,11,5,559,0.894454383,water,water,Open Water,#476BA0
288,drhm-01,8,2025,21,59,559,10.55456172,developed,developed,"Developed, Open Space",#DDC9C9
288,drhm-01,8,2025,41,119,559,21.28801431,forest,deciduous forest,Deciduous Forest,#68AA63
288,drhm-01,8,2025,43,40,559,7.155635063,forest,mixed forest,Mixed Forest,#B5C98E
288,drhm-01,8,2025,81,336,559,60.10733453,planted,pasture,Pasture/Hay,#DBD83D
289,drhm-01,9,2025,21,63,563,11.19005329,developed,developed,"Developed, Open Space",#DDC9C9
289,drhm-01,9,2025,22,7,563,1.243339254,developed,developed,"Developed, Low Intensity",#D89382
289,drhm-01,9,2025,41,271,563,48.13499112,forest,deciduous forest,Deciduous Forest,#68AA63
289,drhm-01,9,2025,42,11,563,1.953818828,forest,evergreen forest,Evergreen Forest,#1C6330
289,drhm-01,9,2025,43,75,563,13.32149201,forest,mixed forest,Mixed Forest,#B5C98E
289,drhm-01,9,2025,52,38,563,6.74955595,shrubland,shrubland,Scrub/Shrub,#CCBA7C
289,drhm-01,9,2025,71,2,563,0.355239787,herbaceous,herbaceous,Grassland/Herbaceous,#E2E2C1
289,drhm-01,9,2025,81,89,563,15.80817052,planted,pasture,Pasture/Hay,#DBD83D
289,drhm-01,9,2025,82,7,563,1.243339254,planted,cultivated crops,Cultivated Crops,#AA7028
290,drhm-01,10,2025,21,68,560,12.14285714,developed,developed,"Developed, Open Space",#DDC9C9
290,drhm-01,10,2025,22,30,560,5.357142857,developed,developed,"Developed, Low Intensity",#D89382
290,drhm-01,10,2025,23,5,560,0.892857143,developed,developed,"Developed, Medium Intensity",#ED0000
290,drhm-01,10,2025,41,76,560,13.57142857,forest,deciduous forest,Deciduous Forest,#68AA63
290,drhm-01,10,2025,43,6,560,1.071428571,forest,mixed forest,Mixed Forest,#B5C98E
290,drhm-01,10,2025,81,72,560,12.85714286,planted,pasture,Pasture/Hay,#DBD83D
290,drhm-01,10,2025,82,303,560,54.10714286,planted,cultivated crops,Cultivated Crops,#AA7028
291,drhm-01,11,2025,11,2,562,0.355871886,water,water,Open Water,#476BA0
291,drhm-01,11,2025,21,37,562,6.583629893,developed,developed,"Developed, Open Space",#DDC9C9
291,drhm-01,11,2025,22,2,562,0.355871886,developed,developed,"Developed, Low Intensity",#D89382
291,drhm-01,11,2025,41,183,562,32.56227758,forest,deciduous forest,Deciduous Forest,#68AA63
291,drhm-01,11,2025,42,25,562,4.448398577,forest,evergreen forest,Evergreen Forest,#1C6330
291,drhm-01,11,2025,43,109,562,19.39501779,forest,mixed forest,Mixed Forest,#B5C98E
291,drhm-01,11,2025,52,116,562,20.6405694,shrubland,shrubland,Scrub/Shrub,#CCBA7C
291,drhm-01,11,2025,71,12,562,2.135231317,herbaceous,herbaceous,Grassland/Herbaceous,#E2E2C1
291,drhm-01,11,2025,81,36,562,6.40569395,planted,pasture,Pasture/Hay,#DBD83D
291,drhm-01,11,2025,82,40,562,7.117437722,planted,cultivated crops,Cultivated Crops,#AA7028
292,drhm-01,12,2025,21,45,559,8.050089445,developed,developed,"Developed, Open Space",#DDC9C9
292,drhm-01,12,2025,22,12,559,2.146690519,developed,developed,"Developed, Low Intensity",#D89382
292,drhm-01,12,2025,41,240,559,42.93381038,forest,deciduous forest,Deciduous Forest,#68AA63
292,drhm-01,12,2025,42,95,559,16.99463327,forest,evergreen forest,Evergreen Forest,#1C6330
292,drhm-01,12,2025,43,146,559,26.11806798,forest,mixed forest,Mixed Forest,#B5C98E
292,drhm-01,12,2025,52,12,559,2.146690519,shrubland,shrubland,Scrub/Shrub,#CCBA7C
292,drhm-01,12,2025,71,1,559,0.178890877,herbaceous,herbaceous,Grassland/Herbaceous,#E2E2C1
292,drhm-01,12,2025,81,8,559,1.431127013,planted,pasture,Pasture/Hay,#DBD83D
293,drhm-01,13,2025,21,42,557,7.540394973,developed,developed,"Developed, Open Space",#DDC9C9
293,drhm-01,13,2025,41,17,557,3.052064632,forest,deciduous forest,Deciduous Forest,#68AA63
293,drhm-01,13,2025,42,350,557,62.83662478,forest,evergreen forest,Evergreen Forest,#1C6330
293,drhm-01,13,2025,43,130,557,23.33931777,forest,mixed forest,Mixed Forest,#B5C98E
293,drhm-01,13,2025,52,2,557,0.359066427,shrubland,shrubland,Scrub/Shrub,#CCBA7C
293,drhm-01,13,2025,81,16,557,2.872531418,planted,pasture,Pasture/Hay,#DBD83D
294,drhm-01,14,2025,21,63,558,11.29032258,developed,developed,"Developed, Open Space",#DDC9C9
294,drhm-01,14,2025,22,2,558,0.358422939,developed,developed,"Developed, Low Intensity",#D89382
294,drhm-01,14,2025,41,103,558,18.45878136,forest,deciduous forest,Deciduous Forest,#68AA63
294,drhm-01,14,2025,42,209,558,37.45519713,forest,evergreen forest,Evergreen Forest,#1C6330
294,drhm-01,14,2025,43,168,558,30.10752688,forest,mixed forest,Mixed Forest,#B5C98E
294,drhm-01,14,2025,52,1,558,0.17921147,shrubland,shrubland,Scrub/Shrub,#CCBA7C
294,drhm-01,14,2025,71,2,558,0.358422939,herbaceous,herbaceous,Grassland/Herbaceous,#E2E2C1
294,drhm-01,14,2025,81,10,558,1.792114695,planted,pasture,Pasture/Hay,#DBD83D
295,drhm-01,15,2025,11,5,553,0.904159132,water,water,Open Water,#476BA0
295,drhm-01,15,2025,21,48,553,8.679927667,developed,developed,"Developed, Open Space",#DDC9C9
295,drhm-01,15,2025,22,18,553,3.254972875,developed,developed,"Developed, Low Intensity",#D89382
295,drhm-01,15,2025,23,2,553,0.361663653,developed,developed,"Developed, Medium Intensity",#ED0000
295,drhm-01,15,2025,41,139,553,25.13562387,forest,deciduous forest,Deciduous Forest,#68AA63
295,drhm-01,15,2025,42,134,553,24.23146474,forest,evergreen forest,Evergreen Forest,#1C6330
295,drhm-01,15,2025,43,120,553,21.69981917,forest,mixed forest,Mixed Forest,#B5C98E
295,drhm-01,15,2025,81,82,553,14.82820976,planted,pasture,Pasture/Hay,#DBD83D
295,drhm-01,15,2025,90,3,553,0.542495479,wetlands,wetlands,Woody Wetlands,#BAD8EA
295,drhm-01,15,2025,95,2,553,0.361663653,wetlands,wetlands,Emergent Herbaceous Wetlands,#70A3BA
296,drhm-01,16,2025,21,40,560,7.142857143,developed,developed,"Developed, Open Space",#DDC9C9
296,drhm-01,16,2025,22,19,560,3.392857143,developed,developed,"Developed, Low Intensity",#D89382
296,drhm-01,16,2025,41,112,560,20,forest,deciduous forest,Deciduous Forest,#68AA63
296,drhm-01,16,2025,42,129,560,23.03571429,forest,evergreen forest,Evergreen Forest,#1C6330
296,drhm-01,16,2025,43,84,560,15,forest,mixed forest,Mixed Forest,#B5C98E
296,drhm-01,16,2025,52,7,560,1.25,shrubland,shrubland,Scrub/Shrub,#CCBA7C
296,drhm-01,16,2025,81,169,560,30.17857143,planted,pasture,Pasture/Hay,#DBD83D
297,drhm-01,17,2025,11,1,558,0.17921147,water,water,Open Water,#476BA0
297,drhm-01,17,2025,21,64,558,11.46953405,developed,developed,"Developed, Open Space",#DDC9C9
297,drhm-01,17,2025,22,16,558,2.867383513,developed,developed,"Developed, Low Intensity",#D89382
297,drhm-01,17,2025,41,184,558,32.97491039,forest,deciduous forest,Deciduous Forest,#68AA63
297,drhm-01,17,2025,42,23,558,4.121863799,forest,evergreen forest,Evergreen Forest,#1C6330
297,drhm-01,17,2025,43,141,558,25.2688172,forest,mixed forest,Mixed Forest,#B5C98E
297,drhm-01,17,2025,52,1,558,0.17921147,shrubland,shrubland,Scrub/Shrub,#CCBA7C
297,drhm-01,17,2025,71,14,558,2.508960573,herbaceous,herbaceous,Grassland/Herbaceous,#E2E2C1
297,drhm-01,17,2025,81,114,558,20.43010753,planted,pasture,Pasture/Hay,#DBD83D
298,drhm-01,18,2025,21,51,561,9.090909091,developed,developed,"Developed, Open Space",#DDC9C9
298,drhm-01,18,2025,22,7,561,1.247771836,developed,developed,"Developed, Low Intensity",#D89382
298,drhm-01,18,2025,41,283,561,50.4456328,forest,deciduous forest,Deciduous Forest,#68AA63
298,drhm-01,18,2025,42,21,561,3.743315508,forest,evergreen forest,Evergreen Forest,#1C6330
298,drhm-01,18,2025,43,62,561,11.0516934,forest,mixed forest,Mixed Forest,#B5C98E
298,drhm-01,18,2025,81,137,561,24.42067736,planted,pasture,Pasture/Hay,#DBD83D
299,drhm-01,19,2025,21,95,560,16.96428571,developed,developed,"Developed, Open Space",#DDC9C9
299,drhm-01,19,2025,22,10,560,1.785714286,developed,developed,"Developed, Low Intensity",#D89382
299,drhm-01,19,2025,41,177,560,31.60714286,forest,deciduous forest,Deciduous Forest,#68AA63
299,drhm-01,19,2025,42,53,560,9.464285714,forest,evergreen forest,Evergreen Forest,#1C6330
299,drhm-01,19,2025,43,101,560,18.03571429,forest,mixed forest,Mixed Forest,#B5C98E
299,drhm-01,19,2025,81,124,560,22.14285714,planted,pasture,Pasture/Hay,#DBD83D
300,drhm-01,20,2025,21,68,557,12.20825853,developed,developed,"Developed, Open Space",#DDC9C9
300,drhm-01,20,2025,22,7,557,1.256732496,developed,developed,"Developed, Low Intensity",#D89382
300,drhm-01,20,2025,41,181,557,32.49551167,forest,deciduous forest,Deciduous Forest,#68AA63
300,drhm-01,20,2025,42,67,557,12.02872531,forest,evergreen forest,Evergreen Forest,#1C6330
300,drhm-01,20,2025,43,149,557,26.75044883,forest,mixed forest,Mixed Forest,#B5C98E
300,drhm-01,20,2025,81,84,557,15.08078995,planted,pasture,Pasture/Hay,#DBD83D
300,drhm-01,20,2025,90,1,557,0.179533214,wetlands,wetlands,Woody Wetlands,#BAD8EA
301,drhm-02,1,2025,21,64,556,11.51079137,developed,developed,"Developed, Open Space",#DDC9C9
301,drhm-02,1,2025,22,8,556,1.438848921,developed,developed,"Developed, Low Intensity",#D89382
301,drhm-02,1,2025,41,90,556,16.18705036,forest,deciduous forest,Deciduous Forest,#68AA63
301,drhm-02,1,2025,42,178,556,32.01438849,forest,evergreen forest,Evergreen Forest,#1C6330
301,drhm-02,1,2025,43,212,556,38.1294964,forest,mixed forest,Mixed Forest,#B5C98E
301,drhm-02,1,2025,81,4,556,0.71942446,planted,pasture,Pasture/Hay,#DBD83D
302,drhm-02,2,2025,11,1,561,0.178253119,water,water,Open Water,#476BA0
302,drhm-02,2,2025,21,79,561,14.08199643,developed,developed,"Developed, Open Space",#DDC9C9
302,drhm-02,2,2025,22,79,561,14.08199643,developed,developed,"Developed, Low Intensity",#D89382
302,drhm-02,2,2025,23,3,561,0.534759358,developed,developed,"Developed, Medium Intensity",#ED0000
302,drhm-02,2,2025,41,332,561,59.18003565,forest,deciduous forest,Deciduous Forest,#68AA63
302,drhm-02,2,2025,42,12,561,2.139037433,forest,evergreen forest,Evergreen Forest,#1C6330
302,drhm-02,2,2025,43,55,561,9.803921569,forest,mixed forest,Mixed Forest,#B5C98E
303,drhm-02,3,2025,21,108,560,19.28571429,developed,developed,"Developed, Open Space",#DDC9C9
303,drhm-02,3,2025,22,71,560,12.67857143,developed,developed,"Developed, Low Intensity",#D89382
303,drhm-02,3,2025,23,22,560,3.928571429,developed,developed,"Developed, Medium Intensity",#ED0000
303,drhm-02,3,2025,24,2,560,0.357142857,developed,developed,"Developed, High Intensity",#AA0000
303,drhm-02,3,2025,41,77,560,13.75,forest,deciduous forest,Deciduous Forest,#68AA63
303,drhm-02,3,2025,42,114,560,20.35714286,forest,evergreen forest,Evergreen Forest,#1C6330
303,drhm-02,3,2025,43,165,560,29.46428571,forest,mixed forest,Mixed Forest,#B5C98E
303,drhm-02,3,2025,81,1,560,0.178571429,planted,pasture,Pasture/Hay,#DBD83D
304,drhm-02,4,2025,21,76,562,13.52313167,developed,developed,"Developed, Open Space",#DDC9C9
304,drhm-02,4,2025,22,27,562,4.804270463,developed,developed,"Developed, Low Intensity",#D89382
304,drhm-02,4,2025,41,24,562,4.270462633,forest,deciduous forest,Deciduous Forest,#68AA63
304,drhm-02,4,2025,42,216,562,38.4341637,forest,evergreen forest,Evergreen Forest,#1C6330
304,drhm-02,4,2025,43,214,562,38.07829181,forest,mixed forest,Mixed Forest,#B5C98E
304,drhm-02,4,2025,52,1,562,0.177935943,shrubland,shrubland,Scrub/Shrub,#CCBA7C
304,drhm-02,4,2025,71,4,562,0.711743772,herbaceous,herbaceous,Grassland/Herbaceous,#E2E2C1
305,drhm-02,5,2025,21,63,561,11.22994652,developed,developed,"Developed, Open Space",#DDC9C9
305,drhm-02,5,2025,22,25,561,4.456327986,developed,developed,"Developed, Low Intensity",#D89382
305,drhm-02,5,2025,23,1,561,0.178253119,developed,developed,"Developed, Medium Intensity",#ED0000
305,drhm-02,5,2025,41,84,561,14.97326203,forest,deciduous forest,Deciduous Forest,#68AA63
305,drhm-02,5,2025,42,95,561,16.93404635,forest,evergreen forest,Evergreen Forest,#1C6330
305,drhm-02,5,2025,43,222,561,39.57219251,forest,mixed forest,Mixed Forest,#B5C98E
305,drhm-02,5,2025,81,71,561,12.65597148,planted,pasture,Pasture/Hay,#DBD83D
306,drhm-02,6,2025,11,2,561,0.356506239,water,water,Open Water,#476BA0
306,drhm-02,6,2025,21,62,561,11.0516934,developed,developed,"Developed, Open Space",#DDC9C9
306,drhm-02,6,2025,22,31,561,5.525846702,developed,developed,"Developed, Low Intensity",#D89382
306,drhm-02,6,2025,23,2,561,0.356506239,developed,developed,"Developed, Medium Intensity",#ED0000
306,drhm-02,6,2025,41,19,561,3.386809269,forest,deciduous forest,Deciduous Forest,#68AA63
306,drhm-02,6,2025,42,127,561,22.63814617,forest,evergreen forest,Evergreen Forest,#1C6330
306,drhm-02,6,2025,43,135,561,24.06417112,forest,mixed forest,Mixed Forest,#B5C98E
306,drhm-02,6,2025,71,6,561,1.069518717,herbaceous,herbaceous,Grassland/Herbaceous,#E2E2C1
306,drhm-02,6,2025,81,177,561,31.55080214,planted,pasture,Pasture/Hay,#DBD83D
307,drhm-02,7,2025,21,106,559,18.96243292,developed,developed,"Developed, Open Space",#DDC9C9
307,drhm-02,7,2025,22,51,559,9.123434705,developed,developed,"Developed, Low Intensity",#D89382
307,drhm-02,7,2025,41,113,559,20.21466905,forest,deciduous forest,Deciduous Forest,#68AA63
307,drhm-02,7,2025,42,45,559,8.050089445,forest,evergreen forest,Evergreen Forest,#1C6330
307,drhm-02,7,2025,43,199,559,35.59928444,forest,mixed forest,Mixed Forest,#B5C98E
307,drhm-02,7,2025,71,22,559,3.935599284,herbaceous,herbaceous,Grassland/Herbaceous,#E2E2C1
307,drhm-02,7,2025,81,23,559,4.114490161,planted,pasture,Pasture/Hay,#DBD83D
308,drhm-02,8,2025,21,41,553,7.414104882,developed,developed,"Developed, Open Space",#DDC9C9
308,drhm-02,8,2025,22,17,553,3.074141049,developed,developed,"Developed, Low Intensity",#D89382
308,drhm-02,8,2025,41,375,553,67.8119349,forest,deciduous forest,Deciduous Forest,#68AA63
308,drhm-02,8,2025,42,4,553,0.723327306,forest,evergreen forest,Evergreen Forest,#1C6330
308,drhm-02,8,2025,43,60,553,10.84990958,forest,mixed forest,Mixed Forest,#B5C98E
308,drhm-02,8,2025,52,1,553,0.180831826,shrubland,shrubland,Scrub/Shrub,#CCBA7C
308,drhm-02,8,2025,71,30,553,5.424954792,herbaceous,herbaceous,Grassland/Herbaceous,#E2E2C1
308,drhm-02,8,2025,81,25,553,4.52079566,planted,pasture,Pasture/Hay,#DBD83D
309,drhm-02,9,2025,11,1,563,0.177619893,water,water,Open Water,#476BA0
309,drhm-02,9,2025,21,71,563,12.61101243,developed,developed,"Developed, Open Space",#DDC9C9
309,drhm-02,9,2025,41,331,563,58.79218472,forest,deciduous forest,Deciduous Forest,#68AA63
309,drhm-02,9,2025,42,13,563,2.309058615,forest,evergreen forest,Evergreen Forest,#1C6330
309,drhm-02,9,2025,43,110,563,19.53818828,forest,mixed forest,Mixed Forest,#B5C98E
309,drhm-02,9,2025,81,37,563,6.571936057,planted,pasture,Pasture/Hay,#DBD83D
310,drhm-02,10,2025,11,51,560,9.107142857,water,water,Open Water,#476BA0
310,drhm-02,10,2025,21,32,560,5.714285714,developed,developed,"Developed, Open Space",#DDC9C9
310,drhm-02,10,2025,22,18,560,3.214285714,developed,developed,"Developed, Low Intensity",#D89382
310,drhm-02,10,2025,41,226,560,40.35714286,forest,deciduous forest,Deciduous Forest,#68AA63
310,drhm-02,10,2025,42,20,560,3.571428571,forest,evergreen forest,Evergreen Forest,#1C6330
310,drhm-02,10,2025,43,93,560,16.60714286,forest,mixed forest,Mixed Forest,#B5C98E
310,drhm-02,10,2025,71,15,560,2.678571429,herbaceous,herbaceous,Grassland/Herbaceous,#E2E2C1
310,drhm-02,10,2025,81,105,560,18.75,planted,pasture,Pasture/Hay,#DBD83D
311,drhm-02,11,2025,21,63,558,11.29032258,developed,developed,"Developed, Open Space",#DDC9C9
311,drhm-02,11,2025,22,24,558,4.301075269,developed,developed,"Developed, Low Intensity",#D89382
311,drhm-02,11,2025,41,203,558,36.37992832,forest,deciduous forest,Deciduous Forest,#68AA63
311,drhm-02,11,2025,42,27,558,4.838709677,forest,evergreen forest,Evergreen Forest,#1C6330
311,drhm-02,11,2025,43,65,558,11.64874552,forest,mixed forest,Mixed Forest,#B5C98E
311,drhm-02,11,2025,81,176,558,31.54121864,planted,pasture,Pasture/Hay,#DBD83D
312,drhm-02,12,2025,11,2,556,0.35971223,water,water,Open Water,#476BA0
312,drhm-02,12,2025,21,92,556,16.54676259,developed,developed,"Developed, Open Space",#DDC9C9
312,drhm-02,12,2025,22,13,556,2.338129496,developed,developed,"Developed, Low Intensity",#D89382
312,drhm-02,12,2025,41,54,556,9.712230216,forest,deciduous forest,Deciduous Forest,#68AA63
312,drhm-02,12,2025,42,24,556,4.316546763,forest,evergreen forest,Evergreen Forest,#1C6330
312,drhm-02,12,2025,43,80,556,14.38848921,forest,mixed forest,Mixed Forest,#B5C98E
312,drhm-02,12,2025,71,1,556,0.179856115,herbaceous,herbaceous,Grassland/Herbaceous,#E2E2C1
312,drhm-02,12,2025,81,229,556,41.18705036,planted,pasture,Pasture/Hay,#DBD83D
312,drhm-02,12,2025,82,61,556,10.97122302,planted,cultivated crops,Cultivated Crops,#AA7028
313,drhm-02,13,2025,21,51,558,9.139784946,developed,developed,"Developed, Open Space",#DDC9C9
313,drhm-02,13,2025,22,3,558,0.537634409,developed,developed,"Developed, Low Intensity",#D89382
313,drhm-02,13,2025,41,67,558,12.00716846,forest,deciduous forest,Deciduous Forest,#68AA63
313,drhm-02,13,2025,42,55,558,9.856630824,forest,evergreen forest,Evergreen Forest,#1C6330
313,drhm-02,13,2025,43,132,558,23.65591398,forest,mixed forest,Mixed Forest,#B5C98E
313,drhm-02,13,2025,81,209,558,37.45519713,planted,pasture,Pasture/Hay,#DBD83D
313,drhm-02,13,2025,82,41,558,7.347670251,planted,cultivated crops,Cultivated Crops,#AA7028
314,drhm-02,14,2025,21,69,558,12.3655914,developed,developed,"Developed, Open Space",#DDC9C9
314,drhm-02,14,2025,22,9,558,1.612903226,developed,developed,"Developed, Low Intensity",#D89382
314,drhm-02,14,2025,23,3,558,0.537634409,developed,developed,"Developed, Medium Intensity",#ED0000
314,drhm-02,14,2025,41,223,558,39.96415771,forest,deciduous forest,Deciduous Forest,#68AA63
314,drhm-02,14,2025,42,12,558,2.150537634,forest,evergreen forest,Evergreen Forest,#1C6330
314,drhm-02,14,2025,43,146,558,26.16487455,forest,mixed forest,Mixed Forest,#B5C98E
314,drhm-02,14,2025,71,7,558,1.254480287,herbaceous,herbaceous,Grassland/Herbaceous,#E2E2C1
314,drhm-02,14,2025,81,89,558,15.94982079,planted,pasture,Pasture/Hay,#DBD83D
315,drhm-02,15,2025,11,14,555,2.522522523,water,water,Open Water,#476BA0
315,drhm-02,15,2025,21,61,555,10.99099099,developed,developed,"Developed, Open Space",#DDC9C9
315,drhm-02,15,2025,22,19,555,3.423423423,developed,developed,"Developed, Low Intensity",#D89382
315,drhm-02,15,2025,23,5,555,0.900900901,developed,developed,"Developed, Medium Intensity",#ED0000
315,drhm-02,15,2025,41,78,555,14.05405405,forest,deciduous forest,Deciduous Forest,#68AA63
315,drhm-02,15,2025,42,21,555,3.783783784,forest,evergreen forest,Evergreen Forest,#1C6330
315,drhm-02,15,2025,43,61,555,10.99099099,forest,mixed forest,Mixed Forest,#B5C98E
315,drhm-02,15,2025,52,4,555,0.720720721,shrubland,shrubland,Scrub/Shrub,#CCBA7C
315,drhm-02,15,2025,71,2,555,0.36036036,herbaceous,herbaceous,Grassland/Herbaceous,#E2E2C1
315,drhm-02,15,2025,81,290,555,52.25225225,planted,pasture,Pasture/Hay,#DBD83D
316,drhm-02,16,2025,11,2,553,0.361663653,water,water,Open Water,#476BA0
316,drhm-02,16,2025,21,50,553,9.04159132,developed,developed,"Developed, Open Space",#DDC9C9
316,drhm-02,16,2025,22,13,553,2.350813743,developed,developed,"Developed, Low Intensity",#D89382
316,drhm-02,16,2025,41,247,553,44.66546112,forest,deciduous forest,Deciduous Forest,#68AA63
316,drhm-02,16,2025,42,2,553,0.361663653,forest,evergreen forest,Evergreen Forest,#1C6330
316,drhm-02,16,2025,43,106,553,19.1681736,forest,mixed forest,Mixed Forest,#B5C98E
316,drhm-02,16,2025,52,2,553,0.361663653,shrubland,shrubland,Scrub/Shrub,#CCBA7C
316,drhm-02,16,2025,71,1,553,0.180831826,herbaceous,herbaceous,Grassland/Herbaceous,#E2E2C1
316,drhm-02,16,2025,81,130,553,23.50813743,planted,pasture,Pasture/Hay,#DBD83D
317,drhm-02,17,2025,21,62,563,11.01243339,developed,developed,"Developed, Open Space",#DDC9C9
317,drhm-02,17,2025,22,22,563,3.907637655,developed,developed,"Developed, Low Intensity",#D89382
317,drhm-02,17,2025,41,142,563,25.22202487,forest,deciduous forest,Deciduous Forest,#68AA63
317,drhm-02,17,2025,42,110,563,19.53818828,forest,evergreen forest,Evergreen Forest,#1C6330
317,drhm-02,17,2025,43,139,563,24.68916519,forest,mixed forest,Mixed Forest,#B5C98E
317,drhm-02,17,2025,52,5,563,0.888099467,shrubland,shrubland,Scrub/Shrub,#CCBA7C
317,drhm-02,17,2025,81,83,563,14.74245115,planted,pasture,Pasture/Hay,#DBD83D
318,drhm-02,18,2025,11,5,556,0.899280576,water,water,Open Water,#476BA0
318,drhm-02,18,2025,21,49,556,8.81294964,developed,developed,"Developed, Open Space",#DDC9C9
318,drhm-02,18,2025,22,15,556,2.697841727,developed,developed,"Developed, Low Intensity",#D89382
318,drhm-02,18,2025,41,147,556,26.43884892,forest,deciduous forest,Deciduous Forest,#68AA63
318,drhm-02,18,2025,42,147,556,26.43884892,forest,evergreen forest,Evergreen Forest,#1C6330
318,drhm-02,18,2025,43,109,556,19.60431655,forest,mixed forest,Mixed Forest,#B5C98E
318,drhm-02,18,2025,52,15,556,2.697841727,shrubland,shrubland,Scrub/Shrub,#CCBA7C
318,drhm-02,18,2025,81,69,556,12.41007194,planted,pasture,Pasture/Hay,#DBD83D
319,drhm-02,19,2025,21,61,563,10.8348135,developed,developed,"Developed, Open Space",#DDC9C9
319,drhm-02,19,2025,22,24,563,4.262877442,developed,developed,"Developed, Low Intensity",#D89382
319,drhm-02,19,2025,23,7,563,1.243339254,developed,developed,"Developed, Medium Intensity",#ED0000
319,drhm-02,19,2025,41,171,563,30.37300178,forest,deciduous forest,Deciduous Forest,#68AA63
319,drhm-02,19,2025,42,37,563,6.571936057,forest,evergreen forest,Evergreen Forest,#1C6330
319,drhm-02,19,2025,43,112,563,19.89342806,forest,mixed forest,Mixed Forest,#B5C98E
319,drhm-02,19,2025,52,58,563,10.30195382,shrubland,shrubland,Scrub/Shrub,#CCBA7C
319,drhm-02,19,2025,71,54,563,9.591474245,herbaceous,herbaceous,Grassland/Herbaceous,#E2E2C1
319,drhm-02,19,2025,81,13,563,2.309058615,planted,pasture,Pasture/Hay,#DBD83D
319,drhm-02,19,2025,82,26,563,4.618117229,planted,cultivated crops,Cultivated Crops,#AA7028
320,drhm-02,20,2025,21,48,561,8.556149733,developed,developed,"Developed, Open Space",#DDC9C9
320,drhm-02,20,2025,22,52,561,9.26916221,developed,developed,"Developed, Low Intensity",#D89382
320,drhm-02,20,2025,23,16,561,2.852049911,developed,developed,"Developed, Medium Intensity",#ED0000
320,drhm-02,20,2025,41,166,561,29.59001783,forest,deciduous forest,Deciduous Forest,#68AA63
320,drhm-02,20,2025,43,48,561,8.556149733,forest,mixed forest,Mixed Forest,#B5C98E
320,drhm-02,20,2025,52,9,561,1.604278075,shrubland,shrubland,Scrub/Shrub,#CCBA7C
320,drhm-02,20,2025,71,5,561,0.891265597,herbaceous,herbaceous,Grassland/Herbaceous,#E2E2C1
320,drhm-02,20,2025,81,109,561,19.42959002,planted,pasture,Pasture/Hay,#DBD83D
320,drhm-02,20,2025,82,108,561,19.2513369,planted,cultivated crops,Cultivated Crops,#AA7028
321,drhm-03,1,2025,21,94,558,16.84587814,developed,developed,"Developed, Open Space",#DDC9C9
321,drhm-03,1,2025,22,323,558,57.88530466,developed,developed,"Developed, Low Intensity",#D89382
321,drhm-03,1,2025,23,129,558,23.11827957,developed,developed,"Developed, Medium Intensity",#ED0000
321,drhm-03,1,2025,24,12,558,2.150537634,developed,developed,"Developed, High Intensity",#AA0000
322,drhm-03,2,2025,21,106,559,18.96243292,developed,developed,"Developed, Open Space",#DDC9C9
322,drhm-03,2,2025,22,208,559,37.20930233,developed,developed,"Developed, Low Intensity",#D89382
322,drhm-03,2,2025,23,163,559,29.15921288,developed,developed,"Developed, Medium Intensity",#ED0000
322,drhm-03,2,2025,24,71,559,12.70125224,developed,developed,"Developed, High Intensity",#AA0000
322,drhm-03,2,2025,41,10,559,1.788908766,forest,deciduous forest,Deciduous Forest,#68AA63
322,drhm-03,2,2025,43,1,559,0.178890877,forest,mixed forest,Mixed Forest,#B5C98E
323,drhm-03,3,2025,21,87,557,15.61938959,developed,developed,"Developed, Open Space",#DDC9C9
323,drhm-03,3,2025,22,170,557,30.52064632,developed,developed,"Developed, Low Intensity",#D89382
323,drhm-03,3,2025,23,215,557,38.59964093,developed,developed,"Developed, Medium Intensity",#ED0000
323,drhm-03,3,2025,24,69,557,12.38779174,developed,developed,"Developed, High Intensity",#AA0000
323,drhm-03,3,2025,42,16,557,2.872531418,forest,evergreen forest,Evergreen Forest,#1C6330
324,drhm-03,4,2025,21,189,557,33.93177738,developed,developed,"Developed, Open Space",#DDC9C9
324,drhm-03,4,2025,22,217,557,38.95870736,developed,developed,"Developed, Low Intensity",#D89382
324,drhm-03,4,2025,23,103,557,18.49192101,developed,developed,"Developed, Medium Intensity",#ED0000
324,drhm-03,4,2025,24,45,557,8.078994614,developed,developed,"Developed, High Intensity",#AA0000
324,drhm-03,4,2025,43,3,557,0.538599641,forest,mixed forest,Mixed Forest,#B5C98E
325,drhm-03,5,2025,21,193,562,34.34163701,developed,developed,"Developed, Open Space",#DDC9C9
325,drhm-03,5,2025,22,277,562,49.28825623,developed,developed,"Developed, Low Intensity",#D89382
325,drhm-03,5,2025,23,91,562,16.19217082,developed,developed,"Developed, Medium Intensity",#ED0000
325,drhm-03,5,2025,24,1,562,0.177935943,developed,developed,"Developed, High Intensity",#AA0000
326,drhm-03,6,2025,11,4,561,0.713012478,water,water,Open Water,#476BA0
326,drhm-03,6,2025,21,328,561,58.46702317,developed,developed,"Developed, Open Space",#DDC9C9
326,drhm-03,6,2025,22,220,561,39.21568627,developed,developed,"Developed, Low Intensity",#D89382
326,drhm-03,6,2025,23,9,561,1.604278075,developed,developed,"Developed, Medium Intensity",#ED0000
327,drhm-03,7,2025,21,293,559,52.41502683,developed,developed,"Developed, Open Space",#DDC9C9
327,drhm-03,7,2025,22,177,559,31.66368515,developed,developed,"Developed, Low Intensity",#D89382
327,drhm-03,7,2025,23,17,559,3.041144902,developed,developed,"Developed, Medium Intensity",#ED0000
327,drhm-03,7,2025,41,46,559,8.228980322,forest,deciduous forest,Deciduous Forest,#68AA63
327,drhm-03,7,2025,42,12,559,2.146690519,forest,evergreen forest,Evergreen Forest,#1C6330
327,drhm-03,7,2025,43,14,559,2.504472272,forest,mixed forest,Mixed Forest,#B5C98E
328,drhm-03,8,2025,11,14,561,2.495543672,water,water,Open Water,#476BA0
328,drhm-03,8,2025,21,289,561,51.51515152,developed,developed,"Developed, Open Space",#DDC9C9
328,drhm-03,8,2025,22,228,561,40.64171123,developed,developed,"Developed, Low Intensity",#D89382
328,drhm-03,8,2025,23,19,561,3.386809269,developed,developed,"Developed, Medium Intensity",#ED0000
328,drhm-03,8,2025,41,11,561,1.960784314,forest,deciduous forest,Deciduous Forest,#68AA63
329,drhm-03,9,2025,21,323,558,57.88530466,developed,developed,"Developed, Open Space",#DDC9C9
329,drhm-03,9,2025,22,164,558,29.390681,developed,developed,"Developed, Low Intensity",#D89382
329,drhm-03,9,2025,23,7,558,1.254480287,developed,developed,"Developed, Medium Intensity",#ED0000
329,drhm-03,9,2025,41,54,558,9.677419355,forest,deciduous forest,Deciduous Forest,#68AA63
329,drhm-03,9,2025,42,1,558,0.17921147,forest,evergreen forest,Evergreen Forest,#1C6330
329,drhm-03,9,2025,43,9,558,1.612903226,forest,mixed forest,Mixed Forest,#B5C98E
330,drhm-03,10,2025,11,1,558,0.17921147,water,water,Open Water,#476BA0
330,drhm-03,10,2025,21,237,558,42.47311828,developed,developed,"Developed, Open Space",#DDC9C9
330,drhm-03,10,2025,22,192,558,34.40860215,developed,developed,"Developed, Low Intensity",#D89382
330,drhm-03,10,2025,23,1,558,0.17921147,developed,developed,"Developed, Medium Intensity",#ED0000
330,drhm-03,10,2025,42,113,558,20.25089606,forest,evergreen forest,Evergreen Forest,#1C6330
330,drhm-03,10,2025,43,13,558,2.329749104,forest,mixed forest,Mixed Forest,#B5C98E
330,drhm-03,10,2025,81,1,558,0.17921147,planted,pasture,Pasture/Hay,#DBD83D
331,drhm-03,11,2025,11,4,562,0.711743772,water,water,Open Water,#476BA0
331,drhm-03,11,2025,21,44,562,7.829181495,developed,developed,"Developed, Open Space",#DDC9C9
331,drhm-03,11,2025,22,29,562,5.160142349,developed,developed,"Developed, Low Intensity",#D89382
331,drhm-03,11,2025,41,104,562,18.50533808,forest,deciduous forest,Deciduous Forest,#68AA63
331,drhm-03,11,2025,42,228,562,40.56939502,forest,evergreen forest,Evergreen Forest,#1C6330
331,drhm-03,11,2025,43,143,562,25.44483986,forest,mixed forest,Mixed Forest,#B5C98E
331,drhm-03,11,2025,71,1,562,0.177935943,herbaceous,herbaceous,Grassland/Herbaceous,#E2E2C1
331,drhm-03,11,2025,81,8,562,1.423487544,planted,pasture,Pasture/Hay,#DBD83D
331,drhm-03,11,2025,90,1,562,0.177935943,wetlands,wetlands,Woody Wetlands,#BAD8EA
332,drhm-03,12,2025,21,68,560,12.14285714,developed,developed,"Developed, Open Space",#DDC9C9
332,drhm-03,12,2025,22,23,560,4.107142857,developed,developed,"Developed, Low Intensity",#D89382
332,drhm-03,12,2025,41,68,560,12.14285714,forest,deciduous forest,Deciduous Forest,#68AA63
332,drhm-03,12,2025,42,179,560,31.96428571,forest,evergreen forest,Evergreen Forest,#1C6330
332,drhm-03,12,2025,43,161,560,28.75,forest,mixed forest,Mixed Forest,#B5C98E
332,drhm-03,12,2025,81,61,560,10.89285714,planted,pasture,Pasture/Hay,#DBD83D
333,drhm-03,13,2025,21,296,551,53.72050817,developed,developed,"Developed, Open Space",#DDC9C9
333,drhm-03,13,2025,22,206,551,37.38656987,developed,developed,"Developed, Low Intensity",#D89382
333,drhm-03,13,2025,23,35,551,6.352087114,developed,developed,"Developed, Medium Intensity",#ED0000
333,drhm-03,13,2025,41,13,551,2.359346642,forest,deciduous forest,Deciduous Forest,#68AA63
333,drhm-03,13,2025,43,1,551,0.181488203,forest,mixed forest,Mixed Forest,#B5C98E
334,drhm-03,14,2025,11,67,560,11.96428571,water,water,Open Water,#476BA0
334,drhm-03,14,2025,21,380,560,67.85714286,developed,developed,"Developed, Open Space",#DDC9C9
334,drhm-03,14,2025,22,106,560,18.92857143,developed,developed,"Developed, Low Intensity",#D89382
334,drhm-03,14,2025,23,1,560,0.178571429,developed,developed,"Developed, Medium Intensity",#ED0000
334,drhm-03,14,2025,41,1,560,0.178571429,forest,deciduous forest,Deciduous Forest,#68AA63
334,drhm-03,14,2025,42,3,560,0.535714286,forest,evergreen forest,Evergreen Forest,#1C6330
334,drhm-03,14,2025,43,2,560,0.357142857,forest,mixed forest,Mixed Forest,#B5C98E
335,drhm-03,15,2025,21,311,554,56.13718412,developed,developed,"Developed, Open Space",#DDC9C9
335,drhm-03,15,2025,22,90,554,16.24548736,developed,developed,"Developed, Low Intensity",#D89382
335,drhm-03,15,2025,23,6,554,1.083032491,developed,developed,"Developed, Medium Intensity",#ED0000
335,drhm-03,15,2025,41,64,554,11.55234657,forest,deciduous forest,Deciduous Forest,#68AA63
335,drhm-03,15,2025,42,46,554,8.303249097,forest,evergreen forest,Evergreen Forest,#1C6330
335,drhm-03,15,2025,43,37,554,6.678700361,forest,mixed forest,Mixed Forest,#B5C98E
336,drhm-03,16,2025,21,286,560,51.07142857,developed,developed,"Developed, Open Space",#DDC9C9
336,drhm-03,16,2025,22,176,560,31.42857143,developed,developed,"Developed, Low Intensity",#D89382
336,drhm-03,16,2025,23,24,560,4.285714286,developed,developed,"Developed, Medium Intensity",#ED0000
336,drhm-03,16,2025,41,47,560,8.392857143,forest,deciduous forest,Deciduous Forest,#68AA63
336,drhm-03,16,2025,42,3,560,0.535714286,forest,evergreen forest,Evergreen Forest,#1C6330
336,drhm-03,16,2025,43,24,560,4.285714286,forest,mixed forest,Mixed Forest,#B5C98E
337,drhm-03,17,2025,21,227,554,40.97472924,developed,developed,"Developed, Open Space",#DDC9C9
337,drhm-03,17,2025,22,245,554,44.22382671,developed,developed,"Developed, Low Intensity",#D89382
337,drhm-03,17,2025,23,56,554,10.10830325,developed,developed,"Developed, Medium Intensity",#ED0000
337,drhm-03,17,2025,24,3,554,0.541516245,developed,developed,"Developed, High Intensity",#AA0000
337,drhm-03,17,2025,41,10,554,1.805054152,forest,deciduous forest,Deciduous Forest,#68AA63
337,drhm-03,17,2025,43,13,554,2.346570397,forest,mixed forest,Mixed Forest,#B5C98E
338,drhm-03,18,2025,21,140,560,25,developed,developed,"Developed, Open Space",#DDC9C9
338,drhm-03,18,2025,22,157,560,28.03571429,developed,developed,"Developed, Low Intensity",#D89382
338,drhm-03,18,2025,23,63,560,11.25,developed,developed,"Developed, Medium Intensity",#ED0000
338,drhm-03,18,2025,41,81,560,14.46428571,forest,deciduous forest,Deciduous Forest,#68AA63
338,drhm-03,18,2025,42,41,560,7.321428571,forest,evergreen forest,Evergreen Forest,#1C6330
338,drhm-03,18,2025,43,75,560,13.39285714,forest,mixed forest,Mixed Forest,#B5C98E
338,drhm-03,18,2025,81,3,560,0.535714286,planted,pasture,Pasture/Hay,#DBD83D
339,drhm-03,19,2025,21,199,561,35.47237077,developed,developed,"Developed, Open Space",#DDC9C9
339,drhm-03,19,2025,22,45,561,8.021390374,developed,developed,"Developed, Low Intensity",#D89382
339,drhm-03,19,2025,41,164,561,29.23351159,forest,deciduous forest,Deciduous Forest,#68AA63
339,drhm-03,19,2025,42,45,561,8.021390374,forest,evergreen forest,Evergreen Forest,#1C6330
339,drhm-03,19,2025,43,106,561,18.89483066,forest,mixed forest,Mixed Forest,#B5C98E
339,drhm-03,19,2025,52,1,561,0.178253119,shrubland,shrubland,Scrub/Shrub,#CCBA7C
339,drhm-03,19,2025,71,1,561,0.178253119,herbaceous,herbaceous,Grassland/Herbaceous,#E2E2C1
340,drhm-03,20,2025,21,135,561,24.06417112,developed,developed,"Developed, Open Space",#DDC9C9
340,drhm-03,20,2025,22,54,561,9.625668449,developed,developed,"Developed, Low Intensity",#D89382
340,drhm-03,20,2025,41,175,561,31.1942959,forest,deciduous forest,Deciduous Forest,#68AA63
340,drhm-03,20,2025,42,70,561,12.47771836,forest,evergreen forest,Evergreen Forest,#1C6330
340,drhm-03,20,2025,43,126,561,22.45989305,forest,mixed forest,Mixed Forest,#B5C98E
340,drhm-03,20,2025,81,1,561,0.178253119,planted,pasture,Pasture/Hay,#DBD83D
341,drhm-04,1,2025,21,189,554,34.11552347,developed,developed,"Developed, Open Space",#DDC9C9
341,drhm-04,1,2025,22,216,554,38.98916968,developed,developed,"Developed, Low Intensity",#D89382
341,drhm-04,1,2025,23,97,554,17.50902527,developed,developed,"Developed, Medium Intensity",#ED0000
341,drhm-04,1,2025,24,27,554,4.873646209,developed,developed,"Developed, High Intensity",#AA0000
341,drhm-04,1,2025,41,6,554,1.083032491,forest,deciduous forest,Deciduous Forest,#68AA63
341,drhm-04,1,2025,42,5,554,0.902527076,forest,evergreen forest,Evergreen Forest,#1C6330
341,drhm-04,1,2025,43,14,554,2.527075812,forest,mixed forest,Mixed Forest,#B5C98E
342,drhm-04,2,2025,11,9,560,1.607142857,water,water,Open Water,#476BA0
342,drhm-04,2,2025,21,249,560,44.46428571,developed,developed,"Developed, Open Space",#DDC9C9
342,drhm-04,2,2025,22,93,560,16.60714286,developed,developed,"Developed, Low Intensity",#D89382
342,drhm-04,2,2025,23,1,560,0.178571429,developed,developed,"Developed, Medium Intensity",#ED0000
342,drhm-04,2,2025,41,147,560,26.25,forest,deciduous forest,Deciduous Forest,#68AA63
342,drhm-04,2,2025,42,17,560,3.035714286,forest,evergreen forest,Evergreen Forest,#1C6330
342,drhm-04,2,2025,43,40,560,7.142857143,forest,mixed forest,Mixed Forest,#B5C98E
342,drhm-04,2,2025,71,2,560,0.357142857,herbaceous,herbaceous,Grassland/Herbaceous,#E2E2C1
342,drhm-04,2,2025,81,2,560,0.357142857,planted,pasture,Pasture/Hay,#DBD83D
343,drhm-04,3,2025,11,3,556,0.539568345,water,water,Open Water,#476BA0
343,drhm-04,3,2025,21,150,556,26.97841727,developed,developed,"Developed, Open Space",#DDC9C9
343,drhm-04,3,2025,22,62,556,11.15107914,developed,developed,"Developed, Low Intensity",#D89382
343,drhm-04,3,2025,23,4,556,0.71942446,developed,developed,"Developed, Medium Intensity",#ED0000
343,drhm-04,3,2025,41,254,556,45.68345324,forest,deciduous forest,Deciduous Forest,#68AA63
343,drhm-04,3,2025,42,15,556,2.697841727,forest,evergreen forest,Evergreen Forest,#1C6330
343,drhm-04,3,2025,43,46,556,8.273381295,forest,mixed forest,Mixed Forest,#B5C98E
343,drhm-04,3,2025,71,6,556,1.079136691,herbaceous,herbaceous,Grassland/Herbaceous,#E2E2C1
343,drhm-04,3,2025,81,16,556,2.877697842,planted,pasture,Pasture/Hay,#DBD83D
344,drhm-04,4,2025,11,17,558,3.046594982,water,water,Open Water,#476BA0
344,drhm-04,4,2025,21,103,558,18.45878136,developed,developed,"Developed, Open Space",#DDC9C9
344,drhm-04,4,2025,22,14,558,2.508960573,developed,developed,"Developed, Low Intensity",#D89382
344,drhm-04,4,2025,41,341,558,61.11111111,forest,deciduous forest,Deciduous Forest,#68AA63
344,drhm-04,4,2025,42,12,558,2.150537634,forest,evergreen forest,Evergreen Forest,#1C6330
344,drhm-04,4,2025,43,54,558,9.677419355,forest,mixed forest,Mixed Forest,#B5C98E
344,drhm-04,4,2025,71,4,558,0.716845878,herbaceous,herbaceous,Grassland/Herbaceous,#E2E2C1
344,drhm-04,4,2025,81,13,558,2.329749104,planted,pasture,Pasture/Hay,#DBD83D
345,drhm-04,5,2025,11,8,558,1.433691756,water,water,Open Water,#476BA0
345,drhm-04,5,2025,21,188,558,33.69175627,developed,developed,"Developed, Open Space",#DDC9C9
345,drhm-04,5,2025,22,111,558,19.89247312,developed,developed,"Developed, Low Intensity",#D89382
345,drhm-04,5,2025,41,161,558,28.85304659,forest,deciduous forest,Deciduous Forest,#68AA63
345,drhm-04,5,2025,42,24,558,4.301075269,forest,evergreen forest,Evergreen Forest,#1C6330
345,drhm-04,5,2025,43,61,558,10.93189964,forest,mixed forest,Mixed Forest,#B5C98E
345,drhm-04,5,2025,71,2,558,0.358422939,herbaceous,herbaceous,Grassland/Herbaceous,#E2E2C1
345,drhm-04,5,2025,81,3,558,0.537634409,planted,pasture,Pasture/Hay,#DBD83D
346,drhm-04,6,2025,21,65,559,11.62790698,developed,developed,"Developed, Open Space",#DDC9C9
346,drhm-04,6,2025,22,38,559,6.797853309,developed,developed,"Developed, Low Intensity",#D89382
346,drhm-04,6,2025,23,11,559,1.967799642,developed,developed,"Developed, Medium Intensity",#ED0000
346,drhm-04,6,2025,41,289,559,51.69946333,forest,deciduous forest,Deciduous Forest,#68AA63
346,drhm-04,6,2025,42,23,559,4.114490161,forest,evergreen forest,Evergreen Forest,#1C6330
346,drhm-04,6,2025,43,114,559,20.39355993,forest,mixed forest,Mixed Forest,#B5C98E
346,drhm-04,6,2025,81,19,559,3.398926655,planted,pasture,Pasture/Hay,#DBD83D
347,drhm-04,7,2025,11,2,560,0.357142857,water,water,Open Water,#476BA0
347,drhm-04,7,2025,21,80,560,14.28571429,developed,developed,"Developed, Open Space",#DDC9C9
347,drhm-04,7,2025,22,19,560,3.392857143,developed,developed,"Developed, Low Intensity",#D89382
347,drhm-04,7,2025,41,140,560,25,forest,deciduous forest,Deciduous Forest,#68AA63
347,drhm-04,7,2025,42,16,560,2.857142857,forest,evergreen forest,Evergreen Forest,#1C6330
347,drhm-04,7,2025,43,102,560,18.21428571,forest,mixed forest,Mixed Forest,#B5C98E
347,drhm-04,7,2025,81,170,560,30.35714286,planted,pasture,Pasture/Hay,#DBD83D
347,drhm-04,7,2025,90,31,560,5.535714286,wetlands,wetlands,Woody Wetlands,#BAD8EA
348,drhm-04,8,2025,11,10,558,1.792114695,water,water,Open Water,#476BA0
348,drhm-04,8,2025,21,121,558,21.68458781,developed,developed,"Developed, Open Space",#DDC9C9
348,drhm-04,8,2025,22,29,558,5.197132616,developed,developed,"Developed, Low Intensity",#D89382
348,drhm-04,8,2025,41,244,558,43.72759857,forest,deciduous forest,Deciduous Forest,#68AA63
348,drhm-04,8,2025,42,2,558,0.358422939,forest,evergreen forest,Evergreen Forest,#1C6330
348,drhm-04,8,2025,43,113,558,20.25089606,forest,mixed forest,Mixed Forest,#B5C98E
348,drhm-04,8,2025,71,1,558,0.17921147,herbaceous,herbaceous,Grassland/Herbaceous,#E2E2C1
348,drhm-04,8,2025,81,38,558,6.810035842,planted,pasture,Pasture/Hay,#DBD83D
349,drhm-04,9,2025,11,9,561,1.604278075,water,water,Open Water,#476BA0
349,drhm-04,9,2025,21,100,561,17.82531194,developed,developed,"Developed, Open Space",#DDC9C9
349,drhm-04,9,2025,22,28,561,4.991087344,developed,developed,"Developed, Low Intensity",#D89382
349,drhm-04,9,2025,41,133,561,23.70766488,forest,deciduous forest,Deciduous Forest,#68AA63
349,drhm-04,9,2025,42,20,561,3.565062389,forest,evergreen forest,Evergreen Forest,#1C6330
349,drhm-04,9,2025,43,81,561,14.43850267,forest,mixed forest,Mixed Forest,#B5C98E
349,drhm-04,9,2025,71,2,561,0.356506239,herbaceous,herbaceous,Grassland/Herbaceous,#E2E2C1
349,drhm-04,9,2025,81,120,561,21.39037433,planted,pasture,Pasture/Hay,#DBD83D
349,drhm-04,9,2025,90,68,561,12.12121212,wetlands,wetlands,Woody Wetlands,#BAD8EA
350,drhm-04,10,2025,21,43,555,7.747747748,developed,developed,"Developed, Open Space",#DDC9C9
350,drhm-04,10,2025,41,54,555,9.72972973,forest,deciduous forest,Deciduous Forest,#68AA63
350,drhm-04,10,2025,43,5,555,0.900900901,forest,mixed forest,Mixed Forest,#B5C98E
350,drhm-04,10,2025,81,32,555,5.765765766,planted,pasture,Pasture/Hay,#DBD83D
350,drhm-04,10,2025,90,421,555,75.85585586,wetlands,wetlands,Woody Wetlands,#BAD8EA
351,drhm-04,11,2025,21,46,560,8.214285714,developed,developed,"Developed, Open Space",#DDC9C9
351,drhm-04,11,2025,22,1,560,0.178571429,developed,developed,"Developed, Low Intensity",#D89382
351,drhm-04,11,2025,41,45,560,8.035714286,forest,deciduous forest,Deciduous Forest,#68AA63
351,drhm-04,11,2025,42,44,560,7.857142857,forest,evergreen forest,Evergreen Forest,#1C6330
351,drhm-04,11,2025,43,78,560,13.92857143,forest,mixed forest,Mixed Forest,#B5C98E
351,drhm-04,11,2025,52,7,560,1.25,shrubland,shrubland,Scrub/Shrub,#CCBA7C
351,drhm-04,11,2025,71,6,560,1.071428571,herbaceous,herbaceous,Grassland/Herbaceous,#E2E2C1
351,drhm-04,11,2025,90,333,560,59.46428571,wetlands,wetlands,Woody Wetlands,#BAD8EA
352,drhm-04,12,2025,11,16,554,2.888086643,water,water,Open Water,#476BA0
352,drhm-04,12,2025,21,103,554,18.59205776,developed,developed,"Developed, Open Space",#DDC9C9
352,drhm-04,12,2025,22,42,554,7.581227437,developed,developed,"Developed, Low Intensity",#D89382
352,drhm-04,12,2025,23,38,554,6.859205776,developed,developed,"Developed, Medium Intensity",#ED0000
352,drhm-04,12,2025,24,39,554,7.039711191,developed,developed,"Developed, High Intensity",#AA0000
352,drhm-04,12,2025,41,131,554,23.64620939,forest,deciduous forest,Deciduous Forest,#68AA63
352,drhm-04,12,2025,43,69,554,12.45487365,forest,mixed forest,Mixed Forest,#B5C98E
352,drhm-04,12,2025,71,3,554,0.541516245,herbaceous,herbaceous,Grassland/Herbaceous,#E2E2C1
352,drhm-04,12,2025,81,26,554,4.693140794,planted,pasture,Pasture/Hay,#DBD83D
352,drhm-04,12,2025,90,87,554,15.70397112,wetlands,wetlands,Woody Wetlands,#BAD8EA
353,drhm-04,13,2025,11,2,556,0.35971223,water,water,Open Water,#476BA0
353,drhm-04,13,2025,21,58,556,10.43165468,developed,developed,"Developed, Open Space",#DDC9C9
353,drhm-04,13,2025,22,36,556,6.474820144,developed,developed,"Developed, Low Intensity",#D89382
353,drhm-04,13,2025,23,43,556,7.73381295,developed,developed,"Developed, Medium Intensity",#ED0000
353,drhm-04,13,2025,24,59,556,10.61151079,developed,developed,"Developed, High Intensity",#AA0000
353,drhm-04,13,2025,41,96,556,17.26618705,forest,deciduous forest,Deciduous Forest,#68AA63
353,drhm-04,13,2025,42,162,556,29.13669065,forest,evergreen forest,Evergreen Forest,#1C6330
353,drhm-04,13,2025,43,90,556,16.18705036,forest,mixed forest,Mixed Forest,#B5C98E
353,drhm-04,13,2025,90,10,556,1.798561151,wetlands,wetlands,Woody Wetlands,#BAD8EA
354,drhm-04,14,2025,21,59,561,10.51693405,developed,developed,"Developed, Open Space",#DDC9C9
354,drhm-04,14,2025,22,9,561,1.604278075,developed,developed,"Developed, Low Intensity",#D89382
354,drhm-04,14,2025,23,4,561,0.713012478,developed,developed,"Developed, Medium Intensity",#ED0000
354,drhm-04,14,2025,24,5,561,0.891265597,developed,developed,"Developed, High Intensity",#AA0000
354,drhm-04,14,2025,41,143,561,25.49019608,forest,deciduous forest,Deciduous Forest,#68AA63
354,drhm-04,14,2025,42,108,561,19.2513369,forest,evergreen forest,Evergreen Forest,#1C6330
354,drhm-04,14,2025,43,118,561,21.03386809,forest,mixed forest,Mixed Forest,#B5C98E
354,drhm-04,14,2025,90,115,561,20.49910873,wetlands,wetlands,Woody Wetlands,#BAD8EA
355,drhm-04,15,2025,11,2,551,0.362976407,water,water,Open Water,#476BA0
355,drhm-04,15,2025,21,47,551,8.529945554,developed,developed,"Developed, Open Space",#DDC9C9
355,drhm-04,15,2025,22,30,551,5.444646098,developed,developed,"Developed, Low Intensity",#D89382
355,drhm-04,15,2025,41,66,551,11.97822142,forest,deciduous forest,Deciduous Forest,#68AA63
355,drhm-04,15,2025,42,26,551,4.718693285,forest,evergreen forest,Evergreen Forest,#1C6330
355,drhm-04,15,2025,43,101,551,18.33030853,forest,mixed forest,Mixed Forest,#B5C98E
355,drhm-04,15,2025,71,1,551,0.181488203,herbaceous,herbaceous,Grassland/Herbaceous,#E2E2C1
355,drhm-04,15,2025,81,120,551,21.77858439,planted,pasture,Pasture/Hay,#DBD83D
355,drhm-04,15,2025,82,2,551,0.362976407,planted,cultivated crops,Cultivated Crops,#AA7028
355,drhm-04,15,2025,90,156,551,28.31215971,wetlands,wetlands,Woody Wetlands,#BAD8EA
356,drhm-04,16,2025,11,12,559,2.146690519,water,water,Open Water,#476BA0
356,drhm-04,16,2025,21,34,559,6.082289803,developed,developed,"Developed, Open Space",#DDC9C9
356,drhm-04,16,2025,22,39,559,6.976744186,developed,developed,"Developed, Low Intensity",#D89382
356,drhm-04,16,2025,23,4,559,0.715563506,developed,developed,"Developed, Medium Intensity",#ED0000
356,drhm-04,16,2025,41,20,559,3.577817531,forest,deciduous forest,Deciduous Forest,#68AA63
356,drhm-04,16,2025,42,67,559,11.98568873,forest,evergreen forest,Evergreen Forest,#1C6330
356,drhm-04,16,2025,43,110,559,19.67799642,forest,mixed forest,Mixed Forest,#B5C98E
356,drhm-04,16,2025,52,3,559,0.53667263,shrubland,shrubland,Scrub/Shrub,#CCBA7C
356,drhm-04,16,2025,71,7,559,1.252236136,herbaceous,herbaceous,Grassland/Herbaceous,#E2E2C1
356,drhm-04,16,2025,81,261,559,46.69051878,planted,pasture,Pasture/Hay,#DBD83D
356,drhm-04,16,2025,90,2,559,0.357781753,wetlands,wetlands,Woody Wetlands,#BAD8EA
357,drhm-04,17,2025,11,5,556,0.899280576,water,water,Open Water,#476BA0
357,drhm-04,17,2025,21,49,556,8.81294964,developed,developed,"Developed, Open Space",#DDC9C9
357,drhm-04,17,2025,22,74,556,13.30935252,developed,developed,"Developed, Low Intensity",#D89382
357,drhm-04,17,2025,23,5,556,0.899280576,developed,developed,"Developed, Medium Intensity",#ED0000
357,drhm-04,17,2025,41,46,556,8.273381295,forest,deciduous forest,Deciduous Forest,#68AA63
357,drhm-04,17,2025,42,102,556,18.34532374,forest,evergreen forest,Evergreen Forest,#1C6330
357,drhm-04,17,2025,43,90,556,16.18705036,forest,mixed forest,Mixed Forest,#B5C98E
357,drhm-04,17,2025,71,14,556,2.517985612,herbaceous,herbaceous,Grassland/Herbaceous,#E2E2C1
357,drhm-04,17,2025,81,156,556,28.05755396,planted,pasture,Pasture/Hay,#DBD83D
357,drhm-04,17,2025,90,15,556,2.697841727,wetlands,wetlands,Woody Wetlands,#BAD8EA
358,drhm-04,18,2025,21,31,560,5.535714286,developed,developed,"Developed, Open Space",#DDC9C9
358,drhm-04,18,2025,22,21,560,3.75,developed,developed,"Developed, Low Intensity",#D89382
358,drhm-04,18,2025,41,56,560,10,forest,deciduous forest,Deciduous Forest,#68AA63
358,drhm-04,18,2025,42,35,560,6.25,forest,evergreen forest,Evergreen Forest,#1C6330
358,drhm-04,18,2025,43,149,560,26.60714286,forest,mixed forest,Mixed Forest,#B5C98E
358,drhm-04,18,2025,52,6,560,1.071428571,shrubland,shrubland,Scrub/Shrub,#CCBA7C
358,drhm-04,18,2025,71,4,560,0.714285714,herbaceous,herbaceous,Grassland/Herbaceous,#E2E2C1
358,drhm-04,18,2025,81,68,560,12.14285714,planted,pasture,Pasture/Hay,#DBD83D
358,drhm-04,18,2025,90,190,560,33.92857143,wetlands,wetlands,Woody Wetlands,#BAD8EA
359,drhm-04,19,2025,21,38,561,6.773618538,developed,developed,"Developed, Open Space",#DDC9C9
359,drhm-04,19,2025,22,35,561,6.23885918,developed,developed,"Developed, Low Intensity",#D89382
359,drhm-04,19,2025,23,8,561,1.426024955,developed,developed,"Developed, Medium Intensity",#ED0000
359,drhm-04,19,2025,NA,76,561,13.54723708,NA,NA,Barren Land,NA
359,drhm-04,19,2025,41,62,561,11.0516934,forest,deciduous forest,Deciduous Forest,#68AA63
359,drhm-04,19,2025,42,31,561,5.525846702,forest,evergreen forest,Evergreen Forest,#1C6330
359,drhm-04,19,2025,43,74,561,13.19073084,forest,mixed forest,Mixed Forest,#B5C98E
359,drhm-04,19,2025,71,49,561,8.734402852,herbaceous,herbaceous,Grassland/Herbaceous,#E2E2C1
359,drhm-04,19,2025,81,183,561,32.62032086,planted,pasture,Pasture/Hay,#DBD83D
359,drhm-04,19,2025,90,5,561,0.891265597,wetlands,wetlands,Woody Wetlands,#BAD8EA
360,drhm-04,20,2025,21,136,561,24.24242424,developed,developed,"Developed, Open Space",#DDC9C9
360,drhm-04,20,2025,22,179,561,31.90730838,developed,developed,"Developed, Low Intensity",#D89382
360,drhm-04,20,2025,23,89,561,15.86452763,developed,developed,"Developed, Medium Intensity",#ED0000
360,drhm-04,20,2025,24,3,561,0.534759358,developed,developed,"Developed, High Intensity",#AA0000
360,drhm-04,20,2025,41,7,561,1.247771836,forest,deciduous forest,Deciduous Forest,#68AA63
360,drhm-04,20,2025,42,25,561,4.456327986,forest,evergreen forest,Evergreen Forest,#1C6330
360,drhm-04,20,2025,43,95,561,16.93404635,forest,mixed forest,Mixed Forest,#B5C98E
360,drhm-04,20,2025,81,27,561,4.812834225,planted,pasture,Pasture/Hay,#DBD83D
361,drhm-05,1,2025,11,7,559,1.252236136,water,water,Open Water,#476BA0
361,drhm-05,1,2025,21,56,559,10.01788909,developed,developed,"Developed, Open Space",#DDC9C9
361,drhm-05,1,2025,22,49,559,8.765652952,developed,developed,"Developed, Low Intensity",#D89382
361,drhm-05,1,2025,23,41,559,7.334525939,developed,developed,"Developed, Medium Intensity",#ED0000
361,drhm-05,1,2025,41,8,559,1.431127013,forest,deciduous forest,Deciduous Forest,#68AA63
361,drhm-05,1,2025,42,209,559,37.3881932,forest,evergreen forest,Evergreen Forest,#1C6330
361,drhm-05,1,2025,43,62,559,11.09123435,forest,mixed forest,Mixed Forest,#B5C98E
361,drhm-05,1,2025,71,9,559,1.610017889,herbaceous,herbaceous,Grassland/Herbaceous,#E2E2C1
361,drhm-05,1,2025,81,118,559,21.10912343,planted,pasture,Pasture/Hay,#DBD83D
362,drhm-05,2,2025,11,7,559,1.252236136,water,water,Open Water,#476BA0
362,drhm-05,2,2025,21,47,559,8.407871199,developed,developed,"Developed, Open Space",#DDC9C9
362,drhm-05,2,2025,22,56,559,10.01788909,developed,developed,"Developed, Low Intensity",#D89382
362,drhm-05,2,2025,23,13,559,2.325581395,developed,developed,"Developed, Medium Intensity",#ED0000
362,drhm-05,2,2025,41,57,559,10.19677996,forest,deciduous forest,Deciduous Forest,#68AA63
362,drhm-05,2,2025,42,57,559,10.19677996,forest,evergreen forest,Evergreen Forest,#1C6330
362,drhm-05,2,2025,43,47,559,8.407871199,forest,mixed forest,Mixed Forest,#B5C98E
362,drhm-05,2,2025,71,1,559,0.178890877,herbaceous,herbaceous,Grassland/Herbaceous,#E2E2C1
362,drhm-05,2,2025,81,19,559,3.398926655,planted,pasture,Pasture/Hay,#DBD83D
362,drhm-05,2,2025,90,243,559,43.47048301,wetlands,wetlands,Woody Wetlands,#BAD8EA
362,drhm-05,2,2025,95,12,559,2.146690519,wetlands,wetlands,Emergent Herbaceous Wetlands,#70A3BA
363,drhm-05,3,2025,11,1,560,0.178571429,water,water,Open Water,#476BA0
363,drhm-05,3,2025,21,83,560,14.82142857,developed,developed,"Developed, Open Space",#DDC9C9
363,drhm-05,3,2025,22,84,560,15,developed,developed,"Developed, Low Intensity",#D89382
363,drhm-05,3,2025,23,36,560,6.428571429,developed,developed,"Developed, Medium Intensity",#ED0000
363,drhm-05,3,2025,41,19,560,3.392857143,forest,deciduous forest,Deciduous Forest,#68AA63
363,drhm-05,3,2025,42,187,560,33.39285714,forest,evergreen forest,Evergreen Forest,#1C6330
363,drhm-05,3,2025,43,85,560,15.17857143,forest,mixed forest,Mixed Forest,#B5C98E
363,drhm-05,3,2025,81,13,560,2.321428571,planted,pasture,Pasture/Hay,#DBD83D
363,drhm-05,3,2025,90,52,560,9.285714286,wetlands,wetlands,Woody Wetlands,#BAD8EA
364,drhm-05,4,2025,21,71,556,12.76978417,developed,developed,"Developed, Open Space",#DDC9C9
364,drhm-05,4,2025,22,170,556,30.57553957,developed,developed,"Developed, Low Intensity",#D89382
364,drhm-05,4,2025,23,26,556,4.676258993,developed,developed,"Developed, Medium Intensity",#ED0000
364,drhm-05,4,2025,24,5,556,0.899280576,developed,developed,"Developed, High Intensity",#AA0000
364,drhm-05,4,2025,41,1,556,0.179856115,forest,deciduous forest,Deciduous Forest,#68AA63
364,drhm-05,4,2025,42,232,556,41.72661871,forest,evergreen forest,Evergreen Forest,#1C6330
364,drhm-05,4,2025,43,35,556,6.294964029,forest,mixed forest,Mixed Forest,#B5C98E
364,drhm-05,4,2025,81,11,556,1.978417266,planted,pasture,Pasture/Hay,#DBD83D
364,drhm-05,4,2025,90,5,556,0.899280576,wetlands,wetlands,Woody Wetlands,#BAD8EA
365,drhm-05,5,2025,11,5,561,0.891265597,water,water,Open Water,#476BA0
365,drhm-05,5,2025,21,95,561,16.93404635,developed,developed,"Developed, Open Space",#DDC9C9
365,drhm-05,5,2025,22,273,561,48.6631016,developed,developed,"Developed, Low Intensity",#D89382
365,drhm-05,5,2025,23,110,561,19.60784314,developed,developed,"Developed, Medium Intensity",#ED0000
365,drhm-05,5,2025,24,2,561,0.356506239,developed,developed,"Developed, High Intensity",#AA0000
365,drhm-05,5,2025,42,74,561,13.19073084,forest,evergreen forest,Evergreen Forest,#1C6330
365,drhm-05,5,2025,43,2,561,0.356506239,forest,mixed forest,Mixed Forest,#B5C98E
366,drhm-05,6,2025,21,58,559,10.37567084,developed,developed,"Developed, Open Space",#DDC9C9
366,drhm-05,6,2025,22,152,559,27.19141324,developed,developed,"Developed, Low Intensity",#D89382
366,drhm-05,6,2025,23,288,559,51.52057245,developed,developed,"Developed, Medium Intensity",#ED0000
366,drhm-05,6,2025,24,51,559,9.123434705,developed,developed,"Developed, High Intensity",#AA0000
366,drhm-05,6,2025,41,2,559,0.357781753,forest,deciduous forest,Deciduous Forest,#68AA63
366,drhm-05,6,2025,42,8,559,1.431127013,forest,evergreen forest,Evergreen Forest,#1C6330
367,drhm-05,7,2025,11,3,553,0.542495479,water,water,Open Water,#476BA0
367,drhm-05,7,2025,21,83,553,15.00904159,developed,developed,"Developed, Open Space",#DDC9C9
367,drhm-05,7,2025,22,74,553,13.38155515,developed,developed,"Developed, Low Intensity",#D89382
367,drhm-05,7,2025,23,107,553,19.34900542,developed,developed,"Developed, Medium Intensity",#ED0000
367,drhm-05,7,2025,24,10,553,1.808318264,developed,developed,"Developed, High Intensity",#AA0000
367,drhm-05,7,2025,41,63,553,11.39240506,forest,deciduous forest,Deciduous Forest,#68AA63
367,drhm-05,7,2025,42,129,553,23.32730561,forest,evergreen forest,Evergreen Forest,#1C6330
367,drhm-05,7,2025,43,68,553,12.2965642,forest,mixed forest,Mixed Forest,#B5C98E
367,drhm-05,7,2025,81,16,553,2.893309222,planted,pasture,Pasture/Hay,#DBD83D
368,drhm-05,8,2025,21,117,558,20.96774194,developed,developed,"Developed, Open Space",#DDC9C9
368,drhm-05,8,2025,22,95,558,17.02508961,developed,developed,"Developed, Low Intensity",#D89382
368,drhm-05,8,2025,23,159,558,28.49462366,developed,developed,"Developed, Medium Intensity",#ED0000
368,drhm-05,8,2025,24,4,558,0.716845878,developed,developed,"Developed, High Intensity",#AA0000
368,drhm-05,8,2025,41,13,558,2.329749104,forest,deciduous forest,Deciduous Forest,#68AA63
368,drhm-05,8,2025,42,128,558,22.9390681,forest,evergreen forest,Evergreen Forest,#1C6330
368,drhm-05,8,2025,43,42,558,7.52688172,forest,mixed forest,Mixed Forest,#B5C98E
369,drhm-05,9,2025,21,105,557,18.85098743,developed,developed,"Developed, Open Space",#DDC9C9
369,drhm-05,9,2025,22,178,557,31.95691203,developed,developed,"Developed, Low Intensity",#D89382
369,drhm-05,9,2025,23,134,557,24.05745063,developed,developed,"Developed, Medium Intensity",#ED0000
369,drhm-05,9,2025,24,3,557,0.538599641,developed,developed,"Developed, High Intensity",#AA0000
369,drhm-05,9,2025,41,17,557,3.052064632,forest,deciduous forest,Deciduous Forest,#68AA63
369,drhm-05,9,2025,42,87,557,15.61938959,forest,evergreen forest,Evergreen Forest,#1C6330
369,drhm-05,9,2025,43,30,557,5.385996409,forest,mixed forest,Mixed Forest,#B5C98E
369,drhm-05,9,2025,81,3,557,0.538599641,planted,pasture,Pasture/Hay,#DBD83D
370,drhm-05,10,2025,11,25,556,4.496402878,water,water,Open Water,#476BA0
370,drhm-05,10,2025,21,122,556,21.94244604,developed,developed,"Developed, Open Space",#DDC9C9
370,drhm-05,10,2025,22,164,556,29.49640288,developed,developed,"Developed, Low Intensity",#D89382
370,drhm-05,10,2025,23,41,556,7.374100719,developed,developed,"Developed, Medium Intensity",#ED0000
370,drhm-05,10,2025,41,44,556,7.913669065,forest,deciduous forest,Deciduous Forest,#68AA63
370,drhm-05,10,2025,42,64,556,11.51079137,forest,evergreen forest,Evergreen Forest,#1C6330
370,drhm-05,10,2025,43,17,556,3.057553957,forest,mixed forest,Mixed Forest,#B5C98E
370,drhm-05,10,2025,90,79,556,14.20863309,wetlands,wetlands,Woody Wetlands,#BAD8EA
371,drhm-05,11,2025,21,108,559,19.32021467,developed,developed,"Developed, Open Space",#DDC9C9
371,drhm-05,11,2025,22,120,559,21.46690519,developed,developed,"Developed, Low Intensity",#D89382
371,drhm-05,11,2025,23,54,559,9.660107335,developed,developed,"Developed, Medium Intensity",#ED0000
371,drhm-05,11,2025,24,1,559,0.178890877,developed,developed,"Developed, High Intensity",#AA0000
371,drhm-05,11,2025,41,15,559,2.683363148,forest,deciduous forest,Deciduous Forest,#68AA63
371,drhm-05,11,2025,42,46,559,8.228980322,forest,evergreen forest,Evergreen Forest,#1C6330
371,drhm-05,11,2025,43,40,559,7.155635063,forest,mixed forest,Mixed Forest,#B5C98E
371,drhm-05,11,2025,71,2,559,0.357781753,herbaceous,herbaceous,Grassland/Herbaceous,#E2E2C1
371,drhm-05,11,2025,90,172,559,30.76923077,wetlands,wetlands,Woody Wetlands,#BAD8EA
371,drhm-05,11,2025,95,1,559,0.178890877,wetlands,wetlands,Emergent Herbaceous Wetlands,#70A3BA
372,drhm-05,12,2025,21,94,561,16.75579323,developed,developed,"Developed, Open Space",#DDC9C9
372,drhm-05,12,2025,22,137,561,24.42067736,developed,developed,"Developed, Low Intensity",#D89382
372,drhm-05,12,2025,23,103,561,18.3600713,developed,developed,"Developed, Medium Intensity",#ED0000
372,drhm-05,12,2025,24,5,561,0.891265597,developed,developed,"Developed, High Intensity",#AA0000
372,drhm-05,12,2025,42,5,561,0.891265597,forest,evergreen forest,Evergreen Forest,#1C6330
372,drhm-05,12,2025,43,2,561,0.356506239,forest,mixed forest,Mixed Forest,#B5C98E
372,drhm-05,12,2025,90,215,561,38.32442068,wetlands,wetlands,Woody Wetlands,#BAD8EA
373,drhm-05,13,2025,21,159,556,28.5971223,developed,developed,"Developed, Open Space",#DDC9C9
373,drhm-05,13,2025,22,196,556,35.25179856,developed,developed,"Developed, Low Intensity",#D89382
373,drhm-05,13,2025,23,146,556,26.25899281,developed,developed,"Developed, Medium Intensity",#ED0000
373,drhm-05,13,2025,24,9,556,1.618705036,developed,developed,"Developed, High Intensity",#AA0000
373,drhm-05,13,2025,41,1,556,0.179856115,forest,deciduous forest,Deciduous Forest,#68AA63
373,drhm-05,13,2025,42,22,556,3.956834532,forest,evergreen forest,Evergreen Forest,#1C6330
373,drhm-05,13,2025,43,8,556,1.438848921,forest,mixed forest,Mixed Forest,#B5C98E
373,drhm-05,13,2025,90,15,556,2.697841727,wetlands,wetlands,Woody Wetlands,#BAD8EA
374,drhm-05,14,2025,21,274,561,48.84135472,developed,developed,"Developed, Open Space",#DDC9C9
374,drhm-05,14,2025,22,182,561,32.44206774,developed,developed,"Developed, Low Intensity",#D89382
374,drhm-05,14,2025,23,57,561,10.16042781,developed,developed,"Developed, Medium Intensity",#ED0000
374,drhm-05,14,2025,24,10,561,1.782531194,developed,developed,"Developed, High Intensity",#AA0000
374,drhm-05,14,2025,42,9,561,1.604278075,forest,evergreen forest,Evergreen Forest,#1C6330
374,drhm-05,14,2025,43,29,561,5.169340463,forest,mixed forest,Mixed Forest,#B5C98E
375,drhm-05,15,2025,21,278,558,49.82078853,developed,developed,"Developed, Open Space",#DDC9C9
375,drhm-05,15,2025,22,206,558,36.91756272,developed,developed,"Developed, Low Intensity",#D89382
375,drhm-05,15,2025,23,49,558,8.781362007,developed,developed,"Developed, Medium Intensity",#ED0000
375,drhm-05,15,2025,24,3,558,0.537634409,developed,developed,"Developed, High Intensity",#AA0000
375,drhm-05,15,2025,41,1,558,0.17921147,forest,deciduous forest,Deciduous Forest,#68AA63
375,drhm-05,15,2025,42,7,558,1.254480287,forest,evergreen forest,Evergreen Forest,#1C6330
375,drhm-05,15,2025,43,14,558,2.508960573,forest,mixed forest,Mixed Forest,#B5C98E
376,drhm-05,16,2025,21,232,560,41.42857143,developed,developed,"Developed, Open Space",#DDC9C9
376,drhm-05,16,2025,22,253,560,45.17857143,developed,developed,"Developed, Low Intensity",#D89382
376,drhm-05,16,2025,23,75,560,13.39285714,developed,developed,"Developed, Medium Intensity",#ED0000
377,drhm-05,17,2025,21,110,561,19.60784314,developed,developed,"Developed, Open Space",#DDC9C9
377,drhm-05,17,2025,22,208,561,37.07664884,developed,developed,"Developed, Low Intensity",#D89382
377,drhm-05,17,2025,23,233,561,41.53297683,developed,developed,"Developed, Medium Intensity",#ED0000
377,drhm-05,17,2025,24,10,561,1.782531194,developed,developed,"Developed, High Intensity",#AA0000
378,drhm-05,18,2025,21,152,562,27.04626335,developed,developed,"Developed, Open Space",#DDC9C9
378,drhm-05,18,2025,22,173,562,30.78291815,developed,developed,"Developed, Low Intensity",#D89382
378,drhm-05,18,2025,23,153,562,27.22419929,developed,developed,"Developed, Medium Intensity",#ED0000
378,drhm-05,18,2025,24,13,562,2.31316726,developed,developed,"Developed, High Intensity",#AA0000
378,drhm-05,18,2025,41,1,562,0.177935943,forest,deciduous forest,Deciduous Forest,#68AA63
378,drhm-05,18,2025,42,38,562,6.761565836,forest,evergreen forest,Evergreen Forest,#1C6330
378,drhm-05,18,2025,43,32,562,5.693950178,forest,mixed forest,Mixed Forest,#B5C98E
379,drhm-05,19,2025,21,250,561,44.56327986,developed,developed,"Developed, Open Space",#DDC9C9
379,drhm-05,19,2025,22,37,561,6.595365419,developed,developed,"Developed, Low Intensity",#D89382
379,drhm-05,19,2025,41,65,561,11.58645276,forest,deciduous forest,Deciduous Forest,#68AA63
379,drhm-05,19,2025,42,107,561,19.07308378,forest,evergreen forest,Evergreen Forest,#1C6330
379,drhm-05,19,2025,43,102,561,18.18181818,forest,mixed forest,Mixed Forest,#B5C98E
380,drhm-05,20,2025,21,142,561,25.31194296,developed,developed,"Developed, Open Space",#DDC9C9
380,drhm-05,20,2025,22,29,561,5.169340463,developed,developed,"Developed, Low Intensity",#D89382
380,drhm-05,20,2025,41,74,561,13.19073084,forest,deciduous forest,Deciduous Forest,#68AA63
380,drhm-05,20,2025,42,166,561,29.59001783,forest,evergreen forest,Evergreen Forest,#1C6330
380,drhm-05,20,2025,43,137,561,24.42067736,forest,mixed forest,Mixed Forest,#B5C98E
380,drhm-05,20,2025,90,13,561,2.317290553,wetlands,wetlands,Woody Wetlands,#BAD8EA
381,drhm-06,1,2025,21,78,553,14.10488246,developed,developed,"Developed, Open Space",#DDC9C9
381,drhm-06,1,2025,22,113,553,20.43399638,developed,developed,"Developed, Low Intensity",#D89382
381,drhm-06,1,2025,23,213,553,38.51717902,developed,developed,"Developed, Medium Intensity",#ED0000
381,drhm-06,1,2025,24,70,553,12.65822785,developed,developed,"Developed, High Intensity",#AA0000
381,drhm-06,1,2025,41,16,553,2.893309222,forest,deciduous forest,Deciduous Forest,#68AA63
381,drhm-06,1,2025,42,56,553,10.12658228,forest,evergreen forest,Evergreen Forest,#1C6330
381,drhm-06,1,2025,43,7,553,1.265822785,forest,mixed forest,Mixed Forest,#B5C98E
382,drhm-06,2,2025,21,79,561,14.08199643,developed,developed,"Developed, Open Space",#DDC9C9
382,drhm-06,2,2025,22,160,561,28.52049911,developed,developed,"Developed, Low Intensity",#D89382
382,drhm-06,2,2025,23,238,561,42.42424242,developed,developed,"Developed, Medium Intensity",#ED0000
382,drhm-06,2,2025,24,64,561,11.40819964,developed,developed,"Developed, High Intensity",#AA0000
382,drhm-06,2,2025,42,15,561,2.673796791,forest,evergreen forest,Evergreen Forest,#1C6330
382,drhm-06,2,2025,43,3,561,0.534759358,forest,mixed forest,Mixed Forest,#B5C98E
382,drhm-06,2,2025,71,2,561,0.356506239,herbaceous,herbaceous,Grassland/Herbaceous,#E2E2C1
383,drhm-06,3,2025,21,48,553,8.679927667,developed,developed,"Developed, Open Space",#DDC9C9
383,drhm-06,3,2025,22,121,553,21.88065099,developed,developed,"Developed, Low Intensity",#D89382
383,drhm-06,3,2025,23,315,553,56.96202532,developed,developed,"Developed, Medium Intensity",#ED0000
383,drhm-06,3,2025,24,64,553,11.57323689,developed,developed,"Developed, High Intensity",#AA0000
383,drhm-06,3,2025,42,4,553,0.723327306,forest,evergreen forest,Evergreen Forest,#1C6330
383,drhm-06,3,2025,71,1,553,0.180831826,herbaceous,herbaceous,Grassland/Herbaceous,#E2E2C1
384,drhm-06,4,2025,21,24,558,4.301075269,developed,developed,"Developed, Open Space",#DDC9C9
384,drhm-06,4,2025,22,91,558,16.30824373,developed,developed,"Developed, Low Intensity",#D89382
384,drhm-06,4,2025,23,348,558,62.3655914,developed,developed,"Developed, Medium Intensity",#ED0000
384,drhm-06,4,2025,24,95,558,17.02508961,developed,developed,"Developed, High Intensity",#AA0000
385,drhm-06,5,2025,21,65,563,11.54529307,developed,developed,"Developed, Open Space",#DDC9C9
385,drhm-06,5,2025,22,205,563,36.41207815,developed,developed,"Developed, Low Intensity",#D89382
385,drhm-06,5,2025,23,219,563,38.89875666,developed,developed,"Developed, Medium Intensity",#ED0000
385,drhm-06,5,2025,24,74,563,13.14387211,developed,developed,"Developed, High Intensity",#AA0000
386,drhm-06,6,2025,21,57,557,10.23339318,developed,developed,"Developed, Open Space",#DDC9C9
386,drhm-06,6,2025,22,129,557,23.15978456,developed,developed,"Developed, Low Intensity",#D89382
386,drhm-06,6,2025,23,185,557,33.21364452,developed,developed,"Developed, Medium Intensity",#ED0000
386,drhm-06,6,2025,24,15,557,2.692998205,developed,developed,"Developed, High Intensity",#AA0000
386,drhm-06,6,2025,42,118,557,21.18491921,forest,evergreen forest,Evergreen Forest,#1C6330
386,drhm-06,6,2025,90,53,557,9.515260323,wetlands,wetlands,Woody Wetlands,#BAD8EA
387,drhm-06,7,2025,11,16,555,2.882882883,water,water,Open Water,#476BA0
387,drhm-06,7,2025,21,103,555,18.55855856,developed,developed,"Developed, Open Space",#DDC9C9
387,drhm-06,7,2025,22,213,555,38.37837838,developed,developed,"Developed, Low Intensity",#D89382
387,drhm-06,7,2025,23,169,555,30.45045045,developed,developed,"Developed, Medium Intensity",#ED0000
387,drhm-06,7,2025,24,30,555,5.405405405,developed,developed,"Developed, High Intensity",#AA0000
387,drhm-06,7,2025,42,24,555,4.324324324,forest,evergreen forest,Evergreen Forest,#1C6330
388,drhm-06,8,2025,21,92,561,16.39928699,developed,developed,"Developed, Open Space",#DDC9C9
388,drhm-06,8,2025,22,181,561,32.26381462,developed,developed,"Developed, Low Intensity",#D89382
388,drhm-06,8,2025,23,77,561,13.7254902,developed,developed,"Developed, Medium Intensity",#ED0000
388,drhm-06,8,2025,24,10,561,1.782531194,developed,developed,"Developed, High Intensity",#AA0000
388,drhm-06,8,2025,42,200,561,35.65062389,forest,evergreen forest,Evergreen Forest,#1C6330
388,drhm-06,8,2025,43,1,561,0.178253119,forest,mixed forest,Mixed Forest,#B5C98E
389,drhm-06,9,2025,21,96,558,17.20430108,developed,developed,"Developed, Open Space",#DDC9C9
389,drhm-06,9,2025,22,211,558,37.81362007,developed,developed,"Developed, Low Intensity",#D89382
389,drhm-06,9,2025,23,112,558,20.07168459,developed,developed,"Developed, Medium Intensity",#ED0000
389,drhm-06,9,2025,24,13,558,2.329749104,developed,developed,"Developed, High Intensity",#AA0000
389,drhm-06,9,2025,42,112,558,20.07168459,forest,evergreen forest,Evergreen Forest,#1C6330
389,drhm-06,9,2025,71,14,558,2.508960573,herbaceous,herbaceous,Grassland/Herbaceous,#E2E2C1
390,drhm-06,10,2025,21,66,559,11.80679785,developed,developed,"Developed, Open Space",#DDC9C9
390,drhm-06,10,2025,22,192,559,34.3470483,developed,developed,"Developed, Low Intensity",#D89382
390,drhm-06,10,2025,23,145,559,25.9391771,developed,developed,"Developed, Medium Intensity",#ED0000
390,drhm-06,10,2025,24,19,559,3.398926655,developed,developed,"Developed, High Intensity",#AA0000
390,drhm-06,10,2025,41,1,559,0.178890877,forest,deciduous forest,Deciduous Forest,#68AA63
390,drhm-06,10,2025,42,131,559,23.43470483,forest,evergreen forest,Evergreen Forest,#1C6330
390,drhm-06,10,2025,43,5,559,0.894454383,forest,mixed forest,Mixed Forest,#B5C98E
391,drhm-06,11,2025,11,3,561,0.534759358,water,water,Open Water,#476BA0
391,drhm-06,11,2025,21,59,561,10.51693405,developed,developed,"Developed, Open Space",#DDC9C9
391,drhm-06,11,2025,22,146,561,26.02495544,developed,developed,"Developed, Low Intensity",#D89382
391,drhm-06,11,2025,23,118,561,21.03386809,developed,developed,"Developed, Medium Intensity",#ED0000
391,drhm-06,11,2025,24,11,561,1.960784314,developed,developed,"Developed, High Intensity",#AA0000
391,drhm-06,11,2025,41,64,561,11.40819964,forest,deciduous forest,Deciduous Forest,#68AA63
391,drhm-06,11,2025,42,76,561,13.54723708,forest,evergreen forest,Evergreen Forest,#1C6330
391,drhm-06,11,2025,43,66,561,11.76470588,forest,mixed forest,Mixed Forest,#B5C98E
391,drhm-06,11,2025,71,1,561,0.178253119,herbaceous,herbaceous,Grassland/Herbaceous,#E2E2C1
391,drhm-06,11,2025,90,17,561,3.03030303,wetlands,wetlands,Woody Wetlands,#BAD8EA
392,drhm-06,12,2025,21,100,561,17.82531194,developed,developed,"Developed, Open Space",#DDC9C9
392,drhm-06,12,2025,22,186,561,33.15508021,developed,developed,"Developed, Low Intensity",#D89382
392,drhm-06,12,2025,23,198,561,35.29411765,developed,developed,"Developed, Medium Intensity",#ED0000
392,drhm-06,12,2025,24,59,561,10.51693405,developed,developed,"Developed, High Intensity",#AA0000
392,drhm-06,12,2025,41,15,561,2.673796791,forest,deciduous forest,Deciduous Forest,#68AA63
392,drhm-06,12,2025,42,3,561,0.534759358,forest,evergreen forest,Evergreen Forest,#1C6330
393,drhm-06,13,2025,21,119,560,21.25,developed,developed,"Developed, Open Space",#DDC9C9
393,drhm-06,13,2025,22,173,560,30.89285714,developed,developed,"Developed, Low Intensity",#D89382
393,drhm-06,13,2025,23,151,560,26.96428571,developed,developed,"Developed, Medium Intensity",#ED0000
393,drhm-06,13,2025,24,17,560,3.035714286,developed,developed,"Developed, High Intensity",#AA0000
393,drhm-06,13,2025,41,25,560,4.464285714,forest,deciduous forest,Deciduous Forest,#68AA63
393,drhm-06,13,2025,42,22,560,3.928571429,forest,evergreen forest,Evergreen Forest,#1C6330
393,drhm-06,13,2025,43,53,560,9.464285714,forest,mixed forest,Mixed Forest,#B5C98E
394,drhm-06,14,2025,21,118,559,21.10912343,developed,developed,"Developed, Open Space",#DDC9C9
394,drhm-06,14,2025,22,165,559,29.51699463,developed,developed,"Developed, Low Intensity",#D89382
394,drhm-06,14,2025,23,146,559,26.11806798,developed,developed,"Developed, Medium Intensity",#ED0000
394,drhm-06,14,2025,24,17,559,3.041144902,developed,developed,"Developed, High Intensity",#AA0000
394,drhm-06,14,2025,41,82,559,14.66905188,forest,deciduous forest,Deciduous Forest,#68AA63
394,drhm-06,14,2025,42,2,559,0.357781753,forest,evergreen forest,Evergreen Forest,#1C6330
394,drhm-06,14,2025,43,28,559,5.008944544,forest,mixed forest,Mixed Forest,#B5C98E
394,drhm-06,14,2025,90,1,559,0.178890877,wetlands,wetlands,Woody Wetlands,#BAD8EA
395,drhm-06,15,2025,21,80,560,14.28571429,developed,developed,"Developed, Open Space",#DDC9C9
395,drhm-06,15,2025,22,190,560,33.92857143,developed,developed,"Developed, Low Intensity",#D89382
395,drhm-06,15,2025,23,88,560,15.71428571,developed,developed,"Developed, Medium Intensity",#ED0000
395,drhm-06,15,2025,24,14,560,2.5,developed,developed,"Developed, High Intensity",#AA0000
395,drhm-06,15,2025,41,156,560,27.85714286,forest,deciduous forest,Deciduous Forest,#68AA63
395,drhm-06,15,2025,42,6,560,1.071428571,forest,evergreen forest,Evergreen Forest,#1C6330
395,drhm-06,15,2025,43,16,560,2.857142857,forest,mixed forest,Mixed Forest,#B5C98E
395,drhm-06,15,2025,90,10,560,1.785714286,wetlands,wetlands,Woody Wetlands,#BAD8EA
396,drhm-06,16,2025,21,109,561,19.42959002,developed,developed,"Developed, Open Space",#DDC9C9
396,drhm-06,16,2025,22,227,561,40.46345811,developed,developed,"Developed, Low Intensity",#D89382
396,drhm-06,16,2025,23,140,561,24.95543672,developed,developed,"Developed, Medium Intensity",#ED0000
396,drhm-06,16,2025,24,21,561,3.743315508,developed,developed,"Developed, High Intensity",#AA0000
396,drhm-06,16,2025,41,38,561,6.773618538,forest,deciduous forest,Deciduous Forest,#68AA63
396,drhm-06,16,2025,42,8,561,1.426024955,forest,evergreen forest,Evergreen Forest,#1C6330
396,drhm-06,16,2025,43,18,561,3.20855615,forest,mixed forest,Mixed Forest,#B5C98E
397,drhm-06,17,2025,21,161,557,28.9048474,developed,developed,"Developed, Open Space",#DDC9C9
397,drhm-06,17,2025,22,200,557,35.90664273,developed,developed,"Developed, Low Intensity",#D89382
397,drhm-06,17,2025,23,87,557,15.61938959,developed,developed,"Developed, Medium Intensity",#ED0000
397,drhm-06,17,2025,24,3,557,0.538599641,developed,developed,"Developed, High Intensity",#AA0000
397,drhm-06,17,2025,41,21,557,3.770197487,forest,deciduous forest,Deciduous Forest,#68AA63
397,drhm-06,17,2025,42,1,557,0.179533214,forest,evergreen forest,Evergreen Forest,#1C6330
397,drhm-06,17,2025,43,6,557,1.077199282,forest,mixed forest,Mixed Forest,#B5C98E
397,drhm-06,17,2025,90,78,557,14.00359066,wetlands,wetlands,Woody Wetlands,#BAD8EA
398,drhm-06,18,2025,21,261,553,47.19710669,developed,developed,"Developed, Open Space",#DDC9C9
398,drhm-06,18,2025,22,246,553,44.48462929,developed,developed,"Developed, Low Intensity",#D89382
398,drhm-06,18,2025,23,32,553,5.786618445,developed,developed,"Developed, Medium Intensity",#ED0000
398,drhm-06,18,2025,24,3,553,0.542495479,developed,developed,"Developed, High Intensity",#AA0000
398,drhm-06,18,2025,42,3,553,0.542495479,forest,evergreen forest,Evergreen Forest,#1C6330
398,drhm-06,18,2025,43,8,553,1.446654611,forest,mixed forest,Mixed Forest,#B5C98E
399,drhm-06,19,2025,21,174,550,31.63636364,developed,developed,"Developed, Open Space",#DDC9C9
399,drhm-06,19,2025,22,186,550,33.81818182,developed,developed,"Developed, Low Intensity",#D89382
399,drhm-06,19,2025,23,165,550,30,developed,developed,"Developed, Medium Intensity",#ED0000
399,drhm-06,19,2025,24,17,550,3.090909091,developed,developed,"Developed, High Intensity",#AA0000
399,drhm-06,19,2025,42,7,550,1.272727273,forest,evergreen forest,Evergreen Forest,#1C6330
399,drhm-06,19,2025,43,1,550,0.181818182,forest,mixed forest,Mixed Forest,#B5C98E
400,drhm-06,20,2025,21,202,558,36.20071685,developed,developed,"Developed, Open Space",#DDC9C9
400,drhm-06,20,2025,22,175,558,31.36200717,developed,developed,"Developed, Low Intensity",#D89382
400,drhm-06,20,2025,23,130,558,23.29749104,developed,developed,"Developed, Medium Intensity",#ED0000
400,drhm-06,20,2025,24,14,558,2.508960573,developed,developed,"Developed, High Intensity",#AA0000
400,drhm-06,20,2025,41,1,558,0.17921147,forest,deciduous forest,Deciduous Forest,#68AA63
400,drhm-06,20,2025,42,18,558,3.225806452,forest,evergreen forest,Evergreen Forest,#1C6330
400,drhm-06,20,2025,43,18,558,3.225806452,forest,mixed forest,Mixed Forest,#B5C98E
401,drhm-07,1,2025,21,118,562,20.99644128,developed,developed,"Developed, Open Space",#DDC9C9
401,drhm-07,1,2025,22,133,562,23.66548043,developed,developed,"Developed, Low Intensity",#D89382
401,drhm-07,1,2025,23,162,562,28.82562278,developed,developed,"Developed, Medium Intensity",#ED0000
401,drhm-07,1,2025,24,46,562,8.185053381,developed,developed,"Developed, High Intensity",#AA0000
401,drhm-07,1,2025,41,54,562,9.608540925,forest,deciduous forest,Deciduous Forest,#68AA63
401,drhm-07,1,2025,42,5,562,0.889679715,forest,evergreen forest,Evergreen Forest,#1C6330
401,drhm-07,1,2025,43,44,562,7.829181495,forest,mixed forest,Mixed Forest,#B5C98E
402,drhm-07,2,2025,21,95,559,16.99463327,developed,developed,"Developed, Open Space",#DDC9C9
402,drhm-07,2,2025,22,157,559,28.08586762,developed,developed,"Developed, Low Intensity",#D89382
402,drhm-07,2,2025,23,180,559,32.20035778,developed,developed,"Developed, Medium Intensity",#ED0000
402,drhm-07,2,2025,24,1,559,0.178890877,developed,developed,"Developed, High Intensity",#AA0000
402,drhm-07,2,2025,42,100,559,17.88908766,forest,evergreen forest,Evergreen Forest,#1C6330
402,drhm-07,2,2025,43,21,559,3.756708408,forest,mixed forest,Mixed Forest,#B5C98E
402,drhm-07,2,2025,81,5,559,0.894454383,planted,pasture,Pasture/Hay,#DBD83D
403,drhm-07,3,2025,21,158,558,28.31541219,developed,developed,"Developed, Open Space",#DDC9C9
403,drhm-07,3,2025,22,168,558,30.10752688,developed,developed,"Developed, Low Intensity",#D89382
403,drhm-07,3,2025,23,17,558,3.046594982,developed,developed,"Developed, Medium Intensity",#ED0000
403,drhm-07,3,2025,41,8,558,1.433691756,forest,deciduous forest,Deciduous Forest,#68AA63
403,drhm-07,3,2025,42,27,558,4.838709677,forest,evergreen forest,Evergreen Forest,#1C6330
403,drhm-07,3,2025,43,21,558,3.76344086,forest,mixed forest,Mixed Forest,#B5C98E
403,drhm-07,3,2025,52,86,558,15.41218638,shrubland,shrubland,Scrub/Shrub,#CCBA7C
403,drhm-07,3,2025,71,3,558,0.537634409,herbaceous,herbaceous,Grassland/Herbaceous,#E2E2C1
403,drhm-07,3,2025,81,70,558,12.54480287,planted,pasture,Pasture/Hay,#DBD83D
404,drhm-07,4,2025,11,1,560,0.178571429,water,water,Open Water,#476BA0
404,drhm-07,4,2025,21,163,560,29.10714286,developed,developed,"Developed, Open Space",#DDC9C9
404,drhm-07,4,2025,22,211,560,37.67857143,developed,developed,"Developed, Low Intensity",#D89382
404,drhm-07,4,2025,23,13,560,2.321428571,developed,developed,"Developed, Medium Intensity",#ED0000
404,drhm-07,4,2025,41,4,560,0.714285714,forest,deciduous forest,Deciduous Forest,#68AA63
404,drhm-07,4,2025,42,78,560,13.92857143,forest,evergreen forest,Evergreen Forest,#1C6330
404,drhm-07,4,2025,43,59,560,10.53571429,forest,mixed forest,Mixed Forest,#B5C98E
404,drhm-07,4,2025,52,1,560,0.178571429,shrubland,shrubland,Scrub/Shrub,#CCBA7C
404,drhm-07,4,2025,81,30,560,5.357142857,planted,pasture,Pasture/Hay,#DBD83D
405,drhm-07,5,2025,11,3,556,0.539568345,water,water,Open Water,#476BA0
405,drhm-07,5,2025,21,127,556,22.84172662,developed,developed,"Developed, Open Space",#DDC9C9
405,drhm-07,5,2025,22,234,556,42.08633094,developed,developed,"Developed, Low Intensity",#D89382
405,drhm-07,5,2025,23,116,556,20.86330935,developed,developed,"Developed, Medium Intensity",#ED0000
405,drhm-07,5,2025,24,1,556,0.179856115,developed,developed,"Developed, High Intensity",#AA0000
405,drhm-07,5,2025,42,39,556,7.014388489,forest,evergreen forest,Evergreen Forest,#1C6330
405,drhm-07,5,2025,43,10,556,1.798561151,forest,mixed forest,Mixed Forest,#B5C98E
405,drhm-07,5,2025,71,1,556,0.179856115,herbaceous,herbaceous,Grassland/Herbaceous,#E2E2C1
405,drhm-07,5,2025,81,25,556,4.496402878,planted,pasture,Pasture/Hay,#DBD83D
406,drhm-07,6,2025,21,188,553,33.99638336,developed,developed,"Developed, Open Space",#DDC9C9
406,drhm-07,6,2025,22,207,553,37.43218807,developed,developed,"Developed, Low Intensity",#D89382
406,drhm-07,6,2025,23,40,553,7.233273056,developed,developed,"Developed, Medium Intensity",#ED0000
406,drhm-07,6,2025,41,18,553,3.254972875,forest,deciduous forest,Deciduous Forest,#68AA63
406,drhm-07,6,2025,42,43,553,7.775768535,forest,evergreen forest,Evergreen Forest,#1C6330
406,drhm-07,6,2025,43,37,553,6.690777577,forest,mixed forest,Mixed Forest,#B5C98E
406,drhm-07,6,2025,81,20,553,3.616636528,planted,pasture,Pasture/Hay,#DBD83D
407,drhm-07,7,2025,21,115,552,20.83333333,developed,developed,"Developed, Open Space",#DDC9C9
407,drhm-07,7,2025,22,133,552,24.0942029,developed,developed,"Developed, Low Intensity",#D89382
407,drhm-07,7,2025,23,169,552,30.61594203,developed,developed,"Developed, Medium Intensity",#ED0000
407,drhm-07,7,2025,24,31,552,5.615942029,developed,developed,"Developed, High Intensity",#AA0000
407,drhm-07,7,2025,41,34,552,6.15942029,forest,deciduous forest,Deciduous Forest,#68AA63
407,drhm-07,7,2025,42,21,552,3.804347826,forest,evergreen forest,Evergreen Forest,#1C6330
407,drhm-07,7,2025,43,45,552,8.152173913,forest,mixed forest,Mixed Forest,#B5C98E
407,drhm-07,7,2025,81,4,552,0.724637681,planted,pasture,Pasture/Hay,#DBD83D
408,drhm-07,8,2025,21,114,562,20.28469751,developed,developed,"Developed, Open Space",#DDC9C9
408,drhm-07,8,2025,22,96,562,17.08185053,developed,developed,"Developed, Low Intensity",#D89382
408,drhm-07,8,2025,23,52,562,9.252669039,developed,developed,"Developed, Medium Intensity",#ED0000
408,drhm-07,8,2025,41,8,562,1.423487544,forest,deciduous forest,Deciduous Forest,#68AA63
408,drhm-07,8,2025,42,137,562,24.3772242,forest,evergreen forest,Evergreen Forest,#1C6330
408,drhm-07,8,2025,43,121,562,21.53024911,forest,mixed forest,Mixed Forest,#B5C98E
408,drhm-07,8,2025,71,16,562,2.846975089,herbaceous,herbaceous,Grassland/Herbaceous,#E2E2C1
408,drhm-07,8,2025,81,18,562,3.202846975,planted,pasture,Pasture/Hay,#DBD83D
409,drhm-07,9,2025,21,292,561,52.04991087,developed,developed,"Developed, Open Space",#DDC9C9
409,drhm-07,9,2025,22,107,561,19.07308378,developed,developed,"Developed, Low Intensity",#D89382
409,drhm-07,9,2025,23,13,561,2.317290553,developed,developed,"Developed, Medium Intensity",#ED0000
409,drhm-07,9,2025,41,23,561,4.099821747,forest,deciduous forest,Deciduous Forest,#68AA63
409,drhm-07,9,2025,42,57,561,10.16042781,forest,evergreen forest,Evergreen Forest,#1C6330
409,drhm-07,9,2025,43,69,561,12.29946524,forest,mixed forest,Mixed Forest,#B5C98E
410,drhm-07,10,2025,21,84,555,15.13513514,developed,developed,"Developed, Open Space",#DDC9C9
410,drhm-07,10,2025,22,28,555,5.045045045,developed,developed,"Developed, Low Intensity",#D89382
410,drhm-07,10,2025,23,7,555,1.261261261,developed,developed,"Developed, Medium Intensity",#ED0000
410,drhm-07,10,2025,41,3,555,0.540540541,forest,deciduous forest,Deciduous Forest,#68AA63
410,drhm-07,10,2025,42,167,555,30.09009009,forest,evergreen forest,Evergreen Forest,#1C6330
410,drhm-07,10,2025,43,91,555,16.3963964,forest,mixed forest,Mixed Forest,#B5C98E
410,drhm-07,10,2025,52,3,555,0.540540541,shrubland,shrubland,Scrub/Shrub,#CCBA7C
410,drhm-07,10,2025,71,155,555,27.92792793,herbaceous,herbaceous,Grassland/Herbaceous,#E2E2C1
410,drhm-07,10,2025,81,17,555,3.063063063,planted,pasture,Pasture/Hay,#DBD83D
411,drhm-07,11,2025,11,4,555,0.720720721,water,water,Open Water,#476BA0
411,drhm-07,11,2025,21,50,555,9.009009009,developed,developed,"Developed, Open Space",#DDC9C9
411,drhm-07,11,2025,22,29,555,5.225225225,developed,developed,"Developed, Low Intensity",#D89382
411,drhm-07,11,2025,23,1,555,0.18018018,developed,developed,"Developed, Medium Intensity",#ED0000
411,drhm-07,11,2025,41,9,555,1.621621622,forest,deciduous forest,Deciduous Forest,#68AA63
411,drhm-07,11,2025,42,255,555,45.94594595,forest,evergreen forest,Evergreen Forest,#1C6330
411,drhm-07,11,2025,43,167,555,30.09009009,forest,mixed forest,Mixed Forest,#B5C98E
411,drhm-07,11,2025,71,1,555,0.18018018,herbaceous,herbaceous,Grassland/Herbaceous,#E2E2C1
411,drhm-07,11,2025,81,39,555,7.027027027,planted,pasture,Pasture/Hay,#DBD83D
412,drhm-07,12,2025,11,1,554,0.180505415,water,water,Open Water,#476BA0
412,drhm-07,12,2025,21,35,554,6.317689531,developed,developed,"Developed, Open Space",#DDC9C9
412,drhm-07,12,2025,22,45,554,8.122743682,developed,developed,"Developed, Low Intensity",#D89382
412,drhm-07,12,2025,23,4,554,0.722021661,developed,developed,"Developed, Medium Intensity",#ED0000
412,drhm-07,12,2025,NA,2,554,0.36101083,NA,NA,Barren Land,NA
412,drhm-07,12,2025,41,4,554,0.722021661,forest,deciduous forest,Deciduous Forest,#68AA63
412,drhm-07,12,2025,42,177,554,31.94945848,forest,evergreen forest,Evergreen Forest,#1C6330
412,drhm-07,12,2025,43,120,554,21.66064982,forest,mixed forest,Mixed Forest,#B5C98E
412,drhm-07,12,2025,52,36,554,6.498194946,shrubland,shrubland,Scrub/Shrub,#CCBA7C
412,drhm-07,12,2025,71,24,554,4.332129964,herbaceous,herbaceous,Grassland/Herbaceous,#E2E2C1
412,drhm-07,12,2025,81,106,554,19.13357401,planted,pasture,Pasture/Hay,#DBD83D
413,drhm-07,13,2025,21,43,554,7.761732852,developed,developed,"Developed, Open Space",#DDC9C9
413,drhm-07,13,2025,22,7,554,1.263537906,developed,developed,"Developed, Low Intensity",#D89382
413,drhm-07,13,2025,41,144,554,25.99277978,forest,deciduous forest,Deciduous Forest,#68AA63
413,drhm-07,13,2025,42,99,554,17.8700361,forest,evergreen forest,Evergreen Forest,#1C6330
413,drhm-07,13,2025,43,255,554,46.02888087,forest,mixed forest,Mixed Forest,#B5C98E
413,drhm-07,13,2025,52,1,554,0.180505415,shrubland,shrubland,Scrub/Shrub,#CCBA7C
413,drhm-07,13,2025,81,5,554,0.902527076,planted,pasture,Pasture/Hay,#DBD83D
414,drhm-07,14,2025,21,43,561,7.664884135,developed,developed,"Developed, Open Space",#DDC9C9
414,drhm-07,14,2025,22,32,561,5.704099822,developed,developed,"Developed, Low Intensity",#D89382
414,drhm-07,14,2025,23,5,561,0.891265597,developed,developed,"Developed, Medium Intensity",#ED0000
414,drhm-07,14,2025,41,83,561,14.79500891,forest,deciduous forest,Deciduous Forest,#68AA63
414,drhm-07,14,2025,42,126,561,22.45989305,forest,evergreen forest,Evergreen Forest,#1C6330
414,drhm-07,14,2025,43,120,561,21.39037433,forest,mixed forest,Mixed Forest,#B5C98E
414,drhm-07,14,2025,52,2,561,0.356506239,shrubland,shrubland,Scrub/Shrub,#CCBA7C
414,drhm-07,14,2025,71,1,561,0.178253119,herbaceous,herbaceous,Grassland/Herbaceous,#E2E2C1
414,drhm-07,14,2025,81,1,561,0.178253119,planted,pasture,Pasture/Hay,#DBD83D
414,drhm-07,14,2025,90,148,561,26.38146168,wetlands,wetlands,Woody Wetlands,#BAD8EA
415,drhm-07,15,2025,21,55,562,9.786476868,developed,developed,"Developed, Open Space",#DDC9C9
415,drhm-07,15,2025,22,3,562,0.533807829,developed,developed,"Developed, Low Intensity",#D89382
415,drhm-07,15,2025,41,198,562,35.23131673,forest,deciduous forest,Deciduous Forest,#68AA63
415,drhm-07,15,2025,42,74,562,13.16725979,forest,evergreen forest,Evergreen Forest,#1C6330
415,drhm-07,15,2025,43,164,562,29.18149466,forest,mixed forest,Mixed Forest,#B5C98E
415,drhm-07,15,2025,71,5,562,0.889679715,herbaceous,herbaceous,Grassland/Herbaceous,#E2E2C1
415,drhm-07,15,2025,81,31,562,5.516014235,planted,pasture,Pasture/Hay,#DBD83D
415,drhm-07,15,2025,90,32,562,5.693950178,wetlands,wetlands,Woody Wetlands,#BAD8EA
416,drhm-07,16,2025,21,63,557,11.31059246,developed,developed,"Developed, Open Space",#DDC9C9
416,drhm-07,16,2025,22,26,557,4.667863555,developed,developed,"Developed, Low Intensity",#D89382
416,drhm-07,16,2025,23,2,557,0.359066427,developed,developed,"Developed, Medium Intensity",#ED0000
416,drhm-07,16,2025,41,196,557,35.18850987,forest,deciduous forest,Deciduous Forest,#68AA63
416,drhm-07,16,2025,42,91,557,16.33752244,forest,evergreen forest,Evergreen Forest,#1C6330
416,drhm-07,16,2025,43,127,557,22.80071813,forest,mixed forest,Mixed Forest,#B5C98E
416,drhm-07,16,2025,71,9,557,1.615798923,herbaceous,herbaceous,Grassland/Herbaceous,#E2E2C1
416,drhm-07,16,2025,81,12,557,2.154398564,planted,pasture,Pasture/Hay,#DBD83D
416,drhm-07,16,2025,90,31,557,5.565529623,wetlands,wetlands,Woody Wetlands,#BAD8EA
417,drhm-07,17,2025,21,43,558,7.70609319,developed,developed,"Developed, Open Space",#DDC9C9
417,drhm-07,17,2025,22,59,558,10.5734767,developed,developed,"Developed, Low Intensity",#D89382
417,drhm-07,17,2025,23,32,558,5.734767025,developed,developed,"Developed, Medium Intensity",#ED0000
417,drhm-07,17,2025,24,8,558,1.433691756,developed,developed,"Developed, High Intensity",#AA0000
417,drhm-07,17,2025,41,131,558,23.47670251,forest,deciduous forest,Deciduous Forest,#68AA63
417,drhm-07,17,2025,42,19,558,3.405017921,forest,evergreen forest,Evergreen Forest,#1C6330
417,drhm-07,17,2025,43,70,558,12.54480287,forest,mixed forest,Mixed Forest,#B5C98E
417,drhm-07,17,2025,52,120,558,21.50537634,shrubland,shrubland,Scrub/Shrub,#CCBA7C
417,drhm-07,17,2025,71,20,558,3.584229391,herbaceous,herbaceous,Grassland/Herbaceous,#E2E2C1
417,drhm-07,17,2025,81,54,558,9.677419355,planted,pasture,Pasture/Hay,#DBD83D
417,drhm-07,17,2025,90,2,558,0.358422939,wetlands,wetlands,Woody Wetlands,#BAD8EA
418,drhm-07,18,2025,21,60,557,10.77199282,developed,developed,"Developed, Open Space",#DDC9C9
418,drhm-07,18,2025,22,42,557,7.540394973,developed,developed,"Developed, Low Intensity",#D89382
418,drhm-07,18,2025,41,79,557,14.18312388,forest,deciduous forest,Deciduous Forest,#68AA63
418,drhm-07,18,2025,42,134,557,24.05745063,forest,evergreen forest,Evergreen Forest,#1C6330
418,drhm-07,18,2025,43,168,557,30.16157989,forest,mixed forest,Mixed Forest,#B5C98E
418,drhm-07,18,2025,52,68,557,12.20825853,shrubland,shrubland,Scrub/Shrub,#CCBA7C
418,drhm-07,18,2025,71,2,557,0.359066427,herbaceous,herbaceous,Grassland/Herbaceous,#E2E2C1
418,drhm-07,18,2025,81,4,557,0.718132855,planted,pasture,Pasture/Hay,#DBD83D
419,drhm-07,19,2025,21,101,561,18.00356506,developed,developed,"Developed, Open Space",#DDC9C9
419,drhm-07,19,2025,22,29,561,5.169340463,developed,developed,"Developed, Low Intensity",#D89382
419,drhm-07,19,2025,41,109,561,19.42959002,forest,deciduous forest,Deciduous Forest,#68AA63
419,drhm-07,19,2025,42,101,561,18.00356506,forest,evergreen forest,Evergreen Forest,#1C6330
419,drhm-07,19,2025,43,216,561,38.5026738,forest,mixed forest,Mixed Forest,#B5C98E
419,drhm-07,19,2025,81,5,561,0.891265597,planted,pasture,Pasture/Hay,#DBD83D
420,drhm-07,20,2025,21,84,554,15.16245487,developed,developed,"Developed, Open Space",#DDC9C9
420,drhm-07,20,2025,22,13,554,2.346570397,developed,developed,"Developed, Low Intensity",#D89382
420,drhm-07,20,2025,41,154,554,27.79783394,forest,deciduous forest,Deciduous Forest,#68AA63
420,drhm-07,20,2025,42,103,554,18.59205776,forest,evergreen forest,Evergreen Forest,#1C6330
420,drhm-07,20,2025,43,196,554,35.37906137,forest,mixed forest,Mixed Forest,#B5C98E
420,drhm-07,20,2025,71,1,554,0.180505415,herbaceous,herbaceous,Grassland/Herbaceous,#E2E2C1
420,drhm-07,20,2025,81,3,554,0.541516245,planted,pasture,Pasture/Hay,#DBD83D
421,drhm-08,1,2025,21,170,558,30.46594982,developed,developed,"Developed, Open Space",#DDC9C9
421,drhm-08,1,2025,22,143,558,25.62724014,developed,developed,"Developed, Low Intensity",#D89382
421,drhm-08,1,2025,23,108,558,19.35483871,developed,developed,"Developed, Medium Intensity",#ED0000
421,drhm-08,1,2025,41,20,558,3.584229391,forest,deciduous forest,Deciduous Forest,#68AA63
421,drhm-08,1,2025,42,6,558,1.075268817,forest,evergreen forest,Evergreen Forest,#1C6330
421,drhm-08,1,2025,43,29,558,5.197132616,forest,mixed forest,Mixed Forest,#B5C98E
421,drhm-08,1,2025,71,67,558,12.00716846,herbaceous,herbaceous,Grassland/Herbaceous,#E2E2C1
421,drhm-08,1,2025,81,15,558,2.688172043,planted,pasture,Pasture/Hay,#DBD83D
422,drhm-08,2,2025,11,14,561,2.495543672,water,water,Open Water,#476BA0
422,drhm-08,2,2025,21,76,561,13.54723708,developed,developed,"Developed, Open Space",#DDC9C9
422,drhm-08,2,2025,22,71,561,12.65597148,developed,developed,"Developed, Low Intensity",#D89382
422,drhm-08,2,2025,23,3,561,0.534759358,developed,developed,"Developed, Medium Intensity",#ED0000
422,drhm-08,2,2025,41,6,561,1.069518717,forest,deciduous forest,Deciduous Forest,#68AA63
422,drhm-08,2,2025,42,72,561,12.8342246,forest,evergreen forest,Evergreen Forest,#1C6330
422,drhm-08,2,2025,43,91,561,16.22103387,forest,mixed forest,Mixed Forest,#B5C98E
422,drhm-08,2,2025,71,5,561,0.891265597,herbaceous,herbaceous,Grassland/Herbaceous,#E2E2C1
422,drhm-08,2,2025,81,223,561,39.75044563,planted,pasture,Pasture/Hay,#DBD83D
423,drhm-08,3,2025,21,51,553,9.222423146,developed,developed,"Developed, Open Space",#DDC9C9
423,drhm-08,3,2025,22,13,553,2.350813743,developed,developed,"Developed, Low Intensity",#D89382
423,drhm-08,3,2025,41,62,553,11.21157324,forest,deciduous forest,Deciduous Forest,#68AA63
423,drhm-08,3,2025,42,176,553,31.82640145,forest,evergreen forest,Evergreen Forest,#1C6330
423,drhm-08,3,2025,43,174,553,31.46473779,forest,mixed forest,Mixed Forest,#B5C98E
423,drhm-08,3,2025,52,2,553,0.361663653,shrubland,shrubland,Scrub/Shrub,#CCBA7C
423,drhm-08,3,2025,71,46,553,8.318264014,herbaceous,herbaceous,Grassland/Herbaceous,#E2E2C1
423,drhm-08,3,2025,81,29,553,5.244122966,planted,pasture,Pasture/Hay,#DBD83D
424,drhm-08,4,2025,21,51,554,9.205776173,developed,developed,"Developed, Open Space",#DDC9C9
424,drhm-08,4,2025,22,14,554,2.527075812,developed,developed,"Developed, Low Intensity",#D89382
424,drhm-08,4,2025,23,8,554,1.444043321,developed,developed,"Developed, Medium Intensity",#ED0000
424,drhm-08,4,2025,41,87,554,15.70397112,forest,deciduous forest,Deciduous Forest,#68AA63
424,drhm-08,4,2025,42,128,554,23.10469314,forest,evergreen forest,Evergreen Forest,#1C6330
424,drhm-08,4,2025,43,199,554,35.92057762,forest,mixed forest,Mixed Forest,#B5C98E
424,drhm-08,4,2025,52,6,554,1.083032491,shrubland,shrubland,Scrub/Shrub,#CCBA7C
424,drhm-08,4,2025,71,13,554,2.346570397,herbaceous,herbaceous,Grassland/Herbaceous,#E2E2C1
424,drhm-08,4,2025,81,44,554,7.942238267,planted,pasture,Pasture/Hay,#DBD83D
424,drhm-08,4,2025,90,4,554,0.722021661,wetlands,wetlands,Woody Wetlands,#BAD8EA
425,drhm-08,5,2025,21,53,561,9.44741533,developed,developed,"Developed, Open Space",#DDC9C9
425,drhm-08,5,2025,22,69,561,12.29946524,developed,developed,"Developed, Low Intensity",#D89382
425,drhm-08,5,2025,23,2,561,0.356506239,developed,developed,"Developed, Medium Intensity",#ED0000
425,drhm-08,5,2025,41,126,561,22.45989305,forest,deciduous forest,Deciduous Forest,#68AA63
425,drhm-08,5,2025,43,75,561,13.36898396,forest,mixed forest,Mixed Forest,#B5C98E
425,drhm-08,5,2025,52,14,561,2.495543672,shrubland,shrubland,Scrub/Shrub,#CCBA7C
425,drhm-08,5,2025,71,157,561,27.98573975,herbaceous,herbaceous,Grassland/Herbaceous,#E2E2C1
425,drhm-08,5,2025,81,12,561,2.139037433,planted,pasture,Pasture/Hay,#DBD83D
425,drhm-08,5,2025,90,53,561,9.44741533,wetlands,wetlands,Woody Wetlands,#BAD8EA
426,drhm-08,6,2025,21,53,556,9.532374101,developed,developed,"Developed, Open Space",#DDC9C9
426,drhm-08,6,2025,22,106,556,19.0647482,developed,developed,"Developed, Low Intensity",#D89382
426,drhm-08,6,2025,23,15,556,2.697841727,developed,developed,"Developed, Medium Intensity",#ED0000
426,drhm-08,6,2025,41,43,556,7.73381295,forest,deciduous forest,Deciduous Forest,#68AA63
426,drhm-08,6,2025,42,41,556,7.374100719,forest,evergreen forest,Evergreen Forest,#1C6330
426,drhm-08,6,2025,43,36,556,6.474820144,forest,mixed forest,Mixed Forest,#B5C98E
426,drhm-08,6,2025,52,2,556,0.35971223,shrubland,shrubland,Scrub/Shrub,#CCBA7C
426,drhm-08,6,2025,71,237,556,42.62589928,herbaceous,herbaceous,Grassland/Herbaceous,#E2E2C1
426,drhm-08,6,2025,90,23,556,4.136690647,wetlands,wetlands,Woody Wetlands,#BAD8EA
427,drhm-08,7,2025,21,118,560,21.07142857,developed,developed,"Developed, Open Space",#DDC9C9
427,drhm-08,7,2025,22,103,560,18.39285714,developed,developed,"Developed, Low Intensity",#D89382
427,drhm-08,7,2025,23,50,560,8.928571429,developed,developed,"Developed, Medium Intensity",#ED0000
427,drhm-08,7,2025,41,10,560,1.785714286,forest,deciduous forest,Deciduous Forest,#68AA63
427,drhm-08,7,2025,42,14,560,2.5,forest,evergreen forest,Evergreen Forest,#1C6330
427,drhm-08,7,2025,43,97,560,17.32142857,forest,mixed forest,Mixed Forest,#B5C98E
427,drhm-08,7,2025,71,1,560,0.178571429,herbaceous,herbaceous,Grassland/Herbaceous,#E2E2C1
427,drhm-08,7,2025,81,9,560,1.607142857,planted,pasture,Pasture/Hay,#DBD83D
427,drhm-08,7,2025,90,158,560,28.21428571,wetlands,wetlands,Woody Wetlands,#BAD8EA
428,drhm-08,8,2025,21,222,559,39.7137746,developed,developed,"Developed, Open Space",#DDC9C9
428,drhm-08,8,2025,22,161,559,28.80143113,developed,developed,"Developed, Low Intensity",#D89382
428,drhm-08,8,2025,23,14,559,2.504472272,developed,developed,"Developed, Medium Intensity",#ED0000
428,drhm-08,8,2025,41,3,559,0.53667263,forest,deciduous forest,Deciduous Forest,#68AA63
428,drhm-08,8,2025,42,26,559,4.651162791,forest,evergreen forest,Evergreen Forest,#1C6330
428,drhm-08,8,2025,43,107,559,19.14132379,forest,mixed forest,Mixed Forest,#B5C98E
428,drhm-08,8,2025,71,2,559,0.357781753,herbaceous,herbaceous,Grassland/Herbaceous,#E2E2C1
428,drhm-08,8,2025,81,2,559,0.357781753,planted,pasture,Pasture/Hay,#DBD83D
428,drhm-08,8,2025,90,22,559,3.935599284,wetlands,wetlands,Woody Wetlands,#BAD8EA
429,drhm-08,9,2025,21,158,560,28.21428571,developed,developed,"Developed, Open Space",#DDC9C9
429,drhm-08,9,2025,22,135,560,24.10714286,developed,developed,"Developed, Low Intensity",#D89382
429,drhm-08,9,2025,23,43,560,7.678571429,developed,developed,"Developed, Medium Intensity",#ED0000
429,drhm-08,9,2025,24,1,560,0.178571429,developed,developed,"Developed, High Intensity",#AA0000
429,drhm-08,9,2025,41,4,560,0.714285714,forest,deciduous forest,Deciduous Forest,#68AA63
429,drhm-08,9,2025,42,85,560,15.17857143,forest,evergreen forest,Evergreen Forest,#1C6330
429,drhm-08,9,2025,43,125,560,22.32142857,forest,mixed forest,Mixed Forest,#B5C98E
429,drhm-08,9,2025,81,9,560,1.607142857,planted,pasture,Pasture/Hay,#DBD83D
430,drhm-08,10,2025,11,3,561,0.534759358,water,water,Open Water,#476BA0
430,drhm-08,10,2025,21,170,561,30.3030303,developed,developed,"Developed, Open Space",#DDC9C9
430,drhm-08,10,2025,22,137,561,24.42067736,developed,developed,"Developed, Low Intensity",#D89382
430,drhm-08,10,2025,23,80,561,14.26024955,developed,developed,"Developed, Medium Intensity",#ED0000
430,drhm-08,10,2025,24,7,561,1.247771836,developed,developed,"Developed, High Intensity",#AA0000
430,drhm-08,10,2025,41,40,561,7.130124777,forest,deciduous forest,Deciduous Forest,#68AA63
430,drhm-08,10,2025,42,75,561,13.36898396,forest,evergreen forest,Evergreen Forest,#1C6330
430,drhm-08,10,2025,43,40,561,7.130124777,forest,mixed forest,Mixed Forest,#B5C98E
430,drhm-08,10,2025,71,8,561,1.426024955,herbaceous,herbaceous,Grassland/Herbaceous,#E2E2C1
430,drhm-08,10,2025,81,1,561,0.178253119,planted,pasture,Pasture/Hay,#DBD83D
431,drhm-08,11,2025,21,157,555,28.28828829,developed,developed,"Developed, Open Space",#DDC9C9
431,drhm-08,11,2025,22,66,555,11.89189189,developed,developed,"Developed, Low Intensity",#D89382
431,drhm-08,11,2025,23,19,555,3.423423423,developed,developed,"Developed, Medium Intensity",#ED0000
431,drhm-08,11,2025,24,3,555,0.540540541,developed,developed,"Developed, High Intensity",#AA0000
431,drhm-08,11,2025,41,82,555,14.77477477,forest,deciduous forest,Deciduous Forest,#68AA63
431,drhm-08,11,2025,42,63,555,11.35135135,forest,evergreen forest,Evergreen Forest,#1C6330
431,drhm-08,11,2025,43,60,555,10.81081081,forest,mixed forest,Mixed Forest,#B5C98E
431,drhm-08,11,2025,52,2,555,0.36036036,shrubland,shrubland,Scrub/Shrub,#CCBA7C
431,drhm-08,11,2025,71,3,555,0.540540541,herbaceous,herbaceous,Grassland/Herbaceous,#E2E2C1
431,drhm-08,11,2025,81,41,555,7.387387387,planted,pasture,Pasture/Hay,#DBD83D
431,drhm-08,11,2025,90,59,555,10.63063063,wetlands,wetlands,Woody Wetlands,#BAD8EA
432,drhm-08,12,2025,11,7,558,1.254480287,water,water,Open Water,#476BA0
432,drhm-08,12,2025,21,141,558,25.2688172,developed,developed,"Developed, Open Space",#DDC9C9
432,drhm-08,12,2025,22,170,558,30.46594982,developed,developed,"Developed, Low Intensity",#D89382
432,drhm-08,12,2025,23,54,558,9.677419355,developed,developed,"Developed, Medium Intensity",#ED0000
432,drhm-08,12,2025,41,13,558,2.329749104,forest,deciduous forest,Deciduous Forest,#68AA63
432,drhm-08,12,2025,43,17,558,3.046594982,forest,mixed forest,Mixed Forest,#B5C98E
432,drhm-08,12,2025,71,3,558,0.537634409,herbaceous,herbaceous,Grassland/Herbaceous,#E2E2C1
432,drhm-08,12,2025,81,151,558,27.0609319,planted,pasture,Pasture/Hay,#DBD83D
432,drhm-08,12,2025,90,2,558,0.358422939,wetlands,wetlands,Woody Wetlands,#BAD8EA
433,drhm-08,13,2025,11,1,557,0.179533214,water,water,Open Water,#476BA0
433,drhm-08,13,2025,21,114,557,20.46678636,developed,developed,"Developed, Open Space",#DDC9C9
433,drhm-08,13,2025,22,173,557,31.05924596,developed,developed,"Developed, Low Intensity",#D89382
433,drhm-08,13,2025,23,23,557,4.129263914,developed,developed,"Developed, Medium Intensity",#ED0000
433,drhm-08,13,2025,41,1,557,0.179533214,forest,deciduous forest,Deciduous Forest,#68AA63
433,drhm-08,13,2025,42,90,557,16.15798923,forest,evergreen forest,Evergreen Forest,#1C6330
433,drhm-08,13,2025,43,65,557,11.66965889,forest,mixed forest,Mixed Forest,#B5C98E
433,drhm-08,13,2025,52,1,557,0.179533214,shrubland,shrubland,Scrub/Shrub,#CCBA7C
433,drhm-08,13,2025,81,89,557,15.97845601,planted,pasture,Pasture/Hay,#DBD83D
434,drhm-08,14,2025,21,133,558,23.83512545,developed,developed,"Developed, Open Space",#DDC9C9
434,drhm-08,14,2025,22,150,558,26.88172043,developed,developed,"Developed, Low Intensity",#D89382
434,drhm-08,14,2025,23,88,558,15.77060932,developed,developed,"Developed, Medium Intensity",#ED0000
434,drhm-08,14,2025,41,15,558,2.688172043,forest,deciduous forest,Deciduous Forest,#68AA63
434,drhm-08,14,2025,42,50,558,8.960573477,forest,evergreen forest,Evergreen Forest,#1C6330
434,drhm-08,14,2025,43,108,558,19.35483871,forest,mixed forest,Mixed Forest,#B5C98E
434,drhm-08,14,2025,71,1,558,0.17921147,herbaceous,herbaceous,Grassland/Herbaceous,#E2E2C1
434,drhm-08,14,2025,81,13,558,2.329749104,planted,pasture,Pasture/Hay,#DBD83D
435,drhm-08,15,2025,21,86,561,15.32976827,developed,developed,"Developed, Open Space",#DDC9C9
435,drhm-08,15,2025,22,155,561,27.62923351,developed,developed,"Developed, Low Intensity",#D89382
435,drhm-08,15,2025,23,65,561,11.58645276,developed,developed,"Developed, Medium Intensity",#ED0000
435,drhm-08,15,2025,24,3,561,0.534759358,developed,developed,"Developed, High Intensity",#AA0000
435,drhm-08,15,2025,41,20,561,3.565062389,forest,deciduous forest,Deciduous Forest,#68AA63
435,drhm-08,15,2025,42,116,561,20.67736185,forest,evergreen forest,Evergreen Forest,#1C6330
435,drhm-08,15,2025,43,81,561,14.43850267,forest,mixed forest,Mixed Forest,#B5C98E
435,drhm-08,15,2025,81,35,561,6.23885918,planted,pasture,Pasture/Hay,#DBD83D
436,drhm-08,16,2025,21,148,555,26.66666667,developed,developed,"Developed, Open Space",#DDC9C9
436,drhm-08,16,2025,22,151,555,27.20720721,developed,developed,"Developed, Low Intensity",#D89382
436,drhm-08,16,2025,23,7,555,1.261261261,developed,developed,"Developed, Medium Intensity",#ED0000
436,drhm-08,16,2025,41,14,555,2.522522523,forest,deciduous forest,Deciduous Forest,#68AA63
436,drhm-08,16,2025,42,115,555,20.72072072,forest,evergreen forest,Evergreen Forest,#1C6330
436,drhm-08,16,2025,43,78,555,14.05405405,forest,mixed forest,Mixed Forest,#B5C98E
436,drhm-08,16,2025,71,33,555,5.945945946,herbaceous,herbaceous,Grassland/Herbaceous,#E2E2C1
436,drhm-08,16,2025,81,9,555,1.621621622,planted,pasture,Pasture/Hay,#DBD83D
437,drhm-08,17,2025,21,94,561,16.75579323,developed,developed,"Developed, Open Space",#DDC9C9
437,drhm-08,17,2025,22,103,561,18.3600713,developed,developed,"Developed, Low Intensity",#D89382
437,drhm-08,17,2025,23,6,561,1.069518717,developed,developed,"Developed, Medium Intensity",#ED0000
437,drhm-08,17,2025,41,94,561,16.75579323,forest,deciduous forest,Deciduous Forest,#68AA63
437,drhm-08,17,2025,42,56,561,9.982174688,forest,evergreen forest,Evergreen Forest,#1C6330
437,drhm-08,17,2025,43,68,561,12.12121212,forest,mixed forest,Mixed Forest,#B5C98E
437,drhm-08,17,2025,71,63,561,11.22994652,herbaceous,herbaceous,Grassland/Herbaceous,#E2E2C1
437,drhm-08,17,2025,81,5,561,0.891265597,planted,pasture,Pasture/Hay,#DBD83D
437,drhm-08,17,2025,90,72,561,12.8342246,wetlands,wetlands,Woody Wetlands,#BAD8EA
438,drhm-08,18,2025,11,2,558,0.358422939,water,water,Open Water,#476BA0
438,drhm-08,18,2025,21,91,558,16.30824373,developed,developed,"Developed, Open Space",#DDC9C9
438,drhm-08,18,2025,22,124,558,22.22222222,developed,developed,"Developed, Low Intensity",#D89382
438,drhm-08,18,2025,23,12,558,2.150537634,developed,developed,"Developed, Medium Intensity",#ED0000
438,drhm-08,18,2025,24,5,558,0.896057348,developed,developed,"Developed, High Intensity",#AA0000
438,drhm-08,18,2025,41,16,558,2.867383513,forest,deciduous forest,Deciduous Forest,#68AA63
438,drhm-08,18,2025,42,75,558,13.44086022,forest,evergreen forest,Evergreen Forest,#1C6330
438,drhm-08,18,2025,43,114,558,20.43010753,forest,mixed forest,Mixed Forest,#B5C98E
438,drhm-08,18,2025,71,3,558,0.537634409,herbaceous,herbaceous,Grassland/Herbaceous,#E2E2C1
438,drhm-08,18,2025,81,116,558,20.78853047,planted,pasture,Pasture/Hay,#DBD83D
439,drhm-08,19,2025,11,9,561,1.604278075,water,water,Open Water,#476BA0
439,drhm-08,19,2025,21,164,561,29.23351159,developed,developed,"Developed, Open Space",#DDC9C9
439,drhm-08,19,2025,22,136,561,24.24242424,developed,developed,"Developed, Low Intensity",#D89382
439,drhm-08,19,2025,23,27,561,4.812834225,developed,developed,"Developed, Medium Intensity",#ED0000
439,drhm-08,19,2025,41,45,561,8.021390374,forest,deciduous forest,Deciduous Forest,#68AA63
439,drhm-08,19,2025,42,25,561,4.456327986,forest,evergreen forest,Evergreen Forest,#1C6330
439,drhm-08,19,2025,43,92,561,16.39928699,forest,mixed forest,Mixed Forest,#B5C98E
439,drhm-08,19,2025,71,4,561,0.713012478,herbaceous,herbaceous,Grassland/Herbaceous,#E2E2C1
439,drhm-08,19,2025,81,59,561,10.51693405,planted,pasture,Pasture/Hay,#DBD83D
440,drhm-08,20,2025,11,4,558,0.716845878,water,water,Open Water,#476BA0
440,drhm-08,20,2025,21,97,558,17.38351254,developed,developed,"Developed, Open Space",#DDC9C9
440,drhm-08,20,2025,22,91,558,16.30824373,developed,developed,"Developed, Low Intensity",#D89382
440,drhm-08,20,2025,23,5,558,0.896057348,developed,developed,"Developed, Medium Intensity",#ED0000
440,drhm-08,20,2025,41,16,558,2.867383513,forest,deciduous forest,Deciduous Forest,#68AA63
440,drhm-08,20,2025,42,96,558,17.20430108,forest,evergreen forest,Evergreen Forest,#1C6330
440,drhm-08,20,2025,43,87,558,15.59139785,forest,mixed forest,Mixed Forest,#B5C98E
440,drhm-08,20,2025,71,67,558,12.00716846,herbaceous,herbaceous,Grassland/Herbaceous,#E2E2C1
440,drhm-08,20,2025,81,95,558,17.02508961,planted,pasture,Pasture/Hay,#DBD83D
441,orng-01,1,2025,11,2,552,0.362318841,water,water,Open Water,#476BA0
441,orng-01,1,2025,21,38,552,6.884057971,developed,developed,"Developed, Open Space",#DDC9C9
441,orng-01,1,2025,22,71,552,12.86231884,developed,developed,"Developed, Low Intensity",#D89382
441,orng-01,1,2025,41,168,552,30.43478261,forest,deciduous forest,Deciduous Forest,#68AA63
441,orng-01,1,2025,42,6,552,1.086956522,forest,evergreen forest,Evergreen Forest,#1C6330
441,orng-01,1,2025,43,90,552,16.30434783,forest,mixed forest,Mixed Forest,#B5C98E
441,orng-01,1,2025,71,1,552,0.18115942,herbaceous,herbaceous,Grassland/Herbaceous,#E2E2C1
441,orng-01,1,2025,81,176,552,31.88405797,planted,pasture,Pasture/Hay,#DBD83D
442,orng-01,2,2025,11,1,559,0.178890877,water,water,Open Water,#476BA0
442,orng-01,2,2025,21,22,559,3.935599284,developed,developed,"Developed, Open Space",#DDC9C9
442,orng-01,2,2025,22,32,559,5.72450805,developed,developed,"Developed, Low Intensity",#D89382
442,orng-01,2,2025,41,142,559,25.40250447,forest,deciduous forest,Deciduous Forest,#68AA63
442,orng-01,2,2025,42,12,559,2.146690519,forest,evergreen forest,Evergreen Forest,#1C6330
442,orng-01,2,2025,43,122,559,21.82468694,forest,mixed forest,Mixed Forest,#B5C98E
442,orng-01,2,2025,52,15,559,2.683363148,shrubland,shrubland,Scrub/Shrub,#CCBA7C
442,orng-01,2,2025,71,14,559,2.504472272,herbaceous,herbaceous,Grassland/Herbaceous,#E2E2C1
442,orng-01,2,2025,81,198,559,35.42039356,planted,pasture,Pasture/Hay,#DBD83D
442,orng-01,2,2025,82,1,559,0.178890877,planted,cultivated crops,Cultivated Crops,#AA7028
443,orng-01,3,2025,11,15,555,2.702702703,water,water,Open Water,#476BA0
443,orng-01,3,2025,21,48,555,8.648648649,developed,developed,"Developed, Open Space",#DDC9C9
443,orng-01,3,2025,22,63,555,11.35135135,developed,developed,"Developed, Low Intensity",#D89382
443,orng-01,3,2025,23,2,555,0.36036036,developed,developed,"Developed, Medium Intensity",#ED0000
443,orng-01,3,2025,41,112,555,20.18018018,forest,deciduous forest,Deciduous Forest,#68AA63
443,orng-01,3,2025,43,3,555,0.540540541,forest,mixed forest,Mixed Forest,#B5C98E
443,orng-01,3,2025,71,5,555,0.900900901,herbaceous,herbaceous,Grassland/Herbaceous,#E2E2C1
443,orng-01,3,2025,81,307,555,55.31531532,planted,pasture,Pasture/Hay,#DBD83D
444,orng-01,4,2025,11,8,553,1.446654611,water,water,Open Water,#476BA0
444,orng-01,4,2025,21,53,553,9.584086799,developed,developed,"Developed, Open Space",#DDC9C9
444,orng-01,4,2025,22,61,553,11.03074141,developed,developed,"Developed, Low Intensity",#D89382
444,orng-01,4,2025,41,144,553,26.039783,forest,deciduous forest,Deciduous Forest,#68AA63
444,orng-01,4,2025,42,7,553,1.265822785,forest,evergreen forest,Evergreen Forest,#1C6330
444,orng-01,4,2025,43,8,553,1.446654611,forest,mixed forest,Mixed Forest,#B5C98E
444,orng-01,4,2025,52,32,553,5.786618445,shrubland,shrubland,Scrub/Shrub,#CCBA7C
444,orng-01,4,2025,71,6,553,1.084990958,herbaceous,herbaceous,Grassland/Herbaceous,#E2E2C1
444,orng-01,4,2025,81,228,553,41.22965642,planted,pasture,Pasture/Hay,#DBD83D
444,orng-01,4,2025,90,6,553,1.084990958,wetlands,wetlands,Woody Wetlands,#BAD8EA
445,orng-01,5,2025,11,7,559,1.252236136,water,water,Open Water,#476BA0
445,orng-01,5,2025,21,47,559,8.407871199,developed,developed,"Developed, Open Space",#DDC9C9
445,orng-01,5,2025,22,13,559,2.325581395,developed,developed,"Developed, Low Intensity",#D89382
445,orng-01,5,2025,41,252,559,45.08050089,forest,deciduous forest,Deciduous Forest,#68AA63
445,orng-01,5,2025,42,12,559,2.146690519,forest,evergreen forest,Evergreen Forest,#1C6330
445,orng-01,5,2025,43,34,559,6.082289803,forest,mixed forest,Mixed Forest,#B5C98E
445,orng-01,5,2025,52,1,559,0.178890877,shrubland,shrubland,Scrub/Shrub,#CCBA7C
445,orng-01,5,2025,71,13,559,2.325581395,herbaceous,herbaceous,Grassland/Herbaceous,#E2E2C1
445,orng-01,5,2025,81,171,559,30.59033989,planted,pasture,Pasture/Hay,#DBD83D
445,orng-01,5,2025,90,9,559,1.610017889,wetlands,wetlands,Woody Wetlands,#BAD8EA
446,orng-01,6,2025,11,24,562,4.270462633,water,water,Open Water,#476BA0
446,orng-01,6,2025,21,40,562,7.117437722,developed,developed,"Developed, Open Space",#DDC9C9
446,orng-01,6,2025,22,65,562,11.5658363,developed,developed,"Developed, Low Intensity",#D89382
446,orng-01,6,2025,23,5,562,0.889679715,developed,developed,"Developed, Medium Intensity",#ED0000
446,orng-01,6,2025,41,81,562,14.41281139,forest,deciduous forest,Deciduous Forest,#68AA63
446,orng-01,6,2025,42,19,562,3.380782918,forest,evergreen forest,Evergreen Forest,#1C6330
446,orng-01,6,2025,43,32,562,5.693950178,forest,mixed forest,Mixed Forest,#B5C98E
446,orng-01,6,2025,71,8,562,1.423487544,herbaceous,herbaceous,Grassland/Herbaceous,#E2E2C1
446,orng-01,6,2025,81,288,562,51.2455516,planted,pasture,Pasture/Hay,#DBD83D
447,orng-01,7,2025,11,10,560,1.785714286,water,water,Open Water,#476BA0
447,orng-01,7,2025,21,68,560,12.14285714,developed,developed,"Developed, Open Space",#DDC9C9
447,orng-01,7,2025,22,52,560,9.285714286,developed,developed,"Developed, Low Intensity",#D89382
447,orng-01,7,2025,23,2,560,0.357142857,developed,developed,"Developed, Medium Intensity",#ED0000
447,orng-01,7,2025,41,145,560,25.89285714,forest,deciduous forest,Deciduous Forest,#68AA63
447,orng-01,7,2025,43,16,560,2.857142857,forest,mixed forest,Mixed Forest,#B5C98E
447,orng-01,7,2025,71,2,560,0.357142857,herbaceous,herbaceous,Grassland/Herbaceous,#E2E2C1
447,orng-01,7,2025,81,263,560,46.96428571,planted,pasture,Pasture/Hay,#DBD83D
447,orng-01,7,2025,82,2,560,0.357142857,planted,cultivated crops,Cultivated Crops,#AA7028
448,orng-01,8,2025,11,7,560,1.25,water,water,Open Water,#476BA0
448,orng-01,8,2025,21,13,560,2.321428571,developed,developed,"Developed, Open Space",#DDC9C9
448,orng-01,8,2025,22,50,560,8.928571429,developed,developed,"Developed, Low Intensity",#D89382
448,orng-01,8,2025,23,2,560,0.357142857,developed,developed,"Developed, Medium Intensity",#ED0000
448,orng-01,8,2025,41,112,560,20,forest,deciduous forest,Deciduous Forest,#68AA63
448,orng-01,8,2025,42,1,560,0.178571429,forest,evergreen forest,Evergreen Forest,#1C6330
448,orng-01,8,2025,43,9,560,1.607142857,forest,mixed forest,Mixed Forest,#B5C98E
448,orng-01,8,2025,71,2,560,0.357142857,herbaceous,herbaceous,Grassland/Herbaceous,#E2E2C1
448,orng-01,8,2025,81,354,560,63.21428571,planted,pasture,Pasture/Hay,#DBD83D
448,orng-01,8,2025,82,10,560,1.785714286,planted,cultivated crops,Cultivated Crops,#AA7028
449,orng-01,9,2025,11,5,559,0.894454383,water,water,Open Water,#476BA0
449,orng-01,9,2025,21,32,559,5.72450805,developed,developed,"Developed, Open Space",#DDC9C9
449,orng-01,9,2025,22,34,559,6.082289803,developed,developed,"Developed, Low Intensity",#D89382
449,orng-01,9,2025,41,99,559,17.71019678,forest,deciduous forest,Deciduous Forest,#68AA63
449,orng-01,9,2025,42,2,559,0.357781753,forest,evergreen forest,Evergreen Forest,#1C6330
449,orng-01,9,2025,43,6,559,1.073345259,forest,mixed forest,Mixed Forest,#B5C98E
449,orng-01,9,2025,71,2,559,0.357781753,herbaceous,herbaceous,Grassland/Herbaceous,#E2E2C1
449,orng-01,9,2025,81,379,559,67.79964222,planted,pasture,Pasture/Hay,#DBD83D
450,orng-01,10,2025,21,95,553,17.17902351,developed,developed,"Developed, Open Space",#DDC9C9
450,orng-01,10,2025,22,46,553,8.318264014,developed,developed,"Developed, Low Intensity",#D89382
450,orng-01,10,2025,23,1,553,0.180831826,developed,developed,"Developed, Medium Intensity",#ED0000
450,orng-01,10,2025,41,151,553,27.30560579,forest,deciduous forest,Deciduous Forest,#68AA63
450,orng-01,10,2025,42,10,553,1.808318264,forest,evergreen forest,Evergreen Forest,#1C6330
450,orng-01,10,2025,43,46,553,8.318264014,forest,mixed forest,Mixed Forest,#B5C98E
450,orng-01,10,2025,52,7,553,1.265822785,shrubland,shrubland,Scrub/Shrub,#CCBA7C
450,orng-01,10,2025,71,2,553,0.361663653,herbaceous,herbaceous,Grassland/Herbaceous,#E2E2C1
450,orng-01,10,2025,81,192,553,34.71971067,planted,pasture,Pasture/Hay,#DBD83D
450,orng-01,10,2025,90,3,553,0.542495479,wetlands,wetlands,Woody Wetlands,#BAD8EA
451,orng-01,11,2025,11,3,557,0.538599641,water,water,Open Water,#476BA0
451,orng-01,11,2025,21,50,557,8.976660682,developed,developed,"Developed, Open Space",#DDC9C9
451,orng-01,11,2025,22,36,557,6.463195691,developed,developed,"Developed, Low Intensity",#D89382
451,orng-01,11,2025,23,4,557,0.718132855,developed,developed,"Developed, Medium Intensity",#ED0000
451,orng-01,11,2025,41,68,557,12.20825853,forest,deciduous forest,Deciduous Forest,#68AA63
451,orng-01,11,2025,42,81,557,14.54219031,forest,evergreen forest,Evergreen Forest,#1C6330
451,orng-01,11,2025,43,91,557,16.33752244,forest,mixed forest,Mixed Forest,#B5C98E
451,orng-01,11,2025,71,3,557,0.538599641,herbaceous,herbaceous,Grassland/Herbaceous,#E2E2C1
451,orng-01,11,2025,81,221,557,39.67684022,planted,pasture,Pasture/Hay,#DBD83D
452,orng-01,12,2025,21,59,559,10.55456172,developed,developed,"Developed, Open Space",#DDC9C9
452,orng-01,12,2025,22,5,559,0.894454383,developed,developed,"Developed, Low Intensity",#D89382
452,orng-01,12,2025,41,94,559,16.8157424,forest,deciduous forest,Deciduous Forest,#68AA63
452,orng-01,12,2025,42,76,559,13.59570662,forest,evergreen forest,Evergreen Forest,#1C6330
452,orng-01,12,2025,43,32,559,5.72450805,forest,mixed forest,Mixed Forest,#B5C98E
452,orng-01,12,2025,52,59,559,10.55456172,shrubland,shrubland,Scrub/Shrub,#CCBA7C
452,orng-01,12,2025,81,234,559,41.86046512,planted,pasture,Pasture/Hay,#DBD83D
453,orng-01,13,2025,11,9,561,1.604278075,water,water,Open Water,#476BA0
453,orng-01,13,2025,21,68,561,12.12121212,developed,developed,"Developed, Open Space",#DDC9C9
453,orng-01,13,2025,22,9,561,1.604278075,developed,developed,"Developed, Low Intensity",#D89382
453,orng-01,13,2025,23,4,561,0.713012478,developed,developed,"Developed, Medium Intensity",#ED0000
453,orng-01,13,2025,41,190,561,33.86809269,forest,deciduous forest,Deciduous Forest,#68AA63
453,orng-01,13,2025,42,4,561,0.713012478,forest,evergreen forest,Evergreen Forest,#1C6330
453,orng-01,13,2025,43,64,561,11.40819964,forest,mixed forest,Mixed Forest,#B5C98E
453,orng-01,13,2025,52,7,561,1.247771836,shrubland,shrubland,Scrub/Shrub,#CCBA7C
453,orng-01,13,2025,81,206,561,36.7201426,planted,pasture,Pasture/Hay,#DBD83D
454,orng-01,14,2025,21,68,556,12.23021583,developed,developed,"Developed, Open Space",#DDC9C9
454,orng-01,14,2025,22,1,556,0.179856115,developed,developed,"Developed, Low Intensity",#D89382
454,orng-01,14,2025,41,232,556,41.72661871,forest,deciduous forest,Deciduous Forest,#68AA63
454,orng-01,14,2025,42,2,556,0.35971223,forest,evergreen forest,Evergreen Forest,#1C6330
454,orng-01,14,2025,43,38,556,6.834532374,forest,mixed forest,Mixed Forest,#B5C98E
454,orng-01,14,2025,81,215,556,38.66906475,planted,pasture,Pasture/Hay,#DBD83D
455,orng-01,15,2025,11,83,561,14.79500891,water,water,Open Water,#476BA0
455,orng-01,15,2025,21,53,561,9.44741533,developed,developed,"Developed, Open Space",#DDC9C9
455,orng-01,15,2025,22,7,561,1.247771836,developed,developed,"Developed, Low Intensity",#D89382
455,orng-01,15,2025,41,81,561,14.43850267,forest,deciduous forest,Deciduous Forest,#68AA63
455,orng-01,15,2025,43,11,561,1.960784314,forest,mixed forest,Mixed Forest,#B5C98E
455,orng-01,15,2025,52,1,561,0.178253119,shrubland,shrubland,Scrub/Shrub,#CCBA7C
455,orng-01,15,2025,71,3,561,0.534759358,herbaceous,herbaceous,Grassland/Herbaceous,#E2E2C1
455,orng-01,15,2025,81,321,561,57.21925134,planted,pasture,Pasture/Hay,#DBD83D
455,orng-01,15,2025,82,1,561,0.178253119,planted,cultivated crops,Cultivated Crops,#AA7028
456,orng-01,16,2025,11,1,560,0.178571429,water,water,Open Water,#476BA0
456,orng-01,16,2025,21,60,560,10.71428571,developed,developed,"Developed, Open Space",#DDC9C9
456,orng-01,16,2025,22,2,560,0.357142857,developed,developed,"Developed, Low Intensity",#D89382
456,orng-01,16,2025,23,2,560,0.357142857,developed,developed,"Developed, Medium Intensity",#ED0000
456,orng-01,16,2025,41,155,560,27.67857143,forest,deciduous forest,Deciduous Forest,#68AA63
456,orng-01,16,2025,42,13,560,2.321428571,forest,evergreen forest,Evergreen Forest,#1C6330
456,orng-01,16,2025,43,38,560,6.785714286,forest,mixed forest,Mixed Forest,#B5C98E
456,orng-01,16,2025,52,2,560,0.357142857,shrubland,shrubland,Scrub/Shrub,#CCBA7C
456,orng-01,16,2025,81,286,560,51.07142857,planted,pasture,Pasture/Hay,#DBD83D
456,orng-01,16,2025,82,1,560,0.178571429,planted,cultivated crops,Cultivated Crops,#AA7028
457,orng-01,17,2025,21,87,555,15.67567568,developed,developed,"Developed, Open Space",#DDC9C9
457,orng-01,17,2025,22,2,555,0.36036036,developed,developed,"Developed, Low Intensity",#D89382
457,orng-01,17,2025,41,52,555,9.369369369,forest,deciduous forest,Deciduous Forest,#68AA63
457,orng-01,17,2025,43,1,555,0.18018018,forest,mixed forest,Mixed Forest,#B5C98E
457,orng-01,17,2025,81,387,555,69.72972973,planted,pasture,Pasture/Hay,#DBD83D
457,orng-01,17,2025,82,26,555,4.684684685,planted,cultivated crops,Cultivated Crops,#AA7028
458,orng-01,18,2025,11,1,560,0.178571429,water,water,Open Water,#476BA0
458,orng-01,18,2025,21,52,560,9.285714286,developed,developed,"Developed, Open Space",#DDC9C9
458,orng-01,18,2025,22,2,560,0.357142857,developed,developed,"Developed, Low Intensity",#D89382
458,orng-01,18,2025,41,407,560,72.67857143,forest,deciduous forest,Deciduous Forest,#68AA63
458,orng-01,18,2025,43,25,560,4.464285714,forest,mixed forest,Mixed Forest,#B5C98E
458,orng-01,18,2025,71,1,560,0.178571429,herbaceous,herbaceous,Grassland/Herbaceous,#E2E2C1
458,orng-01,18,2025,81,69,560,12.32142857,planted,pasture,Pasture/Hay,#DBD83D
458,orng-01,18,2025,90,3,560,0.535714286,wetlands,wetlands,Woody Wetlands,#BAD8EA
459,orng-01,19,2025,11,5,552,0.905797101,water,water,Open Water,#476BA0
459,orng-01,19,2025,21,87,552,15.76086957,developed,developed,"Developed, Open Space",#DDC9C9
459,orng-01,19,2025,22,2,552,0.362318841,developed,developed,"Developed, Low Intensity",#D89382
459,orng-01,19,2025,41,162,552,29.34782609,forest,deciduous forest,Deciduous Forest,#68AA63
459,orng-01,19,2025,42,53,552,9.601449275,forest,evergreen forest,Evergreen Forest,#1C6330
459,orng-01,19,2025,43,55,552,9.963768116,forest,mixed forest,Mixed Forest,#B5C98E
459,orng-01,19,2025,52,2,552,0.362318841,shrubland,shrubland,Scrub/Shrub,#CCBA7C
459,orng-01,19,2025,71,9,552,1.630434783,herbaceous,herbaceous,Grassland/Herbaceous,#E2E2C1
459,orng-01,19,2025,81,173,552,31.34057971,planted,pasture,Pasture/Hay,#DBD83D
459,orng-01,19,2025,90,4,552,0.724637681,wetlands,wetlands,Woody Wetlands,#BAD8EA
460,orng-01,20,2025,21,50,563,8.880994671,developed,developed,"Developed, Open Space",#DDC9C9
460,orng-01,20,2025,22,1,563,0.177619893,developed,developed,"Developed, Low Intensity",#D89382
460,orng-01,20,2025,41,188,563,33.39253996,forest,deciduous forest,Deciduous Forest,#68AA63
460,orng-01,20,2025,42,27,563,4.795737123,forest,evergreen forest,Evergreen Forest,#1C6330
460,orng-01,20,2025,43,43,563,7.637655417,forest,mixed forest,Mixed Forest,#B5C98E
460,orng-01,20,2025,81,254,563,45.11545293,planted,pasture,Pasture/Hay,#DBD83D
461,orng-02,1,2025,11,2,559,0.357781753,water,water,Open Water,#476BA0
461,orng-02,1,2025,21,64,559,11.4490161,developed,developed,"Developed, Open Space",#DDC9C9
461,orng-02,1,2025,22,7,559,1.252236136,developed,developed,"Developed, Low Intensity",#D89382
461,orng-02,1,2025,41,107,559,19.14132379,forest,deciduous forest,Deciduous Forest,#68AA63
461,orng-02,1,2025,42,77,559,13.7745975,forest,evergreen forest,Evergreen Forest,#1C6330
461,orng-02,1,2025,43,71,559,12.70125224,forest,mixed forest,Mixed Forest,#B5C98E
461,orng-02,1,2025,71,2,559,0.357781753,herbaceous,herbaceous,Grassland/Herbaceous,#E2E2C1
461,orng-02,1,2025,81,229,559,40.96601073,planted,pasture,Pasture/Hay,#DBD83D
462,orng-02,2,2025,11,2,555,0.36036036,water,water,Open Water,#476BA0
462,orng-02,2,2025,21,52,555,9.369369369,developed,developed,"Developed, Open Space",#DDC9C9
462,orng-02,2,2025,41,259,555,46.66666667,forest,deciduous forest,Deciduous Forest,#68AA63
462,orng-02,2,2025,42,1,555,0.18018018,forest,evergreen forest,Evergreen Forest,#1C6330
462,orng-02,2,2025,43,84,555,15.13513514,forest,mixed forest,Mixed Forest,#B5C98E
462,orng-02,2,2025,71,10,555,1.801801802,herbaceous,herbaceous,Grassland/Herbaceous,#E2E2C1
462,orng-02,2,2025,81,147,555,26.48648649,planted,pasture,Pasture/Hay,#DBD83D
463,orng-02,3,2025,21,74,554,13.35740072,developed,developed,"Developed, Open Space",#DDC9C9
463,orng-02,3,2025,22,6,554,1.083032491,developed,developed,"Developed, Low Intensity",#D89382
463,orng-02,3,2025,41,267,554,48.19494585,forest,deciduous forest,Deciduous Forest,#68AA63
463,orng-02,3,2025,42,3,554,0.541516245,forest,evergreen forest,Evergreen Forest,#1C6330
463,orng-02,3,2025,43,44,554,7.942238267,forest,mixed forest,Mixed Forest,#B5C98E
463,orng-02,3,2025,52,26,554,4.693140794,shrubland,shrubland,Scrub/Shrub,#CCBA7C
463,orng-02,3,2025,71,27,554,4.873646209,herbaceous,herbaceous,Grassland/Herbaceous,#E2E2C1
463,orng-02,3,2025,81,86,554,15.5234657,planted,pasture,Pasture/Hay,#DBD83D
463,orng-02,3,2025,90,21,554,3.790613718,wetlands,wetlands,Woody Wetlands,#BAD8EA
464,orng-02,4,2025,21,77,558,13.79928315,developed,developed,"Developed, Open Space",#DDC9C9
464,orng-02,4,2025,22,16,558,2.867383513,developed,developed,"Developed, Low Intensity",#D89382
464,orng-02,4,2025,23,14,558,2.508960573,developed,developed,"Developed, Medium Intensity",#ED0000
464,orng-02,4,2025,41,184,558,32.97491039,forest,deciduous forest,Deciduous Forest,#68AA63
464,orng-02,4,2025,42,15,558,2.688172043,forest,evergreen forest,Evergreen Forest,#1C6330
464,orng-02,4,2025,43,85,558,15.23297491,forest,mixed forest,Mixed Forest,#B5C98E
464,orng-02,4,2025,52,5,558,0.896057348,shrubland,shrubland,Scrub/Shrub,#CCBA7C
464,orng-02,4,2025,71,25,558,4.480286738,herbaceous,herbaceous,Grassland/Herbaceous,#E2E2C1
464,orng-02,4,2025,81,56,558,10.03584229,planted,pasture,Pasture/Hay,#DBD83D
464,orng-02,4,2025,82,81,558,14.51612903,planted,cultivated crops,Cultivated Crops,#AA7028
465,orng-02,5,2025,11,3,561,0.534759358,water,water,Open Water,#476BA0
465,orng-02,5,2025,21,73,561,13.01247772,developed,developed,"Developed, Open Space",#DDC9C9
465,orng-02,5,2025,22,13,561,2.317290553,developed,developed,"Developed, Low Intensity",#D89382
465,orng-02,5,2025,23,1,561,0.178253119,developed,developed,"Developed, Medium Intensity",#ED0000
465,orng-02,5,2025,41,222,561,39.57219251,forest,deciduous forest,Deciduous Forest,#68AA63
465,orng-02,5,2025,42,10,561,1.782531194,forest,evergreen forest,Evergreen Forest,#1C6330
465,orng-02,5,2025,43,111,561,19.78609626,forest,mixed forest,Mixed Forest,#B5C98E
465,orng-02,5,2025,71,1,561,0.178253119,herbaceous,herbaceous,Grassland/Herbaceous,#E2E2C1
465,orng-02,5,2025,81,45,561,8.021390374,planted,pasture,Pasture/Hay,#DBD83D
465,orng-02,5,2025,82,2,561,0.356506239,planted,cultivated crops,Cultivated Crops,#AA7028
465,orng-02,5,2025,90,80,561,14.26024955,wetlands,wetlands,Woody Wetlands,#BAD8EA
466,orng-02,6,2025,21,59,557,10.59245961,developed,developed,"Developed, Open Space",#DDC9C9
466,orng-02,6,2025,22,6,557,1.077199282,developed,developed,"Developed, Low Intensity",#D89382
466,orng-02,6,2025,41,188,557,33.75224417,forest,deciduous forest,Deciduous Forest,#68AA63
466,orng-02,6,2025,42,9,557,1.615798923,forest,evergreen forest,Evergreen Forest,#1C6330
466,orng-02,6,2025,43,77,557,13.82405745,forest,mixed forest,Mixed Forest,#B5C98E
466,orng-02,6,2025,52,1,557,0.179533214,shrubland,shrubland,Scrub/Shrub,#CCBA7C
466,orng-02,6,2025,81,195,557,35.00897666,planted,pasture,Pasture/Hay,#DBD83D
466,orng-02,6,2025,82,22,557,3.9497307,planted,cultivated crops,Cultivated Crops,#AA7028
467,orng-02,7,2025,11,2,557,0.359066427,water,water,Open Water,#476BA0
467,orng-02,7,2025,21,53,557,9.515260323,developed,developed,"Developed, Open Space",#DDC9C9
467,orng-02,7,2025,22,6,557,1.077199282,developed,developed,"Developed, Low Intensity",#D89382
467,orng-02,7,2025,41,246,557,44.16517056,forest,deciduous forest,Deciduous Forest,#68AA63
467,orng-02,7,2025,42,29,557,5.206463196,forest,evergreen forest,Evergreen Forest,#1C6330
467,orng-02,7,2025,43,97,557,17.41472172,forest,mixed forest,Mixed Forest,#B5C98E
467,orng-02,7,2025,52,7,557,1.256732496,shrubland,shrubland,Scrub/Shrub,#CCBA7C
467,orng-02,7,2025,71,1,557,0.179533214,herbaceous,herbaceous,Grassland/Herbaceous,#E2E2C1
467,orng-02,7,2025,81,116,557,20.82585278,planted,pasture,Pasture/Hay,#DBD83D
468,orng-02,8,2025,21,95,558,17.02508961,developed,developed,"Developed, Open Space",#DDC9C9
468,orng-02,8,2025,22,14,558,2.508960573,developed,developed,"Developed, Low Intensity",#D89382
468,orng-02,8,2025,23,3,558,0.537634409,developed,developed,"Developed, Medium Intensity",#ED0000
468,orng-02,8,2025,41,105,558,18.8172043,forest,deciduous forest,Deciduous Forest,#68AA63
468,orng-02,8,2025,42,12,558,2.150537634,forest,evergreen forest,Evergreen Forest,#1C6330
468,orng-02,8,2025,43,27,558,4.838709677,forest,mixed forest,Mixed Forest,#B5C98E
468,orng-02,8,2025,81,297,558,53.22580645,planted,pasture,Pasture/Hay,#DBD83D
468,orng-02,8,2025,90,5,558,0.896057348,wetlands,wetlands,Woody Wetlands,#BAD8EA
469,orng-02,9,2025,11,3,555,0.540540541,water,water,Open Water,#476BA0
469,orng-02,9,2025,21,36,555,6.486486486,developed,developed,"Developed, Open Space",#DDC9C9
469,orng-02,9,2025,22,31,555,5.585585586,developed,developed,"Developed, Low Intensity",#D89382
469,orng-02,9,2025,41,138,555,24.86486486,forest,deciduous forest,Deciduous Forest,#68AA63
469,orng-02,9,2025,42,6,555,1.081081081,forest,evergreen forest,Evergreen Forest,#1C6330
469,orng-02,9,2025,43,93,555,16.75675676,forest,mixed forest,Mixed Forest,#B5C98E
469,orng-02,9,2025,81,242,555,43.6036036,planted,pasture,Pasture/Hay,#DBD83D
469,orng-02,9,2025,90,6,555,1.081081081,wetlands,wetlands,Woody Wetlands,#BAD8EA
470,orng-02,10,2025,11,13,561,2.317290553,water,water,Open Water,#476BA0
470,orng-02,10,2025,21,31,561,5.525846702,developed,developed,"Developed, Open Space",#DDC9C9
470,orng-02,10,2025,22,20,561,3.565062389,developed,developed,"Developed, Low Intensity",#D89382
470,orng-02,10,2025,23,1,561,0.178253119,developed,developed,"Developed, Medium Intensity",#ED0000
470,orng-02,10,2025,41,44,561,7.843137255,forest,deciduous forest,Deciduous Forest,#68AA63
470,orng-02,10,2025,42,9,561,1.604278075,forest,evergreen forest,Evergreen Forest,#1C6330
470,orng-02,10,2025,43,10,561,1.782531194,forest,mixed forest,Mixed Forest,#B5C98E
470,orng-02,10,2025,71,1,561,0.178253119,herbaceous,herbaceous,Grassland/Herbaceous,#E2E2C1
470,orng-02,10,2025,81,408,561,72.72727273,planted,pasture,Pasture/Hay,#DBD83D
470,orng-02,10,2025,82,24,561,4.278074866,planted,cultivated crops,Cultivated Crops,#AA7028
471,orng-02,11,2025,21,49,561,8.734402852,developed,developed,"Developed, Open Space",#DDC9C9
471,orng-02,11,2025,22,44,561,7.843137255,developed,developed,"Developed, Low Intensity",#D89382
471,orng-02,11,2025,23,1,561,0.178253119,developed,developed,"Developed, Medium Intensity",#ED0000
471,orng-02,11,2025,41,133,561,23.70766488,forest,deciduous forest,Deciduous Forest,#68AA63
471,orng-02,11,2025,42,3,561,0.534759358,forest,evergreen forest,Evergreen Forest,#1C6330
471,orng-02,11,2025,43,70,561,12.47771836,forest,mixed forest,Mixed Forest,#B5C98E
471,orng-02,11,2025,81,261,561,46.52406417,planted,pasture,Pasture/Hay,#DBD83D
472,orng-02,12,2025,11,2,561,0.356506239,water,water,Open Water,#476BA0
472,orng-02,12,2025,21,42,561,7.486631016,developed,developed,"Developed, Open Space",#DDC9C9
472,orng-02,12,2025,22,13,561,2.317290553,developed,developed,"Developed, Low Intensity",#D89382
472,orng-02,12,2025,41,242,561,43.1372549,forest,deciduous forest,Deciduous Forest,#68AA63
472,orng-02,12,2025,42,27,561,4.812834225,forest,evergreen forest,Evergreen Forest,#1C6330
472,orng-02,12,2025,43,96,561,17.11229947,forest,mixed forest,Mixed Forest,#B5C98E
472,orng-02,12,2025,81,99,561,17.64705882,planted,pasture,Pasture/Hay,#DBD83D
472,orng-02,12,2025,82,2,561,0.356506239,planted,cultivated crops,Cultivated Crops,#AA7028
472,orng-02,12,2025,90,38,561,6.773618538,wetlands,wetlands,Woody Wetlands,#BAD8EA
473,orng-02,13,2025,11,3,558,0.537634409,water,water,Open Water,#476BA0
473,orng-02,13,2025,21,43,558,7.70609319,developed,developed,"Developed, Open Space",#DDC9C9
473,orng-02,13,2025,22,25,558,4.480286738,developed,developed,"Developed, Low Intensity",#D89382
473,orng-02,13,2025,41,137,558,24.55197133,forest,deciduous forest,Deciduous Forest,#68AA63
473,orng-02,13,2025,42,12,558,2.150537634,forest,evergreen forest,Evergreen Forest,#1C6330
473,orng-02,13,2025,43,10,558,1.792114695,forest,mixed forest,Mixed Forest,#B5C98E
473,orng-02,13,2025,52,21,558,3.76344086,shrubland,shrubland,Scrub/Shrub,#CCBA7C
473,orng-02,13,2025,71,4,558,0.716845878,herbaceous,herbaceous,Grassland/Herbaceous,#E2E2C1
473,orng-02,13,2025,81,303,558,54.30107527,planted,pasture,Pasture/Hay,#DBD83D
474,orng-02,14,2025,21,68,555,12.25225225,developed,developed,"Developed, Open Space",#DDC9C9
474,orng-02,14,2025,22,48,555,8.648648649,developed,developed,"Developed, Low Intensity",#D89382
474,orng-02,14,2025,41,121,555,21.8018018,forest,deciduous forest,Deciduous Forest,#68AA63
474,orng-02,14,2025,42,2,555,0.36036036,forest,evergreen forest,Evergreen Forest,#1C6330
474,orng-02,14,2025,43,55,555,9.90990991,forest,mixed forest,Mixed Forest,#B5C98E
474,orng-02,14,2025,81,258,555,46.48648649,planted,pasture,Pasture/Hay,#DBD83D
474,orng-02,14,2025,82,3,555,0.540540541,planted,cultivated crops,Cultivated Crops,#AA7028
475,orng-02,15,2025,21,40,563,7.104795737,developed,developed,"Developed, Open Space",#DDC9C9
475,orng-02,15,2025,22,14,563,2.486678508,developed,developed,"Developed, Low Intensity",#D89382
475,orng-02,15,2025,41,304,563,53.9964476,forest,deciduous forest,Deciduous Forest,#68AA63
475,orng-02,15,2025,42,1,563,0.177619893,forest,evergreen forest,Evergreen Forest,#1C6330
475,orng-02,15,2025,43,43,563,7.637655417,forest,mixed forest,Mixed Forest,#B5C98E
475,orng-02,15,2025,81,158,563,28.06394316,planted,pasture,Pasture/Hay,#DBD83D
475,orng-02,15,2025,82,3,563,0.53285968,planted,cultivated crops,Cultivated Crops,#AA7028
476,orng-02,16,2025,21,50,559,8.944543828,developed,developed,"Developed, Open Space",#DDC9C9
476,orng-02,16,2025,22,9,559,1.610017889,developed,developed,"Developed, Low Intensity",#D89382
476,orng-02,16,2025,41,183,559,32.73703041,forest,deciduous forest,Deciduous Forest,#68AA63
476,orng-02,16,2025,42,97,559,17.35241503,forest,evergreen forest,Evergreen Forest,#1C6330
476,orng-02,16,2025,43,51,559,9.123434705,forest,mixed forest,Mixed Forest,#B5C98E
476,orng-02,16,2025,52,2,559,0.357781753,shrubland,shrubland,Scrub/Shrub,#CCBA7C
476,orng-02,16,2025,71,3,559,0.53667263,herbaceous,herbaceous,Grassland/Herbaceous,#E2E2C1
476,orng-02,16,2025,81,164,559,29.33810376,planted,pasture,Pasture/Hay,#DBD83D
477,orng-02,17,2025,21,78,562,13.87900356,developed,developed,"Developed, Open Space",#DDC9C9
477,orng-02,17,2025,22,4,562,0.711743772,developed,developed,"Developed, Low Intensity",#D89382
477,orng-02,17,2025,41,179,562,31.85053381,forest,deciduous forest,Deciduous Forest,#68AA63
477,orng-02,17,2025,42,18,562,3.202846975,forest,evergreen forest,Evergreen Forest,#1C6330
477,orng-02,17,2025,43,29,562,5.160142349,forest,mixed forest,Mixed Forest,#B5C98E
477,orng-02,17,2025,52,12,562,2.135231317,shrubland,shrubland,Scrub/Shrub,#CCBA7C
477,orng-02,17,2025,71,11,562,1.957295374,herbaceous,herbaceous,Grassland/Herbaceous,#E2E2C1
477,orng-02,17,2025,81,171,562,30.42704626,planted,pasture,Pasture/Hay,#DBD83D
477,orng-02,17,2025,82,60,562,10.67615658,planted,cultivated crops,Cultivated Crops,#AA7028
478,orng-02,18,2025,21,112,558,20.07168459,developed,developed,"Developed, Open Space",#DDC9C9
478,orng-02,18,2025,22,8,558,1.433691756,developed,developed,"Developed, Low Intensity",#D89382
478,orng-02,18,2025,23,2,558,0.358422939,developed,developed,"Developed, Medium Intensity",#ED0000
478,orng-02,18,2025,41,187,558,33.5125448,forest,deciduous forest,Deciduous Forest,#68AA63
478,orng-02,18,2025,43,7,558,1.254480287,forest,mixed forest,Mixed Forest,#B5C98E
478,orng-02,18,2025,52,11,558,1.971326165,shrubland,shrubland,Scrub/Shrub,#CCBA7C
478,orng-02,18,2025,71,2,558,0.358422939,herbaceous,herbaceous,Grassland/Herbaceous,#E2E2C1
478,orng-02,18,2025,81,229,558,41.03942652,planted,pasture,Pasture/Hay,#DBD83D
479,orng-02,19,2025,21,67,558,12.00716846,developed,developed,"Developed, Open Space",#DDC9C9
479,orng-02,19,2025,22,10,558,1.792114695,developed,developed,"Developed, Low Intensity",#D89382
479,orng-02,19,2025,41,243,558,43.5483871,forest,deciduous forest,Deciduous Forest,#68AA63
479,orng-02,19,2025,42,14,558,2.508960573,forest,evergreen forest,Evergreen Forest,#1C6330
479,orng-02,19,2025,43,59,558,10.5734767,forest,mixed forest,Mixed Forest,#B5C98E
479,orng-02,19,2025,52,5,558,0.896057348,shrubland,shrubland,Scrub/Shrub,#CCBA7C
479,orng-02,19,2025,71,61,558,10.93189964,herbaceous,herbaceous,Grassland/Herbaceous,#E2E2C1
479,orng-02,19,2025,81,99,558,17.74193548,planted,pasture,Pasture/Hay,#DBD83D
480,orng-02,20,2025,21,58,558,10.39426523,developed,developed,"Developed, Open Space",#DDC9C9
480,orng-02,20,2025,41,388,558,69.53405018,forest,deciduous forest,Deciduous Forest,#68AA63
480,orng-02,20,2025,43,7,558,1.254480287,forest,mixed forest,Mixed Forest,#B5C98E
480,orng-02,20,2025,71,1,558,0.17921147,herbaceous,herbaceous,Grassland/Herbaceous,#E2E2C1
480,orng-02,20,2025,81,47,558,8.422939068,planted,pasture,Pasture/Hay,#DBD83D
480,orng-02,20,2025,82,57,558,10.21505376,planted,cultivated crops,Cultivated Crops,#AA7028
481,orng-03,1,2025,11,6,561,1.069518717,water,water,Open Water,#476BA0
481,orng-03,1,2025,21,86,561,15.32976827,developed,developed,"Developed, Open Space",#DDC9C9
481,orng-03,1,2025,22,7,561,1.247771836,developed,developed,"Developed, Low Intensity",#D89382
481,orng-03,1,2025,23,4,561,0.713012478,developed,developed,"Developed, Medium Intensity",#ED0000
481,orng-03,1,2025,41,120,561,21.39037433,forest,deciduous forest,Deciduous Forest,#68AA63
481,orng-03,1,2025,43,6,561,1.069518717,forest,mixed forest,Mixed Forest,#B5C98E
481,orng-03,1,2025,81,332,561,59.18003565,planted,pasture,Pasture/Hay,#DBD83D
482,orng-03,2,2025,21,104,561,18.53832442,developed,developed,"Developed, Open Space",#DDC9C9
482,orng-03,2,2025,22,11,561,1.960784314,developed,developed,"Developed, Low Intensity",#D89382
482,orng-03,2,2025,41,146,561,26.02495544,forest,deciduous forest,Deciduous Forest,#68AA63
482,orng-03,2,2025,42,15,561,2.673796791,forest,evergreen forest,Evergreen Forest,#1C6330
482,orng-03,2,2025,43,91,561,16.22103387,forest,mixed forest,Mixed Forest,#B5C98E
482,orng-03,2,2025,71,1,561,0.178253119,herbaceous,herbaceous,Grassland/Herbaceous,#E2E2C1
482,orng-03,2,2025,81,191,561,34.04634581,planted,pasture,Pasture/Hay,#DBD83D
482,orng-03,2,2025,90,2,561,0.356506239,wetlands,wetlands,Woody Wetlands,#BAD8EA
483,orng-03,3,2025,11,6,563,1.065719361,water,water,Open Water,#476BA0
483,orng-03,3,2025,21,112,563,19.89342806,developed,developed,"Developed, Open Space",#DDC9C9
483,orng-03,3,2025,22,18,563,3.197158082,developed,developed,"Developed, Low Intensity",#D89382
483,orng-03,3,2025,41,221,563,39.25399645,forest,deciduous forest,Deciduous Forest,#68AA63
483,orng-03,3,2025,42,9,563,1.598579041,forest,evergreen forest,Evergreen Forest,#1C6330
483,orng-03,3,2025,43,71,563,12.61101243,forest,mixed forest,Mixed Forest,#B5C98E
483,orng-03,3,2025,71,1,563,0.177619893,herbaceous,herbaceous,Grassland/Herbaceous,#E2E2C1
483,orng-03,3,2025,81,123,563,21.84724689,planted,pasture,Pasture/Hay,#DBD83D
483,orng-03,3,2025,90,2,563,0.355239787,wetlands,wetlands,Woody Wetlands,#BAD8EA
484,orng-03,4,2025,21,95,560,16.96428571,developed,developed,"Developed, Open Space",#DDC9C9
484,orng-03,4,2025,22,21,560,3.75,developed,developed,"Developed, Low Intensity",#D89382
484,orng-03,4,2025,41,176,560,31.42857143,forest,deciduous forest,Deciduous Forest,#68AA63
484,orng-03,4,2025,42,43,560,7.678571429,forest,evergreen forest,Evergreen Forest,#1C6330
484,orng-03,4,2025,43,114,560,20.35714286,forest,mixed forest,Mixed Forest,#B5C98E
484,orng-03,4,2025,81,111,560,19.82142857,planted,pasture,Pasture/Hay,#DBD83D
485,orng-03,5,2025,21,49,561,8.734402852,developed,developed,"Developed, Open Space",#DDC9C9
485,orng-03,5,2025,22,7,561,1.247771836,developed,developed,"Developed, Low Intensity",#D89382
485,orng-03,5,2025,41,122,561,21.74688057,forest,deciduous forest,Deciduous Forest,#68AA63
485,orng-03,5,2025,42,53,561,9.44741533,forest,evergreen forest,Evergreen Forest,#1C6330
485,orng-03,5,2025,43,26,561,4.634581105,forest,mixed forest,Mixed Forest,#B5C98E
485,orng-03,5,2025,81,304,561,54.18894831,planted,pasture,Pasture/Hay,#DBD83D
486,orng-03,6,2025,11,8,554,1.444043321,water,water,Open Water,#476BA0
486,orng-03,6,2025,21,72,554,12.99638989,developed,developed,"Developed, Open Space",#DDC9C9
486,orng-03,6,2025,22,2,554,0.36101083,developed,developed,"Developed, Low Intensity",#D89382
486,orng-03,6,2025,41,212,554,38.26714801,forest,deciduous forest,Deciduous Forest,#68AA63
486,orng-03,6,2025,43,35,554,6.317689531,forest,mixed forest,Mixed Forest,#B5C98E
486,orng-03,6,2025,71,1,554,0.180505415,herbaceous,herbaceous,Grassland/Herbaceous,#E2E2C1
486,orng-03,6,2025,81,224,554,40.433213,planted,pasture,Pasture/Hay,#DBD83D
487,orng-03,7,2025,11,3,558,0.537634409,water,water,Open Water,#476BA0
487,orng-03,7,2025,21,242,558,43.36917563,developed,developed,"Developed, Open Space",#DDC9C9
487,orng-03,7,2025,22,31,558,5.555555556,developed,developed,"Developed, Low Intensity",#D89382
487,orng-03,7,2025,41,95,558,17.02508961,forest,deciduous forest,Deciduous Forest,#68AA63
487,orng-03,7,2025,42,12,558,2.150537634,forest,evergreen forest,Evergreen Forest,#1C6330
487,orng-03,7,2025,43,83,558,14.87455197,forest,mixed forest,Mixed Forest,#B5C98E
487,orng-03,7,2025,52,2,558,0.358422939,shrubland,shrubland,Scrub/Shrub,#CCBA7C
487,orng-03,7,2025,81,89,558,15.94982079,planted,pasture,Pasture/Hay,#DBD83D
487,orng-03,7,2025,95,1,558,0.17921147,wetlands,wetlands,Emergent Herbaceous Wetlands,#70A3BA
488,orng-03,8,2025,11,5,554,0.902527076,water,water,Open Water,#476BA0
488,orng-03,8,2025,21,124,554,22.38267148,developed,developed,"Developed, Open Space",#DDC9C9
488,orng-03,8,2025,22,13,554,2.346570397,developed,developed,"Developed, Low Intensity",#D89382
488,orng-03,8,2025,41,190,554,34.29602888,forest,deciduous forest,Deciduous Forest,#68AA63
488,orng-03,8,2025,42,12,554,2.166064982,forest,evergreen forest,Evergreen Forest,#1C6330
488,orng-03,8,2025,43,115,554,20.75812274,forest,mixed forest,Mixed Forest,#B5C98E
488,orng-03,8,2025,71,2,554,0.36101083,herbaceous,herbaceous,Grassland/Herbaceous,#E2E2C1
488,orng-03,8,2025,81,93,554,16.78700361,planted,pasture,Pasture/Hay,#DBD83D
489,orng-03,9,2025,21,99,561,17.64705882,developed,developed,"Developed, Open Space",#DDC9C9
489,orng-03,9,2025,22,23,561,4.099821747,developed,developed,"Developed, Low Intensity",#D89382
489,orng-03,9,2025,41,219,561,39.03743316,forest,deciduous forest,Deciduous Forest,#68AA63
489,orng-03,9,2025,42,52,561,9.26916221,forest,evergreen forest,Evergreen Forest,#1C6330
489,orng-03,9,2025,43,109,561,19.42959002,forest,mixed forest,Mixed Forest,#B5C98E
489,orng-03,9,2025,71,14,561,2.495543672,herbaceous,herbaceous,Grassland/Herbaceous,#E2E2C1
489,orng-03,9,2025,81,45,561,8.021390374,planted,pasture,Pasture/Hay,#DBD83D
490,orng-03,10,2025,21,107,556,19.24460432,developed,developed,"Developed, Open Space",#DDC9C9
490,orng-03,10,2025,22,95,556,17.08633094,developed,developed,"Developed, Low Intensity",#D89382
490,orng-03,10,2025,23,28,556,5.035971223,developed,developed,"Developed, Medium Intensity",#ED0000
490,orng-03,10,2025,24,10,556,1.798561151,developed,developed,"Developed, High Intensity",#AA0000
490,orng-03,10,2025,41,228,556,41.00719424,forest,deciduous forest,Deciduous Forest,#68AA63
490,orng-03,10,2025,42,15,556,2.697841727,forest,evergreen forest,Evergreen Forest,#1C6330
490,orng-03,10,2025,43,68,556,12.23021583,forest,mixed forest,Mixed Forest,#B5C98E
490,orng-03,10,2025,81,5,556,0.899280576,planted,pasture,Pasture/Hay,#DBD83D
491,orng-03,11,2025,21,196,559,35.06261181,developed,developed,"Developed, Open Space",#DDC9C9
491,orng-03,11,2025,22,191,559,34.16815742,developed,developed,"Developed, Low Intensity",#D89382
491,orng-03,11,2025,23,27,559,4.830053667,developed,developed,"Developed, Medium Intensity",#ED0000
491,orng-03,11,2025,41,106,559,18.96243292,forest,deciduous forest,Deciduous Forest,#68AA63
491,orng-03,11,2025,43,35,559,6.26118068,forest,mixed forest,Mixed Forest,#B5C98E
491,orng-03,11,2025,81,4,559,0.715563506,planted,pasture,Pasture/Hay,#DBD83D
492,orng-03,12,2025,21,90,560,16.07142857,developed,developed,"Developed, Open Space",#DDC9C9
492,orng-03,12,2025,22,134,560,23.92857143,developed,developed,"Developed, Low Intensity",#D89382
492,orng-03,12,2025,23,100,560,17.85714286,developed,developed,"Developed, Medium Intensity",#ED0000
492,orng-03,12,2025,24,122,560,21.78571429,developed,developed,"Developed, High Intensity",#AA0000
492,orng-03,12,2025,41,27,560,4.821428571,forest,deciduous forest,Deciduous Forest,#68AA63
492,orng-03,12,2025,42,56,560,10,forest,evergreen forest,Evergreen Forest,#1C6330
492,orng-03,12,2025,43,24,560,4.285714286,forest,mixed forest,Mixed Forest,#B5C98E
492,orng-03,12,2025,71,2,560,0.357142857,herbaceous,herbaceous,Grassland/Herbaceous,#E2E2C1
492,orng-03,12,2025,81,5,560,0.892857143,planted,pasture,Pasture/Hay,#DBD83D
493,orng-03,13,2025,11,2,559,0.357781753,water,water,Open Water,#476BA0
493,orng-03,13,2025,21,119,559,21.28801431,developed,developed,"Developed, Open Space",#DDC9C9
493,orng-03,13,2025,22,47,559,8.407871199,developed,developed,"Developed, Low Intensity",#D89382
493,orng-03,13,2025,23,19,559,3.398926655,developed,developed,"Developed, Medium Intensity",#ED0000
493,orng-03,13,2025,24,38,559,6.797853309,developed,developed,"Developed, High Intensity",#AA0000
493,orng-03,13,2025,41,139,559,24.86583184,forest,deciduous forest,Deciduous Forest,#68AA63
493,orng-03,13,2025,42,15,559,2.683363148,forest,evergreen forest,Evergreen Forest,#1C6330
493,orng-03,13,2025,43,41,559,7.334525939,forest,mixed forest,Mixed Forest,#B5C98E
493,orng-03,13,2025,81,139,559,24.86583184,planted,pasture,Pasture/Hay,#DBD83D
494,orng-03,14,2025,21,95,562,16.90391459,developed,developed,"Developed, Open Space",#DDC9C9
494,orng-03,14,2025,22,4,562,0.711743772,developed,developed,"Developed, Low Intensity",#D89382
494,orng-03,14,2025,41,194,562,34.51957295,forest,deciduous forest,Deciduous Forest,#68AA63
494,orng-03,14,2025,43,26,562,4.62633452,forest,mixed forest,Mixed Forest,#B5C98E
494,orng-03,14,2025,81,243,562,43.23843416,planted,pasture,Pasture/Hay,#DBD83D
495,orng-03,15,2025,11,6,560,1.071428571,water,water,Open Water,#476BA0
495,orng-03,15,2025,21,76,560,13.57142857,developed,developed,"Developed, Open Space",#DDC9C9
495,orng-03,15,2025,22,4,560,0.714285714,developed,developed,"Developed, Low Intensity",#D89382
495,orng-03,15,2025,41,267,560,47.67857143,forest,deciduous forest,Deciduous Forest,#68AA63
495,orng-03,15,2025,42,4,560,0.714285714,forest,evergreen forest,Evergreen Forest,#1C6330
495,orng-03,15,2025,43,43,560,7.678571429,forest,mixed forest,Mixed Forest,#B5C98E
495,orng-03,15,2025,71,2,560,0.357142857,herbaceous,herbaceous,Grassland/Herbaceous,#E2E2C1
495,orng-03,15,2025,81,158,560,28.21428571,planted,pasture,Pasture/Hay,#DBD83D
496,orng-03,16,2025,21,45,561,8.021390374,developed,developed,"Developed, Open Space",#DDC9C9
496,orng-03,16,2025,22,4,561,0.713012478,developed,developed,"Developed, Low Intensity",#D89382
496,orng-03,16,2025,41,251,561,44.74153298,forest,deciduous forest,Deciduous Forest,#68AA63
496,orng-03,16,2025,43,6,561,1.069518717,forest,mixed forest,Mixed Forest,#B5C98E
496,orng-03,16,2025,81,185,561,32.97682709,planted,pasture,Pasture/Hay,#DBD83D
496,orng-03,16,2025,82,70,561,12.47771836,planted,cultivated crops,Cultivated Crops,#AA7028
497,orng-03,17,2025,21,79,556,14.20863309,developed,developed,"Developed, Open Space",#DDC9C9
497,orng-03,17,2025,22,1,556,0.179856115,developed,developed,"Developed, Low Intensity",#D89382
497,orng-03,17,2025,41,106,556,19.0647482,forest,deciduous forest,Deciduous Forest,#68AA63
497,orng-03,17,2025,43,3,556,0.539568345,forest,mixed forest,Mixed Forest,#B5C98E
497,orng-03,17,2025,81,89,556,16.00719424,planted,pasture,Pasture/Hay,#DBD83D
497,orng-03,17,2025,82,278,556,50,planted,cultivated crops,Cultivated Crops,#AA7028
498,orng-03,18,2025,21,87,554,15.70397112,developed,developed,"Developed, Open Space",#DDC9C9
498,orng-03,18,2025,22,1,554,0.180505415,developed,developed,"Developed, Low Intensity",#D89382
498,orng-03,18,2025,23,4,554,0.722021661,developed,developed,"Developed, Medium Intensity",#ED0000
498,orng-03,18,2025,41,119,554,21.4801444,forest,deciduous forest,Deciduous Forest,#68AA63
498,orng-03,18,2025,42,15,554,2.707581227,forest,evergreen forest,Evergreen Forest,#1C6330
498,orng-03,18,2025,43,41,554,7.400722022,forest,mixed forest,Mixed Forest,#B5C98E
498,orng-03,18,2025,52,3,554,0.541516245,shrubland,shrubland,Scrub/Shrub,#CCBA7C
498,orng-03,18,2025,81,153,554,27.61732852,planted,pasture,Pasture/Hay,#DBD83D
498,orng-03,18,2025,82,131,554,23.64620939,planted,cultivated crops,Cultivated Crops,#AA7028
499,orng-03,19,2025,11,10,552,1.811594203,water,water,Open Water,#476BA0
499,orng-03,19,2025,21,58,552,10.50724638,developed,developed,"Developed, Open Space",#DDC9C9
499,orng-03,19,2025,22,4,552,0.724637681,developed,developed,"Developed, Low Intensity",#D89382
499,orng-03,19,2025,41,261,552,47.2826087,forest,deciduous forest,Deciduous Forest,#68AA63
499,orng-03,19,2025,42,73,552,13.22463768,forest,evergreen forest,Evergreen Forest,#1C6330
499,orng-03,19,2025,43,80,552,14.49275362,forest,mixed forest,Mixed Forest,#B5C98E
499,orng-03,19,2025,71,29,552,5.253623188,herbaceous,herbaceous,Grassland/Herbaceous,#E2E2C1
499,orng-03,19,2025,81,37,552,6.702898551,planted,pasture,Pasture/Hay,#DBD83D
500,orng-03,20,2025,21,74,561,13.19073084,developed,developed,"Developed, Open Space",#DDC9C9
500,orng-03,20,2025,22,3,561,0.534759358,developed,developed,"Developed, Low Intensity",#D89382
500,orng-03,20,2025,41,198,561,35.29411765,forest,deciduous forest,Deciduous Forest,#68AA63
500,orng-03,20,2025,42,27,561,4.812834225,forest,evergreen forest,Evergreen Forest,#1C6330
500,orng-03,20,2025,43,10,561,1.782531194,forest,mixed forest,Mixed Forest,#B5C98E
500,orng-03,20,2025,81,249,561,44.38502674,planted,pasture,Pasture/Hay,#DBD83D
501,orng-04,1,2025,21,278,559,49.73166369,developed,developed,"Developed, Open Space",#DDC9C9
501,orng-04,1,2025,22,189,559,33.81037567,developed,developed,"Developed, Low Intensity",#D89382
501,orng-04,1,2025,23,61,559,10.91234347,developed,developed,"Developed, Medium Intensity",#ED0000
501,orng-04,1,2025,24,21,559,3.756708408,developed,developed,"Developed, High Intensity",#AA0000
501,orng-04,1,2025,41,4,559,0.715563506,forest,deciduous forest,Deciduous Forest,#68AA63
501,orng-04,1,2025,43,6,559,1.073345259,forest,mixed forest,Mixed Forest,#B5C98E
502,orng-04,2,2025,21,308,560,55,developed,developed,"Developed, Open Space",#DDC9C9
502,orng-04,2,2025,22,139,560,24.82142857,developed,developed,"Developed, Low Intensity",#D89382
502,orng-04,2,2025,23,74,560,13.21428571,developed,developed,"Developed, Medium Intensity",#ED0000
502,orng-04,2,2025,24,15,560,2.678571429,developed,developed,"Developed, High Intensity",#AA0000
502,orng-04,2,2025,41,20,560,3.571428571,forest,deciduous forest,Deciduous Forest,#68AA63
502,orng-04,2,2025,43,1,560,0.178571429,forest,mixed forest,Mixed Forest,#B5C98E
502,orng-04,2,2025,81,3,560,0.535714286,planted,pasture,Pasture/Hay,#DBD83D
503,orng-04,3,2025,21,163,561,29.05525847,developed,developed,"Developed, Open Space",#DDC9C9
503,orng-04,3,2025,22,125,561,22.28163993,developed,developed,"Developed, Low Intensity",#D89382
503,orng-04,3,2025,23,81,561,14.43850267,developed,developed,"Developed, Medium Intensity",#ED0000
503,orng-04,3,2025,24,19,561,3.386809269,developed,developed,"Developed, High Intensity",#AA0000
503,orng-04,3,2025,41,141,561,25.13368984,forest,deciduous forest,Deciduous Forest,#68AA63
503,orng-04,3,2025,42,6,561,1.069518717,forest,evergreen forest,Evergreen Forest,#1C6330
503,orng-04,3,2025,43,20,561,3.565062389,forest,mixed forest,Mixed Forest,#B5C98E
503,orng-04,3,2025,81,6,561,1.069518717,planted,pasture,Pasture/Hay,#DBD83D
504,orng-04,4,2025,11,1,557,0.179533214,water,water,Open Water,#476BA0
504,orng-04,4,2025,21,224,557,40.21543986,developed,developed,"Developed, Open Space",#DDC9C9
504,orng-04,4,2025,22,125,557,22.44165171,developed,developed,"Developed, Low Intensity",#D89382
504,orng-04,4,2025,23,46,557,8.258527828,developed,developed,"Developed, Medium Intensity",#ED0000
504,orng-04,4,2025,24,12,557,2.154398564,developed,developed,"Developed, High Intensity",#AA0000
504,orng-04,4,2025,41,73,557,13.1059246,forest,deciduous forest,Deciduous Forest,#68AA63
504,orng-04,4,2025,42,27,557,4.847396768,forest,evergreen forest,Evergreen Forest,#1C6330
504,orng-04,4,2025,43,30,557,5.385996409,forest,mixed forest,Mixed Forest,#B5C98E
504,orng-04,4,2025,71,4,557,0.718132855,herbaceous,herbaceous,Grassland/Herbaceous,#E2E2C1
504,orng-04,4,2025,81,15,557,2.692998205,planted,pasture,Pasture/Hay,#DBD83D
505,orng-04,5,2025,21,116,564,20.56737589,developed,developed,"Developed, Open Space",#DDC9C9
505,orng-04,5,2025,22,150,564,26.59574468,developed,developed,"Developed, Low Intensity",#D89382
505,orng-04,5,2025,23,90,564,15.95744681,developed,developed,"Developed, Medium Intensity",#ED0000
505,orng-04,5,2025,24,27,564,4.787234043,developed,developed,"Developed, High Intensity",#AA0000
505,orng-04,5,2025,41,125,564,22.16312057,forest,deciduous forest,Deciduous Forest,#68AA63
505,orng-04,5,2025,42,7,564,1.241134752,forest,evergreen forest,Evergreen Forest,#1C6330
505,orng-04,5,2025,43,29,564,5.141843972,forest,mixed forest,Mixed Forest,#B5C98E
505,orng-04,5,2025,81,20,564,3.546099291,planted,pasture,Pasture/Hay,#DBD83D
506,orng-04,6,2025,21,95,559,16.99463327,developed,developed,"Developed, Open Space",#DDC9C9
506,orng-04,6,2025,22,148,559,26.47584973,developed,developed,"Developed, Low Intensity",#D89382
506,orng-04,6,2025,23,204,559,36.49373882,developed,developed,"Developed, Medium Intensity",#ED0000
506,orng-04,6,2025,24,101,559,18.06797853,developed,developed,"Developed, High Intensity",#AA0000
506,orng-04,6,2025,41,11,559,1.967799642,forest,deciduous forest,Deciduous Forest,#68AA63
507,orng-04,7,2025,11,10,554,1.805054152,water,water,Open Water,#476BA0
507,orng-04,7,2025,21,236,554,42.59927798,developed,developed,"Developed, Open Space",#DDC9C9
507,orng-04,7,2025,22,124,554,22.38267148,developed,developed,"Developed, Low Intensity",#D89382
507,orng-04,7,2025,23,43,554,7.761732852,developed,developed,"Developed, Medium Intensity",#ED0000
507,orng-04,7,2025,24,6,554,1.083032491,developed,developed,"Developed, High Intensity",#AA0000
507,orng-04,7,2025,41,65,554,11.73285199,forest,deciduous forest,Deciduous Forest,#68AA63
507,orng-04,7,2025,42,19,554,3.429602888,forest,evergreen forest,Evergreen Forest,#1C6330
507,orng-04,7,2025,43,46,554,8.303249097,forest,mixed forest,Mixed Forest,#B5C98E
507,orng-04,7,2025,90,5,554,0.902527076,wetlands,wetlands,Woody Wetlands,#BAD8EA
508,orng-04,8,2025,11,3,552,0.543478261,water,water,Open Water,#476BA0
508,orng-04,8,2025,21,275,552,49.81884058,developed,developed,"Developed, Open Space",#DDC9C9
508,orng-04,8,2025,22,46,552,8.333333333,developed,developed,"Developed, Low Intensity",#D89382
508,orng-04,8,2025,41,148,552,26.8115942,forest,deciduous forest,Deciduous Forest,#68AA63
508,orng-04,8,2025,42,24,552,4.347826087,forest,evergreen forest,Evergreen Forest,#1C6330
508,orng-04,8,2025,43,56,552,10.14492754,forest,mixed forest,Mixed Forest,#B5C98E
509,orng-04,9,2025,21,202,561,36.00713012,developed,developed,"Developed, Open Space",#DDC9C9
509,orng-04,9,2025,22,41,561,7.308377897,developed,developed,"Developed, Low Intensity",#D89382
509,orng-04,9,2025,41,210,561,37.43315508,forest,deciduous forest,Deciduous Forest,#68AA63
509,orng-04,9,2025,42,17,561,3.03030303,forest,evergreen forest,Evergreen Forest,#1C6330
509,orng-04,9,2025,43,91,561,16.22103387,forest,mixed forest,Mixed Forest,#B5C98E
510,orng-04,10,2025,11,16,561,2.852049911,water,water,Open Water,#476BA0
510,orng-04,10,2025,21,157,561,27.98573975,developed,developed,"Developed, Open Space",#DDC9C9
510,orng-04,10,2025,22,18,561,3.20855615,developed,developed,"Developed, Low Intensity",#D89382
510,orng-04,10,2025,23,1,561,0.178253119,developed,developed,"Developed, Medium Intensity",#ED0000
510,orng-04,10,2025,41,164,561,29.23351159,forest,deciduous forest,Deciduous Forest,#68AA63
510,orng-04,10,2025,42,37,561,6.595365419,forest,evergreen forest,Evergreen Forest,#1C6330
510,orng-04,10,2025,43,82,561,14.61675579,forest,mixed forest,Mixed Forest,#B5C98E
510,orng-04,10,2025,71,9,561,1.604278075,herbaceous,herbaceous,Grassland/Herbaceous,#E2E2C1
510,orng-04,10,2025,81,77,561,13.7254902,planted,pasture,Pasture/Hay,#DBD83D
511,orng-04,11,2025,11,3,561,0.534759358,water,water,Open Water,#476BA0
511,orng-04,11,2025,21,97,561,17.29055258,developed,developed,"Developed, Open Space",#DDC9C9
511,orng-04,11,2025,22,1,561,0.178253119,developed,developed,"Developed, Low Intensity",#D89382
511,orng-04,11,2025,41,252,561,44.9197861,forest,deciduous forest,Deciduous Forest,#68AA63
511,orng-04,11,2025,42,12,561,2.139037433,forest,evergreen forest,Evergreen Forest,#1C6330
511,orng-04,11,2025,43,133,561,23.70766488,forest,mixed forest,Mixed Forest,#B5C98E
511,orng-04,11,2025,71,1,561,0.178253119,herbaceous,herbaceous,Grassland/Herbaceous,#E2E2C1
511,orng-04,11,2025,81,62,561,11.0516934,planted,pasture,Pasture/Hay,#DBD83D
512,orng-04,12,2025,21,65,559,11.62790698,developed,developed,"Developed, Open Space",#DDC9C9
512,orng-04,12,2025,22,4,559,0.715563506,developed,developed,"Developed, Low Intensity",#D89382
512,orng-04,12,2025,41,264,559,47.22719141,forest,deciduous forest,Deciduous Forest,#68AA63
512,orng-04,12,2025,42,14,559,2.504472272,forest,evergreen forest,Evergreen Forest,#1C6330
512,orng-04,12,2025,43,117,559,20.93023256,forest,mixed forest,Mixed Forest,#B5C98E
512,orng-04,12,2025,71,1,559,0.178890877,herbaceous,herbaceous,Grassland/Herbaceous,#E2E2C1
512,orng-04,12,2025,81,87,559,15.56350626,planted,pasture,Pasture/Hay,#DBD83D
512,orng-04,12,2025,90,6,559,1.073345259,wetlands,wetlands,Woody Wetlands,#BAD8EA
512,orng-04,12,2025,95,1,559,0.178890877,wetlands,wetlands,Emergent Herbaceous Wetlands,#70A3BA
513,orng-04,13,2025,21,126,563,22.38010657,developed,developed,"Developed, Open Space",#DDC9C9
513,orng-04,13,2025,22,18,563,3.197158082,developed,developed,"Developed, Low Intensity",#D89382
513,orng-04,13,2025,23,7,563,1.243339254,developed,developed,"Developed, Medium Intensity",#ED0000
513,orng-04,13,2025,41,245,563,43.51687389,forest,deciduous forest,Deciduous Forest,#68AA63
513,orng-04,13,2025,42,10,563,1.776198934,forest,evergreen forest,Evergreen Forest,#1C6330
513,orng-04,13,2025,43,61,563,10.8348135,forest,mixed forest,Mixed Forest,#B5C98E
513,orng-04,13,2025,52,62,563,11.01243339,shrubland,shrubland,Scrub/Shrub,#CCBA7C
513,orng-04,13,2025,71,22,563,3.907637655,herbaceous,herbaceous,Grassland/Herbaceous,#E2E2C1
513,orng-04,13,2025,81,12,563,2.131438721,planted,pasture,Pasture/Hay,#DBD83D
514,orng-04,14,2025,11,3,556,0.539568345,water,water,Open Water,#476BA0
514,orng-04,14,2025,21,185,556,33.27338129,developed,developed,"Developed, Open Space",#DDC9C9
514,orng-04,14,2025,22,40,556,7.194244604,developed,developed,"Developed, Low Intensity",#D89382
514,orng-04,14,2025,23,10,556,1.798561151,developed,developed,"Developed, Medium Intensity",#ED0000
514,orng-04,14,2025,41,205,556,36.8705036,forest,deciduous forest,Deciduous Forest,#68AA63
514,orng-04,14,2025,42,4,556,0.71942446,forest,evergreen forest,Evergreen Forest,#1C6330
514,orng-04,14,2025,43,93,556,16.72661871,forest,mixed forest,Mixed Forest,#B5C98E
514,orng-04,14,2025,81,16,556,2.877697842,planted,pasture,Pasture/Hay,#DBD83D
515,orng-04,15,2025,21,91,560,16.25,developed,developed,"Developed, Open Space",#DDC9C9
515,orng-04,15,2025,22,21,560,3.75,developed,developed,"Developed, Low Intensity",#D89382
515,orng-04,15,2025,23,4,560,0.714285714,developed,developed,"Developed, Medium Intensity",#ED0000
515,orng-04,15,2025,41,236,560,42.14285714,forest,deciduous forest,Deciduous Forest,#68AA63
515,orng-04,15,2025,42,11,560,1.964285714,forest,evergreen forest,Evergreen Forest,#1C6330
515,orng-04,15,2025,43,130,560,23.21428571,forest,mixed forest,Mixed Forest,#B5C98E
515,orng-04,15,2025,81,67,560,11.96428571,planted,pasture,Pasture/Hay,#DBD83D
516,orng-04,16,2025,21,121,560,21.60714286,developed,developed,"Developed, Open Space",#DDC9C9
516,orng-04,16,2025,22,81,560,14.46428571,developed,developed,"Developed, Low Intensity",#D89382
516,orng-04,16,2025,41,28,560,5,forest,deciduous forest,Deciduous Forest,#68AA63
516,orng-04,16,2025,42,91,560,16.25,forest,evergreen forest,Evergreen Forest,#1C6330
516,orng-04,16,2025,43,178,560,31.78571429,forest,mixed forest,Mixed Forest,#B5C98E
516,orng-04,16,2025,71,1,560,0.178571429,herbaceous,herbaceous,Grassland/Herbaceous,#E2E2C1
516,orng-04,16,2025,81,60,560,10.71428571,planted,pasture,Pasture/Hay,#DBD83D
517,orng-04,17,2025,21,52,558,9.318996416,developed,developed,"Developed, Open Space",#DDC9C9
517,orng-04,17,2025,41,231,558,41.39784946,forest,deciduous forest,Deciduous Forest,#68AA63
517,orng-04,17,2025,42,59,558,10.5734767,forest,evergreen forest,Evergreen Forest,#1C6330
517,orng-04,17,2025,43,154,558,27.59856631,forest,mixed forest,Mixed Forest,#B5C98E
517,orng-04,17,2025,52,29,558,5.197132616,shrubland,shrubland,Scrub/Shrub,#CCBA7C
517,orng-04,17,2025,71,32,558,5.734767025,herbaceous,herbaceous,Grassland/Herbaceous,#E2E2C1
517,orng-04,17,2025,81,1,558,0.17921147,planted,pasture,Pasture/Hay,#DBD83D
518,orng-04,18,2025,11,5,558,0.896057348,water,water,Open Water,#476BA0
518,orng-04,18,2025,21,53,558,9.498207885,developed,developed,"Developed, Open Space",#DDC9C9
518,orng-04,18,2025,22,3,558,0.537634409,developed,developed,"Developed, Low Intensity",#D89382
518,orng-04,18,2025,41,227,558,40.68100358,forest,deciduous forest,Deciduous Forest,#68AA63
518,orng-04,18,2025,42,73,558,13.08243728,forest,evergreen forest,Evergreen Forest,#1C6330
518,orng-04,18,2025,43,165,558,29.56989247,forest,mixed forest,Mixed Forest,#B5C98E
518,orng-04,18,2025,81,32,558,5.734767025,planted,pasture,Pasture/Hay,#DBD83D
519,orng-04,19,2025,11,4,561,0.713012478,water,water,Open Water,#476BA0
519,orng-04,19,2025,21,92,561,16.39928699,developed,developed,"Developed, Open Space",#DDC9C9
519,orng-04,19,2025,22,11,561,1.960784314,developed,developed,"Developed, Low Intensity",#D89382
519,orng-04,19,2025,41,142,561,25.31194296,forest,deciduous forest,Deciduous Forest,#68AA63
519,orng-04,19,2025,42,64,561,11.40819964,forest,evergreen forest,Evergreen Forest,#1C6330
519,orng-04,19,2025,43,132,561,23.52941176,forest,mixed forest,Mixed Forest,#B5C98E
519,orng-04,19,2025,81,116,561,20.67736185,planted,pasture,Pasture/Hay,#DBD83D
520,orng-04,20,2025,11,1,561,0.178253119,water,water,Open Water,#476BA0
520,orng-04,20,2025,21,88,561,15.68627451,developed,developed,"Developed, Open Space",#DDC9C9
520,orng-04,20,2025,22,18,561,3.20855615,developed,developed,"Developed, Low Intensity",#D89382
520,orng-04,20,2025,41,76,561,13.54723708,forest,deciduous forest,Deciduous Forest,#68AA63
520,orng-04,20,2025,42,108,561,19.2513369,forest,evergreen forest,Evergreen Forest,#1C6330
520,orng-04,20,2025,43,197,561,35.11586453,forest,mixed forest,Mixed Forest,#B5C98E
520,orng-04,20,2025,52,3,561,0.534759358,shrubland,shrubland,Scrub/Shrub,#CCBA7C
520,orng-04,20,2025,81,70,561,12.47771836,planted,pasture,Pasture/Hay,#DBD83D
521,orng-05,1,2025,11,4,561,0.713012478,water,water,Open Water,#476BA0
521,orng-05,1,2025,21,32,561,5.704099822,developed,developed,"Developed, Open Space",#DDC9C9
521,orng-05,1,2025,22,13,561,2.317290553,developed,developed,"Developed, Low Intensity",#D89382
521,orng-05,1,2025,23,4,561,0.713012478,developed,developed,"Developed, Medium Intensity",#ED0000
521,orng-05,1,2025,41,124,561,22.10338681,forest,deciduous forest,Deciduous Forest,#68AA63
521,orng-05,1,2025,42,27,561,4.812834225,forest,evergreen forest,Evergreen Forest,#1C6330
521,orng-05,1,2025,43,126,561,22.45989305,forest,mixed forest,Mixed Forest,#B5C98E
521,orng-05,1,2025,52,43,561,7.664884135,shrubland,shrubland,Scrub/Shrub,#CCBA7C
521,orng-05,1,2025,71,10,561,1.782531194,herbaceous,herbaceous,Grassland/Herbaceous,#E2E2C1
521,orng-05,1,2025,81,178,561,31.72905526,planted,pasture,Pasture/Hay,#DBD83D
522,orng-05,2,2025,21,83,552,15.03623188,developed,developed,"Developed, Open Space",#DDC9C9
522,orng-05,2,2025,22,9,552,1.630434783,developed,developed,"Developed, Low Intensity",#D89382
522,orng-05,2,2025,41,125,552,22.64492754,forest,deciduous forest,Deciduous Forest,#68AA63
522,orng-05,2,2025,42,2,552,0.362318841,forest,evergreen forest,Evergreen Forest,#1C6330
522,orng-05,2,2025,43,107,552,19.38405797,forest,mixed forest,Mixed Forest,#B5C98E
522,orng-05,2,2025,52,73,552,13.22463768,shrubland,shrubland,Scrub/Shrub,#CCBA7C
522,orng-05,2,2025,71,2,552,0.362318841,herbaceous,herbaceous,Grassland/Herbaceous,#E2E2C1
522,orng-05,2,2025,81,151,552,27.35507246,planted,pasture,Pasture/Hay,#DBD83D
523,orng-05,3,2025,21,84,553,15.18987342,developed,developed,"Developed, Open Space",#DDC9C9
523,orng-05,3,2025,22,3,553,0.542495479,developed,developed,"Developed, Low Intensity",#D89382
523,orng-05,3,2025,41,58,553,10.48824593,forest,deciduous forest,Deciduous Forest,#68AA63
523,orng-05,3,2025,42,101,553,18.26401447,forest,evergreen forest,Evergreen Forest,#1C6330
523,orng-05,3,2025,43,135,553,24.41229656,forest,mixed forest,Mixed Forest,#B5C98E
523,orng-05,3,2025,71,2,553,0.361663653,herbaceous,herbaceous,Grassland/Herbaceous,#E2E2C1
523,orng-05,3,2025,81,170,553,30.74141049,planted,pasture,Pasture/Hay,#DBD83D
524,orng-05,4,2025,21,87,552,15.76086957,developed,developed,"Developed, Open Space",#DDC9C9
524,orng-05,4,2025,22,4,552,0.724637681,developed,developed,"Developed, Low Intensity",#D89382
524,orng-05,4,2025,41,98,552,17.75362319,forest,deciduous forest,Deciduous Forest,#68AA63
524,orng-05,4,2025,42,103,552,18.65942029,forest,evergreen forest,Evergreen Forest,#1C6330
524,orng-05,4,2025,43,81,552,14.67391304,forest,mixed forest,Mixed Forest,#B5C98E
524,orng-05,4,2025,81,179,552,32.42753623,planted,pasture,Pasture/Hay,#DBD83D
525,orng-05,5,2025,11,2,558,0.358422939,water,water,Open Water,#476BA0
525,orng-05,5,2025,21,66,558,11.82795699,developed,developed,"Developed, Open Space",#DDC9C9
525,orng-05,5,2025,22,3,558,0.537634409,developed,developed,"Developed, Low Intensity",#D89382
525,orng-05,5,2025,23,3,558,0.537634409,developed,developed,"Developed, Medium Intensity",#ED0000
525,orng-05,5,2025,41,85,558,15.23297491,forest,deciduous forest,Deciduous Forest,#68AA63
525,orng-05,5,2025,42,123,558,22.04301075,forest,evergreen forest,Evergreen Forest,#1C6330
525,orng-05,5,2025,43,95,558,17.02508961,forest,mixed forest,Mixed Forest,#B5C98E
525,orng-05,5,2025,81,181,558,32.43727599,planted,pasture,Pasture/Hay,#DBD83D
526,orng-05,6,2025,21,104,557,18.67145422,developed,developed,"Developed, Open Space",#DDC9C9
526,orng-05,6,2025,22,9,557,1.615798923,developed,developed,"Developed, Low Intensity",#D89382
526,orng-05,6,2025,41,70,557,12.56732496,forest,deciduous forest,Deciduous Forest,#68AA63
526,orng-05,6,2025,42,10,557,1.795332136,forest,evergreen forest,Evergreen Forest,#1C6330
526,orng-05,6,2025,43,111,557,19.92818671,forest,mixed forest,Mixed Forest,#B5C98E
526,orng-05,6,2025,81,253,557,45.42190305,planted,pasture,Pasture/Hay,#DBD83D
527,orng-05,7,2025,11,3,561,0.534759358,water,water,Open Water,#476BA0
527,orng-05,7,2025,21,79,561,14.08199643,developed,developed,"Developed, Open Space",#DDC9C9
527,orng-05,7,2025,22,11,561,1.960784314,developed,developed,"Developed, Low Intensity",#D89382
527,orng-05,7,2025,41,138,561,24.59893048,forest,deciduous forest,Deciduous Forest,#68AA63
527,orng-05,7,2025,42,72,561,12.8342246,forest,evergreen forest,Evergreen Forest,#1C6330
527,orng-05,7,2025,43,82,561,14.61675579,forest,mixed forest,Mixed Forest,#B5C98E
527,orng-05,7,2025,52,29,561,5.169340463,shrubland,shrubland,Scrub/Shrub,#CCBA7C
527,orng-05,7,2025,71,2,561,0.356506239,herbaceous,herbaceous,Grassland/Herbaceous,#E2E2C1
527,orng-05,7,2025,81,145,561,25.84670232,planted,pasture,Pasture/Hay,#DBD83D
528,orng-05,8,2025,21,47,558,8.422939068,developed,developed,"Developed, Open Space",#DDC9C9
528,orng-05,8,2025,22,8,558,1.433691756,developed,developed,"Developed, Low Intensity",#D89382
528,orng-05,8,2025,23,3,558,0.537634409,developed,developed,"Developed, Medium Intensity",#ED0000
528,orng-05,8,2025,41,83,558,14.87455197,forest,deciduous forest,Deciduous Forest,#68AA63
528,orng-05,8,2025,43,19,558,3.405017921,forest,mixed forest,Mixed Forest,#B5C98E
528,orng-05,8,2025,52,13,558,2.329749104,shrubland,shrubland,Scrub/Shrub,#CCBA7C
528,orng-05,8,2025,81,267,558,47.84946237,planted,pasture,Pasture/Hay,#DBD83D
528,orng-05,8,2025,82,118,558,21.14695341,planted,cultivated crops,Cultivated Crops,#AA7028
529,orng-05,9,2025,11,9,560,1.607142857,water,water,Open Water,#476BA0
529,orng-05,9,2025,21,70,560,12.5,developed,developed,"Developed, Open Space",#DDC9C9
529,orng-05,9,2025,22,9,560,1.607142857,developed,developed,"Developed, Low Intensity",#D89382
529,orng-05,9,2025,41,2,560,0.357142857,forest,deciduous forest,Deciduous Forest,#68AA63
529,orng-05,9,2025,43,8,560,1.428571429,forest,mixed forest,Mixed Forest,#B5C98E
529,orng-05,9,2025,52,8,560,1.428571429,shrubland,shrubland,Scrub/Shrub,#CCBA7C
529,orng-05,9,2025,71,1,560,0.178571429,herbaceous,herbaceous,Grassland/Herbaceous,#E2E2C1
529,orng-05,9,2025,81,115,560,20.53571429,planted,pasture,Pasture/Hay,#DBD83D
529,orng-05,9,2025,82,338,560,60.35714286,planted,cultivated crops,Cultivated Crops,#AA7028
530,orng-05,10,2025,11,9,561,1.604278075,water,water,Open Water,#476BA0
530,orng-05,10,2025,21,53,561,9.44741533,developed,developed,"Developed, Open Space",#DDC9C9
530,orng-05,10,2025,22,6,561,1.069518717,developed,developed,"Developed, Low Intensity",#D89382
530,orng-05,10,2025,41,138,561,24.59893048,forest,deciduous forest,Deciduous Forest,#68AA63
530,orng-05,10,2025,42,12,561,2.139037433,forest,evergreen forest,Evergreen Forest,#1C6330
530,orng-05,10,2025,43,74,561,13.19073084,forest,mixed forest,Mixed Forest,#B5C98E
530,orng-05,10,2025,71,1,561,0.178253119,herbaceous,herbaceous,Grassland/Herbaceous,#E2E2C1
530,orng-05,10,2025,81,225,561,40.10695187,planted,pasture,Pasture/Hay,#DBD83D
530,orng-05,10,2025,82,43,561,7.664884135,planted,cultivated crops,Cultivated Crops,#AA7028
531,orng-05,11,2025,11,4,558,0.716845878,water,water,Open Water,#476BA0
531,orng-05,11,2025,21,62,558,11.11111111,developed,developed,"Developed, Open Space",#DDC9C9
531,orng-05,11,2025,22,6,558,1.075268817,developed,developed,"Developed, Low Intensity",#D89382
531,orng-05,11,2025,41,126,558,22.58064516,forest,deciduous forest,Deciduous Forest,#68AA63
531,orng-05,11,2025,42,92,558,16.4874552,forest,evergreen forest,Evergreen Forest,#1C6330
531,orng-05,11,2025,43,60,558,10.75268817,forest,mixed forest,Mixed Forest,#B5C98E
531,orng-05,11,2025,71,2,558,0.358422939,herbaceous,herbaceous,Grassland/Herbaceous,#E2E2C1
531,orng-05,11,2025,81,122,558,21.86379928,planted,pasture,Pasture/Hay,#DBD83D
531,orng-05,11,2025,82,83,558,14.87455197,planted,cultivated crops,Cultivated Crops,#AA7028
531,orng-05,11,2025,95,1,558,0.17921147,wetlands,wetlands,Emergent Herbaceous Wetlands,#70A3BA
532,orng-05,12,2025,21,61,558,10.93189964,developed,developed,"Developed, Open Space",#DDC9C9
532,orng-05,12,2025,22,6,558,1.075268817,developed,developed,"Developed, Low Intensity",#D89382
532,orng-05,12,2025,41,23,558,4.121863799,forest,deciduous forest,Deciduous Forest,#68AA63
532,orng-05,12,2025,42,154,558,27.59856631,forest,evergreen forest,Evergreen Forest,#1C6330
532,orng-05,12,2025,43,160,558,28.67383513,forest,mixed forest,Mixed Forest,#B5C98E
532,orng-05,12,2025,52,7,558,1.254480287,shrubland,shrubland,Scrub/Shrub,#CCBA7C
532,orng-05,12,2025,71,15,558,2.688172043,herbaceous,herbaceous,Grassland/Herbaceous,#E2E2C1
532,orng-05,12,2025,81,132,558,23.65591398,planted,pasture,Pasture/Hay,#DBD83D
533,orng-05,13,2025,11,1,563,0.177619893,water,water,Open Water,#476BA0
533,orng-05,13,2025,21,73,563,12.96625222,developed,developed,"Developed, Open Space",#DDC9C9
533,orng-05,13,2025,22,5,563,0.888099467,developed,developed,"Developed, Low Intensity",#D89382
533,orng-05,13,2025,41,8,563,1.420959147,forest,deciduous forest,Deciduous Forest,#68AA63
533,orng-05,13,2025,42,346,563,61.45648313,forest,evergreen forest,Evergreen Forest,#1C6330
533,orng-05,13,2025,43,52,563,9.236234458,forest,mixed forest,Mixed Forest,#B5C98E
533,orng-05,13,2025,52,1,563,0.177619893,shrubland,shrubland,Scrub/Shrub,#CCBA7C
533,orng-05,13,2025,71,15,563,2.664298401,herbaceous,herbaceous,Grassland/Herbaceous,#E2E2C1
533,orng-05,13,2025,81,62,563,11.01243339,planted,pasture,Pasture/Hay,#DBD83D
534,orng-05,14,2025,11,2,552,0.362318841,water,water,Open Water,#476BA0
534,orng-05,14,2025,21,48,552,8.695652174,developed,developed,"Developed, Open Space",#DDC9C9
534,orng-05,14,2025,22,1,552,0.18115942,developed,developed,"Developed, Low Intensity",#D89382
534,orng-05,14,2025,23,1,552,0.18115942,developed,developed,"Developed, Medium Intensity",#ED0000
534,orng-05,14,2025,41,54,552,9.782608696,forest,deciduous forest,Deciduous Forest,#68AA63
534,orng-05,14,2025,42,34,552,6.15942029,forest,evergreen forest,Evergreen Forest,#1C6330
534,orng-05,14,2025,43,81,552,14.67391304,forest,mixed forest,Mixed Forest,#B5C98E
534,orng-05,14,2025,81,331,552,59.96376812,planted,pasture,Pasture/Hay,#DBD83D
535,orng-05,15,2025,11,22,561,3.921568627,water,water,Open Water,#476BA0
535,orng-05,15,2025,21,41,561,7.308377897,developed,developed,"Developed, Open Space",#DDC9C9
535,orng-05,15,2025,22,11,561,1.960784314,developed,developed,"Developed, Low Intensity",#D89382
535,orng-05,15,2025,23,3,561,0.534759358,developed,developed,"Developed, Medium Intensity",#ED0000
535,orng-05,15,2025,41,283,561,50.4456328,forest,deciduous forest,Deciduous Forest,#68AA63
535,orng-05,15,2025,42,5,561,0.891265597,forest,evergreen forest,Evergreen Forest,#1C6330
535,orng-05,15,2025,43,31,561,5.525846702,forest,mixed forest,Mixed Forest,#B5C98E
535,orng-05,15,2025,71,1,561,0.178253119,herbaceous,herbaceous,Grassland/Herbaceous,#E2E2C1
535,orng-05,15,2025,81,163,561,29.05525847,planted,pasture,Pasture/Hay,#DBD83D
535,orng-05,15,2025,82,1,561,0.178253119,planted,cultivated crops,Cultivated Crops,#AA7028
536,orng-05,16,2025,11,31,553,5.605786618,water,water,Open Water,#476BA0
536,orng-05,16,2025,21,69,553,12.47739602,developed,developed,"Developed, Open Space",#DDC9C9
536,orng-05,16,2025,22,9,553,1.627486438,developed,developed,"Developed, Low Intensity",#D89382
536,orng-05,16,2025,41,21,553,3.797468354,forest,deciduous forest,Deciduous Forest,#68AA63
536,orng-05,16,2025,43,6,553,1.084990958,forest,mixed forest,Mixed Forest,#B5C98E
536,orng-05,16,2025,71,3,553,0.542495479,herbaceous,herbaceous,Grassland/Herbaceous,#E2E2C1
536,orng-05,16,2025,81,398,553,71.97106691,planted,pasture,Pasture/Hay,#DBD83D
536,orng-05,16,2025,82,16,553,2.893309222,planted,cultivated crops,Cultivated Crops,#AA7028
537,orng-05,17,2025,11,33,558,5.913978495,water,water,Open Water,#476BA0
537,orng-05,17,2025,21,112,558,20.07168459,developed,developed,"Developed, Open Space",#DDC9C9
537,orng-05,17,2025,22,7,558,1.254480287,developed,developed,"Developed, Low Intensity",#D89382
537,orng-05,17,2025,41,68,558,12.18637993,forest,deciduous forest,Deciduous Forest,#68AA63
537,orng-05,17,2025,43,16,558,2.867383513,forest,mixed forest,Mixed Forest,#B5C98E
537,orng-05,17,2025,81,187,558,33.5125448,planted,pasture,Pasture/Hay,#DBD83D
537,orng-05,17,2025,82,135,558,24.19354839,planted,cultivated crops,Cultivated Crops,#AA7028
538,orng-05,18,2025,21,53,559,9.481216458,developed,developed,"Developed, Open Space",#DDC9C9
538,orng-05,18,2025,22,23,559,4.114490161,developed,developed,"Developed, Low Intensity",#D89382
538,orng-05,18,2025,41,100,559,17.88908766,forest,deciduous forest,Deciduous Forest,#68AA63
538,orng-05,18,2025,42,35,559,6.26118068,forest,evergreen forest,Evergreen Forest,#1C6330
538,orng-05,18,2025,43,54,559,9.660107335,forest,mixed forest,Mixed Forest,#B5C98E
538,orng-05,18,2025,81,41,559,7.334525939,planted,pasture,Pasture/Hay,#DBD83D
538,orng-05,18,2025,82,253,559,45.25939177,planted,cultivated crops,Cultivated Crops,#AA7028
539,orng-05,19,2025,21,78,558,13.97849462,developed,developed,"Developed, Open Space",#DDC9C9
539,orng-05,19,2025,22,32,558,5.734767025,developed,developed,"Developed, Low Intensity",#D89382
539,orng-05,19,2025,41,60,558,10.75268817,forest,deciduous forest,Deciduous Forest,#68AA63
539,orng-05,19,2025,42,126,558,22.58064516,forest,evergreen forest,Evergreen Forest,#1C6330
539,orng-05,19,2025,43,141,558,25.2688172,forest,mixed forest,Mixed Forest,#B5C98E
539,orng-05,19,2025,52,3,558,0.537634409,shrubland,shrubland,Scrub/Shrub,#CCBA7C
539,orng-05,19,2025,71,7,558,1.254480287,herbaceous,herbaceous,Grassland/Herbaceous,#E2E2C1
539,orng-05,19,2025,81,79,558,14.15770609,planted,pasture,Pasture/Hay,#DBD83D
539,orng-05,19,2025,82,32,558,5.734767025,planted,cultivated crops,Cultivated Crops,#AA7028
540,orng-05,20,2025,21,61,560,10.89285714,developed,developed,"Developed, Open Space",#DDC9C9
540,orng-05,20,2025,22,3,560,0.535714286,developed,developed,"Developed, Low Intensity",#D89382
540,orng-05,20,2025,41,136,560,24.28571429,forest,deciduous forest,Deciduous Forest,#68AA63
540,orng-05,20,2025,42,143,560,25.53571429,forest,evergreen forest,Evergreen Forest,#1C6330
540,orng-05,20,2025,43,88,560,15.71428571,forest,mixed forest,Mixed Forest,#B5C98E
540,orng-05,20,2025,71,1,560,0.178571429,herbaceous,herbaceous,Grassland/Herbaceous,#E2E2C1
540,orng-05,20,2025,81,128,560,22.85714286,planted,pasture,Pasture/Hay,#DBD83D
541,orng-06,1,2025,11,2,557,0.359066427,water,water,Open Water,#476BA0
541,orng-06,1,2025,21,61,557,10.95152603,developed,developed,"Developed, Open Space",#DDC9C9
541,orng-06,1,2025,22,1,557,0.179533214,developed,developed,"Developed, Low Intensity",#D89382
541,orng-06,1,2025,23,1,557,0.179533214,developed,developed,"Developed, Medium Intensity",#ED0000
541,orng-06,1,2025,41,103,557,18.49192101,forest,deciduous forest,Deciduous Forest,#68AA63
541,orng-06,1,2025,42,82,557,14.72172352,forest,evergreen forest,Evergreen Forest,#1C6330
541,orng-06,1,2025,43,170,557,30.52064632,forest,mixed forest,Mixed Forest,#B5C98E
541,orng-06,1,2025,52,13,557,2.333931777,shrubland,shrubland,Scrub/Shrub,#CCBA7C
541,orng-06,1,2025,71,1,557,0.179533214,herbaceous,herbaceous,Grassland/Herbaceous,#E2E2C1
541,orng-06,1,2025,81,123,557,22.08258528,planted,pasture,Pasture/Hay,#DBD83D
542,orng-06,2,2025,21,55,553,9.945750452,developed,developed,"Developed, Open Space",#DDC9C9
542,orng-06,2,2025,22,2,553,0.361663653,developed,developed,"Developed, Low Intensity",#D89382
542,orng-06,2,2025,41,107,553,19.34900542,forest,deciduous forest,Deciduous Forest,#68AA63
542,orng-06,2,2025,42,242,553,43.76130199,forest,evergreen forest,Evergreen Forest,#1C6330
542,orng-06,2,2025,43,133,553,24.05063291,forest,mixed forest,Mixed Forest,#B5C98E
542,orng-06,2,2025,52,1,553,0.180831826,shrubland,shrubland,Scrub/Shrub,#CCBA7C
542,orng-06,2,2025,71,4,553,0.723327306,herbaceous,herbaceous,Grassland/Herbaceous,#E2E2C1
542,orng-06,2,2025,81,9,553,1.627486438,planted,pasture,Pasture/Hay,#DBD83D
543,orng-06,3,2025,21,85,558,15.23297491,developed,developed,"Developed, Open Space",#DDC9C9
543,orng-06,3,2025,22,9,558,1.612903226,developed,developed,"Developed, Low Intensity",#D89382
543,orng-06,3,2025,41,88,558,15.77060932,forest,deciduous forest,Deciduous Forest,#68AA63
543,orng-06,3,2025,42,234,558,41.93548387,forest,evergreen forest,Evergreen Forest,#1C6330
543,orng-06,3,2025,43,108,558,19.35483871,forest,mixed forest,Mixed Forest,#B5C98E
543,orng-06,3,2025,52,2,558,0.358422939,shrubland,shrubland,Scrub/Shrub,#CCBA7C
543,orng-06,3,2025,81,32,558,5.734767025,planted,pasture,Pasture/Hay,#DBD83D
544,orng-06,4,2025,21,74,559,13.23792487,developed,developed,"Developed, Open Space",#DDC9C9
544,orng-06,4,2025,22,2,559,0.357781753,developed,developed,"Developed, Low Intensity",#D89382
544,orng-06,4,2025,41,294,559,52.59391771,forest,deciduous forest,Deciduous Forest,#68AA63
544,orng-06,4,2025,42,46,559,8.228980322,forest,evergreen forest,Evergreen Forest,#1C6330
544,orng-06,4,2025,43,137,559,24.50805009,forest,mixed forest,Mixed Forest,#B5C98E
544,orng-06,4,2025,81,6,559,1.073345259,planted,pasture,Pasture/Hay,#DBD83D
545,orng-06,5,2025,21,90,561,16.04278075,developed,developed,"Developed, Open Space",#DDC9C9
545,orng-06,5,2025,22,6,561,1.069518717,developed,developed,"Developed, Low Intensity",#D89382
545,orng-06,5,2025,41,228,561,40.64171123,forest,deciduous forest,Deciduous Forest,#68AA63
545,orng-06,5,2025,42,49,561,8.734402852,forest,evergreen forest,Evergreen Forest,#1C6330
545,orng-06,5,2025,43,162,561,28.87700535,forest,mixed forest,Mixed Forest,#B5C98E
545,orng-06,5,2025,90,26,561,4.634581105,wetlands,wetlands,Woody Wetlands,#BAD8EA
546,orng-06,6,2025,21,249,559,44.54382826,developed,developed,"Developed, Open Space",#DDC9C9
546,orng-06,6,2025,22,68,559,12.16457961,developed,developed,"Developed, Low Intensity",#D89382
546,orng-06,6,2025,41,36,559,6.440071556,forest,deciduous forest,Deciduous Forest,#68AA63
546,orng-06,6,2025,42,105,559,18.78354204,forest,evergreen forest,Evergreen Forest,#1C6330
546,orng-06,6,2025,43,101,559,18.06797853,forest,mixed forest,Mixed Forest,#B5C98E
547,orng-06,7,2025,11,3,557,0.538599641,water,water,Open Water,#476BA0
547,orng-06,7,2025,21,290,557,52.06463196,developed,developed,"Developed, Open Space",#DDC9C9
547,orng-06,7,2025,22,69,557,12.38779174,developed,developed,"Developed, Low Intensity",#D89382
547,orng-06,7,2025,41,87,557,15.61938959,forest,deciduous forest,Deciduous Forest,#68AA63
547,orng-06,7,2025,42,63,557,11.31059246,forest,evergreen forest,Evergreen Forest,#1C6330
547,orng-06,7,2025,43,44,557,7.8994614,forest,mixed forest,Mixed Forest,#B5C98E
547,orng-06,7,2025,71,1,557,0.179533214,herbaceous,herbaceous,Grassland/Herbaceous,#E2E2C1
548,orng-06,8,2025,21,93,561,16.57754011,developed,developed,"Developed, Open Space",#DDC9C9
548,orng-06,8,2025,22,135,561,24.06417112,developed,developed,"Developed, Low Intensity",#D89382
548,orng-06,8,2025,23,87,561,15.50802139,developed,developed,"Developed, Medium Intensity",#ED0000
548,orng-06,8,2025,24,13,561,2.317290553,developed,developed,"Developed, High Intensity",#AA0000
548,orng-06,8,2025,41,131,561,23.35115865,forest,deciduous forest,Deciduous Forest,#68AA63
548,orng-06,8,2025,42,52,561,9.26916221,forest,evergreen forest,Evergreen Forest,#1C6330
548,orng-06,8,2025,43,50,561,8.912655971,forest,mixed forest,Mixed Forest,#B5C98E
549,orng-06,9,2025,21,78,561,13.90374332,developed,developed,"Developed, Open Space",#DDC9C9
549,orng-06,9,2025,22,119,561,21.21212121,developed,developed,"Developed, Low Intensity",#D89382
549,orng-06,9,2025,23,67,561,11.942959,developed,developed,"Developed, Medium Intensity",#ED0000
549,orng-06,9,2025,24,4,561,0.713012478,developed,developed,"Developed, High Intensity",#AA0000
549,orng-06,9,2025,41,112,561,19.96434938,forest,deciduous forest,Deciduous Forest,#68AA63
549,orng-06,9,2025,42,111,561,19.78609626,forest,evergreen forest,Evergreen Forest,#1C6330
549,orng-06,9,2025,43,67,561,11.942959,forest,mixed forest,Mixed Forest,#B5C98E
549,orng-06,9,2025,71,3,561,0.534759358,herbaceous,herbaceous,Grassland/Herbaceous,#E2E2C1
550,orng-06,10,2025,21,180,558,32.25806452,developed,developed,"Developed, Open Space",#DDC9C9
550,orng-06,10,2025,22,150,558,26.88172043,developed,developed,"Developed, Low Intensity",#D89382
550,orng-06,10,2025,23,113,558,20.25089606,developed,developed,"Developed, Medium Intensity",#ED0000
550,orng-06,10,2025,24,12,558,2.150537634,developed,developed,"Developed, High Intensity",#AA0000
550,orng-06,10,2025,41,32,558,5.734767025,forest,deciduous forest,Deciduous Forest,#68AA63
550,orng-06,10,2025,42,30,558,5.376344086,forest,evergreen forest,Evergreen Forest,#1C6330
550,orng-06,10,2025,43,41,558,7.347670251,forest,mixed forest,Mixed Forest,#B5C98E
551,orng-06,11,2025,21,112,555,20.18018018,developed,developed,"Developed, Open Space",#DDC9C9
551,orng-06,11,2025,22,96,555,17.2972973,developed,developed,"Developed, Low Intensity",#D89382
551,orng-06,11,2025,23,142,555,25.58558559,developed,developed,"Developed, Medium Intensity",#ED0000
551,orng-06,11,2025,24,46,555,8.288288288,developed,developed,"Developed, High Intensity",#AA0000
551,orng-06,11,2025,41,84,555,15.13513514,forest,deciduous forest,Deciduous Forest,#68AA63
551,orng-06,11,2025,42,16,555,2.882882883,forest,evergreen forest,Evergreen Forest,#1C6330
551,orng-06,11,2025,43,51,555,9.189189189,forest,mixed forest,Mixed Forest,#B5C98E
551,orng-06,11,2025,52,1,555,0.18018018,shrubland,shrubland,Scrub/Shrub,#CCBA7C
551,orng-06,11,2025,81,7,555,1.261261261,planted,pasture,Pasture/Hay,#DBD83D
552,orng-06,12,2025,21,50,561,8.912655971,developed,developed,"Developed, Open Space",#DDC9C9
552,orng-06,12,2025,22,196,561,34.93761141,developed,developed,"Developed, Low Intensity",#D89382
552,orng-06,12,2025,23,73,561,13.01247772,developed,developed,"Developed, Medium Intensity",#ED0000
552,orng-06,12,2025,24,7,561,1.247771836,developed,developed,"Developed, High Intensity",#AA0000
552,orng-06,12,2025,NA,12,561,2.139037433,NA,NA,Barren Land,NA
552,orng-06,12,2025,41,5,561,0.891265597,forest,deciduous forest,Deciduous Forest,#68AA63
552,orng-06,12,2025,42,23,561,4.099821747,forest,evergreen forest,Evergreen Forest,#1C6330
552,orng-06,12,2025,43,46,561,8.199643494,forest,mixed forest,Mixed Forest,#B5C98E
552,orng-06,12,2025,52,7,561,1.247771836,shrubland,shrubland,Scrub/Shrub,#CCBA7C
552,orng-06,12,2025,71,3,561,0.534759358,herbaceous,herbaceous,Grassland/Herbaceous,#E2E2C1
552,orng-06,12,2025,81,139,561,24.7771836,planted,pasture,Pasture/Hay,#DBD83D
553,orng-06,13,2025,21,92,562,16.37010676,developed,developed,"Developed, Open Space",#DDC9C9
553,orng-06,13,2025,22,40,562,7.117437722,developed,developed,"Developed, Low Intensity",#D89382
553,orng-06,13,2025,23,6,562,1.067615658,developed,developed,"Developed, Medium Intensity",#ED0000
553,orng-06,13,2025,41,38,562,6.761565836,forest,deciduous forest,Deciduous Forest,#68AA63
553,orng-06,13,2025,42,316,562,56.22775801,forest,evergreen forest,Evergreen Forest,#1C6330
553,orng-06,13,2025,43,67,562,11.92170819,forest,mixed forest,Mixed Forest,#B5C98E
553,orng-06,13,2025,81,3,562,0.533807829,planted,pasture,Pasture/Hay,#DBD83D
554,orng-06,14,2025,11,2,562,0.355871886,water,water,Open Water,#476BA0
554,orng-06,14,2025,21,184,562,32.74021352,developed,developed,"Developed, Open Space",#DDC9C9
554,orng-06,14,2025,22,100,562,17.79359431,developed,developed,"Developed, Low Intensity",#D89382
554,orng-06,14,2025,23,7,562,1.245551601,developed,developed,"Developed, Medium Intensity",#ED0000
554,orng-06,14,2025,41,49,562,8.71886121,forest,deciduous forest,Deciduous Forest,#68AA63
554,orng-06,14,2025,42,86,562,15.3024911,forest,evergreen forest,Evergreen Forest,#1C6330
554,orng-06,14,2025,43,134,562,23.84341637,forest,mixed forest,Mixed Forest,#B5C98E
555,orng-06,15,2025,11,1,557,0.179533214,water,water,Open Water,#476BA0
555,orng-06,15,2025,21,233,557,41.83123878,developed,developed,"Developed, Open Space",#DDC9C9
555,orng-06,15,2025,22,171,557,30.70017953,developed,developed,"Developed, Low Intensity",#D89382
555,orng-06,15,2025,23,23,557,4.129263914,developed,developed,"Developed, Medium Intensity",#ED0000
555,orng-06,15,2025,41,21,557,3.770197487,forest,deciduous forest,Deciduous Forest,#68AA63
555,orng-06,15,2025,42,52,557,9.33572711,forest,evergreen forest,Evergreen Forest,#1C6330
555,orng-06,15,2025,43,56,557,10.05385996,forest,mixed forest,Mixed Forest,#B5C98E
556,orng-06,16,2025,21,219,558,39.24731183,developed,developed,"Developed, Open Space",#DDC9C9
556,orng-06,16,2025,22,148,558,26.52329749,developed,developed,"Developed, Low Intensity",#D89382
556,orng-06,16,2025,23,30,558,5.376344086,developed,developed,"Developed, Medium Intensity",#ED0000
556,orng-06,16,2025,24,10,558,1.792114695,developed,developed,"Developed, High Intensity",#AA0000
556,orng-06,16,2025,41,81,558,14.51612903,forest,deciduous forest,Deciduous Forest,#68AA63
556,orng-06,16,2025,42,19,558,3.405017921,forest,evergreen forest,Evergreen Forest,#1C6330
556,orng-06,16,2025,43,51,558,9.139784946,forest,mixed forest,Mixed Forest,#B5C98E
557,orng-06,17,2025,21,94,559,16.8157424,developed,developed,"Developed, Open Space",#DDC9C9
557,orng-06,17,2025,22,150,559,26.83363148,developed,developed,"Developed, Low Intensity",#D89382
557,orng-06,17,2025,23,104,559,18.60465116,developed,developed,"Developed, Medium Intensity",#ED0000
557,orng-06,17,2025,41,155,559,27.72808587,forest,deciduous forest,Deciduous Forest,#68AA63
557,orng-06,17,2025,42,12,559,2.146690519,forest,evergreen forest,Evergreen Forest,#1C6330
557,orng-06,17,2025,43,29,559,5.18783542,forest,mixed forest,Mixed Forest,#B5C98E
557,orng-06,17,2025,81,2,559,0.357781753,planted,pasture,Pasture/Hay,#DBD83D
557,orng-06,17,2025,90,13,559,2.325581395,wetlands,wetlands,Woody Wetlands,#BAD8EA
558,orng-06,18,2025,11,1,558,0.17921147,water,water,Open Water,#476BA0
558,orng-06,18,2025,21,124,558,22.22222222,developed,developed,"Developed, Open Space",#DDC9C9
558,orng-06,18,2025,22,109,558,19.53405018,developed,developed,"Developed, Low Intensity",#D89382
558,orng-06,18,2025,23,25,558,4.480286738,developed,developed,"Developed, Medium Intensity",#ED0000
558,orng-06,18,2025,41,84,558,15.05376344,forest,deciduous forest,Deciduous Forest,#68AA63
558,orng-06,18,2025,42,25,558,4.480286738,forest,evergreen forest,Evergreen Forest,#1C6330
558,orng-06,18,2025,43,85,558,15.23297491,forest,mixed forest,Mixed Forest,#B5C98E
558,orng-06,18,2025,81,105,558,18.8172043,planted,pasture,Pasture/Hay,#DBD83D
559,orng-06,19,2025,21,85,560,15.17857143,developed,developed,"Developed, Open Space",#DDC9C9
559,orng-06,19,2025,22,31,560,5.535714286,developed,developed,"Developed, Low Intensity",#D89382
559,orng-06,19,2025,23,1,560,0.178571429,developed,developed,"Developed, Medium Intensity",#ED0000
559,orng-06,19,2025,41,139,560,24.82142857,forest,deciduous forest,Deciduous Forest,#68AA63
559,orng-06,19,2025,42,48,560,8.571428571,forest,evergreen forest,Evergreen Forest,#1C6330
559,orng-06,19,2025,43,49,560,8.75,forest,mixed forest,Mixed Forest,#B5C98E
559,orng-06,19,2025,52,4,560,0.714285714,shrubland,shrubland,Scrub/Shrub,#CCBA7C
559,orng-06,19,2025,81,203,560,36.25,planted,pasture,Pasture/Hay,#DBD83D
560,orng-06,20,2025,11,3,561,0.534759358,water,water,Open Water,#476BA0
560,orng-06,20,2025,21,107,561,19.07308378,developed,developed,"Developed, Open Space",#DDC9C9
560,orng-06,20,2025,22,59,561,10.51693405,developed,developed,"Developed, Low Intensity",#D89382
560,orng-06,20,2025,23,12,561,2.139037433,developed,developed,"Developed, Medium Intensity",#ED0000
560,orng-06,20,2025,41,42,561,7.486631016,forest,deciduous forest,Deciduous Forest,#68AA63
560,orng-06,20,2025,42,80,561,14.26024955,forest,evergreen forest,Evergreen Forest,#1C6330
560,orng-06,20,2025,43,95,561,16.93404635,forest,mixed forest,Mixed Forest,#B5C98E
560,orng-06,20,2025,52,3,561,0.534759358,shrubland,shrubland,Scrub/Shrub,#CCBA7C
560,orng-06,20,2025,71,1,561,0.178253119,herbaceous,herbaceous,Grassland/Herbaceous,#E2E2C1
560,orng-06,20,2025,81,159,561,28.34224599,planted,pasture,Pasture/Hay,#DBD83D
561,orng-07,1,2025,21,191,560,34.10714286,developed,developed,"Developed, Open Space",#DDC9C9
561,orng-07,1,2025,22,27,560,4.821428571,developed,developed,"Developed, Low Intensity",#D89382
561,orng-07,1,2025,41,122,560,21.78571429,forest,deciduous forest,Deciduous Forest,#68AA63
561,orng-07,1,2025,42,25,560,4.464285714,forest,evergreen forest,Evergreen Forest,#1C6330
561,orng-07,1,2025,43,80,560,14.28571429,forest,mixed forest,Mixed Forest,#B5C98E
561,orng-07,1,2025,71,3,560,0.535714286,herbaceous,herbaceous,Grassland/Herbaceous,#E2E2C1
561,orng-07,1,2025,81,112,560,20,planted,pasture,Pasture/Hay,#DBD83D
562,orng-07,2,2025,21,101,558,18.10035842,developed,developed,"Developed, Open Space",#DDC9C9
562,orng-07,2,2025,22,16,558,2.867383513,developed,developed,"Developed, Low Intensity",#D89382
562,orng-07,2,2025,41,106,558,18.99641577,forest,deciduous forest,Deciduous Forest,#68AA63
562,orng-07,2,2025,42,116,558,20.78853047,forest,evergreen forest,Evergreen Forest,#1C6330
562,orng-07,2,2025,43,110,558,19.71326165,forest,mixed forest,Mixed Forest,#B5C98E
562,orng-07,2,2025,52,2,558,0.358422939,shrubland,shrubland,Scrub/Shrub,#CCBA7C
562,orng-07,2,2025,81,107,558,19.17562724,planted,pasture,Pasture/Hay,#DBD83D
563,orng-07,3,2025,21,69,559,12.34347048,developed,developed,"Developed, Open Space",#DDC9C9
563,orng-07,3,2025,22,7,559,1.252236136,developed,developed,"Developed, Low Intensity",#D89382
563,orng-07,3,2025,41,265,559,47.40608229,forest,deciduous forest,Deciduous Forest,#68AA63
563,orng-07,3,2025,42,50,559,8.944543828,forest,evergreen forest,Evergreen Forest,#1C6330
563,orng-07,3,2025,43,81,559,14.490161,forest,mixed forest,Mixed Forest,#B5C98E
563,orng-07,3,2025,52,6,559,1.073345259,shrubland,shrubland,Scrub/Shrub,#CCBA7C
563,orng-07,3,2025,71,10,559,1.788908766,herbaceous,herbaceous,Grassland/Herbaceous,#E2E2C1
563,orng-07,3,2025,81,71,559,12.70125224,planted,pasture,Pasture/Hay,#DBD83D
564,orng-07,4,2025,11,5,556,0.899280576,water,water,Open Water,#476BA0
564,orng-07,4,2025,21,89,556,16.00719424,developed,developed,"Developed, Open Space",#DDC9C9
564,orng-07,4,2025,22,11,556,1.978417266,developed,developed,"Developed, Low Intensity",#D89382
564,orng-07,4,2025,41,121,556,21.76258993,forest,deciduous forest,Deciduous Forest,#68AA63
564,orng-07,4,2025,42,32,556,5.755395683,forest,evergreen forest,Evergreen Forest,#1C6330
564,orng-07,4,2025,43,158,556,28.41726619,forest,mixed forest,Mixed Forest,#B5C98E
564,orng-07,4,2025,52,7,556,1.258992806,shrubland,shrubland,Scrub/Shrub,#CCBA7C
564,orng-07,4,2025,71,4,556,0.71942446,herbaceous,herbaceous,Grassland/Herbaceous,#E2E2C1
564,orng-07,4,2025,81,129,556,23.20143885,planted,pasture,Pasture/Hay,#DBD83D
565,orng-07,5,2025,21,81,560,14.46428571,developed,developed,"Developed, Open Space",#DDC9C9
565,orng-07,5,2025,22,5,560,0.892857143,developed,developed,"Developed, Low Intensity",#D89382
565,orng-07,5,2025,41,230,560,41.07142857,forest,deciduous forest,Deciduous Forest,#68AA63
565,orng-07,5,2025,42,5,560,0.892857143,forest,evergreen forest,Evergreen Forest,#1C6330
565,orng-07,5,2025,43,46,560,8.214285714,forest,mixed forest,Mixed Forest,#B5C98E
565,orng-07,5,2025,52,2,560,0.357142857,shrubland,shrubland,Scrub/Shrub,#CCBA7C
565,orng-07,5,2025,71,1,560,0.178571429,herbaceous,herbaceous,Grassland/Herbaceous,#E2E2C1
565,orng-07,5,2025,81,190,560,33.92857143,planted,pasture,Pasture/Hay,#DBD83D
566,orng-07,6,2025,11,6,558,1.075268817,water,water,Open Water,#476BA0
566,orng-07,6,2025,21,99,558,17.74193548,developed,developed,"Developed, Open Space",#DDC9C9
566,orng-07,6,2025,22,19,558,3.405017921,developed,developed,"Developed, Low Intensity",#D89382
566,orng-07,6,2025,23,1,558,0.17921147,developed,developed,"Developed, Medium Intensity",#ED0000
566,orng-07,6,2025,41,133,558,23.83512545,forest,deciduous forest,Deciduous Forest,#68AA63
566,orng-07,6,2025,43,47,558,8.422939068,forest,mixed forest,Mixed Forest,#B5C98E
566,orng-07,6,2025,52,5,558,0.896057348,shrubland,shrubland,Scrub/Shrub,#CCBA7C
566,orng-07,6,2025,81,248,558,44.44444444,planted,pasture,Pasture/Hay,#DBD83D
567,orng-07,7,2025,21,49,557,8.797127469,developed,developed,"Developed, Open Space",#DDC9C9
567,orng-07,7,2025,22,26,557,4.667863555,developed,developed,"Developed, Low Intensity",#D89382
567,orng-07,7,2025,41,160,557,28.72531418,forest,deciduous forest,Deciduous Forest,#68AA63
567,orng-07,7,2025,42,29,557,5.206463196,forest,evergreen forest,Evergreen Forest,#1C6330
567,orng-07,7,2025,43,47,557,8.438061041,forest,mixed forest,Mixed Forest,#B5C98E
567,orng-07,7,2025,52,2,557,0.359066427,shrubland,shrubland,Scrub/Shrub,#CCBA7C
567,orng-07,7,2025,81,244,557,43.80610413,planted,pasture,Pasture/Hay,#DBD83D
568,orng-07,8,2025,11,95,556,17.08633094,water,water,Open Water,#476BA0
568,orng-07,8,2025,21,69,556,12.41007194,developed,developed,"Developed, Open Space",#DDC9C9
568,orng-07,8,2025,22,9,556,1.618705036,developed,developed,"Developed, Low Intensity",#D89382
568,orng-07,8,2025,23,4,556,0.71942446,developed,developed,"Developed, Medium Intensity",#ED0000
568,orng-07,8,2025,41,202,556,36.33093525,forest,deciduous forest,Deciduous Forest,#68AA63
568,orng-07,8,2025,42,19,556,3.417266187,forest,evergreen forest,Evergreen Forest,#1C6330
568,orng-07,8,2025,43,69,556,12.41007194,forest,mixed forest,Mixed Forest,#B5C98E
568,orng-07,8,2025,52,10,556,1.798561151,shrubland,shrubland,Scrub/Shrub,#CCBA7C
568,orng-07,8,2025,71,4,556,0.71942446,herbaceous,herbaceous,Grassland/Herbaceous,#E2E2C1
568,orng-07,8,2025,81,75,556,13.48920863,planted,pasture,Pasture/Hay,#DBD83D
569,orng-07,9,2025,11,3,556,0.539568345,water,water,Open Water,#476BA0
569,orng-07,9,2025,21,90,556,16.18705036,developed,developed,"Developed, Open Space",#DDC9C9
569,orng-07,9,2025,22,9,556,1.618705036,developed,developed,"Developed, Low Intensity",#D89382
569,orng-07,9,2025,23,1,556,0.179856115,developed,developed,"Developed, Medium Intensity",#ED0000
569,orng-07,9,2025,41,245,556,44.0647482,forest,deciduous forest,Deciduous Forest,#68AA63
569,orng-07,9,2025,42,1,556,0.179856115,forest,evergreen forest,Evergreen Forest,#1C6330
569,orng-07,9,2025,43,45,556,8.09352518,forest,mixed forest,Mixed Forest,#B5C98E
569,orng-07,9,2025,52,4,556,0.71942446,shrubland,shrubland,Scrub/Shrub,#CCBA7C
569,orng-07,9,2025,71,4,556,0.71942446,herbaceous,herbaceous,Grassland/Herbaceous,#E2E2C1
569,orng-07,9,2025,81,154,556,27.69784173,planted,pasture,Pasture/Hay,#DBD83D
570,orng-07,10,2025,11,10,552,1.811594203,water,water,Open Water,#476BA0
570,orng-07,10,2025,21,53,552,9.601449275,developed,developed,"Developed, Open Space",#DDC9C9
570,orng-07,10,2025,22,12,552,2.173913043,developed,developed,"Developed, Low Intensity",#D89382
570,orng-07,10,2025,23,1,552,0.18115942,developed,developed,"Developed, Medium Intensity",#ED0000
570,orng-07,10,2025,41,161,552,29.16666667,forest,deciduous forest,Deciduous Forest,#68AA63
570,orng-07,10,2025,42,48,552,8.695652174,forest,evergreen forest,Evergreen Forest,#1C6330
570,orng-07,10,2025,43,22,552,3.985507246,forest,mixed forest,Mixed Forest,#B5C98E
570,orng-07,10,2025,52,2,552,0.362318841,shrubland,shrubland,Scrub/Shrub,#CCBA7C
570,orng-07,10,2025,71,2,552,0.362318841,herbaceous,herbaceous,Grassland/Herbaceous,#E2E2C1
570,orng-07,10,2025,81,215,552,38.94927536,planted,pasture,Pasture/Hay,#DBD83D
570,orng-07,10,2025,82,26,552,4.710144928,planted,cultivated crops,Cultivated Crops,#AA7028
571,orng-07,11,2025,11,12,558,2.150537634,water,water,Open Water,#476BA0
571,orng-07,11,2025,21,57,558,10.21505376,developed,developed,"Developed, Open Space",#DDC9C9
571,orng-07,11,2025,22,20,558,3.584229391,developed,developed,"Developed, Low Intensity",#D89382
571,orng-07,11,2025,23,1,558,0.17921147,developed,developed,"Developed, Medium Intensity",#ED0000
571,orng-07,11,2025,41,115,558,20.609319,forest,deciduous forest,Deciduous Forest,#68AA63
571,orng-07,11,2025,42,85,558,15.23297491,forest,evergreen forest,Evergreen Forest,#1C6330
571,orng-07,11,2025,43,52,558,9.318996416,forest,mixed forest,Mixed Forest,#B5C98E
571,orng-07,11,2025,52,9,558,1.612903226,shrubland,shrubland,Scrub/Shrub,#CCBA7C
571,orng-07,11,2025,71,6,558,1.075268817,herbaceous,herbaceous,Grassland/Herbaceous,#E2E2C1
571,orng-07,11,2025,81,201,558,36.02150538,planted,pasture,Pasture/Hay,#DBD83D
572,orng-07,12,2025,11,17,560,3.035714286,water,water,Open Water,#476BA0
572,orng-07,12,2025,21,40,560,7.142857143,developed,developed,"Developed, Open Space",#DDC9C9
572,orng-07,12,2025,22,16,560,2.857142857,developed,developed,"Developed, Low Intensity",#D89382
572,orng-07,12,2025,41,186,560,33.21428571,forest,deciduous forest,Deciduous Forest,#68AA63
572,orng-07,12,2025,43,32,560,5.714285714,forest,mixed forest,Mixed Forest,#B5C98E
572,orng-07,12,2025,71,2,560,0.357142857,herbaceous,herbaceous,Grassland/Herbaceous,#E2E2C1
572,orng-07,12,2025,81,267,560,47.67857143,planted,pasture,Pasture/Hay,#DBD83D
573,orng-07,13,2025,11,5,551,0.907441016,water,water,Open Water,#476BA0
573,orng-07,13,2025,21,86,551,15.60798548,developed,developed,"Developed, Open Space",#DDC9C9
573,orng-07,13,2025,22,42,551,7.622504537,developed,developed,"Developed, Low Intensity",#D89382
573,orng-07,13,2025,23,1,551,0.181488203,developed,developed,"Developed, Medium Intensity",#ED0000
573,orng-07,13,2025,41,124,551,22.50453721,forest,deciduous forest,Deciduous Forest,#68AA63
573,orng-07,13,2025,43,11,551,1.996370236,forest,mixed forest,Mixed Forest,#B5C98E
573,orng-07,13,2025,52,7,551,1.270417423,shrubland,shrubland,Scrub/Shrub,#CCBA7C
573,orng-07,13,2025,71,6,551,1.08892922,herbaceous,herbaceous,Grassland/Herbaceous,#E2E2C1
573,orng-07,13,2025,81,269,551,48.82032668,planted,pasture,Pasture/Hay,#DBD83D
574,orng-07,14,2025,21,60,559,10.73345259,developed,developed,"Developed, Open Space",#DDC9C9
574,orng-07,14,2025,22,17,559,3.041144902,developed,developed,"Developed, Low Intensity",#D89382
574,orng-07,14,2025,23,1,559,0.178890877,developed,developed,"Developed, Medium Intensity",#ED0000
574,orng-07,14,2025,41,133,559,23.79248658,forest,deciduous forest,Deciduous Forest,#68AA63
574,orng-07,14,2025,42,10,559,1.788908766,forest,evergreen forest,Evergreen Forest,#1C6330
574,orng-07,14,2025,43,65,559,11.62790698,forest,mixed forest,Mixed Forest,#B5C98E
574,orng-07,14,2025,71,1,559,0.178890877,herbaceous,herbaceous,Grassland/Herbaceous,#E2E2C1
574,orng-07,14,2025,81,269,559,48.1216458,planted,pasture,Pasture/Hay,#DBD83D
574,orng-07,14,2025,90,3,559,0.53667263,wetlands,wetlands,Woody Wetlands,#BAD8EA
575,orng-07,15,2025,11,2,561,0.356506239,water,water,Open Water,#476BA0
575,orng-07,15,2025,21,184,561,32.79857398,developed,developed,"Developed, Open Space",#DDC9C9
575,orng-07,15,2025,22,20,561,3.565062389,developed,developed,"Developed, Low Intensity",#D89382
575,orng-07,15,2025,23,3,561,0.534759358,developed,developed,"Developed, Medium Intensity",#ED0000
575,orng-07,15,2025,41,99,561,17.64705882,forest,deciduous forest,Deciduous Forest,#68AA63
575,orng-07,15,2025,42,47,561,8.377896613,forest,evergreen forest,Evergreen Forest,#1C6330
575,orng-07,15,2025,43,38,561,6.773618538,forest,mixed forest,Mixed Forest,#B5C98E
575,orng-07,15,2025,52,6,561,1.069518717,shrubland,shrubland,Scrub/Shrub,#CCBA7C
575,orng-07,15,2025,71,2,561,0.356506239,herbaceous,herbaceous,Grassland/Herbaceous,#E2E2C1
575,orng-07,15,2025,81,151,561,26.91622103,planted,pasture,Pasture/Hay,#DBD83D
575,orng-07,15,2025,82,1,561,0.178253119,planted,cultivated crops,Cultivated Crops,#AA7028
575,orng-07,15,2025,90,8,561,1.426024955,wetlands,wetlands,Woody Wetlands,#BAD8EA
576,orng-07,16,2025,21,83,560,14.82142857,developed,developed,"Developed, Open Space",#DDC9C9
576,orng-07,16,2025,22,29,560,5.178571429,developed,developed,"Developed, Low Intensity",#D89382
576,orng-07,16,2025,41,188,560,33.57142857,forest,deciduous forest,Deciduous Forest,#68AA63
576,orng-07,16,2025,43,11,560,1.964285714,forest,mixed forest,Mixed Forest,#B5C98E
576,orng-07,16,2025,81,217,560,38.75,planted,pasture,Pasture/Hay,#DBD83D
576,orng-07,16,2025,82,32,560,5.714285714,planted,cultivated crops,Cultivated Crops,#AA7028
577,orng-07,17,2025,11,12,552,2.173913043,water,water,Open Water,#476BA0
577,orng-07,17,2025,21,36,552,6.52173913,developed,developed,"Developed, Open Space",#DDC9C9
577,orng-07,17,2025,22,35,552,6.34057971,developed,developed,"Developed, Low Intensity",#D89382
577,orng-07,17,2025,23,1,552,0.18115942,developed,developed,"Developed, Medium Intensity",#ED0000
577,orng-07,17,2025,41,120,552,21.73913043,forest,deciduous forest,Deciduous Forest,#68AA63
577,orng-07,17,2025,42,10,552,1.811594203,forest,evergreen forest,Evergreen Forest,#1C6330
577,orng-07,17,2025,43,65,552,11.77536232,forest,mixed forest,Mixed Forest,#B5C98E
577,orng-07,17,2025,81,273,552,49.45652174,planted,pasture,Pasture/Hay,#DBD83D
578,orng-07,18,2025,11,3,560,0.535714286,water,water,Open Water,#476BA0
578,orng-07,18,2025,21,28,560,5,developed,developed,"Developed, Open Space",#DDC9C9
578,orng-07,18,2025,22,55,560,9.821428571,developed,developed,"Developed, Low Intensity",#D89382
578,orng-07,18,2025,23,3,560,0.535714286,developed,developed,"Developed, Medium Intensity",#ED0000
578,orng-07,18,2025,41,20,560,3.571428571,forest,deciduous forest,Deciduous Forest,#68AA63
578,orng-07,18,2025,42,2,560,0.357142857,forest,evergreen forest,Evergreen Forest,#1C6330
578,orng-07,18,2025,43,27,560,4.821428571,forest,mixed forest,Mixed Forest,#B5C98E
578,orng-07,18,2025,52,24,560,4.285714286,shrubland,shrubland,Scrub/Shrub,#CCBA7C
578,orng-07,18,2025,71,2,560,0.357142857,herbaceous,herbaceous,Grassland/Herbaceous,#E2E2C1
578,orng-07,18,2025,81,389,560,69.46428571,planted,pasture,Pasture/Hay,#DBD83D
578,orng-07,18,2025,82,7,560,1.25,planted,cultivated crops,Cultivated Crops,#AA7028
579,orng-07,19,2025,21,68,560,12.14285714,developed,developed,"Developed, Open Space",#DDC9C9
579,orng-07,19,2025,22,87,560,15.53571429,developed,developed,"Developed, Low Intensity",#D89382
579,orng-07,19,2025,23,32,560,5.714285714,developed,developed,"Developed, Medium Intensity",#ED0000
579,orng-07,19,2025,41,69,560,12.32142857,forest,deciduous forest,Deciduous Forest,#68AA63
579,orng-07,19,2025,42,10,560,1.785714286,forest,evergreen forest,Evergreen Forest,#1C6330
579,orng-07,19,2025,43,2,560,0.357142857,forest,mixed forest,Mixed Forest,#B5C98E
579,orng-07,19,2025,52,49,560,8.75,shrubland,shrubland,Scrub/Shrub,#CCBA7C
579,orng-07,19,2025,81,235,560,41.96428571,planted,pasture,Pasture/Hay,#DBD83D
579,orng-07,19,2025,82,8,560,1.428571429,planted,cultivated crops,Cultivated Crops,#AA7028
580,orng-07,20,2025,21,53,563,9.413854352,developed,developed,"Developed, Open Space",#DDC9C9
580,orng-07,20,2025,22,8,563,1.420959147,developed,developed,"Developed, Low Intensity",#D89382
580,orng-07,20,2025,41,159,563,28.24156306,forest,deciduous forest,Deciduous Forest,#68AA63
580,orng-07,20,2025,42,24,563,4.262877442,forest,evergreen forest,Evergreen Forest,#1C6330
580,orng-07,20,2025,43,79,563,14.03197158,forest,mixed forest,Mixed Forest,#B5C98E
580,orng-07,20,2025,52,113,563,20.07104796,shrubland,shrubland,Scrub/Shrub,#CCBA7C
580,orng-07,20,2025,71,47,563,8.348134991,herbaceous,herbaceous,Grassland/Herbaceous,#E2E2C1
580,orng-07,20,2025,81,80,563,14.20959147,planted,pasture,Pasture/Hay,#DBD83D
581,orng-08,1,2025,21,77,558,13.79928315,developed,developed,"Developed, Open Space",#DDC9C9
581,orng-08,1,2025,22,21,558,3.76344086,developed,developed,"Developed, Low Intensity",#D89382
581,orng-08,1,2025,41,320,558,57.34767025,forest,deciduous forest,Deciduous Forest,#68AA63
581,orng-08,1,2025,42,10,558,1.792114695,forest,evergreen forest,Evergreen Forest,#1C6330
581,orng-08,1,2025,43,33,558,5.913978495,forest,mixed forest,Mixed Forest,#B5C98E
581,orng-08,1,2025,52,9,558,1.612903226,shrubland,shrubland,Scrub/Shrub,#CCBA7C
581,orng-08,1,2025,71,9,558,1.612903226,herbaceous,herbaceous,Grassland/Herbaceous,#E2E2C1
581,orng-08,1,2025,81,79,558,14.15770609,planted,pasture,Pasture/Hay,#DBD83D
582,orng-08,2,2025,21,87,559,15.56350626,developed,developed,"Developed, Open Space",#DDC9C9
582,orng-08,2,2025,22,15,559,2.683363148,developed,developed,"Developed, Low Intensity",#D89382
582,orng-08,2,2025,41,296,559,52.95169946,forest,deciduous forest,Deciduous Forest,#68AA63
582,orng-08,2,2025,42,11,559,1.967799642,forest,evergreen forest,Evergreen Forest,#1C6330
582,orng-08,2,2025,43,41,559,7.334525939,forest,mixed forest,Mixed Forest,#B5C98E
582,orng-08,2,2025,52,8,559,1.431127013,shrubland,shrubland,Scrub/Shrub,#CCBA7C
582,orng-08,2,2025,71,9,559,1.610017889,herbaceous,herbaceous,Grassland/Herbaceous,#E2E2C1
582,orng-08,2,2025,81,92,559,16.45796064,planted,pasture,Pasture/Hay,#DBD83D
583,orng-08,3,2025,21,81,558,14.51612903,developed,developed,"Developed, Open Space",#DDC9C9
583,orng-08,3,2025,22,15,558,2.688172043,developed,developed,"Developed, Low Intensity",#D89382
583,orng-08,3,2025,41,295,558,52.86738351,forest,deciduous forest,Deciduous Forest,#68AA63
583,orng-08,3,2025,42,11,558,1.971326165,forest,evergreen forest,Evergreen Forest,#1C6330
583,orng-08,3,2025,43,47,558,8.422939068,forest,mixed forest,Mixed Forest,#B5C98E
583,orng-08,3,2025,52,8,558,1.433691756,shrubland,shrubland,Scrub/Shrub,#CCBA7C
583,orng-08,3,2025,71,9,558,1.612903226,herbaceous,herbaceous,Grassland/Herbaceous,#E2E2C1
583,orng-08,3,2025,81,92,558,16.4874552,planted,pasture,Pasture/Hay,#DBD83D
584,orng-08,4,2025,11,2,554,0.36101083,water,water,Open Water,#476BA0
584,orng-08,4,2025,21,92,554,16.60649819,developed,developed,"Developed, Open Space",#DDC9C9
584,orng-08,4,2025,22,45,554,8.122743682,developed,developed,"Developed, Low Intensity",#D89382
584,orng-08,4,2025,41,144,554,25.99277978,forest,deciduous forest,Deciduous Forest,#68AA63
584,orng-08,4,2025,42,1,554,0.180505415,forest,evergreen forest,Evergreen Forest,#1C6330
584,orng-08,4,2025,43,51,554,9.205776173,forest,mixed forest,Mixed Forest,#B5C98E
584,orng-08,4,2025,81,219,554,39.53068592,planted,pasture,Pasture/Hay,#DBD83D
585,orng-08,5,2025,21,58,552,10.50724638,developed,developed,"Developed, Open Space",#DDC9C9
585,orng-08,5,2025,22,18,552,3.260869565,developed,developed,"Developed, Low Intensity",#D89382
585,orng-08,5,2025,23,1,552,0.18115942,developed,developed,"Developed, Medium Intensity",#ED0000
585,orng-08,5,2025,41,181,552,32.78985507,forest,deciduous forest,Deciduous Forest,#68AA63
585,orng-08,5,2025,43,12,552,2.173913043,forest,mixed forest,Mixed Forest,#B5C98E
585,orng-08,5,2025,81,282,552,51.08695652,planted,pasture,Pasture/Hay,#DBD83D
586,orng-08,6,2025,21,51,561,9.090909091,developed,developed,"Developed, Open Space",#DDC9C9
586,orng-08,6,2025,22,8,561,1.426024955,developed,developed,"Developed, Low Intensity",#D89382
586,orng-08,6,2025,41,149,561,26.5597148,forest,deciduous forest,Deciduous Forest,#68AA63
586,orng-08,6,2025,42,120,561,21.39037433,forest,evergreen forest,Evergreen Forest,#1C6330
586,orng-08,6,2025,43,93,561,16.57754011,forest,mixed forest,Mixed Forest,#B5C98E
586,orng-08,6,2025,52,6,561,1.069518717,shrubland,shrubland,Scrub/Shrub,#CCBA7C
586,orng-08,6,2025,81,134,561,23.885918,planted,pasture,Pasture/Hay,#DBD83D
587,orng-08,7,2025,21,62,560,11.07142857,developed,developed,"Developed, Open Space",#DDC9C9
587,orng-08,7,2025,22,20,560,3.571428571,developed,developed,"Developed, Low Intensity",#D89382
587,orng-08,7,2025,23,3,560,0.535714286,developed,developed,"Developed, Medium Intensity",#ED0000
587,orng-08,7,2025,41,267,560,47.67857143,forest,deciduous forest,Deciduous Forest,#68AA63
587,orng-08,7,2025,42,28,560,5,forest,evergreen forest,Evergreen Forest,#1C6330
587,orng-08,7,2025,43,121,560,21.60714286,forest,mixed forest,Mixed Forest,#B5C98E
587,orng-08,7,2025,71,4,560,0.714285714,herbaceous,herbaceous,Grassland/Herbaceous,#E2E2C1
587,orng-08,7,2025,81,55,560,9.821428571,planted,pasture,Pasture/Hay,#DBD83D
588,orng-08,8,2025,11,1,555,0.18018018,water,water,Open Water,#476BA0
588,orng-08,8,2025,21,87,555,15.67567568,developed,developed,"Developed, Open Space",#DDC9C9
588,orng-08,8,2025,22,5,555,0.900900901,developed,developed,"Developed, Low Intensity",#D89382
588,orng-08,8,2025,41,128,555,23.06306306,forest,deciduous forest,Deciduous Forest,#68AA63
588,orng-08,8,2025,42,13,555,2.342342342,forest,evergreen forest,Evergreen Forest,#1C6330
588,orng-08,8,2025,43,58,555,10.45045045,forest,mixed forest,Mixed Forest,#B5C98E
588,orng-08,8,2025,81,258,555,46.48648649,planted,pasture,Pasture/Hay,#DBD83D
588,orng-08,8,2025,90,5,555,0.900900901,wetlands,wetlands,Woody Wetlands,#BAD8EA
589,orng-08,9,2025,21,73,560,13.03571429,developed,developed,"Developed, Open Space",#DDC9C9
589,orng-08,9,2025,22,4,560,0.714285714,developed,developed,"Developed, Low Intensity",#D89382
589,orng-08,9,2025,41,294,560,52.5,forest,deciduous forest,Deciduous Forest,#68AA63
589,orng-08,9,2025,42,4,560,0.714285714,forest,evergreen forest,Evergreen Forest,#1C6330
589,orng-08,9,2025,43,22,560,3.928571429,forest,mixed forest,Mixed Forest,#B5C98E
589,orng-08,9,2025,52,21,560,3.75,shrubland,shrubland,Scrub/Shrub,#CCBA7C
589,orng-08,9,2025,71,12,560,2.142857143,herbaceous,herbaceous,Grassland/Herbaceous,#E2E2C1
589,orng-08,9,2025,81,126,560,22.5,planted,pasture,Pasture/Hay,#DBD83D
589,orng-08,9,2025,90,4,560,0.714285714,wetlands,wetlands,Woody Wetlands,#BAD8EA
590,orng-08,10,2025,11,8,553,1.446654611,water,water,Open Water,#476BA0
590,orng-08,10,2025,21,127,553,22.96564195,developed,developed,"Developed, Open Space",#DDC9C9
590,orng-08,10,2025,22,12,553,2.169981917,developed,developed,"Developed, Low Intensity",#D89382
590,orng-08,10,2025,41,252,553,45.56962025,forest,deciduous forest,Deciduous Forest,#68AA63
590,orng-08,10,2025,42,11,553,1.98915009,forest,evergreen forest,Evergreen Forest,#1C6330
590,orng-08,10,2025,43,30,553,5.424954792,forest,mixed forest,Mixed Forest,#B5C98E
590,orng-08,10,2025,71,3,553,0.542495479,herbaceous,herbaceous,Grassland/Herbaceous,#E2E2C1
590,orng-08,10,2025,81,110,553,19.8915009,planted,pasture,Pasture/Hay,#DBD83D
591,orng-08,11,2025,21,62,560,11.07142857,developed,developed,"Developed, Open Space",#DDC9C9
591,orng-08,11,2025,22,7,560,1.25,developed,developed,"Developed, Low Intensity",#D89382
591,orng-08,11,2025,41,278,560,49.64285714,forest,deciduous forest,Deciduous Forest,#68AA63
591,orng-08,11,2025,42,94,560,16.78571429,forest,evergreen forest,Evergreen Forest,#1C6330
591,orng-08,11,2025,43,53,560,9.464285714,forest,mixed forest,Mixed Forest,#B5C98E
591,orng-08,11,2025,81,66,560,11.78571429,planted,pasture,Pasture/Hay,#DBD83D
592,orng-08,12,2025,21,85,554,15.34296029,developed,developed,"Developed, Open Space",#DDC9C9
592,orng-08,12,2025,22,8,554,1.444043321,developed,developed,"Developed, Low Intensity",#D89382
592,orng-08,12,2025,41,121,554,21.84115523,forest,deciduous forest,Deciduous Forest,#68AA63
592,orng-08,12,2025,42,73,554,13.17689531,forest,evergreen forest,Evergreen Forest,#1C6330
592,orng-08,12,2025,43,61,554,11.01083032,forest,mixed forest,Mixed Forest,#B5C98E
592,orng-08,12,2025,52,2,554,0.36101083,shrubland,shrubland,Scrub/Shrub,#CCBA7C
592,orng-08,12,2025,71,32,554,5.776173285,herbaceous,herbaceous,Grassland/Herbaceous,#E2E2C1
592,orng-08,12,2025,81,172,554,31.04693141,planted,pasture,Pasture/Hay,#DBD83D
593,orng-08,13,2025,21,57,560,10.17857143,developed,developed,"Developed, Open Space",#DDC9C9
593,orng-08,13,2025,22,1,560,0.178571429,developed,developed,"Developed, Low Intensity",#D89382
593,orng-08,13,2025,41,267,560,47.67857143,forest,deciduous forest,Deciduous Forest,#68AA63
593,orng-08,13,2025,42,8,560,1.428571429,forest,evergreen forest,Evergreen Forest,#1C6330
593,orng-08,13,2025,43,55,560,9.821428571,forest,mixed forest,Mixed Forest,#B5C98E
593,orng-08,13,2025,52,49,560,8.75,shrubland,shrubland,Scrub/Shrub,#CCBA7C
593,orng-08,13,2025,71,22,560,3.928571429,herbaceous,herbaceous,Grassland/Herbaceous,#E2E2C1
593,orng-08,13,2025,81,101,560,18.03571429,planted,pasture,Pasture/Hay,#DBD83D
594,orng-08,14,2025,21,80,557,14.36265709,developed,developed,"Developed, Open Space",#DDC9C9
594,orng-08,14,2025,41,183,557,32.8545781,forest,deciduous forest,Deciduous Forest,#68AA63
594,orng-08,14,2025,42,116,557,20.82585278,forest,evergreen forest,Evergreen Forest,#1C6330
594,orng-08,14,2025,43,69,557,12.38779174,forest,mixed forest,Mixed Forest,#B5C98E
594,orng-08,14,2025,52,6,557,1.077199282,shrubland,shrubland,Scrub/Shrub,#CCBA7C
594,orng-08,14,2025,71,44,557,7.8994614,herbaceous,herbaceous,Grassland/Herbaceous,#E2E2C1
594,orng-08,14,2025,81,59,557,10.59245961,planted,pasture,Pasture/Hay,#DBD83D
595,orng-08,15,2025,21,48,560,8.571428571,developed,developed,"Developed, Open Space",#DDC9C9
595,orng-08,15,2025,22,3,560,0.535714286,developed,developed,"Developed, Low Intensity",#D89382
595,orng-08,15,2025,41,95,560,16.96428571,forest,deciduous forest,Deciduous Forest,#68AA63
595,orng-08,15,2025,42,187,560,33.39285714,forest,evergreen forest,Evergreen Forest,#1C6330
595,orng-08,15,2025,43,142,560,25.35714286,forest,mixed forest,Mixed Forest,#B5C98E
595,orng-08,15,2025,71,11,560,1.964285714,herbaceous,herbaceous,Grassland/Herbaceous,#E2E2C1
595,orng-08,15,2025,81,33,560,5.892857143,planted,pasture,Pasture/Hay,#DBD83D
595,orng-08,15,2025,90,41,560,7.321428571,wetlands,wetlands,Woody Wetlands,#BAD8EA
596,orng-08,16,2025,11,13,559,2.325581395,water,water,Open Water,#476BA0
596,orng-08,16,2025,21,50,559,8.944543828,developed,developed,"Developed, Open Space",#DDC9C9
596,orng-08,16,2025,22,10,559,1.788908766,developed,developed,"Developed, Low Intensity",#D89382
596,orng-08,16,2025,41,93,559,16.63685152,forest,deciduous forest,Deciduous Forest,#68AA63
596,orng-08,16,2025,42,105,559,18.78354204,forest,evergreen forest,Evergreen Forest,#1C6330
596,orng-08,16,2025,43,151,559,27.01252236,forest,mixed forest,Mixed Forest,#B5C98E
596,orng-08,16,2025,71,2,559,0.357781753,herbaceous,herbaceous,Grassland/Herbaceous,#E2E2C1
596,orng-08,16,2025,81,104,559,18.60465116,planted,pasture,Pasture/Hay,#DBD83D
596,orng-08,16,2025,90,31,559,5.545617174,wetlands,wetlands,Woody Wetlands,#BAD8EA
597,orng-08,17,2025,11,1,560,0.178571429,water,water,Open Water,#476BA0
597,orng-08,17,2025,21,51,560,9.107142857,developed,developed,"Developed, Open Space",#DDC9C9
597,orng-08,17,2025,22,5,560,0.892857143,developed,developed,"Developed, Low Intensity",#D89382
597,orng-08,17,2025,41,224,560,40,forest,deciduous forest,Deciduous Forest,#68AA63
597,orng-08,17,2025,42,48,560,8.571428571,forest,evergreen forest,Evergreen Forest,#1C6330
597,orng-08,17,2025,43,95,560,16.96428571,forest,mixed forest,Mixed Forest,#B5C98E
597,orng-08,17,2025,52,8,560,1.428571429,shrubland,shrubland,Scrub/Shrub,#CCBA7C
597,orng-08,17,2025,71,5,560,0.892857143,herbaceous,herbaceous,Grassland/Herbaceous,#E2E2C1
597,orng-08,17,2025,81,123,560,21.96428571,planted,pasture,Pasture/Hay,#DBD83D
598,orng-08,18,2025,11,1,560,0.178571429,water,water,Open Water,#476BA0
598,orng-08,18,2025,21,46,560,8.214285714,developed,developed,"Developed, Open Space",#DDC9C9
598,orng-08,18,2025,22,14,560,2.5,developed,developed,"Developed, Low Intensity",#D89382
598,orng-08,18,2025,41,169,560,30.17857143,forest,deciduous forest,Deciduous Forest,#68AA63
598,orng-08,18,2025,42,3,560,0.535714286,forest,evergreen forest,Evergreen Forest,#1C6330
598,orng-08,18,2025,43,32,560,5.714285714,forest,mixed forest,Mixed Forest,#B5C98E
598,orng-08,18,2025,81,250,560,44.64285714,planted,pasture,Pasture/Hay,#DBD83D
598,orng-08,18,2025,82,45,560,8.035714286,planted,cultivated crops,Cultivated Crops,#AA7028
599,orng-08,19,2025,21,94,554,16.96750903,developed,developed,"Developed, Open Space",#DDC9C9
599,orng-08,19,2025,22,11,554,1.985559567,developed,developed,"Developed, Low Intensity",#D89382
599,orng-08,19,2025,23,1,554,0.180505415,developed,developed,"Developed, Medium Intensity",#ED0000
599,orng-08,19,2025,41,135,554,24.36823105,forest,deciduous forest,Deciduous Forest,#68AA63
599,orng-08,19,2025,42,12,554,2.166064982,forest,evergreen forest,Evergreen Forest,#1C6330
599,orng-08,19,2025,43,38,554,6.859205776,forest,mixed forest,Mixed Forest,#B5C98E
599,orng-08,19,2025,81,254,554,45.84837545,planted,pasture,Pasture/Hay,#DBD83D
599,orng-08,19,2025,90,8,554,1.444043321,wetlands,wetlands,Woody Wetlands,#BAD8EA
599,orng-08,19,2025,95,1,554,0.180505415,wetlands,wetlands,Emergent Herbaceous Wetlands,#70A3BA
600,orng-08,20,2025,11,5,562,0.889679715,water,water,Open Water,#476BA0
600,orng-08,20,2025,21,32,562,5.693950178,developed,developed,"Developed, Open Space",#DDC9C9
600,orng-08,20,2025,22,22,562,3.914590747,developed,developed,"Developed, Low Intensity",#D89382
600,orng-08,20,2025,23,2,562,0.355871886,developed,developed,"Developed, Medium Intensity",#ED0000
600,orng-08,20,2025,41,234,562,41.63701068,forest,deciduous forest,Deciduous Forest,#68AA63
600,orng-08,20,2025,42,9,562,1.601423488,forest,evergreen forest,Evergreen Forest,#1C6330
600,orng-08,20,2025,43,94,562,16.72597865,forest,mixed forest,Mixed Forest,#B5C98E
600,orng-08,20,2025,52,2,562,0.355871886,shrubland,shrubland,Scrub/Shrub,#CCBA7C
600,orng-08,20,2025,81,144,562,25.6227758,planted,pasture,Pasture/Hay,#DBD83D
600,orng-08,20,2025,82,15,562,2.669039146,planted,cultivated crops,Cultivated Crops,#AA7028
600,orng-08,20,2025,90,3,562,0.533807829,wetlands,wetlands,Woody Wetlands,#BAD8EA
601,orng-09,1,2025,21,75,563,13.32149201,developed,developed,"Developed, Open Space",#DDC9C9
601,orng-09,1,2025,22,5,563,0.888099467,developed,developed,"Developed, Low Intensity",#D89382
601,orng-09,1,2025,41,68,563,12.07815275,forest,deciduous forest,Deciduous Forest,#68AA63
601,orng-09,1,2025,42,50,563,8.880994671,forest,evergreen forest,Evergreen Forest,#1C6330
601,orng-09,1,2025,43,24,563,4.262877442,forest,mixed forest,Mixed Forest,#B5C98E
601,orng-09,1,2025,52,3,563,0.53285968,shrubland,shrubland,Scrub/Shrub,#CCBA7C
601,orng-09,1,2025,71,1,563,0.177619893,herbaceous,herbaceous,Grassland/Herbaceous,#E2E2C1
601,orng-09,1,2025,81,316,563,56.12788632,planted,pasture,Pasture/Hay,#DBD83D
601,orng-09,1,2025,90,21,563,3.730017762,wetlands,wetlands,Woody Wetlands,#BAD8EA
602,orng-09,2,2025,21,59,559,10.55456172,developed,developed,"Developed, Open Space",#DDC9C9
602,orng-09,2,2025,22,2,559,0.357781753,developed,developed,"Developed, Low Intensity",#D89382
602,orng-09,2,2025,41,211,559,37.74597496,forest,deciduous forest,Deciduous Forest,#68AA63
602,orng-09,2,2025,42,123,559,22.00357782,forest,evergreen forest,Evergreen Forest,#1C6330
602,orng-09,2,2025,43,76,559,13.59570662,forest,mixed forest,Mixed Forest,#B5C98E
602,orng-09,2,2025,52,12,559,2.146690519,shrubland,shrubland,Scrub/Shrub,#CCBA7C
602,orng-09,2,2025,81,71,559,12.70125224,planted,pasture,Pasture/Hay,#DBD83D
602,orng-09,2,2025,90,5,559,0.894454383,wetlands,wetlands,Woody Wetlands,#BAD8EA
603,orng-09,3,2025,21,56,561,9.982174688,developed,developed,"Developed, Open Space",#DDC9C9
603,orng-09,3,2025,41,403,561,71.83600713,forest,deciduous forest,Deciduous Forest,#68AA63
603,orng-09,3,2025,42,33,561,5.882352941,forest,evergreen forest,Evergreen Forest,#1C6330
603,orng-09,3,2025,43,61,561,10.87344029,forest,mixed forest,Mixed Forest,#B5C98E
603,orng-09,3,2025,52,3,561,0.534759358,shrubland,shrubland,Scrub/Shrub,#CCBA7C
603,orng-09,3,2025,71,1,561,0.178253119,herbaceous,herbaceous,Grassland/Herbaceous,#E2E2C1
603,orng-09,3,2025,81,4,561,0.713012478,planted,pasture,Pasture/Hay,#DBD83D
604,orng-09,4,2025,21,58,559,10.37567084,developed,developed,"Developed, Open Space",#DDC9C9
604,orng-09,4,2025,22,2,559,0.357781753,developed,developed,"Developed, Low Intensity",#D89382
604,orng-09,4,2025,41,277,559,49.55277281,forest,deciduous forest,Deciduous Forest,#68AA63
604,orng-09,4,2025,42,59,559,10.55456172,forest,evergreen forest,Evergreen Forest,#1C6330
604,orng-09,4,2025,43,153,559,27.37030411,forest,mixed forest,Mixed Forest,#B5C98E
604,orng-09,4,2025,81,3,559,0.53667263,planted,pasture,Pasture/Hay,#DBD83D
604,orng-09,4,2025,90,7,559,1.252236136,wetlands,wetlands,Woody Wetlands,#BAD8EA
605,orng-09,5,2025,21,59,557,10.59245961,developed,developed,"Developed, Open Space",#DDC9C9
605,orng-09,5,2025,22,1,557,0.179533214,developed,developed,"Developed, Low Intensity",#D89382
605,orng-09,5,2025,41,261,557,46.85816876,forest,deciduous forest,Deciduous Forest,#68AA63
605,orng-09,5,2025,42,99,557,17.77378815,forest,evergreen forest,Evergreen Forest,#1C6330
605,orng-09,5,2025,43,134,557,24.05745063,forest,mixed forest,Mixed Forest,#B5C98E
605,orng-09,5,2025,81,3,557,0.538599641,planted,pasture,Pasture/Hay,#DBD83D
606,orng-09,6,2025,11,5,559,0.894454383,water,water,Open Water,#476BA0
606,orng-09,6,2025,21,73,559,13.05903399,developed,developed,"Developed, Open Space",#DDC9C9
606,orng-09,6,2025,22,13,559,2.325581395,developed,developed,"Developed, Low Intensity",#D89382
606,orng-09,6,2025,NA,1,559,0.178890877,NA,NA,Barren Land,NA
606,orng-09,6,2025,41,84,559,15.02683363,forest,deciduous forest,Deciduous Forest,#68AA63
606,orng-09,6,2025,42,255,559,45.61717352,forest,evergreen forest,Evergreen Forest,#1C6330
606,orng-09,6,2025,43,77,559,13.7745975,forest,mixed forest,Mixed Forest,#B5C98E
606,orng-09,6,2025,52,21,559,3.756708408,shrubland,shrubland,Scrub/Shrub,#CCBA7C
606,orng-09,6,2025,71,9,559,1.610017889,herbaceous,herbaceous,Grassland/Herbaceous,#E2E2C1
606,orng-09,6,2025,81,21,559,3.756708408,planted,pasture,Pasture/Hay,#DBD83D
607,orng-09,7,2025,21,88,561,15.68627451,developed,developed,"Developed, Open Space",#DDC9C9
607,orng-09,7,2025,22,32,561,5.704099822,developed,developed,"Developed, Low Intensity",#D89382
607,orng-09,7,2025,23,11,561,1.960784314,developed,developed,"Developed, Medium Intensity",#ED0000
607,orng-09,7,2025,41,56,561,9.982174688,forest,deciduous forest,Deciduous Forest,#68AA63
607,orng-09,7,2025,42,132,561,23.52941176,forest,evergreen forest,Evergreen Forest,#1C6330
607,orng-09,7,2025,43,69,561,12.29946524,forest,mixed forest,Mixed Forest,#B5C98E
607,orng-09,7,2025,52,8,561,1.426024955,shrubland,shrubland,Scrub/Shrub,#CCBA7C
607,orng-09,7,2025,71,4,561,0.713012478,herbaceous,herbaceous,Grassland/Herbaceous,#E2E2C1
607,orng-09,7,2025,81,161,561,28.69875223,planted,pasture,Pasture/Hay,#DBD83D
608,orng-09,8,2025,11,2,560,0.357142857,water,water,Open Water,#476BA0
608,orng-09,8,2025,21,68,560,12.14285714,developed,developed,"Developed, Open Space",#DDC9C9
608,orng-09,8,2025,22,8,560,1.428571429,developed,developed,"Developed, Low Intensity",#D89382
608,orng-09,8,2025,41,211,560,37.67857143,forest,deciduous forest,Deciduous Forest,#68AA63
608,orng-09,8,2025,42,72,560,12.85714286,forest,evergreen forest,Evergreen Forest,#1C6330
608,orng-09,8,2025,43,87,560,15.53571429,forest,mixed forest,Mixed Forest,#B5C98E
608,orng-09,8,2025,52,5,560,0.892857143,shrubland,shrubland,Scrub/Shrub,#CCBA7C
608,orng-09,8,2025,71,9,560,1.607142857,herbaceous,herbaceous,Grassland/Herbaceous,#E2E2C1
608,orng-09,8,2025,81,98,560,17.5,planted,pasture,Pasture/Hay,#DBD83D
609,orng-09,9,2025,21,56,558,10.03584229,developed,developed,"Developed, Open Space",#DDC9C9
609,orng-09,9,2025,22,4,558,0.716845878,developed,developed,"Developed, Low Intensity",#D89382
609,orng-09,9,2025,41,217,558,38.88888889,forest,deciduous forest,Deciduous Forest,#68AA63
609,orng-09,9,2025,42,104,558,18.63799283,forest,evergreen forest,Evergreen Forest,#1C6330
609,orng-09,9,2025,43,157,558,28.13620072,forest,mixed forest,Mixed Forest,#B5C98E
609,orng-09,9,2025,71,1,558,0.17921147,herbaceous,herbaceous,Grassland/Herbaceous,#E2E2C1
609,orng-09,9,2025,81,19,558,3.405017921,planted,pasture,Pasture/Hay,#DBD83D
610,orng-09,10,2025,21,69,562,12.27758007,developed,developed,"Developed, Open Space",#DDC9C9
610,orng-09,10,2025,22,9,562,1.601423488,developed,developed,"Developed, Low Intensity",#D89382
610,orng-09,10,2025,41,147,562,26.15658363,forest,deciduous forest,Deciduous Forest,#68AA63
610,orng-09,10,2025,42,203,562,36.12099644,forest,evergreen forest,Evergreen Forest,#1C6330
610,orng-09,10,2025,43,122,562,21.70818505,forest,mixed forest,Mixed Forest,#B5C98E
610,orng-09,10,2025,81,12,562,2.135231317,planted,pasture,Pasture/Hay,#DBD83D
611,orng-09,11,2025,21,41,560,7.321428571,developed,developed,"Developed, Open Space",#DDC9C9
611,orng-09,11,2025,22,7,560,1.25,developed,developed,"Developed, Low Intensity",#D89382
611,orng-09,11,2025,41,157,560,28.03571429,forest,deciduous forest,Deciduous Forest,#68AA63
611,orng-09,11,2025,42,175,560,31.25,forest,evergreen forest,Evergreen Forest,#1C6330
611,orng-09,11,2025,43,135,560,24.10714286,forest,mixed forest,Mixed Forest,#B5C98E
611,orng-09,11,2025,81,45,560,8.035714286,planted,pasture,Pasture/Hay,#DBD83D
612,orng-09,12,2025,11,2,562,0.355871886,water,water,Open Water,#476BA0
612,orng-09,12,2025,21,50,562,8.896797153,developed,developed,"Developed, Open Space",#DDC9C9
612,orng-09,12,2025,22,1,562,0.177935943,developed,developed,"Developed, Low Intensity",#D89382
612,orng-09,12,2025,41,58,562,10.3202847,forest,deciduous forest,Deciduous Forest,#68AA63
612,orng-09,12,2025,42,150,562,26.69039146,forest,evergreen forest,Evergreen Forest,#1C6330
612,orng-09,12,2025,43,118,562,20.99644128,forest,mixed forest,Mixed Forest,#B5C98E
612,orng-09,12,2025,81,183,562,32.56227758,planted,pasture,Pasture/Hay,#DBD83D
613,orng-09,13,2025,21,55,558,9.856630824,developed,developed,"Developed, Open Space",#DDC9C9
613,orng-09,13,2025,22,4,558,0.716845878,developed,developed,"Developed, Low Intensity",#D89382
613,orng-09,13,2025,41,83,558,14.87455197,forest,deciduous forest,Deciduous Forest,#68AA63
613,orng-09,13,2025,42,177,558,31.72043011,forest,evergreen forest,Evergreen Forest,#1C6330
613,orng-09,13,2025,43,167,558,29.92831541,forest,mixed forest,Mixed Forest,#B5C98E
613,orng-09,13,2025,52,10,558,1.792114695,shrubland,shrubland,Scrub/Shrub,#CCBA7C
613,orng-09,13,2025,71,58,558,10.39426523,herbaceous,herbaceous,Grassland/Herbaceous,#E2E2C1
613,orng-09,13,2025,81,4,558,0.716845878,planted,pasture,Pasture/Hay,#DBD83D
614,orng-09,14,2025,21,56,560,10,developed,developed,"Developed, Open Space",#DDC9C9
614,orng-09,14,2025,22,11,560,1.964285714,developed,developed,"Developed, Low Intensity",#D89382
614,orng-09,14,2025,41,139,560,24.82142857,forest,deciduous forest,Deciduous Forest,#68AA63
614,orng-09,14,2025,42,37,560,6.607142857,forest,evergreen forest,Evergreen Forest,#1C6330
614,orng-09,14,2025,43,120,560,21.42857143,forest,mixed forest,Mixed Forest,#B5C98E
614,orng-09,14,2025,52,14,560,2.5,shrubland,shrubland,Scrub/Shrub,#CCBA7C
614,orng-09,14,2025,71,117,560,20.89285714,herbaceous,herbaceous,Grassland/Herbaceous,#E2E2C1
614,orng-09,14,2025,81,66,560,11.78571429,planted,pasture,Pasture/Hay,#DBD83D
615,orng-09,15,2025,11,9,557,1.615798923,water,water,Open Water,#476BA0
615,orng-09,15,2025,21,66,557,11.8491921,developed,developed,"Developed, Open Space",#DDC9C9
615,orng-09,15,2025,22,7,557,1.256732496,developed,developed,"Developed, Low Intensity",#D89382
615,orng-09,15,2025,41,81,557,14.54219031,forest,deciduous forest,Deciduous Forest,#68AA63
615,orng-09,15,2025,42,228,557,40.93357271,forest,evergreen forest,Evergreen Forest,#1C6330
615,orng-09,15,2025,43,149,557,26.75044883,forest,mixed forest,Mixed Forest,#B5C98E
615,orng-09,15,2025,52,3,557,0.538599641,shrubland,shrubland,Scrub/Shrub,#CCBA7C
615,orng-09,15,2025,71,3,557,0.538599641,herbaceous,herbaceous,Grassland/Herbaceous,#E2E2C1
615,orng-09,15,2025,81,11,557,1.97486535,planted,pasture,Pasture/Hay,#DBD83D
616,orng-09,16,2025,11,1,557,0.179533214,water,water,Open Water,#476BA0
616,orng-09,16,2025,21,57,557,10.23339318,developed,developed,"Developed, Open Space",#DDC9C9
616,orng-09,16,2025,22,7,557,1.256732496,developed,developed,"Developed, Low Intensity",#D89382
616,orng-09,16,2025,41,112,557,20.10771993,forest,deciduous forest,Deciduous Forest,#68AA63
616,orng-09,16,2025,42,233,557,41.83123878,forest,evergreen forest,Evergreen Forest,#1C6330
616,orng-09,16,2025,43,116,557,20.82585278,forest,mixed forest,Mixed Forest,#B5C98E
616,orng-09,16,2025,71,2,557,0.359066427,herbaceous,herbaceous,Grassland/Herbaceous,#E2E2C1
616,orng-09,16,2025,81,29,557,5.206463196,planted,pasture,Pasture/Hay,#DBD83D
617,orng-09,17,2025,21,59,558,10.5734767,developed,developed,"Developed, Open Space",#DDC9C9
617,orng-09,17,2025,22,24,558,4.301075269,developed,developed,"Developed, Low Intensity",#D89382
617,orng-09,17,2025,41,89,558,15.94982079,forest,deciduous forest,Deciduous Forest,#68AA63
617,orng-09,17,2025,42,251,558,44.98207885,forest,evergreen forest,Evergreen Forest,#1C6330
617,orng-09,17,2025,43,93,558,16.66666667,forest,mixed forest,Mixed Forest,#B5C98E
617,orng-09,17,2025,52,6,558,1.075268817,shrubland,shrubland,Scrub/Shrub,#CCBA7C
617,orng-09,17,2025,71,11,558,1.971326165,herbaceous,herbaceous,Grassland/Herbaceous,#E2E2C1
617,orng-09,17,2025,81,25,558,4.480286738,planted,pasture,Pasture/Hay,#DBD83D
618,orng-09,18,2025,21,87,557,15.61938959,developed,developed,"Developed, Open Space",#DDC9C9
618,orng-09,18,2025,22,14,557,2.513464991,developed,developed,"Developed, Low Intensity",#D89382
618,orng-09,18,2025,41,166,557,29.80251346,forest,deciduous forest,Deciduous Forest,#68AA63
618,orng-09,18,2025,42,47,557,8.438061041,forest,evergreen forest,Evergreen Forest,#1C6330
618,orng-09,18,2025,43,77,557,13.82405745,forest,mixed forest,Mixed Forest,#B5C98E
618,orng-09,18,2025,71,3,557,0.538599641,herbaceous,herbaceous,Grassland/Herbaceous,#E2E2C1
618,orng-09,18,2025,81,163,557,29.26391382,planted,pasture,Pasture/Hay,#DBD83D
619,orng-09,19,2025,21,103,558,18.45878136,developed,developed,"Developed, Open Space",#DDC9C9
619,orng-09,19,2025,22,22,558,3.94265233,developed,developed,"Developed, Low Intensity",#D89382
619,orng-09,19,2025,41,204,558,36.55913978,forest,deciduous forest,Deciduous Forest,#68AA63
619,orng-09,19,2025,42,48,558,8.602150538,forest,evergreen forest,Evergreen Forest,#1C6330
619,orng-09,19,2025,43,137,558,24.55197133,forest,mixed forest,Mixed Forest,#B5C98E
619,orng-09,19,2025,81,44,558,7.885304659,planted,pasture,Pasture/Hay,#DBD83D
620,orng-09,20,2025,11,7,561,1.247771836,water,water,Open Water,#476BA0
620,orng-09,20,2025,21,59,561,10.51693405,developed,developed,"Developed, Open Space",#DDC9C9
620,orng-09,20,2025,22,9,561,1.604278075,developed,developed,"Developed, Low Intensity",#D89382
620,orng-09,20,2025,23,1,561,0.178253119,developed,developed,"Developed, Medium Intensity",#ED0000
620,orng-09,20,2025,41,144,561,25.6684492,forest,deciduous forest,Deciduous Forest,#68AA63
620,orng-09,20,2025,42,77,561,13.7254902,forest,evergreen forest,Evergreen Forest,#1C6330
620,orng-09,20,2025,43,151,561,26.91622103,forest,mixed forest,Mixed Forest,#B5C98E
620,orng-09,20,2025,71,3,561,0.534759358,herbaceous,herbaceous,Grassland/Herbaceous,#E2E2C1
620,orng-09,20,2025,81,110,561,19.60784314,planted,pasture,Pasture/Hay,#DBD83D
621,orng-10,1,2025,11,2,554,0.36101083,water,water,Open Water,#476BA0
621,orng-10,1,2025,21,105,554,18.95306859,developed,developed,"Developed, Open Space",#DDC9C9
621,orng-10,1,2025,22,18,554,3.249097473,developed,developed,"Developed, Low Intensity",#D89382
621,orng-10,1,2025,41,153,554,27.61732852,forest,deciduous forest,Deciduous Forest,#68AA63
621,orng-10,1,2025,42,30,554,5.415162455,forest,evergreen forest,Evergreen Forest,#1C6330
621,orng-10,1,2025,43,161,554,29.06137184,forest,mixed forest,Mixed Forest,#B5C98E
621,orng-10,1,2025,52,8,554,1.444043321,shrubland,shrubland,Scrub/Shrub,#CCBA7C
621,orng-10,1,2025,71,4,554,0.722021661,herbaceous,herbaceous,Grassland/Herbaceous,#E2E2C1
621,orng-10,1,2025,81,73,554,13.17689531,planted,pasture,Pasture/Hay,#DBD83D
622,orng-10,2,2025,21,91,554,16.42599278,developed,developed,"Developed, Open Space",#DDC9C9
622,orng-10,2,2025,22,9,554,1.624548736,developed,developed,"Developed, Low Intensity",#D89382
622,orng-10,2,2025,41,220,554,39.71119134,forest,deciduous forest,Deciduous Forest,#68AA63
622,orng-10,2,2025,42,45,554,8.122743682,forest,evergreen forest,Evergreen Forest,#1C6330
622,orng-10,2,2025,43,109,554,19.67509025,forest,mixed forest,Mixed Forest,#B5C98E
622,orng-10,2,2025,71,11,554,1.985559567,herbaceous,herbaceous,Grassland/Herbaceous,#E2E2C1
622,orng-10,2,2025,81,69,554,12.45487365,planted,pasture,Pasture/Hay,#DBD83D
623,orng-10,3,2025,11,2,558,0.358422939,water,water,Open Water,#476BA0
623,orng-10,3,2025,21,102,558,18.27956989,developed,developed,"Developed, Open Space",#DDC9C9
623,orng-10,3,2025,22,19,558,3.405017921,developed,developed,"Developed, Low Intensity",#D89382
623,orng-10,3,2025,41,150,558,26.88172043,forest,deciduous forest,Deciduous Forest,#68AA63
623,orng-10,3,2025,42,23,558,4.121863799,forest,evergreen forest,Evergreen Forest,#1C6330
623,orng-10,3,2025,43,152,558,27.24014337,forest,mixed forest,Mixed Forest,#B5C98E
623,orng-10,3,2025,71,4,558,0.716845878,herbaceous,herbaceous,Grassland/Herbaceous,#E2E2C1
623,orng-10,3,2025,81,106,558,18.99641577,planted,pasture,Pasture/Hay,#DBD83D
624,orng-10,4,2025,21,65,555,11.71171171,developed,developed,"Developed, Open Space",#DDC9C9
624,orng-10,4,2025,22,73,555,13.15315315,developed,developed,"Developed, Low Intensity",#D89382
624,orng-10,4,2025,23,40,555,7.207207207,developed,developed,"Developed, Medium Intensity",#ED0000
624,orng-10,4,2025,41,372,555,67.02702703,forest,deciduous forest,Deciduous Forest,#68AA63
624,orng-10,4,2025,43,5,555,0.900900901,forest,mixed forest,Mixed Forest,#B5C98E
625,orng-10,5,2025,21,91,553,16.4556962,developed,developed,"Developed, Open Space",#DDC9C9
625,orng-10,5,2025,22,35,553,6.329113924,developed,developed,"Developed, Low Intensity",#D89382
625,orng-10,5,2025,23,21,553,3.797468354,developed,developed,"Developed, Medium Intensity",#ED0000
625,orng-10,5,2025,24,6,553,1.084990958,developed,developed,"Developed, High Intensity",#AA0000
625,orng-10,5,2025,41,195,553,35.26220615,forest,deciduous forest,Deciduous Forest,#68AA63
625,orng-10,5,2025,42,2,553,0.361663653,forest,evergreen forest,Evergreen Forest,#1C6330
625,orng-10,5,2025,43,55,553,9.945750452,forest,mixed forest,Mixed Forest,#B5C98E
625,orng-10,5,2025,71,3,553,0.542495479,herbaceous,herbaceous,Grassland/Herbaceous,#E2E2C1
625,orng-10,5,2025,81,145,553,26.22061483,planted,pasture,Pasture/Hay,#DBD83D
626,orng-10,6,2025,11,28,560,5,water,water,Open Water,#476BA0
626,orng-10,6,2025,21,100,560,17.85714286,developed,developed,"Developed, Open Space",#DDC9C9
626,orng-10,6,2025,22,9,560,1.607142857,developed,developed,"Developed, Low Intensity",#D89382
626,orng-10,6,2025,41,174,560,31.07142857,forest,deciduous forest,Deciduous Forest,#68AA63
626,orng-10,6,2025,42,12,560,2.142857143,forest,evergreen forest,Evergreen Forest,#1C6330
626,orng-10,6,2025,43,77,560,13.75,forest,mixed forest,Mixed Forest,#B5C98E
626,orng-10,6,2025,52,5,560,0.892857143,shrubland,shrubland,Scrub/Shrub,#CCBA7C
626,orng-10,6,2025,71,3,560,0.535714286,herbaceous,herbaceous,Grassland/Herbaceous,#E2E2C1
626,orng-10,6,2025,81,152,560,27.14285714,planted,pasture,Pasture/Hay,#DBD83D
627,orng-10,7,2025,11,15,553,2.712477396,water,water,Open Water,#476BA0
627,orng-10,7,2025,21,97,553,17.54068716,developed,developed,"Developed, Open Space",#DDC9C9
627,orng-10,7,2025,22,8,553,1.446654611,developed,developed,"Developed, Low Intensity",#D89382
627,orng-10,7,2025,41,267,553,48.28209765,forest,deciduous forest,Deciduous Forest,#68AA63
627,orng-10,7,2025,42,6,553,1.084990958,forest,evergreen forest,Evergreen Forest,#1C6330
627,orng-10,7,2025,43,114,553,20.61482821,forest,mixed forest,Mixed Forest,#B5C98E
627,orng-10,7,2025,71,2,553,0.361663653,herbaceous,herbaceous,Grassland/Herbaceous,#E2E2C1
627,orng-10,7,2025,81,44,553,7.956600362,planted,pasture,Pasture/Hay,#DBD83D
628,orng-10,8,2025,21,68,559,12.16457961,developed,developed,"Developed, Open Space",#DDC9C9
628,orng-10,8,2025,22,3,559,0.53667263,developed,developed,"Developed, Low Intensity",#D89382
628,orng-10,8,2025,41,261,559,46.69051878,forest,deciduous forest,Deciduous Forest,#68AA63
628,orng-10,8,2025,42,32,559,5.72450805,forest,evergreen forest,Evergreen Forest,#1C6330
628,orng-10,8,2025,43,146,559,26.11806798,forest,mixed forest,Mixed Forest,#B5C98E
628,orng-10,8,2025,81,49,559,8.765652952,planted,pasture,Pasture/Hay,#DBD83D
629,orng-10,9,2025,11,2,558,0.358422939,water,water,Open Water,#476BA0
629,orng-10,9,2025,21,108,558,19.35483871,developed,developed,"Developed, Open Space",#DDC9C9
629,orng-10,9,2025,22,1,558,0.17921147,developed,developed,"Developed, Low Intensity",#D89382
629,orng-10,9,2025,41,184,558,32.97491039,forest,deciduous forest,Deciduous Forest,#68AA63
629,orng-10,9,2025,42,14,558,2.508960573,forest,evergreen forest,Evergreen Forest,#1C6330
629,orng-10,9,2025,43,164,558,29.390681,forest,mixed forest,Mixed Forest,#B5C98E
629,orng-10,9,2025,71,1,558,0.17921147,herbaceous,herbaceous,Grassland/Herbaceous,#E2E2C1
629,orng-10,9,2025,81,84,558,15.05376344,planted,pasture,Pasture/Hay,#DBD83D
630,orng-10,10,2025,11,21,561,3.743315508,water,water,Open Water,#476BA0
630,orng-10,10,2025,21,300,561,53.47593583,developed,developed,"Developed, Open Space",#DDC9C9
630,orng-10,10,2025,22,64,561,11.40819964,developed,developed,"Developed, Low Intensity",#D89382
630,orng-10,10,2025,23,10,561,1.782531194,developed,developed,"Developed, Medium Intensity",#ED0000
630,orng-10,10,2025,24,3,561,0.534759358,developed,developed,"Developed, High Intensity",#AA0000
630,orng-10,10,2025,41,106,561,18.89483066,forest,deciduous forest,Deciduous Forest,#68AA63
630,orng-10,10,2025,42,29,561,5.169340463,forest,evergreen forest,Evergreen Forest,#1C6330
630,orng-10,10,2025,43,28,561,4.991087344,forest,mixed forest,Mixed Forest,#B5C98E
631,orng-10,11,2025,21,283,558,50.71684588,developed,developed,"Developed, Open Space",#DDC9C9
631,orng-10,11,2025,22,86,558,15.41218638,developed,developed,"Developed, Low Intensity",#D89382
631,orng-10,11,2025,23,3,558,0.537634409,developed,developed,"Developed, Medium Intensity",#ED0000
631,orng-10,11,2025,41,36,558,6.451612903,forest,deciduous forest,Deciduous Forest,#68AA63
631,orng-10,11,2025,43,7,558,1.254480287,forest,mixed forest,Mixed Forest,#B5C98E
631,orng-10,11,2025,71,2,558,0.358422939,herbaceous,herbaceous,Grassland/Herbaceous,#E2E2C1
631,orng-10,11,2025,81,141,558,25.2688172,planted,pasture,Pasture/Hay,#DBD83D
632,orng-10,12,2025,11,4,562,0.711743772,water,water,Open Water,#476BA0
632,orng-10,12,2025,21,311,562,55.33807829,developed,developed,"Developed, Open Space",#DDC9C9
632,orng-10,12,2025,22,25,562,4.448398577,developed,developed,"Developed, Low Intensity",#D89382
632,orng-10,12,2025,23,5,562,0.889679715,developed,developed,"Developed, Medium Intensity",#ED0000
632,orng-10,12,2025,41,185,562,32.91814947,forest,deciduous forest,Deciduous Forest,#68AA63
632,orng-10,12,2025,42,5,562,0.889679715,forest,evergreen forest,Evergreen Forest,#1C6330
632,orng-10,12,2025,43,22,562,3.914590747,forest,mixed forest,Mixed Forest,#B5C98E
632,orng-10,12,2025,71,5,562,0.889679715,herbaceous,herbaceous,Grassland/Herbaceous,#E2E2C1
633,orng-10,13,2025,11,4,553,0.723327306,water,water,Open Water,#476BA0
633,orng-10,13,2025,21,154,553,27.84810127,developed,developed,"Developed, Open Space",#DDC9C9
633,orng-10,13,2025,22,23,553,4.159132007,developed,developed,"Developed, Low Intensity",#D89382
633,orng-10,13,2025,41,250,553,45.2079566,forest,deciduous forest,Deciduous Forest,#68AA63
633,orng-10,13,2025,42,18,553,3.254972875,forest,evergreen forest,Evergreen Forest,#1C6330
633,orng-10,13,2025,43,52,553,9.403254973,forest,mixed forest,Mixed Forest,#B5C98E
633,orng-10,13,2025,71,1,553,0.180831826,herbaceous,herbaceous,Grassland/Herbaceous,#E2E2C1
633,orng-10,13,2025,81,51,553,9.222423146,planted,pasture,Pasture/Hay,#DBD83D
634,orng-10,14,2025,21,92,557,16.51705566,developed,developed,"Developed, Open Space",#DDC9C9
634,orng-10,14,2025,22,7,557,1.256732496,developed,developed,"Developed, Low Intensity",#D89382
634,orng-10,14,2025,41,294,557,52.78276481,forest,deciduous forest,Deciduous Forest,#68AA63
634,orng-10,14,2025,42,2,557,0.359066427,forest,evergreen forest,Evergreen Forest,#1C6330
634,orng-10,14,2025,43,33,557,5.92459605,forest,mixed forest,Mixed Forest,#B5C98E
634,orng-10,14,2025,81,129,557,23.15978456,planted,pasture,Pasture/Hay,#DBD83D
635,orng-10,15,2025,21,106,561,18.89483066,developed,developed,"Developed, Open Space",#DDC9C9
635,orng-10,15,2025,22,45,561,8.021390374,developed,developed,"Developed, Low Intensity",#D89382
635,orng-10,15,2025,23,17,561,3.03030303,developed,developed,"Developed, Medium Intensity",#ED0000
635,orng-10,15,2025,24,2,561,0.356506239,developed,developed,"Developed, High Intensity",#AA0000
635,orng-10,15,2025,41,256,561,45.63279857,forest,deciduous forest,Deciduous Forest,#68AA63
635,orng-10,15,2025,42,39,561,6.951871658,forest,evergreen forest,Evergreen Forest,#1C6330
635,orng-10,15,2025,43,67,561,11.942959,forest,mixed forest,Mixed Forest,#B5C98E
635,orng-10,15,2025,71,2,561,0.356506239,herbaceous,herbaceous,Grassland/Herbaceous,#E2E2C1
635,orng-10,15,2025,81,27,561,4.812834225,planted,pasture,Pasture/Hay,#DBD83D
636,orng-10,16,2025,11,8,559,1.431127013,water,water,Open Water,#476BA0
636,orng-10,16,2025,21,91,559,16.27906977,developed,developed,"Developed, Open Space",#DDC9C9
636,orng-10,16,2025,22,9,559,1.610017889,developed,developed,"Developed, Low Intensity",#D89382
636,orng-10,16,2025,23,4,559,0.715563506,developed,developed,"Developed, Medium Intensity",#ED0000
636,orng-10,16,2025,41,61,559,10.91234347,forest,deciduous forest,Deciduous Forest,#68AA63
636,orng-10,16,2025,42,10,559,1.788908766,forest,evergreen forest,Evergreen Forest,#1C6330
636,orng-10,16,2025,43,30,559,5.366726297,forest,mixed forest,Mixed Forest,#B5C98E
636,orng-10,16,2025,52,2,559,0.357781753,shrubland,shrubland,Scrub/Shrub,#CCBA7C
636,orng-10,16,2025,71,4,559,0.715563506,herbaceous,herbaceous,Grassland/Herbaceous,#E2E2C1
636,orng-10,16,2025,81,340,559,60.82289803,planted,pasture,Pasture/Hay,#DBD83D
637,orng-10,17,2025,11,9,558,1.612903226,water,water,Open Water,#476BA0
637,orng-10,17,2025,21,99,558,17.74193548,developed,developed,"Developed, Open Space",#DDC9C9
637,orng-10,17,2025,22,3,558,0.537634409,developed,developed,"Developed, Low Intensity",#D89382
637,orng-10,17,2025,41,80,558,14.33691756,forest,deciduous forest,Deciduous Forest,#68AA63
637,orng-10,17,2025,42,1,558,0.17921147,forest,evergreen forest,Evergreen Forest,#1C6330
637,orng-10,17,2025,43,16,558,2.867383513,forest,mixed forest,Mixed Forest,#B5C98E
637,orng-10,17,2025,81,350,558,62.72401434,planted,pasture,Pasture/Hay,#DBD83D
638,orng-10,18,2025,21,78,551,14.15607985,developed,developed,"Developed, Open Space",#DDC9C9
638,orng-10,18,2025,22,25,551,4.537205082,developed,developed,"Developed, Low Intensity",#D89382
638,orng-10,18,2025,41,194,551,35.20871143,forest,deciduous forest,Deciduous Forest,#68AA63
638,orng-10,18,2025,42,35,551,6.352087114,forest,evergreen forest,Evergreen Forest,#1C6330
638,orng-10,18,2025,43,61,551,11.0707804,forest,mixed forest,Mixed Forest,#B5C98E
638,orng-10,18,2025,71,9,551,1.633393829,herbaceous,herbaceous,Grassland/Herbaceous,#E2E2C1
638,orng-10,18,2025,81,149,551,27.04174229,planted,pasture,Pasture/Hay,#DBD83D
639,orng-10,19,2025,11,2,553,0.361663653,water,water,Open Water,#476BA0
639,orng-10,19,2025,21,91,553,16.4556962,developed,developed,"Developed, Open Space",#DDC9C9
639,orng-10,19,2025,22,17,553,3.074141049,developed,developed,"Developed, Low Intensity",#D89382
639,orng-10,19,2025,41,160,553,28.93309222,forest,deciduous forest,Deciduous Forest,#68AA63
639,orng-10,19,2025,42,15,553,2.712477396,forest,evergreen forest,Evergreen Forest,#1C6330
639,orng-10,19,2025,43,85,553,15.37070524,forest,mixed forest,Mixed Forest,#B5C98E
639,orng-10,19,2025,52,1,553,0.180831826,shrubland,shrubland,Scrub/Shrub,#CCBA7C
639,orng-10,19,2025,71,22,553,3.978300181,herbaceous,herbaceous,Grassland/Herbaceous,#E2E2C1
639,orng-10,19,2025,81,160,553,28.93309222,planted,pasture,Pasture/Hay,#DBD83D
640,orng-10,20,2025,11,1,558,0.17921147,water,water,Open Water,#476BA0
640,orng-10,20,2025,21,75,558,13.44086022,developed,developed,"Developed, Open Space",#DDC9C9
640,orng-10,20,2025,22,27,558,4.838709677,developed,developed,"Developed, Low Intensity",#D89382
640,orng-10,20,2025,23,41,558,7.347670251,developed,developed,"Developed, Medium Intensity",#ED0000
640,orng-10,20,2025,24,7,558,1.254480287,developed,developed,"Developed, High Intensity",#AA0000
640,orng-10,20,2025,41,201,558,36.02150538,forest,deciduous forest,Deciduous Forest,#68AA63
640,orng-10,20,2025,42,62,558,11.11111111,forest,evergreen forest,Evergreen Forest,#1C6330
640,orng-10,20,2025,43,79,558,14.15770609,forest,mixed forest,Mixed Forest,#B5C98E
640,orng-10,20,2025,71,7,558,1.254480287,herbaceous,herbaceous,Grassland/Herbaceous,#E2E2C1
640,orng-10,20,2025,81,58,558,10.39426523,planted,pasture,Pasture/Hay,#DBD83D
641,orng-11,1,2025,21,67,560,11.96428571,developed,developed,"Developed, Open Space",#DDC9C9
641,orng-11,1,2025,22,2,560,0.357142857,developed,developed,"Developed, Low Intensity",#D89382
641,orng-11,1,2025,41,151,560,26.96428571,forest,deciduous forest,Deciduous Forest,#68AA63
641,orng-11,1,2025,42,72,560,12.85714286,forest,evergreen forest,Evergreen Forest,#1C6330
641,orng-11,1,2025,43,177,560,31.60714286,forest,mixed forest,Mixed Forest,#B5C98E
641,orng-11,1,2025,52,2,560,0.357142857,shrubland,shrubland,Scrub/Shrub,#CCBA7C
641,orng-11,1,2025,81,89,560,15.89285714,planted,pasture,Pasture/Hay,#DBD83D
642,orng-11,2,2025,11,2,558,0.358422939,water,water,Open Water,#476BA0
642,orng-11,2,2025,21,83,558,14.87455197,developed,developed,"Developed, Open Space",#DDC9C9
642,orng-11,2,2025,22,8,558,1.433691756,developed,developed,"Developed, Low Intensity",#D89382
642,orng-11,2,2025,41,264,558,47.31182796,forest,deciduous forest,Deciduous Forest,#68AA63
642,orng-11,2,2025,42,16,558,2.867383513,forest,evergreen forest,Evergreen Forest,#1C6330
642,orng-11,2,2025,43,172,558,30.82437276,forest,mixed forest,Mixed Forest,#B5C98E
642,orng-11,2,2025,52,8,558,1.433691756,shrubland,shrubland,Scrub/Shrub,#CCBA7C
642,orng-11,2,2025,81,5,558,0.896057348,planted,pasture,Pasture/Hay,#DBD83D
643,orng-11,3,2025,21,84,555,15.13513514,developed,developed,"Developed, Open Space",#DDC9C9
643,orng-11,3,2025,22,2,555,0.36036036,developed,developed,"Developed, Low Intensity",#D89382
643,orng-11,3,2025,41,158,555,28.46846847,forest,deciduous forest,Deciduous Forest,#68AA63
643,orng-11,3,2025,42,120,555,21.62162162,forest,evergreen forest,Evergreen Forest,#1C6330
643,orng-11,3,2025,43,97,555,17.47747748,forest,mixed forest,Mixed Forest,#B5C98E
643,orng-11,3,2025,52,2,555,0.36036036,shrubland,shrubland,Scrub/Shrub,#CCBA7C
643,orng-11,3,2025,71,4,555,0.720720721,herbaceous,herbaceous,Grassland/Herbaceous,#E2E2C1
643,orng-11,3,2025,81,88,555,15.85585586,planted,pasture,Pasture/Hay,#DBD83D
644,orng-11,4,2025,21,94,558,16.84587814,developed,developed,"Developed, Open Space",#DDC9C9
644,orng-11,4,2025,22,5,558,0.896057348,developed,developed,"Developed, Low Intensity",#D89382
644,orng-11,4,2025,41,141,558,25.2688172,forest,deciduous forest,Deciduous Forest,#68AA63
644,orng-11,4,2025,42,179,558,32.07885305,forest,evergreen forest,Evergreen Forest,#1C6330
644,orng-11,4,2025,43,129,558,23.11827957,forest,mixed forest,Mixed Forest,#B5C98E
644,orng-11,4,2025,52,4,558,0.716845878,shrubland,shrubland,Scrub/Shrub,#CCBA7C
644,orng-11,4,2025,71,5,558,0.896057348,herbaceous,herbaceous,Grassland/Herbaceous,#E2E2C1
644,orng-11,4,2025,81,1,558,0.17921147,planted,pasture,Pasture/Hay,#DBD83D
645,orng-11,5,2025,21,115,561,20.49910873,developed,developed,"Developed, Open Space",#DDC9C9
645,orng-11,5,2025,22,13,561,2.317290553,developed,developed,"Developed, Low Intensity",#D89382
645,orng-11,5,2025,41,196,561,34.93761141,forest,deciduous forest,Deciduous Forest,#68AA63
645,orng-11,5,2025,42,97,561,17.29055258,forest,evergreen forest,Evergreen Forest,#1C6330
645,orng-11,5,2025,43,112,561,19.96434938,forest,mixed forest,Mixed Forest,#B5C98E
645,orng-11,5,2025,71,10,561,1.782531194,herbaceous,herbaceous,Grassland/Herbaceous,#E2E2C1
645,orng-11,5,2025,81,18,561,3.20855615,planted,pasture,Pasture/Hay,#DBD83D
646,orng-11,6,2025,21,134,559,23.97137746,developed,developed,"Developed, Open Space",#DDC9C9
646,orng-11,6,2025,22,9,559,1.610017889,developed,developed,"Developed, Low Intensity",#D89382
646,orng-11,6,2025,41,137,559,24.50805009,forest,deciduous forest,Deciduous Forest,#68AA63
646,orng-11,6,2025,42,39,559,6.976744186,forest,evergreen forest,Evergreen Forest,#1C6330
646,orng-11,6,2025,43,112,559,20.03577818,forest,mixed forest,Mixed Forest,#B5C98E
646,orng-11,6,2025,81,128,559,22.8980322,planted,pasture,Pasture/Hay,#DBD83D
647,orng-11,7,2025,11,18,556,3.237410072,water,water,Open Water,#476BA0
647,orng-11,7,2025,21,73,556,13.1294964,developed,developed,"Developed, Open Space",#DDC9C9
647,orng-11,7,2025,22,4,556,0.71942446,developed,developed,"Developed, Low Intensity",#D89382
647,orng-11,7,2025,41,68,556,12.23021583,forest,deciduous forest,Deciduous Forest,#68AA63
647,orng-11,7,2025,42,61,556,10.97122302,forest,evergreen forest,Evergreen Forest,#1C6330
647,orng-11,7,2025,43,98,556,17.62589928,forest,mixed forest,Mixed Forest,#B5C98E
647,orng-11,7,2025,71,1,556,0.179856115,herbaceous,herbaceous,Grassland/Herbaceous,#E2E2C1
647,orng-11,7,2025,81,233,556,41.90647482,planted,pasture,Pasture/Hay,#DBD83D
648,orng-11,8,2025,11,2,559,0.357781753,water,water,Open Water,#476BA0
648,orng-11,8,2025,21,71,559,12.70125224,developed,developed,"Developed, Open Space",#DDC9C9
648,orng-11,8,2025,22,15,559,2.683363148,developed,developed,"Developed, Low Intensity",#D89382
648,orng-11,8,2025,41,35,559,6.26118068,forest,deciduous forest,Deciduous Forest,#68AA63
648,orng-11,8,2025,42,31,559,5.545617174,forest,evergreen forest,Evergreen Forest,#1C6330
648,orng-11,8,2025,43,79,559,14.13237925,forest,mixed forest,Mixed Forest,#B5C98E
648,orng-11,8,2025,81,326,559,58.31842576,planted,pasture,Pasture/Hay,#DBD83D
649,orng-11,9,2025,11,6,551,1.08892922,water,water,Open Water,#476BA0
649,orng-11,9,2025,21,86,551,15.60798548,developed,developed,"Developed, Open Space",#DDC9C9
649,orng-11,9,2025,22,21,551,3.811252269,developed,developed,"Developed, Low Intensity",#D89382
649,orng-11,9,2025,23,1,551,0.181488203,developed,developed,"Developed, Medium Intensity",#ED0000
649,orng-11,9,2025,41,98,551,17.78584392,forest,deciduous forest,Deciduous Forest,#68AA63
649,orng-11,9,2025,42,17,551,3.085299456,forest,evergreen forest,Evergreen Forest,#1C6330
649,orng-11,9,2025,43,107,551,19.41923775,forest,mixed forest,Mixed Forest,#B5C98E
649,orng-11,9,2025,52,1,551,0.181488203,shrubland,shrubland,Scrub/Shrub,#CCBA7C
649,orng-11,9,2025,71,1,551,0.181488203,herbaceous,herbaceous,Grassland/Herbaceous,#E2E2C1
649,orng-11,9,2025,81,213,551,38.6569873,planted,pasture,Pasture/Hay,#DBD83D
650,orng-11,10,2025,11,2,561,0.356506239,water,water,Open Water,#476BA0
650,orng-11,10,2025,21,66,561,11.76470588,developed,developed,"Developed, Open Space",#DDC9C9
650,orng-11,10,2025,22,33,561,5.882352941,developed,developed,"Developed, Low Intensity",#D89382
650,orng-11,10,2025,23,6,561,1.069518717,developed,developed,"Developed, Medium Intensity",#ED0000
650,orng-11,10,2025,41,33,561,5.882352941,forest,deciduous forest,Deciduous Forest,#68AA63
650,orng-11,10,2025,42,70,561,12.47771836,forest,evergreen forest,Evergreen Forest,#1C6330
650,orng-11,10,2025,43,42,561,7.486631016,forest,mixed forest,Mixed Forest,#B5C98E
650,orng-11,10,2025,71,104,561,18.53832442,herbaceous,herbaceous,Grassland/Herbaceous,#E2E2C1
650,orng-11,10,2025,81,205,561,36.54188948,planted,pasture,Pasture/Hay,#DBD83D
651,orng-11,11,2025,21,69,555,12.43243243,developed,developed,"Developed, Open Space",#DDC9C9
651,orng-11,11,2025,22,36,555,6.486486486,developed,developed,"Developed, Low Intensity",#D89382
651,orng-11,11,2025,41,12,555,2.162162162,forest,deciduous forest,Deciduous Forest,#68AA63
651,orng-11,11,2025,42,120,555,21.62162162,forest,evergreen forest,Evergreen Forest,#1C6330
651,orng-11,11,2025,43,75,555,13.51351351,forest,mixed forest,Mixed Forest,#B5C98E
651,orng-11,11,2025,81,243,555,43.78378378,planted,pasture,Pasture/Hay,#DBD83D
652,orng-11,12,2025,21,45,559,8.050089445,developed,developed,"Developed, Open Space",#DDC9C9
652,orng-11,12,2025,22,7,559,1.252236136,developed,developed,"Developed, Low Intensity",#D89382
652,orng-11,12,2025,23,2,559,0.357781753,developed,developed,"Developed, Medium Intensity",#ED0000
652,orng-11,12,2025,NA,2,559,0.357781753,NA,NA,Barren Land,NA
652,orng-11,12,2025,41,144,559,25.76028623,forest,deciduous forest,Deciduous Forest,#68AA63
652,orng-11,12,2025,42,7,559,1.252236136,forest,evergreen forest,Evergreen Forest,#1C6330
652,orng-11,12,2025,43,110,559,19.67799642,forest,mixed forest,Mixed Forest,#B5C98E
652,orng-11,12,2025,71,69,559,12.34347048,herbaceous,herbaceous,Grassland/Herbaceous,#E2E2C1
652,orng-11,12,2025,81,173,559,30.94812165,planted,pasture,Pasture/Hay,#DBD83D
653,orng-11,13,2025,21,78,561,13.90374332,developed,developed,"Developed, Open Space",#DDC9C9
653,orng-11,13,2025,22,2,561,0.356506239,developed,developed,"Developed, Low Intensity",#D89382
653,orng-11,13,2025,41,219,561,39.03743316,forest,deciduous forest,Deciduous Forest,#68AA63
653,orng-11,13,2025,42,60,561,10.69518717,forest,evergreen forest,Evergreen Forest,#1C6330
653,orng-11,13,2025,43,69,561,12.29946524,forest,mixed forest,Mixed Forest,#B5C98E
653,orng-11,13,2025,52,11,561,1.960784314,shrubland,shrubland,Scrub/Shrub,#CCBA7C
653,orng-11,13,2025,71,5,561,0.891265597,herbaceous,herbaceous,Grassland/Herbaceous,#E2E2C1
653,orng-11,13,2025,81,117,561,20.85561497,planted,pasture,Pasture/Hay,#DBD83D
654,orng-11,14,2025,11,7,558,1.254480287,water,water,Open Water,#476BA0
654,orng-11,14,2025,21,60,558,10.75268817,developed,developed,"Developed, Open Space",#DDC9C9
654,orng-11,14,2025,22,4,558,0.716845878,developed,developed,"Developed, Low Intensity",#D89382
654,orng-11,14,2025,41,234,558,41.93548387,forest,deciduous forest,Deciduous Forest,#68AA63
654,orng-11,14,2025,42,73,558,13.08243728,forest,evergreen forest,Evergreen Forest,#1C6330
654,orng-11,14,2025,43,137,558,24.55197133,forest,mixed forest,Mixed Forest,#B5C98E
654,orng-11,14,2025,52,13,558,2.329749104,shrubland,shrubland,Scrub/Shrub,#CCBA7C
654,orng-11,14,2025,71,20,558,3.584229391,herbaceous,herbaceous,Grassland/Herbaceous,#E2E2C1
654,orng-11,14,2025,81,10,558,1.792114695,planted,pasture,Pasture/Hay,#DBD83D
655,orng-11,15,2025,21,85,563,15.09769094,developed,developed,"Developed, Open Space",#DDC9C9
655,orng-11,15,2025,22,52,563,9.236234458,developed,developed,"Developed, Low Intensity",#D89382
655,orng-11,15,2025,23,8,563,1.420959147,developed,developed,"Developed, Medium Intensity",#ED0000
655,orng-11,15,2025,41,88,563,15.63055062,forest,deciduous forest,Deciduous Forest,#68AA63
655,orng-11,15,2025,42,177,563,31.43872114,forest,evergreen forest,Evergreen Forest,#1C6330
655,orng-11,15,2025,43,44,563,7.815275311,forest,mixed forest,Mixed Forest,#B5C98E
655,orng-11,15,2025,52,42,563,7.460035524,shrubland,shrubland,Scrub/Shrub,#CCBA7C
655,orng-11,15,2025,71,9,563,1.598579041,herbaceous,herbaceous,Grassland/Herbaceous,#E2E2C1
655,orng-11,15,2025,81,58,563,10.30195382,planted,pasture,Pasture/Hay,#DBD83D
656,orng-11,16,2025,11,1,558,0.17921147,water,water,Open Water,#476BA0
656,orng-11,16,2025,21,98,558,17.56272401,developed,developed,"Developed, Open Space",#DDC9C9
656,orng-11,16,2025,22,10,558,1.792114695,developed,developed,"Developed, Low Intensity",#D89382
656,orng-11,16,2025,23,1,558,0.17921147,developed,developed,"Developed, Medium Intensity",#ED0000
656,orng-11,16,2025,41,43,558,7.70609319,forest,deciduous forest,Deciduous Forest,#68AA63
656,orng-11,16,2025,42,109,558,19.53405018,forest,evergreen forest,Evergreen Forest,#1C6330
656,orng-11,16,2025,43,91,558,16.30824373,forest,mixed forest,Mixed Forest,#B5C98E
656,orng-11,16,2025,52,40,558,7.168458781,shrubland,shrubland,Scrub/Shrub,#CCBA7C
656,orng-11,16,2025,71,2,558,0.358422939,herbaceous,herbaceous,Grassland/Herbaceous,#E2E2C1
656,orng-11,16,2025,81,163,558,29.21146953,planted,pasture,Pasture/Hay,#DBD83D
657,orng-11,17,2025,11,3,552,0.543478261,water,water,Open Water,#476BA0
657,orng-11,17,2025,21,89,552,16.12318841,developed,developed,"Developed, Open Space",#DDC9C9
657,orng-11,17,2025,22,9,552,1.630434783,developed,developed,"Developed, Low Intensity",#D89382
657,orng-11,17,2025,41,66,552,11.95652174,forest,deciduous forest,Deciduous Forest,#68AA63
657,orng-11,17,2025,42,162,552,29.34782609,forest,evergreen forest,Evergreen Forest,#1C6330
657,orng-11,17,2025,43,195,552,35.32608696,forest,mixed forest,Mixed Forest,#B5C98E
657,orng-11,17,2025,81,28,552,5.072463768,planted,pasture,Pasture/Hay,#DBD83D
658,orng-11,18,2025,21,71,562,12.63345196,developed,developed,"Developed, Open Space",#DDC9C9
658,orng-11,18,2025,22,6,562,1.067615658,developed,developed,"Developed, Low Intensity",#D89382
658,orng-11,18,2025,23,4,562,0.711743772,developed,developed,"Developed, Medium Intensity",#ED0000
658,orng-11,18,2025,41,111,562,19.75088968,forest,deciduous forest,Deciduous Forest,#68AA63
658,orng-11,18,2025,42,180,562,32.02846975,forest,evergreen forest,Evergreen Forest,#1C6330
658,orng-11,18,2025,43,179,562,31.85053381,forest,mixed forest,Mixed Forest,#B5C98E
658,orng-11,18,2025,81,11,562,1.957295374,planted,pasture,Pasture/Hay,#DBD83D
659,orng-11,19,2025,11,4,555,0.720720721,water,water,Open Water,#476BA0
659,orng-11,19,2025,21,75,555,13.51351351,developed,developed,"Developed, Open Space",#DDC9C9
659,orng-11,19,2025,22,5,555,0.900900901,developed,developed,"Developed, Low Intensity",#D89382
659,orng-11,19,2025,41,250,555,45.04504505,forest,deciduous forest,Deciduous Forest,#68AA63
659,orng-11,19,2025,42,43,555,7.747747748,forest,evergreen forest,Evergreen Forest,#1C6330
659,orng-11,19,2025,43,153,555,27.56756757,forest,mixed forest,Mixed Forest,#B5C98E
659,orng-11,19,2025,52,7,555,1.261261261,shrubland,shrubland,Scrub/Shrub,#CCBA7C
659,orng-11,19,2025,71,17,555,3.063063063,herbaceous,herbaceous,Grassland/Herbaceous,#E2E2C1
659,orng-11,19,2025,81,1,555,0.18018018,planted,pasture,Pasture/Hay,#DBD83D
660,orng-11,20,2025,21,80,565,14.15929204,developed,developed,"Developed, Open Space",#DDC9C9
660,orng-11,20,2025,22,8,565,1.415929204,developed,developed,"Developed, Low Intensity",#D89382
660,orng-11,20,2025,41,91,565,16.10619469,forest,deciduous forest,Deciduous Forest,#68AA63
660,orng-11,20,2025,42,238,565,42.12389381,forest,evergreen forest,Evergreen Forest,#1C6330
660,orng-11,20,2025,43,148,565,26.19469027,forest,mixed forest,Mixed Forest,#B5C98E
661,orng-12,1,2025,21,63,561,11.22994652,developed,developed,"Developed, Open Space",#DDC9C9
661,orng-12,1,2025,22,38,561,6.773618538,developed,developed,"Developed, Low Intensity",#D89382
661,orng-12,1,2025,23,3,561,0.534759358,developed,developed,"Developed, Medium Intensity",#ED0000
661,orng-12,1,2025,41,59,561,10.51693405,forest,deciduous forest,Deciduous Forest,#68AA63
661,orng-12,1,2025,42,125,561,22.28163993,forest,evergreen forest,Evergreen Forest,#1C6330
661,orng-12,1,2025,43,150,561,26.73796791,forest,mixed forest,Mixed Forest,#B5C98E
661,orng-12,1,2025,52,34,561,6.060606061,shrubland,shrubland,Scrub/Shrub,#CCBA7C
661,orng-12,1,2025,71,21,561,3.743315508,herbaceous,herbaceous,Grassland/Herbaceous,#E2E2C1
661,orng-12,1,2025,81,68,561,12.12121212,planted,pasture,Pasture/Hay,#DBD83D
662,orng-12,2,2025,21,88,553,15.91320072,developed,developed,"Developed, Open Space",#DDC9C9
662,orng-12,2,2025,22,28,553,5.063291139,developed,developed,"Developed, Low Intensity",#D89382
662,orng-12,2,2025,41,149,553,26.94394213,forest,deciduous forest,Deciduous Forest,#68AA63
662,orng-12,2,2025,42,53,553,9.584086799,forest,evergreen forest,Evergreen Forest,#1C6330
662,orng-12,2,2025,43,101,553,18.26401447,forest,mixed forest,Mixed Forest,#B5C98E
662,orng-12,2,2025,52,2,553,0.361663653,shrubland,shrubland,Scrub/Shrub,#CCBA7C
662,orng-12,2,2025,81,132,553,23.86980108,planted,pasture,Pasture/Hay,#DBD83D
663,orng-12,3,2025,21,103,560,18.39285714,developed,developed,"Developed, Open Space",#DDC9C9
663,orng-12,3,2025,22,8,560,1.428571429,developed,developed,"Developed, Low Intensity",#D89382
663,orng-12,3,2025,41,180,560,32.14285714,forest,deciduous forest,Deciduous Forest,#68AA63
663,orng-12,3,2025,42,59,560,10.53571429,forest,evergreen forest,Evergreen Forest,#1C6330
663,orng-12,3,2025,43,125,560,22.32142857,forest,mixed forest,Mixed Forest,#B5C98E
663,orng-12,3,2025,71,5,560,0.892857143,herbaceous,herbaceous,Grassland/Herbaceous,#E2E2C1
663,orng-12,3,2025,81,80,560,14.28571429,planted,pasture,Pasture/Hay,#DBD83D
664,orng-12,4,2025,21,154,560,27.5,developed,developed,"Developed, Open Space",#DDC9C9
664,orng-12,4,2025,22,26,560,4.642857143,developed,developed,"Developed, Low Intensity",#D89382
664,orng-12,4,2025,41,162,560,28.92857143,forest,deciduous forest,Deciduous Forest,#68AA63
664,orng-12,4,2025,42,110,560,19.64285714,forest,evergreen forest,Evergreen Forest,#1C6330
664,orng-12,4,2025,43,106,560,18.92857143,forest,mixed forest,Mixed Forest,#B5C98E
664,orng-12,4,2025,71,2,560,0.357142857,herbaceous,herbaceous,Grassland/Herbaceous,#E2E2C1
665,orng-12,5,2025,21,143,557,25.67324955,developed,developed,"Developed, Open Space",#DDC9C9
665,orng-12,5,2025,22,90,557,16.15798923,developed,developed,"Developed, Low Intensity",#D89382
665,orng-12,5,2025,23,16,557,2.872531418,developed,developed,"Developed, Medium Intensity",#ED0000
665,orng-12,5,2025,41,53,557,9.515260323,forest,deciduous forest,Deciduous Forest,#68AA63
665,orng-12,5,2025,42,120,557,21.54398564,forest,evergreen forest,Evergreen Forest,#1C6330
665,orng-12,5,2025,43,121,557,21.72351885,forest,mixed forest,Mixed Forest,#B5C98E
665,orng-12,5,2025,81,14,557,2.513464991,planted,pasture,Pasture/Hay,#DBD83D
666,orng-12,6,2025,21,192,562,34.16370107,developed,developed,"Developed, Open Space",#DDC9C9
666,orng-12,6,2025,22,178,562,31.67259786,developed,developed,"Developed, Low Intensity",#D89382
666,orng-12,6,2025,23,63,562,11.20996441,developed,developed,"Developed, Medium Intensity",#ED0000
666,orng-12,6,2025,41,79,562,14.0569395,forest,deciduous forest,Deciduous Forest,#68AA63
666,orng-12,6,2025,42,1,562,0.177935943,forest,evergreen forest,Evergreen Forest,#1C6330
666,orng-12,6,2025,43,34,562,6.049822064,forest,mixed forest,Mixed Forest,#B5C98E
666,orng-12,6,2025,81,15,562,2.669039146,planted,pasture,Pasture/Hay,#DBD83D
667,orng-12,7,2025,21,265,561,47.23707665,developed,developed,"Developed, Open Space",#DDC9C9
667,orng-12,7,2025,22,217,561,38.68092692,developed,developed,"Developed, Low Intensity",#D89382
667,orng-12,7,2025,23,54,561,9.625668449,developed,developed,"Developed, Medium Intensity",#ED0000
667,orng-12,7,2025,24,8,561,1.426024955,developed,developed,"Developed, High Intensity",#AA0000
667,orng-12,7,2025,41,12,561,2.139037433,forest,deciduous forest,Deciduous Forest,#68AA63
667,orng-12,7,2025,43,5,561,0.891265597,forest,mixed forest,Mixed Forest,#B5C98E
668,orng-12,8,2025,21,138,551,25.04537205,developed,developed,"Developed, Open Space",#DDC9C9
668,orng-12,8,2025,22,241,551,43.73865699,developed,developed,"Developed, Low Intensity",#D89382
668,orng-12,8,2025,23,120,551,21.77858439,developed,developed,"Developed, Medium Intensity",#ED0000
668,orng-12,8,2025,41,50,551,9.074410163,forest,deciduous forest,Deciduous Forest,#68AA63
668,orng-12,8,2025,43,2,551,0.362976407,forest,mixed forest,Mixed Forest,#B5C98E
669,orng-12,9,2025,21,107,561,19.07308378,developed,developed,"Developed, Open Space",#DDC9C9
669,orng-12,9,2025,22,189,561,33.68983957,developed,developed,"Developed, Low Intensity",#D89382
669,orng-12,9,2025,23,171,561,30.48128342,developed,developed,"Developed, Medium Intensity",#ED0000
669,orng-12,9,2025,24,21,561,3.743315508,developed,developed,"Developed, High Intensity",#AA0000
669,orng-12,9,2025,41,57,561,10.16042781,forest,deciduous forest,Deciduous Forest,#68AA63
669,orng-12,9,2025,43,16,561,2.852049911,forest,mixed forest,Mixed Forest,#B5C98E
670,orng-12,10,2025,21,182,560,32.5,developed,developed,"Developed, Open Space",#DDC9C9
670,orng-12,10,2025,22,196,560,35,developed,developed,"Developed, Low Intensity",#D89382
670,orng-12,10,2025,23,124,560,22.14285714,developed,developed,"Developed, Medium Intensity",#ED0000
670,orng-12,10,2025,24,46,560,8.214285714,developed,developed,"Developed, High Intensity",#AA0000
670,orng-12,10,2025,41,3,560,0.535714286,forest,deciduous forest,Deciduous Forest,#68AA63
670,orng-12,10,2025,43,9,560,1.607142857,forest,mixed forest,Mixed Forest,#B5C98E
671,orng-12,11,2025,21,186,556,33.45323741,developed,developed,"Developed, Open Space",#DDC9C9
671,orng-12,11,2025,22,243,556,43.70503597,developed,developed,"Developed, Low Intensity",#D89382
671,orng-12,11,2025,23,97,556,17.44604317,developed,developed,"Developed, Medium Intensity",#ED0000
671,orng-12,11,2025,24,26,556,4.676258993,developed,developed,"Developed, High Intensity",#AA0000
671,orng-12,11,2025,42,4,556,0.71942446,forest,evergreen forest,Evergreen Forest,#1C6330
672,orng-12,12,2025,21,255,559,45.61717352,developed,developed,"Developed, Open Space",#DDC9C9
672,orng-12,12,2025,22,220,559,39.35599284,developed,developed,"Developed, Low Intensity",#D89382
672,orng-12,12,2025,23,47,559,8.407871199,developed,developed,"Developed, Medium Intensity",#ED0000
672,orng-12,12,2025,41,15,559,2.683363148,forest,deciduous forest,Deciduous Forest,#68AA63
672,orng-12,12,2025,42,22,559,3.935599284,forest,evergreen forest,Evergreen Forest,#1C6330
673,orng-12,13,2025,21,343,559,61.35957066,developed,developed,"Developed, Open Space",#DDC9C9
673,orng-12,13,2025,22,178,559,31.84257603,developed,developed,"Developed, Low Intensity",#D89382
673,orng-12,13,2025,23,5,559,0.894454383,developed,developed,"Developed, Medium Intensity",#ED0000
673,orng-12,13,2025,41,13,559,2.325581395,forest,deciduous forest,Deciduous Forest,#68AA63
673,orng-12,13,2025,42,7,559,1.252236136,forest,evergreen forest,Evergreen Forest,#1C6330
673,orng-12,13,2025,43,13,559,2.325581395,forest,mixed forest,Mixed Forest,#B5C98E
674,orng-12,14,2025,21,303,563,53.81882771,developed,developed,"Developed, Open Space",#DDC9C9
674,orng-12,14,2025,22,214,563,38.01065719,developed,developed,"Developed, Low Intensity",#D89382
674,orng-12,14,2025,23,18,563,3.197158082,developed,developed,"Developed, Medium Intensity",#ED0000
674,orng-12,14,2025,24,1,563,0.177619893,developed,developed,"Developed, High Intensity",#AA0000
674,orng-12,14,2025,41,21,563,3.730017762,forest,deciduous forest,Deciduous Forest,#68AA63
674,orng-12,14,2025,42,2,563,0.355239787,forest,evergreen forest,Evergreen Forest,#1C6330
674,orng-12,14,2025,43,4,563,0.710479574,forest,mixed forest,Mixed Forest,#B5C98E
675,orng-12,15,2025,21,175,558,31.36200717,developed,developed,"Developed, Open Space",#DDC9C9
675,orng-12,15,2025,22,142,558,25.44802867,developed,developed,"Developed, Low Intensity",#D89382
675,orng-12,15,2025,23,23,558,4.121863799,developed,developed,"Developed, Medium Intensity",#ED0000
675,orng-12,15,2025,24,3,558,0.537634409,developed,developed,"Developed, High Intensity",#AA0000
675,orng-12,15,2025,41,47,558,8.422939068,forest,deciduous forest,Deciduous Forest,#68AA63
675,orng-12,15,2025,42,69,558,12.3655914,forest,evergreen forest,Evergreen Forest,#1C6330
675,orng-12,15,2025,43,67,558,12.00716846,forest,mixed forest,Mixed Forest,#B5C98E
675,orng-12,15,2025,81,32,558,5.734767025,planted,pasture,Pasture/Hay,#DBD83D
676,orng-12,16,2025,21,84,560,15,developed,developed,"Developed, Open Space",#DDC9C9
676,orng-12,16,2025,22,59,560,10.53571429,developed,developed,"Developed, Low Intensity",#D89382
676,orng-12,16,2025,23,7,560,1.25,developed,developed,"Developed, Medium Intensity",#ED0000
676,orng-12,16,2025,41,24,560,4.285714286,forest,deciduous forest,Deciduous Forest,#68AA63
676,orng-12,16,2025,42,82,560,14.64285714,forest,evergreen forest,Evergreen Forest,#1C6330
676,orng-12,16,2025,43,90,560,16.07142857,forest,mixed forest,Mixed Forest,#B5C98E
676,orng-12,16,2025,52,3,560,0.535714286,shrubland,shrubland,Scrub/Shrub,#CCBA7C
676,orng-12,16,2025,81,211,560,37.67857143,planted,pasture,Pasture/Hay,#DBD83D
677,orng-12,17,2025,11,8,558,1.433691756,water,water,Open Water,#476BA0
677,orng-12,17,2025,21,70,558,12.54480287,developed,developed,"Developed, Open Space",#DDC9C9
677,orng-12,17,2025,22,56,558,10.03584229,developed,developed,"Developed, Low Intensity",#D89382
677,orng-12,17,2025,23,13,558,2.329749104,developed,developed,"Developed, Medium Intensity",#ED0000
677,orng-12,17,2025,41,64,558,11.46953405,forest,deciduous forest,Deciduous Forest,#68AA63
677,orng-12,17,2025,42,58,558,10.39426523,forest,evergreen forest,Evergreen Forest,#1C6330
677,orng-12,17,2025,43,56,558,10.03584229,forest,mixed forest,Mixed Forest,#B5C98E
677,orng-12,17,2025,71,13,558,2.329749104,herbaceous,herbaceous,Grassland/Herbaceous,#E2E2C1
677,orng-12,17,2025,81,220,558,39.4265233,planted,pasture,Pasture/Hay,#DBD83D
678,orng-12,18,2025,21,182,558,32.61648746,developed,developed,"Developed, Open Space",#DDC9C9
678,orng-12,18,2025,22,53,558,9.498207885,developed,developed,"Developed, Low Intensity",#D89382
678,orng-12,18,2025,23,1,558,0.17921147,developed,developed,"Developed, Medium Intensity",#ED0000
678,orng-12,18,2025,41,52,558,9.318996416,forest,deciduous forest,Deciduous Forest,#68AA63
678,orng-12,18,2025,42,71,558,12.72401434,forest,evergreen forest,Evergreen Forest,#1C6330
678,orng-12,18,2025,43,67,558,12.00716846,forest,mixed forest,Mixed Forest,#B5C98E
678,orng-12,18,2025,81,132,558,23.65591398,planted,pasture,Pasture/Hay,#DBD83D
679,orng-12,19,2025,21,60,561,10.69518717,developed,developed,"Developed, Open Space",#DDC9C9
679,orng-12,19,2025,22,1,561,0.178253119,developed,developed,"Developed, Low Intensity",#D89382
679,orng-12,19,2025,41,147,561,26.20320856,forest,deciduous forest,Deciduous Forest,#68AA63
679,orng-12,19,2025,42,159,561,28.34224599,forest,evergreen forest,Evergreen Forest,#1C6330
679,orng-12,19,2025,43,145,561,25.84670232,forest,mixed forest,Mixed Forest,#B5C98E
679,orng-12,19,2025,81,49,561,8.734402852,planted,pasture,Pasture/Hay,#DBD83D
680,orng-12,20,2025,21,88,554,15.88447653,developed,developed,"Developed, Open Space",#DDC9C9
680,orng-12,20,2025,22,17,554,3.068592058,developed,developed,"Developed, Low Intensity",#D89382
680,orng-12,20,2025,41,366,554,66.06498195,forest,deciduous forest,Deciduous Forest,#68AA63
680,orng-12,20,2025,42,38,554,6.859205776,forest,evergreen forest,Evergreen Forest,#1C6330
680,orng-12,20,2025,43,42,554,7.581227437,forest,mixed forest,Mixed Forest,#B5C98E
680,orng-12,20,2025,81,3,554,0.541516245,planted,pasture,Pasture/Hay,#DBD83D
