"route","stop_num","year","perc_ijbg_developed","running_max_perc_developed"
"cthm-01",1,1999,25.1798561151079,25.1798561151079
"cthm-01",2,1999,17.3913043478261,17.3913043478261
"cthm-01",3,1999,31.4285714285715,31.4285714285715
"cthm-01",4,1999,30.7142857142857,30.7142857142857
"cthm-01",5,1999,45,45
"cthm-01",6,1999,39.4160583941606,39.4160583941606
"cthm-01",7,1999,23.6111111111111,23.6111111111111
"cthm-01",8,1999,18.0555555555555,18.0555555555555
"cthm-01",9,1999,19.8581560283688,19.8581560283688
"cthm-01",10,1999,20.863309352518,20.863309352518
"cthm-01",11,1999,40.8759124087591,40.8759124087591
"cthm-01",12,1999,34.0579710144927,34.0579710144927
"cthm-01",13,1999,27.8571428571428,27.8571428571428
"cthm-01",14,1999,18.1159420289855,18.1159420289855
"cthm-01",15,1999,27.5362318840579,27.5362318840579
"cthm-01",16,1999,27.1428571428571,27.1428571428571
"cthm-01",17,1999,28.7769784172662,28.7769784172662
"cthm-01",18,1999,31.159420289855,31.159420289855
"cthm-01",19,1999,29.7872340425532,29.7872340425532
"cthm-01",20,1999,35.9712230215827,35.9712230215827
"cthm-02",1,1999,13.6690647482015,13.6690647482015
"cthm-02",2,1999,16.4285714285714,16.4285714285714
"cthm-02",3,1999,24.2857142857143,24.2857142857143
"cthm-02",4,1999,13.0434782608696,13.0434782608696
"cthm-02",5,1999,20.4379562043795,20.4379562043795
"cthm-02",6,1999,68.0555555555556,68.0555555555556
"cthm-02",7,1999,33.8129496402877,33.8129496402877
"cthm-02",8,1999,54.6762589928058,54.6762589928058
"cthm-02",9,1999,26.0869565217391,26.0869565217391
"cthm-02",10,1999,20.7142857142857,20.7142857142857
"cthm-02",11,1999,28.4671532846715,28.4671532846715
"cthm-02",12,1999,22.463768115942,22.463768115942
"cthm-02",13,1999,7.97101449275362,7.97101449275362
"cthm-02",14,1999,25.8992805755395,25.8992805755395
"cthm-02",15,1999,17.8571428571428,17.8571428571428
"cthm-02",16,1999,18.8405797101449,18.8405797101449
"cthm-02",17,1999,24.2857142857143,24.2857142857143
"cthm-02",18,1999,21.5827338129496,21.5827338129496
"cthm-02",19,1999,31.1594202898551,31.1594202898551
"cthm-02",20,1999,16.4285714285714,16.4285714285714
"cthm-03",1,1999,20.7142857142857,20.7142857142857
"cthm-03",2,1999,24.2857142857143,24.2857142857143
"cthm-03",3,1999,37.7622377622378,37.7622377622378
"cthm-03",4,1999,40.2777777777778,40.2777777777778
"cthm-03",5,1999,56.115107913669,56.115107913669
"cthm-03",6,1999,26.6187050359712,26.6187050359712
"cthm-03",7,1999,82.8571428571428,82.8571428571428
"cthm-03",8,1999,27.8571428571428,27.8571428571428
"cthm-03",9,1999,14.2857142857143,14.2857142857143
"cthm-03",10,1999,20.1438848920864,20.1438848920864
"cthm-03",11,1999,20.2898550724638,20.2898550724638
"cthm-03",12,1999,17.2661870503597,17.2661870503597
"cthm-03",13,1999,17.1428571428571,17.1428571428571
"cthm-03",14,1999,19.2857142857143,19.2857142857143
"cthm-03",15,1999,23.5714285714286,23.5714285714286
"cthm-03",16,1999,18.705035971223,18.705035971223
"cthm-03",17,1999,18.705035971223,18.705035971223
"cthm-03",18,1999,17.7304964539007,17.7304964539007
"cthm-03",19,1999,35.7142857142857,35.7142857142857
"cthm-03",20,1999,22.6950354609929,22.6950354609929
"cthm-04",2,1999,17.0212765957447,17.0212765957447
"cthm-04",3,1999,18.1159420289855,18.1159420289855
"cthm-04",4,1999,9.28571428571429,9.28571428571429
"cthm-04",5,1999,20.7142857142857,20.7142857142857
"cthm-04",6,1999,27.8571428571429,27.8571428571429
"cthm-04",7,1999,12.2302158273382,12.2302158273382
"cthm-04",8,1999,17.1428571428572,17.1428571428572
"cthm-04",9,1999,60.1449275362318,60.1449275362318
"cthm-04",10,1999,38.4057971014493,38.4057971014493
"cthm-04",11,1999,57.5539568345324,57.5539568345324
"cthm-04",12,1999,15.1079136690648,15.1079136690648
"cthm-04",13,1999,17.8571428571428,17.8571428571428
"cthm-04",14,1999,27.1428571428571,27.1428571428571
"cthm-04",15,1999,7.85714285714286,7.85714285714286
"cthm-04",16,1999,3.59712230215827,3.59712230215827
"cthm-04",17,1999,15.9420289855072,15.9420289855072
"cthm-04",18,1999,18.5714285714285,18.5714285714285
"cthm-04",19,1999,21.5827338129496,21.5827338129496
"cthm-04",20,1999,16.5467625899281,16.5467625899281
"cthm-05",1,1999,19.5652173913043,19.5652173913043
"cthm-05",2,1999,17.8571428571428,17.8571428571428
"cthm-05",3,1999,15.8273381294964,15.8273381294964
"cthm-05",4,1999,13.6690647482014,13.6690647482014
"cthm-05",5,1999,14.2857142857143,14.2857142857143
"cthm-05",6,1999,14.3884892086331,14.3884892086331
"cthm-05",7,1999,18.75,18.75
"cthm-05",8,1999,17.2661870503597,17.2661870503597
"cthm-05",9,1999,13.5714285714286,13.5714285714286
"cthm-05",10,1999,18.8405797101449,18.8405797101449
"cthm-05",11,1999,23.5714285714286,23.5714285714286
"cthm-05",12,1999,16.5467625899281,16.5467625899281
"cthm-05",13,1999,16.058394160584,16.058394160584
"cthm-05",14,1999,14.1843971631206,14.1843971631206
"cthm-05",15,1999,18.8811188811189,18.8811188811189
"cthm-05",16,1999,18.978102189781,18.978102189781
"cthm-05",17,1999,20.1388888888889,20.1388888888889
"cthm-05",18,1999,15.6028368794326,15.6028368794326
"cthm-05",19,1999,18.8405797101449,18.8405797101449
"cthm-05",20,1999,23.7410071942447,23.7410071942447
"cthm-06",1,1999,29.7101449275362,29.7101449275362
"cthm-06",2,1999,29.2857142857143,29.2857142857143
"cthm-06",3,1999,17.9856115107914,17.9856115107914
"cthm-06",4,1999,23.0215827338129,23.0215827338129
"cthm-06",5,1999,15.7142857142857,15.7142857142857
"cthm-06",6,1999,18.705035971223,18.705035971223
"cthm-06",7,1999,25.1798561151079,25.1798561151079
"cthm-06",8,1999,28.5714285714286,28.5714285714286
"cthm-06",9,1999,18.5714285714286,18.5714285714286
"cthm-06",10,1999,21.7391304347826,21.7391304347826
"cthm-06",11,1999,27.3381294964029,27.3381294964029
"cthm-06",12,1999,20,20
"cthm-06",13,1999,40.7142857142857,40.7142857142857
"cthm-06",14,1999,21.5827338129497,21.5827338129497
"cthm-06",15,1999,23.4042553191489,23.4042553191489
"cthm-06",16,1999,23.7410071942446,23.7410071942446
"cthm-06",17,1999,16.5467625899281,16.5467625899281
"cthm-06",18,1999,19.8581560283688,19.8581560283688
"cthm-06",19,1999,18.705035971223,18.705035971223
"cthm-06",20,1999,17.2661870503598,17.2661870503598
"cthm-07",1,1999,21.0144927536232,21.0144927536232
"cthm-07",2,1999,19.2857142857143,19.2857142857143
"cthm-07",3,1999,27.8571428571428,27.8571428571428
"cthm-07",4,1999,14.4927536231884,14.4927536231884
"cthm-07",5,1999,15.8273381294964,15.8273381294964
"cthm-07",6,1999,17.0212765957447,17.0212765957447
"cthm-07",7,1999,16.4285714285714,16.4285714285714
"cthm-07",8,1999,17.1428571428571,17.1428571428571
"cthm-07",9,1999,25.531914893617,25.531914893617
"cthm-07",10,1999,20.1438848920864,20.1438848920864
"cthm-07",11,1999,17.9856115107914,17.9856115107914
"cthm-07",12,1999,15.1079136690647,15.1079136690647
"cthm-07",13,1999,15.9420289855072,15.9420289855072
"cthm-07",14,1999,15.2173913043478,15.2173913043478
"cthm-07",15,1999,23.7410071942447,23.7410071942447
"cthm-07",16,1999,17.8571428571429,17.8571428571429
"cthm-07",17,1999,17.3913043478261,17.3913043478261
"cthm-07",18,1999,16.4285714285714,16.4285714285714
"cthm-07",19,1999,15.3284671532847,15.3284671532847
"cthm-07",20,1999,20.1388888888889,20.1388888888889
"cthm-08",1,1999,15.7142857142858,15.7142857142858
"cthm-08",2,1999,17.7304964539007,17.7304964539007
"cthm-08",3,1999,20,20
"cthm-08",4,1999,17.9856115107914,17.9856115107914
"cthm-08",5,1999,22.9166666666667,22.9166666666667
"cthm-08",6,1999,26.6187050359712,26.6187050359712
"cthm-08",7,1999,34.0579710144927,34.0579710144927
"cthm-08",8,1999,26.4285714285714,26.4285714285714
"cthm-08",9,1999,18.5714285714285,18.5714285714285
"cthm-08",10,1999,17.1428571428572,17.1428571428572
"cthm-08",11,1999,30.9352517985611,30.9352517985611
"cthm-08",12,1999,15.8273381294964,15.8273381294964
"cthm-08",13,1999,15.9420289855072,15.9420289855072
"cthm-08",14,1999,21.5827338129497,21.5827338129497
"cthm-08",15,1999,17.9856115107914,17.9856115107914
"cthm-08",16,1999,14.4927536231884,14.4927536231884
"cthm-08",17,1999,19.2857142857143,19.2857142857143
"cthm-08",18,1999,14.5833333333333,14.5833333333333
"cthm-08",19,1999,16.5467625899281,16.5467625899281
"cthm-08",20,1999,29.1970802919708,29.1970802919708
"cthm-09",1,1999,20,20
"cthm-09",2,1999,15.1079136690647,15.1079136690647
"cthm-09",3,1999,41.4285714285714,41.4285714285714
"cthm-09",4,1999,26.7605633802817,26.7605633802817
"cthm-09",5,1999,43.7956204379562,43.7956204379562
"cthm-09",6,1999,18.705035971223,18.705035971223
"cthm-09",7,1999,19.5652173913043,19.5652173913043
"cthm-09",8,1999,31.6546762589928,31.6546762589928
"cthm-09",9,1999,31.6546762589928,31.6546762589928
"cthm-09",10,1999,23.7410071942446,23.7410071942446
"cthm-09",11,1999,31.4285714285715,31.4285714285715
"cthm-09",12,1999,19.1489361702127,19.1489361702127
"cthm-09",13,1999,18.1159420289855,18.1159420289855
"cthm-09",14,1999,12.8571428571429,12.8571428571429
"cthm-09",15,1999,27.6595744680851,27.6595744680851
"cthm-09",16,1999,17.2661870503597,17.2661870503597
"cthm-09",17,1999,17.9856115107914,17.9856115107914
"cthm-09",18,1999,24.2857142857143,24.2857142857143
"cthm-09",19,1999,17.8571428571428,17.8571428571428
"cthm-09",20,1999,21.0144927536232,21.0144927536232
"cthm-10",1,1999,25.3623188405797,25.3623188405797
"cthm-10",2,1999,21.4285714285714,21.4285714285714
"cthm-10",3,1999,23.021582733813,23.021582733813
"cthm-10",4,1999,27.8571428571428,27.8571428571428
"cthm-10",5,1999,34.2857142857143,34.2857142857143
"cthm-10",6,1999,31.8840579710145,31.8840579710145
"cthm-10",7,1999,21.5827338129496,21.5827338129496
"cthm-10",8,1999,22.1428571428571,22.1428571428571
"cthm-10",9,1999,26.2773722627738,26.2773722627738
"cthm-10",10,1999,15.1079136690647,15.1079136690647
"cthm-10",11,1999,23.3576642335767,23.3576642335767
"cthm-10",12,1999,31.2056737588653,31.2056737588653
"cthm-10",13,1999,27.3381294964029,27.3381294964029
"cthm-10",14,1999,48.9208633093524,48.9208633093524
"cthm-10",15,1999,24.6376811594203,24.6376811594203
"cthm-10",16,1999,83.3333333333333,83.3333333333333
"cthm-10",17,1999,77.1428571428571,77.1428571428571
"cthm-10",18,1999,33.8028169014084,33.8028169014084
"cthm-10",19,1999,22.8571428571429,22.8571428571429
"cthm-10",20,1999,19.4244604316547,19.4244604316547
"cthm-11",1,1999,20.2898550724637,20.2898550724637
"cthm-11",2,1999,17.8571428571429,17.8571428571429
"cthm-11",3,1999,26.4285714285714,26.4285714285714
"cthm-11",4,1999,20.863309352518,20.863309352518
"cthm-11",5,1999,15.9420289855072,15.9420289855072
"cthm-11",6,1999,18.5714285714286,18.5714285714286
"cthm-11",7,1999,20.2898550724638,20.2898550724638
"cthm-11",8,1999,17.0212765957447,17.0212765957447
"cthm-11",9,1999,22.8571428571429,22.8571428571429
"cthm-11",10,1999,16.5467625899281,16.5467625899281
"cthm-11",11,1999,34.2657342657343,34.2657342657343
"cthm-11",12,1999,13.986013986014,13.986013986014
"cthm-11",13,1999,20.5673758865249,20.5673758865249
"cthm-11",14,1999,18.0555555555556,18.0555555555556
"cthm-11",15,1999,15,15
"cthm-11",16,1999,25.1798561151079,25.1798561151079
"cthm-11",17,1999,28.0575539568345,28.0575539568345
"cthm-11",18,1999,27.0833333333333,27.0833333333333
"cthm-11",19,1999,17.7304964539007,17.7304964539007
"cthm-11",20,1999,45,45
"cthm-12",1,1999,32.6086956521739,32.6086956521739
"cthm-12",2,1999,17.3611111111111,17.3611111111111
"cthm-12",3,1999,15.8273381294964,15.8273381294964
"cthm-12",4,1999,31.6546762589929,31.6546762589929
"cthm-12",5,1999,18.8405797101449,18.8405797101449
"cthm-12",6,1999,35.4609929078014,35.4609929078014
"cthm-12",7,1999,18.5714285714286,18.5714285714286
"cthm-12",8,1999,17.3611111111111,17.3611111111111
"cthm-12",9,1999,18.4397163120567,18.4397163120567
"cthm-12",10,1999,31.3868613138686,31.3868613138686
"cthm-12",11,1999,21.5827338129496,21.5827338129496
"cthm-12",12,1999,25.3623188405797,25.3623188405797
"cthm-12",13,1999,15.7142857142857,15.7142857142857
"cthm-12",14,1999,15,15
"cthm-12",15,1999,15.7142857142857,15.7142857142857
"cthm-12",16,1999,29.2857142857143,29.2857142857143
"cthm-12",17,1999,15.2173913043478,15.2173913043478
"cthm-12",18,1999,52.1739130434782,52.1739130434782
"cthm-12",19,1999,20.7142857142858,20.7142857142858
"cthm-12",20,1999,37.1428571428572,37.1428571428572
"cthm-13",1,1999,25.6944444444444,25.6944444444444
"cthm-13",2,1999,22.463768115942,22.463768115942
"cthm-13",3,1999,23.021582733813,23.021582733813
"cthm-13",4,1999,22.2222222222222,22.2222222222222
"cthm-13",5,1999,28.2608695652173,28.2608695652173
"cthm-13",6,1999,17.1428571428572,17.1428571428572
"cthm-13",7,1999,48.936170212766,48.936170212766
"cthm-13",8,1999,33.0935251798561,33.0935251798561
"cthm-13",9,1999,100,100
"cthm-13",10,1999,100,100
"cthm-13",11,1999,100,100
"cthm-13",12,1999,78.1021897810219,78.1021897810219
"cthm-13",13,1999,37.7622377622378,37.7622377622378
"cthm-13",14,1999,19.4244604316547,19.4244604316547
"cthm-13",15,1999,26.4285714285714,26.4285714285714
"cthm-13",16,1999,48.9051094890511,48.9051094890511
"cthm-13",17,1999,29.8611111111111,29.8611111111111
"cthm-13",18,1999,18.705035971223,18.705035971223
"cthm-13",19,1999,19.5652173913043,19.5652173913043
"cthm-13",20,1999,15.7142857142857,15.7142857142857
"cthm-14",1,1999,45.6521739130434,45.6521739130434
"cthm-14",2,1999,23.1884057971015,23.1884057971015
"cthm-14",3,1999,19.5804195804196,19.5804195804196
"cthm-14",4,1999,29.3706293706294,29.3706293706294
"cthm-14",5,1999,33.3333333333333,33.3333333333333
"cthm-14",6,1999,25.5319148936171,25.5319148936171
"cthm-14",7,1999,18.2481751824817,18.2481751824817
"cthm-14",8,1999,17.2661870503597,17.2661870503597
"cthm-14",9,1999,17.1428571428571,17.1428571428571
"cthm-14",10,1999,26.6187050359713,26.6187050359713
"cthm-14",11,1999,26.0869565217391,26.0869565217391
"cthm-14",12,1999,30,30
"cthm-14",13,1999,30.7142857142857,30.7142857142857
"cthm-14",14,1999,25.7142857142857,25.7142857142857
"cthm-14",15,1999,14.3884892086331,14.3884892086331
"cthm-14",16,1999,26.0869565217391,26.0869565217391
"cthm-14",17,1999,17.9856115107914,17.9856115107914
"cthm-14",18,1999,18.705035971223,18.705035971223
"cthm-14",19,1999,21.7391304347826,21.7391304347826
"cthm-14",20,1999,29.0780141843972,29.0780141843972
"drhm-01",1,1999,17.2661870503598,17.2661870503598
"drhm-01",2,1999,20.1438848920863,20.1438848920863
"drhm-01",3,1999,24.4604316546763,24.4604316546763
"drhm-01",4,1999,22.8571428571429,22.8571428571429
"drhm-01",5,1999,17.7304964539007,17.7304964539007
"drhm-01",6,1999,31.2056737588652,31.2056737588652
"drhm-01",7,1999,21.9858156028369,21.9858156028369
"drhm-01",8,1999,16.5467625899281,16.5467625899281
"drhm-01",9,1999,13.4751773049645,13.4751773049645
"drhm-01",10,1999,23.9130434782609,23.9130434782609
"drhm-01",11,1999,15.7142857142857,15.7142857142857
"drhm-01",12,1999,20.1438848920864,20.1438848920864
"drhm-01",13,1999,15.1079136690647,15.1079136690647
"drhm-01",14,1999,14.5985401459854,14.5985401459854
"drhm-01",15,1999,20.7142857142857,20.7142857142857
"drhm-01",16,1999,17.7304964539008,17.7304964539008
"drhm-01",17,1999,20.1438848920863,20.1438848920863
"drhm-01",18,1999,17.8571428571428,17.8571428571428
"drhm-01",19,1999,18.1159420289855,18.1159420289855
"drhm-01",20,1999,22.463768115942,22.463768115942
"drhm-02",1,1999,21.830985915493,21.830985915493
"drhm-02",2,1999,22.1428571428572,22.1428571428572
"drhm-02",3,1999,36.9565217391304,36.9565217391304
"drhm-02",4,1999,24.2857142857143,24.2857142857143
"drhm-02",5,1999,28.5714285714286,28.5714285714286
"drhm-02",6,1999,23.3576642335767,23.3576642335767
"drhm-02",7,1999,34.5323741007194,34.5323741007194
"drhm-02",8,1999,19.4444444444445,19.4444444444445
"drhm-02",9,1999,20.5673758865248,20.5673758865248
"drhm-02",10,1999,11.5107913669065,11.5107913669065
"drhm-02",11,1999,17.3913043478261,17.3913043478261
"drhm-02",12,1999,24.6376811594202,24.6376811594202
"drhm-02",13,1999,17.1428571428571,17.1428571428571
"drhm-02",14,1999,20.2898550724638,20.2898550724638
"drhm-02",15,1999,17.1428571428571,17.1428571428571
"drhm-02",16,1999,21.2765957446809,21.2765957446809
"drhm-02",17,1999,24.2857142857143,24.2857142857143
"drhm-02",18,1999,20.863309352518,20.863309352518
"drhm-02",19,1999,23.404255319149,23.404255319149
"drhm-02",20,1999,24.6376811594203,24.6376811594203
"drhm-03",1,1999,100,100
"drhm-03",2,1999,100,100
"drhm-03",3,1999,99.9999999999999,99.9999999999999
"drhm-03",4,1999,100,100
"drhm-03",5,1999,100,100
"drhm-03",6,1999,97.1428571428571,97.1428571428571
"drhm-03",7,1999,55,55
"drhm-03",8,1999,100,100
"drhm-03",9,1999,93.5714285714286,93.5714285714286
"drhm-03",10,1999,85.7142857142858,85.7142857142858
"drhm-03",11,1999,18.705035971223,18.705035971223
"drhm-03",12,1999,21.5827338129497,21.5827338129497
"drhm-03",13,1999,99.2957746478873,99.2957746478873
"drhm-03",14,1999,100,100
"drhm-03",15,1999,68.0555555555556,68.0555555555556
"drhm-03",16,1999,87.1428571428571,87.1428571428571
"drhm-03",17,1999,89.2857142857143,89.2857142857143
"drhm-03",18,1999,31.6546762589929,31.6546762589929
"drhm-03",19,1999,30.9352517985611,30.9352517985611
"drhm-03",20,1999,21.5827338129496,21.5827338129496
"drhm-04",1,1999,79.8611111111111,79.8611111111111
"drhm-04",2,1999,65,65
"drhm-04",3,1999,39.1304347826087,39.1304347826087
"drhm-04",4,1999,20,20
"drhm-04",5,1999,85.5072463768116,85.5072463768116
"drhm-04",6,1999,20.7142857142857,20.7142857142857
"drhm-04",7,1999,27.6595744680851,27.6595744680851
"drhm-04",8,1999,44.2028985507247,44.2028985507247
"drhm-04",9,1999,21.4285714285715,21.4285714285715
"drhm-04",10,1999,15.2173913043478,15.2173913043478
"drhm-04",11,1999,17.1428571428571,17.1428571428571
"drhm-04",12,1999,27.8571428571428,27.8571428571428
"drhm-04",13,1999,15.8273381294964,15.8273381294964
"drhm-04",14,1999,15.7142857142857,15.7142857142857
"drhm-04",15,1999,15.4929577464789,15.4929577464789
"drhm-04",16,1999,26.4285714285714,26.4285714285714
"drhm-04",17,1999,43.1654676258993,43.1654676258993
"drhm-04",18,1999,17.0212765957446,17.0212765957446
"drhm-04",19,1999,21.0144927536232,21.0144927536232
"drhm-04",20,1999,91.3669064748201,91.3669064748201
"drhm-05",1,1999,27.8571428571429,27.8571428571429
"drhm-05",2,1999,27.1428571428571,27.1428571428571
"drhm-05",3,1999,17.9856115107914,17.9856115107914
"drhm-05",4,1999,42.8571428571429,42.8571428571429
"drhm-05",5,1999,80.4347826086957,80.4347826086957
"drhm-05",6,1999,100,100
"drhm-05",7,1999,50.6944444444444,50.6944444444444
"drhm-05",8,1999,36.231884057971,36.231884057971
"drhm-05",9,1999,71.4285714285714,71.4285714285714
"drhm-05",10,1999,58.9928057553956,58.9928057553956
"drhm-05",11,1999,51.063829787234,51.063829787234
"drhm-05",12,1999,43.4782608695652,43.4782608695652
"drhm-05",13,1999,97.8571428571429,97.8571428571429
"drhm-05",14,1999,89.2857142857142,89.2857142857142
"drhm-05",15,1999,100,100
"drhm-05",16,1999,100,100
"drhm-05",17,1999,100,100
"drhm-05",18,1999,51.0638297872341,51.0638297872341
"drhm-05",19,1999,55.7971014492754,55.7971014492754
"drhm-05",20,1999,35,35
"drhm-06",1,1999,22.9166666666666,22.9166666666666
"drhm-06",2,1999,76.0869565217391,76.0869565217391
"drhm-06",3,1999,97.2027972027972,97.2027972027972
"drhm-06",4,1999,68.840579710145,68.840579710145
"drhm-06",5,1999,100,100
"drhm-06",6,1999,84.1726618705036,84.1726618705036
"drhm-06",7,1999,88.5714285714285,88.5714285714285
"drhm-06",8,1999,77.1428571428571,77.1428571428571
"drhm-06",9,1999,75.5395683453238,75.5395683453238
"drhm-06",10,1999,66.4285714285714,66.4285714285714
"drhm-06",11,1999,46.3768115942029,46.3768115942029
"drhm-06",12,1999,99.9999999999999,99.9999999999999
"drhm-06",13,1999,71.9424460431654,71.9424460431654
"drhm-06",14,1999,38.2978723404256,38.2978723404256
"drhm-06",15,1999,68.0851063829787,68.0851063829787
"drhm-06",16,1999,57.8571428571428,57.8571428571428
"drhm-06",17,1999,86.231884057971,86.231884057971
"drhm-06",18,1999,100,100
"drhm-06",19,1999,92.3611111111111,92.3611111111111
"drhm-06",20,1999,95.7142857142858,95.7142857142858
"drhm-07",1,1999,57.1428571428572,57.1428571428572
"drhm-07",2,1999,27.7372262773723,27.7372262773723
"drhm-07",3,1999,32.8571428571428,32.8571428571428
"drhm-07",4,1999,48.9051094890511,48.9051094890511
"drhm-07",5,1999,41.6058394160584,41.6058394160584
"drhm-07",6,1999,71.5277777777777,71.5277777777777
"drhm-07",7,1999,29.2857142857142,29.2857142857142
"drhm-07",8,1999,64.0287769784173,64.0287769784173
"drhm-07",9,1999,55.7971014492754,55.7971014492754
"drhm-07",10,1999,15.9420289855073,15.9420289855073
"drhm-07",11,1999,21.4285714285714,21.4285714285714
"drhm-07",12,1999,18.75,18.75
"drhm-07",13,1999,16.3120567375887,16.3120567375887
"drhm-07",14,1999,18.5714285714285,18.5714285714285
"drhm-07",15,1999,16.3120567375887,16.3120567375887
"drhm-07",16,1999,22.6277372262774,22.6277372262774
"drhm-07",17,1999,29.9270072992701,29.9270072992701
"drhm-07",18,1999,34.7826086956521,34.7826086956521
"drhm-07",19,1999,22.8571428571429,22.8571428571429
"drhm-07",20,1999,20,20
"drhm-08",1,1999,53.5714285714286,53.5714285714286
"drhm-08",2,1999,30.2158273381295,30.2158273381295
"drhm-08",3,1999,20.7142857142857,20.7142857142857
"drhm-08",4,1999,17.3611111111111,17.3611111111111
"drhm-08",5,1999,19.2857142857143,19.2857142857143
"drhm-08",6,1999,18.1159420289855,18.1159420289855
"drhm-08",7,1999,27.007299270073,27.007299270073
"drhm-08",8,1999,90.6474820143885,90.6474820143885
"drhm-08",9,1999,56.4285714285714,56.4285714285714
"drhm-08",10,1999,67.6258992805755,67.6258992805755
"drhm-08",11,1999,47.1428571428571,47.1428571428571
"drhm-08",12,1999,70.2898550724638,70.2898550724638
"drhm-08",13,1999,31.8840579710145,31.8840579710145
"drhm-08",14,1999,54.014598540146,54.014598540146
"drhm-08",15,1999,45.6521739130435,45.6521739130435
"drhm-08",16,1999,25.8992805755396,25.8992805755396
"drhm-08",17,1999,34.7826086956521,34.7826086956521
"drhm-08",18,1999,24.2857142857143,24.2857142857143
"drhm-08",19,1999,56.115107913669,56.115107913669
"drhm-08",20,1999,42.8571428571429,42.8571428571429
"orng-01",1,1999,30.4964539007092,30.4964539007092
"orng-01",2,1999,16.6666666666667,16.6666666666667
"orng-01",3,1999,33.5714285714285,33.5714285714285
"orng-01",4,1999,38.1944444444444,38.1944444444444
"orng-01",5,1999,17.9856115107913,17.9856115107913
"orng-01",6,1999,24.2857142857143,24.2857142857143
"orng-01",7,1999,23.0215827338129,23.0215827338129
"orng-01",8,1999,20.7142857142857,20.7142857142857
"orng-01",9,1999,20.7142857142857,20.7142857142857
"orng-01",10,1999,18.705035971223,18.705035971223
"orng-01",11,1999,26.8115942028986,26.8115942028986
"orng-01",12,1999,21.7391304347826,21.7391304347826
"orng-01",13,1999,18.5714285714285,18.5714285714285
"orng-01",14,1999,15.1079136690647,15.1079136690647
"orng-01",15,1999,18.8405797101449,18.8405797101449
"orng-01",16,1999,23.7410071942446,23.7410071942446
"orng-01",17,1999,22.8571428571429,22.8571428571429
"orng-01",18,1999,17.2661870503597,17.2661870503597
"orng-01",19,1999,28.8732394366197,28.8732394366197
"orng-01",20,1999,15.6028368794326,15.6028368794326
"orng-02",1,1999,15.8273381294964,15.8273381294964
"orng-02",2,1999,18.8405797101449,18.8405797101449
"orng-02",3,1999,16.546762589928,16.546762589928
"orng-02",4,1999,12.1428571428571,12.1428571428571
"orng-02",5,1999,21.7391304347826,21.7391304347826
"orng-02",6,1999,23.0215827338129,23.0215827338129
"orng-02",7,1999,20.863309352518,20.863309352518
"orng-02",8,1999,37.4100719424461,37.4100719424461
"orng-02",9,1999,22.3021582733813,22.3021582733813
"orng-02",10,1999,14.2857142857143,14.2857142857143
"orng-02",11,1999,20.2898550724638,20.2898550724638
"orng-02",12,1999,17.5182481751825,17.5182481751825
"orng-02",13,1999,19.5652173913043,19.5652173913043
"orng-02",14,1999,33.8129496402877,33.8129496402877
"orng-02",15,1999,16.4285714285714,16.4285714285714
"orng-02",16,1999,17.1428571428571,17.1428571428571
"orng-02",17,1999,12.7659574468085,12.7659574468085
"orng-02",18,1999,29.1970802919708,29.1970802919708
"orng-02",19,1999,24.6376811594203,24.6376811594203
"orng-02",20,1999,16.5467625899281,16.5467625899281
"orng-03",1,1999,36.4963503649635,36.4963503649635
"orng-03",2,1999,22.1428571428571,22.1428571428571
"orng-03",3,1999,23.7410071942446,23.7410071942446
"orng-03",4,1999,27.8571428571429,27.8571428571429
"orng-03",5,1999,17.9856115107914,17.9856115107914
"orng-03",6,1999,23.1884057971014,23.1884057971014
"orng-03",7,1999,35,35
"orng-03",8,1999,19.4444444444444,19.4444444444444
"orng-03",9,1999,22.1428571428571,22.1428571428571
"orng-03",10,1999,55.7142857142858,55.7142857142858
"orng-03",11,1999,94.9275362318841,94.9275362318841
"orng-03",12,1999,72.8571428571428,72.8571428571428
"orng-03",13,1999,32.8467153284672,32.8467153284672
"orng-03",14,1999,17.0212765957447,17.0212765957447
"orng-03",15,1999,24.2857142857143,24.2857142857143
"orng-03",16,1999,15.2173913043478,15.2173913043478
"orng-03",17,1999,18.2481751824818,18.2481751824818
"orng-03",18,1999,18.705035971223,18.705035971223
"orng-03",19,1999,17.4825174825175,17.4825174825175
"orng-03",20,1999,17.7304964539007,17.7304964539007
"orng-04",1,1999,100,100
"orng-04",2,1999,100,100
"orng-04",3,1999,75.3623188405797,75.3623188405797
"orng-04",4,1999,90.6474820143886,90.6474820143886
"orng-04",5,1999,80.8510638297872,80.8510638297872
"orng-04",6,1999,87.5912408759125,87.5912408759125
"orng-04",7,1999,77.6978417266188,77.6978417266188
"orng-04",8,1999,76.056338028169,76.056338028169
"orng-04",9,1999,55.7142857142857,55.7142857142857
"orng-04",10,1999,41.4285714285715,41.4285714285715
"orng-04",11,1999,17.0212765957447,17.0212765957447
"orng-04",12,1999,18.1159420289855,18.1159420289855
"orng-04",13,1999,34.2857142857143,34.2857142857143
"orng-04",14,1999,20.863309352518,20.863309352518
"orng-04",15,1999,35,35
"orng-04",16,1999,46.3768115942029,46.3768115942029
"orng-04",17,1999,16.0583941605839,16.0583941605839
"orng-04",18,1999,17.9856115107914,17.9856115107914
"orng-04",19,1999,21.0144927536231,21.0144927536231
"orng-04",20,1999,18.5714285714285,18.5714285714285
"orng-05",1,1999,13.768115942029,13.768115942029
"orng-05",2,1999,16.3120567375886,16.3120567375886
"orng-05",3,1999,26.950354609929,26.950354609929
"orng-05",4,1999,18.5714285714286,18.5714285714286
"orng-05",5,1999,23.5714285714286,23.5714285714286
"orng-05",6,1999,31.159420289855,31.159420289855
"orng-05",7,1999,30.9352517985612,30.9352517985612
"orng-05",8,1999,25.5474452554745,25.5474452554745
"orng-05",9,1999,15.2173913043478,15.2173913043478
"orng-05",10,1999,20.863309352518,20.863309352518
"orng-05",11,1999,18.5714285714285,18.5714285714285
"orng-05",12,1999,19.2857142857143,19.2857142857143
"orng-05",13,1999,24.4604316546763,24.4604316546763
"orng-05",14,1999,17.3611111111111,17.3611111111111
"orng-05",15,1999,19.2857142857143,19.2857142857143
"orng-05",16,1999,23.7410071942446,23.7410071942446
"orng-05",17,1999,30,30
"orng-05",18,1999,23.9130434782609,23.9130434782609
"orng-05",19,1999,24.8175182481752,24.8175182481752
"orng-05",20,1999,17.3913043478261,17.3913043478261
"orng-06",1,1999,16.4285714285714,16.4285714285714
"orng-06",2,1999,15.6028368794326,15.6028368794326
"orng-06",3,1999,24.2857142857142,24.2857142857142
"orng-06",4,1999,16.6666666666667,16.6666666666667
"orng-06",5,1999,25,25
"orng-06",6,1999,29.4964028776978,29.4964028776978
"orng-06",7,1999,69.3430656934307,69.3430656934307
"orng-06",8,1999,44.6808510638298,44.6808510638298
"orng-06",9,1999,32.1428571428572,32.1428571428572
"orng-06",10,1999,64.2335766423358,64.2335766423358
"orng-06",11,1999,58.9928057553956,58.9928057553956
"orng-06",12,1999,72.463768115942,72.463768115942
"orng-06",13,1999,30.2158273381295,30.2158273381295
"orng-06",14,1999,53.1914893617021,53.1914893617021
"orng-06",15,1999,79.8561151079137,79.8561151079137
"orng-06",16,1999,68.8405797101449,68.8405797101449
"orng-06",17,1999,23.0215827338129,23.0215827338129
"orng-06",18,1999,43.8848920863309,43.8848920863309
"orng-06",19,1999,23.3576642335767,23.3576642335767
"orng-06",20,1999,41.4285714285714,41.4285714285714
"orng-07",1,1999,36.6906474820144,36.6906474820144
"orng-07",2,1999,36.9565217391305,36.9565217391305
"orng-07",3,1999,20.2898550724638,20.2898550724638
"orng-07",4,1999,22.4637681159421,22.4637681159421
"orng-07",5,1999,20.1438848920864,20.1438848920864
"orng-07",6,1999,18.8405797101449,18.8405797101449
"orng-07",7,1999,18.1159420289855,18.1159420289855
"orng-07",8,1999,18.705035971223,18.705035971223
"orng-07",9,1999,29.4964028776978,29.4964028776978
"orng-07",10,1999,21.1267605633803,21.1267605633803
"orng-07",11,1999,15.2173913043478,15.2173913043478
"orng-07",12,1999,12.2302158273381,12.2302158273381
"orng-07",13,1999,26.056338028169,26.056338028169
"orng-07",14,1999,18.8405797101449,18.8405797101449
"orng-07",15,1999,48.5507246376812,48.5507246376812
"orng-07",16,1999,34.2857142857142,34.2857142857142
"orng-07",17,1999,14.5833333333334,14.5833333333334
"orng-07",18,1999,20.863309352518,20.863309352518
"orng-07",19,1999,39.5683453237411,39.5683453237411
"orng-07",20,1999,16.3120567375887,16.3120567375887
"orng-08",1,1999,27.8571428571428,27.8571428571428
"orng-08",2,1999,24.6376811594203,24.6376811594203
"orng-08",3,1999,25.1798561151079,25.1798561151079
"orng-08",4,1999,42.1428571428572,42.1428571428572
"orng-08",5,1999,17.8571428571428,17.8571428571428
"orng-08",6,1999,17.8571428571428,17.8571428571428
"orng-08",7,1999,18.705035971223,18.705035971223
"orng-08",8,1999,29.7872340425532,29.7872340425532
"orng-08",9,1999,26.8115942028985,26.8115942028985
"orng-08",10,1999,33.5714285714286,33.5714285714286
"orng-08",11,1999,12.8571428571429,12.8571428571429
"orng-08",12,1999,18.5714285714286,18.5714285714286
"orng-08",13,1999,16.4285714285714,16.4285714285714
"orng-08",14,1999,22.1428571428571,22.1428571428571
"orng-08",15,1999,17.9856115107914,17.9856115107914
"orng-08",16,1999,17.0212765957447,17.0212765957447
"orng-08",17,1999,17.1428571428571,17.1428571428571
"orng-08",18,1999,16.546762589928,16.546762589928
"orng-08",19,1999,35.7142857142857,35.7142857142857
"orng-08",20,1999,15,15
"orng-09",1,1999,27.1428571428571,27.1428571428571
"orng-09",2,1999,17.7304964539007,17.7304964539007
"orng-09",3,1999,24.2857142857143,24.2857142857143
"orng-09",4,1999,12.2302158273381,12.2302158273381
"orng-09",5,1999,23.1884057971014,23.1884057971014
"orng-09",6,1999,16.6666666666666,16.6666666666666
"orng-09",7,1999,31.2056737588652,31.2056737588652
"orng-09",8,1999,25.3623188405797,25.3623188405797
"orng-09",9,1999,18.8405797101449,18.8405797101449
"orng-09",10,1999,19.2857142857143,19.2857142857143
"orng-09",11,1999,17.8571428571429,17.8571428571429
"orng-09",12,1999,17.1428571428571,17.1428571428571
"orng-09",13,1999,17.2661870503597,17.2661870503597
"orng-09",14,1999,15.7142857142858,15.7142857142858
"orng-09",15,1999,21.7391304347826,21.7391304347826
"orng-09",16,1999,21.5827338129497,21.5827338129497
"orng-09",17,1999,30.7142857142857,30.7142857142857
"orng-09",18,1999,29.2857142857143,29.2857142857143
"orng-09",19,1999,26.4285714285714,26.4285714285714
"orng-09",20,1999,24.113475177305,24.113475177305
"orng-10",1,1999,32.1428571428572,32.1428571428572
"orng-10",2,1999,18.7050359712231,18.7050359712231
"orng-10",3,1999,40.5797101449276,40.5797101449276
"orng-10",4,1999,31.6546762589928,31.6546762589928
"orng-10",5,1999,34.2857142857143,34.2857142857143
"orng-10",6,1999,30.2158273381295,30.2158273381295
"orng-10",7,1999,31.25,31.25
"orng-10",8,1999,21.0144927536232,21.0144927536232
"orng-10",9,1999,25.3623188405797,25.3623188405797
"orng-10",10,1999,67.3758865248227,67.3758865248227
"orng-10",11,1999,67.1428571428571,67.1428571428571
"orng-10",12,1999,66.6666666666667,66.6666666666667
"orng-10",13,1999,33.5664335664336,33.5664335664336
"orng-10",14,1999,20.1438848920863,20.1438848920863
"orng-10",15,1999,19.8581560283688,19.8581560283688
"orng-10",16,1999,28.7769784172662,28.7769784172662
"orng-10",17,1999,22.463768115942,22.463768115942
"orng-10",18,1999,18.1818181818182,18.1818181818182
"orng-10",19,1999,31.3868613138686,31.3868613138686
"orng-10",20,1999,48.5507246376811,48.5507246376811
"orng-11",1,1999,23.0215827338129,23.0215827338129
"orng-11",2,1999,20,20
"orng-11",3,1999,25.8992805755396,25.8992805755396
"orng-11",4,1999,22.3021582733813,22.3021582733813
"orng-11",5,1999,40.4255319148936,40.4255319148936
"orng-11",6,1999,24.4604316546763,24.4604316546763
"orng-11",7,1999,20.2898550724638,20.2898550724638
"orng-11",8,1999,21.4285714285715,21.4285714285715
"orng-11",9,1999,25,25
"orng-11",10,1999,22.3021582733813,22.3021582733813
"orng-11",11,1999,30,30
"orng-11",12,1999,16.3120567375887,16.3120567375887
"orng-11",13,1999,21.0144927536232,21.0144927536232
"orng-11",14,1999,21.7391304347826,21.7391304347826
"orng-11",15,1999,21.2765957446809,21.2765957446809
"orng-11",16,1999,23.021582733813,23.021582733813
"orng-11",17,1999,29.1666666666666,29.1666666666666
"orng-11",18,1999,28.0575539568345,28.0575539568345
"orng-11",19,1999,19.4244604316547,19.4244604316547
"orng-11",20,1999,23.404255319149,23.404255319149
"orng-12",1,1999,31.6546762589928,31.6546762589928
"orng-12",2,1999,25.1748251748252,25.1748251748252
"orng-12",3,1999,25.8992805755396,25.8992805755396
"orng-12",4,1999,28.5714285714286,28.5714285714286
"orng-12",5,1999,33.3333333333333,33.3333333333333
"orng-12",6,1999,70.9219858156028,70.9219858156028
"orng-12",7,1999,99.2753623188406,99.2753623188406
"orng-12",8,1999,97.2027972027973,97.2027972027973
"orng-12",9,1999,95.7142857142858,95.7142857142858
"orng-12",10,1999,100,100
"orng-12",11,1999,100,100
"orng-12",12,1999,96.3768115942028,96.3768115942028
"orng-12",13,1999,97.841726618705,97.841726618705
"orng-12",14,1999,97.1631205673759,97.1631205673759
"orng-12",15,1999,76.0869565217392,76.0869565217392
"orng-12",16,1999,23.7410071942446,23.7410071942446
"orng-12",17,1999,28.7769784172662,28.7769784172662
"orng-12",18,1999,56.4285714285714,56.4285714285714
"orng-12",19,1999,22.463768115942,22.463768115942
"orng-12",20,1999,23.5714285714286,23.5714285714286
"cthm-01",1,2000,25.1798561151079,25.1798561151079
"cthm-01",2,2000,17.3913043478261,17.3913043478261
"cthm-01",3,2000,31.4285714285715,31.4285714285715
"cthm-01",4,2000,30.7142857142857,30.7142857142857
"cthm-01",5,2000,45.7142857142857,45.7142857142857
"cthm-01",6,2000,39.4160583941606,39.4160583941606
"cthm-01",7,2000,25.6944444444444,25.6944444444444
"cthm-01",8,2000,18.0555555555555,18.0555555555555
"cthm-01",9,2000,19.8581560283688,19.8581560283688
"cthm-01",10,2000,20.863309352518,20.863309352518
"cthm-01",11,2000,40.8759124087591,40.8759124087591
"cthm-01",12,2000,34.0579710144927,34.0579710144927
"cthm-01",13,2000,27.8571428571428,27.8571428571428
"cthm-01",14,2000,18.1159420289855,18.1159420289855
"cthm-01",15,2000,27.5362318840579,27.5362318840579
"cthm-01",16,2000,27.1428571428571,27.1428571428571
"cthm-01",17,2000,28.7769784172662,28.7769784172662
"cthm-01",18,2000,31.159420289855,31.159420289855
"cthm-01",19,2000,29.7872340425532,29.7872340425532
"cthm-01",20,2000,35.9712230215827,35.9712230215827
"cthm-02",1,2000,13.6690647482015,13.6690647482015
"cthm-02",2,2000,16.4285714285714,16.4285714285714
"cthm-02",3,2000,24.2857142857143,24.2857142857143
"cthm-02",4,2000,13.0434782608696,13.0434782608696
"cthm-02",5,2000,20.4379562043795,20.4379562043795
"cthm-02",6,2000,68.0555555555556,68.0555555555556
"cthm-02",7,2000,33.8129496402877,33.8129496402877
"cthm-02",8,2000,54.6762589928058,54.6762589928058
"cthm-02",9,2000,26.0869565217391,26.0869565217391
"cthm-02",10,2000,20.7142857142857,20.7142857142857
"cthm-02",11,2000,28.4671532846715,28.4671532846715
"cthm-02",12,2000,22.463768115942,22.463768115942
"cthm-02",13,2000,7.97101449275362,7.97101449275362
"cthm-02",14,2000,25.8992805755395,25.8992805755395
"cthm-02",15,2000,17.8571428571428,17.8571428571428
"cthm-02",16,2000,18.8405797101449,18.8405797101449
"cthm-02",17,2000,24.2857142857143,24.2857142857143
"cthm-02",18,2000,21.5827338129496,21.5827338129496
"cthm-02",19,2000,31.1594202898551,31.1594202898551
"cthm-02",20,2000,16.4285714285714,16.4285714285714
"cthm-03",1,2000,20.7142857142857,20.7142857142857
"cthm-03",2,2000,24.2857142857143,24.2857142857143
"cthm-03",3,2000,38.4615384615385,38.4615384615385
"cthm-03",4,2000,40.2777777777778,40.2777777777778
"cthm-03",5,2000,56.115107913669,56.115107913669
"cthm-03",6,2000,26.6187050359712,26.6187050359712
"cthm-03",7,2000,82.8571428571428,82.8571428571428
"cthm-03",8,2000,27.8571428571428,27.8571428571428
"cthm-03",9,2000,14.2857142857143,14.2857142857143
"cthm-03",10,2000,20.1438848920864,20.1438848920864
"cthm-03",11,2000,20.2898550724638,20.2898550724638
"cthm-03",12,2000,17.2661870503597,17.2661870503597
"cthm-03",13,2000,17.1428571428571,17.1428571428571
"cthm-03",14,2000,19.2857142857143,19.2857142857143
"cthm-03",15,2000,23.5714285714286,23.5714285714286
"cthm-03",16,2000,19.4244604316547,19.4244604316547
"cthm-03",17,2000,18.705035971223,18.705035971223
"cthm-03",18,2000,18.4397163120567,18.4397163120567
"cthm-03",19,2000,36.4285714285714,36.4285714285714
"cthm-03",20,2000,22.6950354609929,22.6950354609929
"cthm-04",2,2000,18.4397163120567,18.4397163120567
"cthm-04",3,2000,18.1159420289855,18.1159420289855
"cthm-04",4,2000,9.28571428571429,9.28571428571429
"cthm-04",5,2000,20.7142857142857,20.7142857142857
"cthm-04",6,2000,27.8571428571429,27.8571428571429
"cthm-04",7,2000,12.2302158273382,12.2302158273382
"cthm-04",8,2000,17.1428571428572,17.1428571428572
"cthm-04",9,2000,60.1449275362318,60.1449275362318
"cthm-04",10,2000,38.4057971014493,38.4057971014493
"cthm-04",11,2000,57.5539568345324,57.5539568345324
"cthm-04",12,2000,15.1079136690648,15.1079136690648
"cthm-04",13,2000,17.8571428571428,17.8571428571428
"cthm-04",14,2000,27.1428571428571,27.1428571428571
"cthm-04",15,2000,8.57142857142857,8.57142857142857
"cthm-04",16,2000,3.59712230215827,3.59712230215827
"cthm-04",17,2000,18.8405797101449,18.8405797101449
"cthm-04",18,2000,18.5714285714285,18.5714285714285
"cthm-04",19,2000,21.5827338129496,21.5827338129496
"cthm-04",20,2000,16.5467625899281,16.5467625899281
"cthm-05",1,2000,19.5652173913043,19.5652173913043
"cthm-05",2,2000,17.8571428571428,17.8571428571428
"cthm-05",3,2000,15.8273381294964,15.8273381294964
"cthm-05",4,2000,13.6690647482014,13.6690647482014
"cthm-05",5,2000,14.2857142857143,14.2857142857143
"cthm-05",6,2000,14.3884892086331,14.3884892086331
"cthm-05",7,2000,18.75,18.75
"cthm-05",8,2000,17.2661870503597,17.2661870503597
"cthm-05",9,2000,14.2857142857143,14.2857142857143
"cthm-05",10,2000,18.8405797101449,18.8405797101449
"cthm-05",11,2000,23.5714285714286,23.5714285714286
"cthm-05",12,2000,16.5467625899281,16.5467625899281
"cthm-05",13,2000,16.058394160584,16.058394160584
"cthm-05",14,2000,14.1843971631206,14.1843971631206
"cthm-05",15,2000,18.8811188811189,18.8811188811189
"cthm-05",16,2000,24.0875912408759,24.0875912408759
"cthm-05",17,2000,20.1388888888889,20.1388888888889
"cthm-05",18,2000,15.6028368794326,15.6028368794326
"cthm-05",19,2000,18.8405797101449,18.8405797101449
"cthm-05",20,2000,23.7410071942447,23.7410071942447
"cthm-06",1,2000,29.7101449275362,29.7101449275362
"cthm-06",2,2000,29.2857142857143,29.2857142857143
"cthm-06",3,2000,17.9856115107914,17.9856115107914
"cthm-06",4,2000,23.0215827338129,23.0215827338129
"cthm-06",5,2000,15.7142857142857,15.7142857142857
"cthm-06",6,2000,18.705035971223,18.705035971223
"cthm-06",7,2000,25.1798561151079,25.1798561151079
"cthm-06",8,2000,28.5714285714286,28.5714285714286
"cthm-06",9,2000,18.5714285714286,18.5714285714286
"cthm-06",10,2000,21.7391304347826,21.7391304347826
"cthm-06",11,2000,27.3381294964029,27.3381294964029
"cthm-06",12,2000,20,20
"cthm-06",13,2000,40.7142857142857,40.7142857142857
"cthm-06",14,2000,21.5827338129497,21.5827338129497
"cthm-06",15,2000,23.4042553191489,23.4042553191489
"cthm-06",16,2000,23.7410071942446,23.7410071942446
"cthm-06",17,2000,16.5467625899281,16.5467625899281
"cthm-06",18,2000,19.8581560283688,19.8581560283688
"cthm-06",19,2000,18.705035971223,18.705035971223
"cthm-06",20,2000,17.2661870503598,17.2661870503598
"cthm-07",1,2000,21.0144927536232,21.0144927536232
"cthm-07",2,2000,19.2857142857143,19.2857142857143
"cthm-07",3,2000,27.8571428571428,27.8571428571428
"cthm-07",4,2000,14.4927536231884,14.4927536231884
"cthm-07",5,2000,15.8273381294964,15.8273381294964
"cthm-07",6,2000,17.0212765957447,17.0212765957447
"cthm-07",7,2000,16.4285714285714,16.4285714285714
"cthm-07",8,2000,17.1428571428571,17.1428571428571
"cthm-07",9,2000,25.531914893617,25.531914893617
"cthm-07",10,2000,20.1438848920864,20.1438848920864
"cthm-07",11,2000,17.9856115107914,17.9856115107914
"cthm-07",12,2000,15.1079136690647,15.1079136690647
"cthm-07",13,2000,15.9420289855072,15.9420289855072
"cthm-07",14,2000,15.2173913043478,15.2173913043478
"cthm-07",15,2000,23.7410071942447,23.7410071942447
"cthm-07",16,2000,17.8571428571429,17.8571428571429
"cthm-07",17,2000,17.3913043478261,17.3913043478261
"cthm-07",18,2000,16.4285714285714,16.4285714285714
"cthm-07",19,2000,15.3284671532847,15.3284671532847
"cthm-07",20,2000,20.1388888888889,20.1388888888889
"cthm-08",1,2000,15.7142857142858,15.7142857142858
"cthm-08",2,2000,20.5673758865248,20.5673758865248
"cthm-08",3,2000,20,20
"cthm-08",4,2000,17.9856115107914,17.9856115107914
"cthm-08",5,2000,22.9166666666667,22.9166666666667
"cthm-08",6,2000,26.6187050359712,26.6187050359712
"cthm-08",7,2000,34.0579710144927,34.0579710144927
"cthm-08",8,2000,26.4285714285714,26.4285714285714
"cthm-08",9,2000,18.5714285714285,18.5714285714285
"cthm-08",10,2000,17.1428571428572,17.1428571428572
"cthm-08",11,2000,30.9352517985611,30.9352517985611
"cthm-08",12,2000,15.8273381294964,15.8273381294964
"cthm-08",13,2000,15.9420289855072,15.9420289855072
"cthm-08",14,2000,21.5827338129497,21.5827338129497
"cthm-08",15,2000,17.9856115107914,17.9856115107914
"cthm-08",16,2000,14.4927536231884,14.4927536231884
"cthm-08",17,2000,19.2857142857143,19.2857142857143
"cthm-08",18,2000,14.5833333333333,14.5833333333333
"cthm-08",19,2000,16.5467625899281,16.5467625899281
"cthm-08",20,2000,29.1970802919708,29.1970802919708
"cthm-09",1,2000,20,20
"cthm-09",2,2000,15.1079136690647,15.1079136690647
"cthm-09",3,2000,41.4285714285714,41.4285714285714
"cthm-09",4,2000,26.7605633802817,26.7605633802817
"cthm-09",5,2000,43.7956204379562,43.7956204379562
"cthm-09",6,2000,18.705035971223,18.705035971223
"cthm-09",7,2000,19.5652173913043,19.5652173913043
"cthm-09",8,2000,31.6546762589928,31.6546762589928
"cthm-09",9,2000,31.6546762589928,31.6546762589928
"cthm-09",10,2000,23.7410071942446,23.7410071942446
"cthm-09",11,2000,31.4285714285715,31.4285714285715
"cthm-09",12,2000,19.1489361702127,19.1489361702127
"cthm-09",13,2000,18.1159420289855,18.1159420289855
"cthm-09",14,2000,12.8571428571429,12.8571428571429
"cthm-09",15,2000,27.6595744680851,27.6595744680851
"cthm-09",16,2000,17.2661870503597,17.2661870503597
"cthm-09",17,2000,17.9856115107914,17.9856115107914
"cthm-09",18,2000,24.2857142857143,24.2857142857143
"cthm-09",19,2000,17.8571428571428,17.8571428571428
"cthm-09",20,2000,21.0144927536232,21.0144927536232
"cthm-10",1,2000,25.3623188405797,25.3623188405797
"cthm-10",2,2000,21.4285714285714,21.4285714285714
"cthm-10",3,2000,23.021582733813,23.021582733813
"cthm-10",4,2000,27.8571428571428,27.8571428571428
"cthm-10",5,2000,35,35
"cthm-10",6,2000,31.8840579710145,31.8840579710145
"cthm-10",7,2000,21.5827338129496,21.5827338129496
"cthm-10",8,2000,25,25
"cthm-10",9,2000,26.2773722627738,26.2773722627738
"cthm-10",10,2000,15.1079136690647,15.1079136690647
"cthm-10",11,2000,23.3576642335767,23.3576642335767
"cthm-10",12,2000,31.2056737588653,31.2056737588653
"cthm-10",13,2000,27.3381294964029,27.3381294964029
"cthm-10",14,2000,48.9208633093524,48.9208633093524
"cthm-10",15,2000,24.6376811594203,24.6376811594203
"cthm-10",16,2000,89.8550724637681,89.8550724637681
"cthm-10",17,2000,77.1428571428571,77.1428571428571
"cthm-10",18,2000,33.8028169014084,33.8028169014084
"cthm-10",19,2000,22.8571428571429,22.8571428571429
"cthm-10",20,2000,19.4244604316547,19.4244604316547
"cthm-11",1,2000,20.2898550724637,20.2898550724637
"cthm-11",2,2000,25,25
"cthm-11",3,2000,26.4285714285714,26.4285714285714
"cthm-11",4,2000,20.863309352518,20.863309352518
"cthm-11",5,2000,15.9420289855072,15.9420289855072
"cthm-11",6,2000,18.5714285714286,18.5714285714286
"cthm-11",7,2000,20.2898550724638,20.2898550724638
"cthm-11",8,2000,17.0212765957447,17.0212765957447
"cthm-11",9,2000,22.8571428571429,22.8571428571429
"cthm-11",10,2000,16.5467625899281,16.5467625899281
"cthm-11",11,2000,34.2657342657343,34.2657342657343
"cthm-11",12,2000,13.986013986014,13.986013986014
"cthm-11",13,2000,20.5673758865249,20.5673758865249
"cthm-11",14,2000,18.0555555555556,18.0555555555556
"cthm-11",15,2000,15,15
"cthm-11",16,2000,25.1798561151079,25.1798561151079
"cthm-11",17,2000,28.0575539568345,28.0575539568345
"cthm-11",18,2000,27.0833333333333,27.0833333333333
"cthm-11",19,2000,17.7304964539007,17.7304964539007
"cthm-11",20,2000,45,45
"cthm-12",1,2000,32.6086956521739,32.6086956521739
"cthm-12",2,2000,17.3611111111111,17.3611111111111
"cthm-12",3,2000,15.8273381294964,15.8273381294964
"cthm-12",4,2000,31.6546762589929,31.6546762589929
"cthm-12",5,2000,18.8405797101449,18.8405797101449
"cthm-12",6,2000,35.4609929078014,35.4609929078014
"cthm-12",7,2000,18.5714285714286,18.5714285714286
"cthm-12",8,2000,17.3611111111111,17.3611111111111
"cthm-12",9,2000,18.4397163120567,18.4397163120567
"cthm-12",10,2000,32.1167883211679,32.1167883211679
"cthm-12",11,2000,21.5827338129496,21.5827338129496
"cthm-12",12,2000,25.3623188405797,25.3623188405797
"cthm-12",13,2000,15.7142857142857,15.7142857142857
"cthm-12",14,2000,15,15
"cthm-12",15,2000,15.7142857142857,15.7142857142857
"cthm-12",16,2000,29.2857142857143,29.2857142857143
"cthm-12",17,2000,15.2173913043478,15.2173913043478
"cthm-12",18,2000,52.1739130434782,52.1739130434782
"cthm-12",19,2000,21.4285714285715,21.4285714285715
"cthm-12",20,2000,37.8571428571429,37.8571428571429
"cthm-13",1,2000,25.6944444444444,25.6944444444444
"cthm-13",2,2000,22.463768115942,22.463768115942
"cthm-13",3,2000,23.021582733813,23.021582733813
"cthm-13",4,2000,23.6111111111111,23.6111111111111
"cthm-13",5,2000,29.7101449275362,29.7101449275362
"cthm-13",6,2000,17.1428571428572,17.1428571428572
"cthm-13",7,2000,48.936170212766,48.936170212766
"cthm-13",8,2000,33.0935251798561,33.0935251798561
"cthm-13",9,2000,100,100
"cthm-13",10,2000,100,100
"cthm-13",11,2000,100,100
"cthm-13",12,2000,78.1021897810219,78.1021897810219
"cthm-13",13,2000,37.7622377622378,37.7622377622378
"cthm-13",14,2000,20.1438848920864,20.1438848920864
"cthm-13",15,2000,26.4285714285714,26.4285714285714
"cthm-13",16,2000,49.6350364963504,49.6350364963504
"cthm-13",17,2000,29.8611111111111,29.8611111111111
"cthm-13",18,2000,18.705035971223,18.705035971223
"cthm-13",19,2000,19.5652173913043,19.5652173913043
"cthm-13",20,2000,15.7142857142857,15.7142857142857
"cthm-14",1,2000,45.6521739130434,45.6521739130434
"cthm-14",2,2000,23.1884057971015,23.1884057971015
"cthm-14",3,2000,19.5804195804196,19.5804195804196
"cthm-14",4,2000,29.3706293706294,29.3706293706294
"cthm-14",5,2000,33.3333333333333,33.3333333333333
"cthm-14",6,2000,26.2411347517731,26.2411347517731
"cthm-14",7,2000,18.2481751824817,18.2481751824817
"cthm-14",8,2000,17.2661870503597,17.2661870503597
"cthm-14",9,2000,17.1428571428571,17.1428571428571
"cthm-14",10,2000,26.6187050359713,26.6187050359713
"cthm-14",11,2000,26.8115942028985,26.8115942028985
"cthm-14",12,2000,30,30
"cthm-14",13,2000,30.7142857142857,30.7142857142857
"cthm-14",14,2000,25.7142857142857,25.7142857142857
"cthm-14",15,2000,14.3884892086331,14.3884892086331
"cthm-14",16,2000,26.0869565217391,26.0869565217391
"cthm-14",17,2000,18.7050359712231,18.7050359712231
"cthm-14",18,2000,18.705035971223,18.705035971223
"cthm-14",19,2000,21.7391304347826,21.7391304347826
"cthm-14",20,2000,29.0780141843972,29.0780141843972
"drhm-01",1,2000,17.2661870503598,17.2661870503598
"drhm-01",2,2000,20.1438848920863,20.1438848920863
"drhm-01",3,2000,24.4604316546763,24.4604316546763
"drhm-01",4,2000,22.8571428571429,22.8571428571429
"drhm-01",5,2000,17.7304964539007,17.7304964539007
"drhm-01",6,2000,31.2056737588652,31.2056737588652
"drhm-01",7,2000,21.9858156028369,21.9858156028369
"drhm-01",8,2000,16.5467625899281,16.5467625899281
"drhm-01",9,2000,13.4751773049645,13.4751773049645
"drhm-01",10,2000,23.9130434782609,23.9130434782609
"drhm-01",11,2000,15.7142857142857,15.7142857142857
"drhm-01",12,2000,20.1438848920864,20.1438848920864
"drhm-01",13,2000,15.1079136690647,15.1079136690647
"drhm-01",14,2000,14.5985401459854,14.5985401459854
"drhm-01",15,2000,20.7142857142857,20.7142857142857
"drhm-01",16,2000,17.7304964539008,17.7304964539008
"drhm-01",17,2000,20.1438848920863,20.1438848920863
"drhm-01",18,2000,17.8571428571428,17.8571428571428
"drhm-01",19,2000,19.5652173913043,19.5652173913043
"drhm-01",20,2000,23.9130434782609,23.9130434782609
"drhm-02",1,2000,21.830985915493,21.830985915493
"drhm-02",2,2000,22.1428571428572,22.1428571428572
"drhm-02",3,2000,36.9565217391304,36.9565217391304
"drhm-02",4,2000,24.2857142857143,24.2857142857143
"drhm-02",5,2000,28.5714285714286,28.5714285714286
"drhm-02",6,2000,23.3576642335767,23.3576642335767
"drhm-02",7,2000,35.2517985611511,35.2517985611511
"drhm-02",8,2000,19.4444444444445,19.4444444444445
"drhm-02",9,2000,20.5673758865248,20.5673758865248
"drhm-02",10,2000,11.5107913669065,11.5107913669065
"drhm-02",11,2000,17.3913043478261,17.3913043478261
"drhm-02",12,2000,24.6376811594202,24.6376811594202
"drhm-02",13,2000,17.1428571428571,17.1428571428571
"drhm-02",14,2000,20.2898550724638,20.2898550724638
"drhm-02",15,2000,17.1428571428571,17.1428571428571
"drhm-02",16,2000,21.9858156028369,21.9858156028369
"drhm-02",17,2000,24.2857142857143,24.2857142857143
"drhm-02",18,2000,20.863309352518,20.863309352518
"drhm-02",19,2000,23.404255319149,23.404255319149
"drhm-02",20,2000,24.6376811594203,24.6376811594203
"drhm-03",1,2000,100,100
"drhm-03",2,2000,100,100
"drhm-03",3,2000,99.9999999999999,99.9999999999999
"drhm-03",4,2000,100,100
"drhm-03",5,2000,100,100
"drhm-03",6,2000,96.4285714285714,97.1428571428571
"drhm-03",7,2000,55,55
"drhm-03",8,2000,100,100
"drhm-03",9,2000,93.5714285714286,93.5714285714286
"drhm-03",10,2000,85.7142857142858,85.7142857142858
"drhm-03",11,2000,18.705035971223,18.705035971223
"drhm-03",12,2000,21.5827338129497,21.5827338129497
"drhm-03",13,2000,99.2957746478873,99.2957746478873
"drhm-03",14,2000,100,100
"drhm-03",15,2000,68.0555555555556,68.0555555555556
"drhm-03",16,2000,87.1428571428571,87.1428571428571
"drhm-03",17,2000,95.7142857142857,95.7142857142857
"drhm-03",18,2000,31.6546762589929,31.6546762589929
"drhm-03",19,2000,30.9352517985611,30.9352517985611
"drhm-03",20,2000,21.5827338129496,21.5827338129496
"drhm-04",1,2000,79.8611111111111,79.8611111111111
"drhm-04",2,2000,64.2857142857143,65
"drhm-04",3,2000,39.1304347826087,39.1304347826087
"drhm-04",4,2000,20,20
"drhm-04",5,2000,85.5072463768116,85.5072463768116
"drhm-04",6,2000,20.7142857142857,20.7142857142857
"drhm-04",7,2000,27.6595744680851,27.6595744680851
"drhm-04",8,2000,44.2028985507247,44.2028985507247
"drhm-04",9,2000,21.4285714285715,21.4285714285715
"drhm-04",10,2000,15.2173913043478,15.2173913043478
"drhm-04",11,2000,17.1428571428571,17.1428571428571
"drhm-04",12,2000,29.2857142857142,29.2857142857142
"drhm-04",13,2000,15.8273381294964,15.8273381294964
"drhm-04",14,2000,15.7142857142857,15.7142857142857
"drhm-04",15,2000,15.4929577464789,15.4929577464789
"drhm-04",16,2000,26.4285714285714,26.4285714285714
"drhm-04",17,2000,43.1654676258993,43.1654676258993
"drhm-04",18,2000,17.0212765957446,17.0212765957446
"drhm-04",19,2000,21.0144927536232,21.0144927536232
"drhm-04",20,2000,91.3669064748201,91.3669064748201
"drhm-05",1,2000,27.8571428571429,27.8571428571429
"drhm-05",2,2000,27.1428571428571,27.1428571428571
"drhm-05",3,2000,17.9856115107914,17.9856115107914
"drhm-05",4,2000,42.8571428571429,42.8571428571429
"drhm-05",5,2000,80.4347826086957,80.4347826086957
"drhm-05",6,2000,100,100
"drhm-05",7,2000,50.6944444444444,50.6944444444444
"drhm-05",8,2000,36.231884057971,36.231884057971
"drhm-05",9,2000,71.4285714285714,71.4285714285714
"drhm-05",10,2000,58.9928057553957,58.9928057553957
"drhm-05",11,2000,51.063829787234,51.063829787234
"drhm-05",12,2000,44.2028985507246,44.2028985507246
"drhm-05",13,2000,98.5714285714286,98.5714285714286
"drhm-05",14,2000,89.2857142857142,89.2857142857142
"drhm-05",15,2000,100,100
"drhm-05",16,2000,100,100
"drhm-05",17,2000,100,100
"drhm-05",18,2000,51.0638297872341,51.0638297872341
"drhm-05",19,2000,55.7971014492754,55.7971014492754
"drhm-05",20,2000,35,35
"drhm-06",1,2000,22.9166666666666,22.9166666666666
"drhm-06",2,2000,82.6086956521739,82.6086956521739
"drhm-06",3,2000,97.2027972027972,97.2027972027972
"drhm-06",4,2000,71.0144927536232,71.0144927536232
"drhm-06",5,2000,100,100
"drhm-06",6,2000,84.1726618705036,84.1726618705036
"drhm-06",7,2000,87.1428571428571,88.5714285714285
"drhm-06",8,2000,77.1428571428571,77.1428571428571
"drhm-06",9,2000,75.5395683453238,75.5395683453238
"drhm-06",10,2000,66.4285714285714,66.4285714285714
"drhm-06",11,2000,54.3478260869565,54.3478260869565
"drhm-06",12,2000,99.9999999999999,99.9999999999999
"drhm-06",13,2000,71.9424460431654,71.9424460431654
"drhm-06",14,2000,38.2978723404256,38.2978723404256
"drhm-06",15,2000,68.0851063829787,68.0851063829787
"drhm-06",16,2000,57.8571428571428,57.8571428571428
"drhm-06",17,2000,86.231884057971,86.231884057971
"drhm-06",18,2000,99.9999999999999,100
"drhm-06",19,2000,92.3611111111111,92.3611111111111
"drhm-06",20,2000,95.7142857142858,95.7142857142858
"drhm-07",1,2000,87.1428571428572,87.1428571428572
"drhm-07",2,2000,27.7372262773723,27.7372262773723
"drhm-07",3,2000,32.8571428571428,32.8571428571428
"drhm-07",4,2000,48.9051094890511,48.9051094890511
"drhm-07",5,2000,41.6058394160584,41.6058394160584
"drhm-07",6,2000,72.2222222222221,72.2222222222221
"drhm-07",7,2000,29.2857142857142,29.2857142857142
"drhm-07",8,2000,64.0287769784173,64.0287769784173
"drhm-07",9,2000,66.6666666666667,66.6666666666667
"drhm-07",10,2000,15.9420289855073,15.9420289855073
"drhm-07",11,2000,21.4285714285714,21.4285714285714
"drhm-07",12,2000,18.75,18.75
"drhm-07",13,2000,16.3120567375887,16.3120567375887
"drhm-07",14,2000,18.5714285714285,18.5714285714285
"drhm-07",15,2000,16.3120567375887,16.3120567375887
"drhm-07",16,2000,22.6277372262774,22.6277372262774
"drhm-07",17,2000,29.9270072992701,29.9270072992701
"drhm-07",18,2000,34.7826086956521,34.7826086956521
"drhm-07",19,2000,22.8571428571429,22.8571428571429
"drhm-07",20,2000,20,20
"drhm-08",1,2000,53.5714285714286,53.5714285714286
"drhm-08",2,2000,30.2158273381295,30.2158273381295
"drhm-08",3,2000,20.7142857142857,20.7142857142857
"drhm-08",4,2000,17.3611111111111,17.3611111111111
"drhm-08",5,2000,19.2857142857143,19.2857142857143
"drhm-08",6,2000,18.1159420289855,18.1159420289855
"drhm-08",7,2000,27.007299270073,27.007299270073
"drhm-08",8,2000,90.6474820143885,90.6474820143885
"drhm-08",9,2000,56.4285714285714,56.4285714285714
"drhm-08",10,2000,67.6258992805755,67.6258992805755
"drhm-08",11,2000,47.8571428571428,47.8571428571428
"drhm-08",12,2000,72.463768115942,72.463768115942
"drhm-08",13,2000,31.8840579710145,31.8840579710145
"drhm-08",14,2000,54.014598540146,54.014598540146
"drhm-08",15,2000,45.6521739130435,45.6521739130435
"drhm-08",16,2000,25.8992805755396,25.8992805755396
"drhm-08",17,2000,34.7826086956521,34.7826086956521
"drhm-08",18,2000,24.2857142857143,24.2857142857143
"drhm-08",19,2000,55.3956834532374,56.115107913669
"drhm-08",20,2000,42.8571428571429,42.8571428571429
"orng-01",1,2000,30.4964539007092,30.4964539007092
"orng-01",2,2000,16.6666666666667,16.6666666666667
"orng-01",3,2000,33.5714285714285,33.5714285714285
"orng-01",4,2000,38.1944444444444,38.1944444444444
"orng-01",5,2000,17.9856115107913,17.9856115107913
"orng-01",6,2000,24.2857142857143,24.2857142857143
"orng-01",7,2000,23.0215827338129,23.0215827338129
"orng-01",8,2000,20.7142857142857,20.7142857142857
"orng-01",9,2000,20.7142857142857,20.7142857142857
"orng-01",10,2000,18.705035971223,18.705035971223
"orng-01",11,2000,26.8115942028986,26.8115942028986
"orng-01",12,2000,21.7391304347826,21.7391304347826
"orng-01",13,2000,18.5714285714285,18.5714285714285
"orng-01",14,2000,15.1079136690647,15.1079136690647
"orng-01",15,2000,18.8405797101449,18.8405797101449
"orng-01",16,2000,23.7410071942446,23.7410071942446
"orng-01",17,2000,22.8571428571429,22.8571428571429
"orng-01",18,2000,17.2661870503597,17.2661870503597
"orng-01",19,2000,28.8732394366197,28.8732394366197
"orng-01",20,2000,15.6028368794326,15.6028368794326
"orng-02",1,2000,15.8273381294964,15.8273381294964
"orng-02",2,2000,18.8405797101449,18.8405797101449
"orng-02",3,2000,16.546762589928,16.546762589928
"orng-02",4,2000,12.1428571428571,12.1428571428571
"orng-02",5,2000,21.7391304347826,21.7391304347826
"orng-02",6,2000,23.0215827338129,23.0215827338129
"orng-02",7,2000,20.863309352518,20.863309352518
"orng-02",8,2000,37.4100719424461,37.4100719424461
"orng-02",9,2000,22.3021582733813,22.3021582733813
"orng-02",10,2000,14.2857142857143,14.2857142857143
"orng-02",11,2000,20.2898550724638,20.2898550724638
"orng-02",12,2000,17.5182481751825,17.5182481751825
"orng-02",13,2000,19.5652173913043,19.5652173913043
"orng-02",14,2000,33.8129496402877,33.8129496402877
"orng-02",15,2000,16.4285714285714,16.4285714285714
"orng-02",16,2000,17.1428571428571,17.1428571428571
"orng-02",17,2000,12.7659574468085,12.7659574468085
"orng-02",18,2000,30.6569343065694,30.6569343065694
"orng-02",19,2000,24.6376811594203,24.6376811594203
"orng-02",20,2000,16.5467625899281,16.5467625899281
"orng-03",1,2000,36.4963503649635,36.4963503649635
"orng-03",2,2000,22.1428571428571,22.1428571428571
"orng-03",3,2000,23.7410071942446,23.7410071942446
"orng-03",4,2000,27.8571428571429,27.8571428571429
"orng-03",5,2000,17.9856115107914,17.9856115107914
"orng-03",6,2000,23.1884057971014,23.1884057971014
"orng-03",7,2000,39.2857142857143,39.2857142857143
"orng-03",8,2000,19.4444444444444,19.4444444444444
"orng-03",9,2000,23.5714285714286,23.5714285714286
"orng-03",10,2000,55.7142857142858,55.7142857142858
"orng-03",11,2000,94.9275362318841,94.9275362318841
"orng-03",12,2000,83.5714285714285,83.5714285714285
"orng-03",13,2000,32.8467153284672,32.8467153284672
"orng-03",14,2000,17.0212765957447,17.0212765957447
"orng-03",15,2000,24.2857142857143,24.2857142857143
"orng-03",16,2000,15.2173913043478,15.2173913043478
"orng-03",17,2000,18.2481751824818,18.2481751824818
"orng-03",18,2000,18.705035971223,18.705035971223
"orng-03",19,2000,17.4825174825175,17.4825174825175
"orng-03",20,2000,17.7304964539007,17.7304964539007
"orng-04",1,2000,100,100
"orng-04",2,2000,100,100
"orng-04",3,2000,75.3623188405797,75.3623188405797
"orng-04",4,2000,90.6474820143886,90.6474820143886
"orng-04",5,2000,82.9787234042552,82.9787234042552
"orng-04",6,2000,87.5912408759125,87.5912408759125
"orng-04",7,2000,77.6978417266188,77.6978417266188
"orng-04",8,2000,76.056338028169,76.056338028169
"orng-04",9,2000,55.7142857142857,55.7142857142857
"orng-04",10,2000,41.4285714285715,41.4285714285715
"orng-04",11,2000,17.0212765957447,17.0212765957447
"orng-04",12,2000,18.1159420289855,18.1159420289855
"orng-04",13,2000,34.2857142857143,34.2857142857143
"orng-04",14,2000,20.863309352518,20.863309352518
"orng-04",15,2000,35,35
"orng-04",16,2000,46.3768115942029,46.3768115942029
"orng-04",17,2000,16.0583941605839,16.0583941605839
"orng-04",18,2000,17.2661870503597,17.9856115107914
"orng-04",19,2000,21.0144927536231,21.0144927536231
"orng-04",20,2000,18.5714285714285,18.5714285714285
"orng-05",1,2000,13.768115942029,13.768115942029
"orng-05",2,2000,16.3120567375886,16.3120567375886
"orng-05",3,2000,26.950354609929,26.950354609929
"orng-05",4,2000,18.5714285714286,18.5714285714286
"orng-05",5,2000,23.5714285714286,23.5714285714286
"orng-05",6,2000,31.159420289855,31.159420289855
"orng-05",7,2000,30.9352517985612,30.9352517985612
"orng-05",8,2000,25.5474452554745,25.5474452554745
"orng-05",9,2000,15.2173913043478,15.2173913043478
"orng-05",10,2000,20.863309352518,20.863309352518
"orng-05",11,2000,18.5714285714285,18.5714285714285
"orng-05",12,2000,19.2857142857143,19.2857142857143
"orng-05",13,2000,24.4604316546763,24.4604316546763
"orng-05",14,2000,17.3611111111111,17.3611111111111
"orng-05",15,2000,19.2857142857143,19.2857142857143
"orng-05",16,2000,23.7410071942446,23.7410071942446
"orng-05",17,2000,30,30
"orng-05",18,2000,23.9130434782609,23.9130434782609
"orng-05",19,2000,24.8175182481752,24.8175182481752
"orng-05",20,2000,17.3913043478261,17.3913043478261
"orng-06",1,2000,16.4285714285714,16.4285714285714
"orng-06",2,2000,15.6028368794326,15.6028368794326
"orng-06",3,2000,24.2857142857142,24.2857142857142
"orng-06",4,2000,16.6666666666667,16.6666666666667
"orng-06",5,2000,25,25
"orng-06",6,2000,38.1294964028777,38.1294964028777
"orng-06",7,2000,69.3430656934307,69.3430656934307
"orng-06",8,2000,44.6808510638298,44.6808510638298
"orng-06",9,2000,32.1428571428572,32.1428571428572
"orng-06",10,2000,64.2335766423358,64.2335766423358
"orng-06",11,2000,58.9928057553956,58.9928057553956
"orng-06",12,2000,73.9130434782608,73.9130434782608
"orng-06",13,2000,30.2158273381295,30.2158273381295
"orng-06",14,2000,53.1914893617021,53.1914893617021
"orng-06",15,2000,83.4532374100719,83.4532374100719
"orng-06",16,2000,68.8405797101449,68.8405797101449
"orng-06",17,2000,23.0215827338129,23.0215827338129
"orng-06",18,2000,44.6043165467626,44.6043165467626
"orng-06",19,2000,23.3576642335767,23.3576642335767
"orng-06",20,2000,41.4285714285714,41.4285714285714
"orng-07",1,2000,36.6906474820144,36.6906474820144
"orng-07",2,2000,37.6811594202899,37.6811594202899
"orng-07",3,2000,20.2898550724638,20.2898550724638
"orng-07",4,2000,22.4637681159421,22.4637681159421
"orng-07",5,2000,20.1438848920864,20.1438848920864
"orng-07",6,2000,18.8405797101449,18.8405797101449
"orng-07",7,2000,18.1159420289855,18.1159420289855
"orng-07",8,2000,18.705035971223,18.705035971223
"orng-07",9,2000,29.4964028776978,29.4964028776978
"orng-07",10,2000,21.1267605633803,21.1267605633803
"orng-07",11,2000,15.2173913043478,15.2173913043478
"orng-07",12,2000,12.2302158273381,12.2302158273381
"orng-07",13,2000,26.056338028169,26.056338028169
"orng-07",14,2000,18.8405797101449,18.8405797101449
"orng-07",15,2000,49.2753623188406,49.2753623188406
"orng-07",16,2000,34.2857142857142,34.2857142857142
"orng-07",17,2000,15.2777777777778,15.2777777777778
"orng-07",18,2000,20.863309352518,20.863309352518
"orng-07",19,2000,40.2877697841727,40.2877697841727
"orng-07",20,2000,16.3120567375887,16.3120567375887
"orng-08",1,2000,27.8571428571428,27.8571428571428
"orng-08",2,2000,24.6376811594203,24.6376811594203
"orng-08",3,2000,25.1798561151079,25.1798561151079
"orng-08",4,2000,42.1428571428572,42.1428571428572
"orng-08",5,2000,17.8571428571428,17.8571428571428
"orng-08",6,2000,17.8571428571428,17.8571428571428
"orng-08",7,2000,18.705035971223,18.705035971223
"orng-08",8,2000,29.7872340425532,29.7872340425532
"orng-08",9,2000,26.8115942028985,26.8115942028985
"orng-08",10,2000,33.5714285714286,33.5714285714286
"orng-08",11,2000,12.8571428571429,12.8571428571429
"orng-08",12,2000,18.5714285714286,18.5714285714286
"orng-08",13,2000,16.4285714285714,16.4285714285714
"orng-08",14,2000,22.1428571428571,22.1428571428571
"orng-08",15,2000,17.9856115107914,17.9856115107914
"orng-08",16,2000,17.0212765957447,17.0212765957447
"orng-08",17,2000,17.1428571428571,17.1428571428571
"orng-08",18,2000,17.2661870503597,17.2661870503597
"orng-08",19,2000,35.7142857142857,35.7142857142857
"orng-08",20,2000,15,15
"orng-09",1,2000,27.1428571428571,27.1428571428571
"orng-09",2,2000,17.7304964539007,17.7304964539007
"orng-09",3,2000,24.2857142857143,24.2857142857143
"orng-09",4,2000,12.2302158273381,12.2302158273381
"orng-09",5,2000,23.1884057971014,23.1884057971014
"orng-09",6,2000,16.6666666666666,16.6666666666666
"orng-09",7,2000,31.2056737588652,31.2056737588652
"orng-09",8,2000,25.3623188405797,25.3623188405797
"orng-09",9,2000,18.8405797101449,18.8405797101449
"orng-09",10,2000,23.5714285714286,23.5714285714286
"orng-09",11,2000,17.8571428571429,17.8571428571429
"orng-09",12,2000,17.1428571428571,17.1428571428571
"orng-09",13,2000,17.2661870503597,17.2661870503597
"orng-09",14,2000,15.7142857142858,15.7142857142858
"orng-09",15,2000,21.7391304347826,21.7391304347826
"orng-09",16,2000,21.5827338129497,21.5827338129497
"orng-09",17,2000,32.1428571428571,32.1428571428571
"orng-09",18,2000,29.2857142857143,29.2857142857143
"orng-09",19,2000,26.4285714285714,26.4285714285714
"orng-09",20,2000,24.113475177305,24.113475177305
"orng-10",1,2000,32.1428571428572,32.1428571428572
"orng-10",2,2000,18.7050359712231,18.7050359712231
"orng-10",3,2000,42.0289855072464,42.0289855072464
"orng-10",4,2000,31.6546762589929,31.6546762589929
"orng-10",5,2000,34.2857142857143,34.2857142857143
"orng-10",6,2000,30.2158273381295,30.2158273381295
"orng-10",7,2000,31.25,31.25
"orng-10",8,2000,21.0144927536232,21.0144927536232
"orng-10",9,2000,25.3623188405797,25.3623188405797
"orng-10",10,2000,67.3758865248227,67.3758865248227
"orng-10",11,2000,67.1428571428571,67.1428571428571
"orng-10",12,2000,66.6666666666667,66.6666666666667
"orng-10",13,2000,34.2657342657343,34.2657342657343
"orng-10",14,2000,20.1438848920863,20.1438848920863
"orng-10",15,2000,19.8581560283688,19.8581560283688
"orng-10",16,2000,30.9352517985612,30.9352517985612
"orng-10",17,2000,22.463768115942,22.463768115942
"orng-10",18,2000,18.1818181818182,18.1818181818182
"orng-10",19,2000,31.3868613138686,31.3868613138686
"orng-10",20,2000,49.2753623188405,49.2753623188405
"orng-11",1,2000,23.0215827338129,23.0215827338129
"orng-11",2,2000,20,20
"orng-11",3,2000,25.8992805755396,25.8992805755396
"orng-11",4,2000,22.3021582733813,22.3021582733813
"orng-11",5,2000,40.4255319148937,40.4255319148937
"orng-11",6,2000,24.4604316546763,24.4604316546763
"orng-11",7,2000,21.0144927536232,21.0144927536232
"orng-11",8,2000,21.4285714285715,21.4285714285715
"orng-11",9,2000,25,25
"orng-11",10,2000,22.3021582733813,22.3021582733813
"orng-11",11,2000,30,30
"orng-11",12,2000,16.3120567375887,16.3120567375887
"orng-11",13,2000,21.0144927536232,21.0144927536232
"orng-11",14,2000,21.7391304347826,21.7391304347826
"orng-11",15,2000,21.2765957446809,21.2765957446809
"orng-11",16,2000,23.021582733813,23.021582733813
"orng-11",17,2000,29.1666666666666,29.1666666666666
"orng-11",18,2000,28.0575539568345,28.0575539568345
"orng-11",19,2000,19.4244604316547,19.4244604316547
"orng-11",20,2000,23.404255319149,23.404255319149
"orng-12",1,2000,31.6546762589928,31.6546762589928
"orng-12",2,2000,25.1748251748252,25.1748251748252
"orng-12",3,2000,25.8992805755396,25.8992805755396
"orng-12",4,2000,28.5714285714286,28.5714285714286
"orng-12",5,2000,36.9565217391304,36.9565217391304
"orng-12",6,2000,71.6312056737589,71.6312056737589
"orng-12",7,2000,99.2753623188406,99.2753623188406
"orng-12",8,2000,97.2027972027973,97.2027972027973
"orng-12",9,2000,95.7142857142858,95.7142857142858
"orng-12",10,2000,100,100
"orng-12",11,2000,100,100
"orng-12",12,2000,99.2753623188405,99.2753623188405
"orng-12",13,2000,97.841726618705,97.841726618705
"orng-12",14,2000,97.1631205673759,97.1631205673759
"orng-12",15,2000,76.8115942028986,76.8115942028986
"orng-12",16,2000,23.7410071942447,23.7410071942447
"orng-12",17,2000,28.7769784172662,28.7769784172662
"orng-12",18,2000,56.4285714285714,56.4285714285714
"orng-12",19,2000,22.463768115942,22.463768115942
"orng-12",20,2000,23.5714285714286,23.5714285714286
"cthm-01",1,2001,25.1798561151079,25.1798561151079
"cthm-01",2,2001,17.3913043478261,17.3913043478261
"cthm-01",3,2001,31.4285714285715,31.4285714285715
"cthm-01",4,2001,33.5714285714285,33.5714285714285
"cthm-01",5,2001,48.5714285714285,48.5714285714285
"cthm-01",6,2001,43.0656934306569,43.0656934306569
"cthm-01",7,2001,25.6944444444444,25.6944444444444
"cthm-01",8,2001,18.0555555555555,18.0555555555555
"cthm-01",9,2001,19.8581560283688,19.8581560283688
"cthm-01",10,2001,23.7410071942447,23.7410071942447
"cthm-01",11,2001,40.8759124087591,40.8759124087591
"cthm-01",12,2001,36.231884057971,36.231884057971
"cthm-01",13,2001,27.8571428571428,27.8571428571428
"cthm-01",14,2001,18.1159420289855,18.1159420289855
"cthm-01",15,2001,27.5362318840579,27.5362318840579
"cthm-01",16,2001,27.1428571428571,27.1428571428571
"cthm-01",17,2001,28.7769784172662,28.7769784172662
"cthm-01",18,2001,31.159420289855,31.159420289855
"cthm-01",19,2001,29.7872340425532,29.7872340425532
"cthm-01",20,2001,35.9712230215827,35.9712230215827
"cthm-02",1,2001,13.6690647482015,13.6690647482015
"cthm-02",2,2001,16.4285714285714,16.4285714285714
"cthm-02",3,2001,24.2857142857143,24.2857142857143
"cthm-02",4,2001,13.0434782608696,13.0434782608696
"cthm-02",5,2001,40.8759124087591,40.8759124087591
"cthm-02",6,2001,72.2222222222223,72.2222222222223
"cthm-02",7,2001,33.8129496402877,33.8129496402877
"cthm-02",8,2001,55.3956834532375,55.3956834532375
"cthm-02",9,2001,26.0869565217391,26.0869565217391
"cthm-02",10,2001,20.7142857142857,20.7142857142857
"cthm-02",11,2001,28.4671532846715,28.4671532846715
"cthm-02",12,2001,22.463768115942,22.463768115942
"cthm-02",13,2001,7.97101449275362,7.97101449275362
"cthm-02",14,2001,27.3381294964028,27.3381294964028
"cthm-02",15,2001,17.8571428571428,17.8571428571428
"cthm-02",16,2001,18.8405797101449,18.8405797101449
"cthm-02",17,2001,24.2857142857143,24.2857142857143
"cthm-02",18,2001,22.3021582733813,22.3021582733813
"cthm-02",19,2001,31.8840579710145,31.8840579710145
"cthm-02",20,2001,16.4285714285714,16.4285714285714
"cthm-03",1,2001,20.7142857142857,20.7142857142857
"cthm-03",2,2001,24.2857142857143,24.2857142857143
"cthm-03",3,2001,38.4615384615385,38.4615384615385
"cthm-03",4,2001,40.2777777777778,40.2777777777778
"cthm-03",5,2001,56.115107913669,56.115107913669
"cthm-03",6,2001,26.6187050359712,26.6187050359712
"cthm-03",7,2001,82.8571428571428,82.8571428571428
"cthm-03",8,2001,27.8571428571428,27.8571428571428
"cthm-03",9,2001,14.2857142857143,14.2857142857143
"cthm-03",10,2001,20.1438848920864,20.1438848920864
"cthm-03",11,2001,20.2898550724638,20.2898550724638
"cthm-03",12,2001,17.2661870503597,17.2661870503597
"cthm-03",13,2001,17.1428571428571,17.1428571428571
"cthm-03",14,2001,19.2857142857143,19.2857142857143
"cthm-03",15,2001,23.5714285714286,23.5714285714286
"cthm-03",16,2001,19.4244604316547,19.4244604316547
"cthm-03",17,2001,18.705035971223,18.705035971223
"cthm-03",18,2001,18.4397163120567,18.4397163120567
"cthm-03",19,2001,36.4285714285714,36.4285714285714
"cthm-03",20,2001,22.6950354609929,22.6950354609929
"cthm-04",2,2001,19.1489361702127,19.1489361702127
"cthm-04",3,2001,18.8405797101449,18.8405797101449
"cthm-04",4,2001,9.28571428571429,9.28571428571429
"cthm-04",5,2001,20.7142857142857,20.7142857142857
"cthm-04",6,2001,28.5714285714286,28.5714285714286
"cthm-04",7,2001,12.2302158273382,12.2302158273382
"cthm-04",8,2001,17.1428571428572,17.1428571428572
"cthm-04",9,2001,60.1449275362318,60.1449275362318
"cthm-04",10,2001,39.1304347826087,39.1304347826087
"cthm-04",11,2001,57.5539568345324,57.5539568345324
"cthm-04",12,2001,15.1079136690648,15.1079136690648
"cthm-04",13,2001,17.8571428571428,17.8571428571428
"cthm-04",14,2001,27.1428571428571,27.1428571428571
"cthm-04",15,2001,8.57142857142857,8.57142857142857
"cthm-04",16,2001,4.31654676258993,4.31654676258993
"cthm-04",17,2001,18.8405797101449,18.8405797101449
"cthm-04",18,2001,18.5714285714285,18.5714285714285
"cthm-04",19,2001,21.5827338129496,21.5827338129496
"cthm-04",20,2001,16.5467625899281,16.5467625899281
"cthm-05",1,2001,20.2898550724637,20.2898550724637
"cthm-05",2,2001,17.8571428571428,17.8571428571428
"cthm-05",3,2001,15.8273381294964,15.8273381294964
"cthm-05",4,2001,13.6690647482014,13.6690647482014
"cthm-05",5,2001,14.2857142857143,14.2857142857143
"cthm-05",6,2001,14.3884892086331,14.3884892086331
"cthm-05",7,2001,18.75,18.75
"cthm-05",8,2001,17.2661870503597,17.2661870503597
"cthm-05",9,2001,15,15
"cthm-05",10,2001,18.8405797101449,18.8405797101449
"cthm-05",11,2001,23.5714285714286,23.5714285714286
"cthm-05",12,2001,16.5467625899281,16.5467625899281
"cthm-05",13,2001,16.7883211678832,16.7883211678832
"cthm-05",14,2001,15.6028368794326,15.6028368794326
"cthm-05",15,2001,18.8811188811189,18.8811188811189
"cthm-05",16,2001,25.5474452554744,25.5474452554744
"cthm-05",17,2001,20.1388888888889,20.1388888888889
"cthm-05",18,2001,15.6028368794326,15.6028368794326
"cthm-05",19,2001,18.8405797101449,18.8405797101449
"cthm-05",20,2001,23.7410071942447,23.7410071942447
"cthm-06",1,2001,29.7101449275362,29.7101449275362
"cthm-06",2,2001,29.2857142857143,29.2857142857143
"cthm-06",3,2001,18.705035971223,18.705035971223
"cthm-06",4,2001,23.0215827338129,23.0215827338129
"cthm-06",5,2001,15.7142857142857,15.7142857142857
"cthm-06",6,2001,18.705035971223,18.705035971223
"cthm-06",7,2001,25.1798561151079,25.1798561151079
"cthm-06",8,2001,28.5714285714286,28.5714285714286
"cthm-06",9,2001,18.5714285714286,18.5714285714286
"cthm-06",10,2001,21.7391304347826,21.7391304347826
"cthm-06",11,2001,27.3381294964029,27.3381294964029
"cthm-06",12,2001,20,20
"cthm-06",13,2001,40.7142857142857,40.7142857142857
"cthm-06",14,2001,21.5827338129497,21.5827338129497
"cthm-06",15,2001,23.4042553191489,23.4042553191489
"cthm-06",16,2001,23.7410071942446,23.7410071942446
"cthm-06",17,2001,16.5467625899281,16.5467625899281
"cthm-06",18,2001,19.8581560283688,19.8581560283688
"cthm-06",19,2001,18.705035971223,18.705035971223
"cthm-06",20,2001,17.2661870503598,17.2661870503598
"cthm-07",1,2001,21.0144927536232,21.0144927536232
"cthm-07",2,2001,19.2857142857143,19.2857142857143
"cthm-07",3,2001,27.8571428571428,27.8571428571428
"cthm-07",4,2001,14.4927536231884,14.4927536231884
"cthm-07",5,2001,15.8273381294964,15.8273381294964
"cthm-07",6,2001,17.0212765957447,17.0212765957447
"cthm-07",7,2001,16.4285714285714,16.4285714285714
"cthm-07",8,2001,17.1428571428571,17.1428571428571
"cthm-07",9,2001,25.531914893617,25.531914893617
"cthm-07",10,2001,20.1438848920864,20.1438848920864
"cthm-07",11,2001,18.705035971223,18.705035971223
"cthm-07",12,2001,15.1079136690647,15.1079136690647
"cthm-07",13,2001,16.6666666666667,16.6666666666667
"cthm-07",14,2001,15.2173913043478,15.2173913043478
"cthm-07",15,2001,23.7410071942447,23.7410071942447
"cthm-07",16,2001,17.8571428571429,17.8571428571429
"cthm-07",17,2001,17.3913043478261,17.3913043478261
"cthm-07",18,2001,16.4285714285714,16.4285714285714
"cthm-07",19,2001,15.3284671532847,15.3284671532847
"cthm-07",20,2001,20.1388888888889,20.1388888888889
"cthm-08",1,2001,15.7142857142858,15.7142857142858
"cthm-08",2,2001,20.5673758865248,20.5673758865248
"cthm-08",3,2001,20,20
"cthm-08",4,2001,17.9856115107914,17.9856115107914
"cthm-08",5,2001,23.6111111111111,23.6111111111111
"cthm-08",6,2001,26.6187050359712,26.6187050359712
"cthm-08",7,2001,34.0579710144927,34.0579710144927
"cthm-08",8,2001,27.1428571428571,27.1428571428571
"cthm-08",9,2001,18.5714285714285,18.5714285714285
"cthm-08",10,2001,17.1428571428572,17.1428571428572
"cthm-08",11,2001,30.9352517985611,30.9352517985611
"cthm-08",12,2001,15.8273381294964,15.8273381294964
"cthm-08",13,2001,15.9420289855072,15.9420289855072
"cthm-08",14,2001,21.5827338129497,21.5827338129497
"cthm-08",15,2001,17.9856115107914,17.9856115107914
"cthm-08",16,2001,14.4927536231884,14.4927536231884
"cthm-08",17,2001,19.2857142857143,19.2857142857143
"cthm-08",18,2001,14.5833333333333,14.5833333333333
"cthm-08",19,2001,16.5467625899281,16.5467625899281
"cthm-08",20,2001,29.9270072992701,29.9270072992701
"cthm-09",1,2001,20,20
"cthm-09",2,2001,15.1079136690647,15.1079136690647
"cthm-09",3,2001,41.4285714285714,41.4285714285714
"cthm-09",4,2001,32.3943661971831,32.3943661971831
"cthm-09",5,2001,43.7956204379562,43.7956204379562
"cthm-09",6,2001,18.705035971223,18.705035971223
"cthm-09",7,2001,19.5652173913043,19.5652173913043
"cthm-09",8,2001,31.6546762589928,31.6546762589928
"cthm-09",9,2001,31.6546762589928,31.6546762589928
"cthm-09",10,2001,23.7410071942446,23.7410071942446
"cthm-09",11,2001,31.4285714285715,31.4285714285715
"cthm-09",12,2001,19.1489361702127,19.1489361702127
"cthm-09",13,2001,18.1159420289855,18.1159420289855
"cthm-09",14,2001,12.8571428571429,12.8571428571429
"cthm-09",15,2001,27.6595744680851,27.6595744680851
"cthm-09",16,2001,17.2661870503597,17.2661870503597
"cthm-09",17,2001,17.9856115107914,17.9856115107914
"cthm-09",18,2001,24.2857142857143,24.2857142857143
"cthm-09",19,2001,17.8571428571428,17.8571428571428
"cthm-09",20,2001,21.0144927536232,21.0144927536232
"cthm-10",1,2001,25.3623188405797,25.3623188405797
"cthm-10",2,2001,21.4285714285714,21.4285714285714
"cthm-10",3,2001,23.021582733813,23.021582733813
"cthm-10",4,2001,27.8571428571428,27.8571428571428
"cthm-10",5,2001,35,35
"cthm-10",6,2001,31.8840579710145,31.8840579710145
"cthm-10",7,2001,21.5827338129496,21.5827338129496
"cthm-10",8,2001,25,25
"cthm-10",9,2001,27.7372262773723,27.7372262773723
"cthm-10",10,2001,15.1079136690647,15.1079136690647
"cthm-10",11,2001,23.3576642335767,23.3576642335767
"cthm-10",12,2001,31.2056737588653,31.2056737588653
"cthm-10",13,2001,27.3381294964029,27.3381294964029
"cthm-10",14,2001,58.273381294964,58.273381294964
"cthm-10",15,2001,24.6376811594203,24.6376811594203
"cthm-10",16,2001,89.8550724637681,89.8550724637681
"cthm-10",17,2001,78.5714285714286,78.5714285714286
"cthm-10",18,2001,33.8028169014084,33.8028169014084
"cthm-10",19,2001,22.8571428571429,22.8571428571429
"cthm-10",20,2001,20.1438848920863,20.1438848920863
"cthm-11",1,2001,20.2898550724637,20.2898550724637
"cthm-11",2,2001,25.7142857142857,25.7142857142857
"cthm-11",3,2001,26.4285714285714,26.4285714285714
"cthm-11",4,2001,22.3021582733813,22.3021582733813
"cthm-11",5,2001,15.9420289855072,15.9420289855072
"cthm-11",6,2001,18.5714285714286,18.5714285714286
"cthm-11",7,2001,20.2898550724638,20.2898550724638
"cthm-11",8,2001,17.0212765957447,17.0212765957447
"cthm-11",9,2001,22.8571428571429,22.8571428571429
"cthm-11",10,2001,17.2661870503597,17.2661870503597
"cthm-11",11,2001,34.2657342657343,34.2657342657343
"cthm-11",12,2001,13.986013986014,13.986013986014
"cthm-11",13,2001,20.5673758865249,20.5673758865249
"cthm-11",14,2001,18.0555555555556,18.0555555555556
"cthm-11",15,2001,15,15
"cthm-11",16,2001,25.8992805755395,25.8992805755395
"cthm-11",17,2001,28.0575539568345,28.0575539568345
"cthm-11",18,2001,27.0833333333333,27.0833333333333
"cthm-11",19,2001,17.7304964539007,17.7304964539007
"cthm-11",20,2001,45,45
"cthm-12",1,2001,32.6086956521739,32.6086956521739
"cthm-12",2,2001,17.3611111111111,17.3611111111111
"cthm-12",3,2001,15.8273381294964,15.8273381294964
"cthm-12",4,2001,32.3741007194245,32.3741007194245
"cthm-12",5,2001,18.8405797101449,18.8405797101449
"cthm-12",6,2001,35.4609929078014,35.4609929078014
"cthm-12",7,2001,18.5714285714286,18.5714285714286
"cthm-12",8,2001,17.3611111111111,17.3611111111111
"cthm-12",9,2001,18.4397163120567,18.4397163120567
"cthm-12",10,2001,32.1167883211679,32.1167883211679
"cthm-12",11,2001,21.5827338129496,21.5827338129496
"cthm-12",12,2001,25.3623188405797,25.3623188405797
"cthm-12",13,2001,15.7142857142857,15.7142857142857
"cthm-12",14,2001,15.7142857142857,15.7142857142857
"cthm-12",15,2001,15.7142857142857,15.7142857142857
"cthm-12",16,2001,29.2857142857143,29.2857142857143
"cthm-12",17,2001,15.2173913043478,15.2173913043478
"cthm-12",18,2001,52.8985507246377,52.8985507246377
"cthm-12",19,2001,21.4285714285715,21.4285714285715
"cthm-12",20,2001,37.8571428571429,37.8571428571429
"cthm-13",1,2001,25.6944444444444,25.6944444444444
"cthm-13",2,2001,22.463768115942,22.463768115942
"cthm-13",3,2001,23.021582733813,23.021582733813
"cthm-13",4,2001,23.6111111111111,23.6111111111111
"cthm-13",5,2001,29.7101449275362,29.7101449275362
"cthm-13",6,2001,17.1428571428572,17.1428571428572
"cthm-13",7,2001,48.936170212766,48.936170212766
"cthm-13",8,2001,33.8129496402877,33.8129496402877
"cthm-13",9,2001,100,100
"cthm-13",10,2001,100,100
"cthm-13",11,2001,100,100
"cthm-13",12,2001,78.1021897810219,78.1021897810219
"cthm-13",13,2001,37.7622377622378,37.7622377622378
"cthm-13",14,2001,20.1438848920864,20.1438848920864
"cthm-13",15,2001,27.1428571428572,27.1428571428572
"cthm-13",16,2001,49.6350364963504,49.6350364963504
"cthm-13",17,2001,29.8611111111111,29.8611111111111
"cthm-13",18,2001,18.705035971223,18.705035971223
"cthm-13",19,2001,19.5652173913043,19.5652173913043
"cthm-13",20,2001,15.7142857142857,15.7142857142857
"cthm-14",1,2001,45.6521739130434,45.6521739130434
"cthm-14",2,2001,23.1884057971015,23.1884057971015
"cthm-14",3,2001,19.5804195804196,19.5804195804196
"cthm-14",4,2001,29.3706293706294,29.3706293706294
"cthm-14",5,2001,36.1702127659574,36.1702127659574
"cthm-14",6,2001,26.2411347517731,26.2411347517731
"cthm-14",7,2001,18.2481751824817,18.2481751824817
"cthm-14",8,2001,17.2661870503597,17.2661870503597
"cthm-14",9,2001,17.1428571428571,17.1428571428571
"cthm-14",10,2001,26.6187050359713,26.6187050359713
"cthm-14",11,2001,26.8115942028985,26.8115942028985
"cthm-14",12,2001,30,30
"cthm-14",13,2001,30.7142857142857,30.7142857142857
"cthm-14",14,2001,25.7142857142857,25.7142857142857
"cthm-14",15,2001,14.3884892086331,14.3884892086331
"cthm-14",16,2001,26.0869565217391,26.0869565217391
"cthm-14",17,2001,18.7050359712231,18.7050359712231
"cthm-14",18,2001,18.705035971223,18.705035971223
"cthm-14",19,2001,21.7391304347826,21.7391304347826
"cthm-14",20,2001,29.0780141843972,29.0780141843972
"drhm-01",1,2001,17.2661870503598,17.2661870503598
"drhm-01",2,2001,20.1438848920863,20.1438848920863
"drhm-01",3,2001,24.4604316546763,24.4604316546763
"drhm-01",4,2001,22.8571428571429,22.8571428571429
"drhm-01",5,2001,17.7304964539007,17.7304964539007
"drhm-01",6,2001,31.2056737588652,31.2056737588652
"drhm-01",7,2001,21.9858156028369,21.9858156028369
"drhm-01",8,2001,16.5467625899281,16.5467625899281
"drhm-01",9,2001,15.6028368794326,15.6028368794326
"drhm-01",10,2001,23.9130434782609,23.9130434782609
"drhm-01",11,2001,15.7142857142857,15.7142857142857
"drhm-01",12,2001,20.1438848920864,20.1438848920864
"drhm-01",13,2001,15.1079136690647,15.1079136690647
"drhm-01",14,2001,14.5985401459854,14.5985401459854
"drhm-01",15,2001,20.7142857142857,20.7142857142857
"drhm-01",16,2001,17.7304964539008,17.7304964539008
"drhm-01",17,2001,20.1438848920863,20.1438848920863
"drhm-01",18,2001,17.8571428571428,17.8571428571428
"drhm-01",19,2001,19.5652173913043,19.5652173913043
"drhm-01",20,2001,23.9130434782609,23.9130434782609
"drhm-02",1,2001,21.830985915493,21.830985915493
"drhm-02",2,2001,22.1428571428572,22.1428571428572
"drhm-02",3,2001,36.9565217391304,36.9565217391304
"drhm-02",4,2001,24.2857142857143,24.2857142857143
"drhm-02",5,2001,28.5714285714286,28.5714285714286
"drhm-02",6,2001,23.3576642335767,23.3576642335767
"drhm-02",7,2001,35.2517985611511,35.2517985611511
"drhm-02",8,2001,19.4444444444445,19.4444444444445
"drhm-02",9,2001,20.5673758865248,20.5673758865248
"drhm-02",10,2001,11.5107913669065,11.5107913669065
"drhm-02",11,2001,18.1159420289855,18.1159420289855
"drhm-02",12,2001,24.6376811594202,24.6376811594202
"drhm-02",13,2001,17.1428571428571,17.1428571428571
"drhm-02",14,2001,20.2898550724638,20.2898550724638
"drhm-02",15,2001,17.1428571428571,17.1428571428571
"drhm-02",16,2001,22.695035460993,22.695035460993
"drhm-02",17,2001,24.2857142857143,24.2857142857143
"drhm-02",18,2001,20.863309352518,20.863309352518
"drhm-02",19,2001,23.404255319149,23.404255319149
"drhm-02",20,2001,24.6376811594203,24.6376811594203
"drhm-03",1,2001,100,100
"drhm-03",2,2001,100,100
"drhm-03",3,2001,99.9999999999999,99.9999999999999
"drhm-03",4,2001,100,100
"drhm-03",5,2001,100,100
"drhm-03",6,2001,97.1428571428571,97.1428571428571
"drhm-03",7,2001,56.4285714285714,56.4285714285714
"drhm-03",8,2001,100,100
"drhm-03",9,2001,93.5714285714286,93.5714285714286
"drhm-03",10,2001,85.7142857142858,85.7142857142858
"drhm-03",11,2001,18.705035971223,18.705035971223
"drhm-03",12,2001,21.5827338129497,21.5827338129497
"drhm-03",13,2001,99.2957746478873,99.2957746478873
"drhm-03",14,2001,100,100
"drhm-03",15,2001,68.75,68.75
"drhm-03",16,2001,87.1428571428571,87.1428571428571
"drhm-03",17,2001,96.4285714285714,96.4285714285714
"drhm-03",18,2001,31.6546762589929,31.6546762589929
"drhm-03",19,2001,30.9352517985611,30.9352517985611
"drhm-03",20,2001,25.1798561151079,25.1798561151079
"drhm-04",1,2001,79.8611111111111,79.8611111111111
"drhm-04",2,2001,64.2857142857143,65
"drhm-04",3,2001,39.1304347826087,39.1304347826087
"drhm-04",4,2001,20,20
"drhm-04",5,2001,85.5072463768116,85.5072463768116
"drhm-04",6,2001,20.7142857142857,20.7142857142857
"drhm-04",7,2001,27.6595744680851,27.6595744680851
"drhm-04",8,2001,44.2028985507247,44.2028985507247
"drhm-04",9,2001,21.4285714285715,21.4285714285715
"drhm-04",10,2001,15.2173913043478,15.2173913043478
"drhm-04",11,2001,17.1428571428571,17.1428571428571
"drhm-04",12,2001,29.2857142857142,29.2857142857142
"drhm-04",13,2001,15.8273381294964,15.8273381294964
"drhm-04",14,2001,15.7142857142857,15.7142857142857
"drhm-04",15,2001,15.4929577464789,15.4929577464789
"drhm-04",16,2001,26.4285714285714,26.4285714285714
"drhm-04",17,2001,43.1654676258993,43.1654676258993
"drhm-04",18,2001,17.0212765957446,17.0212765957446
"drhm-04",19,2001,21.0144927536232,21.0144927536232
"drhm-04",20,2001,92.0863309352517,92.0863309352517
"drhm-05",1,2001,27.8571428571429,27.8571428571429
"drhm-05",2,2001,27.1428571428571,27.1428571428571
"drhm-05",3,2001,17.9856115107914,17.9856115107914
"drhm-05",4,2001,42.8571428571429,42.8571428571429
"drhm-05",5,2001,80.4347826086957,80.4347826086957
"drhm-05",6,2001,99.9999999999999,100
"drhm-05",7,2001,50.6944444444444,50.6944444444444
"drhm-05",8,2001,36.231884057971,36.231884057971
"drhm-05",9,2001,71.4285714285714,71.4285714285714
"drhm-05",10,2001,58.9928057553957,58.9928057553957
"drhm-05",11,2001,51.063829787234,51.063829787234
"drhm-05",12,2001,51.4492753623188,51.4492753623188
"drhm-05",13,2001,98.5714285714286,98.5714285714286
"drhm-05",14,2001,89.2857142857142,89.2857142857142
"drhm-05",15,2001,100,100
"drhm-05",16,2001,100,100
"drhm-05",17,2001,100,100
"drhm-05",18,2001,51.0638297872341,51.0638297872341
"drhm-05",19,2001,55.7971014492754,55.7971014492754
"drhm-05",20,2001,35,35
"drhm-06",1,2001,22.9166666666666,22.9166666666666
"drhm-06",2,2001,82.6086956521739,82.6086956521739
"drhm-06",3,2001,97.2027972027972,97.2027972027972
"drhm-06",4,2001,92.0289855072464,92.0289855072464
"drhm-06",5,2001,100,100
"drhm-06",6,2001,84.1726618705036,84.1726618705036
"drhm-06",7,2001,87.8571428571428,88.5714285714285
"drhm-06",8,2001,77.1428571428571,77.1428571428571
"drhm-06",9,2001,75.5395683453238,75.5395683453238
"drhm-06",10,2001,66.4285714285714,66.4285714285714
"drhm-06",11,2001,54.3478260869565,54.3478260869565
"drhm-06",12,2001,99.9999999999999,99.9999999999999
"drhm-06",13,2001,71.9424460431654,71.9424460431654
"drhm-06",14,2001,38.2978723404256,38.2978723404256
"drhm-06",15,2001,68.0851063829787,68.0851063829787
"drhm-06",16,2001,57.8571428571428,57.8571428571428
"drhm-06",17,2001,86.231884057971,86.231884057971
"drhm-06",18,2001,99.9999999999999,100
"drhm-06",19,2001,92.3611111111111,92.3611111111111
"drhm-06",20,2001,95.7142857142858,95.7142857142858
"drhm-07",1,2001,90,90
"drhm-07",2,2001,27.7372262773723,27.7372262773723
"drhm-07",3,2001,32.8571428571428,32.8571428571428
"drhm-07",4,2001,49.6350364963504,49.6350364963504
"drhm-07",5,2001,41.6058394160584,41.6058394160584
"drhm-07",6,2001,72.9166666666666,72.9166666666666
"drhm-07",7,2001,29.2857142857142,29.2857142857142
"drhm-07",8,2001,64.0287769784173,64.0287769784173
"drhm-07",9,2001,71.0144927536232,71.0144927536232
"drhm-07",10,2001,15.9420289855073,15.9420289855073
"drhm-07",11,2001,21.4285714285714,21.4285714285714
"drhm-07",12,2001,18.75,18.75
"drhm-07",13,2001,16.3120567375887,16.3120567375887
"drhm-07",14,2001,18.5714285714285,18.5714285714285
"drhm-07",15,2001,16.3120567375887,16.3120567375887
"drhm-07",16,2001,22.6277372262774,22.6277372262774
"drhm-07",17,2001,31.3868613138686,31.3868613138686
"drhm-07",18,2001,34.7826086956521,34.7826086956521
"drhm-07",19,2001,22.8571428571429,22.8571428571429
"drhm-07",20,2001,21.4285714285714,21.4285714285714
"drhm-08",1,2001,53.5714285714286,53.5714285714286
"drhm-08",2,2001,30.2158273381295,30.2158273381295
"drhm-08",3,2001,20.7142857142857,20.7142857142857
"drhm-08",4,2001,17.3611111111111,17.3611111111111
"drhm-08",5,2001,20,20
"drhm-08",6,2001,18.1159420289855,18.1159420289855
"drhm-08",7,2001,27.007299270073,27.007299270073
"drhm-08",8,2001,90.6474820143885,90.6474820143885
"drhm-08",9,2001,56.4285714285714,56.4285714285714
"drhm-08",10,2001,71.9424460431655,71.9424460431655
"drhm-08",11,2001,47.8571428571428,47.8571428571428
"drhm-08",12,2001,73.1884057971014,73.1884057971014
"drhm-08",13,2001,31.8840579710145,31.8840579710145
"drhm-08",14,2001,54.014598540146,54.014598540146
"drhm-08",15,2001,45.6521739130435,45.6521739130435
"drhm-08",16,2001,25.8992805755396,25.8992805755396
"drhm-08",17,2001,34.7826086956521,34.7826086956521
"drhm-08",18,2001,24.2857142857143,24.2857142857143
"drhm-08",19,2001,55.3956834532374,56.115107913669
"drhm-08",20,2001,42.8571428571429,42.8571428571429
"orng-01",1,2001,31.2056737588653,31.2056737588653
"orng-01",2,2001,16.6666666666667,16.6666666666667
"orng-01",3,2001,33.5714285714285,33.5714285714285
"orng-01",4,2001,38.1944444444444,38.1944444444444
"orng-01",5,2001,17.9856115107913,17.9856115107913
"orng-01",6,2001,24.2857142857143,24.2857142857143
"orng-01",7,2001,23.0215827338129,23.0215827338129
"orng-01",8,2001,20.7142857142857,20.7142857142857
"orng-01",9,2001,20.7142857142857,20.7142857142857
"orng-01",10,2001,18.705035971223,18.705035971223
"orng-01",11,2001,26.8115942028986,26.8115942028986
"orng-01",12,2001,21.7391304347826,21.7391304347826
"orng-01",13,2001,18.5714285714285,18.5714285714285
"orng-01",14,2001,15.1079136690647,15.1079136690647
"orng-01",15,2001,18.8405797101449,18.8405797101449
"orng-01",16,2001,23.7410071942446,23.7410071942446
"orng-01",17,2001,22.8571428571429,22.8571428571429
"orng-01",18,2001,17.2661870503597,17.2661870503597
"orng-01",19,2001,28.8732394366197,28.8732394366197
"orng-01",20,2001,15.6028368794326,15.6028368794326
"orng-02",1,2001,15.8273381294964,15.8273381294964
"orng-02",2,2001,18.8405797101449,18.8405797101449
"orng-02",3,2001,16.546762589928,16.546762589928
"orng-02",4,2001,12.1428571428571,12.1428571428571
"orng-02",5,2001,21.7391304347826,21.7391304347826
"orng-02",6,2001,23.0215827338129,23.0215827338129
"orng-02",7,2001,20.863309352518,20.863309352518
"orng-02",8,2001,37.4100719424461,37.4100719424461
"orng-02",9,2001,22.3021582733813,22.3021582733813
"orng-02",10,2001,14.2857142857143,14.2857142857143
"orng-02",11,2001,20.2898550724638,20.2898550724638
"orng-02",12,2001,17.5182481751825,17.5182481751825
"orng-02",13,2001,19.5652173913043,19.5652173913043
"orng-02",14,2001,33.8129496402877,33.8129496402877
"orng-02",15,2001,16.4285714285714,16.4285714285714
"orng-02",16,2001,17.1428571428571,17.1428571428571
"orng-02",17,2001,12.7659574468085,12.7659574468085
"orng-02",18,2001,30.6569343065694,30.6569343065694
"orng-02",19,2001,24.6376811594203,24.6376811594203
"orng-02",20,2001,16.5467625899281,16.5467625899281
"orng-03",1,2001,36.4963503649635,36.4963503649635
"orng-03",2,2001,22.1428571428571,22.1428571428571
"orng-03",3,2001,23.7410071942446,23.7410071942446
"orng-03",4,2001,27.8571428571429,27.8571428571429
"orng-03",5,2001,17.9856115107914,17.9856115107914
"orng-03",6,2001,23.1884057971014,23.1884057971014
"orng-03",7,2001,40,40
"orng-03",8,2001,19.4444444444444,19.4444444444444
"orng-03",9,2001,24.2857142857143,24.2857142857143
"orng-03",10,2001,56.4285714285715,56.4285714285715
"orng-03",11,2001,94.9275362318841,94.9275362318841
"orng-03",12,2001,83.5714285714285,83.5714285714285
"orng-03",13,2001,33.5766423357665,33.5766423357665
"orng-03",14,2001,17.0212765957447,17.0212765957447
"orng-03",15,2001,24.2857142857143,24.2857142857143
"orng-03",16,2001,15.2173913043478,15.2173913043478
"orng-03",17,2001,18.2481751824818,18.2481751824818
"orng-03",18,2001,18.705035971223,18.705035971223
"orng-03",19,2001,17.4825174825175,17.4825174825175
"orng-03",20,2001,17.7304964539007,17.7304964539007
"orng-04",1,2001,100,100
"orng-04",2,2001,100,100
"orng-04",3,2001,75.3623188405797,75.3623188405797
"orng-04",4,2001,90.6474820143886,90.6474820143886
"orng-04",5,2001,82.9787234042552,82.9787234042552
"orng-04",6,2001,87.5912408759125,87.5912408759125
"orng-04",7,2001,77.6978417266188,77.6978417266188
"orng-04",8,2001,76.056338028169,76.056338028169
"orng-04",9,2001,55.7142857142857,55.7142857142857
"orng-04",10,2001,41.4285714285715,41.4285714285715
"orng-04",11,2001,17.0212765957447,17.0212765957447
"orng-04",12,2001,18.1159420289855,18.1159420289855
"orng-04",13,2001,34.2857142857143,34.2857142857143
"orng-04",14,2001,20.863309352518,20.863309352518
"orng-04",15,2001,35,35
"orng-04",16,2001,46.3768115942029,46.3768115942029
"orng-04",17,2001,16.0583941605839,16.0583941605839
"orng-04",18,2001,17.2661870503597,17.9856115107914
"orng-04",19,2001,21.0144927536231,21.0144927536231
"orng-04",20,2001,18.5714285714285,18.5714285714285
"orng-05",1,2001,13.768115942029,13.768115942029
"orng-05",2,2001,16.3120567375886,16.3120567375886
"orng-05",3,2001,26.950354609929,26.950354609929
"orng-05",4,2001,18.5714285714286,18.5714285714286
"orng-05",5,2001,23.5714285714286,23.5714285714286
"orng-05",6,2001,31.159420289855,31.159420289855
"orng-05",7,2001,30.9352517985612,30.9352517985612
"orng-05",8,2001,25.5474452554745,25.5474452554745
"orng-05",9,2001,15.2173913043478,15.2173913043478
"orng-05",10,2001,20.863309352518,20.863309352518
"orng-05",11,2001,18.5714285714285,18.5714285714285
"orng-05",12,2001,19.2857142857143,19.2857142857143
"orng-05",13,2001,24.4604316546763,24.4604316546763
"orng-05",14,2001,17.3611111111111,17.3611111111111
"orng-05",15,2001,19.2857142857143,19.2857142857143
"orng-05",16,2001,23.7410071942446,23.7410071942446
"orng-05",17,2001,30,30
"orng-05",18,2001,23.9130434782609,23.9130434782609
"orng-05",19,2001,24.8175182481752,24.8175182481752
"orng-05",20,2001,17.3913043478261,17.3913043478261
"orng-06",1,2001,16.4285714285714,16.4285714285714
"orng-06",2,2001,15.6028368794326,15.6028368794326
"orng-06",3,2001,24.2857142857142,24.2857142857142
"orng-06",4,2001,16.6666666666667,16.6666666666667
"orng-06",5,2001,25,25
"orng-06",6,2001,43.8848920863309,43.8848920863309
"orng-06",7,2001,69.3430656934307,69.3430656934307
"orng-06",8,2001,44.6808510638298,44.6808510638298
"orng-06",9,2001,32.1428571428572,32.1428571428572
"orng-06",10,2001,64.2335766423358,64.2335766423358
"orng-06",11,2001,63.3093525179856,63.3093525179856
"orng-06",12,2001,74.6376811594202,74.6376811594202
"orng-06",13,2001,30.2158273381295,30.2158273381295
"orng-06",14,2001,54.6099290780142,54.6099290780142
"orng-06",15,2001,89.9280575539568,89.9280575539568
"orng-06",16,2001,69.5652173913043,69.5652173913043
"orng-06",17,2001,23.0215827338129,23.0215827338129
"orng-06",18,2001,43.884892086331,44.6043165467626
"orng-06",19,2001,23.3576642335767,23.3576642335767
"orng-06",20,2001,41.4285714285714,41.4285714285714
"orng-07",1,2001,36.6906474820144,36.6906474820144
"orng-07",2,2001,37.6811594202899,37.6811594202899
"orng-07",3,2001,20.2898550724638,20.2898550724638
"orng-07",4,2001,22.4637681159421,22.4637681159421
"orng-07",5,2001,20.1438848920864,20.1438848920864
"orng-07",6,2001,18.8405797101449,18.8405797101449
"orng-07",7,2001,18.1159420289855,18.1159420289855
"orng-07",8,2001,18.705035971223,18.705035971223
"orng-07",9,2001,29.4964028776978,29.4964028776978
"orng-07",10,2001,21.1267605633803,21.1267605633803
"orng-07",11,2001,15.2173913043478,15.2173913043478
"orng-07",12,2001,12.2302158273381,12.2302158273381
"orng-07",13,2001,26.056338028169,26.056338028169
"orng-07",14,2001,18.8405797101449,18.8405797101449
"orng-07",15,2001,47.8260869565218,49.2753623188406
"orng-07",16,2001,34.2857142857142,34.2857142857142
"orng-07",17,2001,15.2777777777778,15.2777777777778
"orng-07",18,2001,20.863309352518,20.863309352518
"orng-07",19,2001,40.2877697841727,40.2877697841727
"orng-07",20,2001,16.3120567375887,16.3120567375887
"orng-08",1,2001,27.8571428571428,27.8571428571428
"orng-08",2,2001,24.6376811594203,24.6376811594203
"orng-08",3,2001,25.1798561151079,25.1798561151079
"orng-08",4,2001,42.1428571428572,42.1428571428572
"orng-08",5,2001,17.8571428571428,17.8571428571428
"orng-08",6,2001,17.8571428571428,17.8571428571428
"orng-08",7,2001,18.705035971223,18.705035971223
"orng-08",8,2001,29.7872340425532,29.7872340425532
"orng-08",9,2001,27.536231884058,27.536231884058
"orng-08",10,2001,33.5714285714286,33.5714285714286
"orng-08",11,2001,15,15
"orng-08",12,2001,18.5714285714286,18.5714285714286
"orng-08",13,2001,16.4285714285714,16.4285714285714
"orng-08",14,2001,22.1428571428571,22.1428571428571
"orng-08",15,2001,17.9856115107914,17.9856115107914
"orng-08",16,2001,17.7304964539007,17.7304964539007
"orng-08",17,2001,17.1428571428571,17.1428571428571
"orng-08",18,2001,17.2661870503597,17.2661870503597
"orng-08",19,2001,35.7142857142857,35.7142857142857
"orng-08",20,2001,15,15
"orng-09",1,2001,27.1428571428571,27.1428571428571
"orng-09",2,2001,17.7304964539007,17.7304964539007
"orng-09",3,2001,24.2857142857143,24.2857142857143
"orng-09",4,2001,12.2302158273381,12.2302158273381
"orng-09",5,2001,23.1884057971014,23.1884057971014
"orng-09",6,2001,16.6666666666666,16.6666666666666
"orng-09",7,2001,31.2056737588652,31.2056737588652
"orng-09",8,2001,26.8115942028985,26.8115942028985
"orng-09",9,2001,18.8405797101449,18.8405797101449
"orng-09",10,2001,24.2857142857143,24.2857142857143
"orng-09",11,2001,17.8571428571429,17.8571428571429
"orng-09",12,2001,17.1428571428571,17.1428571428571
"orng-09",13,2001,17.2661870503597,17.2661870503597
"orng-09",14,2001,15.7142857142858,15.7142857142858
"orng-09",15,2001,21.7391304347826,21.7391304347826
"orng-09",16,2001,21.5827338129497,21.5827338129497
"orng-09",17,2001,32.1428571428571,32.1428571428571
"orng-09",18,2001,29.2857142857143,29.2857142857143
"orng-09",19,2001,26.4285714285714,26.4285714285714
"orng-09",20,2001,24.113475177305,24.113475177305
"orng-10",1,2001,32.1428571428572,32.1428571428572
"orng-10",2,2001,18.7050359712231,18.7050359712231
"orng-10",3,2001,42.0289855072464,42.0289855072464
"orng-10",4,2001,31.6546762589928,31.6546762589929
"orng-10",5,2001,34.2857142857143,34.2857142857143
"orng-10",6,2001,30.2158273381295,30.2158273381295
"orng-10",7,2001,31.25,31.25
"orng-10",8,2001,21.0144927536232,21.0144927536232
"orng-10",9,2001,25.3623188405797,25.3623188405797
"orng-10",10,2001,67.3758865248227,67.3758865248227
"orng-10",11,2001,67.1428571428571,67.1428571428571
"orng-10",12,2001,66.6666666666667,66.6666666666667
"orng-10",13,2001,34.965034965035,34.965034965035
"orng-10",14,2001,20.1438848920863,20.1438848920863
"orng-10",15,2001,19.8581560283688,19.8581560283688
"orng-10",16,2001,30.9352517985612,30.9352517985612
"orng-10",17,2001,22.463768115942,22.463768115942
"orng-10",18,2001,18.1818181818182,18.1818181818182
"orng-10",19,2001,31.3868613138686,31.3868613138686
"orng-10",20,2001,49.2753623188405,49.2753623188405
"orng-11",1,2001,23.0215827338129,23.0215827338129
"orng-11",2,2001,20,20
"orng-11",3,2001,25.8992805755396,25.8992805755396
"orng-11",4,2001,22.3021582733813,22.3021582733813
"orng-11",5,2001,40.4255319148937,40.4255319148937
"orng-11",6,2001,24.4604316546763,24.4604316546763
"orng-11",7,2001,21.7391304347826,21.7391304347826
"orng-11",8,2001,21.4285714285715,21.4285714285715
"orng-11",9,2001,25,25
"orng-11",10,2001,22.3021582733813,22.3021582733813
"orng-11",11,2001,30,30
"orng-11",12,2001,16.3120567375887,16.3120567375887
"orng-11",13,2001,21.0144927536232,21.0144927536232
"orng-11",14,2001,21.7391304347826,21.7391304347826
"orng-11",15,2001,21.2765957446809,21.2765957446809
"orng-11",16,2001,23.021582733813,23.021582733813
"orng-11",17,2001,29.1666666666666,29.1666666666666
"orng-11",18,2001,28.0575539568345,28.0575539568345
"orng-11",19,2001,19.4244604316547,19.4244604316547
"orng-11",20,2001,23.404255319149,23.404255319149
"orng-12",1,2001,31.6546762589928,31.6546762589928
"orng-12",2,2001,25.8741258741259,25.8741258741259
"orng-12",3,2001,25.8992805755396,25.8992805755396
"orng-12",4,2001,28.5714285714286,28.5714285714286
"orng-12",5,2001,39.1304347826087,39.1304347826087
"orng-12",6,2001,71.6312056737588,71.6312056737589
"orng-12",7,2001,99.2753623188406,99.2753623188406
"orng-12",8,2001,97.2027972027973,97.2027972027973
"orng-12",9,2001,95.7142857142858,95.7142857142858
"orng-12",10,2001,100,100
"orng-12",11,2001,100,100
"orng-12",12,2001,98.5507246376811,99.2753623188405
"orng-12",13,2001,97.841726618705,97.841726618705
"orng-12",14,2001,97.1631205673759,97.1631205673759
"orng-12",15,2001,76.8115942028986,76.8115942028986
"orng-12",16,2001,23.7410071942447,23.7410071942447
"orng-12",17,2001,28.7769784172662,28.7769784172662
"orng-12",18,2001,56.4285714285714,56.4285714285714
"orng-12",19,2001,22.463768115942,22.463768115942
"orng-12",20,2001,23.5714285714286,23.5714285714286
"cthm-01",1,2002,25.1798561151079,25.1798561151079
"cthm-01",2,2002,17.3913043478261,17.3913043478261
"cthm-01",3,2002,31.4285714285715,31.4285714285715
"cthm-01",4,2002,33.5714285714286,33.5714285714286
"cthm-01",5,2002,49.2857142857143,49.2857142857143
"cthm-01",6,2002,43.7956204379562,43.7956204379562
"cthm-01",7,2002,25.6944444444445,25.6944444444445
"cthm-01",8,2002,18.75,18.75
"cthm-01",9,2002,19.8581560283688,19.8581560283688
"cthm-01",10,2002,25.179856115108,25.179856115108
"cthm-01",11,2002,40.8759124087591,40.8759124087591
"cthm-01",12,2002,36.9565217391304,36.9565217391304
"cthm-01",13,2002,27.8571428571428,27.8571428571428
"cthm-01",14,2002,18.1159420289855,18.1159420289855
"cthm-01",15,2002,27.5362318840579,27.5362318840579
"cthm-01",16,2002,27.8571428571428,27.8571428571428
"cthm-01",17,2002,28.7769784172662,28.7769784172662
"cthm-01",18,2002,36.231884057971,36.231884057971
"cthm-01",19,2002,29.7872340425532,29.7872340425532
"cthm-01",20,2002,35.9712230215827,35.9712230215827
"cthm-02",1,2002,13.6690647482015,13.6690647482015
"cthm-02",2,2002,16.4285714285714,16.4285714285714
"cthm-02",3,2002,24.2857142857143,24.2857142857143
"cthm-02",4,2002,13.0434782608696,13.0434782608696
"cthm-02",5,2002,48.1751824817518,48.1751824817518
"cthm-02",6,2002,72.2222222222222,72.2222222222223
"cthm-02",7,2002,34.5323741007194,34.5323741007194
"cthm-02",8,2002,56.1151079136691,56.1151079136691
"cthm-02",9,2002,26.8115942028985,26.8115942028985
"cthm-02",10,2002,22.1428571428571,22.1428571428571
"cthm-02",11,2002,28.4671532846715,28.4671532846715
"cthm-02",12,2002,22.463768115942,22.463768115942
"cthm-02",13,2002,7.97101449275362,7.97101449275362
"cthm-02",14,2002,27.3381294964028,27.3381294964028
"cthm-02",15,2002,17.8571428571428,17.8571428571428
"cthm-02",16,2002,18.8405797101449,18.8405797101449
"cthm-02",17,2002,24.2857142857143,24.2857142857143
"cthm-02",18,2002,23.0215827338129,23.0215827338129
"cthm-02",19,2002,31.8840579710145,31.8840579710145
"cthm-02",20,2002,16.4285714285714,16.4285714285714
"cthm-03",1,2002,20.7142857142857,20.7142857142857
"cthm-03",2,2002,24.2857142857143,24.2857142857143
"cthm-03",3,2002,40.5594405594406,40.5594405594406
"cthm-03",4,2002,40.2777777777778,40.2777777777778
"cthm-03",5,2002,56.115107913669,56.115107913669
"cthm-03",6,2002,26.6187050359712,26.6187050359712
"cthm-03",7,2002,82.8571428571429,82.8571428571429
"cthm-03",8,2002,27.8571428571428,27.8571428571428
"cthm-03",9,2002,14.2857142857143,14.2857142857143
"cthm-03",10,2002,20.1438848920864,20.1438848920864
"cthm-03",11,2002,20.2898550724638,20.2898550724638
"cthm-03",12,2002,17.2661870503597,17.2661870503597
"cthm-03",13,2002,17.1428571428571,17.1428571428571
"cthm-03",14,2002,19.2857142857143,19.2857142857143
"cthm-03",15,2002,23.5714285714286,23.5714285714286
"cthm-03",16,2002,19.4244604316547,19.4244604316547
"cthm-03",17,2002,18.705035971223,18.705035971223
"cthm-03",18,2002,18.4397163120567,18.4397163120567
"cthm-03",19,2002,36.4285714285714,36.4285714285714
"cthm-03",20,2002,22.6950354609929,22.6950354609929
"cthm-04",2,2002,19.1489361702128,19.1489361702128
"cthm-04",3,2002,18.8405797101449,18.8405797101449
"cthm-04",4,2002,9.28571428571429,9.28571428571429
"cthm-04",5,2002,20.7142857142857,20.7142857142857
"cthm-04",6,2002,28.5714285714286,28.5714285714286
"cthm-04",7,2002,12.2302158273382,12.2302158273382
"cthm-04",8,2002,17.1428571428572,17.1428571428572
"cthm-04",9,2002,62.3188405797101,62.3188405797101
"cthm-04",10,2002,38.4057971014493,39.1304347826087
"cthm-04",11,2002,57.5539568345324,57.5539568345324
"cthm-04",12,2002,15.1079136690648,15.1079136690648
"cthm-04",13,2002,17.8571428571428,17.8571428571428
"cthm-04",14,2002,27.1428571428571,27.1428571428571
"cthm-04",15,2002,8.57142857142857,8.57142857142857
"cthm-04",16,2002,4.31654676258993,4.31654676258993
"cthm-04",17,2002,18.8405797101449,18.8405797101449
"cthm-04",18,2002,18.5714285714285,18.5714285714285
"cthm-04",19,2002,21.5827338129496,21.5827338129496
"cthm-04",20,2002,16.5467625899281,16.5467625899281
"cthm-05",1,2002,20.2898550724637,20.2898550724637
"cthm-05",2,2002,17.8571428571428,17.8571428571428
"cthm-05",3,2002,15.8273381294964,15.8273381294964
"cthm-05",4,2002,13.6690647482014,13.6690647482014
"cthm-05",5,2002,14.2857142857143,14.2857142857143
"cthm-05",6,2002,14.3884892086331,14.3884892086331
"cthm-05",7,2002,18.75,18.75
"cthm-05",8,2002,17.2661870503597,17.2661870503597
"cthm-05",9,2002,16.4285714285714,16.4285714285714
"cthm-05",10,2002,18.8405797101449,18.8405797101449
"cthm-05",11,2002,23.5714285714285,23.5714285714286
"cthm-05",12,2002,16.5467625899281,16.5467625899281
"cthm-05",13,2002,17.5182481751825,17.5182481751825
"cthm-05",14,2002,15.6028368794326,15.6028368794326
"cthm-05",15,2002,18.8811188811189,18.8811188811189
"cthm-05",16,2002,24.8175182481752,25.5474452554744
"cthm-05",17,2002,20.1388888888889,20.1388888888889
"cthm-05",18,2002,15.6028368794326,15.6028368794326
"cthm-05",19,2002,18.8405797101449,18.8405797101449
"cthm-05",20,2002,23.7410071942447,23.7410071942447
"cthm-06",1,2002,29.7101449275362,29.7101449275362
"cthm-06",2,2002,29.2857142857143,29.2857142857143
"cthm-06",3,2002,18.705035971223,18.705035971223
"cthm-06",4,2002,23.0215827338129,23.0215827338129
"cthm-06",5,2002,15.7142857142857,15.7142857142857
"cthm-06",6,2002,18.705035971223,18.705035971223
"cthm-06",7,2002,25.8992805755396,25.8992805755396
"cthm-06",8,2002,28.5714285714286,28.5714285714286
"cthm-06",9,2002,18.5714285714286,18.5714285714286
"cthm-06",10,2002,21.7391304347826,21.7391304347826
"cthm-06",11,2002,27.3381294964029,27.3381294964029
"cthm-06",12,2002,20,20
"cthm-06",13,2002,40.7142857142857,40.7142857142857
"cthm-06",14,2002,21.5827338129497,21.5827338129497
"cthm-06",15,2002,23.4042553191489,23.4042553191489
"cthm-06",16,2002,23.7410071942446,23.7410071942446
"cthm-06",17,2002,16.5467625899281,16.5467625899281
"cthm-06",18,2002,20.5673758865249,20.5673758865249
"cthm-06",19,2002,18.705035971223,18.705035971223
"cthm-06",20,2002,17.2661870503598,17.2661870503598
"cthm-07",1,2002,21.0144927536232,21.0144927536232
"cthm-07",2,2002,19.2857142857143,19.2857142857143
"cthm-07",3,2002,27.8571428571428,27.8571428571428
"cthm-07",4,2002,14.4927536231884,14.4927536231884
"cthm-07",5,2002,16.5467625899281,16.5467625899281
"cthm-07",6,2002,17.0212765957447,17.0212765957447
"cthm-07",7,2002,16.4285714285714,16.4285714285714
"cthm-07",8,2002,17.1428571428571,17.1428571428571
"cthm-07",9,2002,25.531914893617,25.531914893617
"cthm-07",10,2002,20.1438848920864,20.1438848920864
"cthm-07",11,2002,18.705035971223,18.705035971223
"cthm-07",12,2002,15.1079136690647,15.1079136690647
"cthm-07",13,2002,16.6666666666667,16.6666666666667
"cthm-07",14,2002,15.2173913043478,15.2173913043478
"cthm-07",15,2002,23.7410071942447,23.7410071942447
"cthm-07",16,2002,17.8571428571429,17.8571428571429
"cthm-07",17,2002,17.3913043478261,17.3913043478261
"cthm-07",18,2002,17.1428571428571,17.1428571428571
"cthm-07",19,2002,16.0583941605839,16.0583941605839
"cthm-07",20,2002,20.1388888888889,20.1388888888889
"cthm-08",1,2002,15.7142857142858,15.7142857142858
"cthm-08",2,2002,22.6950354609929,22.6950354609929
"cthm-08",3,2002,20,20
"cthm-08",4,2002,17.9856115107914,17.9856115107914
"cthm-08",5,2002,23.6111111111111,23.6111111111111
"cthm-08",6,2002,26.6187050359712,26.6187050359712
"cthm-08",7,2002,34.0579710144927,34.0579710144927
"cthm-08",8,2002,27.1428571428571,27.1428571428571
"cthm-08",9,2002,18.5714285714285,18.5714285714285
"cthm-08",10,2002,17.1428571428572,17.1428571428572
"cthm-08",11,2002,30.9352517985611,30.9352517985611
"cthm-08",12,2002,15.8273381294964,15.8273381294964
"cthm-08",13,2002,15.9420289855072,15.9420289855072
"cthm-08",14,2002,22.3021582733813,22.3021582733813
"cthm-08",15,2002,17.9856115107914,17.9856115107914
"cthm-08",16,2002,14.4927536231884,14.4927536231884
"cthm-08",17,2002,19.2857142857143,19.2857142857143
"cthm-08",18,2002,14.5833333333333,14.5833333333333
"cthm-08",19,2002,16.5467625899281,16.5467625899281
"cthm-08",20,2002,29.9270072992701,29.9270072992701
"cthm-09",1,2002,20,20
"cthm-09",2,2002,15.1079136690647,15.1079136690647
"cthm-09",3,2002,41.4285714285714,41.4285714285714
"cthm-09",4,2002,32.3943661971831,32.3943661971831
"cthm-09",5,2002,43.7956204379562,43.7956204379562
"cthm-09",6,2002,23.7410071942446,23.7410071942446
"cthm-09",7,2002,19.5652173913043,19.5652173913043
"cthm-09",8,2002,31.6546762589928,31.6546762589928
"cthm-09",9,2002,31.6546762589928,31.6546762589928
"cthm-09",10,2002,23.7410071942446,23.7410071942446
"cthm-09",11,2002,31.4285714285715,31.4285714285715
"cthm-09",12,2002,19.1489361702127,19.1489361702127
"cthm-09",13,2002,18.1159420289855,18.1159420289855
"cthm-09",14,2002,12.8571428571429,12.8571428571429
"cthm-09",15,2002,27.6595744680851,27.6595744680851
"cthm-09",16,2002,17.2661870503597,17.2661870503597
"cthm-09",17,2002,17.9856115107914,17.9856115107914
"cthm-09",18,2002,24.2857142857143,24.2857142857143
"cthm-09",19,2002,17.8571428571428,17.8571428571428
"cthm-09",20,2002,21.0144927536232,21.0144927536232
"cthm-10",1,2002,25.3623188405797,25.3623188405797
"cthm-10",2,2002,27.1428571428571,27.1428571428571
"cthm-10",3,2002,23.021582733813,23.021582733813
"cthm-10",4,2002,27.8571428571428,27.8571428571428
"cthm-10",5,2002,35,35
"cthm-10",6,2002,31.8840579710145,31.8840579710145
"cthm-10",7,2002,21.5827338129496,21.5827338129496
"cthm-10",8,2002,25,25
"cthm-10",9,2002,27.7372262773723,27.7372262773723
"cthm-10",10,2002,15.1079136690647,15.1079136690647
"cthm-10",11,2002,23.3576642335767,23.3576642335767
"cthm-10",12,2002,31.2056737588653,31.2056737588653
"cthm-10",13,2002,28.0575539568346,28.0575539568346
"cthm-10",14,2002,58.2733812949641,58.2733812949641
"cthm-10",15,2002,29.7101449275362,29.7101449275362
"cthm-10",16,2002,89.8550724637681,89.8550724637681
"cthm-10",17,2002,79.2857142857143,79.2857142857143
"cthm-10",18,2002,33.8028169014084,33.8028169014084
"cthm-10",19,2002,22.8571428571429,22.8571428571429
"cthm-10",20,2002,20.1438848920863,20.1438848920863
"cthm-11",1,2002,20.2898550724637,20.2898550724637
"cthm-11",2,2002,26.4285714285715,26.4285714285715
"cthm-11",3,2002,26.4285714285714,26.4285714285714
"cthm-11",4,2002,22.3021582733813,22.3021582733813
"cthm-11",5,2002,15.9420289855072,15.9420289855072
"cthm-11",6,2002,19.2857142857142,19.2857142857142
"cthm-11",7,2002,20.2898550724638,20.2898550724638
"cthm-11",8,2002,17.0212765957447,17.0212765957447
"cthm-11",9,2002,22.8571428571429,22.8571428571429
"cthm-11",10,2002,17.9856115107914,17.9856115107914
"cthm-11",11,2002,34.2657342657343,34.2657342657343
"cthm-11",12,2002,13.986013986014,13.986013986014
"cthm-11",13,2002,20.5673758865249,20.5673758865249
"cthm-11",14,2002,18.0555555555556,18.0555555555556
"cthm-11",15,2002,15,15
"cthm-11",16,2002,25.8992805755395,25.8992805755395
"cthm-11",17,2002,28.7769784172662,28.7769784172662
"cthm-11",18,2002,27.0833333333333,27.0833333333333
"cthm-11",19,2002,17.7304964539007,17.7304964539007
"cthm-11",20,2002,45,45
"cthm-12",1,2002,32.6086956521739,32.6086956521739
"cthm-12",2,2002,17.3611111111111,17.3611111111111
"cthm-12",3,2002,15.8273381294964,15.8273381294964
"cthm-12",4,2002,32.3741007194245,32.3741007194245
"cthm-12",5,2002,18.8405797101449,18.8405797101449
"cthm-12",6,2002,35.4609929078014,35.4609929078014
"cthm-12",7,2002,18.5714285714286,18.5714285714286
"cthm-12",8,2002,17.3611111111111,17.3611111111111
"cthm-12",9,2002,18.4397163120567,18.4397163120567
"cthm-12",10,2002,32.1167883211679,32.1167883211679
"cthm-12",11,2002,21.5827338129496,21.5827338129496
"cthm-12",12,2002,25.3623188405797,25.3623188405797
"cthm-12",13,2002,15.7142857142857,15.7142857142857
"cthm-12",14,2002,15.7142857142857,15.7142857142857
"cthm-12",15,2002,15.7142857142857,15.7142857142857
"cthm-12",16,2002,30.7142857142857,30.7142857142857
"cthm-12",17,2002,15.2173913043478,15.2173913043478
"cthm-12",18,2002,52.8985507246377,52.8985507246377
"cthm-12",19,2002,21.4285714285715,21.4285714285715
"cthm-12",20,2002,37.8571428571429,37.8571428571429
"cthm-13",1,2002,25.6944444444444,25.6944444444444
"cthm-13",2,2002,22.463768115942,22.463768115942
"cthm-13",3,2002,23.021582733813,23.021582733813
"cthm-13",4,2002,23.6111111111111,23.6111111111111
"cthm-13",5,2002,29.7101449275362,29.7101449275362
"cthm-13",6,2002,20.7142857142857,20.7142857142857
"cthm-13",7,2002,48.936170212766,48.936170212766
"cthm-13",8,2002,33.8129496402878,33.8129496402878
"cthm-13",9,2002,100,100
"cthm-13",10,2002,100,100
"cthm-13",11,2002,100,100
"cthm-13",12,2002,78.1021897810219,78.1021897810219
"cthm-13",13,2002,37.7622377622378,37.7622377622378
"cthm-13",14,2002,20.1438848920864,20.1438848920864
"cthm-13",15,2002,27.1428571428571,27.1428571428572
"cthm-13",16,2002,49.6350364963504,49.6350364963504
"cthm-13",17,2002,29.8611111111111,29.8611111111111
"cthm-13",18,2002,18.705035971223,18.705035971223
"cthm-13",19,2002,20.2898550724638,20.2898550724638
"cthm-13",20,2002,15.7142857142857,15.7142857142857
"cthm-14",1,2002,45.6521739130435,45.6521739130435
"cthm-14",2,2002,23.1884057971015,23.1884057971015
"cthm-14",3,2002,19.5804195804196,19.5804195804196
"cthm-14",4,2002,29.3706293706294,29.3706293706294
"cthm-14",5,2002,36.8794326241135,36.8794326241135
"cthm-14",6,2002,26.2411347517731,26.2411347517731
"cthm-14",7,2002,18.2481751824817,18.2481751824817
"cthm-14",8,2002,17.2661870503597,17.2661870503597
"cthm-14",9,2002,17.1428571428571,17.1428571428571
"cthm-14",10,2002,26.6187050359713,26.6187050359713
"cthm-14",11,2002,26.8115942028985,26.8115942028985
"cthm-14",12,2002,31.4285714285714,31.4285714285714
"cthm-14",13,2002,30.7142857142857,30.7142857142857
"cthm-14",14,2002,25.7142857142857,25.7142857142857
"cthm-14",15,2002,14.3884892086331,14.3884892086331
"cthm-14",16,2002,26.0869565217391,26.0869565217391
"cthm-14",17,2002,19.4244604316547,19.4244604316547
"cthm-14",18,2002,18.705035971223,18.705035971223
"cthm-14",19,2002,21.7391304347826,21.7391304347826
"cthm-14",20,2002,29.0780141843972,29.0780141843972
"drhm-01",1,2002,17.2661870503598,17.2661870503598
"drhm-01",2,2002,20.1438848920863,20.1438848920863
"drhm-01",3,2002,24.4604316546763,24.4604316546763
"drhm-01",4,2002,23.5714285714286,23.5714285714286
"drhm-01",5,2002,19.1489361702128,19.1489361702128
"drhm-01",6,2002,31.9148936170212,31.9148936170212
"drhm-01",7,2002,21.9858156028369,21.9858156028369
"drhm-01",8,2002,16.5467625899281,16.5467625899281
"drhm-01",9,2002,15.6028368794326,15.6028368794326
"drhm-01",10,2002,24.6376811594203,24.6376811594203
"drhm-01",11,2002,15.7142857142857,15.7142857142857
"drhm-01",12,2002,20.1438848920864,20.1438848920864
"drhm-01",13,2002,15.1079136690647,15.1079136690647
"drhm-01",14,2002,14.5985401459854,14.5985401459854
"drhm-01",15,2002,20.7142857142857,20.7142857142857
"drhm-01",16,2002,17.7304964539008,17.7304964539008
"drhm-01",17,2002,20.1438848920863,20.1438848920863
"drhm-01",18,2002,17.8571428571428,17.8571428571428
"drhm-01",19,2002,20.2898550724637,20.2898550724637
"drhm-01",20,2002,23.9130434782609,23.9130434782609
"drhm-02",1,2002,21.830985915493,21.830985915493
"drhm-02",2,2002,22.1428571428572,22.1428571428572
"drhm-02",3,2002,36.9565217391304,36.9565217391304
"drhm-02",4,2002,25,25
"drhm-02",5,2002,28.5714285714286,28.5714285714286
"drhm-02",6,2002,23.3576642335767,23.3576642335767
"drhm-02",7,2002,35.2517985611511,35.2517985611511
"drhm-02",8,2002,19.4444444444445,19.4444444444445
"drhm-02",9,2002,20.5673758865248,20.5673758865248
"drhm-02",10,2002,11.5107913669065,11.5107913669065
"drhm-02",11,2002,18.1159420289855,18.1159420289855
"drhm-02",12,2002,24.6376811594202,24.6376811594202
"drhm-02",13,2002,17.1428571428571,17.1428571428571
"drhm-02",14,2002,20.2898550724638,20.2898550724638
"drhm-02",15,2002,17.1428571428571,17.1428571428571
"drhm-02",16,2002,22.695035460993,22.695035460993
"drhm-02",17,2002,26.4285714285714,26.4285714285714
"drhm-02",18,2002,20.863309352518,20.863309352518
"drhm-02",19,2002,23.404255319149,23.404255319149
"drhm-02",20,2002,24.6376811594203,24.6376811594203
"drhm-03",1,2002,100,100
"drhm-03",2,2002,100,100
"drhm-03",3,2002,100,100
"drhm-03",4,2002,100,100
"drhm-03",5,2002,100,100
"drhm-03",6,2002,97.8571428571429,97.8571428571429
"drhm-03",7,2002,72.8571428571429,72.8571428571429
"drhm-03",8,2002,100,100
"drhm-03",9,2002,93.5714285714286,93.5714285714286
"drhm-03",10,2002,85.7142857142858,85.7142857142858
"drhm-03",11,2002,18.705035971223,18.705035971223
"drhm-03",12,2002,21.5827338129497,21.5827338129497
"drhm-03",13,2002,100,100
"drhm-03",14,2002,100,100
"drhm-03",15,2002,68.75,68.75
"drhm-03",16,2002,87.1428571428571,87.1428571428571
"drhm-03",17,2002,97.1428571428572,97.1428571428572
"drhm-03",18,2002,56.8345323741008,56.8345323741008
"drhm-03",19,2002,30.9352517985611,30.9352517985611
"drhm-03",20,2002,25.1798561151079,25.1798561151079
"drhm-04",1,2002,79.8611111111111,79.8611111111111
"drhm-04",2,2002,65.7142857142857,65.7142857142857
"drhm-04",3,2002,39.8550724637681,39.8550724637681
"drhm-04",4,2002,20,20
"drhm-04",5,2002,85.5072463768116,85.5072463768116
"drhm-04",6,2002,20.7142857142857,20.7142857142857
"drhm-04",7,2002,27.6595744680851,27.6595744680851
"drhm-04",8,2002,44.2028985507247,44.2028985507247
"drhm-04",9,2002,21.4285714285715,21.4285714285715
"drhm-04",10,2002,15.2173913043478,15.2173913043478
"drhm-04",11,2002,17.1428571428571,17.1428571428571
"drhm-04",12,2002,29.2857142857142,29.2857142857142
"drhm-04",13,2002,35.9712230215827,35.9712230215827
"drhm-04",14,2002,15.7142857142857,15.7142857142857
"drhm-04",15,2002,15.4929577464789,15.4929577464789
"drhm-04",16,2002,26.4285714285714,26.4285714285714
"drhm-04",17,2002,43.8848920863309,43.8848920863309
"drhm-04",18,2002,17.0212765957446,17.0212765957446
"drhm-04",19,2002,21.0144927536232,21.0144927536232
"drhm-04",20,2002,92.0863309352517,92.0863309352517
"drhm-05",1,2002,27.8571428571429,27.8571428571429
"drhm-05",2,2002,27.1428571428571,27.1428571428571
"drhm-05",3,2002,17.9856115107914,17.9856115107914
"drhm-05",4,2002,42.8571428571429,42.8571428571429
"drhm-05",5,2002,80.4347826086956,80.4347826086957
"drhm-05",6,2002,100,100
"drhm-05",7,2002,50.6944444444445,50.6944444444445
"drhm-05",8,2002,38.4057971014493,38.4057971014493
"drhm-05",9,2002,71.4285714285714,71.4285714285714
"drhm-05",10,2002,58.9928057553957,58.9928057553957
"drhm-05",11,2002,51.063829787234,51.063829787234
"drhm-05",12,2002,50.7246376811594,51.4492753623188
"drhm-05",13,2002,98.5714285714286,98.5714285714286
"drhm-05",14,2002,89.2857142857143,89.2857142857143
"drhm-05",15,2002,99.9999999999999,100
"drhm-05",16,2002,100,100
"drhm-05",17,2002,100,100
"drhm-05",18,2002,51.0638297872341,51.0638297872341
"drhm-05",19,2002,55.7971014492754,55.7971014492754
"drhm-05",20,2002,35,35
"drhm-06",1,2002,22.9166666666666,22.9166666666666
"drhm-06",2,2002,82.608695652174,82.608695652174
"drhm-06",3,2002,97.2027972027972,97.2027972027972
"drhm-06",4,2002,92.0289855072464,92.0289855072464
"drhm-06",5,2002,100,100
"drhm-06",6,2002,84.1726618705036,84.1726618705036
"drhm-06",7,2002,89.2857142857143,89.2857142857143
"drhm-06",8,2002,77.1428571428571,77.1428571428571
"drhm-06",9,2002,75.5395683453238,75.5395683453238
"drhm-06",10,2002,66.4285714285714,66.4285714285714
"drhm-06",11,2002,54.3478260869565,54.3478260869565
"drhm-06",12,2002,99.9999999999999,99.9999999999999
"drhm-06",13,2002,71.9424460431654,71.9424460431654
"drhm-06",14,2002,38.2978723404256,38.2978723404256
"drhm-06",15,2002,68.0851063829787,68.0851063829787
"drhm-06",16,2002,57.8571428571429,57.8571428571429
"drhm-06",17,2002,86.9565217391304,86.9565217391304
"drhm-06",18,2002,100,100
"drhm-06",19,2002,92.3611111111111,92.3611111111111
"drhm-06",20,2002,95.7142857142857,95.7142857142858
"drhm-07",1,2002,90,90
"drhm-07",2,2002,27.7372262773723,27.7372262773723
"drhm-07",3,2002,32.8571428571428,32.8571428571428
"drhm-07",4,2002,49.6350364963504,49.6350364963504
"drhm-07",5,2002,41.6058394160583,41.6058394160584
"drhm-07",6,2002,72.9166666666666,72.9166666666666
"drhm-07",7,2002,29.2857142857142,29.2857142857142
"drhm-07",8,2002,64.0287769784173,64.0287769784173
"drhm-07",9,2002,71.7391304347826,71.7391304347826
"drhm-07",10,2002,15.9420289855073,15.9420289855073
"drhm-07",11,2002,21.4285714285714,21.4285714285714
"drhm-07",12,2002,18.75,18.75
"drhm-07",13,2002,16.3120567375887,16.3120567375887
"drhm-07",14,2002,18.5714285714285,18.5714285714285
"drhm-07",15,2002,16.3120567375887,16.3120567375887
"drhm-07",16,2002,22.6277372262774,22.6277372262774
"drhm-07",17,2002,31.3868613138687,31.3868613138687
"drhm-07",18,2002,34.7826086956521,34.7826086956521
"drhm-07",19,2002,24.2857142857143,24.2857142857143
"drhm-07",20,2002,21.4285714285714,21.4285714285714
"drhm-08",1,2002,56.4285714285714,56.4285714285714
"drhm-08",2,2002,30.9352517985611,30.9352517985611
"drhm-08",3,2002,20.7142857142857,20.7142857142857
"drhm-08",4,2002,17.3611111111111,17.3611111111111
"drhm-08",5,2002,20,20
"drhm-08",6,2002,18.1159420289855,18.1159420289855
"drhm-08",7,2002,27.007299270073,27.007299270073
"drhm-08",8,2002,90.6474820143885,90.6474820143885
"drhm-08",9,2002,57.1428571428572,57.1428571428572
"drhm-08",10,2002,71.9424460431655,71.9424460431655
"drhm-08",11,2002,47.8571428571428,47.8571428571428
"drhm-08",12,2002,73.1884057971015,73.1884057971015
"drhm-08",13,2002,31.8840579710145,31.8840579710145
"drhm-08",14,2002,75.9124087591241,75.9124087591241
"drhm-08",15,2002,45.6521739130435,45.6521739130435
"drhm-08",16,2002,25.8992805755396,25.8992805755396
"drhm-08",17,2002,34.7826086956521,34.7826086956521
"drhm-08",18,2002,24.2857142857143,24.2857142857143
"drhm-08",19,2002,55.3956834532374,56.115107913669
"drhm-08",20,2002,42.8571428571429,42.8571428571429
"orng-01",1,2002,31.9148936170212,31.9148936170212
"orng-01",2,2002,16.6666666666667,16.6666666666667
"orng-01",3,2002,33.5714285714285,33.5714285714285
"orng-01",4,2002,38.1944444444444,38.1944444444444
"orng-01",5,2002,17.9856115107913,17.9856115107913
"orng-01",6,2002,24.2857142857143,24.2857142857143
"orng-01",7,2002,23.0215827338129,23.0215827338129
"orng-01",8,2002,20.7142857142857,20.7142857142857
"orng-01",9,2002,20.7142857142857,20.7142857142857
"orng-01",10,2002,18.705035971223,18.705035971223
"orng-01",11,2002,26.8115942028986,26.8115942028986
"orng-01",12,2002,21.7391304347826,21.7391304347826
"orng-01",13,2002,19.2857142857143,19.2857142857143
"orng-01",14,2002,15.1079136690647,15.1079136690647
"orng-01",15,2002,18.8405797101449,18.8405797101449
"orng-01",16,2002,24.4604316546763,24.4604316546763
"orng-01",17,2002,22.8571428571429,22.8571428571429
"orng-01",18,2002,17.2661870503597,17.2661870503597
"orng-01",19,2002,28.8732394366197,28.8732394366197
"orng-01",20,2002,15.6028368794326,15.6028368794326
"orng-02",1,2002,17.2661870503597,17.2661870503597
"orng-02",2,2002,18.8405797101449,18.8405797101449
"orng-02",3,2002,16.546762589928,16.546762589928
"orng-02",4,2002,12.1428571428571,12.1428571428571
"orng-02",5,2002,21.7391304347826,21.7391304347826
"orng-02",6,2002,23.0215827338129,23.0215827338129
"orng-02",7,2002,20.863309352518,20.863309352518
"orng-02",8,2002,37.4100719424461,37.4100719424461
"orng-02",9,2002,22.3021582733813,22.3021582733813
"orng-02",10,2002,14.2857142857143,14.2857142857143
"orng-02",11,2002,20.2898550724638,20.2898550724638
"orng-02",12,2002,17.5182481751825,17.5182481751825
"orng-02",13,2002,19.5652173913043,19.5652173913043
"orng-02",14,2002,33.8129496402877,33.8129496402877
"orng-02",15,2002,16.4285714285714,16.4285714285714
"orng-02",16,2002,17.1428571428571,17.1428571428571
"orng-02",17,2002,12.7659574468085,12.7659574468085
"orng-02",18,2002,31.3868613138686,31.3868613138686
"orng-02",19,2002,24.6376811594203,24.6376811594203
"orng-02",20,2002,16.5467625899281,16.5467625899281
"orng-03",1,2002,36.4963503649635,36.4963503649635
"orng-03",2,2002,22.1428571428571,22.1428571428571
"orng-03",3,2002,23.7410071942446,23.7410071942446
"orng-03",4,2002,27.8571428571429,27.8571428571429
"orng-03",5,2002,18.705035971223,18.705035971223
"orng-03",6,2002,23.1884057971014,23.1884057971014
"orng-03",7,2002,43.5714285714285,43.5714285714285
"orng-03",8,2002,20.1388888888889,20.1388888888889
"orng-03",9,2002,27.1428571428571,27.1428571428571
"orng-03",10,2002,57.1428571428572,57.1428571428572
"orng-03",11,2002,97.1014492753623,97.1014492753623
"orng-03",12,2002,83.5714285714286,83.5714285714286
"orng-03",13,2002,34.3065693430657,34.3065693430657
"orng-03",14,2002,17.0212765957447,17.0212765957447
"orng-03",15,2002,25.7142857142857,25.7142857142857
"orng-03",16,2002,15.2173913043478,15.2173913043478
"orng-03",17,2002,18.2481751824818,18.2481751824818
"orng-03",18,2002,18.705035971223,18.705035971223
"orng-03",19,2002,17.4825174825175,17.4825174825175
"orng-03",20,2002,18.4397163120567,18.4397163120567
"orng-04",1,2002,100,100
"orng-04",2,2002,100,100
"orng-04",3,2002,76.0869565217391,76.0869565217391
"orng-04",4,2002,90.6474820143886,90.6474820143886
"orng-04",5,2002,82.9787234042554,82.9787234042554
"orng-04",6,2002,89.051094890511,89.051094890511
"orng-04",7,2002,77.6978417266188,77.6978417266188
"orng-04",8,2002,76.056338028169,76.056338028169
"orng-04",9,2002,58.5714285714286,58.5714285714286
"orng-04",10,2002,41.4285714285715,41.4285714285715
"orng-04",11,2002,17.0212765957447,17.0212765957447
"orng-04",12,2002,18.1159420289855,18.1159420289855
"orng-04",13,2002,34.2857142857143,34.2857142857143
"orng-04",14,2002,25.8992805755396,25.8992805755396
"orng-04",15,2002,35,35
"orng-04",16,2002,48.5507246376811,48.5507246376811
"orng-04",17,2002,16.0583941605839,16.0583941605839
"orng-04",18,2002,17.2661870503597,17.9856115107914
"orng-04",19,2002,21.0144927536231,21.0144927536231
"orng-04",20,2002,18.5714285714285,18.5714285714285
"orng-05",1,2002,13.768115942029,13.768115942029
"orng-05",2,2002,16.3120567375886,16.3120567375886
"orng-05",3,2002,26.950354609929,26.950354609929
"orng-05",4,2002,18.5714285714286,18.5714285714286
"orng-05",5,2002,23.5714285714286,23.5714285714286
"orng-05",6,2002,31.159420289855,31.159420289855
"orng-05",7,2002,30.9352517985612,30.9352517985612
"orng-05",8,2002,25.5474452554745,25.5474452554745
"orng-05",9,2002,15.2173913043478,15.2173913043478
"orng-05",10,2002,20.863309352518,20.863309352518
"orng-05",11,2002,18.5714285714285,18.5714285714285
"orng-05",12,2002,19.2857142857143,19.2857142857143
"orng-05",13,2002,24.4604316546763,24.4604316546763
"orng-05",14,2002,17.3611111111111,17.3611111111111
"orng-05",15,2002,19.2857142857143,19.2857142857143
"orng-05",16,2002,23.7410071942446,23.7410071942446
"orng-05",17,2002,30,30
"orng-05",18,2002,23.9130434782609,23.9130434782609
"orng-05",19,2002,24.8175182481752,24.8175182481752
"orng-05",20,2002,17.3913043478261,17.3913043478261
"orng-06",1,2002,16.4285714285714,16.4285714285714
"orng-06",2,2002,15.6028368794326,15.6028368794326
"orng-06",3,2002,24.2857142857142,24.2857142857142
"orng-06",4,2002,16.6666666666667,16.6666666666667
"orng-06",5,2002,25,25
"orng-06",6,2002,44.6043165467626,44.6043165467626
"orng-06",7,2002,69.3430656934307,69.3430656934307
"orng-06",8,2002,44.6808510638298,44.6808510638298
"orng-06",9,2002,32.1428571428571,32.1428571428572
"orng-06",10,2002,64.2335766423358,64.2335766423358
"orng-06",11,2002,67.6258992805756,67.6258992805756
"orng-06",12,2002,78.2608695652173,78.2608695652173
"orng-06",13,2002,30.2158273381295,30.2158273381295
"orng-06",14,2002,54.6099290780141,54.6099290780142
"orng-06",15,2002,89.9280575539569,89.9280575539569
"orng-06",16,2002,69.5652173913043,69.5652173913043
"orng-06",17,2002,23.0215827338129,23.0215827338129
"orng-06",18,2002,43.8848920863309,44.6043165467626
"orng-06",19,2002,23.3576642335767,23.3576642335767
"orng-06",20,2002,41.4285714285714,41.4285714285714
"orng-07",1,2002,38.1294964028777,38.1294964028777
"orng-07",2,2002,38.4057971014493,38.4057971014493
"orng-07",3,2002,20.2898550724638,20.2898550724638
"orng-07",4,2002,22.4637681159421,22.4637681159421
"orng-07",5,2002,20.863309352518,20.863309352518
"orng-07",6,2002,18.8405797101449,18.8405797101449
"orng-07",7,2002,18.1159420289855,18.1159420289855
"orng-07",8,2002,18.705035971223,18.705035971223
"orng-07",9,2002,29.4964028776978,29.4964028776978
"orng-07",10,2002,21.830985915493,21.830985915493
"orng-07",11,2002,15.2173913043478,15.2173913043478
"orng-07",12,2002,12.9496402877698,12.9496402877698
"orng-07",13,2002,26.056338028169,26.056338028169
"orng-07",14,2002,19.5652173913044,19.5652173913044
"orng-07",15,2002,47.8260869565218,49.2753623188406
"orng-07",16,2002,34.2857142857142,34.2857142857142
"orng-07",17,2002,15.2777777777778,15.2777777777778
"orng-07",18,2002,20.863309352518,20.863309352518
"orng-07",19,2002,40.2877697841727,40.2877697841727
"orng-07",20,2002,16.3120567375887,16.3120567375887
"orng-08",1,2002,27.8571428571428,27.8571428571428
"orng-08",2,2002,24.6376811594203,24.6376811594203
"orng-08",3,2002,25.8992805755396,25.8992805755396
"orng-08",4,2002,42.8571428571429,42.8571428571429
"orng-08",5,2002,17.8571428571428,17.8571428571428
"orng-08",6,2002,17.8571428571428,17.8571428571428
"orng-08",7,2002,20.1438848920863,20.1438848920863
"orng-08",8,2002,30.4964539007092,30.4964539007092
"orng-08",9,2002,27.536231884058,27.536231884058
"orng-08",10,2002,33.5714285714286,33.5714285714286
"orng-08",11,2002,15,15
"orng-08",12,2002,18.5714285714286,18.5714285714286
"orng-08",13,2002,16.4285714285714,16.4285714285714
"orng-08",14,2002,22.1428571428571,22.1428571428571
"orng-08",15,2002,17.9856115107914,17.9856115107914
"orng-08",16,2002,17.7304964539007,17.7304964539007
"orng-08",17,2002,19.2857142857143,19.2857142857143
"orng-08",18,2002,17.9856115107914,17.9856115107914
"orng-08",19,2002,35.7142857142857,35.7142857142857
"orng-08",20,2002,15,15
"orng-09",1,2002,27.1428571428571,27.1428571428571
"orng-09",2,2002,17.7304964539007,17.7304964539007
"orng-09",3,2002,24.2857142857143,24.2857142857143
"orng-09",4,2002,12.2302158273381,12.2302158273381
"orng-09",5,2002,23.1884057971014,23.1884057971014
"orng-09",6,2002,16.6666666666666,16.6666666666666
"orng-09",7,2002,31.2056737588652,31.2056737588652
"orng-09",8,2002,26.8115942028985,26.8115942028985
"orng-09",9,2002,18.8405797101449,18.8405797101449
"orng-09",10,2002,24.2857142857143,24.2857142857143
"orng-09",11,2002,17.8571428571429,17.8571428571429
"orng-09",12,2002,17.1428571428571,17.1428571428571
"orng-09",13,2002,17.2661870503597,17.2661870503597
"orng-09",14,2002,15.7142857142858,15.7142857142858
"orng-09",15,2002,21.7391304347826,21.7391304347826
"orng-09",16,2002,21.5827338129497,21.5827338129497
"orng-09",17,2002,32.1428571428571,32.1428571428571
"orng-09",18,2002,29.2857142857143,29.2857142857143
"orng-09",19,2002,26.4285714285714,26.4285714285714
"orng-09",20,2002,24.113475177305,24.113475177305
"orng-10",1,2002,32.1428571428572,32.1428571428572
"orng-10",2,2002,20.1438848920864,20.1438848920864
"orng-10",3,2002,42.0289855072464,42.0289855072464
"orng-10",4,2002,31.6546762589929,31.6546762589929
"orng-10",5,2002,34.2857142857143,34.2857142857143
"orng-10",6,2002,30.9352517985612,30.9352517985612
"orng-10",7,2002,31.25,31.25
"orng-10",8,2002,21.0144927536232,21.0144927536232
"orng-10",9,2002,25.3623188405797,25.3623188405797
"orng-10",10,2002,67.3758865248227,67.3758865248227
"orng-10",11,2002,67.1428571428571,67.1428571428571
"orng-10",12,2002,66.6666666666667,66.6666666666667
"orng-10",13,2002,38.4615384615385,38.4615384615385
"orng-10",14,2002,20.1438848920863,20.1438848920863
"orng-10",15,2002,19.8581560283688,19.8581560283688
"orng-10",16,2002,30.9352517985612,30.9352517985612
"orng-10",17,2002,22.463768115942,22.463768115942
"orng-10",18,2002,18.8811188811189,18.8811188811189
"orng-10",19,2002,32.8467153284672,32.8467153284672
"orng-10",20,2002,49.2753623188406,49.2753623188406
"orng-11",1,2002,23.0215827338129,23.0215827338129
"orng-11",2,2002,20,20
"orng-11",3,2002,25.8992805755396,25.8992805755396
"orng-11",4,2002,22.3021582733813,22.3021582733813
"orng-11",5,2002,40.4255319148937,40.4255319148937
"orng-11",6,2002,25.179856115108,25.179856115108
"orng-11",7,2002,21.7391304347826,21.7391304347826
"orng-11",8,2002,21.4285714285715,21.4285714285715
"orng-11",9,2002,26.4285714285714,26.4285714285714
"orng-11",10,2002,22.3021582733813,22.3021582733813
"orng-11",11,2002,30,30
"orng-11",12,2002,16.3120567375887,16.3120567375887
"orng-11",13,2002,21.7391304347826,21.7391304347826
"orng-11",14,2002,21.7391304347826,21.7391304347826
"orng-11",15,2002,21.2765957446808,21.2765957446809
"orng-11",16,2002,23.021582733813,23.021582733813
"orng-11",17,2002,29.1666666666666,29.1666666666666
"orng-11",18,2002,27.3381294964029,28.0575539568345
"orng-11",19,2002,19.4244604316547,19.4244604316547
"orng-11",20,2002,23.404255319149,23.404255319149
"orng-12",1,2002,31.6546762589928,31.6546762589928
"orng-12",2,2002,25.8741258741259,25.8741258741259
"orng-12",3,2002,25.8992805755396,25.8992805755396
"orng-12",4,2002,28.5714285714286,28.5714285714286
"orng-12",5,2002,39.8550724637681,39.8550724637681
"orng-12",6,2002,71.6312056737589,71.6312056737589
"orng-12",7,2002,100,100
"orng-12",8,2002,97.2027972027973,97.2027972027973
"orng-12",9,2002,95.7142857142858,95.7142857142858
"orng-12",10,2002,100,100
"orng-12",11,2002,100,100
"orng-12",12,2002,99.2753623188406,99.2753623188406
"orng-12",13,2002,97.841726618705,97.841726618705
"orng-12",14,2002,97.1631205673759,97.1631205673759
"orng-12",15,2002,76.8115942028986,76.8115942028986
"orng-12",16,2002,23.7410071942446,23.7410071942447
"orng-12",17,2002,28.7769784172662,28.7769784172662
"orng-12",18,2002,57.1428571428572,57.1428571428572
"orng-12",19,2002,23.1884057971014,23.1884057971014
"orng-12",20,2002,23.5714285714286,23.5714285714286
"cthm-01",1,2003,25.1798561151079,25.1798561151079
"cthm-01",2,2003,17.3913043478261,17.3913043478261
"cthm-01",3,2003,32.1428571428572,32.1428571428572
"cthm-01",4,2003,33.5714285714285,33.5714285714286
"cthm-01",5,2003,49.2857142857142,49.2857142857143
"cthm-01",6,2003,43.7956204379562,43.7956204379562
"cthm-01",7,2003,25.6944444444445,25.6944444444445
"cthm-01",8,2003,18.75,18.75
"cthm-01",9,2003,19.8581560283688,19.8581560283688
"cthm-01",10,2003,25.179856115108,25.179856115108
"cthm-01",11,2003,40.8759124087591,40.8759124087591
"cthm-01",12,2003,36.9565217391304,36.9565217391304
"cthm-01",13,2003,27.8571428571428,27.8571428571428
"cthm-01",14,2003,18.1159420289855,18.1159420289855
"cthm-01",15,2003,27.5362318840579,27.5362318840579
"cthm-01",16,2003,32.1428571428571,32.1428571428571
"cthm-01",17,2003,28.7769784172662,28.7769784172662
"cthm-01",18,2003,36.2318840579711,36.2318840579711
"cthm-01",19,2003,29.7872340425532,29.7872340425532
"cthm-01",20,2003,37.410071942446,37.410071942446
"cthm-02",1,2003,13.6690647482015,13.6690647482015
"cthm-02",2,2003,16.4285714285714,16.4285714285714
"cthm-02",3,2003,24.2857142857143,24.2857142857143
"cthm-02",4,2003,13.0434782608696,13.0434782608696
"cthm-02",5,2003,51.0948905109489,51.0948905109489
"cthm-02",6,2003,72.2222222222223,72.2222222222223
"cthm-02",7,2003,36.6906474820144,36.6906474820144
"cthm-02",8,2003,56.1151079136691,56.1151079136691
"cthm-02",9,2003,26.8115942028985,26.8115942028985
"cthm-02",10,2003,22.1428571428571,22.1428571428571
"cthm-02",11,2003,29.9270072992701,29.9270072992701
"cthm-02",12,2003,22.463768115942,22.463768115942
"cthm-02",13,2003,7.97101449275362,7.97101449275362
"cthm-02",14,2003,27.3381294964028,27.3381294964028
"cthm-02",15,2003,17.8571428571428,17.8571428571428
"cthm-02",16,2003,18.8405797101449,18.8405797101449
"cthm-02",17,2003,24.2857142857143,24.2857142857143
"cthm-02",18,2003,23.7410071942446,23.7410071942446
"cthm-02",19,2003,31.8840579710145,31.8840579710145
"cthm-02",20,2003,16.4285714285714,16.4285714285714
"cthm-03",1,2003,20.7142857142857,20.7142857142857
"cthm-03",2,2003,24.2857142857143,24.2857142857143
"cthm-03",3,2003,41.2587412587413,41.2587412587413
"cthm-03",4,2003,40.2777777777778,40.2777777777778
"cthm-03",5,2003,56.115107913669,56.115107913669
"cthm-03",6,2003,26.6187050359712,26.6187050359712
"cthm-03",7,2003,82.8571428571429,82.8571428571429
"cthm-03",8,2003,27.8571428571428,27.8571428571428
"cthm-03",9,2003,14.2857142857143,14.2857142857143
"cthm-03",10,2003,20.1438848920864,20.1438848920864
"cthm-03",11,2003,20.2898550724638,20.2898550724638
"cthm-03",12,2003,17.2661870503597,17.2661870503597
"cthm-03",13,2003,17.1428571428571,17.1428571428571
"cthm-03",14,2003,19.2857142857143,19.2857142857143
"cthm-03",15,2003,23.5714285714286,23.5714285714286
"cthm-03",16,2003,19.4244604316547,19.4244604316547
"cthm-03",17,2003,18.705035971223,18.705035971223
"cthm-03",18,2003,18.4397163120567,18.4397163120567
"cthm-03",19,2003,36.4285714285714,36.4285714285714
"cthm-03",20,2003,22.6950354609929,22.6950354609929
"cthm-04",2,2003,19.1489361702128,19.1489361702128
"cthm-04",3,2003,19.5652173913043,19.5652173913043
"cthm-04",4,2003,9.28571428571429,9.28571428571429
"cthm-04",5,2003,20.7142857142857,20.7142857142857
"cthm-04",6,2003,28.5714285714286,28.5714285714286
"cthm-04",7,2003,12.2302158273382,12.2302158273382
"cthm-04",8,2003,17.1428571428572,17.1428571428572
"cthm-04",9,2003,64.4927536231884,64.4927536231884
"cthm-04",10,2003,38.4057971014493,39.1304347826087
"cthm-04",11,2003,57.5539568345324,57.5539568345324
"cthm-04",12,2003,15.1079136690648,15.1079136690648
"cthm-04",13,2003,17.8571428571428,17.8571428571428
"cthm-04",14,2003,27.1428571428571,27.1428571428571
"cthm-04",15,2003,8.57142857142857,8.57142857142857
"cthm-04",16,2003,4.31654676258993,4.31654676258993
"cthm-04",17,2003,18.8405797101449,18.8405797101449
"cthm-04",18,2003,18.5714285714285,18.5714285714285
"cthm-04",19,2003,21.5827338129496,21.5827338129496
"cthm-04",20,2003,16.5467625899281,16.5467625899281
"cthm-05",1,2003,20.2898550724637,20.2898550724637
"cthm-05",2,2003,17.8571428571428,17.8571428571428
"cthm-05",3,2003,15.8273381294964,15.8273381294964
"cthm-05",4,2003,13.6690647482014,13.6690647482014
"cthm-05",5,2003,15,15
"cthm-05",6,2003,14.3884892086331,14.3884892086331
"cthm-05",7,2003,18.75,18.75
"cthm-05",8,2003,17.2661870503597,17.2661870503597
"cthm-05",9,2003,16.4285714285714,16.4285714285714
"cthm-05",10,2003,18.8405797101449,18.8405797101449
"cthm-05",11,2003,23.5714285714285,23.5714285714286
"cthm-05",12,2003,16.5467625899281,16.5467625899281
"cthm-05",13,2003,19.7080291970803,19.7080291970803
"cthm-05",14,2003,15.6028368794326,15.6028368794326
"cthm-05",15,2003,18.8811188811189,18.8811188811189
"cthm-05",16,2003,26.2773722627737,26.2773722627737
"cthm-05",17,2003,20.1388888888889,20.1388888888889
"cthm-05",18,2003,15.6028368794326,15.6028368794326
"cthm-05",19,2003,18.8405797101449,18.8405797101449
"cthm-05",20,2003,23.7410071942447,23.7410071942447
"cthm-06",1,2003,29.7101449275362,29.7101449275362
"cthm-06",2,2003,29.2857142857143,29.2857142857143
"cthm-06",3,2003,18.705035971223,18.705035971223
"cthm-06",4,2003,23.0215827338129,23.0215827338129
"cthm-06",5,2003,15.7142857142857,15.7142857142857
"cthm-06",6,2003,18.705035971223,18.705035971223
"cthm-06",7,2003,25.8992805755396,25.8992805755396
"cthm-06",8,2003,28.5714285714286,28.5714285714286
"cthm-06",9,2003,18.5714285714286,18.5714285714286
"cthm-06",10,2003,21.7391304347826,21.7391304347826
"cthm-06",11,2003,27.3381294964029,27.3381294964029
"cthm-06",12,2003,20,20
"cthm-06",13,2003,40.7142857142857,40.7142857142857
"cthm-06",14,2003,21.5827338129497,21.5827338129497
"cthm-06",15,2003,23.4042553191489,23.4042553191489
"cthm-06",16,2003,23.7410071942446,23.7410071942446
"cthm-06",17,2003,16.5467625899281,16.5467625899281
"cthm-06",18,2003,20.5673758865249,20.5673758865249
"cthm-06",19,2003,18.705035971223,18.705035971223
"cthm-06",20,2003,17.2661870503598,17.2661870503598
"cthm-07",1,2003,21.0144927536232,21.0144927536232
"cthm-07",2,2003,19.2857142857143,19.2857142857143
"cthm-07",3,2003,27.8571428571428,27.8571428571428
"cthm-07",4,2003,14.4927536231884,14.4927536231884
"cthm-07",5,2003,16.5467625899281,16.5467625899281
"cthm-07",6,2003,17.0212765957447,17.0212765957447
"cthm-07",7,2003,16.4285714285714,16.4285714285714
"cthm-07",8,2003,17.1428571428571,17.1428571428571
"cthm-07",9,2003,25.531914893617,25.531914893617
"cthm-07",10,2003,20.1438848920864,20.1438848920864
"cthm-07",11,2003,18.705035971223,18.705035971223
"cthm-07",12,2003,15.1079136690647,15.1079136690647
"cthm-07",13,2003,17.3913043478261,17.3913043478261
"cthm-07",14,2003,15.2173913043478,15.2173913043478
"cthm-07",15,2003,23.7410071942447,23.7410071942447
"cthm-07",16,2003,17.8571428571429,17.8571428571429
"cthm-07",17,2003,17.3913043478261,17.3913043478261
"cthm-07",18,2003,17.1428571428571,17.1428571428571
"cthm-07",19,2003,16.0583941605839,16.0583941605839
"cthm-07",20,2003,20.1388888888889,20.1388888888889
"cthm-08",1,2003,16.4285714285715,16.4285714285715
"cthm-08",2,2003,30.4964539007092,30.4964539007092
"cthm-08",3,2003,20,20
"cthm-08",4,2003,17.9856115107914,17.9856115107914
"cthm-08",5,2003,23.6111111111111,23.6111111111111
"cthm-08",6,2003,26.6187050359712,26.6187050359712
"cthm-08",7,2003,34.0579710144927,34.0579710144927
"cthm-08",8,2003,27.1428571428571,27.1428571428571
"cthm-08",9,2003,18.5714285714285,18.5714285714285
"cthm-08",10,2003,17.1428571428572,17.1428571428572
"cthm-08",11,2003,30.9352517985611,30.9352517985611
"cthm-08",12,2003,15.8273381294964,15.8273381294964
"cthm-08",13,2003,15.9420289855072,15.9420289855072
"cthm-08",14,2003,22.3021582733813,22.3021582733813
"cthm-08",15,2003,17.9856115107914,17.9856115107914
"cthm-08",16,2003,14.4927536231884,14.4927536231884
"cthm-08",17,2003,19.2857142857143,19.2857142857143
"cthm-08",18,2003,14.5833333333333,14.5833333333333
"cthm-08",19,2003,16.5467625899281,16.5467625899281
"cthm-08",20,2003,29.9270072992701,29.9270072992701
"cthm-09",1,2003,20,20
"cthm-09",2,2003,15.1079136690647,15.1079136690647
"cthm-09",3,2003,41.4285714285714,41.4285714285714
"cthm-09",4,2003,32.3943661971831,32.3943661971831
"cthm-09",5,2003,43.7956204379562,43.7956204379562
"cthm-09",6,2003,26.6187050359713,26.6187050359713
"cthm-09",7,2003,19.5652173913043,19.5652173913043
"cthm-09",8,2003,31.6546762589928,31.6546762589928
"cthm-09",9,2003,31.6546762589928,31.6546762589928
"cthm-09",10,2003,25.179856115108,25.179856115108
"cthm-09",11,2003,31.4285714285715,31.4285714285715
"cthm-09",12,2003,19.1489361702127,19.1489361702127
"cthm-09",13,2003,18.1159420289855,18.1159420289855
"cthm-09",14,2003,12.8571428571429,12.8571428571429
"cthm-09",15,2003,27.6595744680851,27.6595744680851
"cthm-09",16,2003,17.2661870503597,17.2661870503597
"cthm-09",17,2003,17.9856115107914,17.9856115107914
"cthm-09",18,2003,24.2857142857143,24.2857142857143
"cthm-09",19,2003,17.8571428571428,17.8571428571428
"cthm-09",20,2003,21.0144927536232,21.0144927536232
"cthm-10",1,2003,25.3623188405797,25.3623188405797
"cthm-10",2,2003,29.2857142857143,29.2857142857143
"cthm-10",3,2003,23.021582733813,23.021582733813
"cthm-10",4,2003,27.8571428571428,27.8571428571428
"cthm-10",5,2003,35,35
"cthm-10",6,2003,31.8840579710145,31.8840579710145
"cthm-10",7,2003,21.5827338129496,21.5827338129496
"cthm-10",8,2003,25,25
"cthm-10",9,2003,27.7372262773723,27.7372262773723
"cthm-10",10,2003,15.1079136690647,15.1079136690647
"cthm-10",11,2003,23.3576642335767,23.3576642335767
"cthm-10",12,2003,31.2056737588653,31.2056737588653
"cthm-10",13,2003,28.0575539568346,28.0575539568346
"cthm-10",14,2003,58.2733812949641,58.2733812949641
"cthm-10",15,2003,29.7101449275362,29.7101449275362
"cthm-10",16,2003,89.8550724637681,89.8550724637681
"cthm-10",17,2003,80,80
"cthm-10",18,2003,33.8028169014084,33.8028169014084
"cthm-10",19,2003,22.8571428571429,22.8571428571429
"cthm-10",20,2003,20.1438848920863,20.1438848920863
"cthm-11",1,2003,20.2898550724637,20.2898550724637
"cthm-11",2,2003,26.4285714285715,26.4285714285715
"cthm-11",3,2003,26.4285714285714,26.4285714285714
"cthm-11",4,2003,23.021582733813,23.021582733813
"cthm-11",5,2003,15.9420289855072,15.9420289855072
"cthm-11",6,2003,19.2857142857142,19.2857142857142
"cthm-11",7,2003,20.2898550724637,20.2898550724638
"cthm-11",8,2003,17.0212765957447,17.0212765957447
"cthm-11",9,2003,23.5714285714286,23.5714285714286
"cthm-11",10,2003,17.9856115107914,17.9856115107914
"cthm-11",11,2003,34.2657342657343,34.2657342657343
"cthm-11",12,2003,13.986013986014,13.986013986014
"cthm-11",13,2003,21.2765957446809,21.2765957446809
"cthm-11",14,2003,18.0555555555555,18.0555555555556
"cthm-11",15,2003,15,15
"cthm-11",16,2003,25.8992805755395,25.8992805755395
"cthm-11",17,2003,28.7769784172662,28.7769784172662
"cthm-11",18,2003,27.0833333333333,27.0833333333333
"cthm-11",19,2003,17.7304964539007,17.7304964539007
"cthm-11",20,2003,45,45
"cthm-12",1,2003,32.6086956521739,32.6086956521739
"cthm-12",2,2003,17.3611111111111,17.3611111111111
"cthm-12",3,2003,16.5467625899281,16.5467625899281
"cthm-12",4,2003,32.3741007194245,32.3741007194245
"cthm-12",5,2003,18.8405797101449,18.8405797101449
"cthm-12",6,2003,35.4609929078014,35.4609929078014
"cthm-12",7,2003,18.5714285714286,18.5714285714286
"cthm-12",8,2003,17.3611111111111,17.3611111111111
"cthm-12",9,2003,18.4397163120567,18.4397163120567
"cthm-12",10,2003,32.8467153284672,32.8467153284672
"cthm-12",11,2003,21.5827338129496,21.5827338129496
"cthm-12",12,2003,25.3623188405797,25.3623188405797
"cthm-12",13,2003,15.7142857142857,15.7142857142857
"cthm-12",14,2003,15.7142857142857,15.7142857142857
"cthm-12",15,2003,15.7142857142857,15.7142857142857
"cthm-12",16,2003,30.7142857142857,30.7142857142857
"cthm-12",17,2003,15.2173913043478,15.2173913043478
"cthm-12",18,2003,52.8985507246377,52.8985507246377
"cthm-12",19,2003,21.4285714285715,21.4285714285715
"cthm-12",20,2003,36.4285714285714,37.8571428571429
"cthm-13",1,2003,25.6944444444444,25.6944444444444
"cthm-13",2,2003,22.463768115942,22.463768115942
"cthm-13",3,2003,23.021582733813,23.021582733813
"cthm-13",4,2003,23.6111111111111,23.6111111111111
"cthm-13",5,2003,29.7101449275362,29.7101449275362
"cthm-13",6,2003,20.7142857142857,20.7142857142857
"cthm-13",7,2003,48.936170212766,48.936170212766
"cthm-13",8,2003,33.8129496402878,33.8129496402878
"cthm-13",9,2003,100,100
"cthm-13",10,2003,100,100
"cthm-13",11,2003,100,100
"cthm-13",12,2003,78.1021897810219,78.1021897810219
"cthm-13",13,2003,37.7622377622378,37.7622377622378
"cthm-13",14,2003,20.1438848920864,20.1438848920864
"cthm-13",15,2003,27.8571428571429,27.8571428571429
"cthm-13",16,2003,50.3649635036496,50.3649635036496
"cthm-13",17,2003,29.8611111111111,29.8611111111111
"cthm-13",18,2003,18.705035971223,18.705035971223
"cthm-13",19,2003,20.2898550724638,20.2898550724638
"cthm-13",20,2003,15.7142857142857,15.7142857142857
"cthm-14",1,2003,45.6521739130435,45.6521739130435
"cthm-14",2,2003,23.1884057971014,23.1884057971015
"cthm-14",3,2003,19.5804195804196,19.5804195804196
"cthm-14",4,2003,29.3706293706294,29.3706293706294
"cthm-14",5,2003,36.8794326241135,36.8794326241135
"cthm-14",6,2003,26.2411347517731,26.2411347517731
"cthm-14",7,2003,18.2481751824817,18.2481751824817
"cthm-14",8,2003,17.2661870503597,17.2661870503597
"cthm-14",9,2003,17.1428571428571,17.1428571428571
"cthm-14",10,2003,26.6187050359713,26.6187050359713
"cthm-14",11,2003,26.8115942028985,26.8115942028985
"cthm-14",12,2003,31.4285714285714,31.4285714285714
"cthm-14",13,2003,30.7142857142857,30.7142857142857
"cthm-14",14,2003,25.7142857142857,25.7142857142857
"cthm-14",15,2003,14.3884892086331,14.3884892086331
"cthm-14",16,2003,26.0869565217391,26.0869565217391
"cthm-14",17,2003,19.4244604316546,19.4244604316547
"cthm-14",18,2003,18.705035971223,18.705035971223
"cthm-14",19,2003,21.7391304347826,21.7391304347826
"cthm-14",20,2003,29.0780141843972,29.0780141843972
"drhm-01",1,2003,17.2661870503598,17.2661870503598
"drhm-01",2,2003,20.1438848920863,20.1438848920863
"drhm-01",3,2003,24.4604316546763,24.4604316546763
"drhm-01",4,2003,24.2857142857143,24.2857142857143
"drhm-01",5,2003,19.8581560283688,19.8581560283688
"drhm-01",6,2003,31.9148936170212,31.9148936170212
"drhm-01",7,2003,22.6950354609929,22.6950354609929
"drhm-01",8,2003,16.5467625899281,16.5467625899281
"drhm-01",9,2003,15.6028368794326,15.6028368794326
"drhm-01",10,2003,24.6376811594203,24.6376811594203
"drhm-01",11,2003,15.7142857142857,15.7142857142857
"drhm-01",12,2003,20.1438848920864,20.1438848920864
"drhm-01",13,2003,15.1079136690647,15.1079136690647
"drhm-01",14,2003,14.5985401459854,14.5985401459854
"drhm-01",15,2003,20.7142857142857,20.7142857142857
"drhm-01",16,2003,17.7304964539008,17.7304964539008
"drhm-01",17,2003,20.1438848920863,20.1438848920863
"drhm-01",18,2003,17.8571428571428,17.8571428571428
"drhm-01",19,2003,20.2898550724637,20.2898550724637
"drhm-01",20,2003,23.9130434782609,23.9130434782609
"drhm-02",1,2003,21.830985915493,21.830985915493
"drhm-02",2,2003,22.1428571428572,22.1428571428572
"drhm-02",3,2003,36.9565217391304,36.9565217391304
"drhm-02",4,2003,25.7142857142857,25.7142857142857
"drhm-02",5,2003,28.5714285714286,28.5714285714286
"drhm-02",6,2003,23.3576642335767,23.3576642335767
"drhm-02",7,2003,35.2517985611511,35.2517985611511
"drhm-02",8,2003,19.4444444444445,19.4444444444445
"drhm-02",9,2003,20.5673758865248,20.5673758865248
"drhm-02",10,2003,11.5107913669065,11.5107913669065
"drhm-02",11,2003,18.1159420289855,18.1159420289855
"drhm-02",12,2003,24.6376811594202,24.6376811594202
"drhm-02",13,2003,17.1428571428571,17.1428571428571
"drhm-02",14,2003,20.2898550724638,20.2898550724638
"drhm-02",15,2003,17.1428571428571,17.1428571428571
"drhm-02",16,2003,22.695035460993,22.695035460993
"drhm-02",17,2003,26.4285714285714,26.4285714285714
"drhm-02",18,2003,20.863309352518,20.863309352518
"drhm-02",19,2003,23.404255319149,23.404255319149
"drhm-02",20,2003,24.6376811594203,24.6376811594203
"drhm-03",1,2003,100,100
"drhm-03",2,2003,100,100
"drhm-03",3,2003,100,100
"drhm-03",4,2003,100,100
"drhm-03",5,2003,100,100
"drhm-03",6,2003,97.1428571428572,97.8571428571429
"drhm-03",7,2003,77.1428571428572,77.1428571428572
"drhm-03",8,2003,100,100
"drhm-03",9,2003,93.5714285714286,93.5714285714286
"drhm-03",10,2003,85.7142857142858,85.7142857142858
"drhm-03",11,2003,18.705035971223,18.705035971223
"drhm-03",12,2003,21.5827338129497,21.5827338129497
"drhm-03",13,2003,100,100
"drhm-03",14,2003,100,100
"drhm-03",15,2003,68.75,68.75
"drhm-03",16,2003,87.1428571428571,87.1428571428571
"drhm-03",17,2003,97.1428571428572,97.1428571428572
"drhm-03",18,2003,56.8345323741007,56.8345323741008
"drhm-03",19,2003,30.9352517985611,30.9352517985611
"drhm-03",20,2003,25.1798561151079,25.1798561151079
"drhm-04",1,2003,79.8611111111111,79.8611111111111
"drhm-04",2,2003,67.1428571428571,67.1428571428571
"drhm-04",3,2003,39.8550724637681,39.8550724637681
"drhm-04",4,2003,20,20
"drhm-04",5,2003,85.5072463768116,85.5072463768116
"drhm-04",6,2003,20.7142857142857,20.7142857142857
"drhm-04",7,2003,27.6595744680851,27.6595744680851
"drhm-04",8,2003,44.2028985507247,44.2028985507247
"drhm-04",9,2003,21.4285714285715,21.4285714285715
"drhm-04",10,2003,15.2173913043478,15.2173913043478
"drhm-04",11,2003,17.1428571428571,17.1428571428571
"drhm-04",12,2003,29.2857142857142,29.2857142857142
"drhm-04",13,2003,35.9712230215827,35.9712230215827
"drhm-04",14,2003,15.7142857142857,15.7142857142857
"drhm-04",15,2003,15.4929577464789,15.4929577464789
"drhm-04",16,2003,26.4285714285714,26.4285714285714
"drhm-04",17,2003,43.8848920863309,43.8848920863309
"drhm-04",18,2003,17.0212765957446,17.0212765957446
"drhm-04",19,2003,21.0144927536232,21.0144927536232
"drhm-04",20,2003,92.0863309352517,92.0863309352517
"drhm-05",1,2003,27.8571428571429,27.8571428571429
"drhm-05",2,2003,27.1428571428571,27.1428571428571
"drhm-05",3,2003,23.0215827338129,23.0215827338129
"drhm-05",4,2003,42.8571428571429,42.8571428571429
"drhm-05",5,2003,80.4347826086956,80.4347826086957
"drhm-05",6,2003,100,100
"drhm-05",7,2003,50.6944444444445,50.6944444444445
"drhm-05",8,2003,39.8550724637682,39.8550724637682
"drhm-05",9,2003,71.4285714285715,71.4285714285715
"drhm-05",10,2003,60.431654676259,60.431654676259
"drhm-05",11,2003,51.063829787234,51.063829787234
"drhm-05",12,2003,50.7246376811594,51.4492753623188
"drhm-05",13,2003,98.5714285714286,98.5714285714286
"drhm-05",14,2003,89.2857142857143,89.2857142857143
"drhm-05",15,2003,99.9999999999999,100
"drhm-05",16,2003,100,100
"drhm-05",17,2003,100,100
"drhm-05",18,2003,51.0638297872341,51.0638297872341
"drhm-05",19,2003,55.7971014492754,55.7971014492754
"drhm-05",20,2003,35,35
"drhm-06",1,2003,22.9166666666666,22.9166666666666
"drhm-06",2,2003,82.608695652174,82.608695652174
"drhm-06",3,2003,97.2027972027972,97.2027972027972
"drhm-06",4,2003,92.7536231884059,92.7536231884059
"drhm-06",5,2003,100,100
"drhm-06",6,2003,84.1726618705036,84.1726618705036
"drhm-06",7,2003,87.8571428571428,89.2857142857143
"drhm-06",8,2003,77.1428571428571,77.1428571428571
"drhm-06",9,2003,75.5395683453238,75.5395683453238
"drhm-06",10,2003,66.4285714285714,66.4285714285714
"drhm-06",11,2003,54.3478260869565,54.3478260869565
"drhm-06",12,2003,99.9999999999999,99.9999999999999
"drhm-06",13,2003,71.9424460431654,71.9424460431654
"drhm-06",14,2003,39.7163120567376,39.7163120567376
"drhm-06",15,2003,68.0851063829787,68.0851063829787
"drhm-06",16,2003,57.8571428571429,57.8571428571429
"drhm-06",17,2003,86.9565217391304,86.9565217391304
"drhm-06",18,2003,100,100
"drhm-06",19,2003,92.3611111111112,92.3611111111112
"drhm-06",20,2003,95.7142857142857,95.7142857142858
"drhm-07",1,2003,90,90
"drhm-07",2,2003,27.7372262773723,27.7372262773723
"drhm-07",3,2003,34.2857142857143,34.2857142857143
"drhm-07",4,2003,49.6350364963504,49.6350364963504
"drhm-07",5,2003,41.6058394160583,41.6058394160584
"drhm-07",6,2003,72.9166666666666,72.9166666666666
"drhm-07",7,2003,76.4285714285714,76.4285714285714
"drhm-07",8,2003,64.0287769784173,64.0287769784173
"drhm-07",9,2003,71.7391304347826,71.7391304347826
"drhm-07",10,2003,15.9420289855073,15.9420289855073
"drhm-07",11,2003,21.4285714285714,21.4285714285714
"drhm-07",12,2003,18.75,18.75
"drhm-07",13,2003,16.3120567375887,16.3120567375887
"drhm-07",14,2003,18.5714285714285,18.5714285714285
"drhm-07",15,2003,16.3120567375887,16.3120567375887
"drhm-07",16,2003,22.6277372262774,22.6277372262774
"drhm-07",17,2003,32.1167883211679,32.1167883211679
"drhm-07",18,2003,35.5072463768115,35.5072463768115
"drhm-07",19,2003,24.2857142857143,24.2857142857143
"drhm-07",20,2003,21.4285714285714,21.4285714285714
"drhm-08",1,2003,56.4285714285714,56.4285714285714
"drhm-08",2,2003,30.9352517985612,30.9352517985612
"drhm-08",3,2003,20.7142857142857,20.7142857142857
"drhm-08",4,2003,17.3611111111111,17.3611111111111
"drhm-08",5,2003,20,20
"drhm-08",6,2003,18.1159420289855,18.1159420289855
"drhm-08",7,2003,27.007299270073,27.007299270073
"drhm-08",8,2003,90.6474820143885,90.6474820143885
"drhm-08",9,2003,57.8571428571429,57.8571428571429
"drhm-08",10,2003,71.9424460431655,71.9424460431655
"drhm-08",11,2003,47.8571428571428,47.8571428571428
"drhm-08",12,2003,73.9130434782609,73.9130434782609
"drhm-08",13,2003,31.8840579710145,31.8840579710145
"drhm-08",14,2003,75.9124087591241,75.9124087591241
"drhm-08",15,2003,71.0144927536232,71.0144927536232
"drhm-08",16,2003,25.8992805755396,25.8992805755396
"drhm-08",17,2003,34.7826086956521,34.7826086956521
"drhm-08",18,2003,24.2857142857143,24.2857142857143
"drhm-08",19,2003,55.3956834532374,56.115107913669
"drhm-08",20,2003,42.8571428571429,42.8571428571429
"orng-01",1,2003,31.9148936170213,31.9148936170213
"orng-01",2,2003,16.6666666666667,16.6666666666667
"orng-01",3,2003,33.5714285714285,33.5714285714285
"orng-01",4,2003,38.1944444444444,38.1944444444444
"orng-01",5,2003,17.9856115107913,17.9856115107913
"orng-01",6,2003,24.2857142857143,24.2857142857143
"orng-01",7,2003,23.0215827338129,23.0215827338129
"orng-01",8,2003,20.7142857142857,20.7142857142857
"orng-01",9,2003,21.4285714285714,21.4285714285714
"orng-01",10,2003,18.705035971223,18.705035971223
"orng-01",11,2003,26.8115942028986,26.8115942028986
"orng-01",12,2003,21.7391304347826,21.7391304347826
"orng-01",13,2003,19.2857142857143,19.2857142857143
"orng-01",14,2003,15.1079136690647,15.1079136690647
"orng-01",15,2003,18.8405797101449,18.8405797101449
"orng-01",16,2003,24.4604316546763,24.4604316546763
"orng-01",17,2003,23.5714285714286,23.5714285714286
"orng-01",18,2003,17.2661870503597,17.2661870503597
"orng-01",19,2003,28.8732394366197,28.8732394366197
"orng-01",20,2003,15.6028368794326,15.6028368794326
"orng-02",1,2003,17.2661870503597,17.2661870503597
"orng-02",2,2003,18.8405797101449,18.8405797101449
"orng-02",3,2003,16.546762589928,16.546762589928
"orng-02",4,2003,12.1428571428571,12.1428571428571
"orng-02",5,2003,21.7391304347826,21.7391304347826
"orng-02",6,2003,23.0215827338129,23.0215827338129
"orng-02",7,2003,20.863309352518,20.863309352518
"orng-02",8,2003,37.4100719424461,37.4100719424461
"orng-02",9,2003,22.3021582733813,22.3021582733813
"orng-02",10,2003,14.2857142857143,14.2857142857143
"orng-02",11,2003,20.2898550724638,20.2898550724638
"orng-02",12,2003,17.5182481751825,17.5182481751825
"orng-02",13,2003,19.5652173913043,19.5652173913043
"orng-02",14,2003,33.8129496402877,33.8129496402877
"orng-02",15,2003,16.4285714285714,16.4285714285714
"orng-02",16,2003,17.1428571428571,17.1428571428571
"orng-02",17,2003,12.7659574468085,12.7659574468085
"orng-02",18,2003,31.3868613138686,31.3868613138686
"orng-02",19,2003,24.6376811594203,24.6376811594203
"orng-02",20,2003,16.5467625899281,16.5467625899281
"orng-03",1,2003,36.4963503649635,36.4963503649635
"orng-03",2,2003,22.1428571428571,22.1428571428571
"orng-03",3,2003,28.0575539568345,28.0575539568345
"orng-03",4,2003,27.8571428571429,27.8571428571429
"orng-03",5,2003,18.705035971223,18.705035971223
"orng-03",6,2003,23.1884057971014,23.1884057971014
"orng-03",7,2003,43.5714285714285,43.5714285714285
"orng-03",8,2003,24.3055555555555,24.3055555555555
"orng-03",9,2003,27.1428571428571,27.1428571428571
"orng-03",10,2003,57.1428571428572,57.1428571428572
"orng-03",11,2003,97.1014492753623,97.1014492753623
"orng-03",12,2003,83.5714285714286,83.5714285714286
"orng-03",13,2003,34.3065693430657,34.3065693430657
"orng-03",14,2003,17.0212765957447,17.0212765957447
"orng-03",15,2003,25.7142857142857,25.7142857142857
"orng-03",16,2003,15.2173913043478,15.2173913043478
"orng-03",17,2003,18.2481751824818,18.2481751824818
"orng-03",18,2003,18.705035971223,18.705035971223
"orng-03",19,2003,17.4825174825175,17.4825174825175
"orng-03",20,2003,18.4397163120567,18.4397163120567
"orng-04",1,2003,100,100
"orng-04",2,2003,100,100
"orng-04",3,2003,76.0869565217391,76.0869565217391
"orng-04",4,2003,90.6474820143886,90.6474820143886
"orng-04",5,2003,82.9787234042554,82.9787234042554
"orng-04",6,2003,95.6204379562045,95.6204379562045
"orng-04",7,2003,77.6978417266188,77.6978417266188
"orng-04",8,2003,78.1690140845071,78.1690140845071
"orng-04",9,2003,60.7142857142857,60.7142857142857
"orng-04",10,2003,41.4285714285715,41.4285714285715
"orng-04",11,2003,17.0212765957447,17.0212765957447
"orng-04",12,2003,18.1159420289855,18.1159420289855
"orng-04",13,2003,34.2857142857143,34.2857142857143
"orng-04",14,2003,25.8992805755396,25.8992805755396
"orng-04",15,2003,35,35
"orng-04",16,2003,48.5507246376811,48.5507246376811
"orng-04",17,2003,16.0583941605839,16.0583941605839
"orng-04",18,2003,17.9856115107914,17.9856115107914
"orng-04",19,2003,21.0144927536231,21.0144927536231
"orng-04",20,2003,18.5714285714285,18.5714285714285
"orng-05",1,2003,13.768115942029,13.768115942029
"orng-05",2,2003,16.3120567375886,16.3120567375886
"orng-05",3,2003,26.950354609929,26.950354609929
"orng-05",4,2003,18.5714285714286,18.5714285714286
"orng-05",5,2003,23.5714285714286,23.5714285714286
"orng-05",6,2003,31.159420289855,31.159420289855
"orng-05",7,2003,30.9352517985612,30.9352517985612
"orng-05",8,2003,25.5474452554745,25.5474452554745
"orng-05",9,2003,15.2173913043478,15.2173913043478
"orng-05",10,2003,20.863309352518,20.863309352518
"orng-05",11,2003,18.5714285714285,18.5714285714285
"orng-05",12,2003,19.2857142857143,19.2857142857143
"orng-05",13,2003,24.4604316546763,24.4604316546763
"orng-05",14,2003,17.3611111111111,17.3611111111111
"orng-05",15,2003,19.2857142857143,19.2857142857143
"orng-05",16,2003,23.7410071942446,23.7410071942446
"orng-05",17,2003,30.7142857142857,30.7142857142857
"orng-05",18,2003,23.9130434782609,23.9130434782609
"orng-05",19,2003,24.8175182481752,24.8175182481752
"orng-05",20,2003,17.3913043478261,17.3913043478261
"orng-06",1,2003,16.4285714285714,16.4285714285714
"orng-06",2,2003,15.6028368794326,15.6028368794326
"orng-06",3,2003,24.2857142857142,24.2857142857142
"orng-06",4,2003,16.6666666666667,16.6666666666667
"orng-06",5,2003,25,25
"orng-06",6,2003,44.6043165467626,44.6043165467626
"orng-06",7,2003,69.3430656934307,69.3430656934307
"orng-06",8,2003,44.6808510638298,44.6808510638298
"orng-06",9,2003,32.1428571428572,32.1428571428572
"orng-06",10,2003,68.6131386861314,68.6131386861314
"orng-06",11,2003,66.9064748201439,67.6258992805756
"orng-06",12,2003,82.6086956521739,82.6086956521739
"orng-06",13,2003,30.2158273381295,30.2158273381295
"orng-06",14,2003,54.6099290780141,54.6099290780142
"orng-06",15,2003,89.9280575539569,89.9280575539569
"orng-06",16,2003,69.5652173913043,69.5652173913043
"orng-06",17,2003,23.0215827338129,23.0215827338129
"orng-06",18,2003,43.8848920863309,44.6043165467626
"orng-06",19,2003,23.3576642335767,23.3576642335767
"orng-06",20,2003,41.4285714285714,41.4285714285714
"orng-07",1,2003,40.2877697841727,40.2877697841727
"orng-07",2,2003,38.4057971014493,38.4057971014493
"orng-07",3,2003,20.2898550724638,20.2898550724638
"orng-07",4,2003,22.4637681159421,22.4637681159421
"orng-07",5,2003,20.863309352518,20.863309352518
"orng-07",6,2003,18.8405797101449,18.8405797101449
"orng-07",7,2003,18.1159420289855,18.1159420289855
"orng-07",8,2003,18.705035971223,18.705035971223
"orng-07",9,2003,29.4964028776978,29.4964028776978
"orng-07",10,2003,21.830985915493,21.830985915493
"orng-07",11,2003,15.2173913043478,15.2173913043478
"orng-07",12,2003,12.9496402877698,12.9496402877698
"orng-07",13,2003,26.056338028169,26.056338028169
"orng-07",14,2003,19.5652173913044,19.5652173913044
"orng-07",15,2003,48.5507246376812,49.2753623188406
"orng-07",16,2003,34.2857142857142,34.2857142857142
"orng-07",17,2003,15.2777777777778,15.2777777777778
"orng-07",18,2003,20.863309352518,20.863309352518
"orng-07",19,2003,40.2877697841727,40.2877697841727
"orng-07",20,2003,16.3120567375887,16.3120567375887
"orng-08",1,2003,27.8571428571428,27.8571428571428
"orng-08",2,2003,24.6376811594203,24.6376811594203
"orng-08",3,2003,25.8992805755396,25.8992805755396
"orng-08",4,2003,42.1428571428572,42.8571428571429
"orng-08",5,2003,17.8571428571429,17.8571428571429
"orng-08",6,2003,17.8571428571428,17.8571428571428
"orng-08",7,2003,20.1438848920863,20.1438848920863
"orng-08",8,2003,30.4964539007092,30.4964539007092
"orng-08",9,2003,27.536231884058,27.536231884058
"orng-08",10,2003,33.5714285714286,33.5714285714286
"orng-08",11,2003,15,15
"orng-08",12,2003,18.5714285714286,18.5714285714286
"orng-08",13,2003,16.4285714285714,16.4285714285714
"orng-08",14,2003,22.1428571428571,22.1428571428571
"orng-08",15,2003,17.9856115107914,17.9856115107914
"orng-08",16,2003,17.7304964539007,17.7304964539007
"orng-08",17,2003,19.2857142857143,19.2857142857143
"orng-08",18,2003,17.9856115107914,17.9856115107914
"orng-08",19,2003,35.7142857142857,35.7142857142857
"orng-08",20,2003,15,15
"orng-09",1,2003,27.1428571428571,27.1428571428571
"orng-09",2,2003,17.7304964539007,17.7304964539007
"orng-09",3,2003,24.2857142857143,24.2857142857143
"orng-09",4,2003,12.2302158273381,12.2302158273381
"orng-09",5,2003,23.1884057971014,23.1884057971014
"orng-09",6,2003,16.6666666666666,16.6666666666666
"orng-09",7,2003,31.2056737588652,31.2056737588652
"orng-09",8,2003,26.8115942028985,26.8115942028985
"orng-09",9,2003,18.8405797101449,18.8405797101449
"orng-09",10,2003,26.4285714285714,26.4285714285714
"orng-09",11,2003,17.8571428571429,17.8571428571429
"orng-09",12,2003,17.1428571428571,17.1428571428571
"orng-09",13,2003,18.705035971223,18.705035971223
"orng-09",14,2003,15.7142857142858,15.7142857142858
"orng-09",15,2003,21.7391304347826,21.7391304347826
"orng-09",16,2003,21.5827338129497,21.5827338129497
"orng-09",17,2003,32.1428571428571,32.1428571428571
"orng-09",18,2003,29.2857142857143,29.2857142857143
"orng-09",19,2003,26.4285714285714,26.4285714285714
"orng-09",20,2003,24.113475177305,24.113475177305
"orng-10",1,2003,32.1428571428572,32.1428571428572
"orng-10",2,2003,20.1438848920864,20.1438848920864
"orng-10",3,2003,42.0289855072464,42.0289855072464
"orng-10",4,2003,31.6546762589929,31.6546762589929
"orng-10",5,2003,34.2857142857143,34.2857142857143
"orng-10",6,2003,31.6546762589928,31.6546762589928
"orng-10",7,2003,31.25,31.25
"orng-10",8,2003,21.0144927536232,21.0144927536232
"orng-10",9,2003,25.3623188405797,25.3623188405797
"orng-10",10,2003,69.5035460992908,69.5035460992908
"orng-10",11,2003,67.1428571428571,67.1428571428571
"orng-10",12,2003,66.6666666666667,66.6666666666667
"orng-10",13,2003,39.1608391608392,39.1608391608392
"orng-10",14,2003,20.1438848920863,20.1438848920863
"orng-10",15,2003,19.8581560283688,19.8581560283688
"orng-10",16,2003,30.9352517985612,30.9352517985612
"orng-10",17,2003,22.463768115942,22.463768115942
"orng-10",18,2003,18.8811188811189,18.8811188811189
"orng-10",19,2003,32.8467153284672,32.8467153284672
"orng-10",20,2003,50.7246376811594,50.7246376811594
"orng-11",1,2003,23.0215827338129,23.0215827338129
"orng-11",2,2003,20,20
"orng-11",3,2003,25.8992805755396,25.8992805755396
"orng-11",4,2003,22.3021582733813,22.3021582733813
"orng-11",5,2003,40.4255319148937,40.4255319148937
"orng-11",6,2003,25.179856115108,25.179856115108
"orng-11",7,2003,21.7391304347826,21.7391304347826
"orng-11",8,2003,21.4285714285715,21.4285714285715
"orng-11",9,2003,26.4285714285714,26.4285714285714
"orng-11",10,2003,22.3021582733813,22.3021582733813
"orng-11",11,2003,30.7142857142857,30.7142857142857
"orng-11",12,2003,16.3120567375887,16.3120567375887
"orng-11",13,2003,21.7391304347826,21.7391304347826
"orng-11",14,2003,21.7391304347826,21.7391304347826
"orng-11",15,2003,21.9858156028369,21.9858156028369
"orng-11",16,2003,23.021582733813,23.021582733813
"orng-11",17,2003,29.1666666666666,29.1666666666666
"orng-11",18,2003,27.3381294964029,28.0575539568345
"orng-11",19,2003,19.4244604316547,19.4244604316547
"orng-11",20,2003,23.404255319149,23.404255319149
"orng-12",1,2003,31.6546762589928,31.6546762589928
"orng-12",2,2003,25.8741258741259,25.8741258741259
"orng-12",3,2003,25.8992805755396,25.8992805755396
"orng-12",4,2003,29.2857142857143,29.2857142857143
"orng-12",5,2003,39.8550724637681,39.8550724637681
"orng-12",6,2003,71.6312056737589,71.6312056737589
"orng-12",7,2003,100,100
"orng-12",8,2003,97.2027972027973,97.2027972027973
"orng-12",9,2003,95.7142857142857,95.7142857142858
"orng-12",10,2003,100,100
"orng-12",11,2003,100,100
"orng-12",12,2003,100,100
"orng-12",13,2003,97.841726618705,97.841726618705
"orng-12",14,2003,97.1631205673759,97.1631205673759
"orng-12",15,2003,76.8115942028986,76.8115942028986
"orng-12",16,2003,23.7410071942446,23.7410071942447
"orng-12",17,2003,28.7769784172662,28.7769784172662
"orng-12",18,2003,57.1428571428572,57.1428571428572
"orng-12",19,2003,23.1884057971014,23.1884057971014
"orng-12",20,2003,23.5714285714286,23.5714285714286
"cthm-01",1,2004,25.1798561151079,25.1798561151079
"cthm-01",2,2004,17.3913043478261,17.3913043478261
"cthm-01",3,2004,32.1428571428572,32.1428571428572
"cthm-01",4,2004,33.5714285714285,33.5714285714286
"cthm-01",5,2004,50.0000000000001,50.0000000000001
"cthm-01",6,2004,43.7956204379562,43.7956204379562
"cthm-01",7,2004,26.3888888888889,26.3888888888889
"cthm-01",8,2004,18.75,18.75
"cthm-01",9,2004,19.8581560283688,19.8581560283688
"cthm-01",10,2004,25.179856115108,25.179856115108
"cthm-01",11,2004,40.8759124087591,40.8759124087591
"cthm-01",12,2004,36.9565217391304,36.9565217391304
"cthm-01",13,2004,27.8571428571428,27.8571428571428
"cthm-01",14,2004,18.1159420289855,18.1159420289855
"cthm-01",15,2004,27.5362318840579,27.5362318840579
"cthm-01",16,2004,42.8571428571429,42.8571428571429
"cthm-01",17,2004,28.7769784172662,28.7769784172662
"cthm-01",18,2004,36.231884057971,36.2318840579711
"cthm-01",19,2004,29.7872340425531,29.7872340425532
"cthm-01",20,2004,37.410071942446,37.410071942446
"cthm-02",1,2004,13.6690647482015,13.6690647482015
"cthm-02",2,2004,16.4285714285714,16.4285714285714
"cthm-02",3,2004,24.2857142857143,24.2857142857143
"cthm-02",4,2004,13.0434782608696,13.0434782608696
"cthm-02",5,2004,51.8248175182482,51.8248175182482
"cthm-02",6,2004,72.9166666666666,72.9166666666666
"cthm-02",7,2004,38.1294964028776,38.1294964028776
"cthm-02",8,2004,56.1151079136691,56.1151079136691
"cthm-02",9,2004,26.8115942028985,26.8115942028985
"cthm-02",10,2004,22.1428571428571,22.1428571428571
"cthm-02",11,2004,29.9270072992701,29.9270072992701
"cthm-02",12,2004,22.463768115942,22.463768115942
"cthm-02",13,2004,7.97101449275362,7.97101449275362
"cthm-02",14,2004,27.3381294964028,27.3381294964028
"cthm-02",15,2004,17.8571428571428,17.8571428571428
"cthm-02",16,2004,18.8405797101449,18.8405797101449
"cthm-02",17,2004,24.2857142857143,24.2857142857143
"cthm-02",18,2004,23.7410071942446,23.7410071942446
"cthm-02",19,2004,31.8840579710144,31.8840579710145
"cthm-02",20,2004,16.4285714285714,16.4285714285714
"cthm-03",1,2004,20.7142857142857,20.7142857142857
"cthm-03",2,2004,24.2857142857143,24.2857142857143
"cthm-03",3,2004,42.6573426573427,42.6573426573427
"cthm-03",4,2004,40.2777777777778,40.2777777777778
"cthm-03",5,2004,56.115107913669,56.115107913669
"cthm-03",6,2004,26.6187050359712,26.6187050359712
"cthm-03",7,2004,90.7142857142858,90.7142857142858
"cthm-03",8,2004,27.8571428571428,27.8571428571428
"cthm-03",9,2004,14.2857142857143,14.2857142857143
"cthm-03",10,2004,20.1438848920864,20.1438848920864
"cthm-03",11,2004,21.0144927536232,21.0144927536232
"cthm-03",12,2004,17.9856115107914,17.9856115107914
"cthm-03",13,2004,17.1428571428571,17.1428571428571
"cthm-03",14,2004,19.2857142857143,19.2857142857143
"cthm-03",15,2004,23.5714285714286,23.5714285714286
"cthm-03",16,2004,19.4244604316547,19.4244604316547
"cthm-03",17,2004,18.705035971223,18.705035971223
"cthm-03",18,2004,18.4397163120567,18.4397163120567
"cthm-03",19,2004,36.4285714285714,36.4285714285714
"cthm-03",20,2004,22.6950354609929,22.6950354609929
"cthm-04",2,2004,19.1489361702128,19.1489361702128
"cthm-04",3,2004,19.5652173913043,19.5652173913043
"cthm-04",4,2004,9.28571428571429,9.28571428571429
"cthm-04",5,2004,20.7142857142857,20.7142857142857
"cthm-04",6,2004,28.5714285714286,28.5714285714286
"cthm-04",7,2004,12.2302158273382,12.2302158273382
"cthm-04",8,2004,17.1428571428572,17.1428571428572
"cthm-04",9,2004,68.8405797101449,68.8405797101449
"cthm-04",10,2004,38.4057971014493,39.1304347826087
"cthm-04",11,2004,57.5539568345324,57.5539568345324
"cthm-04",12,2004,15.1079136690648,15.1079136690648
"cthm-04",13,2004,17.8571428571428,17.8571428571428
"cthm-04",14,2004,27.1428571428571,27.1428571428571
"cthm-04",15,2004,8.57142857142857,8.57142857142857
"cthm-04",16,2004,4.31654676258993,4.31654676258993
"cthm-04",17,2004,18.8405797101449,18.8405797101449
"cthm-04",18,2004,18.5714285714285,18.5714285714285
"cthm-04",19,2004,21.5827338129496,21.5827338129496
"cthm-04",20,2004,16.5467625899281,16.5467625899281
"cthm-05",1,2004,20.2898550724637,20.2898550724637
"cthm-05",2,2004,17.8571428571428,17.8571428571428
"cthm-05",3,2004,15.8273381294964,15.8273381294964
"cthm-05",4,2004,13.6690647482014,13.6690647482014
"cthm-05",5,2004,15,15
"cthm-05",6,2004,14.3884892086331,14.3884892086331
"cthm-05",7,2004,18.75,18.75
"cthm-05",8,2004,17.2661870503597,17.2661870503597
"cthm-05",9,2004,16.4285714285714,16.4285714285714
"cthm-05",10,2004,18.8405797101449,18.8405797101449
"cthm-05",11,2004,23.5714285714285,23.5714285714286
"cthm-05",12,2004,16.5467625899281,16.5467625899281
"cthm-05",13,2004,19.7080291970803,19.7080291970803
"cthm-05",14,2004,15.6028368794326,15.6028368794326
"cthm-05",15,2004,18.8811188811189,18.8811188811189
"cthm-05",16,2004,27.007299270073,27.007299270073
"cthm-05",17,2004,20.8333333333334,20.8333333333334
"cthm-05",18,2004,15.6028368794326,15.6028368794326
"cthm-05",19,2004,18.8405797101449,18.8405797101449
"cthm-05",20,2004,23.7410071942447,23.7410071942447
"cthm-06",1,2004,29.7101449275362,29.7101449275362
"cthm-06",2,2004,29.2857142857143,29.2857142857143
"cthm-06",3,2004,18.705035971223,18.705035971223
"cthm-06",4,2004,23.0215827338129,23.0215827338129
"cthm-06",5,2004,15.7142857142857,15.7142857142857
"cthm-06",6,2004,18.705035971223,18.705035971223
"cthm-06",7,2004,25.8992805755396,25.8992805755396
"cthm-06",8,2004,28.5714285714286,28.5714285714286
"cthm-06",9,2004,18.5714285714286,18.5714285714286
"cthm-06",10,2004,21.7391304347826,21.7391304347826
"cthm-06",11,2004,27.3381294964029,27.3381294964029
"cthm-06",12,2004,20,20
"cthm-06",13,2004,40.7142857142857,40.7142857142857
"cthm-06",14,2004,21.5827338129497,21.5827338129497
"cthm-06",15,2004,23.4042553191489,23.4042553191489
"cthm-06",16,2004,23.7410071942446,23.7410071942446
"cthm-06",17,2004,16.5467625899281,16.5467625899281
"cthm-06",18,2004,20.5673758865249,20.5673758865249
"cthm-06",19,2004,18.705035971223,18.705035971223
"cthm-06",20,2004,17.2661870503598,17.2661870503598
"cthm-07",1,2004,21.0144927536232,21.0144927536232
"cthm-07",2,2004,19.2857142857143,19.2857142857143
"cthm-07",3,2004,27.8571428571428,27.8571428571428
"cthm-07",4,2004,14.4927536231884,14.4927536231884
"cthm-07",5,2004,16.5467625899281,16.5467625899281
"cthm-07",6,2004,17.0212765957447,17.0212765957447
"cthm-07",7,2004,16.4285714285714,16.4285714285714
"cthm-07",8,2004,17.1428571428571,17.1428571428571
"cthm-07",9,2004,25.531914893617,25.531914893617
"cthm-07",10,2004,20.1438848920864,20.1438848920864
"cthm-07",11,2004,18.705035971223,18.705035971223
"cthm-07",12,2004,15.1079136690647,15.1079136690647
"cthm-07",13,2004,17.3913043478261,17.3913043478261
"cthm-07",14,2004,15.2173913043478,15.2173913043478
"cthm-07",15,2004,23.7410071942447,23.7410071942447
"cthm-07",16,2004,17.8571428571429,17.8571428571429
"cthm-07",17,2004,17.3913043478261,17.3913043478261
"cthm-07",18,2004,17.1428571428571,17.1428571428571
"cthm-07",19,2004,16.0583941605839,16.0583941605839
"cthm-07",20,2004,20.1388888888889,20.1388888888889
"cthm-08",1,2004,16.4285714285715,16.4285714285715
"cthm-08",2,2004,37.5886524822695,37.5886524822695
"cthm-08",3,2004,20,20
"cthm-08",4,2004,17.9856115107914,17.9856115107914
"cthm-08",5,2004,23.6111111111111,23.6111111111111
"cthm-08",6,2004,26.6187050359712,26.6187050359712
"cthm-08",7,2004,34.0579710144927,34.0579710144927
"cthm-08",8,2004,27.1428571428571,27.1428571428571
"cthm-08",9,2004,18.5714285714285,18.5714285714285
"cthm-08",10,2004,17.1428571428572,17.1428571428572
"cthm-08",11,2004,30.9352517985611,30.9352517985611
"cthm-08",12,2004,15.8273381294964,15.8273381294964
"cthm-08",13,2004,15.9420289855072,15.9420289855072
"cthm-08",14,2004,22.3021582733813,22.3021582733813
"cthm-08",15,2004,17.9856115107914,17.9856115107914
"cthm-08",16,2004,14.4927536231884,14.4927536231884
"cthm-08",17,2004,19.2857142857143,19.2857142857143
"cthm-08",18,2004,14.5833333333333,14.5833333333333
"cthm-08",19,2004,16.5467625899281,16.5467625899281
"cthm-08",20,2004,29.9270072992701,29.9270072992701
"cthm-09",1,2004,20,20
"cthm-09",2,2004,15.1079136690647,15.1079136690647
"cthm-09",3,2004,41.4285714285714,41.4285714285714
"cthm-09",4,2004,33.8028169014084,33.8028169014084
"cthm-09",5,2004,43.7956204379563,43.7956204379563
"cthm-09",6,2004,28.0575539568345,28.0575539568345
"cthm-09",7,2004,20.2898550724637,20.2898550724637
"cthm-09",8,2004,31.6546762589928,31.6546762589928
"cthm-09",9,2004,31.6546762589928,31.6546762589928
"cthm-09",10,2004,30.2158273381295,30.2158273381295
"cthm-09",11,2004,31.4285714285715,31.4285714285715
"cthm-09",12,2004,19.1489361702127,19.1489361702127
"cthm-09",13,2004,18.8405797101449,18.8405797101449
"cthm-09",14,2004,12.8571428571429,12.8571428571429
"cthm-09",15,2004,27.6595744680851,27.6595744680851
"cthm-09",16,2004,17.2661870503597,17.2661870503597
"cthm-09",17,2004,17.9856115107914,17.9856115107914
"cthm-09",18,2004,24.2857142857143,24.2857142857143
"cthm-09",19,2004,17.8571428571428,17.8571428571428
"cthm-09",20,2004,21.0144927536232,21.0144927536232
"cthm-10",1,2004,25.3623188405797,25.3623188405797
"cthm-10",2,2004,30,30
"cthm-10",3,2004,23.021582733813,23.021582733813
"cthm-10",4,2004,27.8571428571428,27.8571428571428
"cthm-10",5,2004,36.4285714285714,36.4285714285714
"cthm-10",6,2004,31.8840579710145,31.8840579710145
"cthm-10",7,2004,22.3021582733813,22.3021582733813
"cthm-10",8,2004,25.7142857142857,25.7142857142857
"cthm-10",9,2004,27.7372262773723,27.7372262773723
"cthm-10",10,2004,15.1079136690647,15.1079136690647
"cthm-10",11,2004,23.3576642335767,23.3576642335767
"cthm-10",12,2004,31.2056737588653,31.2056737588653
"cthm-10",13,2004,28.0575539568346,28.0575539568346
"cthm-10",14,2004,58.2733812949641,58.2733812949641
"cthm-10",15,2004,29.7101449275362,29.7101449275362
"cthm-10",16,2004,89.8550724637681,89.8550724637681
"cthm-10",17,2004,80,80
"cthm-10",18,2004,33.8028169014084,33.8028169014084
"cthm-10",19,2004,22.8571428571429,22.8571428571429
"cthm-10",20,2004,20.1438848920863,20.1438848920863
"cthm-11",1,2004,18.1159420289855,20.2898550724637
"cthm-11",2,2004,26.4285714285715,26.4285714285715
"cthm-11",3,2004,26.4285714285714,26.4285714285714
"cthm-11",4,2004,23.021582733813,23.021582733813
"cthm-11",5,2004,15.9420289855072,15.9420289855072
"cthm-11",6,2004,18.5714285714285,19.2857142857142
"cthm-11",7,2004,20.2898550724637,20.2898550724638
"cthm-11",8,2004,17.0212765957447,17.0212765957447
"cthm-11",9,2004,24.2857142857143,24.2857142857143
"cthm-11",10,2004,17.9856115107914,17.9856115107914
"cthm-11",11,2004,34.2657342657343,34.2657342657343
"cthm-11",12,2004,13.986013986014,13.986013986014
"cthm-11",13,2004,21.2765957446809,21.2765957446809
"cthm-11",14,2004,18.0555555555555,18.0555555555556
"cthm-11",15,2004,15,15
"cthm-11",16,2004,25.8992805755395,25.8992805755395
"cthm-11",17,2004,29.4964028776979,29.4964028776979
"cthm-11",18,2004,27.0833333333333,27.0833333333333
"cthm-11",19,2004,17.7304964539007,17.7304964539007
"cthm-11",20,2004,45,45
"cthm-12",1,2004,32.6086956521739,32.6086956521739
"cthm-12",2,2004,16.6666666666667,17.3611111111111
"cthm-12",3,2004,16.5467625899281,16.5467625899281
"cthm-12",4,2004,32.3741007194245,32.3741007194245
"cthm-12",5,2004,18.8405797101449,18.8405797101449
"cthm-12",6,2004,35.4609929078014,35.4609929078014
"cthm-12",7,2004,18.5714285714286,18.5714285714286
"cthm-12",8,2004,17.3611111111111,17.3611111111111
"cthm-12",9,2004,18.4397163120567,18.4397163120567
"cthm-12",10,2004,32.8467153284672,32.8467153284672
"cthm-12",11,2004,21.5827338129496,21.5827338129496
"cthm-12",12,2004,25.3623188405797,25.3623188405797
"cthm-12",13,2004,15.7142857142857,15.7142857142857
"cthm-12",14,2004,15.7142857142857,15.7142857142857
"cthm-12",15,2004,15.7142857142857,15.7142857142857
"cthm-12",16,2004,30.7142857142857,30.7142857142857
"cthm-12",17,2004,15.2173913043478,15.2173913043478
"cthm-12",18,2004,52.8985507246377,52.8985507246377
"cthm-12",19,2004,22.1428571428572,22.1428571428572
"cthm-12",20,2004,35.7142857142857,37.8571428571429
"cthm-13",1,2004,25.6944444444444,25.6944444444444
"cthm-13",2,2004,22.463768115942,22.463768115942
"cthm-13",3,2004,23.021582733813,23.021582733813
"cthm-13",4,2004,16.6666666666666,23.6111111111111
"cthm-13",5,2004,29.7101449275362,29.7101449275362
"cthm-13",6,2004,20.7142857142858,20.7142857142858
"cthm-13",7,2004,48.936170212766,48.936170212766
"cthm-13",8,2004,33.8129496402878,33.8129496402878
"cthm-13",9,2004,100,100
"cthm-13",10,2004,100,100
"cthm-13",11,2004,100,100
"cthm-13",12,2004,78.1021897810219,78.1021897810219
"cthm-13",13,2004,37.7622377622378,37.7622377622378
"cthm-13",14,2004,20.1438848920864,20.1438848920864
"cthm-13",15,2004,27.8571428571429,27.8571428571429
"cthm-13",16,2004,50.3649635036496,50.3649635036496
"cthm-13",17,2004,29.8611111111111,29.8611111111111
"cthm-13",18,2004,18.705035971223,18.705035971223
"cthm-13",19,2004,20.2898550724638,20.2898550724638
"cthm-13",20,2004,15.7142857142857,15.7142857142857
"cthm-14",1,2004,45.6521739130435,45.6521739130435
"cthm-14",2,2004,23.1884057971014,23.1884057971015
"cthm-14",3,2004,19.5804195804196,19.5804195804196
"cthm-14",4,2004,30.0699300699301,30.0699300699301
"cthm-14",5,2004,36.8794326241135,36.8794326241135
"cthm-14",6,2004,26.9503546099291,26.9503546099291
"cthm-14",7,2004,18.2481751824817,18.2481751824817
"cthm-14",8,2004,17.2661870503597,17.2661870503597
"cthm-14",9,2004,17.1428571428571,17.1428571428571
"cthm-14",10,2004,26.6187050359713,26.6187050359713
"cthm-14",11,2004,26.8115942028985,26.8115942028985
"cthm-14",12,2004,31.4285714285714,31.4285714285714
"cthm-14",13,2004,30.7142857142857,30.7142857142857
"cthm-14",14,2004,25.7142857142857,25.7142857142857
"cthm-14",15,2004,14.3884892086331,14.3884892086331
"cthm-14",16,2004,26.0869565217391,26.0869565217391
"cthm-14",17,2004,20.1438848920863,20.1438848920863
"cthm-14",18,2004,18.705035971223,18.705035971223
"cthm-14",19,2004,21.7391304347826,21.7391304347826
"cthm-14",20,2004,29.0780141843972,29.0780141843972
"drhm-01",1,2004,17.2661870503598,17.2661870503598
"drhm-01",2,2004,20.1438848920863,20.1438848920863
"drhm-01",3,2004,24.4604316546763,24.4604316546763
"drhm-01",4,2004,24.2857142857143,24.2857142857143
"drhm-01",5,2004,19.8581560283688,19.8581560283688
"drhm-01",6,2004,31.9148936170212,31.9148936170212
"drhm-01",7,2004,22.6950354609929,22.6950354609929
"drhm-01",8,2004,16.5467625899281,16.5467625899281
"drhm-01",9,2004,15.6028368794326,15.6028368794326
"drhm-01",10,2004,24.6376811594203,24.6376811594203
"drhm-01",11,2004,15.7142857142857,15.7142857142857
"drhm-01",12,2004,20.1438848920864,20.1438848920864
"drhm-01",13,2004,15.1079136690647,15.1079136690647
"drhm-01",14,2004,14.5985401459854,14.5985401459854
"drhm-01",15,2004,20.7142857142857,20.7142857142857
"drhm-01",16,2004,17.7304964539008,17.7304964539008
"drhm-01",17,2004,20.1438848920863,20.1438848920863
"drhm-01",18,2004,17.8571428571428,17.8571428571428
"drhm-01",19,2004,20.2898550724637,20.2898550724637
"drhm-01",20,2004,23.1884057971014,23.9130434782609
"drhm-02",1,2004,21.8309859154929,21.830985915493
"drhm-02",2,2004,22.1428571428572,22.1428571428572
"drhm-02",3,2004,36.9565217391304,36.9565217391304
"drhm-02",4,2004,27.1428571428571,27.1428571428571
"drhm-02",5,2004,28.5714285714286,28.5714285714286
"drhm-02",6,2004,23.3576642335767,23.3576642335767
"drhm-02",7,2004,35.2517985611511,35.2517985611511
"drhm-02",8,2004,19.4444444444445,19.4444444444445
"drhm-02",9,2004,20.5673758865248,20.5673758865248
"drhm-02",10,2004,11.5107913669065,11.5107913669065
"drhm-02",11,2004,18.1159420289855,18.1159420289855
"drhm-02",12,2004,24.6376811594202,24.6376811594202
"drhm-02",13,2004,17.1428571428571,17.1428571428571
"drhm-02",14,2004,20.2898550724638,20.2898550724638
"drhm-02",15,2004,17.1428571428571,17.1428571428571
"drhm-02",16,2004,22.695035460993,22.695035460993
"drhm-02",17,2004,26.4285714285714,26.4285714285714
"drhm-02",18,2004,20.863309352518,20.863309352518
"drhm-02",19,2004,23.404255319149,23.404255319149
"drhm-02",20,2004,24.6376811594203,24.6376811594203
"drhm-03",1,2004,100,100
"drhm-03",2,2004,100,100
"drhm-03",3,2004,100,100
"drhm-03",4,2004,100,100
"drhm-03",5,2004,100,100
"drhm-03",6,2004,97.1428571428571,97.8571428571429
"drhm-03",7,2004,79.2857142857143,79.2857142857143
"drhm-03",8,2004,100,100
"drhm-03",9,2004,93.5714285714286,93.5714285714286
"drhm-03",10,2004,85.7142857142858,85.7142857142858
"drhm-03",11,2004,18.705035971223,18.705035971223
"drhm-03",12,2004,21.5827338129497,21.5827338129497
"drhm-03",13,2004,100,100
"drhm-03",14,2004,100,100
"drhm-03",15,2004,69.4444444444444,69.4444444444444
"drhm-03",16,2004,87.1428571428571,87.1428571428571
"drhm-03",17,2004,97.1428571428572,97.1428571428572
"drhm-03",18,2004,57.5539568345324,57.5539568345324
"drhm-03",19,2004,32.3741007194244,32.3741007194244
"drhm-03",20,2004,25.8992805755395,25.8992805755395
"drhm-04",1,2004,79.8611111111111,79.8611111111111
"drhm-04",2,2004,67.1428571428571,67.1428571428571
"drhm-04",3,2004,39.8550724637681,39.8550724637681
"drhm-04",4,2004,20,20
"drhm-04",5,2004,86.231884057971,86.231884057971
"drhm-04",6,2004,20.7142857142857,20.7142857142857
"drhm-04",7,2004,27.6595744680851,27.6595744680851
"drhm-04",8,2004,44.2028985507247,44.2028985507247
"drhm-04",9,2004,21.4285714285715,21.4285714285715
"drhm-04",10,2004,15.2173913043478,15.2173913043478
"drhm-04",11,2004,17.1428571428571,17.1428571428571
"drhm-04",12,2004,29.2857142857142,29.2857142857142
"drhm-04",13,2004,35.9712230215827,35.9712230215827
"drhm-04",14,2004,15.7142857142857,15.7142857142857
"drhm-04",15,2004,15.4929577464789,15.4929577464789
"drhm-04",16,2004,26.4285714285714,26.4285714285714
"drhm-04",17,2004,43.8848920863309,43.8848920863309
"drhm-04",18,2004,17.0212765957446,17.0212765957446
"drhm-04",19,2004,21.0144927536232,21.0144927536232
"drhm-04",20,2004,92.0863309352517,92.0863309352517
"drhm-05",1,2004,27.8571428571428,27.8571428571429
"drhm-05",2,2004,27.1428571428571,27.1428571428571
"drhm-05",3,2004,31.6546762589929,31.6546762589929
"drhm-05",4,2004,42.8571428571429,42.8571428571429
"drhm-05",5,2004,80.4347826086956,80.4347826086957
"drhm-05",6,2004,100,100
"drhm-05",7,2004,53.4722222222222,53.4722222222222
"drhm-05",8,2004,41.304347826087,41.304347826087
"drhm-05",9,2004,70,71.4285714285715
"drhm-05",10,2004,61.1510791366907,61.1510791366907
"drhm-05",11,2004,51.063829787234,51.063829787234
"drhm-05",12,2004,50.7246376811595,51.4492753623188
"drhm-05",13,2004,98.5714285714286,98.5714285714286
"drhm-05",14,2004,89.2857142857143,89.2857142857143
"drhm-05",15,2004,100,100
"drhm-05",16,2004,100,100
"drhm-05",17,2004,100,100
"drhm-05",18,2004,51.0638297872341,51.0638297872341
"drhm-05",19,2004,55.7971014492754,55.7971014492754
"drhm-05",20,2004,35,35
"drhm-06",1,2004,23.6111111111111,23.6111111111111
"drhm-06",2,2004,82.608695652174,82.608695652174
"drhm-06",3,2004,97.2027972027972,97.2027972027972
"drhm-06",4,2004,93.4782608695651,93.4782608695651
"drhm-06",5,2004,100,100
"drhm-06",6,2004,84.1726618705036,84.1726618705036
"drhm-06",7,2004,88.5714285714286,89.2857142857143
"drhm-06",8,2004,77.1428571428571,77.1428571428571
"drhm-06",9,2004,75.5395683453238,75.5395683453238
"drhm-06",10,2004,66.4285714285714,66.4285714285714
"drhm-06",11,2004,54.3478260869565,54.3478260869565
"drhm-06",12,2004,99.9999999999999,99.9999999999999
"drhm-06",13,2004,71.9424460431654,71.9424460431654
"drhm-06",14,2004,42.5531914893617,42.5531914893617
"drhm-06",15,2004,68.0851063829787,68.0851063829787
"drhm-06",16,2004,57.8571428571429,57.8571428571429
"drhm-06",17,2004,86.9565217391304,86.9565217391304
"drhm-06",18,2004,100,100
"drhm-06",19,2004,93.0555555555555,93.0555555555555
"drhm-06",20,2004,95.7142857142857,95.7142857142858
"drhm-07",1,2004,90,90
"drhm-07",2,2004,27.7372262773723,27.7372262773723
"drhm-07",3,2004,34.2857142857143,34.2857142857143
"drhm-07",4,2004,49.6350364963504,49.6350364963504
"drhm-07",5,2004,42.3357664233576,42.3357664233576
"drhm-07",6,2004,72.9166666666666,72.9166666666666
"drhm-07",7,2004,81.4285714285714,81.4285714285714
"drhm-07",8,2004,64.0287769784173,64.0287769784173
"drhm-07",9,2004,73.1884057971014,73.1884057971014
"drhm-07",10,2004,15.9420289855073,15.9420289855073
"drhm-07",11,2004,21.4285714285714,21.4285714285714
"drhm-07",12,2004,18.75,18.75
"drhm-07",13,2004,16.3120567375887,16.3120567375887
"drhm-07",14,2004,18.5714285714285,18.5714285714285
"drhm-07",15,2004,16.3120567375887,16.3120567375887
"drhm-07",16,2004,22.6277372262774,22.6277372262774
"drhm-07",17,2004,32.1167883211679,32.1167883211679
"drhm-07",18,2004,35.5072463768115,35.5072463768115
"drhm-07",19,2004,24.2857142857143,24.2857142857143
"drhm-07",20,2004,22.1428571428571,22.1428571428571
"drhm-08",1,2004,56.4285714285715,56.4285714285715
"drhm-08",2,2004,30.9352517985612,30.9352517985612
"drhm-08",3,2004,20.7142857142857,20.7142857142857
"drhm-08",4,2004,17.3611111111111,17.3611111111111
"drhm-08",5,2004,20,20
"drhm-08",6,2004,18.1159420289855,18.1159420289855
"drhm-08",7,2004,27.007299270073,27.007299270073
"drhm-08",8,2004,90.6474820143885,90.6474820143885
"drhm-08",9,2004,57.8571428571429,57.8571428571429
"drhm-08",10,2004,71.9424460431655,71.9424460431655
"drhm-08",11,2004,47.8571428571428,47.8571428571428
"drhm-08",12,2004,73.9130434782609,73.9130434782609
"drhm-08",13,2004,31.8840579710145,31.8840579710145
"drhm-08",14,2004,75.9124087591241,75.9124087591241
"drhm-08",15,2004,71.0144927536232,71.0144927536232
"drhm-08",16,2004,29.4964028776979,29.4964028776979
"drhm-08",17,2004,36.231884057971,36.231884057971
"drhm-08",18,2004,24.2857142857143,24.2857142857143
"drhm-08",19,2004,55.3956834532374,56.115107913669
"drhm-08",20,2004,42.8571428571429,42.8571428571429
"orng-01",1,2004,31.9148936170213,31.9148936170213
"orng-01",2,2004,17.3913043478261,17.3913043478261
"orng-01",3,2004,33.5714285714285,33.5714285714285
"orng-01",4,2004,38.1944444444444,38.1944444444444
"orng-01",5,2004,17.9856115107913,17.9856115107913
"orng-01",6,2004,24.2857142857143,24.2857142857143
"orng-01",7,2004,23.0215827338129,23.0215827338129
"orng-01",8,2004,20.7142857142857,20.7142857142857
"orng-01",9,2004,21.4285714285714,21.4285714285714
"orng-01",10,2004,18.705035971223,18.705035971223
"orng-01",11,2004,26.8115942028986,26.8115942028986
"orng-01",12,2004,21.0144927536232,21.7391304347826
"orng-01",13,2004,19.2857142857143,19.2857142857143
"orng-01",14,2004,15.1079136690647,15.1079136690647
"orng-01",15,2004,18.8405797101449,18.8405797101449
"orng-01",16,2004,24.4604316546763,24.4604316546763
"orng-01",17,2004,23.5714285714286,23.5714285714286
"orng-01",18,2004,17.2661870503597,17.2661870503597
"orng-01",19,2004,28.8732394366197,28.8732394366197
"orng-01",20,2004,16.3120567375887,16.3120567375887
"orng-02",1,2004,17.2661870503597,17.2661870503597
"orng-02",2,2004,18.8405797101449,18.8405797101449
"orng-02",3,2004,16.546762589928,16.546762589928
"orng-02",4,2004,12.1428571428571,12.1428571428571
"orng-02",5,2004,21.7391304347826,21.7391304347826
"orng-02",6,2004,23.0215827338129,23.0215827338129
"orng-02",7,2004,20.863309352518,20.863309352518
"orng-02",8,2004,37.4100719424461,37.4100719424461
"orng-02",9,2004,22.3021582733813,22.3021582733813
"orng-02",10,2004,14.2857142857143,14.2857142857143
"orng-02",11,2004,20.2898550724638,20.2898550724638
"orng-02",12,2004,17.5182481751825,17.5182481751825
"orng-02",13,2004,19.5652173913043,19.5652173913043
"orng-02",14,2004,33.8129496402877,33.8129496402877
"orng-02",15,2004,16.4285714285714,16.4285714285714
"orng-02",16,2004,17.1428571428571,17.1428571428571
"orng-02",17,2004,12.7659574468085,12.7659574468085
"orng-02",18,2004,31.3868613138686,31.3868613138686
"orng-02",19,2004,24.6376811594203,24.6376811594203
"orng-02",20,2004,16.5467625899281,16.5467625899281
"orng-03",1,2004,36.4963503649635,36.4963503649635
"orng-03",2,2004,22.1428571428571,22.1428571428571
"orng-03",3,2004,28.0575539568345,28.0575539568345
"orng-03",4,2004,28.5714285714286,28.5714285714286
"orng-03",5,2004,18.705035971223,18.705035971223
"orng-03",6,2004,23.1884057971014,23.1884057971014
"orng-03",7,2004,43.5714285714286,43.5714285714286
"orng-03",8,2004,24.3055555555555,24.3055555555555
"orng-03",9,2004,27.8571428571428,27.8571428571428
"orng-03",10,2004,57.1428571428572,57.1428571428572
"orng-03",11,2004,97.1014492753623,97.1014492753623
"orng-03",12,2004,83.5714285714286,83.5714285714286
"orng-03",13,2004,34.3065693430657,34.3065693430657
"orng-03",14,2004,17.0212765957447,17.0212765957447
"orng-03",15,2004,25.7142857142857,25.7142857142857
"orng-03",16,2004,15.2173913043478,15.2173913043478
"orng-03",17,2004,18.2481751824818,18.2481751824818
"orng-03",18,2004,19.4244604316547,19.4244604316547
"orng-03",19,2004,17.4825174825175,17.4825174825175
"orng-03",20,2004,18.4397163120567,18.4397163120567
"orng-04",1,2004,100,100
"orng-04",2,2004,100,100
"orng-04",3,2004,76.0869565217391,76.0869565217391
"orng-04",4,2004,90.6474820143886,90.6474820143886
"orng-04",5,2004,82.9787234042554,82.9787234042554
"orng-04",6,2004,95.6204379562043,95.6204379562045
"orng-04",7,2004,77.6978417266188,77.6978417266188
"orng-04",8,2004,78.1690140845071,78.1690140845071
"orng-04",9,2004,61.4285714285714,61.4285714285714
"orng-04",10,2004,41.4285714285715,41.4285714285715
"orng-04",11,2004,17.0212765957447,17.0212765957447
"orng-04",12,2004,18.1159420289855,18.1159420289855
"orng-04",13,2004,34.2857142857143,34.2857142857143
"orng-04",14,2004,25.8992805755396,25.8992805755396
"orng-04",15,2004,35,35
"orng-04",16,2004,48.5507246376811,48.5507246376811
"orng-04",17,2004,16.0583941605839,16.0583941605839
"orng-04",18,2004,17.9856115107914,17.9856115107914
"orng-04",19,2004,21.0144927536231,21.0144927536231
"orng-04",20,2004,18.5714285714285,18.5714285714285
"orng-05",1,2004,13.768115942029,13.768115942029
"orng-05",2,2004,16.3120567375886,16.3120567375886
"orng-05",3,2004,28.3687943262411,28.3687943262411
"orng-05",4,2004,18.5714285714286,18.5714285714286
"orng-05",5,2004,23.5714285714286,23.5714285714286
"orng-05",6,2004,31.8840579710145,31.8840579710145
"orng-05",7,2004,30.9352517985612,30.9352517985612
"orng-05",8,2004,25.5474452554745,25.5474452554745
"orng-05",9,2004,15.2173913043478,15.2173913043478
"orng-05",10,2004,20.863309352518,20.863309352518
"orng-05",11,2004,18.5714285714285,18.5714285714285
"orng-05",12,2004,19.2857142857143,19.2857142857143
"orng-05",13,2004,24.4604316546763,24.4604316546763
"orng-05",14,2004,17.3611111111111,17.3611111111111
"orng-05",15,2004,19.2857142857143,19.2857142857143
"orng-05",16,2004,23.7410071942446,23.7410071942446
"orng-05",17,2004,30.7142857142857,30.7142857142857
"orng-05",18,2004,23.9130434782609,23.9130434782609
"orng-05",19,2004,24.8175182481752,24.8175182481752
"orng-05",20,2004,17.3913043478261,17.3913043478261
"orng-06",1,2004,16.4285714285714,16.4285714285714
"orng-06",2,2004,15.6028368794326,15.6028368794326
"orng-06",3,2004,25,25
"orng-06",4,2004,16.6666666666667,16.6666666666667
"orng-06",5,2004,25,25
"orng-06",6,2004,45.3237410071942,45.3237410071942
"orng-06",7,2004,69.3430656934307,69.3430656934307
"orng-06",8,2004,45.3900709219858,45.3900709219858
"orng-06",9,2004,32.1428571428572,32.1428571428572
"orng-06",10,2004,68.6131386861314,68.6131386861314
"orng-06",11,2004,68.3453237410072,68.3453237410072
"orng-06",12,2004,85.5072463768117,85.5072463768117
"orng-06",13,2004,30.2158273381295,30.2158273381295
"orng-06",14,2004,54.6099290780141,54.6099290780142
"orng-06",15,2004,89.9280575539569,89.9280575539569
"orng-06",16,2004,70.2898550724638,70.2898550724638
"orng-06",17,2004,23.0215827338129,23.0215827338129
"orng-06",18,2004,44.6043165467627,44.6043165467627
"orng-06",19,2004,23.3576642335767,23.3576642335767
"orng-06",20,2004,42.1428571428571,42.1428571428571
"orng-07",1,2004,41.0071942446043,41.0071942446043
"orng-07",2,2004,38.4057971014493,38.4057971014493
"orng-07",3,2004,20.2898550724638,20.2898550724638
"orng-07",4,2004,22.4637681159421,22.4637681159421
"orng-07",5,2004,20.863309352518,20.863309352518
"orng-07",6,2004,18.8405797101449,18.8405797101449
"orng-07",7,2004,18.1159420289855,18.1159420289855
"orng-07",8,2004,18.705035971223,18.705035971223
"orng-07",9,2004,30.2158273381295,30.2158273381295
"orng-07",10,2004,21.830985915493,21.830985915493
"orng-07",11,2004,15.9420289855072,15.9420289855072
"orng-07",12,2004,12.9496402877698,12.9496402877698
"orng-07",13,2004,26.056338028169,26.056338028169
"orng-07",14,2004,19.5652173913044,19.5652173913044
"orng-07",15,2004,47.8260869565218,49.2753623188406
"orng-07",16,2004,34.2857142857142,34.2857142857142
"orng-07",17,2004,15.2777777777778,15.2777777777778
"orng-07",18,2004,20.863309352518,20.863309352518
"orng-07",19,2004,40.2877697841726,40.2877697841727
"orng-07",20,2004,16.3120567375887,16.3120567375887
"orng-08",1,2004,27.8571428571428,27.8571428571428
"orng-08",2,2004,24.6376811594203,24.6376811594203
"orng-08",3,2004,25.8992805755396,25.8992805755396
"orng-08",4,2004,42.1428571428572,42.8571428571429
"orng-08",5,2004,17.8571428571429,17.8571428571429
"orng-08",6,2004,17.8571428571428,17.8571428571428
"orng-08",7,2004,20.1438848920863,20.1438848920863
"orng-08",8,2004,30.4964539007092,30.4964539007092
"orng-08",9,2004,27.536231884058,27.536231884058
"orng-08",10,2004,33.5714285714286,33.5714285714286
"orng-08",11,2004,15,15
"orng-08",12,2004,18.5714285714286,18.5714285714286
"orng-08",13,2004,16.4285714285714,16.4285714285714
"orng-08",14,2004,22.1428571428571,22.1428571428571
"orng-08",15,2004,17.9856115107914,17.9856115107914
"orng-08",16,2004,17.7304964539007,17.7304964539007
"orng-08",17,2004,19.2857142857143,19.2857142857143
"orng-08",18,2004,17.9856115107913,17.9856115107914
"orng-08",19,2004,35.7142857142857,35.7142857142857
"orng-08",20,2004,15,15
"orng-09",1,2004,27.1428571428571,27.1428571428571
"orng-09",2,2004,17.7304964539007,17.7304964539007
"orng-09",3,2004,24.2857142857143,24.2857142857143
"orng-09",4,2004,12.2302158273381,12.2302158273381
"orng-09",5,2004,23.1884057971014,23.1884057971014
"orng-09",6,2004,15.9420289855072,16.6666666666666
"orng-09",7,2004,32.6241134751773,32.6241134751773
"orng-09",8,2004,26.8115942028985,26.8115942028985
"orng-09",9,2004,18.8405797101449,18.8405797101449
"orng-09",10,2004,26.4285714285714,26.4285714285714
"orng-09",11,2004,17.8571428571429,17.8571428571429
"orng-09",12,2004,17.1428571428571,17.1428571428571
"orng-09",13,2004,18.705035971223,18.705035971223
"orng-09",14,2004,15.7142857142858,15.7142857142858
"orng-09",15,2004,21.7391304347826,21.7391304347826
"orng-09",16,2004,21.5827338129497,21.5827338129497
"orng-09",17,2004,32.1428571428571,32.1428571428571
"orng-09",18,2004,29.2857142857143,29.2857142857143
"orng-09",19,2004,25.7142857142857,26.4285714285714
"orng-09",20,2004,24.113475177305,24.113475177305
"orng-10",1,2004,32.1428571428572,32.1428571428572
"orng-10",2,2004,20.863309352518,20.863309352518
"orng-10",3,2004,42.0289855072464,42.0289855072464
"orng-10",4,2004,31.6546762589929,31.6546762589929
"orng-10",5,2004,34.2857142857143,34.2857142857143
"orng-10",6,2004,31.6546762589928,31.6546762589928
"orng-10",7,2004,31.25,31.25
"orng-10",8,2004,21.0144927536232,21.0144927536232
"orng-10",9,2004,25.3623188405797,25.3623188405797
"orng-10",10,2004,69.5035460992908,69.5035460992908
"orng-10",11,2004,67.1428571428571,67.1428571428571
"orng-10",12,2004,66.6666666666666,66.6666666666667
"orng-10",13,2004,39.1608391608392,39.1608391608392
"orng-10",14,2004,20.1438848920863,20.1438848920863
"orng-10",15,2004,19.8581560283688,19.8581560283688
"orng-10",16,2004,30.9352517985612,30.9352517985612
"orng-10",17,2004,23.1884057971014,23.1884057971014
"orng-10",18,2004,18.8811188811189,18.8811188811189
"orng-10",19,2004,32.8467153284672,32.8467153284672
"orng-10",20,2004,50.7246376811594,50.7246376811594
"orng-11",1,2004,23.0215827338129,23.0215827338129
"orng-11",2,2004,20,20
"orng-11",3,2004,25.8992805755396,25.8992805755396
"orng-11",4,2004,22.3021582733813,22.3021582733813
"orng-11",5,2004,40.4255319148937,40.4255319148937
"orng-11",6,2004,25.179856115108,25.179856115108
"orng-11",7,2004,21.7391304347826,21.7391304347826
"orng-11",8,2004,21.4285714285715,21.4285714285715
"orng-11",9,2004,26.4285714285714,26.4285714285714
"orng-11",10,2004,22.3021582733813,22.3021582733813
"orng-11",11,2004,31.4285714285714,31.4285714285714
"orng-11",12,2004,16.3120567375887,16.3120567375887
"orng-11",13,2004,21.7391304347826,21.7391304347826
"orng-11",14,2004,21.7391304347826,21.7391304347826
"orng-11",15,2004,21.9858156028369,21.9858156028369
"orng-11",16,2004,23.021582733813,23.021582733813
"orng-11",17,2004,29.1666666666666,29.1666666666666
"orng-11",18,2004,27.3381294964029,28.0575539568345
"orng-11",19,2004,19.4244604316547,19.4244604316547
"orng-11",20,2004,23.404255319149,23.404255319149
"orng-12",1,2004,31.6546762589928,31.6546762589928
"orng-12",2,2004,25.8741258741259,25.8741258741259
"orng-12",3,2004,25.8992805755396,25.8992805755396
"orng-12",4,2004,29.2857142857143,29.2857142857143
"orng-12",5,2004,39.8550724637681,39.8550724637681
"orng-12",6,2004,71.6312056737589,71.6312056737589
"orng-12",7,2004,100,100
"orng-12",8,2004,97.2027972027973,97.2027972027973
"orng-12",9,2004,95.7142857142857,95.7142857142858
"orng-12",10,2004,100,100
"orng-12",11,2004,100,100
"orng-12",12,2004,100,100
"orng-12",13,2004,97.841726618705,97.841726618705
"orng-12",14,2004,97.1631205673759,97.1631205673759
"orng-12",15,2004,76.8115942028986,76.8115942028986
"orng-12",16,2004,23.7410071942446,23.7410071942447
"orng-12",17,2004,28.7769784172662,28.7769784172662
"orng-12",18,2004,57.1428571428572,57.1428571428572
"orng-12",19,2004,23.1884057971014,23.1884057971014
"orng-12",20,2004,23.5714285714286,23.5714285714286
"cthm-01",1,2005,25.1798561151079,25.1798561151079
"cthm-01",2,2005,17.3913043478261,17.3913043478261
"cthm-01",3,2005,32.1428571428572,32.1428571428572
"cthm-01",4,2005,33.5714285714285,33.5714285714286
"cthm-01",5,2005,50.0000000000001,50.0000000000001
"cthm-01",6,2005,43.7956204379561,43.7956204379562
"cthm-01",7,2005,25.6944444444445,26.3888888888889
"cthm-01",8,2005,18.75,18.75
"cthm-01",9,2005,19.8581560283688,19.8581560283688
"cthm-01",10,2005,25.179856115108,25.179856115108
"cthm-01",11,2005,40.8759124087591,40.8759124087591
"cthm-01",12,2005,36.9565217391304,36.9565217391304
"cthm-01",13,2005,27.8571428571428,27.8571428571428
"cthm-01",14,2005,18.1159420289855,18.1159420289855
"cthm-01",15,2005,27.5362318840579,27.5362318840579
"cthm-01",16,2005,42.8571428571429,42.8571428571429
"cthm-01",17,2005,28.7769784172662,28.7769784172662
"cthm-01",18,2005,36.231884057971,36.2318840579711
"cthm-01",19,2005,29.7872340425532,29.7872340425532
"cthm-01",20,2005,38.8489208633093,38.8489208633093
"cthm-02",1,2005,13.6690647482015,13.6690647482015
"cthm-02",2,2005,16.4285714285714,16.4285714285714
"cthm-02",3,2005,24.2857142857143,24.2857142857143
"cthm-02",4,2005,13.0434782608696,13.0434782608696
"cthm-02",5,2005,53.2846715328467,53.2846715328467
"cthm-02",6,2005,72.9166666666666,72.9166666666666
"cthm-02",7,2005,38.1294964028776,38.1294964028776
"cthm-02",8,2005,57.5539568345324,57.5539568345324
"cthm-02",9,2005,28.2608695652174,28.2608695652174
"cthm-02",10,2005,22.1428571428571,22.1428571428571
"cthm-02",11,2005,29.9270072992701,29.9270072992701
"cthm-02",12,2005,22.463768115942,22.463768115942
"cthm-02",13,2005,7.97101449275362,7.97101449275362
"cthm-02",14,2005,27.3381294964028,27.3381294964028
"cthm-02",15,2005,17.8571428571428,17.8571428571428
"cthm-02",16,2005,18.8405797101449,18.8405797101449
"cthm-02",17,2005,25,25
"cthm-02",18,2005,23.7410071942446,23.7410071942446
"cthm-02",19,2005,31.8840579710144,31.8840579710145
"cthm-02",20,2005,16.4285714285714,16.4285714285714
"cthm-03",1,2005,20.7142857142857,20.7142857142857
"cthm-03",2,2005,24.2857142857143,24.2857142857143
"cthm-03",3,2005,46.1538461538462,46.1538461538462
"cthm-03",4,2005,40.2777777777778,40.2777777777778
"cthm-03",5,2005,56.115107913669,56.115107913669
"cthm-03",6,2005,26.6187050359712,26.6187050359712
"cthm-03",7,2005,90.7142857142858,90.7142857142858
"cthm-03",8,2005,27.8571428571428,27.8571428571428
"cthm-03",9,2005,14.2857142857143,14.2857142857143
"cthm-03",10,2005,20.1438848920864,20.1438848920864
"cthm-03",11,2005,21.7391304347826,21.7391304347826
"cthm-03",12,2005,17.9856115107914,17.9856115107914
"cthm-03",13,2005,17.1428571428571,17.1428571428571
"cthm-03",14,2005,19.2857142857143,19.2857142857143
"cthm-03",15,2005,23.5714285714286,23.5714285714286
"cthm-03",16,2005,19.4244604316547,19.4244604316547
"cthm-03",17,2005,20.863309352518,20.863309352518
"cthm-03",18,2005,18.4397163120568,18.4397163120568
"cthm-03",19,2005,36.4285714285714,36.4285714285714
"cthm-03",20,2005,22.6950354609929,22.6950354609929
"cthm-04",2,2005,19.1489361702128,19.1489361702128
"cthm-04",3,2005,19.5652173913043,19.5652173913043
"cthm-04",4,2005,9.28571428571428,9.28571428571429
"cthm-04",5,2005,20.7142857142857,20.7142857142857
"cthm-04",6,2005,28.5714285714286,28.5714285714286
"cthm-04",7,2005,12.2302158273382,12.2302158273382
"cthm-04",8,2005,20,20
"cthm-04",9,2005,68.8405797101449,68.8405797101449
"cthm-04",10,2005,38.4057971014492,39.1304347826087
"cthm-04",11,2005,57.5539568345324,57.5539568345324
"cthm-04",12,2005,15.1079136690648,15.1079136690648
"cthm-04",13,2005,17.8571428571428,17.8571428571428
"cthm-04",14,2005,27.1428571428571,27.1428571428571
"cthm-04",15,2005,8.57142857142857,8.57142857142857
"cthm-04",16,2005,4.31654676258993,4.31654676258993
"cthm-04",17,2005,18.8405797101449,18.8405797101449
"cthm-04",18,2005,18.5714285714285,18.5714285714285
"cthm-04",19,2005,21.5827338129496,21.5827338129496
"cthm-04",20,2005,16.5467625899281,16.5467625899281
"cthm-05",1,2005,20.2898550724637,20.2898550724637
"cthm-05",2,2005,17.8571428571428,17.8571428571428
"cthm-05",3,2005,15.8273381294964,15.8273381294964
"cthm-05",4,2005,13.6690647482014,13.6690647482014
"cthm-05",5,2005,15,15
"cthm-05",6,2005,14.3884892086331,14.3884892086331
"cthm-05",7,2005,18.75,18.75
"cthm-05",8,2005,17.2661870503597,17.2661870503597
"cthm-05",9,2005,16.4285714285714,16.4285714285714
"cthm-05",10,2005,18.8405797101449,18.8405797101449
"cthm-05",11,2005,23.5714285714285,23.5714285714286
"cthm-05",12,2005,16.5467625899281,16.5467625899281
"cthm-05",13,2005,20.4379562043796,20.4379562043796
"cthm-05",14,2005,15.6028368794326,15.6028368794326
"cthm-05",15,2005,18.8811188811189,18.8811188811189
"cthm-05",16,2005,27.007299270073,27.007299270073
"cthm-05",17,2005,20.8333333333334,20.8333333333334
"cthm-05",18,2005,15.6028368794326,15.6028368794326
"cthm-05",19,2005,18.8405797101449,18.8405797101449
"cthm-05",20,2005,23.7410071942447,23.7410071942447
"cthm-06",1,2005,29.7101449275362,29.7101449275362
"cthm-06",2,2005,30,30
"cthm-06",3,2005,18.705035971223,18.705035971223
"cthm-06",4,2005,23.0215827338129,23.0215827338129
"cthm-06",5,2005,15.7142857142857,15.7142857142857
"cthm-06",6,2005,19.4244604316547,19.4244604316547
"cthm-06",7,2005,25.8992805755396,25.8992805755396
"cthm-06",8,2005,28.5714285714286,28.5714285714286
"cthm-06",9,2005,18.5714285714286,18.5714285714286
"cthm-06",10,2005,21.7391304347826,21.7391304347826
"cthm-06",11,2005,27.3381294964029,27.3381294964029
"cthm-06",12,2005,20,20
"cthm-06",13,2005,40.7142857142857,40.7142857142857
"cthm-06",14,2005,21.5827338129497,21.5827338129497
"cthm-06",15,2005,23.4042553191489,23.4042553191489
"cthm-06",16,2005,23.7410071942446,23.7410071942446
"cthm-06",17,2005,16.5467625899281,16.5467625899281
"cthm-06",18,2005,20.5673758865249,20.5673758865249
"cthm-06",19,2005,18.705035971223,18.705035971223
"cthm-06",20,2005,17.2661870503598,17.2661870503598
"cthm-07",1,2005,21.0144927536232,21.0144927536232
"cthm-07",2,2005,19.2857142857143,19.2857142857143
"cthm-07",3,2005,27.8571428571428,27.8571428571428
"cthm-07",4,2005,14.4927536231884,14.4927536231884
"cthm-07",5,2005,16.5467625899281,16.5467625899281
"cthm-07",6,2005,17.0212765957447,17.0212765957447
"cthm-07",7,2005,16.4285714285714,16.4285714285714
"cthm-07",8,2005,17.1428571428571,17.1428571428571
"cthm-07",9,2005,25.531914893617,25.531914893617
"cthm-07",10,2005,20.1438848920864,20.1438848920864
"cthm-07",11,2005,18.705035971223,18.705035971223
"cthm-07",12,2005,15.1079136690647,15.1079136690647
"cthm-07",13,2005,17.3913043478261,17.3913043478261
"cthm-07",14,2005,15.2173913043478,15.2173913043478
"cthm-07",15,2005,23.7410071942447,23.7410071942447
"cthm-07",16,2005,17.8571428571429,17.8571428571429
"cthm-07",17,2005,17.3913043478261,17.3913043478261
"cthm-07",18,2005,17.1428571428571,17.1428571428571
"cthm-07",19,2005,16.0583941605839,16.0583941605839
"cthm-07",20,2005,20.1388888888889,20.1388888888889
"cthm-08",1,2005,16.4285714285715,16.4285714285715
"cthm-08",2,2005,45.3900709219858,45.3900709219858
"cthm-08",3,2005,20,20
"cthm-08",4,2005,17.9856115107914,17.9856115107914
"cthm-08",5,2005,23.6111111111111,23.6111111111111
"cthm-08",6,2005,26.6187050359712,26.6187050359712
"cthm-08",7,2005,34.0579710144927,34.0579710144927
"cthm-08",8,2005,27.1428571428571,27.1428571428571
"cthm-08",9,2005,18.5714285714285,18.5714285714285
"cthm-08",10,2005,17.1428571428572,17.1428571428572
"cthm-08",11,2005,30.9352517985611,30.9352517985611
"cthm-08",12,2005,15.8273381294964,15.8273381294964
"cthm-08",13,2005,15.9420289855072,15.9420289855072
"cthm-08",14,2005,22.3021582733813,22.3021582733813
"cthm-08",15,2005,17.9856115107914,17.9856115107914
"cthm-08",16,2005,14.4927536231884,14.4927536231884
"cthm-08",17,2005,19.2857142857143,19.2857142857143
"cthm-08",18,2005,14.5833333333333,14.5833333333333
"cthm-08",19,2005,16.5467625899281,16.5467625899281
"cthm-08",20,2005,29.9270072992701,29.9270072992701
"cthm-09",1,2005,20,20
"cthm-09",2,2005,15.1079136690647,15.1079136690647
"cthm-09",3,2005,41.4285714285714,41.4285714285714
"cthm-09",4,2005,33.0985915492958,33.8028169014084
"cthm-09",5,2005,43.7956204379562,43.7956204379563
"cthm-09",6,2005,28.0575539568345,28.0575539568345
"cthm-09",7,2005,20.2898550724637,20.2898550724637
"cthm-09",8,2005,31.6546762589928,31.6546762589928
"cthm-09",9,2005,31.6546762589928,31.6546762589928
"cthm-09",10,2005,30.9352517985612,30.9352517985612
"cthm-09",11,2005,31.4285714285715,31.4285714285715
"cthm-09",12,2005,19.8581560283688,19.8581560283688
"cthm-09",13,2005,18.8405797101449,18.8405797101449
"cthm-09",14,2005,12.8571428571429,12.8571428571429
"cthm-09",15,2005,27.6595744680851,27.6595744680851
"cthm-09",16,2005,17.2661870503597,17.2661870503597
"cthm-09",17,2005,17.9856115107914,17.9856115107914
"cthm-09",18,2005,25,25
"cthm-09",19,2005,17.8571428571428,17.8571428571428
"cthm-09",20,2005,21.0144927536232,21.0144927536232
"cthm-10",1,2005,25.3623188405797,25.3623188405797
"cthm-10",2,2005,30,30
"cthm-10",3,2005,23.7410071942446,23.7410071942446
"cthm-10",4,2005,27.8571428571428,27.8571428571428
"cthm-10",5,2005,36.4285714285714,36.4285714285714
"cthm-10",6,2005,31.8840579710145,31.8840579710145
"cthm-10",7,2005,22.3021582733813,22.3021582733813
"cthm-10",8,2005,25.7142857142857,25.7142857142857
"cthm-10",9,2005,27.7372262773723,27.7372262773723
"cthm-10",10,2005,15.8273381294964,15.8273381294964
"cthm-10",11,2005,24.8175182481752,24.8175182481752
"cthm-10",12,2005,31.2056737588653,31.2056737588653
"cthm-10",13,2005,28.0575539568346,28.0575539568346
"cthm-10",14,2005,58.2733812949641,58.2733812949641
"cthm-10",15,2005,29.7101449275362,29.7101449275362
"cthm-10",16,2005,89.8550724637681,89.8550724637681
"cthm-10",17,2005,80,80
"cthm-10",18,2005,33.8028169014084,33.8028169014084
"cthm-10",19,2005,22.8571428571429,22.8571428571429
"cthm-10",20,2005,20.1438848920863,20.1438848920863
"cthm-11",1,2005,18.8405797101449,20.2898550724637
"cthm-11",2,2005,26.4285714285715,26.4285714285715
"cthm-11",3,2005,26.4285714285714,26.4285714285714
"cthm-11",4,2005,23.021582733813,23.021582733813
"cthm-11",5,2005,15.9420289855072,15.9420289855072
"cthm-11",6,2005,18.5714285714285,19.2857142857142
"cthm-11",7,2005,20.2898550724637,20.2898550724638
"cthm-11",8,2005,17.0212765957447,17.0212765957447
"cthm-11",9,2005,24.2857142857143,24.2857142857143
"cthm-11",10,2005,17.9856115107914,17.9856115107914
"cthm-11",11,2005,34.965034965035,34.965034965035
"cthm-11",12,2005,13.986013986014,13.986013986014
"cthm-11",13,2005,21.2765957446809,21.2765957446809
"cthm-11",14,2005,18.0555555555555,18.0555555555556
"cthm-11",15,2005,15,15
"cthm-11",16,2005,25.8992805755395,25.8992805755395
"cthm-11",17,2005,29.4964028776979,29.4964028776979
"cthm-11",18,2005,27.0833333333333,27.0833333333333
"cthm-11",19,2005,17.7304964539007,17.7304964539007
"cthm-11",20,2005,45,45
"cthm-12",1,2005,32.6086956521739,32.6086956521739
"cthm-12",2,2005,16.6666666666667,17.3611111111111
"cthm-12",3,2005,16.5467625899281,16.5467625899281
"cthm-12",4,2005,32.3741007194245,32.3741007194245
"cthm-12",5,2005,18.8405797101449,18.8405797101449
"cthm-12",6,2005,35.4609929078014,35.4609929078014
"cthm-12",7,2005,18.5714285714286,18.5714285714286
"cthm-12",8,2005,17.3611111111111,17.3611111111111
"cthm-12",9,2005,18.4397163120567,18.4397163120567
"cthm-12",10,2005,32.1167883211679,32.8467153284672
"cthm-12",11,2005,21.5827338129496,21.5827338129496
"cthm-12",12,2005,25.3623188405797,25.3623188405797
"cthm-12",13,2005,15.7142857142857,15.7142857142857
"cthm-12",14,2005,15.7142857142857,15.7142857142857
"cthm-12",15,2005,15.7142857142857,15.7142857142857
"cthm-12",16,2005,30.7142857142857,30.7142857142857
"cthm-12",17,2005,15.2173913043478,15.2173913043478
"cthm-12",18,2005,52.8985507246377,52.8985507246377
"cthm-12",19,2005,22.1428571428572,22.1428571428572
"cthm-12",20,2005,37.8571428571429,37.8571428571429
"cthm-13",1,2005,25.6944444444444,25.6944444444444
"cthm-13",2,2005,22.463768115942,22.463768115942
"cthm-13",3,2005,23.021582733813,23.021582733813
"cthm-13",4,2005,16.6666666666666,23.6111111111111
"cthm-13",5,2005,29.7101449275362,29.7101449275362
"cthm-13",6,2005,20.7142857142858,20.7142857142858
"cthm-13",7,2005,47.5177304964539,48.936170212766
"cthm-13",8,2005,33.8129496402878,33.8129496402878
"cthm-13",9,2005,100,100
"cthm-13",10,2005,100,100
"cthm-13",11,2005,100,100
"cthm-13",12,2005,78.1021897810219,78.1021897810219
"cthm-13",13,2005,37.7622377622378,37.7622377622378
"cthm-13",14,2005,20.1438848920864,20.1438848920864
"cthm-13",15,2005,27.8571428571429,27.8571428571429
"cthm-13",16,2005,50.3649635036496,50.3649635036496
"cthm-13",17,2005,29.8611111111111,29.8611111111111
"cthm-13",18,2005,16.5467625899281,18.705035971223
"cthm-13",19,2005,21.0144927536232,21.0144927536232
"cthm-13",20,2005,15.7142857142857,15.7142857142857
"cthm-14",1,2005,45.6521739130435,45.6521739130435
"cthm-14",2,2005,23.1884057971014,23.1884057971015
"cthm-14",3,2005,19.5804195804196,19.5804195804196
"cthm-14",4,2005,30.7692307692308,30.7692307692308
"cthm-14",5,2005,36.8794326241135,36.8794326241135
"cthm-14",6,2005,27.6595744680851,27.6595744680851
"cthm-14",7,2005,18.2481751824817,18.2481751824817
"cthm-14",8,2005,17.2661870503597,17.2661870503597
"cthm-14",9,2005,17.1428571428571,17.1428571428571
"cthm-14",10,2005,26.6187050359713,26.6187050359713
"cthm-14",11,2005,26.8115942028985,26.8115942028985
"cthm-14",12,2005,31.4285714285714,31.4285714285714
"cthm-14",13,2005,30.7142857142857,30.7142857142857
"cthm-14",14,2005,25.7142857142857,25.7142857142857
"cthm-14",15,2005,14.3884892086331,14.3884892086331
"cthm-14",16,2005,26.8115942028985,26.8115942028985
"cthm-14",17,2005,20.1438848920863,20.1438848920863
"cthm-14",18,2005,19.4244604316547,19.4244604316547
"cthm-14",19,2005,21.7391304347826,21.7391304347826
"cthm-14",20,2005,29.0780141843972,29.0780141843972
"drhm-01",1,2005,17.2661870503598,17.2661870503598
"drhm-01",2,2005,20.1438848920863,20.1438848920863
"drhm-01",3,2005,24.4604316546763,24.4604316546763
"drhm-01",4,2005,24.2857142857143,24.2857142857143
"drhm-01",5,2005,19.8581560283688,19.8581560283688
"drhm-01",6,2005,31.9148936170212,31.9148936170212
"drhm-01",7,2005,22.6950354609929,22.6950354609929
"drhm-01",8,2005,16.5467625899281,16.5467625899281
"drhm-01",9,2005,15.6028368794326,15.6028368794326
"drhm-01",10,2005,24.6376811594203,24.6376811594203
"drhm-01",11,2005,15,15.7142857142857
"drhm-01",12,2005,20.1438848920864,20.1438848920864
"drhm-01",13,2005,15.1079136690647,15.1079136690647
"drhm-01",14,2005,14.5985401459854,14.5985401459854
"drhm-01",15,2005,20.7142857142857,20.7142857142857
"drhm-01",16,2005,17.7304964539008,17.7304964539008
"drhm-01",17,2005,20.1438848920863,20.1438848920863
"drhm-01",18,2005,18.5714285714285,18.5714285714285
"drhm-01",19,2005,20.2898550724637,20.2898550724637
"drhm-01",20,2005,23.1884057971014,23.9130434782609
"drhm-02",1,2005,21.830985915493,21.830985915493
"drhm-02",2,2005,22.1428571428572,22.1428571428572
"drhm-02",3,2005,36.9565217391304,36.9565217391304
"drhm-02",4,2005,27.8571428571429,27.8571428571429
"drhm-02",5,2005,28.5714285714286,28.5714285714286
"drhm-02",6,2005,23.3576642335767,23.3576642335767
"drhm-02",7,2005,35.251798561151,35.2517985611511
"drhm-02",8,2005,19.4444444444445,19.4444444444445
"drhm-02",9,2005,20.5673758865248,20.5673758865248
"drhm-02",10,2005,11.5107913669065,11.5107913669065
"drhm-02",11,2005,18.1159420289855,18.1159420289855
"drhm-02",12,2005,24.6376811594202,24.6376811594202
"drhm-02",13,2005,17.1428571428571,17.1428571428571
"drhm-02",14,2005,20.2898550724638,20.2898550724638
"drhm-02",15,2005,17.1428571428571,17.1428571428571
"drhm-02",16,2005,23.404255319149,23.404255319149
"drhm-02",17,2005,26.4285714285714,26.4285714285714
"drhm-02",18,2005,20.863309352518,20.863309352518
"drhm-02",19,2005,23.404255319149,23.404255319149
"drhm-02",20,2005,24.6376811594203,24.6376811594203
"drhm-03",1,2005,100,100
"drhm-03",2,2005,100,100
"drhm-03",3,2005,100,100
"drhm-03",4,2005,100,100
"drhm-03",5,2005,100,100
"drhm-03",6,2005,97.1428571428572,97.8571428571429
"drhm-03",7,2005,80,80
"drhm-03",8,2005,100,100
"drhm-03",9,2005,93.5714285714286,93.5714285714286
"drhm-03",10,2005,87.1428571428572,87.1428571428572
"drhm-03",11,2005,18.705035971223,18.705035971223
"drhm-03",12,2005,21.5827338129497,21.5827338129497
"drhm-03",13,2005,100,100
"drhm-03",14,2005,100,100
"drhm-03",15,2005,69.4444444444444,69.4444444444444
"drhm-03",16,2005,87.1428571428571,87.1428571428571
"drhm-03",17,2005,97.1428571428572,97.1428571428572
"drhm-03",18,2005,61.8705035971223,61.8705035971223
"drhm-03",19,2005,32.3741007194245,32.3741007194245
"drhm-03",20,2005,25.8992805755395,25.8992805755395
"drhm-04",1,2005,85.4166666666667,85.4166666666667
"drhm-04",2,2005,67.1428571428571,67.1428571428571
"drhm-04",3,2005,39.8550724637681,39.8550724637681
"drhm-04",4,2005,20,20
"drhm-04",5,2005,86.231884057971,86.231884057971
"drhm-04",6,2005,20.7142857142857,20.7142857142857
"drhm-04",7,2005,27.6595744680851,27.6595744680851
"drhm-04",8,2005,44.2028985507247,44.2028985507247
"drhm-04",9,2005,21.4285714285715,21.4285714285715
"drhm-04",10,2005,15.2173913043478,15.2173913043478
"drhm-04",11,2005,17.1428571428571,17.1428571428571
"drhm-04",12,2005,29.2857142857142,29.2857142857142
"drhm-04",13,2005,35.251798561151,35.9712230215827
"drhm-04",14,2005,15.7142857142857,15.7142857142857
"drhm-04",15,2005,15.4929577464789,15.4929577464789
"drhm-04",16,2005,26.4285714285714,26.4285714285714
"drhm-04",17,2005,43.8848920863309,43.8848920863309
"drhm-04",18,2005,17.0212765957446,17.0212765957446
"drhm-04",19,2005,21.0144927536232,21.0144927536232
"drhm-04",20,2005,92.0863309352517,92.0863309352517
"drhm-05",1,2005,27.8571428571428,27.8571428571429
"drhm-05",2,2005,27.1428571428571,27.1428571428571
"drhm-05",3,2005,31.6546762589928,31.6546762589929
"drhm-05",4,2005,42.8571428571429,42.8571428571429
"drhm-05",5,2005,80.4347826086957,80.4347826086957
"drhm-05",6,2005,100,100
"drhm-05",7,2005,53.4722222222223,53.4722222222223
"drhm-05",8,2005,42.0289855072464,42.0289855072464
"drhm-05",9,2005,70,71.4285714285715
"drhm-05",10,2005,61.1510791366906,61.1510791366907
"drhm-05",11,2005,51.0638297872341,51.0638297872341
"drhm-05",12,2005,56.5217391304348,56.5217391304348
"drhm-05",13,2005,98.5714285714286,98.5714285714286
"drhm-05",14,2005,90,90
"drhm-05",15,2005,100,100
"drhm-05",16,2005,100,100
"drhm-05",17,2005,100,100
"drhm-05",18,2005,51.0638297872341,51.0638297872341
"drhm-05",19,2005,55.7971014492754,55.7971014492754
"drhm-05",20,2005,35.7142857142857,35.7142857142857
"drhm-06",1,2005,23.6111111111111,23.6111111111111
"drhm-06",2,2005,82.6086956521739,82.608695652174
"drhm-06",3,2005,97.2027972027972,97.2027972027972
"drhm-06",4,2005,93.4782608695652,93.4782608695652
"drhm-06",5,2005,100,100
"drhm-06",6,2005,84.1726618705036,84.1726618705036
"drhm-06",7,2005,87.8571428571428,89.2857142857143
"drhm-06",8,2005,77.1428571428571,77.1428571428571
"drhm-06",9,2005,75.5395683453238,75.5395683453238
"drhm-06",10,2005,66.4285714285714,66.4285714285714
"drhm-06",11,2005,54.3478260869565,54.3478260869565
"drhm-06",12,2005,99.9999999999999,99.9999999999999
"drhm-06",13,2005,71.9424460431654,71.9424460431654
"drhm-06",14,2005,43.2624113475177,43.2624113475177
"drhm-06",15,2005,68.0851063829787,68.0851063829787
"drhm-06",16,2005,91.4285714285713,91.4285714285713
"drhm-06",17,2005,86.9565217391304,86.9565217391304
"drhm-06",18,2005,100,100
"drhm-06",19,2005,94.4444444444444,94.4444444444444
"drhm-06",20,2005,95.7142857142857,95.7142857142858
"drhm-07",1,2005,90,90
"drhm-07",2,2005,27.7372262773723,27.7372262773723
"drhm-07",3,2005,35,35
"drhm-07",4,2005,49.6350364963503,49.6350364963504
"drhm-07",5,2005,91.2408759124088,91.2408759124088
"drhm-07",6,2005,72.9166666666666,72.9166666666666
"drhm-07",7,2005,82.1428571428571,82.1428571428571
"drhm-07",8,2005,64.0287769784173,64.0287769784173
"drhm-07",9,2005,74.6376811594203,74.6376811594203
"drhm-07",10,2005,15.9420289855073,15.9420289855073
"drhm-07",11,2005,21.4285714285714,21.4285714285714
"drhm-07",12,2005,18.75,18.75
"drhm-07",13,2005,16.3120567375887,16.3120567375887
"drhm-07",14,2005,18.5714285714285,18.5714285714285
"drhm-07",15,2005,16.3120567375887,16.3120567375887
"drhm-07",16,2005,22.6277372262774,22.6277372262774
"drhm-07",17,2005,32.1167883211679,32.1167883211679
"drhm-07",18,2005,35.5072463768115,35.5072463768115
"drhm-07",19,2005,24.2857142857143,24.2857142857143
"drhm-07",20,2005,22.1428571428571,22.1428571428571
"drhm-08",1,2005,57.8571428571429,57.8571428571429
"drhm-08",2,2005,30.9352517985611,30.9352517985612
"drhm-08",3,2005,20.7142857142857,20.7142857142857
"drhm-08",4,2005,18.0555555555555,18.0555555555555
"drhm-08",5,2005,20,20
"drhm-08",6,2005,18.1159420289855,18.1159420289855
"drhm-08",7,2005,28.4671532846715,28.4671532846715
"drhm-08",8,2005,90.6474820143885,90.6474820143885
"drhm-08",9,2005,58.5714285714286,58.5714285714286
"drhm-08",10,2005,71.9424460431655,71.9424460431655
"drhm-08",11,2005,48.5714285714285,48.5714285714285
"drhm-08",12,2005,73.9130434782609,73.9130434782609
"drhm-08",13,2005,31.8840579710145,31.8840579710145
"drhm-08",14,2005,75.9124087591241,75.9124087591241
"drhm-08",15,2005,71.0144927536232,71.0144927536232
"drhm-08",16,2005,30.2158273381295,30.2158273381295
"drhm-08",17,2005,36.231884057971,36.231884057971
"drhm-08",18,2005,25,25
"drhm-08",19,2005,55.3956834532374,56.115107913669
"drhm-08",20,2005,42.8571428571429,42.8571428571429
"orng-01",1,2005,31.9148936170213,31.9148936170213
"orng-01",2,2005,18.1159420289855,18.1159420289855
"orng-01",3,2005,33.5714285714285,33.5714285714285
"orng-01",4,2005,38.1944444444444,38.1944444444444
"orng-01",5,2005,17.9856115107913,17.9856115107913
"orng-01",6,2005,24.2857142857143,24.2857142857143
"orng-01",7,2005,23.0215827338129,23.0215827338129
"orng-01",8,2005,20.7142857142857,20.7142857142857
"orng-01",9,2005,21.4285714285714,21.4285714285714
"orng-01",10,2005,18.705035971223,18.705035971223
"orng-01",11,2005,26.8115942028986,26.8115942028986
"orng-01",12,2005,21.0144927536232,21.7391304347826
"orng-01",13,2005,20,20
"orng-01",14,2005,15.8273381294964,15.8273381294964
"orng-01",15,2005,18.8405797101449,18.8405797101449
"orng-01",16,2005,24.4604316546763,24.4604316546763
"orng-01",17,2005,23.5714285714286,23.5714285714286
"orng-01",18,2005,17.2661870503597,17.2661870503597
"orng-01",19,2005,28.8732394366197,28.8732394366197
"orng-01",20,2005,16.3120567375887,16.3120567375887
"orng-02",1,2005,17.2661870503597,17.2661870503597
"orng-02",2,2005,18.8405797101449,18.8405797101449
"orng-02",3,2005,16.546762589928,16.546762589928
"orng-02",4,2005,12.1428571428571,12.1428571428571
"orng-02",5,2005,22.4637681159421,22.4637681159421
"orng-02",6,2005,23.0215827338129,23.0215827338129
"orng-02",7,2005,21.5827338129497,21.5827338129497
"orng-02",8,2005,37.4100719424461,37.4100719424461
"orng-02",9,2005,22.3021582733813,22.3021582733813
"orng-02",10,2005,14.2857142857143,14.2857142857143
"orng-02",11,2005,20.2898550724638,20.2898550724638
"orng-02",12,2005,17.5182481751825,17.5182481751825
"orng-02",13,2005,20.2898550724637,20.2898550724637
"orng-02",14,2005,33.8129496402877,33.8129496402877
"orng-02",15,2005,16.4285714285714,16.4285714285714
"orng-02",16,2005,17.1428571428571,17.1428571428571
"orng-02",17,2005,12.7659574468085,12.7659574468085
"orng-02",18,2005,31.3868613138686,31.3868613138686
"orng-02",19,2005,25.3623188405797,25.3623188405797
"orng-02",20,2005,16.5467625899281,16.5467625899281
"orng-03",1,2005,36.4963503649635,36.4963503649635
"orng-03",2,2005,22.8571428571429,22.8571428571429
"orng-03",3,2005,29.4964028776978,29.4964028776978
"orng-03",4,2005,28.5714285714286,28.5714285714286
"orng-03",5,2005,18.705035971223,18.705035971223
"orng-03",6,2005,23.1884057971014,23.1884057971014
"orng-03",7,2005,43.5714285714286,43.5714285714286
"orng-03",8,2005,24.3055555555555,24.3055555555555
"orng-03",9,2005,29.2857142857143,29.2857142857143
"orng-03",10,2005,57.1428571428572,57.1428571428572
"orng-03",11,2005,97.1014492753623,97.1014492753623
"orng-03",12,2005,83.5714285714286,83.5714285714286
"orng-03",13,2005,34.3065693430657,34.3065693430657
"orng-03",14,2005,17.0212765957447,17.0212765957447
"orng-03",15,2005,26.4285714285714,26.4285714285714
"orng-03",16,2005,15.9420289855072,15.9420289855072
"orng-03",17,2005,18.2481751824818,18.2481751824818
"orng-03",18,2005,19.4244604316547,19.4244604316547
"orng-03",19,2005,17.4825174825175,17.4825174825175
"orng-03",20,2005,19.1489361702127,19.1489361702127
"orng-04",1,2005,100,100
"orng-04",2,2005,100,100
"orng-04",3,2005,76.0869565217391,76.0869565217391
"orng-04",4,2005,90.6474820143886,90.6474820143886
"orng-04",5,2005,82.9787234042554,82.9787234042554
"orng-04",6,2005,97.0802919708029,97.0802919708029
"orng-04",7,2005,77.6978417266188,77.6978417266188
"orng-04",8,2005,78.1690140845071,78.1690140845071
"orng-04",9,2005,61.4285714285714,61.4285714285714
"orng-04",10,2005,42.1428571428572,42.1428571428572
"orng-04",11,2005,17.0212765957447,17.0212765957447
"orng-04",12,2005,18.1159420289855,18.1159420289855
"orng-04",13,2005,34.2857142857143,34.2857142857143
"orng-04",14,2005,28.0575539568346,28.0575539568346
"orng-04",15,2005,36.4285714285714,36.4285714285714
"orng-04",16,2005,49.2753623188406,49.2753623188406
"orng-04",17,2005,16.0583941605839,16.0583941605839
"orng-04",18,2005,17.9856115107914,17.9856115107914
"orng-04",19,2005,21.0144927536231,21.0144927536231
"orng-04",20,2005,18.5714285714285,18.5714285714285
"orng-05",1,2005,13.768115942029,13.768115942029
"orng-05",2,2005,16.3120567375886,16.3120567375886
"orng-05",3,2005,28.3687943262411,28.3687943262411
"orng-05",4,2005,18.5714285714286,18.5714285714286
"orng-05",5,2005,23.5714285714286,23.5714285714286
"orng-05",6,2005,31.8840579710145,31.8840579710145
"orng-05",7,2005,30.9352517985612,30.9352517985612
"orng-05",8,2005,25.5474452554745,25.5474452554745
"orng-05",9,2005,15.9420289855072,15.9420289855072
"orng-05",10,2005,20.863309352518,20.863309352518
"orng-05",11,2005,18.5714285714285,18.5714285714285
"orng-05",12,2005,19.2857142857143,19.2857142857143
"orng-05",13,2005,24.4604316546763,24.4604316546763
"orng-05",14,2005,17.3611111111111,17.3611111111111
"orng-05",15,2005,19.2857142857143,19.2857142857143
"orng-05",16,2005,23.7410071942446,23.7410071942446
"orng-05",17,2005,31.4285714285714,31.4285714285714
"orng-05",18,2005,23.9130434782609,23.9130434782609
"orng-05",19,2005,24.8175182481752,24.8175182481752
"orng-05",20,2005,18.1159420289855,18.1159420289855
"orng-06",1,2005,17.1428571428571,17.1428571428571
"orng-06",2,2005,15.6028368794326,15.6028368794326
"orng-06",3,2005,25,25
"orng-06",4,2005,16.6666666666667,16.6666666666667
"orng-06",5,2005,25,25
"orng-06",6,2005,45.3237410071942,45.3237410071942
"orng-06",7,2005,69.3430656934307,69.3430656934307
"orng-06",8,2005,45.3900709219858,45.3900709219858
"orng-06",9,2005,32.1428571428571,32.1428571428572
"orng-06",10,2005,68.6131386861314,68.6131386861314
"orng-06",11,2005,68.3453237410071,68.3453237410072
"orng-06",12,2005,86.2318840579711,86.2318840579711
"orng-06",13,2005,29.4964028776979,30.2158273381295
"orng-06",14,2005,54.6099290780142,54.6099290780142
"orng-06",15,2005,90.6474820143885,90.6474820143885
"orng-06",16,2005,71.0144927536232,71.0144927536232
"orng-06",17,2005,23.0215827338129,23.0215827338129
"orng-06",18,2005,44.6043165467627,44.6043165467627
"orng-06",19,2005,23.3576642335767,23.3576642335767
"orng-06",20,2005,42.1428571428571,42.1428571428571
"orng-07",1,2005,41.7266187050359,41.7266187050359
"orng-07",2,2005,38.4057971014493,38.4057971014493
"orng-07",3,2005,21.0144927536232,21.0144927536232
"orng-07",4,2005,22.4637681159421,22.4637681159421
"orng-07",5,2005,20.863309352518,20.863309352518
"orng-07",6,2005,18.8405797101449,18.8405797101449
"orng-07",7,2005,18.1159420289855,18.1159420289855
"orng-07",8,2005,18.705035971223,18.705035971223
"orng-07",9,2005,30.9352517985611,30.9352517985611
"orng-07",10,2005,21.830985915493,21.830985915493
"orng-07",11,2005,15.9420289855072,15.9420289855072
"orng-07",12,2005,12.9496402877698,12.9496402877698
"orng-07",13,2005,26.056338028169,26.056338028169
"orng-07",14,2005,19.5652173913044,19.5652173913044
"orng-07",15,2005,47.8260869565218,49.2753623188406
"orng-07",16,2005,34.2857142857142,34.2857142857142
"orng-07",17,2005,15.9722222222223,15.9722222222223
"orng-07",18,2005,20.863309352518,20.863309352518
"orng-07",19,2005,40.2877697841726,40.2877697841727
"orng-07",20,2005,16.3120567375887,16.3120567375887
"orng-08",1,2005,27.8571428571428,27.8571428571428
"orng-08",2,2005,24.6376811594203,24.6376811594203
"orng-08",3,2005,25.8992805755396,25.8992805755396
"orng-08",4,2005,42.8571428571429,42.8571428571429
"orng-08",5,2005,17.8571428571429,17.8571428571429
"orng-08",6,2005,17.8571428571428,17.8571428571428
"orng-08",7,2005,20.1438848920863,20.1438848920863
"orng-08",8,2005,30.4964539007092,30.4964539007092
"orng-08",9,2005,27.536231884058,27.536231884058
"orng-08",10,2005,33.5714285714286,33.5714285714286
"orng-08",11,2005,15,15
"orng-08",12,2005,18.5714285714286,18.5714285714286
"orng-08",13,2005,16.4285714285714,16.4285714285714
"orng-08",14,2005,22.1428571428571,22.1428571428571
"orng-08",15,2005,17.9856115107914,17.9856115107914
"orng-08",16,2005,17.7304964539007,17.7304964539007
"orng-08",17,2005,19.2857142857143,19.2857142857143
"orng-08",18,2005,17.9856115107913,17.9856115107914
"orng-08",19,2005,35.7142857142857,35.7142857142857
"orng-08",20,2005,15,15
"orng-09",1,2005,27.1428571428571,27.1428571428571
"orng-09",2,2005,17.7304964539007,17.7304964539007
"orng-09",3,2005,24.2857142857143,24.2857142857143
"orng-09",4,2005,12.2302158273381,12.2302158273381
"orng-09",5,2005,23.1884057971014,23.1884057971014
"orng-09",6,2005,15.9420289855072,16.6666666666666
"orng-09",7,2005,35.4609929078014,35.4609929078014
"orng-09",8,2005,26.8115942028985,26.8115942028985
"orng-09",9,2005,18.8405797101449,18.8405797101449
"orng-09",10,2005,26.4285714285714,26.4285714285714
"orng-09",11,2005,17.8571428571429,17.8571428571429
"orng-09",12,2005,17.1428571428571,17.1428571428571
"orng-09",13,2005,18.705035971223,18.705035971223
"orng-09",14,2005,15.7142857142858,15.7142857142858
"orng-09",15,2005,21.7391304347826,21.7391304347826
"orng-09",16,2005,21.5827338129497,21.5827338129497
"orng-09",17,2005,32.1428571428571,32.1428571428571
"orng-09",18,2005,29.2857142857143,29.2857142857143
"orng-09",19,2005,26.4285714285714,26.4285714285714
"orng-09",20,2005,24.113475177305,24.113475177305
"orng-10",1,2005,32.1428571428572,32.1428571428572
"orng-10",2,2005,20.863309352518,20.863309352518
"orng-10",3,2005,41.304347826087,42.0289855072464
"orng-10",4,2005,31.6546762589929,31.6546762589929
"orng-10",5,2005,34.2857142857143,34.2857142857143
"orng-10",6,2005,31.6546762589928,31.6546762589928
"orng-10",7,2005,31.25,31.25
"orng-10",8,2005,21.0144927536232,21.0144927536232
"orng-10",9,2005,25.3623188405797,25.3623188405797
"orng-10",10,2005,69.5035460992908,69.5035460992908
"orng-10",11,2005,67.1428571428571,67.1428571428571
"orng-10",12,2005,66.6666666666666,66.6666666666667
"orng-10",13,2005,39.1608391608392,39.1608391608392
"orng-10",14,2005,20.1438848920863,20.1438848920863
"orng-10",15,2005,19.8581560283688,19.8581560283688
"orng-10",16,2005,30.9352517985612,30.9352517985612
"orng-10",17,2005,26.0869565217391,26.0869565217391
"orng-10",18,2005,18.8811188811189,18.8811188811189
"orng-10",19,2005,32.8467153284672,32.8467153284672
"orng-10",20,2005,50.7246376811594,50.7246376811594
"orng-11",1,2005,23.0215827338129,23.0215827338129
"orng-11",2,2005,20,20
"orng-11",3,2005,25.8992805755396,25.8992805755396
"orng-11",4,2005,22.3021582733813,22.3021582733813
"orng-11",5,2005,40.4255319148937,40.4255319148937
"orng-11",6,2005,25.179856115108,25.179856115108
"orng-11",7,2005,21.7391304347826,21.7391304347826
"orng-11",8,2005,22.1428571428572,22.1428571428572
"orng-11",9,2005,26.4285714285714,26.4285714285714
"orng-11",10,2005,22.3021582733813,22.3021582733813
"orng-11",11,2005,31.4285714285714,31.4285714285714
"orng-11",12,2005,16.3120567375887,16.3120567375887
"orng-11",13,2005,21.7391304347826,21.7391304347826
"orng-11",14,2005,21.7391304347826,21.7391304347826
"orng-11",15,2005,21.9858156028369,21.9858156028369
"orng-11",16,2005,23.021582733813,23.021582733813
"orng-11",17,2005,29.1666666666666,29.1666666666666
"orng-11",18,2005,26.6187050359712,28.0575539568345
"orng-11",19,2005,19.4244604316547,19.4244604316547
"orng-11",20,2005,23.404255319149,23.404255319149
"orng-12",1,2005,31.6546762589928,31.6546762589928
"orng-12",2,2005,26.5734265734266,26.5734265734266
"orng-12",3,2005,25.8992805755396,25.8992805755396
"orng-12",4,2005,29.2857142857143,29.2857142857143
"orng-12",5,2005,39.8550724637681,39.8550724637681
"orng-12",6,2005,71.6312056737589,71.6312056737589
"orng-12",7,2005,100,100
"orng-12",8,2005,97.2027972027973,97.2027972027973
"orng-12",9,2005,95.7142857142857,95.7142857142858
"orng-12",10,2005,100,100
"orng-12",11,2005,100,100
"orng-12",12,2005,100,100
"orng-12",13,2005,97.841726618705,97.841726618705
"orng-12",14,2005,97.1631205673759,97.1631205673759
"orng-12",15,2005,76.8115942028986,76.8115942028986
"orng-12",16,2005,23.7410071942446,23.7410071942447
"orng-12",17,2005,28.7769784172662,28.7769784172662
"orng-12",18,2005,57.1428571428572,57.1428571428572
"orng-12",19,2005,23.1884057971014,23.1884057971014
"orng-12",20,2005,23.5714285714286,23.5714285714286
"cthm-01",1,2006,24.4604316546762,25.1798561151079
"cthm-01",2,2006,17.3913043478261,17.3913043478261
"cthm-01",3,2006,32.1428571428572,32.1428571428572
"cthm-01",4,2006,33.5714285714285,33.5714285714286
"cthm-01",5,2006,50.0000000000001,50.0000000000001
"cthm-01",6,2006,43.7956204379561,43.7956204379562
"cthm-01",7,2006,25.6944444444445,26.3888888888889
"cthm-01",8,2006,18.75,18.75
"cthm-01",9,2006,19.8581560283688,19.8581560283688
"cthm-01",10,2006,25.179856115108,25.179856115108
"cthm-01",11,2006,40.8759124087591,40.8759124087591
"cthm-01",12,2006,36.9565217391304,36.9565217391304
"cthm-01",13,2006,27.8571428571428,27.8571428571428
"cthm-01",14,2006,18.1159420289855,18.1159420289855
"cthm-01",15,2006,27.5362318840579,27.5362318840579
"cthm-01",16,2006,42.8571428571429,42.8571428571429
"cthm-01",17,2006,28.7769784172662,28.7769784172662
"cthm-01",18,2006,36.231884057971,36.2318840579711
"cthm-01",19,2006,29.7872340425532,29.7872340425532
"cthm-01",20,2006,38.8489208633093,38.8489208633093
"cthm-02",1,2006,13.6690647482015,13.6690647482015
"cthm-02",2,2006,16.4285714285714,16.4285714285714
"cthm-02",3,2006,24.2857142857143,24.2857142857143
"cthm-02",4,2006,13.0434782608696,13.0434782608696
"cthm-02",5,2006,53.2846715328467,53.2846715328467
"cthm-02",6,2006,75.6944444444445,75.6944444444445
"cthm-02",7,2006,38.1294964028776,38.1294964028776
"cthm-02",8,2006,57.5539568345324,57.5539568345324
"cthm-02",9,2006,28.2608695652174,28.2608695652174
"cthm-02",10,2006,22.1428571428571,22.1428571428571
"cthm-02",11,2006,29.9270072992701,29.9270072992701
"cthm-02",12,2006,22.463768115942,22.463768115942
"cthm-02",13,2006,7.97101449275362,7.97101449275362
"cthm-02",14,2006,27.3381294964028,27.3381294964028
"cthm-02",15,2006,19.2857142857143,19.2857142857143
"cthm-02",16,2006,18.8405797101449,18.8405797101449
"cthm-02",17,2006,25,25
"cthm-02",18,2006,23.7410071942446,23.7410071942446
"cthm-02",19,2006,32.6086956521739,32.6086956521739
"cthm-02",20,2006,16.4285714285714,16.4285714285714
"cthm-03",1,2006,22.8571428571428,22.8571428571428
"cthm-03",2,2006,24.2857142857143,24.2857142857143
"cthm-03",3,2006,46.1538461538462,46.1538461538462
"cthm-03",4,2006,40.2777777777778,40.2777777777778
"cthm-03",5,2006,56.115107913669,56.115107913669
"cthm-03",6,2006,26.6187050359712,26.6187050359712
"cthm-03",7,2006,90.7142857142857,90.7142857142858
"cthm-03",8,2006,30.7142857142857,30.7142857142857
"cthm-03",9,2006,14.2857142857143,14.2857142857143
"cthm-03",10,2006,20.1438848920863,20.1438848920864
"cthm-03",11,2006,21.7391304347826,21.7391304347826
"cthm-03",12,2006,17.9856115107914,17.9856115107914
"cthm-03",13,2006,17.1428571428571,17.1428571428571
"cthm-03",14,2006,19.2857142857143,19.2857142857143
"cthm-03",15,2006,23.5714285714286,23.5714285714286
"cthm-03",16,2006,19.4244604316547,19.4244604316547
"cthm-03",17,2006,20.863309352518,20.863309352518
"cthm-03",18,2006,18.4397163120567,18.4397163120568
"cthm-03",19,2006,36.4285714285714,36.4285714285714
"cthm-03",20,2006,21.9858156028369,22.6950354609929
"cthm-04",2,2006,19.1489361702128,19.1489361702128
"cthm-04",3,2006,19.5652173913043,19.5652173913043
"cthm-04",4,2006,9.28571428571429,9.28571428571429
"cthm-04",5,2006,20.7142857142857,20.7142857142857
"cthm-04",6,2006,28.5714285714286,28.5714285714286
"cthm-04",7,2006,12.2302158273381,12.2302158273382
"cthm-04",8,2006,20,20
"cthm-04",9,2006,68.8405797101449,68.8405797101449
"cthm-04",10,2006,38.4057971014492,39.1304347826087
"cthm-04",11,2006,57.5539568345324,57.5539568345324
"cthm-04",12,2006,15.1079136690648,15.1079136690648
"cthm-04",13,2006,17.8571428571428,17.8571428571428
"cthm-04",14,2006,27.1428571428571,27.1428571428571
"cthm-04",15,2006,8.57142857142857,8.57142857142857
"cthm-04",16,2006,4.31654676258993,4.31654676258993
"cthm-04",17,2006,18.8405797101449,18.8405797101449
"cthm-04",18,2006,18.5714285714285,18.5714285714285
"cthm-04",19,2006,21.5827338129496,21.5827338129496
"cthm-04",20,2006,16.5467625899281,16.5467625899281
"cthm-05",1,2006,20.2898550724637,20.2898550724637
"cthm-05",2,2006,17.8571428571428,17.8571428571428
"cthm-05",3,2006,15.8273381294964,15.8273381294964
"cthm-05",4,2006,13.6690647482014,13.6690647482014
"cthm-05",5,2006,15,15
"cthm-05",6,2006,14.3884892086331,14.3884892086331
"cthm-05",7,2006,18.75,18.75
"cthm-05",8,2006,17.2661870503597,17.2661870503597
"cthm-05",9,2006,16.4285714285714,16.4285714285714
"cthm-05",10,2006,18.8405797101449,18.8405797101449
"cthm-05",11,2006,23.5714285714285,23.5714285714286
"cthm-05",12,2006,16.5467625899281,16.5467625899281
"cthm-05",13,2006,20.4379562043796,20.4379562043796
"cthm-05",14,2006,15.6028368794326,15.6028368794326
"cthm-05",15,2006,18.8811188811189,18.8811188811189
"cthm-05",16,2006,27.007299270073,27.007299270073
"cthm-05",17,2006,20.8333333333334,20.8333333333334
"cthm-05",18,2006,15.6028368794326,15.6028368794326
"cthm-05",19,2006,18.8405797101449,18.8405797101449
"cthm-05",20,2006,23.7410071942447,23.7410071942447
"cthm-06",1,2006,30.4347826086956,30.4347826086956
"cthm-06",2,2006,30.7142857142858,30.7142857142858
"cthm-06",3,2006,18.705035971223,18.705035971223
"cthm-06",4,2006,23.7410071942446,23.7410071942446
"cthm-06",5,2006,15.7142857142857,15.7142857142857
"cthm-06",6,2006,17.9856115107914,19.4244604316547
"cthm-06",7,2006,25.8992805755396,25.8992805755396
"cthm-06",8,2006,28.5714285714286,28.5714285714286
"cthm-06",9,2006,19.2857142857143,19.2857142857143
"cthm-06",10,2006,21.7391304347826,21.7391304347826
"cthm-06",11,2006,27.3381294964029,27.3381294964029
"cthm-06",12,2006,20,20
"cthm-06",13,2006,40.7142857142857,40.7142857142857
"cthm-06",14,2006,22.3021582733813,22.3021582733813
"cthm-06",15,2006,23.4042553191489,23.4042553191489
"cthm-06",16,2006,23.7410071942446,23.7410071942446
"cthm-06",17,2006,16.5467625899281,16.5467625899281
"cthm-06",18,2006,20.5673758865249,20.5673758865249
"cthm-06",19,2006,18.705035971223,18.705035971223
"cthm-06",20,2006,17.2661870503598,17.2661870503598
"cthm-07",1,2006,21.0144927536232,21.0144927536232
"cthm-07",2,2006,19.2857142857143,19.2857142857143
"cthm-07",3,2006,27.8571428571428,27.8571428571428
"cthm-07",4,2006,14.4927536231884,14.4927536231884
"cthm-07",5,2006,16.5467625899281,16.5467625899281
"cthm-07",6,2006,17.0212765957447,17.0212765957447
"cthm-07",7,2006,16.4285714285714,16.4285714285714
"cthm-07",8,2006,17.1428571428571,17.1428571428571
"cthm-07",9,2006,25.531914893617,25.531914893617
"cthm-07",10,2006,20.1438848920864,20.1438848920864
"cthm-07",11,2006,18.705035971223,18.705035971223
"cthm-07",12,2006,15.1079136690647,15.1079136690647
"cthm-07",13,2006,18.1159420289855,18.1159420289855
"cthm-07",14,2006,15.2173913043478,15.2173913043478
"cthm-07",15,2006,23.7410071942447,23.7410071942447
"cthm-07",16,2006,17.8571428571429,17.8571428571429
"cthm-07",17,2006,17.3913043478261,17.3913043478261
"cthm-07",18,2006,17.1428571428571,17.1428571428571
"cthm-07",19,2006,16.0583941605839,16.0583941605839
"cthm-07",20,2006,20.1388888888889,20.1388888888889
"cthm-08",1,2006,17.1428571428571,17.1428571428571
"cthm-08",2,2006,47.5177304964539,47.5177304964539
"cthm-08",3,2006,20,20
"cthm-08",4,2006,17.9856115107914,17.9856115107914
"cthm-08",5,2006,23.6111111111111,23.6111111111111
"cthm-08",6,2006,26.6187050359712,26.6187050359712
"cthm-08",7,2006,34.0579710144927,34.0579710144927
"cthm-08",8,2006,27.1428571428571,27.1428571428571
"cthm-08",9,2006,18.5714285714285,18.5714285714285
"cthm-08",10,2006,17.1428571428572,17.1428571428572
"cthm-08",11,2006,30.9352517985611,30.9352517985611
"cthm-08",12,2006,15.8273381294964,15.8273381294964
"cthm-08",13,2006,15.9420289855072,15.9420289855072
"cthm-08",14,2006,22.3021582733813,22.3021582733813
"cthm-08",15,2006,17.9856115107914,17.9856115107914
"cthm-08",16,2006,14.4927536231884,14.4927536231884
"cthm-08",17,2006,19.2857142857143,19.2857142857143
"cthm-08",18,2006,14.5833333333333,14.5833333333333
"cthm-08",19,2006,16.5467625899281,16.5467625899281
"cthm-08",20,2006,29.9270072992701,29.9270072992701
"cthm-09",1,2006,20,20
"cthm-09",2,2006,15.1079136690647,15.1079136690647
"cthm-09",3,2006,41.4285714285714,41.4285714285714
"cthm-09",4,2006,33.0985915492958,33.8028169014084
"cthm-09",5,2006,43.7956204379562,43.7956204379563
"cthm-09",6,2006,28.0575539568345,28.0575539568345
"cthm-09",7,2006,20.2898550724637,20.2898550724637
"cthm-09",8,2006,31.6546762589928,31.6546762589928
"cthm-09",9,2006,31.6546762589928,31.6546762589928
"cthm-09",10,2006,30.9352517985612,30.9352517985612
"cthm-09",11,2006,31.4285714285715,31.4285714285715
"cthm-09",12,2006,19.8581560283688,19.8581560283688
"cthm-09",13,2006,18.8405797101449,18.8405797101449
"cthm-09",14,2006,12.8571428571429,12.8571428571429
"cthm-09",15,2006,27.6595744680851,27.6595744680851
"cthm-09",16,2006,17.2661870503597,17.2661870503597
"cthm-09",17,2006,17.9856115107914,17.9856115107914
"cthm-09",18,2006,25,25
"cthm-09",19,2006,17.8571428571428,17.8571428571428
"cthm-09",20,2006,21.0144927536232,21.0144927536232
"cthm-10",1,2006,25.3623188405797,25.3623188405797
"cthm-10",2,2006,30,30
"cthm-10",3,2006,23.7410071942446,23.7410071942446
"cthm-10",4,2006,27.8571428571428,27.8571428571428
"cthm-10",5,2006,36.4285714285714,36.4285714285714
"cthm-10",6,2006,31.8840579710145,31.8840579710145
"cthm-10",7,2006,23.021582733813,23.021582733813
"cthm-10",8,2006,27.1428571428571,27.1428571428571
"cthm-10",9,2006,27.7372262773723,27.7372262773723
"cthm-10",10,2006,17.2661870503597,17.2661870503597
"cthm-10",11,2006,24.8175182481752,24.8175182481752
"cthm-10",12,2006,31.2056737588653,31.2056737588653
"cthm-10",13,2006,28.0575539568346,28.0575539568346
"cthm-10",14,2006,58.2733812949641,58.2733812949641
"cthm-10",15,2006,29.7101449275362,29.7101449275362
"cthm-10",16,2006,90.5797101449275,90.5797101449275
"cthm-10",17,2006,80,80
"cthm-10",18,2006,33.8028169014084,33.8028169014084
"cthm-10",19,2006,23.5714285714286,23.5714285714286
"cthm-10",20,2006,20.1438848920863,20.1438848920863
"cthm-11",1,2006,18.8405797101449,20.2898550724637
"cthm-11",2,2006,26.4285714285715,26.4285714285715
"cthm-11",3,2006,26.4285714285714,26.4285714285714
"cthm-11",4,2006,23.021582733813,23.021582733813
"cthm-11",5,2006,15.9420289855072,15.9420289855072
"cthm-11",6,2006,18.5714285714285,19.2857142857142
"cthm-11",7,2006,22.4637681159421,22.4637681159421
"cthm-11",8,2006,17.0212765957447,17.0212765957447
"cthm-11",9,2006,24.2857142857143,24.2857142857143
"cthm-11",10,2006,17.9856115107914,17.9856115107914
"cthm-11",11,2006,34.965034965035,34.965034965035
"cthm-11",12,2006,13.986013986014,13.986013986014
"cthm-11",13,2006,21.2765957446809,21.2765957446809
"cthm-11",14,2006,18.0555555555555,18.0555555555556
"cthm-11",15,2006,15,15
"cthm-11",16,2006,25.8992805755395,25.8992805755395
"cthm-11",17,2006,29.4964028776979,29.4964028776979
"cthm-11",18,2006,27.0833333333333,27.0833333333333
"cthm-11",19,2006,17.7304964539007,17.7304964539007
"cthm-11",20,2006,45,45
"cthm-12",1,2006,32.6086956521739,32.6086956521739
"cthm-12",2,2006,16.6666666666667,17.3611111111111
"cthm-12",3,2006,16.5467625899281,16.5467625899281
"cthm-12",4,2006,32.3741007194245,32.3741007194245
"cthm-12",5,2006,18.8405797101449,18.8405797101449
"cthm-12",6,2006,35.4609929078014,35.4609929078014
"cthm-12",7,2006,18.5714285714286,18.5714285714286
"cthm-12",8,2006,17.3611111111111,17.3611111111111
"cthm-12",9,2006,19.1489361702128,19.1489361702128
"cthm-12",10,2006,32.1167883211679,32.8467153284672
"cthm-12",11,2006,21.5827338129496,21.5827338129496
"cthm-12",12,2006,26.0869565217391,26.0869565217391
"cthm-12",13,2006,15.7142857142857,15.7142857142857
"cthm-12",14,2006,15.7142857142857,15.7142857142857
"cthm-12",15,2006,15.7142857142857,15.7142857142857
"cthm-12",16,2006,30.7142857142857,30.7142857142857
"cthm-12",17,2006,15.2173913043478,15.2173913043478
"cthm-12",18,2006,53.6231884057971,53.6231884057971
"cthm-12",19,2006,22.1428571428572,22.1428571428572
"cthm-12",20,2006,37.8571428571428,37.8571428571429
"cthm-13",1,2006,26.3888888888888,26.3888888888888
"cthm-13",2,2006,23.1884057971014,23.1884057971014
"cthm-13",3,2006,23.021582733813,23.021582733813
"cthm-13",4,2006,16.6666666666666,23.6111111111111
"cthm-13",5,2006,29.7101449275362,29.7101449275362
"cthm-13",6,2006,20.7142857142857,20.7142857142858
"cthm-13",7,2006,47.5177304964539,48.936170212766
"cthm-13",8,2006,34.5323741007194,34.5323741007194
"cthm-13",9,2006,100,100
"cthm-13",10,2006,100,100
"cthm-13",11,2006,100,100
"cthm-13",12,2006,78.1021897810219,78.1021897810219
"cthm-13",13,2006,37.7622377622378,37.7622377622378
"cthm-13",14,2006,20.863309352518,20.863309352518
"cthm-13",15,2006,27.8571428571429,27.8571428571429
"cthm-13",16,2006,50.3649635036496,50.3649635036496
"cthm-13",17,2006,31.25,31.25
"cthm-13",18,2006,16.5467625899281,18.705035971223
"cthm-13",19,2006,21.0144927536232,21.0144927536232
"cthm-13",20,2006,15.7142857142857,15.7142857142857
"cthm-14",1,2006,45.6521739130435,45.6521739130435
"cthm-14",2,2006,23.1884057971014,23.1884057971015
"cthm-14",3,2006,19.5804195804196,19.5804195804196
"cthm-14",4,2006,30.7692307692308,30.7692307692308
"cthm-14",5,2006,36.8794326241135,36.8794326241135
"cthm-14",6,2006,27.6595744680851,27.6595744680851
"cthm-14",7,2006,18.2481751824817,18.2481751824817
"cthm-14",8,2006,17.2661870503597,17.2661870503597
"cthm-14",9,2006,17.1428571428571,17.1428571428571
"cthm-14",10,2006,26.6187050359713,26.6187050359713
"cthm-14",11,2006,26.8115942028985,26.8115942028985
"cthm-14",12,2006,31.4285714285714,31.4285714285714
"cthm-14",13,2006,30.7142857142857,30.7142857142857
"cthm-14",14,2006,25,25.7142857142857
"cthm-14",15,2006,14.3884892086331,14.3884892086331
"cthm-14",16,2006,26.8115942028985,26.8115942028985
"cthm-14",17,2006,20.1438848920863,20.1438848920863
"cthm-14",18,2006,19.4244604316547,19.4244604316547
"cthm-14",19,2006,21.7391304347826,21.7391304347826
"cthm-14",20,2006,29.0780141843971,29.0780141843972
"drhm-01",1,2006,17.2661870503598,17.2661870503598
"drhm-01",2,2006,20.863309352518,20.863309352518
"drhm-01",3,2006,24.4604316546763,24.4604316546763
"drhm-01",4,2006,24.2857142857143,24.2857142857143
"drhm-01",5,2006,19.8581560283688,19.8581560283688
"drhm-01",6,2006,31.9148936170212,31.9148936170212
"drhm-01",7,2006,22.6950354609929,22.6950354609929
"drhm-01",8,2006,16.5467625899281,16.5467625899281
"drhm-01",9,2006,15.6028368794326,15.6028368794326
"drhm-01",10,2006,24.6376811594203,24.6376811594203
"drhm-01",11,2006,15,15.7142857142857
"drhm-01",12,2006,20.1438848920864,20.1438848920864
"drhm-01",13,2006,14.3884892086331,15.1079136690647
"drhm-01",14,2006,14.5985401459854,14.5985401459854
"drhm-01",15,2006,20.7142857142857,20.7142857142857
"drhm-01",16,2006,17.7304964539008,17.7304964539008
"drhm-01",17,2006,20.1438848920863,20.1438848920863
"drhm-01",18,2006,18.5714285714285,18.5714285714285
"drhm-01",19,2006,20.2898550724637,20.2898550724637
"drhm-01",20,2006,23.1884057971014,23.9130434782609
"drhm-02",1,2006,21.8309859154929,21.830985915493
"drhm-02",2,2006,22.1428571428572,22.1428571428572
"drhm-02",3,2006,36.9565217391304,36.9565217391304
"drhm-02",4,2006,27.8571428571429,27.8571428571429
"drhm-02",5,2006,29.2857142857143,29.2857142857143
"drhm-02",6,2006,23.3576642335766,23.3576642335767
"drhm-02",7,2006,36.6906474820144,36.6906474820144
"drhm-02",8,2006,19.4444444444445,19.4444444444445
"drhm-02",9,2006,21.2765957446809,21.2765957446809
"drhm-02",10,2006,11.5107913669065,11.5107913669065
"drhm-02",11,2006,18.1159420289855,18.1159420289855
"drhm-02",12,2006,26.0869565217391,26.0869565217391
"drhm-02",13,2006,17.1428571428571,17.1428571428571
"drhm-02",14,2006,20.2898550724638,20.2898550724638
"drhm-02",15,2006,17.1428571428571,17.1428571428571
"drhm-02",16,2006,23.404255319149,23.404255319149
"drhm-02",17,2006,26.4285714285714,26.4285714285714
"drhm-02",18,2006,20.863309352518,20.863309352518
"drhm-02",19,2006,23.404255319149,23.404255319149
"drhm-02",20,2006,24.6376811594203,24.6376811594203
"drhm-03",1,2006,100,100
"drhm-03",2,2006,100,100
"drhm-03",3,2006,100,100
"drhm-03",4,2006,99.9999999999999,100
"drhm-03",5,2006,100,100
"drhm-03",6,2006,96.4285714285715,97.8571428571429
"drhm-03",7,2006,80,80
"drhm-03",8,2006,100,100
"drhm-03",9,2006,93.5714285714286,93.5714285714286
"drhm-03",10,2006,87.1428571428572,87.1428571428572
"drhm-03",11,2006,18.705035971223,18.705035971223
"drhm-03",12,2006,21.5827338129497,21.5827338129497
"drhm-03",13,2006,100,100
"drhm-03",14,2006,100,100
"drhm-03",15,2006,70.1388888888889,70.1388888888889
"drhm-03",16,2006,87.8571428571429,87.8571428571429
"drhm-03",17,2006,97.1428571428572,97.1428571428572
"drhm-03",18,2006,65.4676258992806,65.4676258992806
"drhm-03",19,2006,32.3741007194244,32.3741007194245
"drhm-03",20,2006,25.8992805755395,25.8992805755395
"drhm-04",1,2006,93.75,93.75
"drhm-04",2,2006,67.1428571428571,67.1428571428571
"drhm-04",3,2006,39.8550724637681,39.8550724637681
"drhm-04",4,2006,20,20
"drhm-04",5,2006,86.231884057971,86.231884057971
"drhm-04",6,2006,22.8571428571429,22.8571428571429
"drhm-04",7,2006,27.6595744680851,27.6595744680851
"drhm-04",8,2006,44.2028985507247,44.2028985507247
"drhm-04",9,2006,21.4285714285715,21.4285714285715
"drhm-04",10,2006,15.2173913043478,15.2173913043478
"drhm-04",11,2006,17.1428571428571,17.1428571428571
"drhm-04",12,2006,29.2857142857142,29.2857142857142
"drhm-04",13,2006,35.2517985611511,35.9712230215827
"drhm-04",14,2006,15.7142857142857,15.7142857142857
"drhm-04",15,2006,15.4929577464789,15.4929577464789
"drhm-04",16,2006,26.4285714285714,26.4285714285714
"drhm-04",17,2006,45.3237410071942,45.3237410071942
"drhm-04",18,2006,17.0212765957446,17.0212765957446
"drhm-04",19,2006,21.0144927536232,21.0144927536232
"drhm-04",20,2006,92.0863309352518,92.0863309352518
"drhm-05",1,2006,27.8571428571428,27.8571428571429
"drhm-05",2,2006,27.1428571428571,27.1428571428571
"drhm-05",3,2006,33.0935251798562,33.0935251798562
"drhm-05",4,2006,42.8571428571429,42.8571428571429
"drhm-05",5,2006,83.3333333333333,83.3333333333333
"drhm-05",6,2006,100,100
"drhm-05",7,2006,53.4722222222223,53.4722222222223
"drhm-05",8,2006,42.7536231884058,42.7536231884058
"drhm-05",9,2006,70,71.4285714285715
"drhm-05",10,2006,60.431654676259,61.1510791366907
"drhm-05",11,2006,51.063829787234,51.0638297872341
"drhm-05",12,2006,60.8695652173914,60.8695652173914
"drhm-05",13,2006,98.5714285714286,98.5714285714286
"drhm-05",14,2006,90,90
"drhm-05",15,2006,100,100
"drhm-05",16,2006,100,100
"drhm-05",17,2006,100,100
"drhm-05",18,2006,51.0638297872341,51.0638297872341
"drhm-05",19,2006,55.7971014492754,55.7971014492754
"drhm-05",20,2006,35.7142857142857,35.7142857142857
"drhm-06",1,2006,24.3055555555555,24.3055555555555
"drhm-06",2,2006,82.6086956521739,82.608695652174
"drhm-06",3,2006,97.2027972027972,97.2027972027972
"drhm-06",4,2006,97.8260869565217,97.8260869565217
"drhm-06",5,2006,100,100
"drhm-06",6,2006,84.1726618705036,84.1726618705036
"drhm-06",7,2006,88.5714285714286,89.2857142857143
"drhm-06",8,2006,77.1428571428571,77.1428571428571
"drhm-06",9,2006,75.5395683453238,75.5395683453238
"drhm-06",10,2006,66.4285714285714,66.4285714285714
"drhm-06",11,2006,54.3478260869565,54.3478260869565
"drhm-06",12,2006,99.9999999999999,99.9999999999999
"drhm-06",13,2006,73.3812949640287,73.3812949640287
"drhm-06",14,2006,44.6808510638299,44.6808510638299
"drhm-06",15,2006,68.7943262411347,68.7943262411347
"drhm-06",16,2006,92.1428571428571,92.1428571428571
"drhm-06",17,2006,86.9565217391304,86.9565217391304
"drhm-06",18,2006,100,100
"drhm-06",19,2006,94.4444444444444,94.4444444444444
"drhm-06",20,2006,95.7142857142858,95.7142857142858
"drhm-07",1,2006,90,90
"drhm-07",2,2006,27.7372262773723,27.7372262773723
"drhm-07",3,2006,35,35
"drhm-07",4,2006,49.6350364963503,49.6350364963504
"drhm-07",5,2006,91.2408759124087,91.2408759124088
"drhm-07",6,2006,75.6944444444444,75.6944444444444
"drhm-07",7,2006,82.8571428571429,82.8571428571429
"drhm-07",8,2006,64.0287769784173,64.0287769784173
"drhm-07",9,2006,74.6376811594203,74.6376811594203
"drhm-07",10,2006,15.9420289855073,15.9420289855073
"drhm-07",11,2006,21.4285714285714,21.4285714285714
"drhm-07",12,2006,18.75,18.75
"drhm-07",13,2006,16.3120567375887,16.3120567375887
"drhm-07",14,2006,17.8571428571428,18.5714285714285
"drhm-07",15,2006,16.3120567375887,16.3120567375887
"drhm-07",16,2006,22.6277372262774,22.6277372262774
"drhm-07",17,2006,32.1167883211679,32.1167883211679
"drhm-07",18,2006,35.5072463768115,35.5072463768115
"drhm-07",19,2006,25.7142857142858,25.7142857142858
"drhm-07",20,2006,22.1428571428571,22.1428571428571
"drhm-08",1,2006,59.2857142857143,59.2857142857143
"drhm-08",2,2006,31.6546762589928,31.6546762589928
"drhm-08",3,2006,20.7142857142857,20.7142857142857
"drhm-08",4,2006,18.0555555555555,18.0555555555555
"drhm-08",5,2006,20,20
"drhm-08",6,2006,18.1159420289855,18.1159420289855
"drhm-08",7,2006,28.4671532846715,28.4671532846715
"drhm-08",8,2006,90.6474820143885,90.6474820143885
"drhm-08",9,2006,58.5714285714286,58.5714285714286
"drhm-08",10,2006,71.9424460431655,71.9424460431655
"drhm-08",11,2006,48.5714285714285,48.5714285714285
"drhm-08",12,2006,74.6376811594203,74.6376811594203
"drhm-08",13,2006,31.8840579710145,31.8840579710145
"drhm-08",14,2006,75.9124087591241,75.9124087591241
"drhm-08",15,2006,71.0144927536232,71.0144927536232
"drhm-08",16,2006,30.2158273381295,30.2158273381295
"drhm-08",17,2006,36.231884057971,36.231884057971
"drhm-08",18,2006,25.7142857142857,25.7142857142857
"drhm-08",19,2006,55.3956834532374,56.115107913669
"drhm-08",20,2006,42.8571428571429,42.8571428571429
"orng-01",1,2006,31.9148936170213,31.9148936170213
"orng-01",2,2006,18.1159420289855,18.1159420289855
"orng-01",3,2006,34.2857142857142,34.2857142857142
"orng-01",4,2006,38.1944444444444,38.1944444444444
"orng-01",5,2006,17.9856115107913,17.9856115107913
"orng-01",6,2006,24.2857142857142,24.2857142857143
"orng-01",7,2006,23.7410071942446,23.7410071942446
"orng-01",8,2006,20.7142857142857,20.7142857142857
"orng-01",9,2006,21.4285714285714,21.4285714285714
"orng-01",10,2006,19.4244604316547,19.4244604316547
"orng-01",11,2006,26.8115942028986,26.8115942028986
"orng-01",12,2006,21.7391304347826,21.7391304347826
"orng-01",13,2006,20,20
"orng-01",14,2006,16.5467625899281,16.5467625899281
"orng-01",15,2006,18.8405797101449,18.8405797101449
"orng-01",16,2006,24.4604316546763,24.4604316546763
"orng-01",17,2006,23.5714285714286,23.5714285714286
"orng-01",18,2006,17.2661870503597,17.2661870503597
"orng-01",19,2006,29.5774647887324,29.5774647887324
"orng-01",20,2006,16.3120567375887,16.3120567375887
"orng-02",1,2006,17.2661870503597,17.2661870503597
"orng-02",2,2006,18.8405797101449,18.8405797101449
"orng-02",3,2006,16.546762589928,16.546762589928
"orng-02",4,2006,12.1428571428571,12.1428571428571
"orng-02",5,2006,22.4637681159421,22.4637681159421
"orng-02",6,2006,23.0215827338129,23.0215827338129
"orng-02",7,2006,21.5827338129497,21.5827338129497
"orng-02",8,2006,37.4100719424461,37.4100719424461
"orng-02",9,2006,22.3021582733813,22.3021582733813
"orng-02",10,2006,14.2857142857143,14.2857142857143
"orng-02",11,2006,20.2898550724638,20.2898550724638
"orng-02",12,2006,17.5182481751825,17.5182481751825
"orng-02",13,2006,20.2898550724637,20.2898550724637
"orng-02",14,2006,33.8129496402877,33.8129496402877
"orng-02",15,2006,16.4285714285714,16.4285714285714
"orng-02",16,2006,17.1428571428571,17.1428571428571
"orng-02",17,2006,12.7659574468085,12.7659574468085
"orng-02",18,2006,31.3868613138686,31.3868613138686
"orng-02",19,2006,25.3623188405797,25.3623188405797
"orng-02",20,2006,16.5467625899281,16.5467625899281
"orng-03",1,2006,36.4963503649635,36.4963503649635
"orng-03",2,2006,23.5714285714286,23.5714285714286
"orng-03",3,2006,29.4964028776978,29.4964028776978
"orng-03",4,2006,28.5714285714286,28.5714285714286
"orng-03",5,2006,18.705035971223,18.705035971223
"orng-03",6,2006,23.1884057971014,23.1884057971014
"orng-03",7,2006,45,45
"orng-03",8,2006,25,25
"orng-03",9,2006,29.2857142857143,29.2857142857143
"orng-03",10,2006,57.1428571428572,57.1428571428572
"orng-03",11,2006,97.1014492753623,97.1014492753623
"orng-03",12,2006,83.5714285714286,83.5714285714286
"orng-03",13,2006,34.3065693430657,34.3065693430657
"orng-03",14,2006,17.0212765957447,17.0212765957447
"orng-03",15,2006,26.4285714285714,26.4285714285714
"orng-03",16,2006,15.9420289855072,15.9420289855072
"orng-03",17,2006,18.978102189781,18.978102189781
"orng-03",18,2006,19.4244604316547,19.4244604316547
"orng-03",19,2006,17.4825174825175,17.4825174825175
"orng-03",20,2006,19.8581560283688,19.8581560283688
"orng-04",1,2006,100,100
"orng-04",2,2006,100,100
"orng-04",3,2006,76.0869565217391,76.0869565217391
"orng-04",4,2006,90.6474820143886,90.6474820143886
"orng-04",5,2006,82.9787234042554,82.9787234042554
"orng-04",6,2006,98.5401459854014,98.5401459854014
"orng-04",7,2006,77.6978417266188,77.6978417266188
"orng-04",8,2006,78.8732394366197,78.8732394366197
"orng-04",9,2006,61.4285714285714,61.4285714285714
"orng-04",10,2006,42.1428571428572,42.1428571428572
"orng-04",11,2006,17.0212765957447,17.0212765957447
"orng-04",12,2006,18.1159420289855,18.1159420289855
"orng-04",13,2006,34.2857142857143,34.2857142857143
"orng-04",14,2006,28.0575539568346,28.0575539568346
"orng-04",15,2006,38.5714285714285,38.5714285714285
"orng-04",16,2006,49.2753623188406,49.2753623188406
"orng-04",17,2006,16.0583941605839,16.0583941605839
"orng-04",18,2006,17.9856115107914,17.9856115107914
"orng-04",19,2006,21.7391304347826,21.7391304347826
"orng-04",20,2006,18.5714285714285,18.5714285714285
"orng-05",1,2006,14.4927536231884,14.4927536231884
"orng-05",2,2006,16.3120567375886,16.3120567375886
"orng-05",3,2006,29.0780141843971,29.0780141843971
"orng-05",4,2006,18.5714285714286,18.5714285714286
"orng-05",5,2006,23.5714285714286,23.5714285714286
"orng-05",6,2006,31.8840579710145,31.8840579710145
"orng-05",7,2006,30.9352517985612,30.9352517985612
"orng-05",8,2006,25.5474452554745,25.5474452554745
"orng-05",9,2006,15.9420289855072,15.9420289855072
"orng-05",10,2006,20.863309352518,20.863309352518
"orng-05",11,2006,18.5714285714285,18.5714285714285
"orng-05",12,2006,19.2857142857143,19.2857142857143
"orng-05",13,2006,24.4604316546763,24.4604316546763
"orng-05",14,2006,17.3611111111111,17.3611111111111
"orng-05",15,2006,19.2857142857143,19.2857142857143
"orng-05",16,2006,23.7410071942446,23.7410071942446
"orng-05",17,2006,31.4285714285714,31.4285714285714
"orng-05",18,2006,23.9130434782609,23.9130434782609
"orng-05",19,2006,24.8175182481752,24.8175182481752
"orng-05",20,2006,18.1159420289855,18.1159420289855
"orng-06",1,2006,17.1428571428572,17.1428571428572
"orng-06",2,2006,15.6028368794326,15.6028368794326
"orng-06",3,2006,25,25
"orng-06",4,2006,16.6666666666667,16.6666666666667
"orng-06",5,2006,25,25
"orng-06",6,2006,45.3237410071942,45.3237410071942
"orng-06",7,2006,69.3430656934307,69.3430656934307
"orng-06",8,2006,45.3900709219859,45.3900709219859
"orng-06",9,2006,32.1428571428571,32.1428571428572
"orng-06",10,2006,68.6131386861314,68.6131386861314
"orng-06",11,2006,69.0647482014388,69.0647482014388
"orng-06",12,2006,86.9565217391304,86.9565217391304
"orng-06",13,2006,29.4964028776979,30.2158273381295
"orng-06",14,2006,54.6099290780142,54.6099290780142
"orng-06",15,2006,90.6474820143885,90.6474820143885
"orng-06",16,2006,71.7391304347826,71.7391304347826
"orng-06",17,2006,24.4604316546763,24.4604316546763
"orng-06",18,2006,47.4820143884893,47.4820143884893
"orng-06",19,2006,23.3576642335767,23.3576642335767
"orng-06",20,2006,42.8571428571428,42.8571428571428
"orng-07",1,2006,42.4460431654676,42.4460431654676
"orng-07",2,2006,38.4057971014492,38.4057971014493
"orng-07",3,2006,21.0144927536232,21.0144927536232
"orng-07",4,2006,22.4637681159421,22.4637681159421
"orng-07",5,2006,20.863309352518,20.863309352518
"orng-07",6,2006,18.8405797101449,18.8405797101449
"orng-07",7,2006,18.1159420289855,18.1159420289855
"orng-07",8,2006,18.705035971223,18.705035971223
"orng-07",9,2006,30.9352517985611,30.9352517985611
"orng-07",10,2006,21.830985915493,21.830985915493
"orng-07",11,2006,15.9420289855072,15.9420289855072
"orng-07",12,2006,12.9496402877698,12.9496402877698
"orng-07",13,2006,27.4647887323944,27.4647887323944
"orng-07",14,2006,19.5652173913044,19.5652173913044
"orng-07",15,2006,48.5507246376812,49.2753623188406
"orng-07",16,2006,34.2857142857142,34.2857142857142
"orng-07",17,2006,15.9722222222223,15.9722222222223
"orng-07",18,2006,20.863309352518,20.863309352518
"orng-07",19,2006,40.2877697841726,40.2877697841727
"orng-07",20,2006,16.3120567375887,16.3120567375887
"orng-08",1,2006,27.8571428571428,27.8571428571428
"orng-08",2,2006,24.6376811594203,24.6376811594203
"orng-08",3,2006,25.8992805755396,25.8992805755396
"orng-08",4,2006,42.8571428571429,42.8571428571429
"orng-08",5,2006,17.8571428571429,17.8571428571429
"orng-08",6,2006,17.8571428571428,17.8571428571428
"orng-08",7,2006,20.1438848920863,20.1438848920863
"orng-08",8,2006,30.4964539007092,30.4964539007092
"orng-08",9,2006,26.8115942028985,27.536231884058
"orng-08",10,2006,33.5714285714286,33.5714285714286
"orng-08",11,2006,15,15
"orng-08",12,2006,17.8571428571429,18.5714285714286
"orng-08",13,2006,16.4285714285714,16.4285714285714
"orng-08",14,2006,20.7142857142857,22.1428571428571
"orng-08",15,2006,17.9856115107914,17.9856115107914
"orng-08",16,2006,17.7304964539007,17.7304964539007
"orng-08",17,2006,19.2857142857143,19.2857142857143
"orng-08",18,2006,17.9856115107913,17.9856115107914
"orng-08",19,2006,35.7142857142857,35.7142857142857
"orng-08",20,2006,15,15
"orng-09",1,2006,27.1428571428571,27.1428571428571
"orng-09",2,2006,17.7304964539007,17.7304964539007
"orng-09",3,2006,25,25
"orng-09",4,2006,12.2302158273382,12.2302158273382
"orng-09",5,2006,23.1884057971014,23.1884057971014
"orng-09",6,2006,15.9420289855072,16.6666666666666
"orng-09",7,2006,35.4609929078014,35.4609929078014
"orng-09",8,2006,26.8115942028985,26.8115942028985
"orng-09",9,2006,18.8405797101449,18.8405797101449
"orng-09",10,2006,26.4285714285714,26.4285714285714
"orng-09",11,2006,17.8571428571429,17.8571428571429
"orng-09",12,2006,17.1428571428571,17.1428571428571
"orng-09",13,2006,19.4244604316547,19.4244604316547
"orng-09",14,2006,15.7142857142858,15.7142857142858
"orng-09",15,2006,21.7391304347826,21.7391304347826
"orng-09",16,2006,21.5827338129497,21.5827338129497
"orng-09",17,2006,32.1428571428571,32.1428571428571
"orng-09",18,2006,29.2857142857143,29.2857142857143
"orng-09",19,2006,26.4285714285714,26.4285714285714
"orng-09",20,2006,24.113475177305,24.113475177305
"orng-10",1,2006,32.1428571428572,32.1428571428572
"orng-10",2,2006,20.863309352518,20.863309352518
"orng-10",3,2006,42.0289855072464,42.0289855072464
"orng-10",4,2006,31.6546762589929,31.6546762589929
"orng-10",5,2006,34.2857142857143,34.2857142857143
"orng-10",6,2006,31.6546762589928,31.6546762589928
"orng-10",7,2006,31.25,31.25
"orng-10",8,2006,21.0144927536232,21.0144927536232
"orng-10",9,2006,25.3623188405797,25.3623188405797
"orng-10",10,2006,70.2127659574468,70.2127659574468
"orng-10",11,2006,67.1428571428571,67.1428571428571
"orng-10",12,2006,66.6666666666667,66.6666666666667
"orng-10",13,2006,39.1608391608392,39.1608391608392
"orng-10",14,2006,20.1438848920863,20.1438848920863
"orng-10",15,2006,19.8581560283688,19.8581560283688
"orng-10",16,2006,30.9352517985612,30.9352517985612
"orng-10",17,2006,26.0869565217391,26.0869565217391
"orng-10",18,2006,18.8811188811189,18.8811188811189
"orng-10",19,2006,32.8467153284672,32.8467153284672
"orng-10",20,2006,50.7246376811594,50.7246376811594
"orng-11",1,2006,23.0215827338129,23.0215827338129
"orng-11",2,2006,20.7142857142857,20.7142857142857
"orng-11",3,2006,25.8992805755396,25.8992805755396
"orng-11",4,2006,22.3021582733813,22.3021582733813
"orng-11",5,2006,40.4255319148937,40.4255319148937
"orng-11",6,2006,25.8992805755396,25.8992805755396
"orng-11",7,2006,21.7391304347826,21.7391304347826
"orng-11",8,2006,22.8571428571429,22.8571428571429
"orng-11",9,2006,26.4285714285714,26.4285714285714
"orng-11",10,2006,22.3021582733813,22.3021582733813
"orng-11",11,2006,31.4285714285714,31.4285714285714
"orng-11",12,2006,16.3120567375887,16.3120567375887
"orng-11",13,2006,22.463768115942,22.463768115942
"orng-11",14,2006,21.0144927536232,21.7391304347826
"orng-11",15,2006,21.9858156028369,21.9858156028369
"orng-11",16,2006,23.021582733813,23.021582733813
"orng-11",17,2006,29.1666666666666,29.1666666666666
"orng-11",18,2006,27.3381294964029,28.0575539568345
"orng-11",19,2006,19.4244604316547,19.4244604316547
"orng-11",20,2006,23.404255319149,23.404255319149
"orng-12",1,2006,31.6546762589928,31.6546762589928
"orng-12",2,2006,27.2727272727273,27.2727272727273
"orng-12",3,2006,25.8992805755396,25.8992805755396
"orng-12",4,2006,29.2857142857143,29.2857142857143
"orng-12",5,2006,40.5797101449275,40.5797101449275
"orng-12",6,2006,72.3404255319149,72.3404255319149
"orng-12",7,2006,100,100
"orng-12",8,2006,97.2027972027973,97.2027972027973
"orng-12",9,2006,95.7142857142857,95.7142857142858
"orng-12",10,2006,100,100
"orng-12",11,2006,100,100
"orng-12",12,2006,100,100
"orng-12",13,2006,97.841726618705,97.841726618705
"orng-12",14,2006,97.1631205673758,97.1631205673759
"orng-12",15,2006,76.8115942028986,76.8115942028986
"orng-12",16,2006,23.7410071942446,23.7410071942447
"orng-12",17,2006,29.4964028776979,29.4964028776979
"orng-12",18,2006,58.5714285714286,58.5714285714286
"orng-12",19,2006,23.1884057971014,23.1884057971014
"orng-12",20,2006,23.5714285714286,23.5714285714286
"cthm-01",1,2007,24.4604316546762,25.1798561151079
"cthm-01",2,2007,18.1159420289855,18.1159420289855
"cthm-01",3,2007,32.1428571428572,32.1428571428572
"cthm-01",4,2007,33.5714285714285,33.5714285714286
"cthm-01",5,2007,50.0000000000001,50.0000000000001
"cthm-01",6,2007,43.7956204379561,43.7956204379562
"cthm-01",7,2007,25.6944444444445,26.3888888888889
"cthm-01",8,2007,18.75,18.75
"cthm-01",9,2007,19.8581560283688,19.8581560283688
"cthm-01",10,2007,25.8992805755396,25.8992805755396
"cthm-01",11,2007,40.8759124087591,40.8759124087591
"cthm-01",12,2007,36.9565217391304,36.9565217391304
"cthm-01",13,2007,27.8571428571428,27.8571428571428
"cthm-01",14,2007,18.1159420289855,18.1159420289855
"cthm-01",15,2007,28.2608695652174,28.2608695652174
"cthm-01",16,2007,42.8571428571429,42.8571428571429
"cthm-01",17,2007,28.0575539568346,28.7769784172662
"cthm-01",18,2007,36.231884057971,36.2318840579711
"cthm-01",19,2007,30.4964539007092,30.4964539007092
"cthm-01",20,2007,40.2877697841727,40.2877697841727
"cthm-02",1,2007,13.6690647482015,13.6690647482015
"cthm-02",2,2007,16.4285714285714,16.4285714285714
"cthm-02",3,2007,24.2857142857143,24.2857142857143
"cthm-02",4,2007,13.0434782608696,13.0434782608696
"cthm-02",5,2007,53.2846715328467,53.2846715328467
"cthm-02",6,2007,76.388888888889,76.388888888889
"cthm-02",7,2007,38.1294964028777,38.1294964028777
"cthm-02",8,2007,58.2733812949641,58.2733812949641
"cthm-02",9,2007,28.2608695652174,28.2608695652174
"cthm-02",10,2007,22.1428571428572,22.1428571428572
"cthm-02",11,2007,30.6569343065694,30.6569343065694
"cthm-02",12,2007,22.463768115942,22.463768115942
"cthm-02",13,2007,7.97101449275362,7.97101449275362
"cthm-02",14,2007,27.3381294964028,27.3381294964028
"cthm-02",15,2007,32.1428571428571,32.1428571428571
"cthm-02",16,2007,18.8405797101449,18.8405797101449
"cthm-02",17,2007,25.7142857142857,25.7142857142857
"cthm-02",18,2007,23.7410071942446,23.7410071942446
"cthm-02",19,2007,32.6086956521739,32.6086956521739
"cthm-02",20,2007,20.7142857142857,20.7142857142857
"cthm-03",1,2007,22.8571428571428,22.8571428571428
"cthm-03",2,2007,24.2857142857143,24.2857142857143
"cthm-03",3,2007,46.8531468531469,46.8531468531469
"cthm-03",4,2007,40.2777777777778,40.2777777777778
"cthm-03",5,2007,56.1151079136691,56.1151079136691
"cthm-03",6,2007,27.3381294964029,27.3381294964029
"cthm-03",7,2007,90.7142857142858,90.7142857142858
"cthm-03",8,2007,30.7142857142857,30.7142857142857
"cthm-03",9,2007,14.2857142857143,14.2857142857143
"cthm-03",10,2007,20.1438848920863,20.1438848920864
"cthm-03",11,2007,21.7391304347826,21.7391304347826
"cthm-03",12,2007,17.9856115107914,17.9856115107914
"cthm-03",13,2007,17.1428571428571,17.1428571428571
"cthm-03",14,2007,19.2857142857143,19.2857142857143
"cthm-03",15,2007,23.5714285714286,23.5714285714286
"cthm-03",16,2007,19.4244604316547,19.4244604316547
"cthm-03",17,2007,20.863309352518,20.863309352518
"cthm-03",18,2007,19.1489361702128,19.1489361702128
"cthm-03",19,2007,36.4285714285714,36.4285714285714
"cthm-03",20,2007,21.9858156028369,22.6950354609929
"cthm-04",2,2007,19.1489361702128,19.1489361702128
"cthm-04",3,2007,19.5652173913043,19.5652173913043
"cthm-04",4,2007,9.28571428571429,9.28571428571429
"cthm-04",5,2007,20.7142857142857,20.7142857142857
"cthm-04",6,2007,28.5714285714286,28.5714285714286
"cthm-04",7,2007,12.2302158273381,12.2302158273382
"cthm-04",8,2007,20,20
"cthm-04",9,2007,68.8405797101449,68.8405797101449
"cthm-04",10,2007,39.1304347826087,39.1304347826087
"cthm-04",11,2007,57.5539568345324,57.5539568345324
"cthm-04",12,2007,15.1079136690647,15.1079136690648
"cthm-04",13,2007,17.8571428571428,17.8571428571428
"cthm-04",14,2007,27.8571428571428,27.8571428571428
"cthm-04",15,2007,8.57142857142857,8.57142857142857
"cthm-04",16,2007,4.31654676258993,4.31654676258993
"cthm-04",17,2007,18.8405797101449,18.8405797101449
"cthm-04",18,2007,18.5714285714285,18.5714285714285
"cthm-04",19,2007,21.5827338129496,21.5827338129496
"cthm-04",20,2007,16.5467625899281,16.5467625899281
"cthm-05",1,2007,21.0144927536232,21.0144927536232
"cthm-05",2,2007,18.5714285714285,18.5714285714285
"cthm-05",3,2007,15.8273381294964,15.8273381294964
"cthm-05",4,2007,13.6690647482014,13.6690647482014
"cthm-05",5,2007,15,15
"cthm-05",6,2007,14.3884892086331,14.3884892086331
"cthm-05",7,2007,18.75,18.75
"cthm-05",8,2007,17.2661870503597,17.2661870503597
"cthm-05",9,2007,16.4285714285714,16.4285714285714
"cthm-05",10,2007,18.8405797101449,18.8405797101449
"cthm-05",11,2007,23.5714285714285,23.5714285714286
"cthm-05",12,2007,16.5467625899281,16.5467625899281
"cthm-05",13,2007,20.4379562043796,20.4379562043796
"cthm-05",14,2007,15.6028368794326,15.6028368794326
"cthm-05",15,2007,18.8811188811189,18.8811188811189
"cthm-05",16,2007,28.4671532846716,28.4671532846716
"cthm-05",17,2007,20.8333333333334,20.8333333333334
"cthm-05",18,2007,14.1843971631205,15.6028368794326
"cthm-05",19,2007,18.8405797101449,18.8405797101449
"cthm-05",20,2007,23.7410071942447,23.7410071942447
"cthm-06",1,2007,31.8840579710145,31.8840579710145
"cthm-06",2,2007,31.4285714285715,31.4285714285715
"cthm-06",3,2007,18.705035971223,18.705035971223
"cthm-06",4,2007,23.0215827338129,23.7410071942446
"cthm-06",5,2007,15.7142857142857,15.7142857142857
"cthm-06",6,2007,17.9856115107914,19.4244604316547
"cthm-06",7,2007,25.8992805755396,25.8992805755396
"cthm-06",8,2007,28.5714285714286,28.5714285714286
"cthm-06",9,2007,19.2857142857143,19.2857142857143
"cthm-06",10,2007,21.7391304347826,21.7391304347826
"cthm-06",11,2007,27.3381294964029,27.3381294964029
"cthm-06",12,2007,20,20
"cthm-06",13,2007,40.7142857142857,40.7142857142857
"cthm-06",14,2007,22.3021582733813,22.3021582733813
"cthm-06",15,2007,22.6950354609929,23.4042553191489
"cthm-06",16,2007,24.4604316546763,24.4604316546763
"cthm-06",17,2007,16.5467625899281,16.5467625899281
"cthm-06",18,2007,20.5673758865249,20.5673758865249
"cthm-06",19,2007,18.705035971223,18.705035971223
"cthm-06",20,2007,17.2661870503598,17.2661870503598
"cthm-07",1,2007,21.0144927536232,21.0144927536232
"cthm-07",2,2007,19.2857142857143,19.2857142857143
"cthm-07",3,2007,28.5714285714286,28.5714285714286
"cthm-07",4,2007,14.4927536231884,14.4927536231884
"cthm-07",5,2007,16.5467625899281,16.5467625899281
"cthm-07",6,2007,16.3120567375887,17.0212765957447
"cthm-07",7,2007,16.4285714285714,16.4285714285714
"cthm-07",8,2007,17.1428571428571,17.1428571428571
"cthm-07",9,2007,25.531914893617,25.531914893617
"cthm-07",10,2007,20.1438848920864,20.1438848920864
"cthm-07",11,2007,18.705035971223,18.705035971223
"cthm-07",12,2007,15.1079136690647,15.1079136690647
"cthm-07",13,2007,18.1159420289855,18.1159420289855
"cthm-07",14,2007,15.2173913043478,15.2173913043478
"cthm-07",15,2007,23.7410071942447,23.7410071942447
"cthm-07",16,2007,17.8571428571429,17.8571428571429
"cthm-07",17,2007,17.3913043478261,17.3913043478261
"cthm-07",18,2007,17.1428571428571,17.1428571428571
"cthm-07",19,2007,16.0583941605839,16.0583941605839
"cthm-07",20,2007,20.1388888888889,20.1388888888889
"cthm-08",1,2007,17.1428571428571,17.1428571428571
"cthm-08",2,2007,47.5177304964539,47.5177304964539
"cthm-08",3,2007,32.8571428571429,32.8571428571429
"cthm-08",4,2007,20.863309352518,20.863309352518
"cthm-08",5,2007,23.6111111111111,23.6111111111111
"cthm-08",6,2007,26.6187050359712,26.6187050359712
"cthm-08",7,2007,34.0579710144927,34.0579710144927
"cthm-08",8,2007,27.1428571428571,27.1428571428571
"cthm-08",9,2007,18.5714285714285,18.5714285714285
"cthm-08",10,2007,17.1428571428572,17.1428571428572
"cthm-08",11,2007,30.9352517985611,30.9352517985611
"cthm-08",12,2007,16.5467625899281,16.5467625899281
"cthm-08",13,2007,15.9420289855072,15.9420289855072
"cthm-08",14,2007,22.3021582733813,22.3021582733813
"cthm-08",15,2007,17.9856115107914,17.9856115107914
"cthm-08",16,2007,14.4927536231884,14.4927536231884
"cthm-08",17,2007,19.2857142857143,19.2857142857143
"cthm-08",18,2007,14.5833333333333,14.5833333333333
"cthm-08",19,2007,15.1079136690647,16.5467625899281
"cthm-08",20,2007,29.9270072992701,29.9270072992701
"cthm-09",1,2007,20,20
"cthm-09",2,2007,20.1438848920863,20.1438848920863
"cthm-09",3,2007,40.7142857142857,41.4285714285714
"cthm-09",4,2007,33.0985915492958,33.8028169014084
"cthm-09",5,2007,46.7153284671533,46.7153284671533
"cthm-09",6,2007,28.0575539568345,28.0575539568345
"cthm-09",7,2007,20.2898550724637,20.2898550724637
"cthm-09",8,2007,33.0935251798561,33.0935251798561
"cthm-09",9,2007,33.0935251798561,33.0935251798561
"cthm-09",10,2007,32.3741007194244,32.3741007194244
"cthm-09",11,2007,32.1428571428572,32.1428571428572
"cthm-09",12,2007,19.8581560283688,19.8581560283688
"cthm-09",13,2007,19.5652173913043,19.5652173913043
"cthm-09",14,2007,12.8571428571429,12.8571428571429
"cthm-09",15,2007,27.6595744680851,27.6595744680851
"cthm-09",16,2007,17.2661870503597,17.2661870503597
"cthm-09",17,2007,17.9856115107914,17.9856115107914
"cthm-09",18,2007,25,25
"cthm-09",19,2007,17.8571428571428,17.8571428571428
"cthm-09",20,2007,21.0144927536232,21.0144927536232
"cthm-10",1,2007,25.3623188405797,25.3623188405797
"cthm-10",2,2007,30.7142857142857,30.7142857142857
"cthm-10",3,2007,23.7410071942446,23.7410071942446
"cthm-10",4,2007,27.8571428571429,27.8571428571429
"cthm-10",5,2007,38.5714285714285,38.5714285714285
"cthm-10",6,2007,32.6086956521739,32.6086956521739
"cthm-10",7,2007,23.021582733813,23.021582733813
"cthm-10",8,2007,27.1428571428571,27.1428571428571
"cthm-10",9,2007,27.7372262773723,27.7372262773723
"cthm-10",10,2007,17.2661870503597,17.2661870503597
"cthm-10",11,2007,24.8175182481752,24.8175182481752
"cthm-10",12,2007,31.2056737588653,31.2056737588653
"cthm-10",13,2007,28.0575539568346,28.0575539568346
"cthm-10",14,2007,58.273381294964,58.2733812949641
"cthm-10",15,2007,30.4347826086956,30.4347826086956
"cthm-10",16,2007,90.5797101449275,90.5797101449275
"cthm-10",17,2007,84.2857142857143,84.2857142857143
"cthm-10",18,2007,33.8028169014084,33.8028169014084
"cthm-10",19,2007,23.5714285714286,23.5714285714286
"cthm-10",20,2007,20.863309352518,20.863309352518
"cthm-11",1,2007,18.8405797101449,20.2898550724637
"cthm-11",2,2007,27.1428571428572,27.1428571428572
"cthm-11",3,2007,26.4285714285714,26.4285714285714
"cthm-11",4,2007,23.021582733813,23.021582733813
"cthm-11",5,2007,15.9420289855072,15.9420289855072
"cthm-11",6,2007,18.5714285714285,19.2857142857142
"cthm-11",7,2007,26.0869565217391,26.0869565217391
"cthm-11",8,2007,17.0212765957447,17.0212765957447
"cthm-11",9,2007,24.2857142857143,24.2857142857143
"cthm-11",10,2007,18.705035971223,18.705035971223
"cthm-11",11,2007,35.6643356643357,35.6643356643357
"cthm-11",12,2007,13.986013986014,13.986013986014
"cthm-11",13,2007,21.2765957446809,21.2765957446809
"cthm-11",14,2007,18.0555555555555,18.0555555555556
"cthm-11",15,2007,15,15
"cthm-11",16,2007,26.6187050359713,26.6187050359713
"cthm-11",17,2007,29.4964028776978,29.4964028776979
"cthm-11",18,2007,27.0833333333333,27.0833333333333
"cthm-11",19,2007,17.7304964539007,17.7304964539007
"cthm-11",20,2007,45,45
"cthm-12",1,2007,31.8840579710145,32.6086956521739
"cthm-12",2,2007,16.6666666666667,17.3611111111111
"cthm-12",3,2007,16.5467625899281,16.5467625899281
"cthm-12",4,2007,33.0935251798562,33.0935251798562
"cthm-12",5,2007,18.1159420289855,18.8405797101449
"cthm-12",6,2007,35.4609929078014,35.4609929078014
"cthm-12",7,2007,19.2857142857143,19.2857142857143
"cthm-12",8,2007,17.3611111111111,17.3611111111111
"cthm-12",9,2007,19.1489361702128,19.1489361702128
"cthm-12",10,2007,32.1167883211679,32.8467153284672
"cthm-12",11,2007,21.5827338129496,21.5827338129496
"cthm-12",12,2007,26.8115942028985,26.8115942028985
"cthm-12",13,2007,15.7142857142857,15.7142857142857
"cthm-12",14,2007,15.7142857142857,15.7142857142857
"cthm-12",15,2007,15.7142857142857,15.7142857142857
"cthm-12",16,2007,30.7142857142857,30.7142857142857
"cthm-12",17,2007,15.2173913043478,15.2173913043478
"cthm-12",18,2007,52.8985507246377,53.6231884057971
"cthm-12",19,2007,22.1428571428572,22.1428571428572
"cthm-12",20,2007,37.8571428571429,37.8571428571429
"cthm-13",1,2007,26.3888888888888,26.3888888888888
"cthm-13",2,2007,23.1884057971014,23.1884057971014
"cthm-13",3,2007,23.021582733813,23.021582733813
"cthm-13",4,2007,16.6666666666666,23.6111111111111
"cthm-13",5,2007,29.7101449275362,29.7101449275362
"cthm-13",6,2007,20.7142857142857,20.7142857142858
"cthm-13",7,2007,47.5177304964539,48.936170212766
"cthm-13",8,2007,34.5323741007194,34.5323741007194
"cthm-13",9,2007,100,100
"cthm-13",10,2007,100,100
"cthm-13",11,2007,100,100
"cthm-13",12,2007,78.1021897810219,78.1021897810219
"cthm-13",13,2007,38.4615384615385,38.4615384615385
"cthm-13",14,2007,20.863309352518,20.863309352518
"cthm-13",15,2007,27.8571428571429,27.8571428571429
"cthm-13",16,2007,51.0948905109488,51.0948905109488
"cthm-13",17,2007,31.25,31.25
"cthm-13",18,2007,16.5467625899281,18.705035971223
"cthm-13",19,2007,21.0144927536232,21.0144927536232
"cthm-13",20,2007,15.7142857142857,15.7142857142857
"cthm-14",1,2007,45.6521739130435,45.6521739130435
"cthm-14",2,2007,23.1884057971014,23.1884057971015
"cthm-14",3,2007,19.5804195804196,19.5804195804196
"cthm-14",4,2007,30.7692307692308,30.7692307692308
"cthm-14",5,2007,36.8794326241135,36.8794326241135
"cthm-14",6,2007,27.6595744680851,27.6595744680851
"cthm-14",7,2007,18.2481751824817,18.2481751824817
"cthm-14",8,2007,17.2661870503597,17.2661870503597
"cthm-14",9,2007,17.1428571428571,17.1428571428571
"cthm-14",10,2007,26.6187050359713,26.6187050359713
"cthm-14",11,2007,27.536231884058,27.536231884058
"cthm-14",12,2007,33.5714285714285,33.5714285714285
"cthm-14",13,2007,30.7142857142857,30.7142857142857
"cthm-14",14,2007,25.7142857142857,25.7142857142857
"cthm-14",15,2007,14.3884892086331,14.3884892086331
"cthm-14",16,2007,27.536231884058,27.536231884058
"cthm-14",17,2007,20.1438848920863,20.1438848920863
"cthm-14",18,2007,19.4244604316547,19.4244604316547
"cthm-14",19,2007,21.7391304347826,21.7391304347826
"cthm-14",20,2007,29.0780141843972,29.0780141843972
"drhm-01",1,2007,17.2661870503598,17.2661870503598
"drhm-01",2,2007,20.863309352518,20.863309352518
"drhm-01",3,2007,24.4604316546763,24.4604316546763
"drhm-01",4,2007,24.2857142857143,24.2857142857143
"drhm-01",5,2007,20.5673758865248,20.5673758865248
"drhm-01",6,2007,31.9148936170212,31.9148936170212
"drhm-01",7,2007,22.6950354609929,22.6950354609929
"drhm-01",8,2007,16.5467625899281,16.5467625899281
"drhm-01",9,2007,15.6028368794326,15.6028368794326
"drhm-01",10,2007,25.3623188405797,25.3623188405797
"drhm-01",11,2007,15,15.7142857142857
"drhm-01",12,2007,20.1438848920864,20.1438848920864
"drhm-01",13,2007,14.3884892086331,15.1079136690647
"drhm-01",14,2007,14.5985401459854,14.5985401459854
"drhm-01",15,2007,20.7142857142857,20.7142857142857
"drhm-01",16,2007,17.7304964539008,17.7304964539008
"drhm-01",17,2007,20.1438848920863,20.1438848920863
"drhm-01",18,2007,18.5714285714285,18.5714285714285
"drhm-01",19,2007,20.2898550724637,20.2898550724637
"drhm-01",20,2007,23.1884057971014,23.9130434782609
"drhm-02",1,2007,21.830985915493,21.830985915493
"drhm-02",2,2007,23.5714285714286,23.5714285714286
"drhm-02",3,2007,36.9565217391304,36.9565217391304
"drhm-02",4,2007,27.8571428571429,27.8571428571429
"drhm-02",5,2007,29.2857142857143,29.2857142857143
"drhm-02",6,2007,23.3576642335766,23.3576642335767
"drhm-02",7,2007,36.6906474820144,36.6906474820144
"drhm-02",8,2007,19.4444444444445,19.4444444444445
"drhm-02",9,2007,21.9858156028369,21.9858156028369
"drhm-02",10,2007,11.5107913669065,11.5107913669065
"drhm-02",11,2007,18.1159420289855,18.1159420289855
"drhm-02",12,2007,26.0869565217391,26.0869565217391
"drhm-02",13,2007,17.1428571428571,17.1428571428571
"drhm-02",14,2007,20.2898550724638,20.2898550724638
"drhm-02",15,2007,17.1428571428572,17.1428571428572
"drhm-02",16,2007,23.404255319149,23.404255319149
"drhm-02",17,2007,26.4285714285714,26.4285714285714
"drhm-02",18,2007,20.863309352518,20.863309352518
"drhm-02",19,2007,23.404255319149,23.404255319149
"drhm-02",20,2007,24.6376811594203,24.6376811594203
"drhm-03",1,2007,100,100
"drhm-03",2,2007,100,100
"drhm-03",3,2007,100,100
"drhm-03",4,2007,99.9999999999999,100
"drhm-03",5,2007,100,100
"drhm-03",6,2007,97.1428571428572,97.8571428571429
"drhm-03",7,2007,80,80
"drhm-03",8,2007,100,100
"drhm-03",9,2007,93.5714285714286,93.5714285714286
"drhm-03",10,2007,87.1428571428572,87.1428571428572
"drhm-03",11,2007,18.705035971223,18.705035971223
"drhm-03",12,2007,21.5827338129497,21.5827338129497
"drhm-03",13,2007,100,100
"drhm-03",14,2007,100,100
"drhm-03",15,2007,70.8333333333333,70.8333333333333
"drhm-03",16,2007,87.8571428571429,87.8571428571429
"drhm-03",17,2007,97.1428571428572,97.1428571428572
"drhm-03",18,2007,65.4676258992806,65.4676258992806
"drhm-03",19,2007,32.3741007194244,32.3741007194245
"drhm-03",20,2007,25.8992805755395,25.8992805755395
"drhm-04",1,2007,95.1388888888889,95.1388888888889
"drhm-04",2,2007,67.1428571428571,67.1428571428571
"drhm-04",3,2007,39.8550724637681,39.8550724637681
"drhm-04",4,2007,20,20
"drhm-04",5,2007,86.231884057971,86.231884057971
"drhm-04",6,2007,23.5714285714286,23.5714285714286
"drhm-04",7,2007,27.6595744680851,27.6595744680851
"drhm-04",8,2007,44.9275362318841,44.9275362318841
"drhm-04",9,2007,22.1428571428572,22.1428571428572
"drhm-04",10,2007,15.2173913043478,15.2173913043478
"drhm-04",11,2007,17.1428571428571,17.1428571428571
"drhm-04",12,2007,29.2857142857142,29.2857142857142
"drhm-04",13,2007,35.2517985611511,35.9712230215827
"drhm-04",14,2007,15.7142857142857,15.7142857142857
"drhm-04",15,2007,15.4929577464789,15.4929577464789
"drhm-04",16,2007,25.7142857142857,26.4285714285714
"drhm-04",17,2007,45.3237410071942,45.3237410071942
"drhm-04",18,2007,17.0212765957446,17.0212765957446
"drhm-04",19,2007,21.0144927536232,21.0144927536232
"drhm-04",20,2007,92.0863309352518,92.0863309352518
"drhm-05",1,2007,27.8571428571429,27.8571428571429
"drhm-05",2,2007,27.1428571428571,27.1428571428571
"drhm-05",3,2007,36.6906474820144,36.6906474820144
"drhm-05",4,2007,42.8571428571428,42.8571428571429
"drhm-05",5,2007,83.3333333333333,83.3333333333333
"drhm-05",6,2007,100,100
"drhm-05",7,2007,53.4722222222223,53.4722222222223
"drhm-05",8,2007,44.927536231884,44.927536231884
"drhm-05",9,2007,70,71.4285714285715
"drhm-05",10,2007,62.589928057554,62.589928057554
"drhm-05",11,2007,51.0638297872341,51.0638297872341
"drhm-05",12,2007,60.8695652173914,60.8695652173914
"drhm-05",13,2007,98.5714285714286,98.5714285714286
"drhm-05",14,2007,100,100
"drhm-05",15,2007,100,100
"drhm-05",16,2007,100,100
"drhm-05",17,2007,100,100
"drhm-05",18,2007,51.0638297872341,51.0638297872341
"drhm-05",19,2007,55.7971014492754,55.7971014492754
"drhm-05",20,2007,35.7142857142857,35.7142857142857
"drhm-06",1,2007,25,25
"drhm-06",2,2007,82.6086956521739,82.608695652174
"drhm-06",3,2007,97.2027972027972,97.2027972027972
"drhm-06",4,2007,97.8260869565217,97.8260869565217
"drhm-06",5,2007,100,100
"drhm-06",6,2007,84.1726618705035,84.1726618705036
"drhm-06",7,2007,88.5714285714286,89.2857142857143
"drhm-06",8,2007,77.1428571428571,77.1428571428571
"drhm-06",9,2007,75.5395683453238,75.5395683453238
"drhm-06",10,2007,66.4285714285714,66.4285714285714
"drhm-06",11,2007,54.3478260869565,54.3478260869565
"drhm-06",12,2007,99.9999999999999,99.9999999999999
"drhm-06",13,2007,73.3812949640288,73.3812949640288
"drhm-06",14,2007,46.0992907801419,46.0992907801419
"drhm-06",15,2007,69.5035460992907,69.5035460992907
"drhm-06",16,2007,92.1428571428572,92.1428571428572
"drhm-06",17,2007,86.9565217391304,86.9565217391304
"drhm-06",18,2007,100,100
"drhm-06",19,2007,94.4444444444444,94.4444444444444
"drhm-06",20,2007,95.7142857142858,95.7142857142858
"drhm-07",1,2007,90,90
"drhm-07",2,2007,36.4963503649635,36.4963503649635
"drhm-07",3,2007,35,35
"drhm-07",4,2007,49.6350364963503,49.6350364963504
"drhm-07",5,2007,92.7007299270073,92.7007299270073
"drhm-07",6,2007,75.6944444444444,75.6944444444444
"drhm-07",7,2007,87.8571428571428,87.8571428571428
"drhm-07",8,2007,64.7482014388489,64.7482014388489
"drhm-07",9,2007,75.3623188405797,75.3623188405797
"drhm-07",10,2007,15.9420289855073,15.9420289855073
"drhm-07",11,2007,22.1428571428571,22.1428571428571
"drhm-07",12,2007,18.75,18.75
"drhm-07",13,2007,16.3120567375887,16.3120567375887
"drhm-07",14,2007,17.8571428571428,18.5714285714285
"drhm-07",15,2007,16.3120567375887,16.3120567375887
"drhm-07",16,2007,22.6277372262774,22.6277372262774
"drhm-07",17,2007,33.5766423357664,33.5766423357664
"drhm-07",18,2007,35.5072463768115,35.5072463768115
"drhm-07",19,2007,25.7142857142858,25.7142857142858
"drhm-07",20,2007,22.8571428571428,22.8571428571428
"drhm-08",1,2007,59.2857142857143,59.2857142857143
"drhm-08",2,2007,31.6546762589928,31.6546762589928
"drhm-08",3,2007,20.7142857142857,20.7142857142857
"drhm-08",4,2007,18.0555555555555,18.0555555555555
"drhm-08",5,2007,20,20
"drhm-08",6,2007,18.1159420289855,18.1159420289855
"drhm-08",7,2007,28.4671532846715,28.4671532846715
"drhm-08",8,2007,90.6474820143885,90.6474820143885
"drhm-08",9,2007,71.4285714285714,71.4285714285714
"drhm-08",10,2007,71.9424460431655,71.9424460431655
"drhm-08",11,2007,48.5714285714285,48.5714285714285
"drhm-08",12,2007,75.3623188405798,75.3623188405798
"drhm-08",13,2007,31.8840579710145,31.8840579710145
"drhm-08",14,2007,75.9124087591241,75.9124087591241
"drhm-08",15,2007,71.0144927536232,71.0144927536232
"drhm-08",16,2007,30.2158273381295,30.2158273381295
"drhm-08",17,2007,36.231884057971,36.231884057971
"drhm-08",18,2007,27.8571428571429,27.8571428571429
"drhm-08",19,2007,54.6762589928057,56.115107913669
"drhm-08",20,2007,42.8571428571429,42.8571428571429
"orng-01",1,2007,32.6241134751773,32.6241134751773
"orng-01",2,2007,18.1159420289855,18.1159420289855
"orng-01",3,2007,35,35
"orng-01",4,2007,38.1944444444444,38.1944444444444
"orng-01",5,2007,17.9856115107913,17.9856115107913
"orng-01",6,2007,24.2857142857142,24.2857142857143
"orng-01",7,2007,23.7410071942446,23.7410071942446
"orng-01",8,2007,20.7142857142857,20.7142857142857
"orng-01",9,2007,21.4285714285714,21.4285714285714
"orng-01",10,2007,19.4244604316547,19.4244604316547
"orng-01",11,2007,26.8115942028986,26.8115942028986
"orng-01",12,2007,21.7391304347826,21.7391304347826
"orng-01",13,2007,20.7142857142857,20.7142857142857
"orng-01",14,2007,16.5467625899281,16.5467625899281
"orng-01",15,2007,18.8405797101449,18.8405797101449
"orng-01",16,2007,24.4604316546763,24.4604316546763
"orng-01",17,2007,23.5714285714286,23.5714285714286
"orng-01",18,2007,17.2661870503597,17.2661870503597
"orng-01",19,2007,29.5774647887324,29.5774647887324
"orng-01",20,2007,16.3120567375887,16.3120567375887
"orng-02",1,2007,17.2661870503597,17.2661870503597
"orng-02",2,2007,18.8405797101449,18.8405797101449
"orng-02",3,2007,16.546762589928,16.546762589928
"orng-02",4,2007,12.1428571428571,12.1428571428571
"orng-02",5,2007,22.4637681159421,22.4637681159421
"orng-02",6,2007,22.3021582733813,23.0215827338129
"orng-02",7,2007,21.5827338129497,21.5827338129497
"orng-02",8,2007,37.4100719424461,37.4100719424461
"orng-02",9,2007,23.0215827338129,23.0215827338129
"orng-02",10,2007,14.2857142857143,14.2857142857143
"orng-02",11,2007,20.2898550724638,20.2898550724638
"orng-02",12,2007,17.5182481751825,17.5182481751825
"orng-02",13,2007,20.2898550724637,20.2898550724637
"orng-02",14,2007,33.8129496402877,33.8129496402877
"orng-02",15,2007,16.4285714285714,16.4285714285714
"orng-02",16,2007,17.1428571428571,17.1428571428571
"orng-02",17,2007,12.7659574468085,12.7659574468085
"orng-02",18,2007,31.3868613138686,31.3868613138686
"orng-02",19,2007,26.0869565217392,26.0869565217392
"orng-02",20,2007,16.5467625899281,16.5467625899281
"orng-03",1,2007,36.4963503649635,36.4963503649635
"orng-03",2,2007,24.2857142857143,24.2857142857143
"orng-03",3,2007,29.4964028776978,29.4964028776978
"orng-03",4,2007,28.5714285714286,28.5714285714286
"orng-03",5,2007,18.705035971223,18.705035971223
"orng-03",6,2007,23.1884057971014,23.1884057971014
"orng-03",7,2007,46.4285714285715,46.4285714285715
"orng-03",8,2007,25,25
"orng-03",9,2007,29.2857142857143,29.2857142857143
"orng-03",10,2007,57.1428571428572,57.1428571428572
"orng-03",11,2007,97.1014492753623,97.1014492753623
"orng-03",12,2007,84.2857142857144,84.2857142857144
"orng-03",13,2007,34.3065693430657,34.3065693430657
"orng-03",14,2007,17.0212765957447,17.0212765957447
"orng-03",15,2007,25.7142857142857,26.4285714285714
"orng-03",16,2007,16.6666666666667,16.6666666666667
"orng-03",17,2007,19.7080291970803,19.7080291970803
"orng-03",18,2007,20.1438848920863,20.1438848920863
"orng-03",19,2007,17.4825174825175,17.4825174825175
"orng-03",20,2007,19.8581560283688,19.8581560283688
"orng-04",1,2007,100,100
"orng-04",2,2007,100,100
"orng-04",3,2007,76.0869565217391,76.0869565217391
"orng-04",4,2007,90.6474820143886,90.6474820143886
"orng-04",5,2007,82.9787234042553,82.9787234042554
"orng-04",6,2007,99.2700729927008,99.2700729927008
"orng-04",7,2007,77.6978417266188,77.6978417266188
"orng-04",8,2007,78.8732394366197,78.8732394366197
"orng-04",9,2007,61.4285714285714,61.4285714285714
"orng-04",10,2007,42.1428571428572,42.1428571428572
"orng-04",11,2007,17.0212765957447,17.0212765957447
"orng-04",12,2007,18.1159420289855,18.1159420289855
"orng-04",13,2007,34.2857142857143,34.2857142857143
"orng-04",14,2007,28.7769784172662,28.7769784172662
"orng-04",15,2007,39.2857142857142,39.2857142857142
"orng-04",16,2007,49.2753623188406,49.2753623188406
"orng-04",17,2007,16.0583941605839,16.0583941605839
"orng-04",18,2007,17.9856115107914,17.9856115107914
"orng-04",19,2007,21.7391304347826,21.7391304347826
"orng-04",20,2007,18.5714285714285,18.5714285714285
"orng-05",1,2007,14.4927536231884,14.4927536231884
"orng-05",2,2007,16.3120567375886,16.3120567375886
"orng-05",3,2007,29.7872340425532,29.7872340425532
"orng-05",4,2007,18.5714285714286,18.5714285714286
"orng-05",5,2007,22.8571428571429,23.5714285714286
"orng-05",6,2007,31.8840579710145,31.8840579710145
"orng-05",7,2007,30.9352517985612,30.9352517985612
"orng-05",8,2007,25.5474452554745,25.5474452554745
"orng-05",9,2007,15.9420289855072,15.9420289855072
"orng-05",10,2007,20.863309352518,20.863309352518
"orng-05",11,2007,18.5714285714285,18.5714285714285
"orng-05",12,2007,19.2857142857143,19.2857142857143
"orng-05",13,2007,24.4604316546763,24.4604316546763
"orng-05",14,2007,17.3611111111111,17.3611111111111
"orng-05",15,2007,19.2857142857143,19.2857142857143
"orng-05",16,2007,23.7410071942446,23.7410071942446
"orng-05",17,2007,31.4285714285714,31.4285714285714
"orng-05",18,2007,23.9130434782609,23.9130434782609
"orng-05",19,2007,24.8175182481752,24.8175182481752
"orng-05",20,2007,18.1159420289855,18.1159420289855
"orng-06",1,2007,17.1428571428572,17.1428571428572
"orng-06",2,2007,15.6028368794326,15.6028368794326
"orng-06",3,2007,25,25
"orng-06",4,2007,16.6666666666667,16.6666666666667
"orng-06",5,2007,25,25
"orng-06",6,2007,45.3237410071942,45.3237410071942
"orng-06",7,2007,69.3430656934307,69.3430656934307
"orng-06",8,2007,45.3900709219859,45.3900709219859
"orng-06",9,2007,32.1428571428571,32.1428571428572
"orng-06",10,2007,68.6131386861315,68.6131386861315
"orng-06",11,2007,69.0647482014388,69.0647482014388
"orng-06",12,2007,87.6811594202898,87.6811594202898
"orng-06",13,2007,29.4964028776979,30.2158273381295
"orng-06",14,2007,54.6099290780142,54.6099290780142
"orng-06",15,2007,90.6474820143885,90.6474820143885
"orng-06",16,2007,71.7391304347826,71.7391304347826
"orng-06",17,2007,48.2014388489209,48.2014388489209
"orng-06",18,2007,47.4820143884893,47.4820143884893
"orng-06",19,2007,23.3576642335767,23.3576642335767
"orng-06",20,2007,42.8571428571428,42.8571428571428
"orng-07",1,2007,42.4460431654676,42.4460431654676
"orng-07",2,2007,38.4057971014492,38.4057971014493
"orng-07",3,2007,21.0144927536232,21.0144927536232
"orng-07",4,2007,22.4637681159421,22.4637681159421
"orng-07",5,2007,20.863309352518,20.863309352518
"orng-07",6,2007,18.8405797101449,18.8405797101449
"orng-07",7,2007,18.1159420289855,18.1159420289855
"orng-07",8,2007,18.705035971223,18.705035971223
"orng-07",9,2007,30.9352517985611,30.9352517985611
"orng-07",10,2007,22.5352112676056,22.5352112676056
"orng-07",11,2007,15.9420289855072,15.9420289855072
"orng-07",12,2007,12.9496402877698,12.9496402877698
"orng-07",13,2007,27.4647887323944,27.4647887323944
"orng-07",14,2007,19.5652173913044,19.5652173913044
"orng-07",15,2007,47.8260869565218,49.2753623188406
"orng-07",16,2007,33.5714285714285,34.2857142857142
"orng-07",17,2007,16.6666666666667,16.6666666666667
"orng-07",18,2007,20.863309352518,20.863309352518
"orng-07",19,2007,40.2877697841726,40.2877697841727
"orng-07",20,2007,16.3120567375887,16.3120567375887
"orng-08",1,2007,27.8571428571428,27.8571428571428
"orng-08",2,2007,25.3623188405797,25.3623188405797
"orng-08",3,2007,26.6187050359713,26.6187050359713
"orng-08",4,2007,42.8571428571429,42.8571428571429
"orng-08",5,2007,17.8571428571429,17.8571428571429
"orng-08",6,2007,17.8571428571428,17.8571428571428
"orng-08",7,2007,20.1438848920863,20.1438848920863
"orng-08",8,2007,30.4964539007092,30.4964539007092
"orng-08",9,2007,26.8115942028985,27.536231884058
"orng-08",10,2007,33.5714285714286,33.5714285714286
"orng-08",11,2007,15.7142857142857,15.7142857142857
"orng-08",12,2007,17.8571428571429,18.5714285714286
"orng-08",13,2007,16.4285714285714,16.4285714285714
"orng-08",14,2007,20.7142857142857,22.1428571428571
"orng-08",15,2007,17.9856115107914,17.9856115107914
"orng-08",16,2007,17.7304964539007,17.7304964539007
"orng-08",17,2007,19.2857142857143,19.2857142857143
"orng-08",18,2007,17.9856115107913,17.9856115107914
"orng-08",19,2007,35.7142857142857,35.7142857142857
"orng-08",20,2007,15,15
"orng-09",1,2007,27.1428571428571,27.1428571428571
"orng-09",2,2007,17.7304964539007,17.7304964539007
"orng-09",3,2007,25,25
"orng-09",4,2007,12.2302158273382,12.2302158273382
"orng-09",5,2007,23.9130434782609,23.9130434782609
"orng-09",6,2007,15.9420289855072,16.6666666666666
"orng-09",7,2007,36.1702127659574,36.1702127659574
"orng-09",8,2007,26.8115942028985,26.8115942028985
"orng-09",9,2007,18.8405797101449,18.8405797101449
"orng-09",10,2007,26.4285714285714,26.4285714285714
"orng-09",11,2007,17.8571428571429,17.8571428571429
"orng-09",12,2007,17.1428571428571,17.1428571428571
"orng-09",13,2007,20.1438848920864,20.1438848920864
"orng-09",14,2007,17.1428571428572,17.1428571428572
"orng-09",15,2007,21.7391304347826,21.7391304347826
"orng-09",16,2007,21.5827338129497,21.5827338129497
"orng-09",17,2007,32.1428571428571,32.1428571428571
"orng-09",18,2007,29.2857142857143,29.2857142857143
"orng-09",19,2007,26.4285714285714,26.4285714285714
"orng-09",20,2007,24.113475177305,24.113475177305
"orng-10",1,2007,32.1428571428572,32.1428571428572
"orng-10",2,2007,20.863309352518,20.863309352518
"orng-10",3,2007,42.7536231884058,42.7536231884058
"orng-10",4,2007,32.3741007194245,32.3741007194245
"orng-10",5,2007,34.2857142857143,34.2857142857143
"orng-10",6,2007,31.6546762589928,31.6546762589928
"orng-10",7,2007,31.9444444444445,31.9444444444445
"orng-10",8,2007,21.0144927536232,21.0144927536232
"orng-10",9,2007,25.3623188405797,25.3623188405797
"orng-10",10,2007,70.2127659574468,70.2127659574468
"orng-10",11,2007,67.1428571428571,67.1428571428571
"orng-10",12,2007,66.6666666666666,66.6666666666667
"orng-10",13,2007,39.1608391608392,39.1608391608392
"orng-10",14,2007,20.1438848920863,20.1438848920863
"orng-10",15,2007,19.8581560283688,19.8581560283688
"orng-10",16,2007,30.9352517985612,30.9352517985612
"orng-10",17,2007,26.0869565217391,26.0869565217391
"orng-10",18,2007,18.8811188811189,18.8811188811189
"orng-10",19,2007,32.8467153284672,32.8467153284672
"orng-10",20,2007,50.7246376811594,50.7246376811594
"orng-11",1,2007,23.0215827338129,23.0215827338129
"orng-11",2,2007,20.7142857142857,20.7142857142857
"orng-11",3,2007,25.8992805755396,25.8992805755396
"orng-11",4,2007,22.3021582733813,22.3021582733813
"orng-11",5,2007,40.4255319148937,40.4255319148937
"orng-11",6,2007,26.6187050359713,26.6187050359713
"orng-11",7,2007,21.7391304347826,21.7391304347826
"orng-11",8,2007,22.8571428571429,22.8571428571429
"orng-11",9,2007,26.4285714285714,26.4285714285714
"orng-11",10,2007,23.0215827338129,23.0215827338129
"orng-11",11,2007,31.4285714285714,31.4285714285714
"orng-11",12,2007,16.3120567375887,16.3120567375887
"orng-11",13,2007,23.1884057971014,23.1884057971014
"orng-11",14,2007,21.0144927536232,21.7391304347826
"orng-11",15,2007,21.9858156028369,21.9858156028369
"orng-11",16,2007,22.3021582733813,23.021582733813
"orng-11",17,2007,28.4722222222222,29.1666666666666
"orng-11",18,2007,27.3381294964029,28.0575539568345
"orng-11",19,2007,19.4244604316547,19.4244604316547
"orng-11",20,2007,23.404255319149,23.404255319149
"orng-12",1,2007,31.6546762589928,31.6546762589928
"orng-12",2,2007,27.972027972028,27.972027972028
"orng-12",3,2007,25.8992805755396,25.8992805755396
"orng-12",4,2007,29.2857142857143,29.2857142857143
"orng-12",5,2007,40.5797101449275,40.5797101449275
"orng-12",6,2007,72.340425531915,72.340425531915
"orng-12",7,2007,99.9999999999999,100
"orng-12",8,2007,97.2027972027973,97.2027972027973
"orng-12",9,2007,95.7142857142857,95.7142857142858
"orng-12",10,2007,100,100
"orng-12",11,2007,100,100
"orng-12",12,2007,100,100
"orng-12",13,2007,97.841726618705,97.841726618705
"orng-12",14,2007,97.1631205673758,97.1631205673759
"orng-12",15,2007,76.8115942028986,76.8115942028986
"orng-12",16,2007,24.4604316546763,24.4604316546763
"orng-12",17,2007,30.2158273381296,30.2158273381296
"orng-12",18,2007,59.2857142857143,59.2857142857143
"orng-12",19,2007,23.9130434782608,23.9130434782608
"orng-12",20,2007,23.5714285714286,23.5714285714286
"cthm-01",1,2008,24.4604316546762,25.1798561151079
"cthm-01",2,2008,18.1159420289855,18.1159420289855
"cthm-01",3,2008,32.1428571428572,32.1428571428572
"cthm-01",4,2008,34.2857142857143,34.2857142857143
"cthm-01",5,2008,50.0000000000001,50.0000000000001
"cthm-01",6,2008,43.7956204379561,43.7956204379562
"cthm-01",7,2008,25.6944444444445,26.3888888888889
"cthm-01",8,2008,18.75,18.75
"cthm-01",9,2008,19.8581560283688,19.8581560283688
"cthm-01",10,2008,25.8992805755396,25.8992805755396
"cthm-01",11,2008,41.6058394160584,41.6058394160584
"cthm-01",12,2008,37.6811594202898,37.6811594202898
"cthm-01",13,2008,27.8571428571428,27.8571428571428
"cthm-01",14,2008,18.1159420289855,18.1159420289855
"cthm-01",15,2008,34.7826086956522,34.7826086956522
"cthm-01",16,2008,42.8571428571429,42.8571428571429
"cthm-01",17,2008,28.0575539568346,28.7769784172662
"cthm-01",18,2008,36.9565217391305,36.9565217391305
"cthm-01",19,2008,34.0425531914893,34.0425531914893
"cthm-01",20,2008,40.2877697841727,40.2877697841727
"cthm-02",1,2008,13.6690647482015,13.6690647482015
"cthm-02",2,2008,16.4285714285714,16.4285714285714
"cthm-02",3,2008,24.2857142857143,24.2857142857143
"cthm-02",4,2008,13.0434782608696,13.0434782608696
"cthm-02",5,2008,53.2846715328467,53.2846715328467
"cthm-02",6,2008,77.0833333333334,77.0833333333334
"cthm-02",7,2008,38.1294964028777,38.1294964028777
"cthm-02",8,2008,58.2733812949641,58.2733812949641
"cthm-02",9,2008,28.2608695652174,28.2608695652174
"cthm-02",10,2008,22.1428571428572,22.1428571428572
"cthm-02",11,2008,32.8467153284671,32.8467153284671
"cthm-02",12,2008,22.463768115942,22.463768115942
"cthm-02",13,2008,7.97101449275362,7.97101449275362
"cthm-02",14,2008,27.3381294964028,27.3381294964028
"cthm-02",15,2008,32.8571428571429,32.8571428571429
"cthm-02",16,2008,18.8405797101449,18.8405797101449
"cthm-02",17,2008,25.7142857142857,25.7142857142857
"cthm-02",18,2008,23.7410071942446,23.7410071942446
"cthm-02",19,2008,32.6086956521739,32.6086956521739
"cthm-02",20,2008,23.5714285714286,23.5714285714286
"cthm-03",1,2008,23.5714285714286,23.5714285714286
"cthm-03",2,2008,24.2857142857143,24.2857142857143
"cthm-03",3,2008,47.5524475524476,47.5524475524476
"cthm-03",4,2008,40.2777777777778,40.2777777777778
"cthm-03",5,2008,56.1151079136691,56.1151079136691
"cthm-03",6,2008,27.3381294964029,27.3381294964029
"cthm-03",7,2008,90.7142857142856,90.7142857142858
"cthm-03",8,2008,31.4285714285714,31.4285714285714
"cthm-03",9,2008,14.2857142857143,14.2857142857143
"cthm-03",10,2008,20.1438848920863,20.1438848920864
"cthm-03",11,2008,21.7391304347826,21.7391304347826
"cthm-03",12,2008,17.9856115107914,17.9856115107914
"cthm-03",13,2008,17.1428571428571,17.1428571428571
"cthm-03",14,2008,19.2857142857143,19.2857142857143
"cthm-03",15,2008,20,23.5714285714286
"cthm-03",16,2008,19.4244604316547,19.4244604316547
"cthm-03",17,2008,20.863309352518,20.863309352518
"cthm-03",18,2008,19.1489361702128,19.1489361702128
"cthm-03",19,2008,36.4285714285714,36.4285714285714
"cthm-03",20,2008,21.9858156028369,22.6950354609929
"cthm-04",2,2008,19.1489361702128,19.1489361702128
"cthm-04",3,2008,19.5652173913043,19.5652173913043
"cthm-04",4,2008,9.28571428571429,9.28571428571429
"cthm-04",5,2008,20.7142857142857,20.7142857142857
"cthm-04",6,2008,28.5714285714286,28.5714285714286
"cthm-04",7,2008,12.2302158273381,12.2302158273382
"cthm-04",8,2008,20,20
"cthm-04",9,2008,68.8405797101449,68.8405797101449
"cthm-04",10,2008,39.1304347826087,39.1304347826087
"cthm-04",11,2008,57.5539568345324,57.5539568345324
"cthm-04",12,2008,15.1079136690647,15.1079136690648
"cthm-04",13,2008,17.8571428571428,17.8571428571428
"cthm-04",14,2008,27.8571428571428,27.8571428571428
"cthm-04",15,2008,8.57142857142857,8.57142857142857
"cthm-04",16,2008,4.31654676258993,4.31654676258993
"cthm-04",17,2008,18.8405797101449,18.8405797101449
"cthm-04",18,2008,20.7142857142857,20.7142857142857
"cthm-04",19,2008,21.5827338129496,21.5827338129496
"cthm-04",20,2008,17.2661870503597,17.2661870503597
"cthm-05",1,2008,21.0144927536232,21.0144927536232
"cthm-05",2,2008,19.2857142857142,19.2857142857142
"cthm-05",3,2008,15.8273381294964,15.8273381294964
"cthm-05",4,2008,13.6690647482014,13.6690647482014
"cthm-05",5,2008,12.8571428571429,15
"cthm-05",6,2008,14.3884892086331,14.3884892086331
"cthm-05",7,2008,18.75,18.75
"cthm-05",8,2008,17.2661870503597,17.2661870503597
"cthm-05",9,2008,16.4285714285714,16.4285714285714
"cthm-05",10,2008,18.8405797101449,18.8405797101449
"cthm-05",11,2008,23.5714285714285,23.5714285714286
"cthm-05",12,2008,16.5467625899281,16.5467625899281
"cthm-05",13,2008,21.1678832116788,21.1678832116788
"cthm-05",14,2008,15.6028368794326,15.6028368794326
"cthm-05",15,2008,18.8811188811189,18.8811188811189
"cthm-05",16,2008,28.4671532846716,28.4671532846716
"cthm-05",17,2008,20.8333333333334,20.8333333333334
"cthm-05",18,2008,14.1843971631205,15.6028368794326
"cthm-05",19,2008,18.8405797101449,18.8405797101449
"cthm-05",20,2008,23.7410071942447,23.7410071942447
"cthm-06",1,2008,34.0579710144927,34.0579710144927
"cthm-06",2,2008,32.1428571428572,32.1428571428572
"cthm-06",3,2008,18.705035971223,18.705035971223
"cthm-06",4,2008,23.7410071942446,23.7410071942446
"cthm-06",5,2008,15.7142857142857,15.7142857142857
"cthm-06",6,2008,17.9856115107914,19.4244604316547
"cthm-06",7,2008,25.8992805755396,25.8992805755396
"cthm-06",8,2008,28.5714285714286,28.5714285714286
"cthm-06",9,2008,19.2857142857143,19.2857142857143
"cthm-06",10,2008,21.7391304347826,21.7391304347826
"cthm-06",11,2008,27.3381294964029,27.3381294964029
"cthm-06",12,2008,20,20
"cthm-06",13,2008,41.4285714285714,41.4285714285714
"cthm-06",14,2008,22.3021582733813,22.3021582733813
"cthm-06",15,2008,22.6950354609929,23.4042553191489
"cthm-06",16,2008,24.4604316546763,24.4604316546763
"cthm-06",17,2008,16.5467625899281,16.5467625899281
"cthm-06",18,2008,20.5673758865249,20.5673758865249
"cthm-06",19,2008,19.4244604316547,19.4244604316547
"cthm-06",20,2008,17.2661870503598,17.2661870503598
"cthm-07",1,2008,18.8405797101449,21.0144927536232
"cthm-07",2,2008,19.2857142857143,19.2857142857143
"cthm-07",3,2008,28.5714285714286,28.5714285714286
"cthm-07",4,2008,14.4927536231884,14.4927536231884
"cthm-07",5,2008,16.5467625899281,16.5467625899281
"cthm-07",6,2008,16.3120567375887,17.0212765957447
"cthm-07",7,2008,16.4285714285714,16.4285714285714
"cthm-07",8,2008,17.1428571428571,17.1428571428571
"cthm-07",9,2008,25.531914893617,25.531914893617
"cthm-07",10,2008,20.1438848920864,20.1438848920864
"cthm-07",11,2008,18.705035971223,18.705035971223
"cthm-07",12,2008,15.1079136690647,15.1079136690647
"cthm-07",13,2008,18.8405797101449,18.8405797101449
"cthm-07",14,2008,15.2173913043478,15.2173913043478
"cthm-07",15,2008,23.7410071942447,23.7410071942447
"cthm-07",16,2008,17.8571428571429,17.8571428571429
"cthm-07",17,2008,17.3913043478261,17.3913043478261
"cthm-07",18,2008,17.1428571428571,17.1428571428571
"cthm-07",19,2008,16.0583941605839,16.0583941605839
"cthm-07",20,2008,20.1388888888889,20.1388888888889
"cthm-08",1,2008,17.1428571428571,17.1428571428571
"cthm-08",2,2008,47.5177304964539,47.5177304964539
"cthm-08",3,2008,32.8571428571429,32.8571428571429
"cthm-08",4,2008,22.3021582733813,22.3021582733813
"cthm-08",5,2008,23.6111111111111,23.6111111111111
"cthm-08",6,2008,26.6187050359712,26.6187050359712
"cthm-08",7,2008,34.0579710144927,34.0579710144927
"cthm-08",8,2008,27.1428571428571,27.1428571428571
"cthm-08",9,2008,19.2857142857142,19.2857142857142
"cthm-08",10,2008,17.1428571428572,17.1428571428572
"cthm-08",11,2008,30.9352517985611,30.9352517985611
"cthm-08",12,2008,16.5467625899281,16.5467625899281
"cthm-08",13,2008,15.9420289855072,15.9420289855072
"cthm-08",14,2008,22.3021582733813,22.3021582733813
"cthm-08",15,2008,17.9856115107914,17.9856115107914
"cthm-08",16,2008,14.4927536231884,14.4927536231884
"cthm-08",17,2008,19.2857142857143,19.2857142857143
"cthm-08",18,2008,14.5833333333333,14.5833333333333
"cthm-08",19,2008,15.1079136690647,16.5467625899281
"cthm-08",20,2008,29.9270072992701,29.9270072992701
"cthm-09",1,2008,20,20
"cthm-09",2,2008,20.863309352518,20.863309352518
"cthm-09",3,2008,40.7142857142857,41.4285714285714
"cthm-09",4,2008,33.0985915492958,33.8028169014084
"cthm-09",5,2008,46.7153284671533,46.7153284671533
"cthm-09",6,2008,28.0575539568345,28.0575539568345
"cthm-09",7,2008,20.2898550724637,20.2898550724637
"cthm-09",8,2008,33.0935251798561,33.0935251798561
"cthm-09",9,2008,33.0935251798561,33.0935251798561
"cthm-09",10,2008,33.0935251798561,33.0935251798561
"cthm-09",11,2008,32.1428571428572,32.1428571428572
"cthm-09",12,2008,19.8581560283688,19.8581560283688
"cthm-09",13,2008,19.5652173913043,19.5652173913043
"cthm-09",14,2008,12.8571428571429,12.8571428571429
"cthm-09",15,2008,27.6595744680851,27.6595744680851
"cthm-09",16,2008,17.2661870503597,17.2661870503597
"cthm-09",17,2008,17.9856115107914,17.9856115107914
"cthm-09",18,2008,25,25
"cthm-09",19,2008,17.8571428571428,17.8571428571428
"cthm-09",20,2008,21.0144927536232,21.0144927536232
"cthm-10",1,2008,25.3623188405797,25.3623188405797
"cthm-10",2,2008,30.7142857142857,30.7142857142857
"cthm-10",3,2008,23.7410071942446,23.7410071942446
"cthm-10",4,2008,27.8571428571429,27.8571428571429
"cthm-10",5,2008,38.5714285714285,38.5714285714285
"cthm-10",6,2008,33.3333333333333,33.3333333333333
"cthm-10",7,2008,23.0215827338129,23.021582733813
"cthm-10",8,2008,27.1428571428571,27.1428571428571
"cthm-10",9,2008,27.7372262773723,27.7372262773723
"cthm-10",10,2008,17.2661870503597,17.2661870503597
"cthm-10",11,2008,24.8175182481752,24.8175182481752
"cthm-10",12,2008,31.2056737588653,31.2056737588653
"cthm-10",13,2008,28.0575539568346,28.0575539568346
"cthm-10",14,2008,58.273381294964,58.2733812949641
"cthm-10",15,2008,30.4347826086956,30.4347826086956
"cthm-10",16,2008,90.5797101449275,90.5797101449275
"cthm-10",17,2008,84.2857142857142,84.2857142857143
"cthm-10",18,2008,33.8028169014084,33.8028169014084
"cthm-10",19,2008,23.5714285714286,23.5714285714286
"cthm-10",20,2008,20.863309352518,20.863309352518
"cthm-11",1,2008,18.8405797101449,20.2898550724637
"cthm-11",2,2008,27.8571428571429,27.8571428571429
"cthm-11",3,2008,26.4285714285714,26.4285714285714
"cthm-11",4,2008,23.021582733813,23.021582733813
"cthm-11",5,2008,15.9420289855072,15.9420289855072
"cthm-11",6,2008,18.5714285714285,19.2857142857142
"cthm-11",7,2008,26.0869565217391,26.0869565217391
"cthm-11",8,2008,17.0212765957447,17.0212765957447
"cthm-11",9,2008,24.2857142857143,24.2857142857143
"cthm-11",10,2008,18.705035971223,18.705035971223
"cthm-11",11,2008,35.6643356643357,35.6643356643357
"cthm-11",12,2008,13.986013986014,13.986013986014
"cthm-11",13,2008,21.2765957446809,21.2765957446809
"cthm-11",14,2008,18.0555555555555,18.0555555555556
"cthm-11",15,2008,15,15
"cthm-11",16,2008,27.3381294964029,27.3381294964029
"cthm-11",17,2008,29.4964028776978,29.4964028776979
"cthm-11",18,2008,27.0833333333333,27.0833333333333
"cthm-11",19,2008,17.7304964539007,17.7304964539007
"cthm-11",20,2008,45,45
"cthm-12",1,2008,28.9855072463768,32.6086956521739
"cthm-12",2,2008,16.6666666666667,17.3611111111111
"cthm-12",3,2008,16.5467625899281,16.5467625899281
"cthm-12",4,2008,33.8129496402878,33.8129496402878
"cthm-12",5,2008,18.1159420289855,18.8405797101449
"cthm-12",6,2008,35.4609929078014,35.4609929078014
"cthm-12",7,2008,19.2857142857143,19.2857142857143
"cthm-12",8,2008,17.3611111111111,17.3611111111111
"cthm-12",9,2008,19.1489361702128,19.1489361702128
"cthm-12",10,2008,32.1167883211679,32.8467153284672
"cthm-12",11,2008,21.5827338129496,21.5827338129496
"cthm-12",12,2008,26.8115942028985,26.8115942028985
"cthm-12",13,2008,15.7142857142857,15.7142857142857
"cthm-12",14,2008,15.7142857142857,15.7142857142857
"cthm-12",15,2008,15.7142857142857,15.7142857142857
"cthm-12",16,2008,30.7142857142857,30.7142857142857
"cthm-12",17,2008,15.2173913043478,15.2173913043478
"cthm-12",18,2008,52.8985507246377,53.6231884057971
"cthm-12",19,2008,23.5714285714286,23.5714285714286
"cthm-12",20,2008,37.8571428571429,37.8571428571429
"cthm-13",1,2008,26.3888888888888,26.3888888888888
"cthm-13",2,2008,23.9130434782608,23.9130434782608
"cthm-13",3,2008,23.021582733813,23.021582733813
"cthm-13",4,2008,16.6666666666666,23.6111111111111
"cthm-13",5,2008,29.7101449275362,29.7101449275362
"cthm-13",6,2008,22.1428571428571,22.1428571428571
"cthm-13",7,2008,47.5177304964539,48.936170212766
"cthm-13",8,2008,34.5323741007194,34.5323741007194
"cthm-13",9,2008,100,100
"cthm-13",10,2008,100,100
"cthm-13",11,2008,100,100
"cthm-13",12,2008,78.1021897810219,78.1021897810219
"cthm-13",13,2008,38.4615384615385,38.4615384615385
"cthm-13",14,2008,20.863309352518,20.863309352518
"cthm-13",15,2008,29.2857142857143,29.2857142857143
"cthm-13",16,2008,51.0948905109489,51.0948905109489
"cthm-13",17,2008,31.25,31.25
"cthm-13",18,2008,16.5467625899281,18.705035971223
"cthm-13",19,2008,21.0144927536232,21.0144927536232
"cthm-13",20,2008,15.7142857142857,15.7142857142857
"cthm-14",1,2008,45.6521739130435,45.6521739130435
"cthm-14",2,2008,23.1884057971014,23.1884057971015
"cthm-14",3,2008,19.5804195804196,19.5804195804196
"cthm-14",4,2008,30.7692307692308,30.7692307692308
"cthm-14",5,2008,36.8794326241135,36.8794326241135
"cthm-14",6,2008,27.6595744680851,27.6595744680851
"cthm-14",7,2008,18.2481751824817,18.2481751824817
"cthm-14",8,2008,17.2661870503597,17.2661870503597
"cthm-14",9,2008,17.8571428571428,17.8571428571428
"cthm-14",10,2008,26.6187050359713,26.6187050359713
"cthm-14",11,2008,28.9855072463768,28.9855072463768
"cthm-14",12,2008,35,35
"cthm-14",13,2008,30.7142857142857,30.7142857142857
"cthm-14",14,2008,25.7142857142857,25.7142857142857
"cthm-14",15,2008,14.3884892086331,14.3884892086331
"cthm-14",16,2008,27.536231884058,27.536231884058
"cthm-14",17,2008,20.1438848920863,20.1438848920863
"cthm-14",18,2008,18.705035971223,19.4244604316547
"cthm-14",19,2008,21.7391304347826,21.7391304347826
"cthm-14",20,2008,29.0780141843972,29.0780141843972
"drhm-01",1,2008,17.2661870503598,17.2661870503598
"drhm-01",2,2008,20.863309352518,20.863309352518
"drhm-01",3,2008,24.4604316546763,24.4604316546763
"drhm-01",4,2008,24.2857142857143,24.2857142857143
"drhm-01",5,2008,20.5673758865248,20.5673758865248
"drhm-01",6,2008,31.9148936170212,31.9148936170212
"drhm-01",7,2008,22.6950354609929,22.6950354609929
"drhm-01",8,2008,17.2661870503597,17.2661870503597
"drhm-01",9,2008,15.6028368794326,15.6028368794326
"drhm-01",10,2008,25.3623188405797,25.3623188405797
"drhm-01",11,2008,15,15.7142857142857
"drhm-01",12,2008,20.1438848920864,20.1438848920864
"drhm-01",13,2008,14.3884892086331,15.1079136690647
"drhm-01",14,2008,14.5985401459854,14.5985401459854
"drhm-01",15,2008,20.7142857142857,20.7142857142857
"drhm-01",16,2008,17.7304964539008,17.7304964539008
"drhm-01",17,2008,20.1438848920863,20.1438848920863
"drhm-01",18,2008,18.5714285714285,18.5714285714285
"drhm-01",19,2008,20.2898550724637,20.2898550724637
"drhm-01",20,2008,23.1884057971014,23.9130434782609
"drhm-02",1,2008,21.830985915493,21.830985915493
"drhm-02",2,2008,23.5714285714286,23.5714285714286
"drhm-02",3,2008,36.9565217391304,36.9565217391304
"drhm-02",4,2008,27.8571428571429,27.8571428571429
"drhm-02",5,2008,29.2857142857143,29.2857142857143
"drhm-02",6,2008,23.3576642335766,23.3576642335767
"drhm-02",7,2008,36.6906474820144,36.6906474820144
"drhm-02",8,2008,19.4444444444445,19.4444444444445
"drhm-02",9,2008,24.113475177305,24.113475177305
"drhm-02",10,2008,11.5107913669065,11.5107913669065
"drhm-02",11,2008,18.1159420289855,18.1159420289855
"drhm-02",12,2008,26.0869565217391,26.0869565217391
"drhm-02",13,2008,17.1428571428571,17.1428571428571
"drhm-02",14,2008,20.2898550724638,20.2898550724638
"drhm-02",15,2008,17.1428571428572,17.1428571428572
"drhm-02",16,2008,23.404255319149,23.404255319149
"drhm-02",17,2008,26.4285714285714,26.4285714285714
"drhm-02",18,2008,20.863309352518,20.863309352518
"drhm-02",19,2008,23.404255319149,23.404255319149
"drhm-02",20,2008,24.6376811594203,24.6376811594203
"drhm-03",1,2008,100,100
"drhm-03",2,2008,100,100
"drhm-03",3,2008,100,100
"drhm-03",4,2008,99.9999999999999,100
"drhm-03",5,2008,100,100
"drhm-03",6,2008,97.1428571428572,97.8571428571429
"drhm-03",7,2008,80,80
"drhm-03",8,2008,100,100
"drhm-03",9,2008,93.5714285714286,93.5714285714286
"drhm-03",10,2008,87.1428571428572,87.1428571428572
"drhm-03",11,2008,18.705035971223,18.705035971223
"drhm-03",12,2008,21.5827338129497,21.5827338129497
"drhm-03",13,2008,100,100
"drhm-03",14,2008,99.9999999999999,100
"drhm-03",15,2008,70.8333333333333,70.8333333333333
"drhm-03",16,2008,87.8571428571429,87.8571428571429
"drhm-03",17,2008,97.1428571428572,97.1428571428572
"drhm-03",18,2008,65.4676258992806,65.4676258992806
"drhm-03",19,2008,32.3741007194244,32.3741007194245
"drhm-03",20,2008,25.8992805755395,25.8992805755395
"drhm-04",1,2008,95.1388888888889,95.1388888888889
"drhm-04",2,2008,67.1428571428571,67.1428571428571
"drhm-04",3,2008,39.8550724637681,39.8550724637681
"drhm-04",4,2008,20,20
"drhm-04",5,2008,86.231884057971,86.231884057971
"drhm-04",6,2008,24.2857142857143,24.2857142857143
"drhm-04",7,2008,27.6595744680851,27.6595744680851
"drhm-04",8,2008,44.9275362318841,44.9275362318841
"drhm-04",9,2008,22.1428571428572,22.1428571428572
"drhm-04",10,2008,15.2173913043478,15.2173913043478
"drhm-04",11,2008,17.1428571428571,17.1428571428571
"drhm-04",12,2008,29.2857142857142,29.2857142857142
"drhm-04",13,2008,35.2517985611511,35.9712230215827
"drhm-04",14,2008,15.7142857142857,15.7142857142857
"drhm-04",15,2008,15.4929577464789,15.4929577464789
"drhm-04",16,2008,25.7142857142857,26.4285714285714
"drhm-04",17,2008,45.3237410071942,45.3237410071942
"drhm-04",18,2008,17.0212765957446,17.0212765957446
"drhm-04",19,2008,21.0144927536232,21.0144927536232
"drhm-04",20,2008,92.0863309352518,92.0863309352518
"drhm-05",1,2008,27.8571428571429,27.8571428571429
"drhm-05",2,2008,27.1428571428571,27.1428571428571
"drhm-05",3,2008,36.6906474820144,36.6906474820144
"drhm-05",4,2008,42.8571428571428,42.8571428571429
"drhm-05",5,2008,83.3333333333333,83.3333333333333
"drhm-05",6,2008,100,100
"drhm-05",7,2008,53.4722222222223,53.4722222222223
"drhm-05",8,2008,48.5507246376811,48.5507246376811
"drhm-05",9,2008,70,71.4285714285715
"drhm-05",10,2008,64.0287769784173,64.0287769784173
"drhm-05",11,2008,51.0638297872341,51.0638297872341
"drhm-05",12,2008,64.4927536231885,64.4927536231885
"drhm-05",13,2008,98.5714285714286,98.5714285714286
"drhm-05",14,2008,100,100
"drhm-05",15,2008,100,100
"drhm-05",16,2008,99.9999999999999,100
"drhm-05",17,2008,100,100
"drhm-05",18,2008,51.0638297872341,51.0638297872341
"drhm-05",19,2008,55.7971014492754,55.7971014492754
"drhm-05",20,2008,35.7142857142857,35.7142857142857
"drhm-06",1,2008,25.6944444444444,25.6944444444444
"drhm-06",2,2008,82.6086956521739,82.608695652174
"drhm-06",3,2008,100,100
"drhm-06",4,2008,97.8260869565218,97.8260869565218
"drhm-06",5,2008,100,100
"drhm-06",6,2008,84.1726618705035,84.1726618705036
"drhm-06",7,2008,87.857142857143,89.2857142857143
"drhm-06",8,2008,77.1428571428571,77.1428571428571
"drhm-06",9,2008,75.5395683453238,75.5395683453238
"drhm-06",10,2008,66.4285714285714,66.4285714285714
"drhm-06",11,2008,54.3478260869565,54.3478260869565
"drhm-06",12,2008,99.9999999999999,99.9999999999999
"drhm-06",13,2008,73.3812949640288,73.3812949640288
"drhm-06",14,2008,46.0992907801419,46.0992907801419
"drhm-06",15,2008,69.5035460992907,69.5035460992907
"drhm-06",16,2008,92.1428571428572,92.1428571428572
"drhm-06",17,2008,86.9565217391304,86.9565217391304
"drhm-06",18,2008,100,100
"drhm-06",19,2008,94.4444444444444,94.4444444444444
"drhm-06",20,2008,95.7142857142857,95.7142857142858
"drhm-07",1,2008,89.2857142857142,90
"drhm-07",2,2008,38.6861313868614,38.6861313868614
"drhm-07",3,2008,37.1428571428572,37.1428571428572
"drhm-07",4,2008,49.6350364963503,49.6350364963504
"drhm-07",5,2008,92.7007299270074,92.7007299270074
"drhm-07",6,2008,77.0833333333333,77.0833333333333
"drhm-07",7,2008,87.8571428571428,87.8571428571428
"drhm-07",8,2008,64.7482014388489,64.7482014388489
"drhm-07",9,2008,76.8115942028985,76.8115942028985
"drhm-07",10,2008,15.9420289855073,15.9420289855073
"drhm-07",11,2008,22.1428571428571,22.1428571428571
"drhm-07",12,2008,18.75,18.75
"drhm-07",13,2008,16.3120567375887,16.3120567375887
"drhm-07",14,2008,17.8571428571428,18.5714285714285
"drhm-07",15,2008,16.3120567375887,16.3120567375887
"drhm-07",16,2008,22.6277372262774,22.6277372262774
"drhm-07",17,2008,34.3065693430657,34.3065693430657
"drhm-07",18,2008,35.5072463768115,35.5072463768115
"drhm-07",19,2008,25.7142857142858,25.7142857142858
"drhm-07",20,2008,23.5714285714285,23.5714285714285
"drhm-08",1,2008,59.2857142857143,59.2857142857143
"drhm-08",2,2008,31.6546762589928,31.6546762589928
"drhm-08",3,2008,20.7142857142857,20.7142857142857
"drhm-08",4,2008,18.0555555555555,18.0555555555555
"drhm-08",5,2008,20,20
"drhm-08",6,2008,18.1159420289855,18.1159420289855
"drhm-08",7,2008,28.4671532846715,28.4671532846715
"drhm-08",8,2008,90.6474820143885,90.6474820143885
"drhm-08",9,2008,72.8571428571428,72.8571428571428
"drhm-08",10,2008,71.9424460431655,71.9424460431655
"drhm-08",11,2008,48.5714285714285,48.5714285714285
"drhm-08",12,2008,75.3623188405798,75.3623188405798
"drhm-08",13,2008,31.8840579710145,31.8840579710145
"drhm-08",14,2008,75.9124087591241,75.9124087591241
"drhm-08",15,2008,71.0144927536232,71.0144927536232
"drhm-08",16,2008,30.2158273381295,30.2158273381295
"drhm-08",17,2008,36.231884057971,36.231884057971
"drhm-08",18,2008,27.8571428571429,27.8571428571429
"drhm-08",19,2008,54.6762589928057,56.115107913669
"drhm-08",20,2008,42.8571428571429,42.8571428571429
"orng-01",1,2008,32.6241134751773,32.6241134751773
"orng-01",2,2008,18.8405797101449,18.8405797101449
"orng-01",3,2008,35,35
"orng-01",4,2008,38.8888888888888,38.8888888888888
"orng-01",5,2008,17.9856115107913,17.9856115107913
"orng-01",6,2008,24.2857142857142,24.2857142857143
"orng-01",7,2008,23.7410071942446,23.7410071942446
"orng-01",8,2008,20.7142857142857,20.7142857142857
"orng-01",9,2008,21.4285714285714,21.4285714285714
"orng-01",10,2008,19.4244604316547,19.4244604316547
"orng-01",11,2008,26.8115942028986,26.8115942028986
"orng-01",12,2008,21.7391304347826,21.7391304347826
"orng-01",13,2008,20.7142857142857,20.7142857142857
"orng-01",14,2008,16.5467625899281,16.5467625899281
"orng-01",15,2008,18.8405797101449,18.8405797101449
"orng-01",16,2008,24.4604316546763,24.4604316546763
"orng-01",17,2008,23.5714285714286,23.5714285714286
"orng-01",18,2008,17.2661870503597,17.2661870503597
"orng-01",19,2008,29.5774647887324,29.5774647887324
"orng-01",20,2008,16.3120567375887,16.3120567375887
"orng-02",1,2008,17.2661870503597,17.2661870503597
"orng-02",2,2008,18.8405797101449,18.8405797101449
"orng-02",3,2008,16.546762589928,16.546762589928
"orng-02",4,2008,12.1428571428571,12.1428571428571
"orng-02",5,2008,22.4637681159421,22.4637681159421
"orng-02",6,2008,22.3021582733813,23.0215827338129
"orng-02",7,2008,21.5827338129497,21.5827338129497
"orng-02",8,2008,37.4100719424461,37.4100719424461
"orng-02",9,2008,23.0215827338129,23.0215827338129
"orng-02",10,2008,14.2857142857143,14.2857142857143
"orng-02",11,2008,20.2898550724638,20.2898550724638
"orng-02",12,2008,17.5182481751825,17.5182481751825
"orng-02",13,2008,20.2898550724637,20.2898550724637
"orng-02",14,2008,33.8129496402877,33.8129496402877
"orng-02",15,2008,16.4285714285714,16.4285714285714
"orng-02",16,2008,17.8571428571428,17.8571428571428
"orng-02",17,2008,12.7659574468085,12.7659574468085
"orng-02",18,2008,31.3868613138686,31.3868613138686
"orng-02",19,2008,26.8115942028986,26.8115942028986
"orng-02",20,2008,16.5467625899281,16.5467625899281
"orng-03",1,2008,36.4963503649635,36.4963503649635
"orng-03",2,2008,25.7142857142857,25.7142857142857
"orng-03",3,2008,29.4964028776978,29.4964028776978
"orng-03",4,2008,28.5714285714286,28.5714285714286
"orng-03",5,2008,18.705035971223,18.705035971223
"orng-03",6,2008,23.9130434782609,23.9130434782609
"orng-03",7,2008,46.4285714285715,46.4285714285715
"orng-03",8,2008,25,25
"orng-03",9,2008,29.2857142857143,29.2857142857143
"orng-03",10,2008,57.1428571428572,57.1428571428572
"orng-03",11,2008,97.1014492753623,97.1014492753623
"orng-03",12,2008,84.2857142857144,84.2857142857144
"orng-03",13,2008,34.3065693430657,34.3065693430657
"orng-03",14,2008,17.0212765957447,17.0212765957447
"orng-03",15,2008,25.7142857142857,26.4285714285714
"orng-03",16,2008,16.6666666666667,16.6666666666667
"orng-03",17,2008,20.4379562043796,20.4379562043796
"orng-03",18,2008,20.1438848920863,20.1438848920863
"orng-03",19,2008,17.4825174825175,17.4825174825175
"orng-03",20,2008,19.8581560283688,19.8581560283688
"orng-04",1,2008,100,100
"orng-04",2,2008,100,100
"orng-04",3,2008,76.0869565217391,76.0869565217391
"orng-04",4,2008,90.6474820143886,90.6474820143886
"orng-04",5,2008,82.9787234042553,82.9787234042554
"orng-04",6,2008,99.2700729927007,99.2700729927008
"orng-04",7,2008,77.6978417266188,77.6978417266188
"orng-04",8,2008,78.8732394366197,78.8732394366197
"orng-04",9,2008,61.4285714285714,61.4285714285714
"orng-04",10,2008,42.1428571428572,42.1428571428572
"orng-04",11,2008,17.0212765957447,17.0212765957447
"orng-04",12,2008,18.1159420289855,18.1159420289855
"orng-04",13,2008,34.2857142857143,34.2857142857143
"orng-04",14,2008,28.7769784172662,28.7769784172662
"orng-04",15,2008,39.2857142857142,39.2857142857142
"orng-04",16,2008,49.2753623188406,49.2753623188406
"orng-04",17,2008,16.0583941605839,16.0583941605839
"orng-04",18,2008,17.9856115107914,17.9856115107914
"orng-04",19,2008,21.7391304347826,21.7391304347826
"orng-04",20,2008,19.2857142857143,19.2857142857143
"orng-05",1,2008,15.2173913043478,15.2173913043478
"orng-05",2,2008,16.3120567375886,16.3120567375886
"orng-05",3,2008,30.4964539007092,30.4964539007092
"orng-05",4,2008,18.5714285714286,18.5714285714286
"orng-05",5,2008,22.8571428571429,23.5714285714286
"orng-05",6,2008,31.8840579710145,31.8840579710145
"orng-05",7,2008,30.9352517985612,30.9352517985612
"orng-05",8,2008,25.5474452554745,25.5474452554745
"orng-05",9,2008,15.9420289855072,15.9420289855072
"orng-05",10,2008,20.863309352518,20.863309352518
"orng-05",11,2008,18.5714285714285,18.5714285714285
"orng-05",12,2008,19.2857142857143,19.2857142857143
"orng-05",13,2008,24.4604316546763,24.4604316546763
"orng-05",14,2008,17.3611111111111,17.3611111111111
"orng-05",15,2008,19.2857142857143,19.2857142857143
"orng-05",16,2008,23.7410071942446,23.7410071942446
"orng-05",17,2008,31.4285714285714,31.4285714285714
"orng-05",18,2008,23.9130434782609,23.9130434782609
"orng-05",19,2008,24.8175182481752,24.8175182481752
"orng-05",20,2008,18.1159420289855,18.1159420289855
"orng-06",1,2008,17.1428571428572,17.1428571428572
"orng-06",2,2008,15.6028368794326,15.6028368794326
"orng-06",3,2008,25,25
"orng-06",4,2008,16.6666666666667,16.6666666666667
"orng-06",5,2008,25,25
"orng-06",6,2008,45.3237410071942,45.3237410071942
"orng-06",7,2008,69.3430656934307,69.3430656934307
"orng-06",8,2008,45.3900709219859,45.3900709219859
"orng-06",9,2008,32.1428571428571,32.1428571428572
"orng-06",10,2008,68.6131386861315,68.6131386861315
"orng-06",11,2008,72.6618705035972,72.6618705035972
"orng-06",12,2008,87.6811594202899,87.6811594202899
"orng-06",13,2008,30.2158273381295,30.2158273381295
"orng-06",14,2008,54.6099290780142,54.6099290780142
"orng-06",15,2008,90.6474820143885,90.6474820143885
"orng-06",16,2008,71.7391304347826,71.7391304347826
"orng-06",17,2008,49.6402877697842,49.6402877697842
"orng-06",18,2008,47.4820143884893,47.4820143884893
"orng-06",19,2008,24.0875912408759,24.0875912408759
"orng-06",20,2008,43.5714285714285,43.5714285714285
"orng-07",1,2008,44.6043165467626,44.6043165467626
"orng-07",2,2008,38.4057971014492,38.4057971014493
"orng-07",3,2008,21.0144927536232,21.0144927536232
"orng-07",4,2008,23.1884057971015,23.1884057971015
"orng-07",5,2008,20.863309352518,20.863309352518
"orng-07",6,2008,18.8405797101449,18.8405797101449
"orng-07",7,2008,18.1159420289855,18.1159420289855
"orng-07",8,2008,18.705035971223,18.705035971223
"orng-07",9,2008,30.9352517985611,30.9352517985611
"orng-07",10,2008,21.830985915493,22.5352112676056
"orng-07",11,2008,15.9420289855072,15.9420289855072
"orng-07",12,2008,12.9496402877698,12.9496402877698
"orng-07",13,2008,27.4647887323944,27.4647887323944
"orng-07",14,2008,19.5652173913044,19.5652173913044
"orng-07",15,2008,47.8260869565218,49.2753623188406
"orng-07",16,2008,33.5714285714285,34.2857142857142
"orng-07",17,2008,16.6666666666667,16.6666666666667
"orng-07",18,2008,20.863309352518,20.863309352518
"orng-07",19,2008,40.2877697841726,40.2877697841727
"orng-07",20,2008,16.3120567375887,16.3120567375887
"orng-08",1,2008,27.8571428571428,27.8571428571428
"orng-08",2,2008,25.3623188405797,25.3623188405797
"orng-08",3,2008,26.6187050359713,26.6187050359713
"orng-08",4,2008,42.8571428571429,42.8571428571429
"orng-08",5,2008,17.8571428571429,17.8571428571429
"orng-08",6,2008,17.8571428571428,17.8571428571428
"orng-08",7,2008,20.1438848920863,20.1438848920863
"orng-08",8,2008,30.4964539007092,30.4964539007092
"orng-08",9,2008,26.8115942028985,27.536231884058
"orng-08",10,2008,33.5714285714286,33.5714285714286
"orng-08",11,2008,15.7142857142857,15.7142857142857
"orng-08",12,2008,17.8571428571429,18.5714285714286
"orng-08",13,2008,16.4285714285714,16.4285714285714
"orng-08",14,2008,20.7142857142857,22.1428571428571
"orng-08",15,2008,17.9856115107914,17.9856115107914
"orng-08",16,2008,18.4397163120567,18.4397163120567
"orng-08",17,2008,19.2857142857143,19.2857142857143
"orng-08",18,2008,18.705035971223,18.705035971223
"orng-08",19,2008,35.7142857142857,35.7142857142857
"orng-08",20,2008,15.7142857142857,15.7142857142857
"orng-09",1,2008,27.1428571428571,27.1428571428571
"orng-09",2,2008,17.7304964539007,17.7304964539007
"orng-09",3,2008,25,25
"orng-09",4,2008,12.2302158273382,12.2302158273382
"orng-09",5,2008,23.9130434782609,23.9130434782609
"orng-09",6,2008,15.9420289855072,16.6666666666666
"orng-09",7,2008,36.1702127659574,36.1702127659574
"orng-09",8,2008,26.8115942028985,26.8115942028985
"orng-09",9,2008,19.5652173913043,19.5652173913043
"orng-09",10,2008,26.4285714285714,26.4285714285714
"orng-09",11,2008,17.8571428571429,17.8571428571429
"orng-09",12,2008,17.1428571428571,17.1428571428571
"orng-09",13,2008,20.1438848920863,20.1438848920864
"orng-09",14,2008,17.1428571428572,17.1428571428572
"orng-09",15,2008,21.7391304347826,21.7391304347826
"orng-09",16,2008,21.5827338129497,21.5827338129497
"orng-09",17,2008,32.1428571428571,32.1428571428571
"orng-09",18,2008,29.2857142857143,29.2857142857143
"orng-09",19,2008,26.4285714285714,26.4285714285714
"orng-09",20,2008,24.113475177305,24.113475177305
"orng-10",1,2008,32.1428571428572,32.1428571428572
"orng-10",2,2008,20.863309352518,20.863309352518
"orng-10",3,2008,44.2028985507247,44.2028985507247
"orng-10",4,2008,32.3741007194245,32.3741007194245
"orng-10",5,2008,34.2857142857143,34.2857142857143
"orng-10",6,2008,31.6546762589928,31.6546762589928
"orng-10",7,2008,31.9444444444445,31.9444444444445
"orng-10",8,2008,21.0144927536232,21.0144927536232
"orng-10",9,2008,25.3623188405797,25.3623188405797
"orng-10",10,2008,70.2127659574468,70.2127659574468
"orng-10",11,2008,67.1428571428572,67.1428571428572
"orng-10",12,2008,66.6666666666666,66.6666666666667
"orng-10",13,2008,39.1608391608392,39.1608391608392
"orng-10",14,2008,20.1438848920863,20.1438848920863
"orng-10",15,2008,19.8581560283688,19.8581560283688
"orng-10",16,2008,30.9352517985612,30.9352517985612
"orng-10",17,2008,26.0869565217391,26.0869565217391
"orng-10",18,2008,18.8811188811189,18.8811188811189
"orng-10",19,2008,33.5766423357665,33.5766423357665
"orng-10",20,2008,50.7246376811594,50.7246376811594
"orng-11",1,2008,23.7410071942446,23.7410071942446
"orng-11",2,2008,20.7142857142857,20.7142857142857
"orng-11",3,2008,25.8992805755396,25.8992805755396
"orng-11",4,2008,22.3021582733813,22.3021582733813
"orng-11",5,2008,40.4255319148937,40.4255319148937
"orng-11",6,2008,26.6187050359713,26.6187050359713
"orng-11",7,2008,21.7391304347826,21.7391304347826
"orng-11",8,2008,23.5714285714286,23.5714285714286
"orng-11",9,2008,26.4285714285714,26.4285714285714
"orng-11",10,2008,23.0215827338129,23.0215827338129
"orng-11",11,2008,31.4285714285714,31.4285714285714
"orng-11",12,2008,16.3120567375887,16.3120567375887
"orng-11",13,2008,23.9130434782608,23.9130434782608
"orng-11",14,2008,21.0144927536232,21.7391304347826
"orng-11",15,2008,21.9858156028369,21.9858156028369
"orng-11",16,2008,22.3021582733813,23.021582733813
"orng-11",17,2008,28.4722222222222,29.1666666666666
"orng-11",18,2008,27.3381294964029,28.0575539568345
"orng-11",19,2008,19.4244604316547,19.4244604316547
"orng-11",20,2008,23.404255319149,23.404255319149
"orng-12",1,2008,31.6546762589928,31.6546762589928
"orng-12",2,2008,27.972027972028,27.972027972028
"orng-12",3,2008,25.8992805755396,25.8992805755396
"orng-12",4,2008,29.2857142857143,29.2857142857143
"orng-12",5,2008,40.5797101449275,40.5797101449275
"orng-12",6,2008,72.3404255319149,72.340425531915
"orng-12",7,2008,99.9999999999999,100
"orng-12",8,2008,97.2027972027973,97.2027972027973
"orng-12",9,2008,95.7142857142857,95.7142857142858
"orng-12",10,2008,100,100
"orng-12",11,2008,100,100
"orng-12",12,2008,100,100
"orng-12",13,2008,97.841726618705,97.841726618705
"orng-12",14,2008,97.1631205673758,97.1631205673759
"orng-12",15,2008,76.8115942028986,76.8115942028986
"orng-12",16,2008,25.1798561151079,25.1798561151079
"orng-12",17,2008,30.9352517985612,30.9352517985612
"orng-12",18,2008,59.2857142857143,59.2857142857143
"orng-12",19,2008,23.9130434782608,23.9130434782608
"orng-12",20,2008,23.5714285714286,23.5714285714286
"cthm-01",1,2009,24.4604316546762,25.1798561151079
"cthm-01",2,2009,18.1159420289855,18.1159420289855
"cthm-01",3,2009,32.1428571428572,32.1428571428572
"cthm-01",4,2009,34.2857142857143,34.2857142857143
"cthm-01",5,2009,50.0000000000001,50.0000000000001
"cthm-01",6,2009,43.7956204379561,43.7956204379562
"cthm-01",7,2009,25.6944444444445,26.3888888888889
"cthm-01",8,2009,18.75,18.75
"cthm-01",9,2009,19.8581560283688,19.8581560283688
"cthm-01",10,2009,25.8992805755396,25.8992805755396
"cthm-01",11,2009,41.6058394160584,41.6058394160584
"cthm-01",12,2009,37.6811594202899,37.6811594202899
"cthm-01",13,2009,27.8571428571428,27.8571428571428
"cthm-01",14,2009,17.3913043478261,18.1159420289855
"cthm-01",15,2009,34.7826086956521,34.7826086956522
"cthm-01",16,2009,42.8571428571429,42.8571428571429
"cthm-01",17,2009,28.0575539568346,28.7769784172662
"cthm-01",18,2009,36.9565217391305,36.9565217391305
"cthm-01",19,2009,34.0425531914893,34.0425531914893
"cthm-01",20,2009,42.4460431654676,42.4460431654676
"cthm-02",1,2009,13.6690647482015,13.6690647482015
"cthm-02",2,2009,16.4285714285714,16.4285714285714
"cthm-02",3,2009,24.2857142857143,24.2857142857143
"cthm-02",4,2009,13.0434782608696,13.0434782608696
"cthm-02",5,2009,53.2846715328467,53.2846715328467
"cthm-02",6,2009,77.0833333333334,77.0833333333334
"cthm-02",7,2009,38.1294964028777,38.1294964028777
"cthm-02",8,2009,58.2733812949641,58.2733812949641
"cthm-02",9,2009,28.2608695652174,28.2608695652174
"cthm-02",10,2009,22.1428571428572,22.1428571428572
"cthm-02",11,2009,32.8467153284671,32.8467153284671
"cthm-02",12,2009,22.463768115942,22.463768115942
"cthm-02",13,2009,7.97101449275362,7.97101449275362
"cthm-02",14,2009,27.3381294964028,27.3381294964028
"cthm-02",15,2009,33.5714285714286,33.5714285714286
"cthm-02",16,2009,18.8405797101449,18.8405797101449
"cthm-02",17,2009,25.7142857142857,25.7142857142857
"cthm-02",18,2009,23.7410071942446,23.7410071942446
"cthm-02",19,2009,35.5072463768116,35.5072463768116
"cthm-02",20,2009,23.5714285714286,23.5714285714286
"cthm-03",1,2009,25,25
"cthm-03",2,2009,24.2857142857143,24.2857142857143
"cthm-03",3,2009,47.5524475524476,47.5524475524476
"cthm-03",4,2009,40.2777777777778,40.2777777777778
"cthm-03",5,2009,56.1151079136691,56.1151079136691
"cthm-03",6,2009,27.3381294964029,27.3381294964029
"cthm-03",7,2009,90.7142857142856,90.7142857142858
"cthm-03",8,2009,31.4285714285714,31.4285714285714
"cthm-03",9,2009,14.2857142857143,14.2857142857143
"cthm-03",10,2009,20.1438848920863,20.1438848920864
"cthm-03",11,2009,21.7391304347826,21.7391304347826
"cthm-03",12,2009,17.9856115107914,17.9856115107914
"cthm-03",13,2009,17.1428571428571,17.1428571428571
"cthm-03",14,2009,19.2857142857143,19.2857142857143
"cthm-03",15,2009,20,23.5714285714286
"cthm-03",16,2009,19.4244604316547,19.4244604316547
"cthm-03",17,2009,20.863309352518,20.863309352518
"cthm-03",18,2009,19.1489361702128,19.1489361702128
"cthm-03",19,2009,36.4285714285714,36.4285714285714
"cthm-03",20,2009,21.9858156028369,22.6950354609929
"cthm-04",2,2009,19.1489361702128,19.1489361702128
"cthm-04",3,2009,19.5652173913043,19.5652173913043
"cthm-04",4,2009,9.28571428571429,9.28571428571429
"cthm-04",5,2009,20.7142857142857,20.7142857142857
"cthm-04",6,2009,28.5714285714286,28.5714285714286
"cthm-04",7,2009,12.2302158273381,12.2302158273382
"cthm-04",8,2009,20,20
"cthm-04",9,2009,72.463768115942,72.463768115942
"cthm-04",10,2009,39.8550724637681,39.8550724637681
"cthm-04",11,2009,57.5539568345324,57.5539568345324
"cthm-04",12,2009,15.1079136690647,15.1079136690648
"cthm-04",13,2009,17.8571428571428,17.8571428571428
"cthm-04",14,2009,27.8571428571428,27.8571428571428
"cthm-04",15,2009,8.57142857142857,8.57142857142857
"cthm-04",16,2009,4.31654676258993,4.31654676258993
"cthm-04",17,2009,18.8405797101449,18.8405797101449
"cthm-04",18,2009,20.7142857142857,20.7142857142857
"cthm-04",19,2009,21.5827338129496,21.5827338129496
"cthm-04",20,2009,17.2661870503597,17.2661870503597
"cthm-05",1,2009,21.0144927536232,21.0144927536232
"cthm-05",2,2009,19.2857142857142,19.2857142857142
"cthm-05",3,2009,15.8273381294964,15.8273381294964
"cthm-05",4,2009,13.6690647482014,13.6690647482014
"cthm-05",5,2009,12.8571428571429,15
"cthm-05",6,2009,14.3884892086331,14.3884892086331
"cthm-05",7,2009,18.75,18.75
"cthm-05",8,2009,17.2661870503597,17.2661870503597
"cthm-05",9,2009,17.1428571428572,17.1428571428572
"cthm-05",10,2009,18.8405797101449,18.8405797101449
"cthm-05",11,2009,23.5714285714285,23.5714285714286
"cthm-05",12,2009,16.5467625899281,16.5467625899281
"cthm-05",13,2009,21.1678832116788,21.1678832116788
"cthm-05",14,2009,15.6028368794326,15.6028368794326
"cthm-05",15,2009,18.8811188811189,18.8811188811189
"cthm-05",16,2009,29.1970802919708,29.1970802919708
"cthm-05",17,2009,20.8333333333334,20.8333333333334
"cthm-05",18,2009,14.1843971631205,15.6028368794326
"cthm-05",19,2009,18.8405797101449,18.8405797101449
"cthm-05",20,2009,23.7410071942447,23.7410071942447
"cthm-06",1,2009,34.0579710144927,34.0579710144927
"cthm-06",2,2009,32.1428571428572,32.1428571428572
"cthm-06",3,2009,18.705035971223,18.705035971223
"cthm-06",4,2009,23.7410071942446,23.7410071942446
"cthm-06",5,2009,15.7142857142857,15.7142857142857
"cthm-06",6,2009,17.9856115107914,19.4244604316547
"cthm-06",7,2009,25.8992805755396,25.8992805755396
"cthm-06",8,2009,28.5714285714286,28.5714285714286
"cthm-06",9,2009,19.2857142857143,19.2857142857143
"cthm-06",10,2009,21.7391304347826,21.7391304347826
"cthm-06",11,2009,27.3381294964029,27.3381294964029
"cthm-06",12,2009,20,20
"cthm-06",13,2009,41.4285714285714,41.4285714285714
"cthm-06",14,2009,22.3021582733813,22.3021582733813
"cthm-06",15,2009,22.695035460993,23.4042553191489
"cthm-06",16,2009,24.4604316546763,24.4604316546763
"cthm-06",17,2009,16.5467625899281,16.5467625899281
"cthm-06",18,2009,20.5673758865249,20.5673758865249
"cthm-06",19,2009,19.4244604316547,19.4244604316547
"cthm-06",20,2009,17.2661870503598,17.2661870503598
"cthm-07",1,2009,19.5652173913043,21.0144927536232
"cthm-07",2,2009,19.2857142857143,19.2857142857143
"cthm-07",3,2009,28.5714285714286,28.5714285714286
"cthm-07",4,2009,14.4927536231884,14.4927536231884
"cthm-07",5,2009,15.1079136690647,16.5467625899281
"cthm-07",6,2009,14.8936170212766,17.0212765957447
"cthm-07",7,2009,16.4285714285714,16.4285714285714
"cthm-07",8,2009,17.1428571428571,17.1428571428571
"cthm-07",9,2009,25.531914893617,25.531914893617
"cthm-07",10,2009,20.1438848920864,20.1438848920864
"cthm-07",11,2009,18.705035971223,18.705035971223
"cthm-07",12,2009,15.1079136690647,15.1079136690647
"cthm-07",13,2009,21.7391304347826,21.7391304347826
"cthm-07",14,2009,15.9420289855072,15.9420289855072
"cthm-07",15,2009,24.4604316546763,24.4604316546763
"cthm-07",16,2009,17.8571428571429,17.8571428571429
"cthm-07",17,2009,17.3913043478261,17.3913043478261
"cthm-07",18,2009,17.1428571428571,17.1428571428571
"cthm-07",19,2009,16.0583941605839,16.0583941605839
"cthm-07",20,2009,20.1388888888889,20.1388888888889
"cthm-08",1,2009,17.1428571428571,17.1428571428571
"cthm-08",2,2009,47.5177304964539,47.5177304964539
"cthm-08",3,2009,33.5714285714286,33.5714285714286
"cthm-08",4,2009,23.7410071942446,23.7410071942446
"cthm-08",5,2009,23.6111111111111,23.6111111111111
"cthm-08",6,2009,26.6187050359712,26.6187050359712
"cthm-08",7,2009,34.0579710144927,34.0579710144927
"cthm-08",8,2009,27.1428571428571,27.1428571428571
"cthm-08",9,2009,19.2857142857142,19.2857142857142
"cthm-08",10,2009,17.1428571428572,17.1428571428572
"cthm-08",11,2009,30.9352517985611,30.9352517985611
"cthm-08",12,2009,15.1079136690647,16.5467625899281
"cthm-08",13,2009,15.9420289855072,15.9420289855072
"cthm-08",14,2009,22.3021582733813,22.3021582733813
"cthm-08",15,2009,17.9856115107914,17.9856115107914
"cthm-08",16,2009,14.4927536231884,14.4927536231884
"cthm-08",17,2009,19.2857142857143,19.2857142857143
"cthm-08",18,2009,14.5833333333333,14.5833333333333
"cthm-08",19,2009,15.1079136690647,16.5467625899281
"cthm-08",20,2009,29.9270072992701,29.9270072992701
"cthm-09",1,2009,20,20
"cthm-09",2,2009,20.863309352518,20.863309352518
"cthm-09",3,2009,40.7142857142857,41.4285714285714
"cthm-09",4,2009,33.8028169014085,33.8028169014085
"cthm-09",5,2009,46.7153284671533,46.7153284671533
"cthm-09",6,2009,28.0575539568345,28.0575539568345
"cthm-09",7,2009,20.2898550724637,20.2898550724637
"cthm-09",8,2009,33.0935251798561,33.0935251798561
"cthm-09",9,2009,33.0935251798561,33.0935251798561
"cthm-09",10,2009,33.0935251798561,33.0935251798561
"cthm-09",11,2009,32.1428571428572,32.1428571428572
"cthm-09",12,2009,19.8581560283688,19.8581560283688
"cthm-09",13,2009,19.5652173913043,19.5652173913043
"cthm-09",14,2009,12.8571428571429,12.8571428571429
"cthm-09",15,2009,27.6595744680851,27.6595744680851
"cthm-09",16,2009,17.2661870503597,17.2661870503597
"cthm-09",17,2009,17.9856115107914,17.9856115107914
"cthm-09",18,2009,25,25
"cthm-09",19,2009,17.8571428571428,17.8571428571428
"cthm-09",20,2009,21.0144927536232,21.0144927536232
"cthm-10",1,2009,25.3623188405797,25.3623188405797
"cthm-10",2,2009,31.4285714285715,31.4285714285715
"cthm-10",3,2009,23.7410071942446,23.7410071942446
"cthm-10",4,2009,27.8571428571429,27.8571428571429
"cthm-10",5,2009,38.5714285714285,38.5714285714285
"cthm-10",6,2009,33.3333333333333,33.3333333333333
"cthm-10",7,2009,23.7410071942446,23.7410071942446
"cthm-10",8,2009,27.1428571428571,27.1428571428571
"cthm-10",9,2009,27.7372262773723,27.7372262773723
"cthm-10",10,2009,17.2661870503597,17.2661870503597
"cthm-10",11,2009,24.8175182481752,24.8175182481752
"cthm-10",12,2009,31.2056737588653,31.2056737588653
"cthm-10",13,2009,28.0575539568346,28.0575539568346
"cthm-10",14,2009,59.7122302158273,59.7122302158273
"cthm-10",15,2009,30.4347826086956,30.4347826086956
"cthm-10",16,2009,91.3043478260869,91.3043478260869
"cthm-10",17,2009,86.4285714285714,86.4285714285714
"cthm-10",18,2009,33.8028169014084,33.8028169014084
"cthm-10",19,2009,23.5714285714286,23.5714285714286
"cthm-10",20,2009,20.863309352518,20.863309352518
"cthm-11",1,2009,18.8405797101449,20.2898550724637
"cthm-11",2,2009,27.8571428571429,27.8571428571429
"cthm-11",3,2009,26.4285714285714,26.4285714285714
"cthm-11",4,2009,23.021582733813,23.021582733813
"cthm-11",5,2009,15.9420289855072,15.9420289855072
"cthm-11",6,2009,18.5714285714285,19.2857142857142
"cthm-11",7,2009,26.8115942028986,26.8115942028986
"cthm-11",8,2009,17.0212765957447,17.0212765957447
"cthm-11",9,2009,25,25
"cthm-11",10,2009,18.705035971223,18.705035971223
"cthm-11",11,2009,36.3636363636364,36.3636363636364
"cthm-11",12,2009,13.986013986014,13.986013986014
"cthm-11",13,2009,21.2765957446809,21.2765957446809
"cthm-11",14,2009,18.0555555555555,18.0555555555556
"cthm-11",15,2009,15,15
"cthm-11",16,2009,27.3381294964029,27.3381294964029
"cthm-11",17,2009,30.2158273381295,30.2158273381295
"cthm-11",18,2009,27.0833333333333,27.0833333333333
"cthm-11",19,2009,17.7304964539007,17.7304964539007
"cthm-11",20,2009,45,45
"cthm-12",1,2009,29.7101449275362,32.6086956521739
"cthm-12",2,2009,16.6666666666667,17.3611111111111
"cthm-12",3,2009,16.5467625899281,16.5467625899281
"cthm-12",4,2009,33.8129496402878,33.8129496402878
"cthm-12",5,2009,18.1159420289855,18.8405797101449
"cthm-12",6,2009,35.4609929078014,35.4609929078014
"cthm-12",7,2009,19.2857142857143,19.2857142857143
"cthm-12",8,2009,16.6666666666667,17.3611111111111
"cthm-12",9,2009,19.1489361702128,19.1489361702128
"cthm-12",10,2009,32.8467153284672,32.8467153284672
"cthm-12",11,2009,21.5827338129496,21.5827338129496
"cthm-12",12,2009,26.8115942028985,26.8115942028985
"cthm-12",13,2009,15.7142857142857,15.7142857142857
"cthm-12",14,2009,15.7142857142857,15.7142857142857
"cthm-12",15,2009,15.7142857142857,15.7142857142857
"cthm-12",16,2009,30.7142857142857,30.7142857142857
"cthm-12",17,2009,15.2173913043478,15.2173913043478
"cthm-12",18,2009,52.8985507246377,53.6231884057971
"cthm-12",19,2009,23.5714285714286,23.5714285714286
"cthm-12",20,2009,37.8571428571429,37.8571428571429
"cthm-13",1,2009,26.3888888888888,26.3888888888888
"cthm-13",2,2009,23.9130434782609,23.9130434782609
"cthm-13",3,2009,23.021582733813,23.021582733813
"cthm-13",4,2009,16.6666666666666,23.6111111111111
"cthm-13",5,2009,29.7101449275362,29.7101449275362
"cthm-13",6,2009,22.1428571428571,22.1428571428571
"cthm-13",7,2009,48.22695035461,48.936170212766
"cthm-13",8,2009,35.9712230215827,35.9712230215827
"cthm-13",9,2009,100,100
"cthm-13",10,2009,100,100
"cthm-13",11,2009,100,100
"cthm-13",12,2009,78.1021897810219,78.1021897810219
"cthm-13",13,2009,38.4615384615385,38.4615384615385
"cthm-13",14,2009,20.863309352518,20.863309352518
"cthm-13",15,2009,29.2857142857143,29.2857142857143
"cthm-13",16,2009,51.0948905109489,51.0948905109489
"cthm-13",17,2009,31.25,31.25
"cthm-13",18,2009,16.5467625899281,18.705035971223
"cthm-13",19,2009,21.7391304347826,21.7391304347826
"cthm-13",20,2009,15.7142857142857,15.7142857142857
"cthm-14",1,2009,45.6521739130435,45.6521739130435
"cthm-14",2,2009,23.1884057971014,23.1884057971015
"cthm-14",3,2009,19.5804195804196,19.5804195804196
"cthm-14",4,2009,30.7692307692308,30.7692307692308
"cthm-14",5,2009,36.8794326241135,36.8794326241135
"cthm-14",6,2009,27.6595744680851,27.6595744680851
"cthm-14",7,2009,18.2481751824817,18.2481751824817
"cthm-14",8,2009,17.2661870503597,17.2661870503597
"cthm-14",9,2009,17.8571428571428,17.8571428571428
"cthm-14",10,2009,27.3381294964029,27.3381294964029
"cthm-14",11,2009,28.9855072463768,28.9855072463768
"cthm-14",12,2009,35,35
"cthm-14",13,2009,30.7142857142858,30.7142857142858
"cthm-14",14,2009,25.7142857142857,25.7142857142857
"cthm-14",15,2009,14.3884892086331,14.3884892086331
"cthm-14",16,2009,27.5362318840579,27.536231884058
"cthm-14",17,2009,20.1438848920863,20.1438848920863
"cthm-14",18,2009,18.705035971223,19.4244604316547
"cthm-14",19,2009,22.463768115942,22.463768115942
"cthm-14",20,2009,29.7872340425532,29.7872340425532
"drhm-01",1,2009,17.2661870503598,17.2661870503598
"drhm-01",2,2009,20.863309352518,20.863309352518
"drhm-01",3,2009,24.4604316546763,24.4604316546763
"drhm-01",4,2009,24.2857142857143,24.2857142857143
"drhm-01",5,2009,20.5673758865248,20.5673758865248
"drhm-01",6,2009,31.9148936170212,31.9148936170212
"drhm-01",7,2009,22.6950354609929,22.6950354609929
"drhm-01",8,2009,17.9856115107914,17.9856115107914
"drhm-01",9,2009,16.3120567375886,16.3120567375886
"drhm-01",10,2009,25.3623188405797,25.3623188405797
"drhm-01",11,2009,15,15.7142857142857
"drhm-01",12,2009,20.1438848920864,20.1438848920864
"drhm-01",13,2009,14.3884892086331,15.1079136690647
"drhm-01",14,2009,14.5985401459854,14.5985401459854
"drhm-01",15,2009,20.7142857142857,20.7142857142857
"drhm-01",16,2009,18.4397163120568,18.4397163120568
"drhm-01",17,2009,20.1438848920863,20.1438848920863
"drhm-01",18,2009,18.5714285714285,18.5714285714285
"drhm-01",19,2009,20.2898550724637,20.2898550724637
"drhm-01",20,2009,23.1884057971014,23.9130434782609
"drhm-02",1,2009,21.830985915493,21.830985915493
"drhm-02",2,2009,23.5714285714286,23.5714285714286
"drhm-02",3,2009,36.9565217391304,36.9565217391304
"drhm-02",4,2009,27.8571428571429,27.8571428571429
"drhm-02",5,2009,29.2857142857143,29.2857142857143
"drhm-02",6,2009,23.3576642335766,23.3576642335767
"drhm-02",7,2009,36.6906474820144,36.6906474820144
"drhm-02",8,2009,19.4444444444445,19.4444444444445
"drhm-02",9,2009,24.113475177305,24.113475177305
"drhm-02",10,2009,11.5107913669065,11.5107913669065
"drhm-02",11,2009,18.1159420289855,18.1159420289855
"drhm-02",12,2009,26.0869565217391,26.0869565217391
"drhm-02",13,2009,17.1428571428571,17.1428571428571
"drhm-02",14,2009,20.2898550724638,20.2898550724638
"drhm-02",15,2009,17.1428571428572,17.1428571428572
"drhm-02",16,2009,23.404255319149,23.404255319149
"drhm-02",17,2009,26.4285714285714,26.4285714285714
"drhm-02",18,2009,20.863309352518,20.863309352518
"drhm-02",19,2009,23.404255319149,23.404255319149
"drhm-02",20,2009,24.6376811594203,24.6376811594203
"drhm-03",1,2009,100,100
"drhm-03",2,2009,100,100
"drhm-03",3,2009,100,100
"drhm-03",4,2009,100,100
"drhm-03",5,2009,100,100
"drhm-03",6,2009,97.1428571428572,97.8571428571429
"drhm-03",7,2009,80,80
"drhm-03",8,2009,100,100
"drhm-03",9,2009,93.5714285714286,93.5714285714286
"drhm-03",10,2009,87.1428571428572,87.1428571428572
"drhm-03",11,2009,18.705035971223,18.705035971223
"drhm-03",12,2009,21.5827338129497,21.5827338129497
"drhm-03",13,2009,100,100
"drhm-03",14,2009,99.9999999999999,100
"drhm-03",15,2009,70.8333333333334,70.8333333333334
"drhm-03",16,2009,87.8571428571429,87.8571428571429
"drhm-03",17,2009,97.1428571428572,97.1428571428572
"drhm-03",18,2009,65.4676258992806,65.4676258992806
"drhm-03",19,2009,32.3741007194244,32.3741007194245
"drhm-03",20,2009,25.8992805755395,25.8992805755395
"drhm-04",1,2009,95.138888888889,95.138888888889
"drhm-04",2,2009,67.1428571428571,67.1428571428571
"drhm-04",3,2009,39.8550724637681,39.8550724637681
"drhm-04",4,2009,20,20
"drhm-04",5,2009,86.231884057971,86.231884057971
"drhm-04",6,2009,30,30
"drhm-04",7,2009,27.6595744680851,27.6595744680851
"drhm-04",8,2009,44.9275362318841,44.9275362318841
"drhm-04",9,2009,22.8571428571429,22.8571428571429
"drhm-04",10,2009,15.2173913043478,15.2173913043478
"drhm-04",11,2009,17.1428571428571,17.1428571428571
"drhm-04",12,2009,29.2857142857143,29.2857142857143
"drhm-04",13,2009,35.2517985611511,35.9712230215827
"drhm-04",14,2009,15.7142857142857,15.7142857142857
"drhm-04",15,2009,15.4929577464789,15.4929577464789
"drhm-04",16,2009,25.7142857142857,26.4285714285714
"drhm-04",17,2009,45.3237410071942,45.3237410071942
"drhm-04",18,2009,17.0212765957446,17.0212765957446
"drhm-04",19,2009,21.0144927536232,21.0144927536232
"drhm-04",20,2009,92.0863309352518,92.0863309352518
"drhm-05",1,2009,27.8571428571429,27.8571428571429
"drhm-05",2,2009,27.1428571428571,27.1428571428571
"drhm-05",3,2009,36.6906474820144,36.6906474820144
"drhm-05",4,2009,42.8571428571428,42.8571428571429
"drhm-05",5,2009,83.3333333333333,83.3333333333333
"drhm-05",6,2009,100,100
"drhm-05",7,2009,53.4722222222223,53.4722222222223
"drhm-05",8,2009,61.5942028985507,61.5942028985507
"drhm-05",9,2009,70,71.4285714285715
"drhm-05",10,2009,64.7482014388489,64.7482014388489
"drhm-05",11,2009,51.0638297872341,51.0638297872341
"drhm-05",12,2009,65.9420289855073,65.9420289855073
"drhm-05",13,2009,98.5714285714286,98.5714285714286
"drhm-05",14,2009,100,100
"drhm-05",15,2009,100,100
"drhm-05",16,2009,99.9999999999999,100
"drhm-05",17,2009,100,100
"drhm-05",18,2009,51.0638297872341,51.0638297872341
"drhm-05",19,2009,56.5217391304348,56.5217391304348
"drhm-05",20,2009,35.7142857142857,35.7142857142857
"drhm-06",1,2009,27.0833333333333,27.0833333333333
"drhm-06",2,2009,82.6086956521739,82.608695652174
"drhm-06",3,2009,100,100
"drhm-06",4,2009,97.8260869565218,97.8260869565218
"drhm-06",5,2009,100,100
"drhm-06",6,2009,84.1726618705035,84.1726618705036
"drhm-06",7,2009,87.8571428571429,89.2857142857143
"drhm-06",8,2009,77.1428571428572,77.1428571428572
"drhm-06",9,2009,75.5395683453238,75.5395683453238
"drhm-06",10,2009,66.4285714285714,66.4285714285714
"drhm-06",11,2009,55.7971014492754,55.7971014492754
"drhm-06",12,2009,100,100
"drhm-06",13,2009,73.3812949640288,73.3812949640288
"drhm-06",14,2009,46.0992907801419,46.0992907801419
"drhm-06",15,2009,69.5035460992907,69.5035460992907
"drhm-06",16,2009,92.1428571428572,92.1428571428572
"drhm-06",17,2009,86.9565217391304,86.9565217391304
"drhm-06",18,2009,100,100
"drhm-06",19,2009,94.4444444444443,94.4444444444444
"drhm-06",20,2009,95.7142857142857,95.7142857142858
"drhm-07",1,2009,89.2857142857142,90
"drhm-07",2,2009,41.6058394160584,41.6058394160584
"drhm-07",3,2009,37.1428571428572,37.1428571428572
"drhm-07",4,2009,49.6350364963503,49.6350364963504
"drhm-07",5,2009,92.7007299270073,92.7007299270074
"drhm-07",6,2009,77.7777777777778,77.7777777777778
"drhm-07",7,2009,87.8571428571428,87.8571428571428
"drhm-07",8,2009,64.7482014388489,64.7482014388489
"drhm-07",9,2009,77.536231884058,77.536231884058
"drhm-07",10,2009,15.9420289855073,15.9420289855073
"drhm-07",11,2009,22.1428571428571,22.1428571428571
"drhm-07",12,2009,19.4444444444445,19.4444444444445
"drhm-07",13,2009,16.3120567375887,16.3120567375887
"drhm-07",14,2009,17.8571428571428,18.5714285714285
"drhm-07",15,2009,16.3120567375887,16.3120567375887
"drhm-07",16,2009,22.6277372262774,22.6277372262774
"drhm-07",17,2009,34.3065693430657,34.3065693430657
"drhm-07",18,2009,35.5072463768115,35.5072463768115
"drhm-07",19,2009,25.7142857142858,25.7142857142858
"drhm-07",20,2009,23.5714285714285,23.5714285714285
"drhm-08",1,2009,60.7142857142857,60.7142857142857
"drhm-08",2,2009,31.6546762589928,31.6546762589928
"drhm-08",3,2009,20.7142857142857,20.7142857142857
"drhm-08",4,2009,18.0555555555555,18.0555555555555
"drhm-08",5,2009,20,20
"drhm-08",6,2009,18.1159420289855,18.1159420289855
"drhm-08",7,2009,28.4671532846715,28.4671532846715
"drhm-08",8,2009,90.6474820143885,90.6474820143885
"drhm-08",9,2009,72.8571428571428,72.8571428571428
"drhm-08",10,2009,71.9424460431655,71.9424460431655
"drhm-08",11,2009,55,55
"drhm-08",12,2009,75.3623188405798,75.3623188405798
"drhm-08",13,2009,31.8840579710145,31.8840579710145
"drhm-08",14,2009,76.6423357664234,76.6423357664234
"drhm-08",15,2009,71.0144927536232,71.0144927536232
"drhm-08",16,2009,30.2158273381295,30.2158273381295
"drhm-08",17,2009,36.231884057971,36.231884057971
"drhm-08",18,2009,27.8571428571429,27.8571428571429
"drhm-08",19,2009,54.6762589928057,56.115107913669
"drhm-08",20,2009,42.8571428571429,42.8571428571429
"orng-01",1,2009,32.6241134751773,32.6241134751773
"orng-01",2,2009,18.8405797101449,18.8405797101449
"orng-01",3,2009,35.7142857142857,35.7142857142857
"orng-01",4,2009,38.8888888888888,38.8888888888888
"orng-01",5,2009,18.705035971223,18.705035971223
"orng-01",6,2009,24.2857142857142,24.2857142857143
"orng-01",7,2009,23.7410071942446,23.7410071942446
"orng-01",8,2009,20.7142857142858,20.7142857142858
"orng-01",9,2009,21.4285714285714,21.4285714285714
"orng-01",10,2009,19.4244604316547,19.4244604316547
"orng-01",11,2009,26.8115942028986,26.8115942028986
"orng-01",12,2009,21.7391304347826,21.7391304347826
"orng-01",13,2009,20.7142857142857,20.7142857142857
"orng-01",14,2009,16.5467625899281,16.5467625899281
"orng-01",15,2009,18.8405797101449,18.8405797101449
"orng-01",16,2009,24.4604316546763,24.4604316546763
"orng-01",17,2009,23.5714285714286,23.5714285714286
"orng-01",18,2009,17.2661870503597,17.2661870503597
"orng-01",19,2009,29.5774647887324,29.5774647887324
"orng-01",20,2009,16.3120567375887,16.3120567375887
"orng-02",1,2009,17.2661870503597,17.2661870503597
"orng-02",2,2009,18.8405797101449,18.8405797101449
"orng-02",3,2009,16.546762589928,16.546762589928
"orng-02",4,2009,12.1428571428571,12.1428571428571
"orng-02",5,2009,22.4637681159421,22.4637681159421
"orng-02",6,2009,22.3021582733813,23.0215827338129
"orng-02",7,2009,21.5827338129497,21.5827338129497
"orng-02",8,2009,37.4100719424461,37.4100719424461
"orng-02",9,2009,23.0215827338129,23.0215827338129
"orng-02",10,2009,14.2857142857143,14.2857142857143
"orng-02",11,2009,20.2898550724638,20.2898550724638
"orng-02",12,2009,17.5182481751825,17.5182481751825
"orng-02",13,2009,20.2898550724637,20.2898550724637
"orng-02",14,2009,33.8129496402877,33.8129496402877
"orng-02",15,2009,16.4285714285714,16.4285714285714
"orng-02",16,2009,17.8571428571428,17.8571428571428
"orng-02",17,2009,12.7659574468085,12.7659574468085
"orng-02",18,2009,32.1167883211679,32.1167883211679
"orng-02",19,2009,26.8115942028986,26.8115942028986
"orng-02",20,2009,16.5467625899281,16.5467625899281
"orng-03",1,2009,36.4963503649635,36.4963503649635
"orng-03",2,2009,25.7142857142857,25.7142857142857
"orng-03",3,2009,29.4964028776978,29.4964028776978
"orng-03",4,2009,28.5714285714286,28.5714285714286
"orng-03",5,2009,18.705035971223,18.705035971223
"orng-03",6,2009,23.9130434782609,23.9130434782609
"orng-03",7,2009,47.1428571428572,47.1428571428572
"orng-03",8,2009,26.3888888888889,26.3888888888889
"orng-03",9,2009,30,30
"orng-03",10,2009,57.1428571428572,57.1428571428572
"orng-03",11,2009,97.8260869565217,97.8260869565217
"orng-03",12,2009,84.2857142857144,84.2857142857144
"orng-03",13,2009,34.3065693430657,34.3065693430657
"orng-03",14,2009,17.0212765957447,17.0212765957447
"orng-03",15,2009,25.7142857142857,26.4285714285714
"orng-03",16,2009,16.6666666666667,16.6666666666667
"orng-03",17,2009,21.1678832116788,21.1678832116788
"orng-03",18,2009,20.863309352518,20.863309352518
"orng-03",19,2009,17.4825174825175,17.4825174825175
"orng-03",20,2009,19.8581560283688,19.8581560283688
"orng-04",1,2009,100,100
"orng-04",2,2009,100,100
"orng-04",3,2009,76.0869565217391,76.0869565217391
"orng-04",4,2009,90.6474820143885,90.6474820143886
"orng-04",5,2009,82.9787234042553,82.9787234042554
"orng-04",6,2009,99.2700729927007,99.2700729927008
"orng-04",7,2009,77.6978417266188,77.6978417266188
"orng-04",8,2009,80.2816901408451,80.2816901408451
"orng-04",9,2009,61.4285714285714,61.4285714285714
"orng-04",10,2009,42.8571428571429,42.8571428571429
"orng-04",11,2009,17.0212765957447,17.0212765957447
"orng-04",12,2009,18.1159420289855,18.1159420289855
"orng-04",13,2009,34.2857142857143,34.2857142857143
"orng-04",14,2009,28.7769784172662,28.7769784172662
"orng-04",15,2009,39.2857142857142,39.2857142857142
"orng-04",16,2009,49.2753623188406,49.2753623188406
"orng-04",17,2009,16.0583941605839,16.0583941605839
"orng-04",18,2009,17.9856115107914,17.9856115107914
"orng-04",19,2009,21.7391304347826,21.7391304347826
"orng-04",20,2009,19.2857142857143,19.2857142857143
"orng-05",1,2009,15.2173913043478,15.2173913043478
"orng-05",2,2009,16.3120567375886,16.3120567375886
"orng-05",3,2009,30.4964539007092,30.4964539007092
"orng-05",4,2009,19.2857142857143,19.2857142857143
"orng-05",5,2009,22.8571428571429,23.5714285714286
"orng-05",6,2009,31.8840579710145,31.8840579710145
"orng-05",7,2009,30.9352517985612,30.9352517985612
"orng-05",8,2009,25.5474452554745,25.5474452554745
"orng-05",9,2009,15.9420289855072,15.9420289855072
"orng-05",10,2009,20.863309352518,20.863309352518
"orng-05",11,2009,18.5714285714285,18.5714285714285
"orng-05",12,2009,19.2857142857143,19.2857142857143
"orng-05",13,2009,24.4604316546763,24.4604316546763
"orng-05",14,2009,17.3611111111111,17.3611111111111
"orng-05",15,2009,19.2857142857143,19.2857142857143
"orng-05",16,2009,23.7410071942446,23.7410071942446
"orng-05",17,2009,31.4285714285714,31.4285714285714
"orng-05",18,2009,23.9130434782609,23.9130434782609
"orng-05",19,2009,24.8175182481752,24.8175182481752
"orng-05",20,2009,18.1159420289855,18.1159420289855
"orng-06",1,2009,17.8571428571429,17.8571428571429
"orng-06",2,2009,15.6028368794326,15.6028368794326
"orng-06",3,2009,25,25
"orng-06",4,2009,16.6666666666667,16.6666666666667
"orng-06",5,2009,25,25
"orng-06",6,2009,45.3237410071942,45.3237410071942
"orng-06",7,2009,69.3430656934307,69.3430656934307
"orng-06",8,2009,45.3900709219859,45.3900709219859
"orng-06",9,2009,32.1428571428571,32.1428571428572
"orng-06",10,2009,68.6131386861315,68.6131386861315
"orng-06",11,2009,90.6474820143885,90.6474820143885
"orng-06",12,2009,87.6811594202899,87.6811594202899
"orng-06",13,2009,30.2158273381295,30.2158273381295
"orng-06",14,2009,54.6099290780142,54.6099290780142
"orng-06",15,2009,90.6474820143885,90.6474820143885
"orng-06",16,2009,71.7391304347826,71.7391304347826
"orng-06",17,2009,51.0791366906475,51.0791366906475
"orng-06",18,2009,47.4820143884893,47.4820143884893
"orng-06",19,2009,24.0875912408759,24.0875912408759
"orng-06",20,2009,43.5714285714285,43.5714285714285
"orng-07",1,2009,44.6043165467626,44.6043165467626
"orng-07",2,2009,38.4057971014492,38.4057971014493
"orng-07",3,2009,21.0144927536232,21.0144927536232
"orng-07",4,2009,23.1884057971015,23.1884057971015
"orng-07",5,2009,20.863309352518,20.863309352518
"orng-07",6,2009,18.8405797101449,18.8405797101449
"orng-07",7,2009,18.1159420289855,18.1159420289855
"orng-07",8,2009,18.705035971223,18.705035971223
"orng-07",9,2009,30.9352517985611,30.9352517985611
"orng-07",10,2009,21.830985915493,22.5352112676056
"orng-07",11,2009,15.9420289855072,15.9420289855072
"orng-07",12,2009,12.9496402877698,12.9496402877698
"orng-07",13,2009,28.1690140845071,28.1690140845071
"orng-07",14,2009,19.5652173913044,19.5652173913044
"orng-07",15,2009,47.8260869565218,49.2753623188406
"orng-07",16,2009,33.5714285714285,34.2857142857142
"orng-07",17,2009,16.6666666666667,16.6666666666667
"orng-07",18,2009,20.863309352518,20.863309352518
"orng-07",19,2009,40.2877697841726,40.2877697841727
"orng-07",20,2009,16.3120567375887,16.3120567375887
"orng-08",1,2009,27.8571428571428,27.8571428571428
"orng-08",2,2009,25.3623188405797,25.3623188405797
"orng-08",3,2009,26.6187050359713,26.6187050359713
"orng-08",4,2009,42.8571428571429,42.8571428571429
"orng-08",5,2009,17.8571428571429,17.8571428571429
"orng-08",6,2009,17.8571428571428,17.8571428571428
"orng-08",7,2009,20.1438848920863,20.1438848920863
"orng-08",8,2009,30.4964539007092,30.4964539007092
"orng-08",9,2009,26.8115942028985,27.536231884058
"orng-08",10,2009,33.5714285714286,33.5714285714286
"orng-08",11,2009,15.7142857142857,15.7142857142857
"orng-08",12,2009,17.8571428571429,18.5714285714286
"orng-08",13,2009,16.4285714285714,16.4285714285714
"orng-08",14,2009,20.7142857142857,22.1428571428571
"orng-08",15,2009,17.9856115107914,17.9856115107914
"orng-08",16,2009,18.4397163120567,18.4397163120567
"orng-08",17,2009,19.2857142857143,19.2857142857143
"orng-08",18,2009,18.705035971223,18.705035971223
"orng-08",19,2009,35.7142857142857,35.7142857142857
"orng-08",20,2009,16.4285714285714,16.4285714285714
"orng-09",1,2009,27.1428571428571,27.1428571428571
"orng-09",2,2009,17.7304964539007,17.7304964539007
"orng-09",3,2009,25,25
"orng-09",4,2009,12.2302158273382,12.2302158273382
"orng-09",5,2009,23.9130434782609,23.9130434782609
"orng-09",6,2009,15.9420289855072,16.6666666666666
"orng-09",7,2009,37.5886524822695,37.5886524822695
"orng-09",8,2009,26.8115942028985,26.8115942028985
"orng-09",9,2009,19.5652173913043,19.5652173913043
"orng-09",10,2009,26.4285714285714,26.4285714285714
"orng-09",11,2009,17.8571428571429,17.8571428571429
"orng-09",12,2009,17.1428571428571,17.1428571428571
"orng-09",13,2009,20.1438848920863,20.1438848920864
"orng-09",14,2009,17.1428571428572,17.1428571428572
"orng-09",15,2009,21.7391304347826,21.7391304347826
"orng-09",16,2009,21.5827338129497,21.5827338129497
"orng-09",17,2009,32.1428571428571,32.1428571428571
"orng-09",18,2009,29.2857142857143,29.2857142857143
"orng-09",19,2009,26.4285714285714,26.4285714285714
"orng-09",20,2009,24.113475177305,24.113475177305
"orng-10",1,2009,32.1428571428572,32.1428571428572
"orng-10",2,2009,20.863309352518,20.863309352518
"orng-10",3,2009,44.2028985507247,44.2028985507247
"orng-10",4,2009,32.3741007194245,32.3741007194245
"orng-10",5,2009,34.2857142857143,34.2857142857143
"orng-10",6,2009,31.6546762589928,31.6546762589928
"orng-10",7,2009,31.9444444444445,31.9444444444445
"orng-10",8,2009,21.0144927536232,21.0144927536232
"orng-10",9,2009,25.3623188405797,25.3623188405797
"orng-10",10,2009,70.2127659574468,70.2127659574468
"orng-10",11,2009,67.1428571428572,67.1428571428572
"orng-10",12,2009,66.6666666666666,66.6666666666667
"orng-10",13,2009,39.8601398601399,39.8601398601399
"orng-10",14,2009,20.1438848920863,20.1438848920863
"orng-10",15,2009,19.8581560283688,19.8581560283688
"orng-10",16,2009,30.9352517985612,30.9352517985612
"orng-10",17,2009,26.0869565217391,26.0869565217391
"orng-10",18,2009,18.8811188811189,18.8811188811189
"orng-10",19,2009,33.5766423357665,33.5766423357665
"orng-10",20,2009,51.4492753623188,51.4492753623188
"orng-11",1,2009,24.4604316546763,24.4604316546763
"orng-11",2,2009,20.7142857142857,20.7142857142857
"orng-11",3,2009,25.8992805755396,25.8992805755396
"orng-11",4,2009,22.3021582733813,22.3021582733813
"orng-11",5,2009,40.4255319148937,40.4255319148937
"orng-11",6,2009,28.7769784172662,28.7769784172662
"orng-11",7,2009,21.7391304347826,21.7391304347826
"orng-11",8,2009,23.5714285714286,23.5714285714286
"orng-11",9,2009,26.4285714285714,26.4285714285714
"orng-11",10,2009,23.0215827338129,23.0215827338129
"orng-11",11,2009,31.4285714285714,31.4285714285714
"orng-11",12,2009,16.3120567375887,16.3120567375887
"orng-11",13,2009,23.9130434782608,23.9130434782608
"orng-11",14,2009,21.0144927536232,21.7391304347826
"orng-11",15,2009,21.9858156028369,21.9858156028369
"orng-11",16,2009,22.3021582733813,23.021582733813
"orng-11",17,2009,28.4722222222222,29.1666666666666
"orng-11",18,2009,27.3381294964029,28.0575539568345
"orng-11",19,2009,19.4244604316547,19.4244604316547
"orng-11",20,2009,23.404255319149,23.404255319149
"orng-12",1,2009,31.6546762589928,31.6546762589928
"orng-12",2,2009,27.972027972028,27.972027972028
"orng-12",3,2009,25.8992805755396,25.8992805755396
"orng-12",4,2009,29.2857142857143,29.2857142857143
"orng-12",5,2009,40.5797101449275,40.5797101449275
"orng-12",6,2009,72.3404255319149,72.340425531915
"orng-12",7,2009,99.9999999999999,100
"orng-12",8,2009,97.2027972027973,97.2027972027973
"orng-12",9,2009,95.7142857142857,95.7142857142858
"orng-12",10,2009,100,100
"orng-12",11,2009,100,100
"orng-12",12,2009,100,100
"orng-12",13,2009,97.841726618705,97.841726618705
"orng-12",14,2009,97.1631205673758,97.1631205673759
"orng-12",15,2009,76.8115942028986,76.8115942028986
"orng-12",16,2009,25.8992805755396,25.8992805755396
"orng-12",17,2009,31.6546762589928,31.6546762589928
"orng-12",18,2009,59.2857142857143,59.2857142857143
"orng-12",19,2009,23.9130434782608,23.9130434782608
"orng-12",20,2009,23.5714285714286,23.5714285714286
"cthm-01",1,2010,24.4604316546762,25.1798561151079
"cthm-01",2,2010,18.8405797101449,18.8405797101449
"cthm-01",3,2010,32.1428571428572,32.1428571428572
"cthm-01",4,2010,34.2857142857143,34.2857142857143
"cthm-01",5,2010,50.0000000000001,50.0000000000001
"cthm-01",6,2010,44.5255474452554,44.5255474452554
"cthm-01",7,2010,25.6944444444445,26.3888888888889
"cthm-01",8,2010,18.75,18.75
"cthm-01",9,2010,19.8581560283688,19.8581560283688
"cthm-01",10,2010,25.8992805755396,25.8992805755396
"cthm-01",11,2010,41.6058394160584,41.6058394160584
"cthm-01",12,2010,37.6811594202899,37.6811594202899
"cthm-01",13,2010,27.8571428571428,27.8571428571428
"cthm-01",14,2010,17.3913043478261,18.1159420289855
"cthm-01",15,2010,34.7826086956521,34.7826086956522
"cthm-01",16,2010,42.8571428571429,42.8571428571429
"cthm-01",17,2010,28.0575539568346,28.7769784172662
"cthm-01",18,2010,36.9565217391305,36.9565217391305
"cthm-01",19,2010,34.0425531914893,34.0425531914893
"cthm-01",20,2010,42.4460431654676,42.4460431654676
"cthm-02",1,2010,13.6690647482015,13.6690647482015
"cthm-02",2,2010,16.4285714285714,16.4285714285714
"cthm-02",3,2010,24.2857142857143,24.2857142857143
"cthm-02",4,2010,13.0434782608696,13.0434782608696
"cthm-02",5,2010,53.2846715328467,53.2846715328467
"cthm-02",6,2010,77.0833333333334,77.0833333333334
"cthm-02",7,2010,38.1294964028777,38.1294964028777
"cthm-02",8,2010,58.2733812949641,58.2733812949641
"cthm-02",9,2010,28.2608695652174,28.2608695652174
"cthm-02",10,2010,22.1428571428572,22.1428571428572
"cthm-02",11,2010,32.8467153284671,32.8467153284671
"cthm-02",12,2010,22.463768115942,22.463768115942
"cthm-02",13,2010,7.97101449275362,7.97101449275362
"cthm-02",14,2010,27.3381294964028,27.3381294964028
"cthm-02",15,2010,33.5714285714285,33.5714285714286
"cthm-02",16,2010,18.8405797101449,18.8405797101449
"cthm-02",17,2010,25.7142857142857,25.7142857142857
"cthm-02",18,2010,24.4604316546763,24.4604316546763
"cthm-02",19,2010,37.6811594202899,37.6811594202899
"cthm-02",20,2010,24.2857142857143,24.2857142857143
"cthm-03",1,2010,25,25
"cthm-03",2,2010,25,25
"cthm-03",3,2010,47.5524475524476,47.5524475524476
"cthm-03",4,2010,40.2777777777778,40.2777777777778
"cthm-03",5,2010,56.1151079136691,56.1151079136691
"cthm-03",6,2010,27.3381294964029,27.3381294964029
"cthm-03",7,2010,90.7142857142857,90.7142857142858
"cthm-03",8,2010,31.4285714285714,31.4285714285714
"cthm-03",9,2010,14.2857142857143,14.2857142857143
"cthm-03",10,2010,20.1438848920863,20.1438848920864
"cthm-03",11,2010,21.7391304347826,21.7391304347826
"cthm-03",12,2010,17.2661870503597,17.9856115107914
"cthm-03",13,2010,17.1428571428571,17.1428571428571
"cthm-03",14,2010,20,20
"cthm-03",15,2010,20,23.5714285714286
"cthm-03",16,2010,19.4244604316547,19.4244604316547
"cthm-03",17,2010,20.863309352518,20.863309352518
"cthm-03",18,2010,19.1489361702128,19.1489361702128
"cthm-03",19,2010,36.4285714285714,36.4285714285714
"cthm-03",20,2010,21.9858156028369,22.6950354609929
"cthm-04",2,2010,19.1489361702128,19.1489361702128
"cthm-04",3,2010,19.5652173913043,19.5652173913043
"cthm-04",4,2010,9.28571428571429,9.28571428571429
"cthm-04",5,2010,21.4285714285714,21.4285714285714
"cthm-04",6,2010,29.2857142857143,29.2857142857143
"cthm-04",7,2010,12.2302158273381,12.2302158273382
"cthm-04",8,2010,20,20
"cthm-04",9,2010,72.463768115942,72.463768115942
"cthm-04",10,2010,39.1304347826086,39.8550724637681
"cthm-04",11,2010,57.5539568345324,57.5539568345324
"cthm-04",12,2010,15.1079136690647,15.1079136690648
"cthm-04",13,2010,17.8571428571428,17.8571428571428
"cthm-04",14,2010,27.8571428571428,27.8571428571428
"cthm-04",15,2010,8.57142857142857,8.57142857142857
"cthm-04",16,2010,4.31654676258993,4.31654676258993
"cthm-04",17,2010,18.8405797101449,18.8405797101449
"cthm-04",18,2010,20.7142857142857,20.7142857142857
"cthm-04",19,2010,21.5827338129496,21.5827338129496
"cthm-04",20,2010,17.2661870503597,17.2661870503597
"cthm-05",1,2010,21.0144927536232,21.0144927536232
"cthm-05",2,2010,19.2857142857142,19.2857142857142
"cthm-05",3,2010,15.8273381294964,15.8273381294964
"cthm-05",4,2010,13.6690647482015,13.6690647482015
"cthm-05",5,2010,12.8571428571429,15
"cthm-05",6,2010,14.3884892086331,14.3884892086331
"cthm-05",7,2010,18.75,18.75
"cthm-05",8,2010,17.2661870503597,17.2661870503597
"cthm-05",9,2010,17.1428571428572,17.1428571428572
"cthm-05",10,2010,18.8405797101449,18.8405797101449
"cthm-05",11,2010,23.5714285714285,23.5714285714286
"cthm-05",12,2010,16.5467625899281,16.5467625899281
"cthm-05",13,2010,21.1678832116788,21.1678832116788
"cthm-05",14,2010,15.6028368794326,15.6028368794326
"cthm-05",15,2010,18.8811188811189,18.8811188811189
"cthm-05",16,2010,29.1970802919708,29.1970802919708
"cthm-05",17,2010,20.8333333333334,20.8333333333334
"cthm-05",18,2010,14.1843971631205,15.6028368794326
"cthm-05",19,2010,18.8405797101449,18.8405797101449
"cthm-05",20,2010,23.7410071942447,23.7410071942447
"cthm-06",1,2010,33.3333333333333,34.0579710144927
"cthm-06",2,2010,31.4285714285715,32.1428571428572
"cthm-06",3,2010,18.705035971223,18.705035971223
"cthm-06",4,2010,24.4604316546763,24.4604316546763
"cthm-06",5,2010,15.7142857142857,15.7142857142857
"cthm-06",6,2010,17.9856115107914,19.4244604316547
"cthm-06",7,2010,26.6187050359712,26.6187050359712
"cthm-06",8,2010,28.5714285714286,28.5714285714286
"cthm-06",9,2010,19.2857142857143,19.2857142857143
"cthm-06",10,2010,21.7391304347826,21.7391304347826
"cthm-06",11,2010,28.0575539568346,28.0575539568346
"cthm-06",12,2010,20,20
"cthm-06",13,2010,41.4285714285714,41.4285714285714
"cthm-06",14,2010,22.3021582733813,22.3021582733813
"cthm-06",15,2010,22.695035460993,23.4042553191489
"cthm-06",16,2010,24.4604316546763,24.4604316546763
"cthm-06",17,2010,16.5467625899281,16.5467625899281
"cthm-06",18,2010,20.5673758865249,20.5673758865249
"cthm-06",19,2010,19.4244604316547,19.4244604316547
"cthm-06",20,2010,17.2661870503598,17.2661870503598
"cthm-07",1,2010,19.5652173913043,21.0144927536232
"cthm-07",2,2010,19.2857142857143,19.2857142857143
"cthm-07",3,2010,28.5714285714286,28.5714285714286
"cthm-07",4,2010,14.4927536231884,14.4927536231884
"cthm-07",5,2010,15.1079136690647,16.5467625899281
"cthm-07",6,2010,14.8936170212766,17.0212765957447
"cthm-07",7,2010,16.4285714285714,16.4285714285714
"cthm-07",8,2010,17.1428571428571,17.1428571428571
"cthm-07",9,2010,25.531914893617,25.531914893617
"cthm-07",10,2010,20.1438848920864,20.1438848920864
"cthm-07",11,2010,18.705035971223,18.705035971223
"cthm-07",12,2010,15.1079136690647,15.1079136690647
"cthm-07",13,2010,21.7391304347826,21.7391304347826
"cthm-07",14,2010,15.9420289855072,15.9420289855072
"cthm-07",15,2010,24.4604316546763,24.4604316546763
"cthm-07",16,2010,18.5714285714286,18.5714285714286
"cthm-07",17,2010,17.3913043478261,17.3913043478261
"cthm-07",18,2010,17.1428571428571,17.1428571428571
"cthm-07",19,2010,16.0583941605839,16.0583941605839
"cthm-07",20,2010,20.1388888888889,20.1388888888889
"cthm-08",1,2010,17.1428571428571,17.1428571428571
"cthm-08",2,2010,47.5177304964539,47.5177304964539
"cthm-08",3,2010,33.5714285714286,33.5714285714286
"cthm-08",4,2010,23.7410071942446,23.7410071942446
"cthm-08",5,2010,23.6111111111111,23.6111111111111
"cthm-08",6,2010,26.6187050359712,26.6187050359712
"cthm-08",7,2010,34.0579710144927,34.0579710144927
"cthm-08",8,2010,27.1428571428571,27.1428571428571
"cthm-08",9,2010,19.2857142857142,19.2857142857142
"cthm-08",10,2010,17.1428571428572,17.1428571428572
"cthm-08",11,2010,30.9352517985611,30.9352517985611
"cthm-08",12,2010,15.1079136690647,16.5467625899281
"cthm-08",13,2010,15.9420289855072,15.9420289855072
"cthm-08",14,2010,22.3021582733813,22.3021582733813
"cthm-08",15,2010,17.9856115107914,17.9856115107914
"cthm-08",16,2010,14.4927536231884,14.4927536231884
"cthm-08",17,2010,19.2857142857143,19.2857142857143
"cthm-08",18,2010,14.5833333333333,14.5833333333333
"cthm-08",19,2010,15.1079136690647,16.5467625899281
"cthm-08",20,2010,29.9270072992701,29.9270072992701
"cthm-09",1,2010,20,20
"cthm-09",2,2010,20.863309352518,20.863309352518
"cthm-09",3,2010,40.7142857142857,41.4285714285714
"cthm-09",4,2010,33.8028169014085,33.8028169014085
"cthm-09",5,2010,46.7153284671533,46.7153284671533
"cthm-09",6,2010,28.0575539568345,28.0575539568345
"cthm-09",7,2010,20.2898550724637,20.2898550724637
"cthm-09",8,2010,34.5323741007194,34.5323741007194
"cthm-09",9,2010,34.5323741007194,34.5323741007194
"cthm-09",10,2010,33.0935251798561,33.0935251798561
"cthm-09",11,2010,32.1428571428572,32.1428571428572
"cthm-09",12,2010,19.8581560283688,19.8581560283688
"cthm-09",13,2010,20.2898550724637,20.2898550724637
"cthm-09",14,2010,12.8571428571429,12.8571428571429
"cthm-09",15,2010,27.6595744680851,27.6595744680851
"cthm-09",16,2010,17.2661870503597,17.2661870503597
"cthm-09",17,2010,17.9856115107914,17.9856115107914
"cthm-09",18,2010,25,25
"cthm-09",19,2010,17.8571428571428,17.8571428571428
"cthm-09",20,2010,21.0144927536232,21.0144927536232
"cthm-10",1,2010,25.3623188405797,25.3623188405797
"cthm-10",2,2010,31.4285714285715,31.4285714285715
"cthm-10",3,2010,23.7410071942446,23.7410071942446
"cthm-10",4,2010,27.8571428571429,27.8571428571429
"cthm-10",5,2010,38.5714285714285,38.5714285714285
"cthm-10",6,2010,34.0579710144928,34.0579710144928
"cthm-10",7,2010,23.7410071942446,23.7410071942446
"cthm-10",8,2010,27.1428571428571,27.1428571428571
"cthm-10",9,2010,27.7372262773723,27.7372262773723
"cthm-10",10,2010,17.2661870503597,17.2661870503597
"cthm-10",11,2010,24.8175182481752,24.8175182481752
"cthm-10",12,2010,31.2056737588653,31.2056737588653
"cthm-10",13,2010,28.0575539568346,28.0575539568346
"cthm-10",14,2010,59.7122302158273,59.7122302158273
"cthm-10",15,2010,30.4347826086956,30.4347826086956
"cthm-10",16,2010,92.0289855072463,92.0289855072463
"cthm-10",17,2010,91.4285714285714,91.4285714285714
"cthm-10",18,2010,33.8028169014084,33.8028169014084
"cthm-10",19,2010,23.5714285714286,23.5714285714286
"cthm-10",20,2010,20.863309352518,20.863309352518
"cthm-11",1,2010,18.8405797101449,20.2898550724637
"cthm-11",2,2010,27.8571428571429,27.8571428571429
"cthm-11",3,2010,26.4285714285714,26.4285714285714
"cthm-11",4,2010,23.021582733813,23.021582733813
"cthm-11",5,2010,15.9420289855072,15.9420289855072
"cthm-11",6,2010,18.5714285714285,19.2857142857142
"cthm-11",7,2010,26.8115942028986,26.8115942028986
"cthm-11",8,2010,17.0212765957447,17.0212765957447
"cthm-11",9,2010,25,25
"cthm-11",10,2010,18.705035971223,18.705035971223
"cthm-11",11,2010,37.7622377622378,37.7622377622378
"cthm-11",12,2010,13.986013986014,13.986013986014
"cthm-11",13,2010,21.2765957446809,21.2765957446809
"cthm-11",14,2010,15.9722222222222,18.0555555555556
"cthm-11",15,2010,15,15
"cthm-11",16,2010,27.3381294964029,27.3381294964029
"cthm-11",17,2010,30.9352517985611,30.9352517985611
"cthm-11",18,2010,27.0833333333333,27.0833333333333
"cthm-11",19,2010,18.4397163120567,18.4397163120567
"cthm-11",20,2010,45,45
"cthm-12",1,2010,29.7101449275362,32.6086956521739
"cthm-12",2,2010,16.6666666666667,17.3611111111111
"cthm-12",3,2010,17.2661870503597,17.2661870503597
"cthm-12",4,2010,34.5323741007195,34.5323741007195
"cthm-12",5,2010,18.1159420289855,18.8405797101449
"cthm-12",6,2010,35.4609929078014,35.4609929078014
"cthm-12",7,2010,20,20
"cthm-12",8,2010,16.6666666666667,17.3611111111111
"cthm-12",9,2010,19.8581560283688,19.8581560283688
"cthm-12",10,2010,32.8467153284672,32.8467153284672
"cthm-12",11,2010,21.5827338129496,21.5827338129496
"cthm-12",12,2010,26.8115942028985,26.8115942028985
"cthm-12",13,2010,15.7142857142857,15.7142857142857
"cthm-12",14,2010,15.7142857142857,15.7142857142857
"cthm-12",15,2010,15.7142857142857,15.7142857142857
"cthm-12",16,2010,30.7142857142857,30.7142857142857
"cthm-12",17,2010,15.2173913043478,15.2173913043478
"cthm-12",18,2010,52.8985507246377,53.6231884057971
"cthm-12",19,2010,23.5714285714286,23.5714285714286
"cthm-12",20,2010,37.8571428571429,37.8571428571429
"cthm-13",1,2010,26.3888888888888,26.3888888888888
"cthm-13",2,2010,23.9130434782609,23.9130434782609
"cthm-13",3,2010,23.7410071942446,23.7410071942446
"cthm-13",4,2010,16.6666666666666,23.6111111111111
"cthm-13",5,2010,29.7101449275362,29.7101449275362
"cthm-13",6,2010,22.1428571428571,22.1428571428571
"cthm-13",7,2010,48.22695035461,48.936170212766
"cthm-13",8,2010,35.9712230215827,35.9712230215827
"cthm-13",9,2010,100,100
"cthm-13",10,2010,100,100
"cthm-13",11,2010,100,100
"cthm-13",12,2010,78.1021897810219,78.1021897810219
"cthm-13",13,2010,38.4615384615385,38.4615384615385
"cthm-13",14,2010,20.863309352518,20.863309352518
"cthm-13",15,2010,29.2857142857143,29.2857142857143
"cthm-13",16,2010,52.5547445255474,52.5547445255474
"cthm-13",17,2010,32.6388888888889,32.6388888888889
"cthm-13",18,2010,16.5467625899281,18.705035971223
"cthm-13",19,2010,21.7391304347826,21.7391304347826
"cthm-13",20,2010,15.7142857142857,15.7142857142857
"cthm-14",1,2010,45.6521739130435,45.6521739130435
"cthm-14",2,2010,23.1884057971014,23.1884057971015
"cthm-14",3,2010,20.2797202797203,20.2797202797203
"cthm-14",4,2010,30.7692307692308,30.7692307692308
"cthm-14",5,2010,36.8794326241135,36.8794326241135
"cthm-14",6,2010,27.6595744680851,27.6595744680851
"cthm-14",7,2010,18.2481751824817,18.2481751824817
"cthm-14",8,2010,17.2661870503597,17.2661870503597
"cthm-14",9,2010,17.8571428571428,17.8571428571428
"cthm-14",10,2010,27.3381294964029,27.3381294964029
"cthm-14",11,2010,29.7101449275363,29.7101449275363
"cthm-14",12,2010,35.7142857142857,35.7142857142857
"cthm-14",13,2010,30.7142857142858,30.7142857142858
"cthm-14",14,2010,25.7142857142857,25.7142857142857
"cthm-14",15,2010,14.3884892086331,14.3884892086331
"cthm-14",16,2010,27.5362318840579,27.536231884058
"cthm-14",17,2010,20.1438848920863,20.1438848920863
"cthm-14",18,2010,18.705035971223,19.4244604316547
"cthm-14",19,2010,22.463768115942,22.463768115942
"cthm-14",20,2010,29.7872340425532,29.7872340425532
"drhm-01",1,2010,17.2661870503598,17.2661870503598
"drhm-01",2,2010,20.863309352518,20.863309352518
"drhm-01",3,2010,24.4604316546763,24.4604316546763
"drhm-01",4,2010,24.2857142857143,24.2857142857143
"drhm-01",5,2010,20.5673758865248,20.5673758865248
"drhm-01",6,2010,31.9148936170212,31.9148936170212
"drhm-01",7,2010,22.6950354609929,22.6950354609929
"drhm-01",8,2010,17.9856115107914,17.9856115107914
"drhm-01",9,2010,16.3120567375886,16.3120567375886
"drhm-01",10,2010,25.3623188405797,25.3623188405797
"drhm-01",11,2010,15,15.7142857142857
"drhm-01",12,2010,20.1438848920864,20.1438848920864
"drhm-01",13,2010,14.3884892086331,15.1079136690647
"drhm-01",14,2010,14.5985401459854,14.5985401459854
"drhm-01",15,2010,20.7142857142857,20.7142857142857
"drhm-01",16,2010,18.4397163120568,18.4397163120568
"drhm-01",17,2010,20.1438848920863,20.1438848920863
"drhm-01",18,2010,18.5714285714285,18.5714285714285
"drhm-01",19,2010,20.2898550724637,20.2898550724637
"drhm-01",20,2010,23.1884057971014,23.9130434782609
"drhm-02",1,2010,21.830985915493,21.830985915493
"drhm-02",2,2010,24.2857142857143,24.2857142857143
"drhm-02",3,2010,36.9565217391304,36.9565217391304
"drhm-02",4,2010,27.8571428571429,27.8571428571429
"drhm-02",5,2010,29.2857142857143,29.2857142857143
"drhm-02",6,2010,23.3576642335766,23.3576642335767
"drhm-02",7,2010,36.6906474820144,36.6906474820144
"drhm-02",8,2010,19.4444444444445,19.4444444444445
"drhm-02",9,2010,24.113475177305,24.113475177305
"drhm-02",10,2010,11.5107913669065,11.5107913669065
"drhm-02",11,2010,18.1159420289855,18.1159420289855
"drhm-02",12,2010,26.0869565217391,26.0869565217391
"drhm-02",13,2010,17.1428571428571,17.1428571428571
"drhm-02",14,2010,20.2898550724638,20.2898550724638
"drhm-02",15,2010,17.1428571428572,17.1428571428572
"drhm-02",16,2010,23.404255319149,23.404255319149
"drhm-02",17,2010,26.4285714285714,26.4285714285714
"drhm-02",18,2010,20.863309352518,20.863309352518
"drhm-02",19,2010,23.404255319149,23.404255319149
"drhm-02",20,2010,24.6376811594203,24.6376811594203
"drhm-03",1,2010,100,100
"drhm-03",2,2010,100,100
"drhm-03",3,2010,100,100
"drhm-03",4,2010,100,100
"drhm-03",5,2010,100,100
"drhm-03",6,2010,96.4285714285715,97.8571428571429
"drhm-03",7,2010,80,80
"drhm-03",8,2010,100,100
"drhm-03",9,2010,93.5714285714286,93.5714285714286
"drhm-03",10,2010,87.1428571428572,87.1428571428572
"drhm-03",11,2010,18.705035971223,18.705035971223
"drhm-03",12,2010,21.5827338129497,21.5827338129497
"drhm-03",13,2010,100,100
"drhm-03",14,2010,99.9999999999999,100
"drhm-03",15,2010,70.8333333333333,70.8333333333334
"drhm-03",16,2010,87.8571428571429,87.8571428571429
"drhm-03",17,2010,97.1428571428572,97.1428571428572
"drhm-03",18,2010,65.4676258992806,65.4676258992806
"drhm-03",19,2010,32.3741007194244,32.3741007194245
"drhm-03",20,2010,25.8992805755395,25.8992805755395
"drhm-04",1,2010,95.1388888888889,95.138888888889
"drhm-04",2,2010,67.1428571428571,67.1428571428571
"drhm-04",3,2010,39.8550724637681,39.8550724637681
"drhm-04",4,2010,20,20
"drhm-04",5,2010,86.231884057971,86.231884057971
"drhm-04",6,2010,30,30
"drhm-04",7,2010,27.6595744680851,27.6595744680851
"drhm-04",8,2010,44.9275362318841,44.9275362318841
"drhm-04",9,2010,22.8571428571429,22.8571428571429
"drhm-04",10,2010,15.2173913043478,15.2173913043478
"drhm-04",11,2010,17.1428571428571,17.1428571428571
"drhm-04",12,2010,29.2857142857143,29.2857142857143
"drhm-04",13,2010,35.2517985611511,35.9712230215827
"drhm-04",14,2010,15.7142857142857,15.7142857142857
"drhm-04",15,2010,15.4929577464789,15.4929577464789
"drhm-04",16,2010,25.7142857142857,26.4285714285714
"drhm-04",17,2010,45.3237410071942,45.3237410071942
"drhm-04",18,2010,17.0212765957446,17.0212765957446
"drhm-04",19,2010,21.0144927536232,21.0144927536232
"drhm-04",20,2010,92.8057553956834,92.8057553956834
"drhm-05",1,2010,27.8571428571429,27.8571428571429
"drhm-05",2,2010,27.1428571428571,27.1428571428571
"drhm-05",3,2010,36.6906474820144,36.6906474820144
"drhm-05",4,2010,42.8571428571429,42.8571428571429
"drhm-05",5,2010,83.3333333333333,83.3333333333333
"drhm-05",6,2010,100,100
"drhm-05",7,2010,53.4722222222223,53.4722222222223
"drhm-05",8,2010,63.7681159420289,63.7681159420289
"drhm-05",9,2010,70,71.4285714285715
"drhm-05",10,2010,64.7482014388489,64.7482014388489
"drhm-05",11,2010,51.0638297872341,51.0638297872341
"drhm-05",12,2010,65.9420289855072,65.9420289855073
"drhm-05",13,2010,98.5714285714286,98.5714285714286
"drhm-05",14,2010,100,100
"drhm-05",15,2010,100,100
"drhm-05",16,2010,100,100
"drhm-05",17,2010,100,100
"drhm-05",18,2010,51.0638297872341,51.0638297872341
"drhm-05",19,2010,56.5217391304348,56.5217391304348
"drhm-05",20,2010,35.7142857142857,35.7142857142857
"drhm-06",1,2010,27.7777777777777,27.7777777777777
"drhm-06",2,2010,82.6086956521739,82.608695652174
"drhm-06",3,2010,100,100
"drhm-06",4,2010,97.8260869565218,97.8260869565218
"drhm-06",5,2010,100,100
"drhm-06",6,2010,84.1726618705035,84.1726618705036
"drhm-06",7,2010,88.5714285714286,89.2857142857143
"drhm-06",8,2010,77.1428571428572,77.1428571428572
"drhm-06",9,2010,75.5395683453238,75.5395683453238
"drhm-06",10,2010,68.5714285714285,68.5714285714285
"drhm-06",11,2010,55.7971014492754,55.7971014492754
"drhm-06",12,2010,100,100
"drhm-06",13,2010,73.3812949640288,73.3812949640288
"drhm-06",14,2010,46.0992907801419,46.0992907801419
"drhm-06",15,2010,69.5035460992907,69.5035460992907
"drhm-06",16,2010,92.1428571428572,92.1428571428572
"drhm-06",17,2010,86.9565217391304,86.9565217391304
"drhm-06",18,2010,100,100
"drhm-06",19,2010,94.4444444444443,94.4444444444444
"drhm-06",20,2010,95.7142857142858,95.7142857142858
"drhm-07",1,2010,89.2857142857142,90
"drhm-07",2,2010,58.3941605839416,58.3941605839416
"drhm-07",3,2010,37.8571428571429,37.8571428571429
"drhm-07",4,2010,49.6350364963503,49.6350364963504
"drhm-07",5,2010,92.7007299270073,92.7007299270074
"drhm-07",6,2010,81.2499999999999,81.2499999999999
"drhm-07",7,2010,87.8571428571428,87.8571428571428
"drhm-07",8,2010,64.7482014388489,64.7482014388489
"drhm-07",9,2010,77.536231884058,77.536231884058
"drhm-07",10,2010,15.9420289855073,15.9420289855073
"drhm-07",11,2010,22.1428571428571,22.1428571428571
"drhm-07",12,2010,19.4444444444445,19.4444444444445
"drhm-07",13,2010,16.3120567375887,16.3120567375887
"drhm-07",14,2010,17.8571428571428,18.5714285714285
"drhm-07",15,2010,16.3120567375887,16.3120567375887
"drhm-07",16,2010,22.6277372262774,22.6277372262774
"drhm-07",17,2010,35.036496350365,35.036496350365
"drhm-07",18,2010,35.5072463768116,35.5072463768116
"drhm-07",19,2010,25.7142857142858,25.7142857142858
"drhm-07",20,2010,23.5714285714285,23.5714285714285
"drhm-08",1,2010,61.4285714285714,61.4285714285714
"drhm-08",2,2010,31.6546762589928,31.6546762589928
"drhm-08",3,2010,20.7142857142857,20.7142857142857
"drhm-08",4,2010,18.0555555555555,18.0555555555555
"drhm-08",5,2010,20,20
"drhm-08",6,2010,18.1159420289855,18.1159420289855
"drhm-08",7,2010,28.4671532846715,28.4671532846715
"drhm-08",8,2010,90.6474820143885,90.6474820143885
"drhm-08",9,2010,72.8571428571428,72.8571428571428
"drhm-08",10,2010,71.9424460431655,71.9424460431655
"drhm-08",11,2010,57.1428571428572,57.1428571428572
"drhm-08",12,2010,76.0869565217392,76.0869565217392
"drhm-08",13,2010,31.8840579710145,31.8840579710145
"drhm-08",14,2010,76.6423357664234,76.6423357664234
"drhm-08",15,2010,71.0144927536232,71.0144927536232
"drhm-08",16,2010,30.2158273381295,30.2158273381295
"drhm-08",17,2010,36.231884057971,36.231884057971
"drhm-08",18,2010,27.8571428571429,27.8571428571429
"drhm-08",19,2010,54.6762589928057,56.115107913669
"drhm-08",20,2010,45,45
"orng-01",1,2010,32.6241134751773,32.6241134751773
"orng-01",2,2010,18.8405797101449,18.8405797101449
"orng-01",3,2010,35.7142857142857,35.7142857142857
"orng-01",4,2010,39.5833333333333,39.5833333333333
"orng-01",5,2010,18.705035971223,18.705035971223
"orng-01",6,2010,24.2857142857142,24.2857142857143
"orng-01",7,2010,23.7410071942446,23.7410071942446
"orng-01",8,2010,20.7142857142858,20.7142857142858
"orng-01",9,2010,21.4285714285714,21.4285714285714
"orng-01",10,2010,19.4244604316547,19.4244604316547
"orng-01",11,2010,26.8115942028986,26.8115942028986
"orng-01",12,2010,21.7391304347826,21.7391304347826
"orng-01",13,2010,21.4285714285714,21.4285714285714
"orng-01",14,2010,17.2661870503597,17.2661870503597
"orng-01",15,2010,18.8405797101449,18.8405797101449
"orng-01",16,2010,24.4604316546763,24.4604316546763
"orng-01",17,2010,23.5714285714286,23.5714285714286
"orng-01",18,2010,17.2661870503597,17.2661870503597
"orng-01",19,2010,30.2816901408451,30.2816901408451
"orng-01",20,2010,16.3120567375887,16.3120567375887
"orng-02",1,2010,17.2661870503597,17.2661870503597
"orng-02",2,2010,18.8405797101449,18.8405797101449
"orng-02",3,2010,16.546762589928,16.546762589928
"orng-02",4,2010,12.1428571428571,12.1428571428571
"orng-02",5,2010,22.4637681159421,22.4637681159421
"orng-02",6,2010,22.3021582733813,23.0215827338129
"orng-02",7,2010,21.5827338129497,21.5827338129497
"orng-02",8,2010,37.4100719424461,37.4100719424461
"orng-02",9,2010,23.0215827338129,23.0215827338129
"orng-02",10,2010,14.2857142857143,14.2857142857143
"orng-02",11,2010,20.2898550724638,20.2898550724638
"orng-02",12,2010,17.5182481751825,17.5182481751825
"orng-02",13,2010,20.2898550724637,20.2898550724637
"orng-02",14,2010,33.8129496402877,33.8129496402877
"orng-02",15,2010,16.4285714285714,16.4285714285714
"orng-02",16,2010,17.8571428571428,17.8571428571428
"orng-02",17,2010,12.7659574468085,12.7659574468085
"orng-02",18,2010,32.1167883211679,32.1167883211679
"orng-02",19,2010,26.8115942028986,26.8115942028986
"orng-02",20,2010,16.5467625899281,16.5467625899281
"orng-03",1,2010,36.4963503649635,36.4963503649635
"orng-03",2,2010,25.7142857142857,25.7142857142857
"orng-03",3,2010,29.4964028776979,29.4964028776979
"orng-03",4,2010,28.5714285714286,28.5714285714286
"orng-03",5,2010,18.705035971223,18.705035971223
"orng-03",6,2010,23.9130434782609,23.9130434782609
"orng-03",7,2010,48.5714285714286,48.5714285714286
"orng-03",8,2010,27.0833333333333,27.0833333333333
"orng-03",9,2010,30.7142857142857,30.7142857142857
"orng-03",10,2010,57.1428571428572,57.1428571428572
"orng-03",11,2010,97.8260869565217,97.8260869565217
"orng-03",12,2010,84.2857142857144,84.2857142857144
"orng-03",13,2010,35.036496350365,35.036496350365
"orng-03",14,2010,17.0212765957447,17.0212765957447
"orng-03",15,2010,25.7142857142857,26.4285714285714
"orng-03",16,2010,16.6666666666667,16.6666666666667
"orng-03",17,2010,21.1678832116788,21.1678832116788
"orng-03",18,2010,20.863309352518,20.863309352518
"orng-03",19,2010,17.4825174825175,17.4825174825175
"orng-03",20,2010,19.8581560283688,19.8581560283688
"orng-04",1,2010,100,100
"orng-04",2,2010,100,100
"orng-04",3,2010,76.0869565217391,76.0869565217391
"orng-04",4,2010,90.6474820143885,90.6474820143886
"orng-04",5,2010,82.9787234042553,82.9787234042554
"orng-04",6,2010,100,100
"orng-04",7,2010,77.6978417266188,77.6978417266188
"orng-04",8,2010,80.2816901408451,80.2816901408451
"orng-04",9,2010,61.4285714285714,61.4285714285714
"orng-04",10,2010,42.8571428571429,42.8571428571429
"orng-04",11,2010,17.0212765957447,17.0212765957447
"orng-04",12,2010,18.1159420289855,18.1159420289855
"orng-04",13,2010,34.2857142857143,34.2857142857143
"orng-04",14,2010,28.7769784172662,28.7769784172662
"orng-04",15,2010,39.2857142857142,39.2857142857142
"orng-04",16,2010,50,50
"orng-04",17,2010,16.0583941605839,16.0583941605839
"orng-04",18,2010,17.9856115107914,17.9856115107914
"orng-04",19,2010,21.7391304347826,21.7391304347826
"orng-04",20,2010,19.2857142857143,19.2857142857143
"orng-05",1,2010,15.2173913043478,15.2173913043478
"orng-05",2,2010,16.3120567375886,16.3120567375886
"orng-05",3,2010,30.4964539007092,30.4964539007092
"orng-05",4,2010,19.2857142857143,19.2857142857143
"orng-05",5,2010,22.8571428571429,23.5714285714286
"orng-05",6,2010,31.8840579710145,31.8840579710145
"orng-05",7,2010,30.9352517985612,30.9352517985612
"orng-05",8,2010,25.5474452554745,25.5474452554745
"orng-05",9,2010,15.9420289855072,15.9420289855072
"orng-05",10,2010,21.5827338129497,21.5827338129497
"orng-05",11,2010,18.5714285714285,18.5714285714285
"orng-05",12,2010,19.2857142857143,19.2857142857143
"orng-05",13,2010,24.4604316546763,24.4604316546763
"orng-05",14,2010,17.3611111111111,17.3611111111111
"orng-05",15,2010,19.2857142857143,19.2857142857143
"orng-05",16,2010,23.7410071942446,23.7410071942446
"orng-05",17,2010,31.4285714285714,31.4285714285714
"orng-05",18,2010,23.9130434782609,23.9130434782609
"orng-05",19,2010,24.8175182481752,24.8175182481752
"orng-05",20,2010,18.1159420289855,18.1159420289855
"orng-06",1,2010,17.8571428571429,17.8571428571429
"orng-06",2,2010,15.6028368794326,15.6028368794326
"orng-06",3,2010,25,25
"orng-06",4,2010,16.6666666666667,16.6666666666667
"orng-06",5,2010,25,25
"orng-06",6,2010,45.3237410071942,45.3237410071942
"orng-06",7,2010,69.3430656934307,69.3430656934307
"orng-06",8,2010,45.3900709219859,45.3900709219859
"orng-06",9,2010,32.1428571428571,32.1428571428572
"orng-06",10,2010,68.6131386861315,68.6131386861315
"orng-06",11,2010,90.6474820143884,90.6474820143885
"orng-06",12,2010,87.6811594202899,87.6811594202899
"orng-06",13,2010,30.2158273381295,30.2158273381295
"orng-06",14,2010,54.6099290780142,54.6099290780142
"orng-06",15,2010,90.6474820143885,90.6474820143885
"orng-06",16,2010,71.7391304347826,71.7391304347826
"orng-06",17,2010,51.0791366906475,51.0791366906475
"orng-06",18,2010,47.4820143884893,47.4820143884893
"orng-06",19,2010,24.0875912408759,24.0875912408759
"orng-06",20,2010,42.8571428571428,43.5714285714285
"orng-07",1,2010,44.6043165467626,44.6043165467626
"orng-07",2,2010,38.4057971014492,38.4057971014493
"orng-07",3,2010,21.0144927536232,21.0144927536232
"orng-07",4,2010,23.1884057971015,23.1884057971015
"orng-07",5,2010,20.863309352518,20.863309352518
"orng-07",6,2010,18.8405797101449,18.8405797101449
"orng-07",7,2010,18.8405797101449,18.8405797101449
"orng-07",8,2010,18.705035971223,18.705035971223
"orng-07",9,2010,30.9352517985611,30.9352517985611
"orng-07",10,2010,21.8309859154929,22.5352112676056
"orng-07",11,2010,15.9420289855072,15.9420289855072
"orng-07",12,2010,12.9496402877698,12.9496402877698
"orng-07",13,2010,28.1690140845071,28.1690140845071
"orng-07",14,2010,19.5652173913044,19.5652173913044
"orng-07",15,2010,47.8260869565218,49.2753623188406
"orng-07",16,2010,33.5714285714285,34.2857142857142
"orng-07",17,2010,16.6666666666667,16.6666666666667
"orng-07",18,2010,20.863309352518,20.863309352518
"orng-07",19,2010,40.2877697841726,40.2877697841727
"orng-07",20,2010,16.3120567375887,16.3120567375887
"orng-08",1,2010,27.8571428571428,27.8571428571428
"orng-08",2,2010,25.3623188405797,25.3623188405797
"orng-08",3,2010,26.6187050359713,26.6187050359713
"orng-08",4,2010,42.8571428571429,42.8571428571429
"orng-08",5,2010,17.8571428571429,17.8571428571429
"orng-08",6,2010,17.8571428571428,17.8571428571428
"orng-08",7,2010,20.1438848920863,20.1438848920863
"orng-08",8,2010,30.4964539007092,30.4964539007092
"orng-08",9,2010,26.8115942028985,27.536231884058
"orng-08",10,2010,33.5714285714286,33.5714285714286
"orng-08",11,2010,15.7142857142857,15.7142857142857
"orng-08",12,2010,17.8571428571429,18.5714285714286
"orng-08",13,2010,16.4285714285714,16.4285714285714
"orng-08",14,2010,20.7142857142857,22.1428571428571
"orng-08",15,2010,17.9856115107914,17.9856115107914
"orng-08",16,2010,18.4397163120567,18.4397163120567
"orng-08",17,2010,19.2857142857143,19.2857142857143
"orng-08",18,2010,19.4244604316547,19.4244604316547
"orng-08",19,2010,35.7142857142857,35.7142857142857
"orng-08",20,2010,16.4285714285714,16.4285714285714
"orng-09",1,2010,27.1428571428571,27.1428571428571
"orng-09",2,2010,17.7304964539007,17.7304964539007
"orng-09",3,2010,25,25
"orng-09",4,2010,12.2302158273382,12.2302158273382
"orng-09",5,2010,23.9130434782609,23.9130434782609
"orng-09",6,2010,15.9420289855072,16.6666666666666
"orng-09",7,2010,37.5886524822695,37.5886524822695
"orng-09",8,2010,26.8115942028985,26.8115942028985
"orng-09",9,2010,20.2898550724637,20.2898550724637
"orng-09",10,2010,26.4285714285714,26.4285714285714
"orng-09",11,2010,17.8571428571429,17.8571428571429
"orng-09",12,2010,17.1428571428571,17.1428571428571
"orng-09",13,2010,20.1438848920863,20.1438848920864
"orng-09",14,2010,17.1428571428572,17.1428571428572
"orng-09",15,2010,21.7391304347826,21.7391304347826
"orng-09",16,2010,21.5827338129497,21.5827338129497
"orng-09",17,2010,32.8571428571428,32.8571428571428
"orng-09",18,2010,29.2857142857143,29.2857142857143
"orng-09",19,2010,26.4285714285714,26.4285714285714
"orng-09",20,2010,24.113475177305,24.113475177305
"orng-10",1,2010,32.1428571428572,32.1428571428572
"orng-10",2,2010,20.863309352518,20.863309352518
"orng-10",3,2010,44.2028985507247,44.2028985507247
"orng-10",4,2010,32.3741007194245,32.3741007194245
"orng-10",5,2010,34.2857142857143,34.2857142857143
"orng-10",6,2010,31.6546762589928,31.6546762589928
"orng-10",7,2010,31.9444444444445,31.9444444444445
"orng-10",8,2010,21.0144927536232,21.0144927536232
"orng-10",9,2010,25.3623188405797,25.3623188405797
"orng-10",10,2010,70.2127659574468,70.2127659574468
"orng-10",11,2010,67.1428571428572,67.1428571428572
"orng-10",12,2010,66.6666666666667,66.6666666666667
"orng-10",13,2010,39.8601398601399,39.8601398601399
"orng-10",14,2010,20.1438848920863,20.1438848920863
"orng-10",15,2010,19.8581560283688,19.8581560283688
"orng-10",16,2010,30.9352517985612,30.9352517985612
"orng-10",17,2010,26.0869565217391,26.0869565217391
"orng-10",18,2010,18.8811188811189,18.8811188811189
"orng-10",19,2010,33.5766423357665,33.5766423357665
"orng-10",20,2010,51.4492753623188,51.4492753623188
"orng-11",1,2010,25.1798561151079,25.1798561151079
"orng-11",2,2010,20.7142857142857,20.7142857142857
"orng-11",3,2010,25.8992805755396,25.8992805755396
"orng-11",4,2010,22.3021582733813,22.3021582733813
"orng-11",5,2010,40.4255319148937,40.4255319148937
"orng-11",6,2010,28.7769784172662,28.7769784172662
"orng-11",7,2010,21.7391304347826,21.7391304347826
"orng-11",8,2010,23.5714285714286,23.5714285714286
"orng-11",9,2010,27.8571428571428,27.8571428571428
"orng-11",10,2010,23.0215827338129,23.0215827338129
"orng-11",11,2010,31.4285714285714,31.4285714285714
"orng-11",12,2010,16.3120567375887,16.3120567375887
"orng-11",13,2010,23.9130434782608,23.9130434782608
"orng-11",14,2010,21.0144927536232,21.7391304347826
"orng-11",15,2010,21.9858156028369,21.9858156028369
"orng-11",16,2010,22.3021582733813,23.021582733813
"orng-11",17,2010,28.4722222222222,29.1666666666666
"orng-11",18,2010,27.3381294964029,28.0575539568345
"orng-11",19,2010,19.4244604316547,19.4244604316547
"orng-11",20,2010,23.404255319149,23.404255319149
"orng-12",1,2010,31.6546762589928,31.6546762589928
"orng-12",2,2010,28.6713286713287,28.6713286713287
"orng-12",3,2010,25.8992805755396,25.8992805755396
"orng-12",4,2010,29.2857142857143,29.2857142857143
"orng-12",5,2010,41.3043478260869,41.3043478260869
"orng-12",6,2010,73.049645390071,73.049645390071
"orng-12",7,2010,100,100
"orng-12",8,2010,97.2027972027973,97.2027972027973
"orng-12",9,2010,95.7142857142857,95.7142857142858
"orng-12",10,2010,100,100
"orng-12",11,2010,100,100
"orng-12",12,2010,100,100
"orng-12",13,2010,97.841726618705,97.841726618705
"orng-12",14,2010,97.1631205673758,97.1631205673759
"orng-12",15,2010,76.8115942028986,76.8115942028986
"orng-12",16,2010,25.8992805755396,25.8992805755396
"orng-12",17,2010,32.3741007194244,32.3741007194244
"orng-12",18,2010,59.2857142857143,59.2857142857143
"orng-12",19,2010,23.9130434782608,23.9130434782608
"orng-12",20,2010,23.5714285714286,23.5714285714286
"cthm-01",1,2011,24.4604316546762,25.1798561151079
"cthm-01",2,2011,18.8405797101449,18.8405797101449
"cthm-01",3,2011,32.1428571428572,32.1428571428572
"cthm-01",4,2011,34.2857142857143,34.2857142857143
"cthm-01",5,2011,50.0000000000001,50.0000000000001
"cthm-01",6,2011,44.5255474452554,44.5255474452554
"cthm-01",7,2011,25.6944444444445,26.3888888888889
"cthm-01",8,2011,18.75,18.75
"cthm-01",9,2011,19.8581560283688,19.8581560283688
"cthm-01",10,2011,26.6187050359713,26.6187050359713
"cthm-01",11,2011,41.6058394160584,41.6058394160584
"cthm-01",12,2011,37.6811594202899,37.6811594202899
"cthm-01",13,2011,27.8571428571428,27.8571428571428
"cthm-01",14,2011,17.3913043478261,18.1159420289855
"cthm-01",15,2011,34.7826086956521,34.7826086956522
"cthm-01",16,2011,42.8571428571429,42.8571428571429
"cthm-01",17,2011,28.0575539568346,28.7769784172662
"cthm-01",18,2011,36.9565217391305,36.9565217391305
"cthm-01",19,2011,34.0425531914894,34.0425531914894
"cthm-01",20,2011,46.0431654676259,46.0431654676259
"cthm-02",1,2011,13.6690647482015,13.6690647482015
"cthm-02",2,2011,16.4285714285714,16.4285714285714
"cthm-02",3,2011,24.2857142857143,24.2857142857143
"cthm-02",4,2011,13.0434782608696,13.0434782608696
"cthm-02",5,2011,90.5109489051095,90.5109489051095
"cthm-02",6,2011,78.4722222222223,78.4722222222223
"cthm-02",7,2011,43.8848920863309,43.8848920863309
"cthm-02",8,2011,58.9928057553957,58.9928057553957
"cthm-02",9,2011,28.2608695652173,28.2608695652174
"cthm-02",10,2011,22.1428571428572,22.1428571428572
"cthm-02",11,2011,32.8467153284671,32.8467153284671
"cthm-02",12,2011,22.463768115942,22.463768115942
"cthm-02",13,2011,7.97101449275362,7.97101449275362
"cthm-02",14,2011,27.3381294964028,27.3381294964028
"cthm-02",15,2011,33.5714285714285,33.5714285714286
"cthm-02",16,2011,18.8405797101449,18.8405797101449
"cthm-02",17,2011,26.4285714285714,26.4285714285714
"cthm-02",18,2011,24.4604316546763,24.4604316546763
"cthm-02",19,2011,39.8550724637681,39.8550724637681
"cthm-02",20,2011,24.2857142857143,24.2857142857143
"cthm-03",1,2011,25,25
"cthm-03",2,2011,25,25
"cthm-03",3,2011,47.5524475524476,47.5524475524476
"cthm-03",4,2011,40.2777777777778,40.2777777777778
"cthm-03",5,2011,56.1151079136691,56.1151079136691
"cthm-03",6,2011,27.3381294964029,27.3381294964029
"cthm-03",7,2011,90.7142857142857,90.7142857142858
"cthm-03",8,2011,31.4285714285714,31.4285714285714
"cthm-03",9,2011,14.2857142857143,14.2857142857143
"cthm-03",10,2011,20.1438848920863,20.1438848920864
"cthm-03",11,2011,21.7391304347826,21.7391304347826
"cthm-03",12,2011,17.2661870503597,17.9856115107914
"cthm-03",13,2011,17.1428571428571,17.1428571428571
"cthm-03",14,2011,19.2857142857143,20
"cthm-03",15,2011,20,23.5714285714286
"cthm-03",16,2011,20.1438848920863,20.1438848920863
"cthm-03",17,2011,20.863309352518,20.863309352518
"cthm-03",18,2011,19.1489361702127,19.1489361702128
"cthm-03",19,2011,37.8571428571428,37.8571428571428
"cthm-03",20,2011,21.9858156028369,22.6950354609929
"cthm-04",2,2011,19.1489361702128,19.1489361702128
"cthm-04",3,2011,19.5652173913043,19.5652173913043
"cthm-04",4,2011,9.28571428571429,9.28571428571429
"cthm-04",5,2011,21.4285714285714,21.4285714285714
"cthm-04",6,2011,29.2857142857143,29.2857142857143
"cthm-04",7,2011,12.2302158273381,12.2302158273382
"cthm-04",8,2011,20,20
"cthm-04",9,2011,72.463768115942,72.463768115942
"cthm-04",10,2011,39.8550724637681,39.8550724637681
"cthm-04",11,2011,57.5539568345324,57.5539568345324
"cthm-04",12,2011,15.1079136690647,15.1079136690648
"cthm-04",13,2011,17.8571428571428,17.8571428571428
"cthm-04",14,2011,27.8571428571428,27.8571428571428
"cthm-04",15,2011,8.57142857142857,8.57142857142857
"cthm-04",16,2011,4.31654676258993,4.31654676258993
"cthm-04",17,2011,18.8405797101449,18.8405797101449
"cthm-04",18,2011,20.7142857142857,20.7142857142857
"cthm-04",19,2011,21.5827338129496,21.5827338129496
"cthm-04",20,2011,17.2661870503597,17.2661870503597
"cthm-05",1,2011,21.0144927536232,21.0144927536232
"cthm-05",2,2011,20,20
"cthm-05",3,2011,15.8273381294964,15.8273381294964
"cthm-05",4,2011,12.9496402877698,13.6690647482015
"cthm-05",5,2011,12.8571428571429,15
"cthm-05",6,2011,14.3884892086331,14.3884892086331
"cthm-05",7,2011,18.75,18.75
"cthm-05",8,2011,17.2661870503597,17.2661870503597
"cthm-05",9,2011,17.8571428571429,17.8571428571429
"cthm-05",10,2011,18.8405797101449,18.8405797101449
"cthm-05",11,2011,23.5714285714285,23.5714285714286
"cthm-05",12,2011,16.5467625899281,16.5467625899281
"cthm-05",13,2011,21.1678832116788,21.1678832116788
"cthm-05",14,2011,15.6028368794326,15.6028368794326
"cthm-05",15,2011,18.8811188811189,18.8811188811189
"cthm-05",16,2011,29.1970802919708,29.1970802919708
"cthm-05",17,2011,20.8333333333334,20.8333333333334
"cthm-05",18,2011,14.1843971631205,15.6028368794326
"cthm-05",19,2011,18.8405797101449,18.8405797101449
"cthm-05",20,2011,23.7410071942447,23.7410071942447
"cthm-06",1,2011,33.3333333333333,34.0579710144927
"cthm-06",2,2011,31.4285714285715,32.1428571428572
"cthm-06",3,2011,18.705035971223,18.705035971223
"cthm-06",4,2011,24.4604316546763,24.4604316546763
"cthm-06",5,2011,15.7142857142857,15.7142857142857
"cthm-06",6,2011,17.9856115107914,19.4244604316547
"cthm-06",7,2011,27.3381294964029,27.3381294964029
"cthm-06",8,2011,28.5714285714286,28.5714285714286
"cthm-06",9,2011,19.2857142857143,19.2857142857143
"cthm-06",10,2011,21.7391304347826,21.7391304347826
"cthm-06",11,2011,28.7769784172662,28.7769784172662
"cthm-06",12,2011,20,20
"cthm-06",13,2011,41.4285714285714,41.4285714285714
"cthm-06",14,2011,22.3021582733813,22.3021582733813
"cthm-06",15,2011,22.695035460993,23.4042553191489
"cthm-06",16,2011,24.4604316546763,24.4604316546763
"cthm-06",17,2011,16.5467625899281,16.5467625899281
"cthm-06",18,2011,20.5673758865249,20.5673758865249
"cthm-06",19,2011,19.4244604316547,19.4244604316547
"cthm-06",20,2011,17.2661870503598,17.2661870503598
"cthm-07",1,2011,19.5652173913043,21.0144927536232
"cthm-07",2,2011,19.2857142857143,19.2857142857143
"cthm-07",3,2011,28.5714285714286,28.5714285714286
"cthm-07",4,2011,14.4927536231884,14.4927536231884
"cthm-07",5,2011,15.1079136690647,16.5467625899281
"cthm-07",6,2011,14.8936170212766,17.0212765957447
"cthm-07",7,2011,17.1428571428571,17.1428571428571
"cthm-07",8,2011,17.1428571428571,17.1428571428571
"cthm-07",9,2011,26.241134751773,26.241134751773
"cthm-07",10,2011,20.1438848920864,20.1438848920864
"cthm-07",11,2011,18.705035971223,18.705035971223
"cthm-07",12,2011,15.1079136690647,15.1079136690647
"cthm-07",13,2011,21.7391304347826,21.7391304347826
"cthm-07",14,2011,15.9420289855072,15.9420289855072
"cthm-07",15,2011,24.4604316546763,24.4604316546763
"cthm-07",16,2011,18.5714285714286,18.5714285714286
"cthm-07",17,2011,17.3913043478261,17.3913043478261
"cthm-07",18,2011,17.1428571428571,17.1428571428571
"cthm-07",19,2011,16.0583941605839,16.0583941605839
"cthm-07",20,2011,20.1388888888889,20.1388888888889
"cthm-08",1,2011,17.8571428571428,17.8571428571428
"cthm-08",2,2011,47.5177304964539,47.5177304964539
"cthm-08",3,2011,33.5714285714286,33.5714285714286
"cthm-08",4,2011,23.7410071942446,23.7410071942446
"cthm-08",5,2011,23.6111111111111,23.6111111111111
"cthm-08",6,2011,26.6187050359712,26.6187050359712
"cthm-08",7,2011,34.0579710144927,34.0579710144927
"cthm-08",8,2011,27.1428571428571,27.1428571428571
"cthm-08",9,2011,19.2857142857142,19.2857142857142
"cthm-08",10,2011,17.1428571428572,17.1428571428572
"cthm-08",11,2011,30.9352517985611,30.9352517985611
"cthm-08",12,2011,15.1079136690647,16.5467625899281
"cthm-08",13,2011,15.9420289855072,15.9420289855072
"cthm-08",14,2011,22.3021582733813,22.3021582733813
"cthm-08",15,2011,17.9856115107914,17.9856115107914
"cthm-08",16,2011,14.4927536231884,14.4927536231884
"cthm-08",17,2011,19.2857142857143,19.2857142857143
"cthm-08",18,2011,14.5833333333333,14.5833333333333
"cthm-08",19,2011,15.1079136690647,16.5467625899281
"cthm-08",20,2011,29.9270072992701,29.9270072992701
"cthm-09",1,2011,20,20
"cthm-09",2,2011,21.5827338129496,21.5827338129496
"cthm-09",3,2011,40.7142857142857,41.4285714285714
"cthm-09",4,2011,34.5070422535212,34.5070422535212
"cthm-09",5,2011,46.7153284671533,46.7153284671533
"cthm-09",6,2011,28.0575539568345,28.0575539568345
"cthm-09",7,2011,20.2898550724637,20.2898550724637
"cthm-09",8,2011,34.5323741007194,34.5323741007194
"cthm-09",9,2011,34.5323741007194,34.5323741007194
"cthm-09",10,2011,33.0935251798561,33.0935251798561
"cthm-09",11,2011,32.1428571428572,32.1428571428572
"cthm-09",12,2011,19.8581560283688,19.8581560283688
"cthm-09",13,2011,20.2898550724638,20.2898550724638
"cthm-09",14,2011,12.8571428571429,12.8571428571429
"cthm-09",15,2011,27.6595744680851,27.6595744680851
"cthm-09",16,2011,17.2661870503597,17.2661870503597
"cthm-09",17,2011,17.9856115107914,17.9856115107914
"cthm-09",18,2011,25,25
"cthm-09",19,2011,17.8571428571428,17.8571428571428
"cthm-09",20,2011,21.0144927536232,21.0144927536232
"cthm-10",1,2011,25.3623188405797,25.3623188405797
"cthm-10",2,2011,31.4285714285715,31.4285714285715
"cthm-10",3,2011,23.7410071942446,23.7410071942446
"cthm-10",4,2011,27.8571428571429,27.8571428571429
"cthm-10",5,2011,38.5714285714285,38.5714285714285
"cthm-10",6,2011,34.0579710144928,34.0579710144928
"cthm-10",7,2011,23.7410071942446,23.7410071942446
"cthm-10",8,2011,27.1428571428571,27.1428571428571
"cthm-10",9,2011,27.7372262773723,27.7372262773723
"cthm-10",10,2011,17.2661870503597,17.2661870503597
"cthm-10",11,2011,24.8175182481752,24.8175182481752
"cthm-10",12,2011,31.2056737588653,31.2056737588653
"cthm-10",13,2011,28.0575539568346,28.0575539568346
"cthm-10",14,2011,59.7122302158273,59.7122302158273
"cthm-10",15,2011,30.4347826086956,30.4347826086956
"cthm-10",16,2011,92.7536231884058,92.7536231884058
"cthm-10",17,2011,91.4285714285714,91.4285714285714
"cthm-10",18,2011,33.8028169014084,33.8028169014084
"cthm-10",19,2011,23.5714285714286,23.5714285714286
"cthm-10",20,2011,20.863309352518,20.863309352518
"cthm-11",1,2011,18.8405797101449,20.2898550724637
"cthm-11",2,2011,27.8571428571429,27.8571428571429
"cthm-11",3,2011,26.4285714285714,26.4285714285714
"cthm-11",4,2011,23.021582733813,23.021582733813
"cthm-11",5,2011,15.9420289855072,15.9420289855072
"cthm-11",6,2011,18.5714285714285,19.2857142857142
"cthm-11",7,2011,27.536231884058,27.536231884058
"cthm-11",8,2011,17.0212765957447,17.0212765957447
"cthm-11",9,2011,25,25
"cthm-11",10,2011,18.705035971223,18.705035971223
"cthm-11",11,2011,38.4615384615385,38.4615384615385
"cthm-11",12,2011,13.986013986014,13.986013986014
"cthm-11",13,2011,21.2765957446809,21.2765957446809
"cthm-11",14,2011,15.9722222222222,18.0555555555556
"cthm-11",15,2011,15,15
"cthm-11",16,2011,27.3381294964029,27.3381294964029
"cthm-11",17,2011,30.9352517985611,30.9352517985611
"cthm-11",18,2011,27.0833333333333,27.0833333333333
"cthm-11",19,2011,18.4397163120567,18.4397163120567
"cthm-11",20,2011,45,45
"cthm-12",1,2011,29.7101449275362,32.6086956521739
"cthm-12",2,2011,16.6666666666667,17.3611111111111
"cthm-12",3,2011,17.2661870503597,17.2661870503597
"cthm-12",4,2011,34.5323741007195,34.5323741007195
"cthm-12",5,2011,18.1159420289855,18.8405797101449
"cthm-12",6,2011,35.4609929078014,35.4609929078014
"cthm-12",7,2011,20,20
"cthm-12",8,2011,16.6666666666667,17.3611111111111
"cthm-12",9,2011,19.8581560283688,19.8581560283688
"cthm-12",10,2011,32.8467153284672,32.8467153284672
"cthm-12",11,2011,21.5827338129496,21.5827338129496
"cthm-12",12,2011,26.8115942028985,26.8115942028985
"cthm-12",13,2011,15.7142857142857,15.7142857142857
"cthm-12",14,2011,15.7142857142857,15.7142857142857
"cthm-12",15,2011,15.7142857142857,15.7142857142857
"cthm-12",16,2011,30.7142857142857,30.7142857142857
"cthm-12",17,2011,15.2173913043478,15.2173913043478
"cthm-12",18,2011,52.8985507246377,53.6231884057971
"cthm-12",19,2011,23.5714285714286,23.5714285714286
"cthm-12",20,2011,37.8571428571429,37.8571428571429
"cthm-13",1,2011,26.3888888888888,26.3888888888888
"cthm-13",2,2011,23.9130434782609,23.9130434782609
"cthm-13",3,2011,24.4604316546763,24.4604316546763
"cthm-13",4,2011,16.6666666666666,23.6111111111111
"cthm-13",5,2011,29.7101449275363,29.7101449275363
"cthm-13",6,2011,22.1428571428571,22.1428571428571
"cthm-13",7,2011,48.22695035461,48.936170212766
"cthm-13",8,2011,35.9712230215827,35.9712230215827
"cthm-13",9,2011,100,100
"cthm-13",10,2011,100,100
"cthm-13",11,2011,100,100
"cthm-13",12,2011,78.1021897810219,78.1021897810219
"cthm-13",13,2011,38.4615384615385,38.4615384615385
"cthm-13",14,2011,20.863309352518,20.863309352518
"cthm-13",15,2011,29.2857142857143,29.2857142857143
"cthm-13",16,2011,52.5547445255475,52.5547445255475
"cthm-13",17,2011,32.6388888888889,32.6388888888889
"cthm-13",18,2011,16.5467625899281,18.705035971223
"cthm-13",19,2011,21.7391304347826,21.7391304347826
"cthm-13",20,2011,15.7142857142857,15.7142857142857
"cthm-14",1,2011,45.6521739130435,45.6521739130435
"cthm-14",2,2011,22.463768115942,23.1884057971015
"cthm-14",3,2011,20.2797202797203,20.2797202797203
"cthm-14",4,2011,30.7692307692308,30.7692307692308
"cthm-14",5,2011,36.8794326241135,36.8794326241135
"cthm-14",6,2011,27.6595744680851,27.6595744680851
"cthm-14",7,2011,18.2481751824817,18.2481751824817
"cthm-14",8,2011,17.2661870503597,17.2661870503597
"cthm-14",9,2011,17.8571428571428,17.8571428571428
"cthm-14",10,2011,27.3381294964029,27.3381294964029
"cthm-14",11,2011,29.7101449275363,29.7101449275363
"cthm-14",12,2011,36.4285714285715,36.4285714285715
"cthm-14",13,2011,30.7142857142858,30.7142857142858
"cthm-14",14,2011,25.7142857142857,25.7142857142857
"cthm-14",15,2011,14.3884892086331,14.3884892086331
"cthm-14",16,2011,27.5362318840579,27.536231884058
"cthm-14",17,2011,20.1438848920863,20.1438848920863
"cthm-14",18,2011,18.705035971223,19.4244604316547
"cthm-14",19,2011,22.463768115942,22.463768115942
"cthm-14",20,2011,31.2056737588653,31.2056737588653
"drhm-01",1,2011,17.2661870503598,17.2661870503598
"drhm-01",2,2011,20.863309352518,20.863309352518
"drhm-01",3,2011,24.4604316546763,24.4604316546763
"drhm-01",4,2011,24.2857142857143,24.2857142857143
"drhm-01",5,2011,20.5673758865248,20.5673758865248
"drhm-01",6,2011,31.9148936170212,31.9148936170212
"drhm-01",7,2011,23.4042553191489,23.4042553191489
"drhm-01",8,2011,17.9856115107914,17.9856115107914
"drhm-01",9,2011,16.3120567375886,16.3120567375886
"drhm-01",10,2011,25.3623188405797,25.3623188405797
"drhm-01",11,2011,15,15.7142857142857
"drhm-01",12,2011,21.5827338129497,21.5827338129497
"drhm-01",13,2011,14.3884892086331,15.1079136690647
"drhm-01",14,2011,14.5985401459854,14.5985401459854
"drhm-01",15,2011,20.7142857142857,20.7142857142857
"drhm-01",16,2011,18.4397163120568,18.4397163120568
"drhm-01",17,2011,21.5827338129496,21.5827338129496
"drhm-01",18,2011,18.5714285714285,18.5714285714285
"drhm-01",19,2011,20.2898550724637,20.2898550724637
"drhm-01",20,2011,23.1884057971014,23.9130434782609
"drhm-02",1,2011,21.830985915493,21.830985915493
"drhm-02",2,2011,27.1428571428571,27.1428571428571
"drhm-02",3,2011,36.9565217391304,36.9565217391304
"drhm-02",4,2011,29.2857142857143,29.2857142857143
"drhm-02",5,2011,29.2857142857143,29.2857142857143
"drhm-02",6,2011,23.3576642335766,23.3576642335767
"drhm-02",7,2011,36.6906474820144,36.6906474820144
"drhm-02",8,2011,19.4444444444445,19.4444444444445
"drhm-02",9,2011,24.113475177305,24.113475177305
"drhm-02",10,2011,11.5107913669065,11.5107913669065
"drhm-02",11,2011,18.1159420289855,18.1159420289855
"drhm-02",12,2011,26.0869565217391,26.0869565217391
"drhm-02",13,2011,17.1428571428571,17.1428571428571
"drhm-02",14,2011,20.2898550724638,20.2898550724638
"drhm-02",15,2011,17.1428571428572,17.1428571428572
"drhm-02",16,2011,23.404255319149,23.404255319149
"drhm-02",17,2011,26.4285714285714,26.4285714285714
"drhm-02",18,2011,20.863309352518,20.863309352518
"drhm-02",19,2011,23.404255319149,23.404255319149
"drhm-02",20,2011,24.6376811594203,24.6376811594203
"drhm-03",1,2011,100,100
"drhm-03",2,2011,100,100
"drhm-03",3,2011,100,100
"drhm-03",4,2011,100,100
"drhm-03",5,2011,100,100
"drhm-03",6,2011,97.1428571428572,97.8571428571429
"drhm-03",7,2011,80,80
"drhm-03",8,2011,100,100
"drhm-03",9,2011,93.5714285714286,93.5714285714286
"drhm-03",10,2011,87.1428571428572,87.1428571428572
"drhm-03",11,2011,18.705035971223,18.705035971223
"drhm-03",12,2011,21.5827338129497,21.5827338129497
"drhm-03",13,2011,100,100
"drhm-03",14,2011,99.9999999999999,100
"drhm-03",15,2011,70.8333333333334,70.8333333333334
"drhm-03",16,2011,87.8571428571429,87.8571428571429
"drhm-03",17,2011,97.1428571428572,97.1428571428572
"drhm-03",18,2011,65.4676258992806,65.4676258992806
"drhm-03",19,2011,32.3741007194244,32.3741007194245
"drhm-03",20,2011,25.8992805755395,25.8992805755395
"drhm-04",1,2011,95.1388888888889,95.138888888889
"drhm-04",2,2011,67.1428571428571,67.1428571428571
"drhm-04",3,2011,39.8550724637681,39.8550724637681
"drhm-04",4,2011,20,20
"drhm-04",5,2011,86.231884057971,86.231884057971
"drhm-04",6,2011,30,30
"drhm-04",7,2011,27.6595744680851,27.6595744680851
"drhm-04",8,2011,44.9275362318841,44.9275362318841
"drhm-04",9,2011,23.5714285714286,23.5714285714286
"drhm-04",10,2011,15.2173913043478,15.2173913043478
"drhm-04",11,2011,17.1428571428571,17.1428571428571
"drhm-04",12,2011,29.2857142857142,29.2857142857143
"drhm-04",13,2011,35.2517985611511,35.9712230215827
"drhm-04",14,2011,15.7142857142857,15.7142857142857
"drhm-04",15,2011,15.4929577464789,15.4929577464789
"drhm-04",16,2011,25.7142857142857,26.4285714285714
"drhm-04",17,2011,45.3237410071942,45.3237410071942
"drhm-04",18,2011,17.0212765957446,17.0212765957446
"drhm-04",19,2011,21.7391304347826,21.7391304347826
"drhm-04",20,2011,93.525179856115,93.525179856115
"drhm-05",1,2011,27.8571428571429,27.8571428571429
"drhm-05",2,2011,27.1428571428571,27.1428571428571
"drhm-05",3,2011,36.6906474820144,36.6906474820144
"drhm-05",4,2011,42.8571428571429,42.8571428571429
"drhm-05",5,2011,83.3333333333333,83.3333333333333
"drhm-05",6,2011,99.9999999999999,100
"drhm-05",7,2011,53.4722222222223,53.4722222222223
"drhm-05",8,2011,63.7681159420289,63.7681159420289
"drhm-05",9,2011,70,71.4285714285715
"drhm-05",10,2011,63.3093525179856,64.7482014388489
"drhm-05",11,2011,51.063829787234,51.0638297872341
"drhm-05",12,2011,65.9420289855073,65.9420289855073
"drhm-05",13,2011,98.5714285714286,98.5714285714286
"drhm-05",14,2011,100,100
"drhm-05",15,2011,100,100
"drhm-05",16,2011,100,100
"drhm-05",17,2011,100,100
"drhm-05",18,2011,51.063829787234,51.0638297872341
"drhm-05",19,2011,56.5217391304348,56.5217391304348
"drhm-05",20,2011,35.7142857142857,35.7142857142857
"drhm-06",1,2011,27.7777777777777,27.7777777777777
"drhm-06",2,2011,82.6086956521739,82.608695652174
"drhm-06",3,2011,100,100
"drhm-06",4,2011,97.8260869565218,97.8260869565218
"drhm-06",5,2011,100,100
"drhm-06",6,2011,84.1726618705035,84.1726618705036
"drhm-06",7,2011,87.8571428571429,89.2857142857143
"drhm-06",8,2011,77.1428571428572,77.1428571428572
"drhm-06",9,2011,75.5395683453237,75.5395683453238
"drhm-06",10,2011,68.5714285714285,68.5714285714285
"drhm-06",11,2011,55.7971014492754,55.7971014492754
"drhm-06",12,2011,100,100
"drhm-06",13,2011,73.3812949640288,73.3812949640288
"drhm-06",14,2011,46.0992907801419,46.0992907801419
"drhm-06",15,2011,69.5035460992907,69.5035460992907
"drhm-06",16,2011,92.1428571428572,92.1428571428572
"drhm-06",17,2011,86.9565217391304,86.9565217391304
"drhm-06",18,2011,100,100
"drhm-06",19,2011,94.4444444444443,94.4444444444444
"drhm-06",20,2011,95.7142857142858,95.7142857142858
"drhm-07",1,2011,89.2857142857142,90
"drhm-07",2,2011,58.3941605839416,58.3941605839416
"drhm-07",3,2011,37.8571428571429,37.8571428571429
"drhm-07",4,2011,49.6350364963503,49.6350364963504
"drhm-07",5,2011,94.1605839416059,94.1605839416059
"drhm-07",6,2011,81.9444444444444,81.9444444444444
"drhm-07",7,2011,87.8571428571428,87.8571428571428
"drhm-07",8,2011,64.7482014388489,64.7482014388489
"drhm-07",9,2011,77.536231884058,77.536231884058
"drhm-07",10,2011,15.9420289855073,15.9420289855073
"drhm-07",11,2011,22.1428571428571,22.1428571428571
"drhm-07",12,2011,19.4444444444445,19.4444444444445
"drhm-07",13,2011,16.3120567375887,16.3120567375887
"drhm-07",14,2011,17.8571428571428,18.5714285714285
"drhm-07",15,2011,16.3120567375887,16.3120567375887
"drhm-07",16,2011,22.6277372262774,22.6277372262774
"drhm-07",17,2011,35.036496350365,35.036496350365
"drhm-07",18,2011,35.5072463768116,35.5072463768116
"drhm-07",19,2011,25.7142857142858,25.7142857142858
"drhm-07",20,2011,25,25
"drhm-08",1,2011,62.8571428571428,62.8571428571428
"drhm-08",2,2011,31.6546762589928,31.6546762589928
"drhm-08",3,2011,20.7142857142857,20.7142857142857
"drhm-08",4,2011,18.0555555555555,18.0555555555555
"drhm-08",5,2011,20,20
"drhm-08",6,2011,18.1159420289855,18.1159420289855
"drhm-08",7,2011,28.4671532846715,28.4671532846715
"drhm-08",8,2011,90.6474820143885,90.6474820143885
"drhm-08",9,2011,73.5714285714285,73.5714285714285
"drhm-08",10,2011,71.9424460431655,71.9424460431655
"drhm-08",11,2011,57.1428571428572,57.1428571428572
"drhm-08",12,2011,76.8115942028986,76.8115942028986
"drhm-08",13,2011,31.8840579710145,31.8840579710145
"drhm-08",14,2011,76.6423357664234,76.6423357664234
"drhm-08",15,2011,71.0144927536232,71.0144927536232
"drhm-08",16,2011,30.2158273381295,30.2158273381295
"drhm-08",17,2011,36.231884057971,36.231884057971
"drhm-08",18,2011,27.8571428571429,27.8571428571429
"drhm-08",19,2011,54.6762589928057,56.115107913669
"drhm-08",20,2011,45,45
"orng-01",1,2011,32.6241134751773,32.6241134751773
"orng-01",2,2011,18.8405797101449,18.8405797101449
"orng-01",3,2011,35.7142857142857,35.7142857142857
"orng-01",4,2011,39.5833333333333,39.5833333333333
"orng-01",5,2011,19.4244604316547,19.4244604316547
"orng-01",6,2011,24.2857142857142,24.2857142857143
"orng-01",7,2011,23.7410071942446,23.7410071942446
"orng-01",8,2011,21.4285714285715,21.4285714285715
"orng-01",9,2011,21.4285714285714,21.4285714285714
"orng-01",10,2011,19.4244604316547,19.4244604316547
"orng-01",11,2011,26.8115942028986,26.8115942028986
"orng-01",12,2011,21.7391304347826,21.7391304347826
"orng-01",13,2011,21.4285714285714,21.4285714285714
"orng-01",14,2011,17.2661870503597,17.2661870503597
"orng-01",15,2011,18.8405797101449,18.8405797101449
"orng-01",16,2011,24.4604316546763,24.4604316546763
"orng-01",17,2011,23.5714285714286,23.5714285714286
"orng-01",18,2011,17.2661870503597,17.2661870503597
"orng-01",19,2011,30.9859154929577,30.9859154929577
"orng-01",20,2011,16.3120567375887,16.3120567375887
"orng-02",1,2011,17.2661870503597,17.2661870503597
"orng-02",2,2011,18.8405797101449,18.8405797101449
"orng-02",3,2011,16.546762589928,16.546762589928
"orng-02",4,2011,12.1428571428571,12.1428571428571
"orng-02",5,2011,22.4637681159421,22.4637681159421
"orng-02",6,2011,22.3021582733813,23.0215827338129
"orng-02",7,2011,21.5827338129497,21.5827338129497
"orng-02",8,2011,37.4100719424461,37.4100719424461
"orng-02",9,2011,23.0215827338129,23.0215827338129
"orng-02",10,2011,14.2857142857143,14.2857142857143
"orng-02",11,2011,20.2898550724638,20.2898550724638
"orng-02",12,2011,17.5182481751825,17.5182481751825
"orng-02",13,2011,20.2898550724637,20.2898550724637
"orng-02",14,2011,33.8129496402877,33.8129496402877
"orng-02",15,2011,16.4285714285714,16.4285714285714
"orng-02",16,2011,17.8571428571428,17.8571428571428
"orng-02",17,2011,12.7659574468085,12.7659574468085
"orng-02",18,2011,32.1167883211679,32.1167883211679
"orng-02",19,2011,27.536231884058,27.536231884058
"orng-02",20,2011,16.5467625899281,16.5467625899281
"orng-03",1,2011,36.4963503649635,36.4963503649635
"orng-03",2,2011,25.7142857142857,25.7142857142857
"orng-03",3,2011,30.2158273381295,30.2158273381295
"orng-03",4,2011,28.5714285714286,28.5714285714286
"orng-03",5,2011,18.705035971223,18.705035971223
"orng-03",6,2011,23.9130434782609,23.9130434782609
"orng-03",7,2011,49.2857142857143,49.2857142857143
"orng-03",8,2011,27.0833333333333,27.0833333333333
"orng-03",9,2011,30.7142857142857,30.7142857142857
"orng-03",10,2011,57.1428571428572,57.1428571428572
"orng-03",11,2011,97.8260869565217,97.8260869565217
"orng-03",12,2011,84.2857142857144,84.2857142857144
"orng-03",13,2011,35.7664233576642,35.7664233576642
"orng-03",14,2011,17.0212765957447,17.0212765957447
"orng-03",15,2011,25.7142857142857,26.4285714285714
"orng-03",16,2011,16.6666666666667,16.6666666666667
"orng-03",17,2011,21.1678832116788,21.1678832116788
"orng-03",18,2011,20.863309352518,20.863309352518
"orng-03",19,2011,17.4825174825175,17.4825174825175
"orng-03",20,2011,19.8581560283688,19.8581560283688
"orng-04",1,2011,100,100
"orng-04",2,2011,100,100
"orng-04",3,2011,76.0869565217391,76.0869565217391
"orng-04",4,2011,90.6474820143885,90.6474820143886
"orng-04",5,2011,82.9787234042553,82.9787234042554
"orng-04",6,2011,100,100
"orng-04",7,2011,77.6978417266188,77.6978417266188
"orng-04",8,2011,80.2816901408451,80.2816901408451
"orng-04",9,2011,61.4285714285714,61.4285714285714
"orng-04",10,2011,42.8571428571429,42.8571428571429
"orng-04",11,2011,17.0212765957447,17.0212765957447
"orng-04",12,2011,18.1159420289855,18.1159420289855
"orng-04",13,2011,34.2857142857143,34.2857142857143
"orng-04",14,2011,28.7769784172662,28.7769784172662
"orng-04",15,2011,39.2857142857142,39.2857142857142
"orng-04",16,2011,50,50
"orng-04",17,2011,16.0583941605839,16.0583941605839
"orng-04",18,2011,17.9856115107914,17.9856115107914
"orng-04",19,2011,21.7391304347826,21.7391304347826
"orng-04",20,2011,20,20
"orng-05",1,2011,15.2173913043478,15.2173913043478
"orng-05",2,2011,16.3120567375886,16.3120567375886
"orng-05",3,2011,30.4964539007092,30.4964539007092
"orng-05",4,2011,20.7142857142857,20.7142857142857
"orng-05",5,2011,22.8571428571429,23.5714285714286
"orng-05",6,2011,31.8840579710145,31.8840579710145
"orng-05",7,2011,31.6546762589928,31.6546762589928
"orng-05",8,2011,25.5474452554745,25.5474452554745
"orng-05",9,2011,15.9420289855072,15.9420289855072
"orng-05",10,2011,21.5827338129497,21.5827338129497
"orng-05",11,2011,18.5714285714285,18.5714285714285
"orng-05",12,2011,19.2857142857143,19.2857142857143
"orng-05",13,2011,24.4604316546763,24.4604316546763
"orng-05",14,2011,17.3611111111111,17.3611111111111
"orng-05",15,2011,19.2857142857143,19.2857142857143
"orng-05",16,2011,23.7410071942446,23.7410071942446
"orng-05",17,2011,31.4285714285714,31.4285714285714
"orng-05",18,2011,23.9130434782609,23.9130434782609
"orng-05",19,2011,24.8175182481752,24.8175182481752
"orng-05",20,2011,18.1159420289855,18.1159420289855
"orng-06",1,2011,17.8571428571429,17.8571428571429
"orng-06",2,2011,15.6028368794326,15.6028368794326
"orng-06",3,2011,25,25
"orng-06",4,2011,16.6666666666667,16.6666666666667
"orng-06",5,2011,25,25
"orng-06",6,2011,45.3237410071942,45.3237410071942
"orng-06",7,2011,69.3430656934307,69.3430656934307
"orng-06",8,2011,45.3900709219859,45.3900709219859
"orng-06",9,2011,32.1428571428571,32.1428571428572
"orng-06",10,2011,68.6131386861314,68.6131386861315
"orng-06",11,2011,90.6474820143885,90.6474820143885
"orng-06",12,2011,87.6811594202899,87.6811594202899
"orng-06",13,2011,30.2158273381295,30.2158273381295
"orng-06",14,2011,54.6099290780142,54.6099290780142
"orng-06",15,2011,90.6474820143885,90.6474820143885
"orng-06",16,2011,72.463768115942,72.463768115942
"orng-06",17,2011,51.0791366906474,51.0791366906475
"orng-06",18,2011,47.4820143884893,47.4820143884893
"orng-06",19,2011,24.0875912408759,24.0875912408759
"orng-06",20,2011,42.8571428571428,43.5714285714285
"orng-07",1,2011,45.3237410071943,45.3237410071943
"orng-07",2,2011,38.4057971014492,38.4057971014493
"orng-07",3,2011,21.0144927536232,21.0144927536232
"orng-07",4,2011,23.1884057971015,23.1884057971015
"orng-07",5,2011,22.3021582733813,22.3021582733813
"orng-07",6,2011,18.8405797101449,18.8405797101449
"orng-07",7,2011,18.8405797101449,18.8405797101449
"orng-07",8,2011,18.705035971223,18.705035971223
"orng-07",9,2011,32.3741007194244,32.3741007194244
"orng-07",10,2011,21.8309859154929,22.5352112676056
"orng-07",11,2011,15.9420289855072,15.9420289855072
"orng-07",12,2011,12.9496402877698,12.9496402877698
"orng-07",13,2011,28.1690140845071,28.1690140845071
"orng-07",14,2011,19.5652173913044,19.5652173913044
"orng-07",15,2011,47.8260869565218,49.2753623188406
"orng-07",16,2011,33.5714285714285,34.2857142857142
"orng-07",17,2011,16.6666666666667,16.6666666666667
"orng-07",18,2011,20.863309352518,20.863309352518
"orng-07",19,2011,40.2877697841726,40.2877697841727
"orng-07",20,2011,16.3120567375887,16.3120567375887
"orng-08",1,2011,27.8571428571428,27.8571428571428
"orng-08",2,2011,25.3623188405797,25.3623188405797
"orng-08",3,2011,26.6187050359713,26.6187050359713
"orng-08",4,2011,42.8571428571429,42.8571428571429
"orng-08",5,2011,17.8571428571429,17.8571428571429
"orng-08",6,2011,17.8571428571428,17.8571428571428
"orng-08",7,2011,20.1438848920863,20.1438848920863
"orng-08",8,2011,30.4964539007092,30.4964539007092
"orng-08",9,2011,26.8115942028985,27.536231884058
"orng-08",10,2011,34.2857142857143,34.2857142857143
"orng-08",11,2011,15.7142857142857,15.7142857142857
"orng-08",12,2011,17.8571428571429,18.5714285714286
"orng-08",13,2011,16.4285714285714,16.4285714285714
"orng-08",14,2011,20.7142857142857,22.1428571428571
"orng-08",15,2011,17.9856115107914,17.9856115107914
"orng-08",16,2011,18.4397163120567,18.4397163120567
"orng-08",17,2011,19.2857142857143,19.2857142857143
"orng-08",18,2011,20.1438848920863,20.1438848920863
"orng-08",19,2011,35.7142857142857,35.7142857142857
"orng-08",20,2011,16.4285714285714,16.4285714285714
"orng-09",1,2011,27.1428571428571,27.1428571428571
"orng-09",2,2011,17.7304964539007,17.7304964539007
"orng-09",3,2011,25,25
"orng-09",4,2011,12.2302158273382,12.2302158273382
"orng-09",5,2011,23.9130434782609,23.9130434782609
"orng-09",6,2011,15.9420289855072,16.6666666666666
"orng-09",7,2011,37.5886524822695,37.5886524822695
"orng-09",8,2011,26.8115942028985,26.8115942028985
"orng-09",9,2011,20.2898550724637,20.2898550724637
"orng-09",10,2011,26.4285714285714,26.4285714285714
"orng-09",11,2011,17.8571428571429,17.8571428571429
"orng-09",12,2011,17.1428571428571,17.1428571428571
"orng-09",13,2011,20.863309352518,20.863309352518
"orng-09",14,2011,17.1428571428572,17.1428571428572
"orng-09",15,2011,21.7391304347826,21.7391304347826
"orng-09",16,2011,21.5827338129497,21.5827338129497
"orng-09",17,2011,32.8571428571428,32.8571428571428
"orng-09",18,2011,29.2857142857143,29.2857142857143
"orng-09",19,2011,26.4285714285714,26.4285714285714
"orng-09",20,2011,24.113475177305,24.113475177305
"orng-10",1,2011,32.1428571428572,32.1428571428572
"orng-10",2,2011,20.863309352518,20.863309352518
"orng-10",3,2011,44.2028985507247,44.2028985507247
"orng-10",4,2011,32.3741007194245,32.3741007194245
"orng-10",5,2011,34.2857142857143,34.2857142857143
"orng-10",6,2011,31.6546762589928,31.6546762589928
"orng-10",7,2011,31.9444444444445,31.9444444444445
"orng-10",8,2011,21.0144927536232,21.0144927536232
"orng-10",9,2011,25.3623188405797,25.3623188405797
"orng-10",10,2011,70.2127659574468,70.2127659574468
"orng-10",11,2011,67.1428571428572,67.1428571428572
"orng-10",12,2011,66.6666666666667,66.6666666666667
"orng-10",13,2011,39.8601398601399,39.8601398601399
"orng-10",14,2011,20.1438848920863,20.1438848920863
"orng-10",15,2011,19.8581560283688,19.8581560283688
"orng-10",16,2011,30.9352517985612,30.9352517985612
"orng-10",17,2011,26.0869565217391,26.0869565217391
"orng-10",18,2011,18.8811188811189,18.8811188811189
"orng-10",19,2011,33.5766423357665,33.5766423357665
"orng-10",20,2011,51.4492753623188,51.4492753623188
"orng-11",1,2011,25.1798561151079,25.1798561151079
"orng-11",2,2011,20.7142857142857,20.7142857142857
"orng-11",3,2011,25.8992805755396,25.8992805755396
"orng-11",4,2011,22.3021582733813,22.3021582733813
"orng-11",5,2011,40.4255319148937,40.4255319148937
"orng-11",6,2011,30.9352517985612,30.9352517985612
"orng-11",7,2011,21.7391304347826,21.7391304347826
"orng-11",8,2011,23.5714285714286,23.5714285714286
"orng-11",9,2011,27.8571428571428,27.8571428571428
"orng-11",10,2011,23.0215827338129,23.0215827338129
"orng-11",11,2011,31.4285714285714,31.4285714285714
"orng-11",12,2011,16.3120567375887,16.3120567375887
"orng-11",13,2011,23.9130434782608,23.9130434782608
"orng-11",14,2011,21.0144927536232,21.7391304347826
"orng-11",15,2011,22.6950354609929,22.6950354609929
"orng-11",16,2011,22.3021582733813,23.021582733813
"orng-11",17,2011,28.4722222222222,29.1666666666666
"orng-11",18,2011,27.3381294964029,28.0575539568345
"orng-11",19,2011,19.4244604316547,19.4244604316547
"orng-11",20,2011,23.404255319149,23.404255319149
"orng-12",1,2011,31.6546762589928,31.6546762589928
"orng-12",2,2011,28.6713286713287,28.6713286713287
"orng-12",3,2011,25.8992805755396,25.8992805755396
"orng-12",4,2011,31.4285714285714,31.4285714285714
"orng-12",5,2011,41.3043478260869,41.3043478260869
"orng-12",6,2011,73.049645390071,73.049645390071
"orng-12",7,2011,100,100
"orng-12",8,2011,97.2027972027973,97.2027972027973
"orng-12",9,2011,95.7142857142857,95.7142857142858
"orng-12",10,2011,100,100
"orng-12",11,2011,100,100
"orng-12",12,2011,100,100
"orng-12",13,2011,97.841726618705,97.841726618705
"orng-12",14,2011,97.1631205673758,97.1631205673759
"orng-12",15,2011,76.8115942028986,76.8115942028986
"orng-12",16,2011,25.8992805755396,25.8992805755396
"orng-12",17,2011,34.5323741007194,34.5323741007194
"orng-12",18,2011,59.2857142857143,59.2857142857143
"orng-12",19,2011,23.9130434782608,23.9130434782608
"orng-12",20,2011,23.5714285714286,23.5714285714286
"cthm-01",1,2012,24.4604316546762,25.1798561151079
"cthm-01",2,2012,18.8405797101449,18.8405797101449
"cthm-01",3,2012,32.1428571428572,32.1428571428572
"cthm-01",4,2012,34.2857142857143,34.2857142857143
"cthm-01",5,2012,50.0000000000001,50.0000000000001
"cthm-01",6,2012,44.5255474452554,44.5255474452554
"cthm-01",7,2012,25.6944444444445,26.3888888888889
"cthm-01",8,2012,18.75,18.75
"cthm-01",9,2012,19.8581560283688,19.8581560283688
"cthm-01",10,2012,26.6187050359713,26.6187050359713
"cthm-01",11,2012,41.6058394160584,41.6058394160584
"cthm-01",12,2012,37.6811594202899,37.6811594202899
"cthm-01",13,2012,28.5714285714285,28.5714285714285
"cthm-01",14,2012,17.3913043478261,18.1159420289855
"cthm-01",15,2012,34.7826086956521,34.7826086956522
"cthm-01",16,2012,42.8571428571429,42.8571428571429
"cthm-01",17,2012,28.0575539568346,28.7769784172662
"cthm-01",18,2012,36.9565217391305,36.9565217391305
"cthm-01",19,2012,34.0425531914894,34.0425531914894
"cthm-01",20,2012,48.9208633093525,48.9208633093525
"cthm-02",1,2012,13.6690647482015,13.6690647482015
"cthm-02",2,2012,16.4285714285714,16.4285714285714
"cthm-02",3,2012,24.2857142857143,24.2857142857143
"cthm-02",4,2012,13.0434782608696,13.0434782608696
"cthm-02",5,2012,90.5109489051094,90.5109489051095
"cthm-02",6,2012,79.8611111111111,79.8611111111111
"cthm-02",7,2012,43.884892086331,43.884892086331
"cthm-02",8,2012,58.9928057553957,58.9928057553957
"cthm-02",9,2012,28.9855072463768,28.9855072463768
"cthm-02",10,2012,22.1428571428572,22.1428571428572
"cthm-02",11,2012,32.8467153284671,32.8467153284671
"cthm-02",12,2012,22.463768115942,22.463768115942
"cthm-02",13,2012,7.97101449275362,7.97101449275362
"cthm-02",14,2012,27.3381294964028,27.3381294964028
"cthm-02",15,2012,35.7142857142857,35.7142857142857
"cthm-02",16,2012,19.5652173913043,19.5652173913043
"cthm-02",17,2012,26.4285714285714,26.4285714285714
"cthm-02",18,2012,24.4604316546762,24.4604316546763
"cthm-02",19,2012,40.5797101449276,40.5797101449276
"cthm-02",20,2012,24.2857142857143,24.2857142857143
"cthm-03",1,2012,25,25
"cthm-03",2,2012,25,25
"cthm-03",3,2012,48.2517482517483,48.2517482517483
"cthm-03",4,2012,40.2777777777778,40.2777777777778
"cthm-03",5,2012,56.1151079136691,56.1151079136691
"cthm-03",6,2012,27.3381294964029,27.3381294964029
"cthm-03",7,2012,90.7142857142857,90.7142857142858
"cthm-03",8,2012,31.4285714285714,31.4285714285714
"cthm-03",9,2012,14.2857142857143,14.2857142857143
"cthm-03",10,2012,20.1438848920863,20.1438848920864
"cthm-03",11,2012,21.7391304347826,21.7391304347826
"cthm-03",12,2012,17.2661870503597,17.9856115107914
"cthm-03",13,2012,17.1428571428571,17.1428571428571
"cthm-03",14,2012,19.2857142857143,20
"cthm-03",15,2012,20,23.5714285714286
"cthm-03",16,2012,20.1438848920863,20.1438848920863
"cthm-03",17,2012,20.863309352518,20.863309352518
"cthm-03",18,2012,19.1489361702127,19.1489361702128
"cthm-03",19,2012,37.8571428571428,37.8571428571428
"cthm-03",20,2012,21.9858156028369,22.6950354609929
"cthm-04",2,2012,19.1489361702128,19.1489361702128
"cthm-04",3,2012,19.5652173913043,19.5652173913043
"cthm-04",4,2012,9.28571428571429,9.28571428571429
"cthm-04",5,2012,21.4285714285714,21.4285714285714
"cthm-04",6,2012,29.2857142857143,29.2857142857143
"cthm-04",7,2012,12.2302158273381,12.2302158273382
"cthm-04",8,2012,20,20
"cthm-04",9,2012,72.463768115942,72.463768115942
"cthm-04",10,2012,39.8550724637681,39.8550724637681
"cthm-04",11,2012,57.5539568345324,57.5539568345324
"cthm-04",12,2012,15.1079136690647,15.1079136690648
"cthm-04",13,2012,17.8571428571428,17.8571428571428
"cthm-04",14,2012,27.1428571428571,27.8571428571428
"cthm-04",15,2012,8.57142857142857,8.57142857142857
"cthm-04",16,2012,4.31654676258993,4.31654676258993
"cthm-04",17,2012,18.8405797101449,18.8405797101449
"cthm-04",18,2012,20.7142857142857,20.7142857142857
"cthm-04",19,2012,21.5827338129496,21.5827338129496
"cthm-04",20,2012,17.2661870503597,17.2661870503597
"cthm-05",1,2012,21.0144927536232,21.0144927536232
"cthm-05",2,2012,20,20
"cthm-05",3,2012,15.8273381294964,15.8273381294964
"cthm-05",4,2012,12.9496402877698,13.6690647482015
"cthm-05",5,2012,12.8571428571429,15
"cthm-05",6,2012,14.3884892086331,14.3884892086331
"cthm-05",7,2012,18.75,18.75
"cthm-05",8,2012,17.2661870503597,17.2661870503597
"cthm-05",9,2012,18.5714285714286,18.5714285714286
"cthm-05",10,2012,18.8405797101449,18.8405797101449
"cthm-05",11,2012,23.5714285714285,23.5714285714286
"cthm-05",12,2012,16.5467625899281,16.5467625899281
"cthm-05",13,2012,21.1678832116788,21.1678832116788
"cthm-05",14,2012,15.6028368794326,15.6028368794326
"cthm-05",15,2012,18.8811188811189,18.8811188811189
"cthm-05",16,2012,29.1970802919708,29.1970802919708
"cthm-05",17,2012,20.8333333333334,20.8333333333334
"cthm-05",18,2012,14.1843971631205,15.6028368794326
"cthm-05",19,2012,18.8405797101449,18.8405797101449
"cthm-05",20,2012,23.7410071942447,23.7410071942447
"cthm-06",1,2012,33.3333333333333,34.0579710144927
"cthm-06",2,2012,31.4285714285715,32.1428571428572
"cthm-06",3,2012,18.705035971223,18.705035971223
"cthm-06",4,2012,24.4604316546763,24.4604316546763
"cthm-06",5,2012,15.7142857142857,15.7142857142857
"cthm-06",6,2012,17.9856115107914,19.4244604316547
"cthm-06",7,2012,27.3381294964029,27.3381294964029
"cthm-06",8,2012,28.5714285714286,28.5714285714286
"cthm-06",9,2012,17.8571428571428,19.2857142857143
"cthm-06",10,2012,21.7391304347826,21.7391304347826
"cthm-06",11,2012,28.7769784172662,28.7769784172662
"cthm-06",12,2012,20,20
"cthm-06",13,2012,41.4285714285714,41.4285714285714
"cthm-06",14,2012,22.3021582733813,22.3021582733813
"cthm-06",15,2012,22.695035460993,23.4042553191489
"cthm-06",16,2012,24.4604316546763,24.4604316546763
"cthm-06",17,2012,16.5467625899281,16.5467625899281
"cthm-06",18,2012,20.5673758865249,20.5673758865249
"cthm-06",19,2012,19.4244604316547,19.4244604316547
"cthm-06",20,2012,17.2661870503598,17.2661870503598
"cthm-07",1,2012,19.5652173913043,21.0144927536232
"cthm-07",2,2012,17.8571428571429,19.2857142857143
"cthm-07",3,2012,28.5714285714286,28.5714285714286
"cthm-07",4,2012,14.4927536231884,14.4927536231884
"cthm-07",5,2012,15.1079136690647,16.5467625899281
"cthm-07",6,2012,14.8936170212766,17.0212765957447
"cthm-07",7,2012,17.1428571428571,17.1428571428571
"cthm-07",8,2012,17.1428571428571,17.1428571428571
"cthm-07",9,2012,26.241134751773,26.241134751773
"cthm-07",10,2012,20.1438848920864,20.1438848920864
"cthm-07",11,2012,18.705035971223,18.705035971223
"cthm-07",12,2012,15.1079136690647,15.1079136690647
"cthm-07",13,2012,21.7391304347826,21.7391304347826
"cthm-07",14,2012,15.9420289855072,15.9420289855072
"cthm-07",15,2012,24.4604316546763,24.4604316546763
"cthm-07",16,2012,18.5714285714286,18.5714285714286
"cthm-07",17,2012,17.3913043478261,17.3913043478261
"cthm-07",18,2012,17.1428571428571,17.1428571428571
"cthm-07",19,2012,16.0583941605839,16.0583941605839
"cthm-07",20,2012,20.1388888888889,20.1388888888889
"cthm-08",1,2012,17.8571428571428,17.8571428571428
"cthm-08",2,2012,47.5177304964539,47.5177304964539
"cthm-08",3,2012,33.5714285714286,33.5714285714286
"cthm-08",4,2012,23.7410071942446,23.7410071942446
"cthm-08",5,2012,23.6111111111111,23.6111111111111
"cthm-08",6,2012,26.6187050359712,26.6187050359712
"cthm-08",7,2012,34.0579710144927,34.0579710144927
"cthm-08",8,2012,27.1428571428571,27.1428571428571
"cthm-08",9,2012,19.2857142857142,19.2857142857142
"cthm-08",10,2012,17.1428571428572,17.1428571428572
"cthm-08",11,2012,31.6546762589928,31.6546762589928
"cthm-08",12,2012,15.1079136690647,16.5467625899281
"cthm-08",13,2012,15.9420289855072,15.9420289855072
"cthm-08",14,2012,22.3021582733813,22.3021582733813
"cthm-08",15,2012,17.9856115107914,17.9856115107914
"cthm-08",16,2012,14.4927536231884,14.4927536231884
"cthm-08",17,2012,19.2857142857143,19.2857142857143
"cthm-08",18,2012,15.2777777777778,15.2777777777778
"cthm-08",19,2012,15.1079136690647,16.5467625899281
"cthm-08",20,2012,29.9270072992701,29.9270072992701
"cthm-09",1,2012,20,20
"cthm-09",2,2012,21.5827338129496,21.5827338129496
"cthm-09",3,2012,40.7142857142857,41.4285714285714
"cthm-09",4,2012,34.5070422535212,34.5070422535212
"cthm-09",5,2012,46.7153284671533,46.7153284671533
"cthm-09",6,2012,28.0575539568345,28.0575539568345
"cthm-09",7,2012,21.0144927536231,21.0144927536231
"cthm-09",8,2012,34.5323741007194,34.5323741007194
"cthm-09",9,2012,34.5323741007194,34.5323741007194
"cthm-09",10,2012,33.0935251798561,33.0935251798561
"cthm-09",11,2012,32.1428571428572,32.1428571428572
"cthm-09",12,2012,19.8581560283688,19.8581560283688
"cthm-09",13,2012,20.2898550724638,20.2898550724638
"cthm-09",14,2012,12.8571428571429,12.8571428571429
"cthm-09",15,2012,27.6595744680851,27.6595744680851
"cthm-09",16,2012,17.2661870503597,17.2661870503597
"cthm-09",17,2012,17.9856115107914,17.9856115107914
"cthm-09",18,2012,25,25
"cthm-09",19,2012,17.8571428571428,17.8571428571428
"cthm-09",20,2012,21.0144927536232,21.0144927536232
"cthm-10",1,2012,25.3623188405797,25.3623188405797
"cthm-10",2,2012,31.4285714285715,31.4285714285715
"cthm-10",3,2012,23.7410071942446,23.7410071942446
"cthm-10",4,2012,27.8571428571429,27.8571428571429
"cthm-10",5,2012,38.5714285714285,38.5714285714285
"cthm-10",6,2012,34.0579710144928,34.0579710144928
"cthm-10",7,2012,23.7410071942446,23.7410071942446
"cthm-10",8,2012,27.1428571428571,27.1428571428571
"cthm-10",9,2012,29.1970802919708,29.1970802919708
"cthm-10",10,2012,17.2661870503597,17.2661870503597
"cthm-10",11,2012,24.8175182481752,24.8175182481752
"cthm-10",12,2012,31.2056737588653,31.2056737588653
"cthm-10",13,2012,28.0575539568346,28.0575539568346
"cthm-10",14,2012,59.7122302158273,59.7122302158273
"cthm-10",15,2012,30.4347826086956,30.4347826086956
"cthm-10",16,2012,92.7536231884058,92.7536231884058
"cthm-10",17,2012,92.8571428571428,92.8571428571428
"cthm-10",18,2012,33.8028169014084,33.8028169014084
"cthm-10",19,2012,23.5714285714286,23.5714285714286
"cthm-10",20,2012,20.863309352518,20.863309352518
"cthm-11",1,2012,18.8405797101449,20.2898550724637
"cthm-11",2,2012,27.8571428571429,27.8571428571429
"cthm-11",3,2012,26.4285714285714,26.4285714285714
"cthm-11",4,2012,23.021582733813,23.021582733813
"cthm-11",5,2012,15.9420289855072,15.9420289855072
"cthm-11",6,2012,18.5714285714285,19.2857142857142
"cthm-11",7,2012,26.8115942028986,27.536231884058
"cthm-11",8,2012,17.0212765957447,17.0212765957447
"cthm-11",9,2012,25,25
"cthm-11",10,2012,18.705035971223,18.705035971223
"cthm-11",11,2012,38.4615384615385,38.4615384615385
"cthm-11",12,2012,13.986013986014,13.986013986014
"cthm-11",13,2012,21.2765957446809,21.2765957446809
"cthm-11",14,2012,15.2777777777777,18.0555555555556
"cthm-11",15,2012,15,15
"cthm-11",16,2012,27.3381294964029,27.3381294964029
"cthm-11",17,2012,30.9352517985611,30.9352517985611
"cthm-11",18,2012,27.0833333333333,27.0833333333333
"cthm-11",19,2012,18.4397163120567,18.4397163120567
"cthm-11",20,2012,45,45
"cthm-12",1,2012,29.7101449275362,32.6086956521739
"cthm-12",2,2012,15.9722222222222,17.3611111111111
"cthm-12",3,2012,17.2661870503597,17.2661870503597
"cthm-12",4,2012,34.5323741007195,34.5323741007195
"cthm-12",5,2012,18.1159420289855,18.8405797101449
"cthm-12",6,2012,35.4609929078014,35.4609929078014
"cthm-12",7,2012,20,20
"cthm-12",8,2012,16.6666666666667,17.3611111111111
"cthm-12",9,2012,19.8581560283688,19.8581560283688
"cthm-12",10,2012,32.8467153284672,32.8467153284672
"cthm-12",11,2012,21.5827338129496,21.5827338129496
"cthm-12",12,2012,26.8115942028985,26.8115942028985
"cthm-12",13,2012,15.7142857142857,15.7142857142857
"cthm-12",14,2012,15.7142857142857,15.7142857142857
"cthm-12",15,2012,15.7142857142857,15.7142857142857
"cthm-12",16,2012,30.7142857142857,30.7142857142857
"cthm-12",17,2012,15.2173913043478,15.2173913043478
"cthm-12",18,2012,52.8985507246377,53.6231884057971
"cthm-12",19,2012,23.5714285714286,23.5714285714286
"cthm-12",20,2012,37.8571428571429,37.8571428571429
"cthm-13",1,2012,26.3888888888888,26.3888888888888
"cthm-13",2,2012,23.9130434782609,23.9130434782609
"cthm-13",3,2012,25.1798561151079,25.1798561151079
"cthm-13",4,2012,16.6666666666666,23.6111111111111
"cthm-13",5,2012,29.7101449275362,29.7101449275363
"cthm-13",6,2012,22.1428571428571,22.1428571428571
"cthm-13",7,2012,48.22695035461,48.936170212766
"cthm-13",8,2012,35.9712230215827,35.9712230215827
"cthm-13",9,2012,100,100
"cthm-13",10,2012,100,100
"cthm-13",11,2012,100,100
"cthm-13",12,2012,78.1021897810219,78.1021897810219
"cthm-13",13,2012,38.4615384615385,38.4615384615385
"cthm-13",14,2012,20.863309352518,20.863309352518
"cthm-13",15,2012,29.2857142857143,29.2857142857143
"cthm-13",16,2012,52.5547445255475,52.5547445255475
"cthm-13",17,2012,32.6388888888889,32.6388888888889
"cthm-13",18,2012,16.5467625899281,18.705035971223
"cthm-13",19,2012,21.7391304347826,21.7391304347826
"cthm-13",20,2012,15.7142857142857,15.7142857142857
"cthm-14",1,2012,45.6521739130435,45.6521739130435
"cthm-14",2,2012,22.463768115942,23.1884057971015
"cthm-14",3,2012,20.2797202797203,20.2797202797203
"cthm-14",4,2012,30.7692307692308,30.7692307692308
"cthm-14",5,2012,36.8794326241135,36.8794326241135
"cthm-14",6,2012,27.6595744680851,27.6595744680851
"cthm-14",7,2012,18.2481751824817,18.2481751824817
"cthm-14",8,2012,17.2661870503597,17.2661870503597
"cthm-14",9,2012,17.8571428571428,17.8571428571428
"cthm-14",10,2012,28.0575539568345,28.0575539568345
"cthm-14",11,2012,29.7101449275363,29.7101449275363
"cthm-14",12,2012,36.4285714285715,36.4285714285715
"cthm-14",13,2012,30.7142857142858,30.7142857142858
"cthm-14",14,2012,27.8571428571428,27.8571428571428
"cthm-14",15,2012,14.3884892086331,14.3884892086331
"cthm-14",16,2012,27.5362318840579,27.536231884058
"cthm-14",17,2012,20.863309352518,20.863309352518
"cthm-14",18,2012,18.705035971223,19.4244604316547
"cthm-14",19,2012,22.463768115942,22.463768115942
"cthm-14",20,2012,31.2056737588653,31.2056737588653
"drhm-01",1,2012,17.2661870503598,17.2661870503598
"drhm-01",2,2012,20.863309352518,20.863309352518
"drhm-01",3,2012,25.1798561151079,25.1798561151079
"drhm-01",4,2012,24.2857142857143,24.2857142857143
"drhm-01",5,2012,20.5673758865248,20.5673758865248
"drhm-01",6,2012,31.9148936170212,31.9148936170212
"drhm-01",7,2012,23.4042553191489,23.4042553191489
"drhm-01",8,2012,17.9856115107914,17.9856115107914
"drhm-01",9,2012,16.3120567375886,16.3120567375886
"drhm-01",10,2012,25.3623188405797,25.3623188405797
"drhm-01",11,2012,15,15.7142857142857
"drhm-01",12,2012,22.3021582733813,22.3021582733813
"drhm-01",13,2012,14.3884892086331,15.1079136690647
"drhm-01",14,2012,14.5985401459854,14.5985401459854
"drhm-01",15,2012,20.7142857142857,20.7142857142857
"drhm-01",16,2012,18.4397163120568,18.4397163120568
"drhm-01",17,2012,22.3021582733813,22.3021582733813
"drhm-01",18,2012,18.5714285714285,18.5714285714285
"drhm-01",19,2012,20.2898550724637,20.2898550724637
"drhm-01",20,2012,23.1884057971014,23.9130434782609
"drhm-02",1,2012,21.830985915493,21.830985915493
"drhm-02",2,2012,27.1428571428571,27.1428571428571
"drhm-02",3,2012,37.6811594202899,37.6811594202899
"drhm-02",4,2012,29.2857142857143,29.2857142857143
"drhm-02",5,2012,29.2857142857143,29.2857142857143
"drhm-02",6,2012,23.3576642335766,23.3576642335767
"drhm-02",7,2012,36.6906474820144,36.6906474820144
"drhm-02",8,2012,19.4444444444445,19.4444444444445
"drhm-02",9,2012,24.113475177305,24.113475177305
"drhm-02",10,2012,11.5107913669065,11.5107913669065
"drhm-02",11,2012,18.1159420289855,18.1159420289855
"drhm-02",12,2012,26.0869565217391,26.0869565217391
"drhm-02",13,2012,17.1428571428571,17.1428571428571
"drhm-02",14,2012,20.2898550724638,20.2898550724638
"drhm-02",15,2012,17.1428571428572,17.1428571428572
"drhm-02",16,2012,23.404255319149,23.404255319149
"drhm-02",17,2012,26.4285714285714,26.4285714285714
"drhm-02",18,2012,20.863309352518,20.863309352518
"drhm-02",19,2012,23.404255319149,23.404255319149
"drhm-02",20,2012,24.6376811594203,24.6376811594203
"drhm-03",1,2012,100,100
"drhm-03",2,2012,100,100
"drhm-03",3,2012,100,100
"drhm-03",4,2012,100,100
"drhm-03",5,2012,100,100
"drhm-03",6,2012,97.1428571428572,97.8571428571429
"drhm-03",7,2012,80,80
"drhm-03",8,2012,100,100
"drhm-03",9,2012,93.5714285714286,93.5714285714286
"drhm-03",10,2012,87.1428571428572,87.1428571428572
"drhm-03",11,2012,18.705035971223,18.705035971223
"drhm-03",12,2012,21.5827338129497,21.5827338129497
"drhm-03",13,2012,100,100
"drhm-03",14,2012,99.9999999999999,100
"drhm-03",15,2012,70.8333333333334,70.8333333333334
"drhm-03",16,2012,87.8571428571429,87.8571428571429
"drhm-03",17,2012,97.1428571428572,97.1428571428572
"drhm-03",18,2012,65.4676258992806,65.4676258992806
"drhm-03",19,2012,32.3741007194244,32.3741007194245
"drhm-03",20,2012,25.8992805755395,25.8992805755395
"drhm-04",1,2012,95.1388888888889,95.138888888889
"drhm-04",2,2012,67.1428571428571,67.1428571428571
"drhm-04",3,2012,39.8550724637681,39.8550724637681
"drhm-04",4,2012,20,20
"drhm-04",5,2012,86.231884057971,86.231884057971
"drhm-04",6,2012,30,30
"drhm-04",7,2012,27.6595744680851,27.6595744680851
"drhm-04",8,2012,44.9275362318841,44.9275362318841
"drhm-04",9,2012,23.5714285714286,23.5714285714286
"drhm-04",10,2012,15.2173913043478,15.2173913043478
"drhm-04",11,2012,17.1428571428571,17.1428571428571
"drhm-04",12,2012,29.2857142857142,29.2857142857143
"drhm-04",13,2012,35.2517985611511,35.9712230215827
"drhm-04",14,2012,15.7142857142857,15.7142857142857
"drhm-04",15,2012,15.4929577464789,15.4929577464789
"drhm-04",16,2012,25.7142857142857,26.4285714285714
"drhm-04",17,2012,45.3237410071942,45.3237410071942
"drhm-04",18,2012,17.0212765957446,17.0212765957446
"drhm-04",19,2012,21.7391304347826,21.7391304347826
"drhm-04",20,2012,93.525179856115,93.525179856115
"drhm-05",1,2012,27.1428571428572,27.8571428571429
"drhm-05",2,2012,27.1428571428571,27.1428571428571
"drhm-05",3,2012,36.6906474820144,36.6906474820144
"drhm-05",4,2012,42.8571428571429,42.8571428571429
"drhm-05",5,2012,83.3333333333333,83.3333333333333
"drhm-05",6,2012,99.9999999999999,100
"drhm-05",7,2012,53.4722222222223,53.4722222222223
"drhm-05",8,2012,63.7681159420289,63.7681159420289
"drhm-05",9,2012,70,71.4285714285715
"drhm-05",10,2012,63.3093525179856,64.7482014388489
"drhm-05",11,2012,51.063829787234,51.0638297872341
"drhm-05",12,2012,65.9420289855073,65.9420289855073
"drhm-05",13,2012,98.5714285714286,98.5714285714286
"drhm-05",14,2012,100,100
"drhm-05",15,2012,100,100
"drhm-05",16,2012,100,100
"drhm-05",17,2012,100,100
"drhm-05",18,2012,51.063829787234,51.0638297872341
"drhm-05",19,2012,56.5217391304348,56.5217391304348
"drhm-05",20,2012,35.7142857142857,35.7142857142857
"drhm-06",1,2012,27.7777777777777,27.7777777777777
"drhm-06",2,2012,82.6086956521739,82.608695652174
"drhm-06",3,2012,100,100
"drhm-06",4,2012,97.8260869565218,97.8260869565218
"drhm-06",5,2012,100,100
"drhm-06",6,2012,84.1726618705035,84.1726618705036
"drhm-06",7,2012,89.2857142857143,89.2857142857143
"drhm-06",8,2012,77.1428571428572,77.1428571428572
"drhm-06",9,2012,75.5395683453237,75.5395683453238
"drhm-06",10,2012,72.8571428571429,72.8571428571429
"drhm-06",11,2012,55.7971014492754,55.7971014492754
"drhm-06",12,2012,100,100
"drhm-06",13,2012,73.3812949640288,73.3812949640288
"drhm-06",14,2012,46.0992907801419,46.0992907801419
"drhm-06",15,2012,69.5035460992907,69.5035460992907
"drhm-06",16,2012,92.1428571428572,92.1428571428572
"drhm-06",17,2012,86.9565217391304,86.9565217391304
"drhm-06",18,2012,100,100
"drhm-06",19,2012,94.4444444444444,94.4444444444444
"drhm-06",20,2012,95.7142857142858,95.7142857142858
"drhm-07",1,2012,89.2857142857142,90
"drhm-07",2,2012,59.1240875912409,59.1240875912409
"drhm-07",3,2012,37.8571428571429,37.8571428571429
"drhm-07",4,2012,49.6350364963503,49.6350364963504
"drhm-07",5,2012,94.1605839416059,94.1605839416059
"drhm-07",6,2012,81.9444444444444,81.9444444444444
"drhm-07",7,2012,87.8571428571428,87.8571428571428
"drhm-07",8,2012,64.7482014388489,64.7482014388489
"drhm-07",9,2012,77.536231884058,77.536231884058
"drhm-07",10,2012,15.9420289855073,15.9420289855073
"drhm-07",11,2012,22.1428571428571,22.1428571428571
"drhm-07",12,2012,19.4444444444445,19.4444444444445
"drhm-07",13,2012,16.3120567375887,16.3120567375887
"drhm-07",14,2012,17.8571428571428,18.5714285714285
"drhm-07",15,2012,16.3120567375887,16.3120567375887
"drhm-07",16,2012,22.6277372262774,22.6277372262774
"drhm-07",17,2012,35.036496350365,35.036496350365
"drhm-07",18,2012,35.5072463768116,35.5072463768116
"drhm-07",19,2012,25.7142857142858,25.7142857142858
"drhm-07",20,2012,25,25
"drhm-08",1,2012,62.8571428571428,62.8571428571428
"drhm-08",2,2012,32.3741007194244,32.3741007194244
"drhm-08",3,2012,20.7142857142857,20.7142857142857
"drhm-08",4,2012,18.0555555555555,18.0555555555555
"drhm-08",5,2012,20,20
"drhm-08",6,2012,18.1159420289855,18.1159420289855
"drhm-08",7,2012,28.4671532846715,28.4671532846715
"drhm-08",8,2012,90.6474820143885,90.6474820143885
"drhm-08",9,2012,73.5714285714285,73.5714285714285
"drhm-08",10,2012,71.9424460431655,71.9424460431655
"drhm-08",11,2012,57.1428571428572,57.1428571428572
"drhm-08",12,2012,77.536231884058,77.536231884058
"drhm-08",13,2012,31.8840579710145,31.8840579710145
"drhm-08",14,2012,76.6423357664234,76.6423357664234
"drhm-08",15,2012,71.0144927536232,71.0144927536232
"drhm-08",16,2012,30.2158273381295,30.2158273381295
"drhm-08",17,2012,36.231884057971,36.231884057971
"drhm-08",18,2012,27.8571428571429,27.8571428571429
"drhm-08",19,2012,53.9568345323741,56.115107913669
"drhm-08",20,2012,46.4285714285715,46.4285714285715
"orng-01",1,2012,32.6241134751773,32.6241134751773
"orng-01",2,2012,18.8405797101449,18.8405797101449
"orng-01",3,2012,35.7142857142857,35.7142857142857
"orng-01",4,2012,39.5833333333333,39.5833333333333
"orng-01",5,2012,19.4244604316547,19.4244604316547
"orng-01",6,2012,24.2857142857142,24.2857142857143
"orng-01",7,2012,23.7410071942446,23.7410071942446
"orng-01",8,2012,21.4285714285715,21.4285714285715
"orng-01",9,2012,21.4285714285714,21.4285714285714
"orng-01",10,2012,20.1438848920863,20.1438848920863
"orng-01",11,2012,26.8115942028986,26.8115942028986
"orng-01",12,2012,21.7391304347826,21.7391304347826
"orng-01",13,2012,21.4285714285714,21.4285714285714
"orng-01",14,2012,17.2661870503597,17.2661870503597
"orng-01",15,2012,19.5652173913043,19.5652173913043
"orng-01",16,2012,24.4604316546763,24.4604316546763
"orng-01",17,2012,23.5714285714286,23.5714285714286
"orng-01",18,2012,17.2661870503597,17.2661870503597
"orng-01",19,2012,30.9859154929577,30.9859154929577
"orng-01",20,2012,16.3120567375887,16.3120567375887
"orng-02",1,2012,17.2661870503597,17.2661870503597
"orng-02",2,2012,18.8405797101449,18.8405797101449
"orng-02",3,2012,16.546762589928,16.546762589928
"orng-02",4,2012,12.1428571428571,12.1428571428571
"orng-02",5,2012,22.4637681159421,22.4637681159421
"orng-02",6,2012,22.3021582733813,23.0215827338129
"orng-02",7,2012,21.5827338129497,21.5827338129497
"orng-02",8,2012,37.4100719424461,37.4100719424461
"orng-02",9,2012,23.0215827338129,23.0215827338129
"orng-02",10,2012,14.2857142857143,14.2857142857143
"orng-02",11,2012,20.2898550724638,20.2898550724638
"orng-02",12,2012,17.5182481751825,17.5182481751825
"orng-02",13,2012,20.2898550724637,20.2898550724637
"orng-02",14,2012,33.8129496402877,33.8129496402877
"orng-02",15,2012,16.4285714285714,16.4285714285714
"orng-02",16,2012,17.8571428571428,17.8571428571428
"orng-02",17,2012,12.7659574468085,12.7659574468085
"orng-02",18,2012,32.8467153284672,32.8467153284672
"orng-02",19,2012,27.536231884058,27.536231884058
"orng-02",20,2012,16.5467625899281,16.5467625899281
"orng-03",1,2012,36.4963503649635,36.4963503649635
"orng-03",2,2012,26.4285714285714,26.4285714285714
"orng-03",3,2012,30.2158273381295,30.2158273381295
"orng-03",4,2012,30.7142857142857,30.7142857142857
"orng-03",5,2012,18.705035971223,18.705035971223
"orng-03",6,2012,23.9130434782609,23.9130434782609
"orng-03",7,2012,50,50
"orng-03",8,2012,29.8611111111111,29.8611111111111
"orng-03",9,2012,30.7142857142857,30.7142857142857
"orng-03",10,2012,57.1428571428572,57.1428571428572
"orng-03",11,2012,97.1014492753623,97.8260869565217
"orng-03",12,2012,84.2857142857144,84.2857142857144
"orng-03",13,2012,35.7664233576642,35.7664233576642
"orng-03",14,2012,17.0212765957447,17.0212765957447
"orng-03",15,2012,26.4285714285714,26.4285714285714
"orng-03",16,2012,16.6666666666667,16.6666666666667
"orng-03",17,2012,21.1678832116788,21.1678832116788
"orng-03",18,2012,20.863309352518,20.863309352518
"orng-03",19,2012,17.4825174825175,17.4825174825175
"orng-03",20,2012,19.8581560283688,19.8581560283688
"orng-04",1,2012,100,100
"orng-04",2,2012,100,100
"orng-04",3,2012,76.0869565217391,76.0869565217391
"orng-04",4,2012,90.6474820143885,90.6474820143886
"orng-04",5,2012,82.9787234042553,82.9787234042554
"orng-04",6,2012,100,100
"orng-04",7,2012,77.6978417266188,77.6978417266188
"orng-04",8,2012,80.2816901408451,80.2816901408451
"orng-04",9,2012,61.4285714285714,61.4285714285714
"orng-04",10,2012,44.2857142857143,44.2857142857143
"orng-04",11,2012,17.0212765957447,17.0212765957447
"orng-04",12,2012,18.1159420289855,18.1159420289855
"orng-04",13,2012,34.2857142857143,34.2857142857143
"orng-04",14,2012,28.7769784172662,28.7769784172662
"orng-04",15,2012,39.2857142857142,39.2857142857142
"orng-04",16,2012,50,50
"orng-04",17,2012,16.0583941605839,16.0583941605839
"orng-04",18,2012,17.9856115107914,17.9856115107914
"orng-04",19,2012,21.7391304347826,21.7391304347826
"orng-04",20,2012,20,20
"orng-05",1,2012,15.2173913043478,15.2173913043478
"orng-05",2,2012,16.3120567375886,16.3120567375886
"orng-05",3,2012,30.4964539007092,30.4964539007092
"orng-05",4,2012,20.7142857142857,20.7142857142857
"orng-05",5,2012,22.8571428571429,23.5714285714286
"orng-05",6,2012,32.608695652174,32.608695652174
"orng-05",7,2012,31.6546762589928,31.6546762589928
"orng-05",8,2012,25.5474452554744,25.5474452554745
"orng-05",9,2012,15.9420289855072,15.9420289855072
"orng-05",10,2012,21.5827338129497,21.5827338129497
"orng-05",11,2012,18.5714285714285,18.5714285714285
"orng-05",12,2012,19.2857142857143,19.2857142857143
"orng-05",13,2012,24.4604316546763,24.4604316546763
"orng-05",14,2012,17.3611111111111,17.3611111111111
"orng-05",15,2012,17.8571428571429,19.2857142857143
"orng-05",16,2012,23.7410071942446,23.7410071942446
"orng-05",17,2012,31.4285714285714,31.4285714285714
"orng-05",18,2012,24.6376811594203,24.6376811594203
"orng-05",19,2012,24.8175182481752,24.8175182481752
"orng-05",20,2012,16.6666666666666,18.1159420289855
"orng-06",1,2012,17.8571428571429,17.8571428571429
"orng-06",2,2012,15.6028368794326,15.6028368794326
"orng-06",3,2012,23.5714285714285,25
"orng-06",4,2012,16.6666666666667,16.6666666666667
"orng-06",5,2012,25,25
"orng-06",6,2012,45.3237410071942,45.3237410071942
"orng-06",7,2012,69.3430656934307,69.3430656934307
"orng-06",8,2012,45.3900709219859,45.3900709219859
"orng-06",9,2012,32.1428571428571,32.1428571428572
"orng-06",10,2012,69.3430656934307,69.3430656934307
"orng-06",11,2012,90.6474820143885,90.6474820143885
"orng-06",12,2012,87.6811594202899,87.6811594202899
"orng-06",13,2012,30.2158273381295,30.2158273381295
"orng-06",14,2012,54.6099290780142,54.6099290780142
"orng-06",15,2012,90.6474820143885,90.6474820143885
"orng-06",16,2012,72.463768115942,72.463768115942
"orng-06",17,2012,51.0791366906475,51.0791366906475
"orng-06",18,2012,47.4820143884892,47.4820143884893
"orng-06",19,2012,24.0875912408759,24.0875912408759
"orng-06",20,2012,42.8571428571428,43.5714285714285
"orng-07",1,2012,47.4820143884892,47.4820143884892
"orng-07",2,2012,39.1304347826087,39.1304347826087
"orng-07",3,2012,21.0144927536232,21.0144927536232
"orng-07",4,2012,23.9130434782609,23.9130434782609
"orng-07",5,2012,23.021582733813,23.021582733813
"orng-07",6,2012,18.8405797101449,18.8405797101449
"orng-07",7,2012,18.1159420289855,18.8405797101449
"orng-07",8,2012,18.705035971223,18.705035971223
"orng-07",9,2012,32.3741007194244,32.3741007194244
"orng-07",10,2012,21.8309859154929,22.5352112676056
"orng-07",11,2012,15.9420289855072,15.9420289855072
"orng-07",12,2012,12.9496402877698,12.9496402877698
"orng-07",13,2012,28.169014084507,28.1690140845071
"orng-07",14,2012,19.5652173913044,19.5652173913044
"orng-07",15,2012,47.8260869565218,49.2753623188406
"orng-07",16,2012,33.5714285714285,34.2857142857142
"orng-07",17,2012,16.6666666666667,16.6666666666667
"orng-07",18,2012,20.863309352518,20.863309352518
"orng-07",19,2012,40.2877697841726,40.2877697841727
"orng-07",20,2012,16.3120567375887,16.3120567375887
"orng-08",1,2012,27.8571428571428,27.8571428571428
"orng-08",2,2012,25.3623188405797,25.3623188405797
"orng-08",3,2012,26.6187050359713,26.6187050359713
"orng-08",4,2012,42.8571428571429,42.8571428571429
"orng-08",5,2012,17.8571428571428,17.8571428571429
"orng-08",6,2012,17.8571428571428,17.8571428571428
"orng-08",7,2012,20.1438848920863,20.1438848920863
"orng-08",8,2012,30.4964539007092,30.4964539007092
"orng-08",9,2012,26.8115942028985,27.536231884058
"orng-08",10,2012,34.2857142857143,34.2857142857143
"orng-08",11,2012,15.7142857142857,15.7142857142857
"orng-08",12,2012,17.8571428571429,18.5714285714286
"orng-08",13,2012,16.4285714285714,16.4285714285714
"orng-08",14,2012,20.7142857142857,22.1428571428571
"orng-08",15,2012,17.9856115107914,17.9856115107914
"orng-08",16,2012,18.4397163120567,18.4397163120567
"orng-08",17,2012,19.2857142857143,19.2857142857143
"orng-08",18,2012,20.1438848920863,20.1438848920863
"orng-08",19,2012,35.7142857142857,35.7142857142857
"orng-08",20,2012,16.4285714285714,16.4285714285714
"orng-09",1,2012,27.1428571428571,27.1428571428571
"orng-09",2,2012,17.7304964539007,17.7304964539007
"orng-09",3,2012,25,25
"orng-09",4,2012,12.2302158273382,12.2302158273382
"orng-09",5,2012,23.9130434782609,23.9130434782609
"orng-09",6,2012,15.2173913043478,16.6666666666666
"orng-09",7,2012,37.5886524822695,37.5886524822695
"orng-09",8,2012,26.8115942028985,26.8115942028985
"orng-09",9,2012,20.2898550724637,20.2898550724637
"orng-09",10,2012,26.4285714285714,26.4285714285714
"orng-09",11,2012,17.8571428571429,17.8571428571429
"orng-09",12,2012,17.1428571428571,17.1428571428571
"orng-09",13,2012,20.863309352518,20.863309352518
"orng-09",14,2012,17.1428571428572,17.1428571428572
"orng-09",15,2012,23.1884057971015,23.1884057971015
"orng-09",16,2012,21.5827338129497,21.5827338129497
"orng-09",17,2012,33.5714285714285,33.5714285714285
"orng-09",18,2012,29.2857142857143,29.2857142857143
"orng-09",19,2012,26.4285714285714,26.4285714285714
"orng-09",20,2012,24.113475177305,24.113475177305
"orng-10",1,2012,32.8571428571429,32.8571428571429
"orng-10",2,2012,20.863309352518,20.863309352518
"orng-10",3,2012,44.2028985507247,44.2028985507247
"orng-10",4,2012,32.3741007194245,32.3741007194245
"orng-10",5,2012,34.2857142857143,34.2857142857143
"orng-10",6,2012,31.6546762589928,31.6546762589928
"orng-10",7,2012,31.9444444444445,31.9444444444445
"orng-10",8,2012,21.0144927536232,21.0144927536232
"orng-10",9,2012,25.3623188405797,25.3623188405797
"orng-10",10,2012,70.2127659574468,70.2127659574468
"orng-10",11,2012,67.1428571428572,67.1428571428572
"orng-10",12,2012,66.6666666666667,66.6666666666667
"orng-10",13,2012,40.5594405594406,40.5594405594406
"orng-10",14,2012,20.1438848920863,20.1438848920863
"orng-10",15,2012,19.8581560283688,19.8581560283688
"orng-10",16,2012,30.9352517985612,30.9352517985612
"orng-10",17,2012,26.8115942028985,26.8115942028985
"orng-10",18,2012,18.8811188811189,18.8811188811189
"orng-10",19,2012,33.5766423357665,33.5766423357665
"orng-10",20,2012,51.4492753623188,51.4492753623188
"orng-11",1,2012,25.1798561151079,25.1798561151079
"orng-11",2,2012,20.7142857142857,20.7142857142857
"orng-11",3,2012,25.8992805755396,25.8992805755396
"orng-11",4,2012,22.3021582733813,22.3021582733813
"orng-11",5,2012,40.4255319148937,40.4255319148937
"orng-11",6,2012,31.6546762589928,31.6546762589928
"orng-11",7,2012,23.1884057971014,23.1884057971014
"orng-11",8,2012,23.5714285714286,23.5714285714286
"orng-11",9,2012,27.8571428571428,27.8571428571428
"orng-11",10,2012,23.0215827338129,23.0215827338129
"orng-11",11,2012,31.4285714285714,31.4285714285714
"orng-11",12,2012,16.3120567375887,16.3120567375887
"orng-11",13,2012,23.9130434782608,23.9130434782608
"orng-11",14,2012,21.0144927536232,21.7391304347826
"orng-11",15,2012,22.6950354609929,22.6950354609929
"orng-11",16,2012,22.3021582733813,23.021582733813
"orng-11",17,2012,28.4722222222222,29.1666666666666
"orng-11",18,2012,27.3381294964029,28.0575539568345
"orng-11",19,2012,19.4244604316547,19.4244604316547
"orng-11",20,2012,23.404255319149,23.404255319149
"orng-12",1,2012,31.6546762589928,31.6546762589928
"orng-12",2,2012,28.6713286713287,28.6713286713287
"orng-12",3,2012,26.6187050359713,26.6187050359713
"orng-12",4,2012,30.7142857142857,31.4285714285714
"orng-12",5,2012,41.3043478260869,41.3043478260869
"orng-12",6,2012,73.049645390071,73.049645390071
"orng-12",7,2012,100,100
"orng-12",8,2012,97.2027972027973,97.2027972027973
"orng-12",9,2012,95.7142857142857,95.7142857142858
"orng-12",10,2012,100,100
"orng-12",11,2012,100,100
"orng-12",12,2012,100,100
"orng-12",13,2012,97.841726618705,97.841726618705
"orng-12",14,2012,97.1631205673758,97.1631205673759
"orng-12",15,2012,76.0869565217392,76.8115942028986
"orng-12",16,2012,25.8992805755396,25.8992805755396
"orng-12",17,2012,35.2517985611511,35.2517985611511
"orng-12",18,2012,59.2857142857143,59.2857142857143
"orng-12",19,2012,23.9130434782608,23.9130434782608
"orng-12",20,2012,23.5714285714286,23.5714285714286
"cthm-01",1,2013,24.4604316546762,25.1798561151079
"cthm-01",2,2013,18.8405797101449,18.8405797101449
"cthm-01",3,2013,32.1428571428572,32.1428571428572
"cthm-01",4,2013,34.2857142857143,34.2857142857143
"cthm-01",5,2013,50.0000000000001,50.0000000000001
"cthm-01",6,2013,45.2554744525547,45.2554744525547
"cthm-01",7,2013,25.6944444444445,26.3888888888889
"cthm-01",8,2013,18.75,18.75
"cthm-01",9,2013,19.8581560283688,19.8581560283688
"cthm-01",10,2013,27.3381294964029,27.3381294964029
"cthm-01",11,2013,41.6058394160584,41.6058394160584
"cthm-01",12,2013,38.4057971014493,38.4057971014493
"cthm-01",13,2013,28.5714285714285,28.5714285714285
"cthm-01",14,2013,17.3913043478261,18.1159420289855
"cthm-01",15,2013,34.7826086956521,34.7826086956522
"cthm-01",16,2013,42.8571428571429,42.8571428571429
"cthm-01",17,2013,28.0575539568346,28.7769784172662
"cthm-01",18,2013,36.9565217391305,36.9565217391305
"cthm-01",19,2013,34.0425531914894,34.0425531914894
"cthm-01",20,2013,51.0791366906475,51.0791366906475
"cthm-02",1,2013,13.6690647482015,13.6690647482015
"cthm-02",2,2013,16.4285714285714,16.4285714285714
"cthm-02",3,2013,24.2857142857143,24.2857142857143
"cthm-02",4,2013,13.0434782608696,13.0434782608696
"cthm-02",5,2013,90.5109489051094,90.5109489051095
"cthm-02",6,2013,79.8611111111111,79.8611111111111
"cthm-02",7,2013,43.884892086331,43.884892086331
"cthm-02",8,2013,58.9928057553957,58.9928057553957
"cthm-02",9,2013,28.9855072463768,28.9855072463768
"cthm-02",10,2013,22.1428571428572,22.1428571428572
"cthm-02",11,2013,32.8467153284671,32.8467153284671
"cthm-02",12,2013,22.463768115942,22.463768115942
"cthm-02",13,2013,7.97101449275362,7.97101449275362
"cthm-02",14,2013,27.3381294964028,27.3381294964028
"cthm-02",15,2013,37.1428571428571,37.1428571428571
"cthm-02",16,2013,19.5652173913043,19.5652173913043
"cthm-02",17,2013,26.4285714285714,26.4285714285714
"cthm-02",18,2013,24.4604316546762,24.4604316546763
"cthm-02",19,2013,44.2028985507247,44.2028985507247
"cthm-02",20,2013,24.2857142857143,24.2857142857143
"cthm-03",1,2013,26.4285714285714,26.4285714285714
"cthm-03",2,2013,25,25
"cthm-03",3,2013,48.2517482517483,48.2517482517483
"cthm-03",4,2013,42.3611111111111,42.3611111111111
"cthm-03",5,2013,56.8345323741007,56.8345323741007
"cthm-03",6,2013,27.3381294964029,27.3381294964029
"cthm-03",7,2013,90.7142857142857,90.7142857142858
"cthm-03",8,2013,31.4285714285714,31.4285714285714
"cthm-03",9,2013,14.2857142857143,14.2857142857143
"cthm-03",10,2013,20.1438848920863,20.1438848920864
"cthm-03",11,2013,21.7391304347826,21.7391304347826
"cthm-03",12,2013,17.2661870503597,17.9856115107914
"cthm-03",13,2013,17.1428571428571,17.1428571428571
"cthm-03",14,2013,20,20
"cthm-03",15,2013,20,23.5714285714286
"cthm-03",16,2013,20.1438848920864,20.1438848920864
"cthm-03",17,2013,20.863309352518,20.863309352518
"cthm-03",18,2013,19.1489361702127,19.1489361702128
"cthm-03",19,2013,37.8571428571428,37.8571428571428
"cthm-03",20,2013,21.9858156028369,22.6950354609929
"cthm-04",2,2013,19.1489361702128,19.1489361702128
"cthm-04",3,2013,19.5652173913043,19.5652173913043
"cthm-04",4,2013,9.28571428571429,9.28571428571429
"cthm-04",5,2013,21.4285714285714,21.4285714285714
"cthm-04",6,2013,29.2857142857143,29.2857142857143
"cthm-04",7,2013,12.2302158273381,12.2302158273382
"cthm-04",8,2013,20,20
"cthm-04",9,2013,72.463768115942,72.463768115942
"cthm-04",10,2013,39.8550724637681,39.8550724637681
"cthm-04",11,2013,57.5539568345324,57.5539568345324
"cthm-04",12,2013,15.1079136690647,15.1079136690648
"cthm-04",13,2013,17.8571428571428,17.8571428571428
"cthm-04",14,2013,27.1428571428571,27.8571428571428
"cthm-04",15,2013,8.57142857142857,8.57142857142857
"cthm-04",16,2013,4.31654676258993,4.31654676258993
"cthm-04",17,2013,18.8405797101449,18.8405797101449
"cthm-04",18,2013,20.7142857142857,20.7142857142857
"cthm-04",19,2013,21.5827338129496,21.5827338129496
"cthm-04",20,2013,17.2661870503597,17.2661870503597
"cthm-05",1,2013,21.0144927536232,21.0144927536232
"cthm-05",2,2013,20.7142857142857,20.7142857142857
"cthm-05",3,2013,15.8273381294964,15.8273381294964
"cthm-05",4,2013,12.9496402877698,13.6690647482015
"cthm-05",5,2013,12.8571428571429,15
"cthm-05",6,2013,14.3884892086331,14.3884892086331
"cthm-05",7,2013,18.75,18.75
"cthm-05",8,2013,17.2661870503597,17.2661870503597
"cthm-05",9,2013,18.5714285714286,18.5714285714286
"cthm-05",10,2013,18.8405797101449,18.8405797101449
"cthm-05",11,2013,23.5714285714285,23.5714285714286
"cthm-05",12,2013,16.5467625899281,16.5467625899281
"cthm-05",13,2013,21.1678832116788,21.1678832116788
"cthm-05",14,2013,15.6028368794326,15.6028368794326
"cthm-05",15,2013,18.8811188811189,18.8811188811189
"cthm-05",16,2013,29.1970802919708,29.1970802919708
"cthm-05",17,2013,20.8333333333334,20.8333333333334
"cthm-05",18,2013,14.1843971631205,15.6028368794326
"cthm-05",19,2013,18.8405797101449,18.8405797101449
"cthm-05",20,2013,23.7410071942447,23.7410071942447
"cthm-06",1,2013,33.3333333333333,34.0579710144927
"cthm-06",2,2013,31.4285714285715,32.1428571428572
"cthm-06",3,2013,18.705035971223,18.705035971223
"cthm-06",4,2013,24.4604316546763,24.4604316546763
"cthm-06",5,2013,15.7142857142857,15.7142857142857
"cthm-06",6,2013,17.9856115107914,19.4244604316547
"cthm-06",7,2013,27.3381294964029,27.3381294964029
"cthm-06",8,2013,28.5714285714286,28.5714285714286
"cthm-06",9,2013,17.8571428571428,19.2857142857143
"cthm-06",10,2013,21.7391304347826,21.7391304347826
"cthm-06",11,2013,29.4964028776979,29.4964028776979
"cthm-06",12,2013,20,20
"cthm-06",13,2013,41.4285714285714,41.4285714285714
"cthm-06",14,2013,22.3021582733813,22.3021582733813
"cthm-06",15,2013,22.695035460993,23.4042553191489
"cthm-06",16,2013,24.4604316546763,24.4604316546763
"cthm-06",17,2013,16.5467625899281,16.5467625899281
"cthm-06",18,2013,20.5673758865249,20.5673758865249
"cthm-06",19,2013,19.4244604316547,19.4244604316547
"cthm-06",20,2013,17.2661870503598,17.2661870503598
"cthm-07",1,2013,19.5652173913043,21.0144927536232
"cthm-07",2,2013,17.8571428571429,19.2857142857143
"cthm-07",3,2013,29.2857142857143,29.2857142857143
"cthm-07",4,2013,14.4927536231884,14.4927536231884
"cthm-07",5,2013,15.1079136690647,16.5467625899281
"cthm-07",6,2013,14.8936170212766,17.0212765957447
"cthm-07",7,2013,17.1428571428571,17.1428571428571
"cthm-07",8,2013,17.1428571428571,17.1428571428571
"cthm-07",9,2013,26.241134751773,26.241134751773
"cthm-07",10,2013,20.1438848920864,20.1438848920864
"cthm-07",11,2013,18.705035971223,18.705035971223
"cthm-07",12,2013,15.1079136690647,15.1079136690647
"cthm-07",13,2013,21.7391304347826,21.7391304347826
"cthm-07",14,2013,15.9420289855072,15.9420289855072
"cthm-07",15,2013,24.4604316546763,24.4604316546763
"cthm-07",16,2013,18.5714285714286,18.5714285714286
"cthm-07",17,2013,17.3913043478261,17.3913043478261
"cthm-07",18,2013,17.1428571428571,17.1428571428571
"cthm-07",19,2013,16.0583941605839,16.0583941605839
"cthm-07",20,2013,20.1388888888889,20.1388888888889
"cthm-08",1,2013,17.8571428571428,17.8571428571428
"cthm-08",2,2013,46.8085106382979,47.5177304964539
"cthm-08",3,2013,33.5714285714286,33.5714285714286
"cthm-08",4,2013,24.4604316546763,24.4604316546763
"cthm-08",5,2013,23.6111111111111,23.6111111111111
"cthm-08",6,2013,26.6187050359712,26.6187050359712
"cthm-08",7,2013,34.0579710144927,34.0579710144927
"cthm-08",8,2013,27.1428571428571,27.1428571428571
"cthm-08",9,2013,19.2857142857142,19.2857142857142
"cthm-08",10,2013,17.1428571428572,17.1428571428572
"cthm-08",11,2013,31.6546762589928,31.6546762589928
"cthm-08",12,2013,15.1079136690647,16.5467625899281
"cthm-08",13,2013,15.9420289855072,15.9420289855072
"cthm-08",14,2013,22.3021582733813,22.3021582733813
"cthm-08",15,2013,17.9856115107914,17.9856115107914
"cthm-08",16,2013,15.2173913043478,15.2173913043478
"cthm-08",17,2013,19.2857142857143,19.2857142857143
"cthm-08",18,2013,15.2777777777778,15.2777777777778
"cthm-08",19,2013,15.1079136690647,16.5467625899281
"cthm-08",20,2013,29.9270072992701,29.9270072992701
"cthm-09",1,2013,20,20
"cthm-09",2,2013,21.5827338129496,21.5827338129496
"cthm-09",3,2013,40.7142857142857,41.4285714285714
"cthm-09",4,2013,34.5070422535211,34.5070422535212
"cthm-09",5,2013,46.7153284671533,46.7153284671533
"cthm-09",6,2013,28.0575539568345,28.0575539568345
"cthm-09",7,2013,21.0144927536231,21.0144927536231
"cthm-09",8,2013,35.2517985611511,35.2517985611511
"cthm-09",9,2013,35.2517985611511,35.2517985611511
"cthm-09",10,2013,35.9712230215827,35.9712230215827
"cthm-09",11,2013,32.1428571428572,32.1428571428572
"cthm-09",12,2013,19.8581560283688,19.8581560283688
"cthm-09",13,2013,21.0144927536232,21.0144927536232
"cthm-09",14,2013,12.8571428571429,12.8571428571429
"cthm-09",15,2013,27.6595744680851,27.6595744680851
"cthm-09",16,2013,17.2661870503597,17.2661870503597
"cthm-09",17,2013,17.9856115107914,17.9856115107914
"cthm-09",18,2013,25,25
"cthm-09",19,2013,17.8571428571428,17.8571428571428
"cthm-09",20,2013,21.0144927536232,21.0144927536232
"cthm-10",1,2013,25.3623188405797,25.3623188405797
"cthm-10",2,2013,31.4285714285715,31.4285714285715
"cthm-10",3,2013,23.7410071942446,23.7410071942446
"cthm-10",4,2013,25,27.8571428571429
"cthm-10",5,2013,39.2857142857142,39.2857142857142
"cthm-10",6,2013,34.7826086956522,34.7826086956522
"cthm-10",7,2013,23.7410071942446,23.7410071942446
"cthm-10",8,2013,27.1428571428571,27.1428571428571
"cthm-10",9,2013,30.6569343065693,30.6569343065693
"cthm-10",10,2013,17.2661870503597,17.2661870503597
"cthm-10",11,2013,24.8175182481752,24.8175182481752
"cthm-10",12,2013,31.2056737588653,31.2056737588653
"cthm-10",13,2013,28.0575539568346,28.0575539568346
"cthm-10",14,2013,60.431654676259,60.431654676259
"cthm-10",15,2013,30.4347826086956,30.4347826086956
"cthm-10",16,2013,92.7536231884058,92.7536231884058
"cthm-10",17,2013,93.5714285714286,93.5714285714286
"cthm-10",18,2013,34.5070422535211,34.5070422535211
"cthm-10",19,2013,23.5714285714286,23.5714285714286
"cthm-10",20,2013,20.863309352518,20.863309352518
"cthm-11",1,2013,18.8405797101449,20.2898550724637
"cthm-11",2,2013,27.8571428571429,27.8571428571429
"cthm-11",3,2013,26.4285714285714,26.4285714285714
"cthm-11",4,2013,23.021582733813,23.021582733813
"cthm-11",5,2013,15.9420289855072,15.9420289855072
"cthm-11",6,2013,18.5714285714285,19.2857142857142
"cthm-11",7,2013,26.8115942028986,27.536231884058
"cthm-11",8,2013,16.3120567375887,17.0212765957447
"cthm-11",9,2013,25,25
"cthm-11",10,2013,18.705035971223,18.705035971223
"cthm-11",11,2013,38.4615384615385,38.4615384615385
"cthm-11",12,2013,13.986013986014,13.986013986014
"cthm-11",13,2013,21.2765957446809,21.2765957446809
"cthm-11",14,2013,15.2777777777777,18.0555555555556
"cthm-11",15,2013,15,15
"cthm-11",16,2013,28.0575539568346,28.0575539568346
"cthm-11",17,2013,30.9352517985611,30.9352517985611
"cthm-11",18,2013,27.0833333333333,27.0833333333333
"cthm-11",19,2013,18.4397163120567,18.4397163120567
"cthm-11",20,2013,45,45
"cthm-12",1,2013,29.7101449275362,32.6086956521739
"cthm-12",2,2013,15.9722222222222,17.3611111111111
"cthm-12",3,2013,17.2661870503597,17.2661870503597
"cthm-12",4,2013,34.5323741007195,34.5323741007195
"cthm-12",5,2013,18.1159420289855,18.8405797101449
"cthm-12",6,2013,35.4609929078014,35.4609929078014
"cthm-12",7,2013,20,20
"cthm-12",8,2013,16.6666666666667,17.3611111111111
"cthm-12",9,2013,19.8581560283688,19.8581560283688
"cthm-12",10,2013,32.8467153284672,32.8467153284672
"cthm-12",11,2013,21.5827338129496,21.5827338129496
"cthm-12",12,2013,26.8115942028985,26.8115942028985
"cthm-12",13,2013,15.7142857142857,15.7142857142857
"cthm-12",14,2013,15.7142857142857,15.7142857142857
"cthm-12",15,2013,15.7142857142857,15.7142857142857
"cthm-12",16,2013,30.7142857142857,30.7142857142857
"cthm-12",17,2013,15.2173913043478,15.2173913043478
"cthm-12",18,2013,52.8985507246377,53.6231884057971
"cthm-12",19,2013,23.5714285714286,23.5714285714286
"cthm-12",20,2013,38.5714285714286,38.5714285714286
"cthm-13",1,2013,26.3888888888888,26.3888888888888
"cthm-13",2,2013,23.9130434782609,23.9130434782609
"cthm-13",3,2013,25.1798561151079,25.1798561151079
"cthm-13",4,2013,16.6666666666666,23.6111111111111
"cthm-13",5,2013,29.7101449275362,29.7101449275363
"cthm-13",6,2013,22.1428571428571,22.1428571428571
"cthm-13",7,2013,48.22695035461,48.936170212766
"cthm-13",8,2013,35.9712230215827,35.9712230215827
"cthm-13",9,2013,100,100
"cthm-13",10,2013,100,100
"cthm-13",11,2013,100,100
"cthm-13",12,2013,78.1021897810219,78.1021897810219
"cthm-13",13,2013,38.4615384615385,38.4615384615385
"cthm-13",14,2013,20.863309352518,20.863309352518
"cthm-13",15,2013,29.2857142857143,29.2857142857143
"cthm-13",16,2013,52.5547445255475,52.5547445255475
"cthm-13",17,2013,32.6388888888889,32.6388888888889
"cthm-13",18,2013,16.5467625899281,18.705035971223
"cthm-13",19,2013,21.7391304347826,21.7391304347826
"cthm-13",20,2013,15.7142857142857,15.7142857142857
"cthm-14",1,2013,45.6521739130435,45.6521739130435
"cthm-14",2,2013,22.463768115942,23.1884057971015
"cthm-14",3,2013,20.2797202797203,20.2797202797203
"cthm-14",4,2013,30.7692307692308,30.7692307692308
"cthm-14",5,2013,36.8794326241135,36.8794326241135
"cthm-14",6,2013,27.6595744680851,27.6595744680851
"cthm-14",7,2013,18.2481751824817,18.2481751824817
"cthm-14",8,2013,17.2661870503597,17.2661870503597
"cthm-14",9,2013,18.5714285714285,18.5714285714285
"cthm-14",10,2013,28.0575539568345,28.0575539568345
"cthm-14",11,2013,30.4347826086957,30.4347826086957
"cthm-14",12,2013,36.4285714285715,36.4285714285715
"cthm-14",13,2013,30.7142857142858,30.7142857142858
"cthm-14",14,2013,27.8571428571428,27.8571428571428
"cthm-14",15,2013,14.3884892086331,14.3884892086331
"cthm-14",16,2013,27.5362318840579,27.536231884058
"cthm-14",17,2013,21.5827338129496,21.5827338129496
"cthm-14",18,2013,18.705035971223,19.4244604316547
"cthm-14",19,2013,22.463768115942,22.463768115942
"cthm-14",20,2013,31.2056737588653,31.2056737588653
"drhm-01",1,2013,17.2661870503598,17.2661870503598
"drhm-01",2,2013,20.863309352518,20.863309352518
"drhm-01",3,2013,25.1798561151079,25.1798561151079
"drhm-01",4,2013,25,25
"drhm-01",5,2013,20.5673758865248,20.5673758865248
"drhm-01",6,2013,31.9148936170212,31.9148936170212
"drhm-01",7,2013,23.4042553191489,23.4042553191489
"drhm-01",8,2013,17.9856115107914,17.9856115107914
"drhm-01",9,2013,16.3120567375886,16.3120567375886
"drhm-01",10,2013,23.9130434782609,25.3623188405797
"drhm-01",11,2013,15,15.7142857142857
"drhm-01",12,2013,24.4604316546763,24.4604316546763
"drhm-01",13,2013,14.3884892086331,15.1079136690647
"drhm-01",14,2013,14.5985401459854,14.5985401459854
"drhm-01",15,2013,20.7142857142857,20.7142857142857
"drhm-01",16,2013,18.4397163120568,18.4397163120568
"drhm-01",17,2013,22.3021582733813,22.3021582733813
"drhm-01",18,2013,18.5714285714285,18.5714285714285
"drhm-01",19,2013,20.2898550724637,20.2898550724637
"drhm-01",20,2013,23.1884057971014,23.9130434782609
"drhm-02",1,2013,21.8309859154929,21.830985915493
"drhm-02",2,2013,27.1428571428571,27.1428571428571
"drhm-02",3,2013,37.6811594202899,37.6811594202899
"drhm-02",4,2013,29.2857142857143,29.2857142857143
"drhm-02",5,2013,29.2857142857143,29.2857142857143
"drhm-02",6,2013,23.3576642335766,23.3576642335767
"drhm-02",7,2013,36.6906474820144,36.6906474820144
"drhm-02",8,2013,19.4444444444445,19.4444444444445
"drhm-02",9,2013,24.113475177305,24.113475177305
"drhm-02",10,2013,11.5107913669065,11.5107913669065
"drhm-02",11,2013,18.1159420289855,18.1159420289855
"drhm-02",12,2013,26.8115942028985,26.8115942028985
"drhm-02",13,2013,17.1428571428571,17.1428571428571
"drhm-02",14,2013,20.2898550724638,20.2898550724638
"drhm-02",15,2013,17.1428571428571,17.1428571428572
"drhm-02",16,2013,23.404255319149,23.404255319149
"drhm-02",17,2013,26.4285714285714,26.4285714285714
"drhm-02",18,2013,20.863309352518,20.863309352518
"drhm-02",19,2013,23.404255319149,23.404255319149
"drhm-02",20,2013,24.6376811594203,24.6376811594203
"drhm-03",1,2013,99.9999999999999,100
"drhm-03",2,2013,100,100
"drhm-03",3,2013,100,100
"drhm-03",4,2013,100,100
"drhm-03",5,2013,100,100
"drhm-03",6,2013,97.1428571428572,97.8571428571429
"drhm-03",7,2013,80,80
"drhm-03",8,2013,100,100
"drhm-03",9,2013,93.5714285714286,93.5714285714286
"drhm-03",10,2013,87.1428571428572,87.1428571428572
"drhm-03",11,2013,18.7050359712231,18.7050359712231
"drhm-03",12,2013,21.5827338129497,21.5827338129497
"drhm-03",13,2013,100,100
"drhm-03",14,2013,99.9999999999999,100
"drhm-03",15,2013,70.8333333333334,70.8333333333334
"drhm-03",16,2013,87.8571428571428,87.8571428571429
"drhm-03",17,2013,97.1428571428571,97.1428571428572
"drhm-03",18,2013,65.4676258992806,65.4676258992806
"drhm-03",19,2013,32.3741007194244,32.3741007194245
"drhm-03",20,2013,25.8992805755395,25.8992805755395
"drhm-04",1,2013,95.1388888888889,95.138888888889
"drhm-04",2,2013,67.1428571428571,67.1428571428571
"drhm-04",3,2013,39.8550724637681,39.8550724637681
"drhm-04",4,2013,20,20
"drhm-04",5,2013,86.231884057971,86.231884057971
"drhm-04",6,2013,30,30
"drhm-04",7,2013,27.6595744680851,27.6595744680851
"drhm-04",8,2013,44.9275362318841,44.9275362318841
"drhm-04",9,2013,24.2857142857143,24.2857142857143
"drhm-04",10,2013,15.2173913043478,15.2173913043478
"drhm-04",11,2013,17.1428571428571,17.1428571428571
"drhm-04",12,2013,29.2857142857142,29.2857142857143
"drhm-04",13,2013,35.2517985611511,35.9712230215827
"drhm-04",14,2013,15.7142857142857,15.7142857142857
"drhm-04",15,2013,15.4929577464789,15.4929577464789
"drhm-04",16,2013,25.7142857142857,26.4285714285714
"drhm-04",17,2013,46.0431654676259,46.0431654676259
"drhm-04",18,2013,17.0212765957446,17.0212765957446
"drhm-04",19,2013,21.7391304347826,21.7391304347826
"drhm-04",20,2013,93.525179856115,93.525179856115
"drhm-05",1,2013,27.1428571428572,27.8571428571429
"drhm-05",2,2013,27.1428571428571,27.1428571428571
"drhm-05",3,2013,38.1294964028777,38.1294964028777
"drhm-05",4,2013,42.8571428571429,42.8571428571429
"drhm-05",5,2013,83.3333333333333,83.3333333333333
"drhm-05",6,2013,99.9999999999999,100
"drhm-05",7,2013,53.4722222222222,53.4722222222223
"drhm-05",8,2013,65.2173913043478,65.2173913043478
"drhm-05",9,2013,70,71.4285714285715
"drhm-05",10,2013,63.3093525179856,64.7482014388489
"drhm-05",11,2013,51.063829787234,51.0638297872341
"drhm-05",12,2013,65.9420289855072,65.9420289855073
"drhm-05",13,2013,98.5714285714286,98.5714285714286
"drhm-05",14,2013,100,100
"drhm-05",15,2013,100,100
"drhm-05",16,2013,100,100
"drhm-05",17,2013,100,100
"drhm-05",18,2013,51.0638297872341,51.0638297872341
"drhm-05",19,2013,56.5217391304348,56.5217391304348
"drhm-05",20,2013,35.7142857142857,35.7142857142857
"drhm-06",1,2013,27.7777777777777,27.7777777777777
"drhm-06",2,2013,82.6086956521739,82.608695652174
"drhm-06",3,2013,100,100
"drhm-06",4,2013,98.5507246376812,98.5507246376812
"drhm-06",5,2013,100,100
"drhm-06",6,2013,84.1726618705035,84.1726618705036
"drhm-06",7,2013,88.5714285714285,89.2857142857143
"drhm-06",8,2013,77.1428571428572,77.1428571428572
"drhm-06",9,2013,75.5395683453238,75.5395683453238
"drhm-06",10,2013,72.8571428571428,72.8571428571429
"drhm-06",11,2013,55.7971014492754,55.7971014492754
"drhm-06",12,2013,100,100
"drhm-06",13,2013,73.3812949640288,73.3812949640288
"drhm-06",14,2013,46.0992907801419,46.0992907801419
"drhm-06",15,2013,69.5035460992907,69.5035460992907
"drhm-06",16,2013,92.1428571428572,92.1428571428572
"drhm-06",17,2013,86.9565217391304,86.9565217391304
"drhm-06",18,2013,100,100
"drhm-06",19,2013,94.4444444444444,94.4444444444444
"drhm-06",20,2013,95.7142857142857,95.7142857142858
"drhm-07",1,2013,89.2857142857143,90
"drhm-07",2,2013,60.5839416058395,60.5839416058395
"drhm-07",3,2013,37.8571428571429,37.8571428571429
"drhm-07",4,2013,49.6350364963503,49.6350364963504
"drhm-07",5,2013,94.1605839416059,94.1605839416059
"drhm-07",6,2013,81.9444444444444,81.9444444444444
"drhm-07",7,2013,87.8571428571428,87.8571428571428
"drhm-07",8,2013,64.7482014388489,64.7482014388489
"drhm-07",9,2013,77.536231884058,77.536231884058
"drhm-07",10,2013,15.9420289855073,15.9420289855073
"drhm-07",11,2013,22.1428571428571,22.1428571428571
"drhm-07",12,2013,19.4444444444445,19.4444444444445
"drhm-07",13,2013,16.3120567375887,16.3120567375887
"drhm-07",14,2013,17.8571428571428,18.5714285714285
"drhm-07",15,2013,16.3120567375887,16.3120567375887
"drhm-07",16,2013,22.6277372262774,22.6277372262774
"drhm-07",17,2013,35.036496350365,35.036496350365
"drhm-07",18,2013,35.5072463768116,35.5072463768116
"drhm-07",19,2013,25.7142857142858,25.7142857142858
"drhm-07",20,2013,25,25
"drhm-08",1,2013,63.5714285714286,63.5714285714286
"drhm-08",2,2013,32.3741007194244,32.3741007194244
"drhm-08",3,2013,20.7142857142857,20.7142857142857
"drhm-08",4,2013,18.0555555555555,18.0555555555555
"drhm-08",5,2013,20,20
"drhm-08",6,2013,18.1159420289855,18.1159420289855
"drhm-08",7,2013,28.4671532846715,28.4671532846715
"drhm-08",8,2013,90.6474820143885,90.6474820143885
"drhm-08",9,2013,73.5714285714285,73.5714285714285
"drhm-08",10,2013,73.3812949640288,73.3812949640288
"drhm-08",11,2013,57.1428571428572,57.1428571428572
"drhm-08",12,2013,77.536231884058,77.536231884058
"drhm-08",13,2013,31.8840579710145,31.8840579710145
"drhm-08",14,2013,76.6423357664234,76.6423357664234
"drhm-08",15,2013,71.0144927536231,71.0144927536232
"drhm-08",16,2013,30.9352517985612,30.9352517985612
"drhm-08",17,2013,36.231884057971,36.231884057971
"drhm-08",18,2013,27.8571428571429,27.8571428571429
"drhm-08",19,2013,53.9568345323741,56.115107913669
"drhm-08",20,2013,46.4285714285715,46.4285714285715
"orng-01",1,2013,32.6241134751773,32.6241134751773
"orng-01",2,2013,18.8405797101449,18.8405797101449
"orng-01",3,2013,35.7142857142857,35.7142857142857
"orng-01",4,2013,39.5833333333333,39.5833333333333
"orng-01",5,2013,19.4244604316547,19.4244604316547
"orng-01",6,2013,24.2857142857142,24.2857142857143
"orng-01",7,2013,23.7410071942446,23.7410071942446
"orng-01",8,2013,21.4285714285715,21.4285714285715
"orng-01",9,2013,21.4285714285714,21.4285714285714
"orng-01",10,2013,20.1438848920863,20.1438848920863
"orng-01",11,2013,26.8115942028986,26.8115942028986
"orng-01",12,2013,21.7391304347826,21.7391304347826
"orng-01",13,2013,21.4285714285714,21.4285714285714
"orng-01",14,2013,17.2661870503597,17.2661870503597
"orng-01",15,2013,19.5652173913043,19.5652173913043
"orng-01",16,2013,24.4604316546763,24.4604316546763
"orng-01",17,2013,23.5714285714286,23.5714285714286
"orng-01",18,2013,17.2661870503597,17.2661870503597
"orng-01",19,2013,31.6901408450704,31.6901408450704
"orng-01",20,2013,16.3120567375887,16.3120567375887
"orng-02",1,2013,17.2661870503597,17.2661870503597
"orng-02",2,2013,18.8405797101449,18.8405797101449
"orng-02",3,2013,16.546762589928,16.546762589928
"orng-02",4,2013,12.1428571428571,12.1428571428571
"orng-02",5,2013,22.4637681159421,22.4637681159421
"orng-02",6,2013,22.3021582733813,23.0215827338129
"orng-02",7,2013,21.5827338129497,21.5827338129497
"orng-02",8,2013,37.4100719424461,37.4100719424461
"orng-02",9,2013,23.0215827338129,23.0215827338129
"orng-02",10,2013,14.2857142857143,14.2857142857143
"orng-02",11,2013,20.2898550724638,20.2898550724638
"orng-02",12,2013,17.5182481751825,17.5182481751825
"orng-02",13,2013,20.2898550724637,20.2898550724637
"orng-02",14,2013,33.8129496402877,33.8129496402877
"orng-02",15,2013,16.4285714285714,16.4285714285714
"orng-02",16,2013,17.8571428571428,17.8571428571428
"orng-02",17,2013,12.7659574468085,12.7659574468085
"orng-02",18,2013,32.8467153284672,32.8467153284672
"orng-02",19,2013,27.536231884058,27.536231884058
"orng-02",20,2013,16.5467625899281,16.5467625899281
"orng-03",1,2013,36.4963503649635,36.4963503649635
"orng-03",2,2013,26.4285714285714,26.4285714285714
"orng-03",3,2013,30.9352517985612,30.9352517985612
"orng-03",4,2013,30.7142857142857,30.7142857142857
"orng-03",5,2013,18.705035971223,18.705035971223
"orng-03",6,2013,23.9130434782609,23.9130434782609
"orng-03",7,2013,50,50
"orng-03",8,2013,29.8611111111111,29.8611111111111
"orng-03",9,2013,30.7142857142857,30.7142857142857
"orng-03",10,2013,57.1428571428572,57.1428571428572
"orng-03",11,2013,97.1014492753623,97.8260869565217
"orng-03",12,2013,84.2857142857144,84.2857142857144
"orng-03",13,2013,35.7664233576642,35.7664233576642
"orng-03",14,2013,17.0212765957447,17.0212765957447
"orng-03",15,2013,26.4285714285714,26.4285714285714
"orng-03",16,2013,16.6666666666667,16.6666666666667
"orng-03",17,2013,21.1678832116788,21.1678832116788
"orng-03",18,2013,20.863309352518,20.863309352518
"orng-03",19,2013,16.7832167832168,17.4825174825175
"orng-03",20,2013,19.1489361702127,19.8581560283688
"orng-04",1,2013,100,100
"orng-04",2,2013,100,100
"orng-04",3,2013,76.0869565217391,76.0869565217391
"orng-04",4,2013,90.6474820143886,90.6474820143886
"orng-04",5,2013,82.9787234042553,82.9787234042554
"orng-04",6,2013,100,100
"orng-04",7,2013,77.6978417266188,77.6978417266188
"orng-04",8,2013,80.2816901408451,80.2816901408451
"orng-04",9,2013,61.4285714285714,61.4285714285714
"orng-04",10,2013,43.5714285714286,44.2857142857143
"orng-04",11,2013,17.0212765957447,17.0212765957447
"orng-04",12,2013,18.1159420289855,18.1159420289855
"orng-04",13,2013,34.2857142857143,34.2857142857143
"orng-04",14,2013,28.7769784172662,28.7769784172662
"orng-04",15,2013,39.2857142857142,39.2857142857142
"orng-04",16,2013,50,50
"orng-04",17,2013,16.0583941605839,16.0583941605839
"orng-04",18,2013,17.9856115107914,17.9856115107914
"orng-04",19,2013,21.7391304347826,21.7391304347826
"orng-04",20,2013,20,20
"orng-05",1,2013,15.2173913043478,15.2173913043478
"orng-05",2,2013,16.3120567375886,16.3120567375886
"orng-05",3,2013,30.4964539007092,30.4964539007092
"orng-05",4,2013,21.4285714285714,21.4285714285714
"orng-05",5,2013,22.8571428571429,23.5714285714286
"orng-05",6,2013,32.608695652174,32.608695652174
"orng-05",7,2013,31.6546762589928,31.6546762589928
"orng-05",8,2013,25.5474452554744,25.5474452554745
"orng-05",9,2013,15.9420289855072,15.9420289855072
"orng-05",10,2013,21.5827338129497,21.5827338129497
"orng-05",11,2013,18.5714285714285,18.5714285714285
"orng-05",12,2013,19.2857142857143,19.2857142857143
"orng-05",13,2013,24.4604316546763,24.4604316546763
"orng-05",14,2013,17.3611111111111,17.3611111111111
"orng-05",15,2013,17.8571428571429,19.2857142857143
"orng-05",16,2013,23.7410071942446,23.7410071942446
"orng-05",17,2013,32.1428571428571,32.1428571428571
"orng-05",18,2013,24.6376811594203,24.6376811594203
"orng-05",19,2013,24.8175182481752,24.8175182481752
"orng-05",20,2013,16.6666666666666,18.1159420289855
"orng-06",1,2013,17.8571428571428,17.8571428571429
"orng-06",2,2013,15.6028368794326,15.6028368794326
"orng-06",3,2013,23.5714285714285,25
"orng-06",4,2013,16.6666666666667,16.6666666666667
"orng-06",5,2013,25,25
"orng-06",6,2013,45.3237410071942,45.3237410071942
"orng-06",7,2013,69.3430656934307,69.3430656934307
"orng-06",8,2013,45.3900709219858,45.3900709219859
"orng-06",9,2013,32.1428571428571,32.1428571428572
"orng-06",10,2013,69.3430656934307,69.3430656934307
"orng-06",11,2013,90.6474820143885,90.6474820143885
"orng-06",12,2013,87.6811594202899,87.6811594202899
"orng-06",13,2013,30.2158273381295,30.2158273381295
"orng-06",14,2013,54.6099290780141,54.6099290780142
"orng-06",15,2013,90.6474820143885,90.6474820143885
"orng-06",16,2013,72.463768115942,72.463768115942
"orng-06",17,2013,51.0791366906475,51.0791366906475
"orng-06",18,2013,47.4820143884892,47.4820143884893
"orng-06",19,2013,24.0875912408759,24.0875912408759
"orng-06",20,2013,42.8571428571428,43.5714285714285
"orng-07",1,2013,48.2014388489209,48.2014388489209
"orng-07",2,2013,39.8550724637681,39.8550724637681
"orng-07",3,2013,21.0144927536232,21.0144927536232
"orng-07",4,2013,23.9130434782609,23.9130434782609
"orng-07",5,2013,23.7410071942447,23.7410071942447
"orng-07",6,2013,18.8405797101449,18.8405797101449
"orng-07",7,2013,18.1159420289855,18.8405797101449
"orng-07",8,2013,18.705035971223,18.705035971223
"orng-07",9,2013,32.3741007194244,32.3741007194244
"orng-07",10,2013,21.8309859154929,22.5352112676056
"orng-07",11,2013,15.9420289855072,15.9420289855072
"orng-07",12,2013,12.9496402877698,12.9496402877698
"orng-07",13,2013,28.1690140845071,28.1690140845071
"orng-07",14,2013,20.2898550724638,20.2898550724638
"orng-07",15,2013,47.1014492753624,49.2753623188406
"orng-07",16,2013,33.5714285714285,34.2857142857142
"orng-07",17,2013,16.6666666666667,16.6666666666667
"orng-07",18,2013,20.863309352518,20.863309352518
"orng-07",19,2013,40.2877697841726,40.2877697841727
"orng-07",20,2013,16.3120567375887,16.3120567375887
"orng-08",1,2013,27.8571428571428,27.8571428571428
"orng-08",2,2013,25.3623188405797,25.3623188405797
"orng-08",3,2013,26.6187050359713,26.6187050359713
"orng-08",4,2013,42.8571428571429,42.8571428571429
"orng-08",5,2013,17.8571428571428,17.8571428571429
"orng-08",6,2013,17.8571428571428,17.8571428571428
"orng-08",7,2013,20.1438848920863,20.1438848920863
"orng-08",8,2013,30.4964539007092,30.4964539007092
"orng-08",9,2013,26.8115942028985,27.536231884058
"orng-08",10,2013,35,35
"orng-08",11,2013,15.7142857142857,15.7142857142857
"orng-08",12,2013,17.8571428571429,18.5714285714286
"orng-08",13,2013,16.4285714285714,16.4285714285714
"orng-08",14,2013,20.7142857142857,22.1428571428571
"orng-08",15,2013,18.7050359712231,18.7050359712231
"orng-08",16,2013,18.4397163120567,18.4397163120567
"orng-08",17,2013,19.2857142857143,19.2857142857143
"orng-08",18,2013,20.1438848920863,20.1438848920863
"orng-08",19,2013,35.7142857142857,35.7142857142857
"orng-08",20,2013,16.4285714285714,16.4285714285714
"orng-09",1,2013,27.1428571428571,27.1428571428571
"orng-09",2,2013,17.7304964539007,17.7304964539007
"orng-09",3,2013,25,25
"orng-09",4,2013,12.2302158273381,12.2302158273382
"orng-09",5,2013,23.9130434782609,23.9130434782609
"orng-09",6,2013,15.2173913043478,16.6666666666666
"orng-09",7,2013,36.8794326241134,37.5886524822695
"orng-09",8,2013,26.8115942028985,26.8115942028985
"orng-09",9,2013,20.2898550724637,20.2898550724637
"orng-09",10,2013,26.4285714285714,26.4285714285714
"orng-09",11,2013,17.8571428571429,17.8571428571429
"orng-09",12,2013,17.1428571428571,17.1428571428571
"orng-09",13,2013,20.863309352518,20.863309352518
"orng-09",14,2013,17.1428571428572,17.1428571428572
"orng-09",15,2013,23.1884057971015,23.1884057971015
"orng-09",16,2013,21.5827338129497,21.5827338129497
"orng-09",17,2013,33.5714285714285,33.5714285714285
"orng-09",18,2013,29.2857142857143,29.2857142857143
"orng-09",19,2013,26.4285714285714,26.4285714285714
"orng-09",20,2013,24.113475177305,24.113475177305
"orng-10",1,2013,33.5714285714286,33.5714285714286
"orng-10",2,2013,20.863309352518,20.863309352518
"orng-10",3,2013,44.9275362318841,44.9275362318841
"orng-10",4,2013,32.3741007194245,32.3741007194245
"orng-10",5,2013,34.2857142857143,34.2857142857143
"orng-10",6,2013,31.6546762589928,31.6546762589928
"orng-10",7,2013,32.6388888888889,32.6388888888889
"orng-10",8,2013,21.0144927536232,21.0144927536232
"orng-10",9,2013,25.3623188405797,25.3623188405797
"orng-10",10,2013,70.2127659574468,70.2127659574468
"orng-10",11,2013,67.1428571428572,67.1428571428572
"orng-10",12,2013,66.6666666666667,66.6666666666667
"orng-10",13,2013,41.2587412587413,41.2587412587413
"orng-10",14,2013,20.863309352518,20.863309352518
"orng-10",15,2013,19.8581560283688,19.8581560283688
"orng-10",16,2013,30.9352517985612,30.9352517985612
"orng-10",17,2013,26.8115942028985,26.8115942028985
"orng-10",18,2013,18.8811188811189,18.8811188811189
"orng-10",19,2013,33.5766423357665,33.5766423357665
"orng-10",20,2013,51.4492753623188,51.4492753623188
"orng-11",1,2013,25.1798561151079,25.1798561151079
"orng-11",2,2013,20.7142857142857,20.7142857142857
"orng-11",3,2013,25.8992805755396,25.8992805755396
"orng-11",4,2013,22.3021582733813,22.3021582733813
"orng-11",5,2013,40.4255319148937,40.4255319148937
"orng-11",6,2013,31.6546762589928,31.6546762589928
"orng-11",7,2013,24.6376811594203,24.6376811594203
"orng-11",8,2013,23.5714285714286,23.5714285714286
"orng-11",9,2013,27.8571428571428,27.8571428571428
"orng-11",10,2013,23.0215827338129,23.0215827338129
"orng-11",11,2013,32.1428571428571,32.1428571428571
"orng-11",12,2013,16.3120567375887,16.3120567375887
"orng-11",13,2013,23.9130434782608,23.9130434782608
"orng-11",14,2013,21.0144927536232,21.7391304347826
"orng-11",15,2013,22.6950354609929,22.6950354609929
"orng-11",16,2013,22.3021582733813,23.021582733813
"orng-11",17,2013,28.4722222222222,29.1666666666666
"orng-11",18,2013,27.3381294964029,28.0575539568345
"orng-11",19,2013,19.4244604316547,19.4244604316547
"orng-11",20,2013,23.404255319149,23.404255319149
"orng-12",1,2013,31.6546762589929,31.6546762589929
"orng-12",2,2013,28.6713286713287,28.6713286713287
"orng-12",3,2013,26.6187050359713,26.6187050359713
"orng-12",4,2013,32.8571428571429,32.8571428571429
"orng-12",5,2013,41.3043478260869,41.3043478260869
"orng-12",6,2013,74.468085106383,74.468085106383
"orng-12",7,2013,100,100
"orng-12",8,2013,97.2027972027973,97.2027972027973
"orng-12",9,2013,95.7142857142857,95.7142857142858
"orng-12",10,2013,100,100
"orng-12",11,2013,100,100
"orng-12",12,2013,100,100
"orng-12",13,2013,97.841726618705,97.841726618705
"orng-12",14,2013,97.1631205673759,97.1631205673759
"orng-12",15,2013,76.0869565217392,76.8115942028986
"orng-12",16,2013,25.8992805755396,25.8992805755396
"orng-12",17,2013,33.8129496402878,35.2517985611511
"orng-12",18,2013,59.2857142857143,59.2857142857143
"orng-12",19,2013,23.9130434782608,23.9130434782608
"orng-12",20,2013,23.5714285714286,23.5714285714286
"cthm-01",1,2014,24.4604316546762,25.1798561151079
"cthm-01",2,2014,18.8405797101449,18.8405797101449
"cthm-01",3,2014,32.1428571428572,32.1428571428572
"cthm-01",4,2014,34.2857142857143,34.2857142857143
"cthm-01",5,2014,50.0000000000001,50.0000000000001
"cthm-01",6,2014,45.2554744525547,45.2554744525547
"cthm-01",7,2014,25.6944444444445,26.3888888888889
"cthm-01",8,2014,18.75,18.75
"cthm-01",9,2014,19.8581560283688,19.8581560283688
"cthm-01",10,2014,27.3381294964029,27.3381294964029
"cthm-01",11,2014,41.6058394160584,41.6058394160584
"cthm-01",12,2014,38.4057971014493,38.4057971014493
"cthm-01",13,2014,28.5714285714285,28.5714285714285
"cthm-01",14,2014,17.3913043478261,18.1159420289855
"cthm-01",15,2014,39.1304347826087,39.1304347826087
"cthm-01",16,2014,42.8571428571429,42.8571428571429
"cthm-01",17,2014,28.0575539568346,28.7769784172662
"cthm-01",18,2014,36.9565217391305,36.9565217391305
"cthm-01",19,2014,34.0425531914894,34.0425531914894
"cthm-01",20,2014,51.7985611510791,51.7985611510791
"cthm-02",1,2014,13.6690647482015,13.6690647482015
"cthm-02",2,2014,16.4285714285714,16.4285714285714
"cthm-02",3,2014,24.2857142857143,24.2857142857143
"cthm-02",4,2014,13.0434782608696,13.0434782608696
"cthm-02",5,2014,90.5109489051094,90.5109489051095
"cthm-02",6,2014,79.8611111111111,79.8611111111111
"cthm-02",7,2014,43.884892086331,43.884892086331
"cthm-02",8,2014,58.9928057553957,58.9928057553957
"cthm-02",9,2014,28.9855072463768,28.9855072463768
"cthm-02",10,2014,22.1428571428572,22.1428571428572
"cthm-02",11,2014,32.8467153284671,32.8467153284671
"cthm-02",12,2014,22.463768115942,22.463768115942
"cthm-02",13,2014,7.97101449275362,7.97101449275362
"cthm-02",14,2014,27.3381294964028,27.3381294964028
"cthm-02",15,2014,49.9999999999999,49.9999999999999
"cthm-02",16,2014,20.2898550724638,20.2898550724638
"cthm-02",17,2014,26.4285714285714,26.4285714285714
"cthm-02",18,2014,24.4604316546762,24.4604316546763
"cthm-02",19,2014,44.9275362318841,44.9275362318841
"cthm-02",20,2014,24.2857142857143,24.2857142857143
"cthm-03",1,2014,30.7142857142857,30.7142857142857
"cthm-03",2,2014,25,25
"cthm-03",3,2014,48.2517482517483,48.2517482517483
"cthm-03",4,2014,42.3611111111111,42.3611111111111
"cthm-03",5,2014,57.5539568345324,57.5539568345324
"cthm-03",6,2014,27.3381294964029,27.3381294964029
"cthm-03",7,2014,90.7142857142857,90.7142857142858
"cthm-03",8,2014,31.4285714285714,31.4285714285714
"cthm-03",9,2014,14.2857142857143,14.2857142857143
"cthm-03",10,2014,18.705035971223,20.1438848920864
"cthm-03",11,2014,21.7391304347826,21.7391304347826
"cthm-03",12,2014,17.2661870503597,17.9856115107914
"cthm-03",13,2014,16.4285714285714,17.1428571428571
"cthm-03",14,2014,20,20
"cthm-03",15,2014,20,23.5714285714286
"cthm-03",16,2014,19.4244604316547,20.1438848920864
"cthm-03",17,2014,20.8633093525179,20.863309352518
"cthm-03",18,2014,19.1489361702127,19.1489361702128
"cthm-03",19,2014,38.5714285714286,38.5714285714286
"cthm-03",20,2014,21.9858156028369,22.6950354609929
"cthm-04",2,2014,19.1489361702128,19.1489361702128
"cthm-04",3,2014,19.5652173913043,19.5652173913043
"cthm-04",4,2014,9.28571428571429,9.28571428571429
"cthm-04",5,2014,21.4285714285714,21.4285714285714
"cthm-04",6,2014,29.2857142857143,29.2857142857143
"cthm-04",7,2014,12.9496402877698,12.9496402877698
"cthm-04",8,2014,20,20
"cthm-04",9,2014,72.463768115942,72.463768115942
"cthm-04",10,2014,43.4782608695652,43.4782608695652
"cthm-04",11,2014,57.5539568345324,57.5539568345324
"cthm-04",12,2014,15.1079136690648,15.1079136690648
"cthm-04",13,2014,17.8571428571428,17.8571428571428
"cthm-04",14,2014,27.1428571428571,27.8571428571428
"cthm-04",15,2014,8.57142857142857,8.57142857142857
"cthm-04",16,2014,4.31654676258993,4.31654676258993
"cthm-04",17,2014,18.8405797101449,18.8405797101449
"cthm-04",18,2014,20,20.7142857142857
"cthm-04",19,2014,21.5827338129496,21.5827338129496
"cthm-04",20,2014,17.2661870503597,17.2661870503597
"cthm-05",1,2014,21.0144927536232,21.0144927536232
"cthm-05",2,2014,21.4285714285714,21.4285714285714
"cthm-05",3,2014,15.8273381294964,15.8273381294964
"cthm-05",4,2014,12.9496402877698,13.6690647482015
"cthm-05",5,2014,12.8571428571429,15
"cthm-05",6,2014,14.3884892086331,14.3884892086331
"cthm-05",7,2014,18.75,18.75
"cthm-05",8,2014,17.2661870503597,17.2661870503597
"cthm-05",9,2014,18.5714285714286,18.5714285714286
"cthm-05",10,2014,18.8405797101449,18.8405797101449
"cthm-05",11,2014,23.5714285714285,23.5714285714286
"cthm-05",12,2014,16.5467625899281,16.5467625899281
"cthm-05",13,2014,21.1678832116788,21.1678832116788
"cthm-05",14,2014,15.6028368794326,15.6028368794326
"cthm-05",15,2014,18.8811188811189,18.8811188811189
"cthm-05",16,2014,29.1970802919708,29.1970802919708
"cthm-05",17,2014,20.8333333333334,20.8333333333334
"cthm-05",18,2014,14.1843971631205,15.6028368794326
"cthm-05",19,2014,18.8405797101449,18.8405797101449
"cthm-05",20,2014,23.7410071942447,23.7410071942447
"cthm-06",1,2014,33.3333333333333,34.0579710144927
"cthm-06",2,2014,31.4285714285715,32.1428571428572
"cthm-06",3,2014,18.705035971223,18.705035971223
"cthm-06",4,2014,24.4604316546763,24.4604316546763
"cthm-06",5,2014,15.7142857142857,15.7142857142857
"cthm-06",6,2014,17.9856115107914,19.4244604316547
"cthm-06",7,2014,27.3381294964029,27.3381294964029
"cthm-06",8,2014,28.5714285714286,28.5714285714286
"cthm-06",9,2014,17.8571428571428,19.2857142857143
"cthm-06",10,2014,21.7391304347826,21.7391304347826
"cthm-06",11,2014,29.4964028776979,29.4964028776979
"cthm-06",12,2014,20,20
"cthm-06",13,2014,41.4285714285714,41.4285714285714
"cthm-06",14,2014,22.3021582733813,22.3021582733813
"cthm-06",15,2014,23.404255319149,23.404255319149
"cthm-06",16,2014,24.4604316546763,24.4604316546763
"cthm-06",17,2014,16.5467625899281,16.5467625899281
"cthm-06",18,2014,20.5673758865249,20.5673758865249
"cthm-06",19,2014,19.4244604316547,19.4244604316547
"cthm-06",20,2014,17.2661870503598,17.2661870503598
"cthm-07",1,2014,19.5652173913043,21.0144927536232
"cthm-07",2,2014,16.4285714285714,19.2857142857143
"cthm-07",3,2014,29.2857142857143,29.2857142857143
"cthm-07",4,2014,14.4927536231884,14.4927536231884
"cthm-07",5,2014,15.1079136690647,16.5467625899281
"cthm-07",6,2014,14.8936170212766,17.0212765957447
"cthm-07",7,2014,17.1428571428571,17.1428571428571
"cthm-07",8,2014,17.1428571428571,17.1428571428571
"cthm-07",9,2014,26.241134751773,26.241134751773
"cthm-07",10,2014,20.1438848920864,20.1438848920864
"cthm-07",11,2014,18.705035971223,18.705035971223
"cthm-07",12,2014,15.1079136690647,15.1079136690647
"cthm-07",13,2014,22.463768115942,22.463768115942
"cthm-07",14,2014,16.6666666666667,16.6666666666667
"cthm-07",15,2014,24.4604316546763,24.4604316546763
"cthm-07",16,2014,18.5714285714286,18.5714285714286
"cthm-07",17,2014,17.3913043478261,17.3913043478261
"cthm-07",18,2014,17.1428571428571,17.1428571428571
"cthm-07",19,2014,16.0583941605839,16.0583941605839
"cthm-07",20,2014,20.1388888888889,20.1388888888889
"cthm-08",1,2014,17.8571428571428,17.8571428571428
"cthm-08",2,2014,46.8085106382979,47.5177304964539
"cthm-08",3,2014,33.5714285714286,33.5714285714286
"cthm-08",4,2014,24.4604316546763,24.4604316546763
"cthm-08",5,2014,23.6111111111111,23.6111111111111
"cthm-08",6,2014,26.6187050359712,26.6187050359712
"cthm-08",7,2014,34.0579710144927,34.0579710144927
"cthm-08",8,2014,27.1428571428571,27.1428571428571
"cthm-08",9,2014,19.2857142857142,19.2857142857142
"cthm-08",10,2014,17.1428571428572,17.1428571428572
"cthm-08",11,2014,31.6546762589928,31.6546762589928
"cthm-08",12,2014,15.8273381294964,16.5467625899281
"cthm-08",13,2014,15.9420289855072,15.9420289855072
"cthm-08",14,2014,22.3021582733813,22.3021582733813
"cthm-08",15,2014,17.9856115107914,17.9856115107914
"cthm-08",16,2014,15.2173913043478,15.2173913043478
"cthm-08",17,2014,19.2857142857143,19.2857142857143
"cthm-08",18,2014,15.2777777777778,15.2777777777778
"cthm-08",19,2014,15.1079136690647,16.5467625899281
"cthm-08",20,2014,29.9270072992701,29.9270072992701
"cthm-09",1,2014,20,20
"cthm-09",2,2014,23.0215827338129,23.0215827338129
"cthm-09",3,2014,40.7142857142857,41.4285714285714
"cthm-09",4,2014,34.5070422535211,34.5070422535212
"cthm-09",5,2014,46.7153284671533,46.7153284671533
"cthm-09",6,2014,28.0575539568345,28.0575539568345
"cthm-09",7,2014,21.7391304347826,21.7391304347826
"cthm-09",8,2014,35.2517985611511,35.2517985611511
"cthm-09",9,2014,35.2517985611511,35.2517985611511
"cthm-09",10,2014,36.6906474820144,36.6906474820144
"cthm-09",11,2014,32.1428571428572,32.1428571428572
"cthm-09",12,2014,19.8581560283688,19.8581560283688
"cthm-09",13,2014,21.0144927536232,21.0144927536232
"cthm-09",14,2014,12.8571428571429,12.8571428571429
"cthm-09",15,2014,27.6595744680851,27.6595744680851
"cthm-09",16,2014,17.2661870503597,17.2661870503597
"cthm-09",17,2014,18.7050359712231,18.7050359712231
"cthm-09",18,2014,25.7142857142857,25.7142857142857
"cthm-09",19,2014,17.8571428571428,17.8571428571428
"cthm-09",20,2014,21.0144927536232,21.0144927536232
"cthm-10",1,2014,25.3623188405797,25.3623188405797
"cthm-10",2,2014,31.4285714285715,31.4285714285715
"cthm-10",3,2014,23.7410071942446,23.7410071942446
"cthm-10",4,2014,24.2857142857143,27.8571428571429
"cthm-10",5,2014,39.2857142857142,39.2857142857142
"cthm-10",6,2014,34.7826086956522,34.7826086956522
"cthm-10",7,2014,23.7410071942446,23.7410071942446
"cthm-10",8,2014,27.1428571428571,27.1428571428571
"cthm-10",9,2014,30.6569343065693,30.6569343065693
"cthm-10",10,2014,17.2661870503597,17.2661870503597
"cthm-10",11,2014,24.8175182481752,24.8175182481752
"cthm-10",12,2014,31.2056737588653,31.2056737588653
"cthm-10",13,2014,28.7769784172662,28.7769784172662
"cthm-10",14,2014,61.8705035971223,61.8705035971223
"cthm-10",15,2014,30.4347826086956,30.4347826086956
"cthm-10",16,2014,93.4782608695652,93.4782608695652
"cthm-10",17,2014,94.2857142857143,94.2857142857143
"cthm-10",18,2014,34.5070422535211,34.5070422535211
"cthm-10",19,2014,23.5714285714286,23.5714285714286
"cthm-10",20,2014,20.863309352518,20.863309352518
"cthm-11",1,2014,18.8405797101449,20.2898550724637
"cthm-11",2,2014,29.2857142857143,29.2857142857143
"cthm-11",3,2014,26.4285714285714,26.4285714285714
"cthm-11",4,2014,23.021582733813,23.021582733813
"cthm-11",5,2014,15.9420289855072,15.9420289855072
"cthm-11",6,2014,18.5714285714285,19.2857142857142
"cthm-11",7,2014,27.536231884058,27.536231884058
"cthm-11",8,2014,16.3120567375887,17.0212765957447
"cthm-11",9,2014,25,25
"cthm-11",10,2014,18.705035971223,18.705035971223
"cthm-11",11,2014,38.4615384615385,38.4615384615385
"cthm-11",12,2014,13.986013986014,13.986013986014
"cthm-11",13,2014,21.2765957446809,21.2765957446809
"cthm-11",14,2014,15.2777777777777,18.0555555555556
"cthm-11",15,2014,15,15
"cthm-11",16,2014,28.0575539568346,28.0575539568346
"cthm-11",17,2014,30.9352517985611,30.9352517985611
"cthm-11",18,2014,27.0833333333333,27.0833333333333
"cthm-11",19,2014,18.4397163120567,18.4397163120567
"cthm-11",20,2014,45,45
"cthm-12",1,2014,29.7101449275362,32.6086956521739
"cthm-12",2,2014,15.9722222222222,17.3611111111111
"cthm-12",3,2014,17.2661870503597,17.2661870503597
"cthm-12",4,2014,35.2517985611511,35.2517985611511
"cthm-12",5,2014,18.1159420289855,18.8405797101449
"cthm-12",6,2014,36.1702127659574,36.1702127659574
"cthm-12",7,2014,20,20
"cthm-12",8,2014,16.6666666666667,17.3611111111111
"cthm-12",9,2014,19.8581560283688,19.8581560283688
"cthm-12",10,2014,32.8467153284672,32.8467153284672
"cthm-12",11,2014,21.5827338129496,21.5827338129496
"cthm-12",12,2014,26.8115942028985,26.8115942028985
"cthm-12",13,2014,15.7142857142857,15.7142857142857
"cthm-12",14,2014,15.7142857142857,15.7142857142857
"cthm-12",15,2014,15.7142857142857,15.7142857142857
"cthm-12",16,2014,32.1428571428571,32.1428571428571
"cthm-12",17,2014,15.2173913043478,15.2173913043478
"cthm-12",18,2014,52.8985507246377,53.6231884057971
"cthm-12",19,2014,23.5714285714286,23.5714285714286
"cthm-12",20,2014,38.5714285714286,38.5714285714286
"cthm-13",1,2014,26.3888888888888,26.3888888888888
"cthm-13",2,2014,23.9130434782609,23.9130434782609
"cthm-13",3,2014,25.1798561151079,25.1798561151079
"cthm-13",4,2014,16.6666666666666,23.6111111111111
"cthm-13",5,2014,29.7101449275362,29.7101449275363
"cthm-13",6,2014,22.1428571428571,22.1428571428571
"cthm-13",7,2014,48.22695035461,48.936170212766
"cthm-13",8,2014,35.9712230215827,35.9712230215827
"cthm-13",9,2014,100,100
"cthm-13",10,2014,100,100
"cthm-13",11,2014,100,100
"cthm-13",12,2014,78.1021897810219,78.1021897810219
"cthm-13",13,2014,38.4615384615385,38.4615384615385
"cthm-13",14,2014,23.0215827338129,23.0215827338129
"cthm-13",15,2014,30,30
"cthm-13",16,2014,52.5547445255475,52.5547445255475
"cthm-13",17,2014,32.6388888888889,32.6388888888889
"cthm-13",18,2014,16.5467625899281,18.705035971223
"cthm-13",19,2014,22.463768115942,22.463768115942
"cthm-13",20,2014,15.7142857142857,15.7142857142857
"cthm-14",1,2014,45.6521739130435,45.6521739130435
"cthm-14",2,2014,22.463768115942,23.1884057971015
"cthm-14",3,2014,20.2797202797203,20.2797202797203
"cthm-14",4,2014,30.7692307692308,30.7692307692308
"cthm-14",5,2014,36.8794326241135,36.8794326241135
"cthm-14",6,2014,27.6595744680851,27.6595744680851
"cthm-14",7,2014,18.2481751824817,18.2481751824817
"cthm-14",8,2014,17.2661870503597,17.2661870503597
"cthm-14",9,2014,18.5714285714285,18.5714285714285
"cthm-14",10,2014,27.3381294964029,28.0575539568345
"cthm-14",11,2014,31.8840579710145,31.8840579710145
"cthm-14",12,2014,37.1428571428572,37.1428571428572
"cthm-14",13,2014,30.7142857142858,30.7142857142858
"cthm-14",14,2014,27.8571428571428,27.8571428571428
"cthm-14",15,2014,14.3884892086331,14.3884892086331
"cthm-14",16,2014,27.5362318840579,27.536231884058
"cthm-14",17,2014,21.5827338129496,21.5827338129496
"cthm-14",18,2014,18.705035971223,19.4244604316547
"cthm-14",19,2014,22.463768115942,22.463768115942
"cthm-14",20,2014,31.2056737588653,31.2056737588653
"drhm-01",1,2014,17.2661870503598,17.2661870503598
"drhm-01",2,2014,20.863309352518,20.863309352518
"drhm-01",3,2014,25.8992805755396,25.8992805755396
"drhm-01",4,2014,25,25
"drhm-01",5,2014,20.5673758865248,20.5673758865248
"drhm-01",6,2014,31.9148936170212,31.9148936170212
"drhm-01",7,2014,23.404255319149,23.404255319149
"drhm-01",8,2014,17.9856115107914,17.9856115107914
"drhm-01",9,2014,16.3120567375886,16.3120567375886
"drhm-01",10,2014,23.9130434782609,25.3623188405797
"drhm-01",11,2014,15,15.7142857142857
"drhm-01",12,2014,24.4604316546762,24.4604316546763
"drhm-01",13,2014,13.6690647482014,15.1079136690647
"drhm-01",14,2014,14.5985401459854,14.5985401459854
"drhm-01",15,2014,20.7142857142857,20.7142857142857
"drhm-01",16,2014,19.1489361702128,19.1489361702128
"drhm-01",17,2014,22.3021582733813,22.3021582733813
"drhm-01",18,2014,18.5714285714285,18.5714285714285
"drhm-01",19,2014,21.7391304347826,21.7391304347826
"drhm-01",20,2014,23.1884057971014,23.9130434782609
"drhm-02",1,2014,21.8309859154929,21.830985915493
"drhm-02",2,2014,27.1428571428571,27.1428571428571
"drhm-02",3,2014,37.6811594202899,37.6811594202899
"drhm-02",4,2014,29.2857142857143,29.2857142857143
"drhm-02",5,2014,29.2857142857143,29.2857142857143
"drhm-02",6,2014,24.0875912408759,24.0875912408759
"drhm-02",7,2014,36.6906474820144,36.6906474820144
"drhm-02",8,2014,19.4444444444445,19.4444444444445
"drhm-02",9,2014,24.113475177305,24.113475177305
"drhm-02",10,2014,11.5107913669065,11.5107913669065
"drhm-02",11,2014,18.1159420289855,18.1159420289855
"drhm-02",12,2014,26.8115942028985,26.8115942028985
"drhm-02",13,2014,17.1428571428571,17.1428571428571
"drhm-02",14,2014,20.2898550724638,20.2898550724638
"drhm-02",15,2014,17.1428571428571,17.1428571428572
"drhm-02",16,2014,23.404255319149,23.404255319149
"drhm-02",17,2014,26.4285714285714,26.4285714285714
"drhm-02",18,2014,20.863309352518,20.863309352518
"drhm-02",19,2014,23.404255319149,23.404255319149
"drhm-02",20,2014,24.6376811594203,24.6376811594203
"drhm-03",1,2014,99.9999999999999,100
"drhm-03",2,2014,100,100
"drhm-03",3,2014,100,100
"drhm-03",4,2014,100,100
"drhm-03",5,2014,100,100
"drhm-03",6,2014,97.1428571428572,97.8571428571429
"drhm-03",7,2014,80,80
"drhm-03",8,2014,100,100
"drhm-03",9,2014,93.5714285714286,93.5714285714286
"drhm-03",10,2014,87.1428571428572,87.1428571428572
"drhm-03",11,2014,18.7050359712231,18.7050359712231
"drhm-03",12,2014,21.5827338129497,21.5827338129497
"drhm-03",13,2014,100,100
"drhm-03",14,2014,99.9999999999999,100
"drhm-03",15,2014,70.8333333333333,70.8333333333334
"drhm-03",16,2014,87.8571428571428,87.8571428571429
"drhm-03",17,2014,97.1428571428571,97.1428571428572
"drhm-03",18,2014,65.4676258992806,65.4676258992806
"drhm-03",19,2014,32.3741007194244,32.3741007194245
"drhm-03",20,2014,25.8992805755395,25.8992805755395
"drhm-04",1,2014,95.1388888888889,95.138888888889
"drhm-04",2,2014,67.1428571428571,67.1428571428571
"drhm-04",3,2014,39.8550724637681,39.8550724637681
"drhm-04",4,2014,20,20
"drhm-04",5,2014,86.231884057971,86.231884057971
"drhm-04",6,2014,30,30
"drhm-04",7,2014,27.6595744680851,27.6595744680851
"drhm-04",8,2014,44.2028985507247,44.9275362318841
"drhm-04",9,2014,24.2857142857143,24.2857142857143
"drhm-04",10,2014,15.2173913043478,15.2173913043478
"drhm-04",11,2014,17.1428571428571,17.1428571428571
"drhm-04",12,2014,29.2857142857142,29.2857142857143
"drhm-04",13,2014,35.2517985611511,35.9712230215827
"drhm-04",14,2014,15.7142857142857,15.7142857142857
"drhm-04",15,2014,15.4929577464789,15.4929577464789
"drhm-04",16,2014,25.7142857142857,26.4285714285714
"drhm-04",17,2014,46.0431654676259,46.0431654676259
"drhm-04",18,2014,17.0212765957446,17.0212765957446
"drhm-04",19,2014,21.7391304347826,21.7391304347826
"drhm-04",20,2014,93.525179856115,93.525179856115
"drhm-05",1,2014,27.1428571428572,27.8571428571429
"drhm-05",2,2014,27.1428571428571,27.1428571428571
"drhm-05",3,2014,38.1294964028777,38.1294964028777
"drhm-05",4,2014,42.8571428571429,42.8571428571429
"drhm-05",5,2014,83.3333333333333,83.3333333333333
"drhm-05",6,2014,99.9999999999999,100
"drhm-05",7,2014,53.4722222222222,53.4722222222223
"drhm-05",8,2014,67.391304347826,67.391304347826
"drhm-05",9,2014,70,71.4285714285715
"drhm-05",10,2014,63.3093525179856,64.7482014388489
"drhm-05",11,2014,53.1914893617021,53.1914893617021
"drhm-05",12,2014,65.9420289855072,65.9420289855073
"drhm-05",13,2014,98.5714285714286,98.5714285714286
"drhm-05",14,2014,100,100
"drhm-05",15,2014,100,100
"drhm-05",16,2014,100,100
"drhm-05",17,2014,100,100
"drhm-05",18,2014,51.0638297872341,51.0638297872341
"drhm-05",19,2014,56.5217391304348,56.5217391304348
"drhm-05",20,2014,35.7142857142857,35.7142857142857
"drhm-06",1,2014,29.1666666666667,29.1666666666667
"drhm-06",2,2014,82.6086956521739,82.608695652174
"drhm-06",3,2014,100,100
"drhm-06",4,2014,98.5507246376812,98.5507246376812
"drhm-06",5,2014,100,100
"drhm-06",6,2014,84.1726618705035,84.1726618705036
"drhm-06",7,2014,88.5714285714286,89.2857142857143
"drhm-06",8,2014,77.1428571428572,77.1428571428572
"drhm-06",9,2014,75.5395683453238,75.5395683453238
"drhm-06",10,2014,72.8571428571428,72.8571428571429
"drhm-06",11,2014,56.5217391304348,56.5217391304348
"drhm-06",12,2014,100,100
"drhm-06",13,2014,73.3812949640288,73.3812949640288
"drhm-06",14,2014,49.645390070922,49.645390070922
"drhm-06",15,2014,69.5035460992907,69.5035460992907
"drhm-06",16,2014,92.1428571428571,92.1428571428572
"drhm-06",17,2014,86.9565217391304,86.9565217391304
"drhm-06",18,2014,100,100
"drhm-06",19,2014,94.4444444444444,94.4444444444444
"drhm-06",20,2014,95.7142857142857,95.7142857142858
"drhm-07",1,2014,89.2857142857143,90
"drhm-07",2,2014,62.7737226277373,62.7737226277373
"drhm-07",3,2014,37.8571428571429,37.8571428571429
"drhm-07",4,2014,49.6350364963503,49.6350364963504
"drhm-07",5,2014,94.8905109489051,94.8905109489051
"drhm-07",6,2014,84.0277777777777,84.0277777777777
"drhm-07",7,2014,87.8571428571428,87.8571428571428
"drhm-07",8,2014,64.7482014388489,64.7482014388489
"drhm-07",9,2014,77.536231884058,77.536231884058
"drhm-07",10,2014,15.9420289855073,15.9420289855073
"drhm-07",11,2014,22.1428571428571,22.1428571428571
"drhm-07",12,2014,19.4444444444445,19.4444444444445
"drhm-07",13,2014,16.3120567375887,16.3120567375887
"drhm-07",14,2014,17.8571428571428,18.5714285714285
"drhm-07",15,2014,16.3120567375887,16.3120567375887
"drhm-07",16,2014,22.6277372262774,22.6277372262774
"drhm-07",17,2014,35.7664233576642,35.7664233576642
"drhm-07",18,2014,35.5072463768116,35.5072463768116
"drhm-07",19,2014,25.7142857142858,25.7142857142858
"drhm-07",20,2014,25,25
"drhm-08",1,2014,65.7142857142857,65.7142857142857
"drhm-08",2,2014,32.3741007194244,32.3741007194244
"drhm-08",3,2014,20.7142857142857,20.7142857142857
"drhm-08",4,2014,18.0555555555555,18.0555555555555
"drhm-08",5,2014,20.7142857142857,20.7142857142857
"drhm-08",6,2014,18.1159420289855,18.1159420289855
"drhm-08",7,2014,29.1970802919708,29.1970802919708
"drhm-08",8,2014,90.6474820143885,90.6474820143885
"drhm-08",9,2014,73.5714285714285,73.5714285714285
"drhm-08",10,2014,73.3812949640288,73.3812949640288
"drhm-08",11,2014,57.1428571428572,57.1428571428572
"drhm-08",12,2014,77.536231884058,77.536231884058
"drhm-08",13,2014,31.8840579710145,31.8840579710145
"drhm-08",14,2014,76.6423357664234,76.6423357664234
"drhm-08",15,2014,71.0144927536232,71.0144927536232
"drhm-08",16,2014,30.9352517985612,30.9352517985612
"drhm-08",17,2014,36.231884057971,36.231884057971
"drhm-08",18,2014,29.2857142857143,29.2857142857143
"drhm-08",19,2014,53.9568345323741,56.115107913669
"drhm-08",20,2014,46.4285714285715,46.4285714285715
"orng-01",1,2014,32.6241134751773,32.6241134751773
"orng-01",2,2014,18.8405797101449,18.8405797101449
"orng-01",3,2014,35.7142857142857,35.7142857142857
"orng-01",4,2014,39.5833333333333,39.5833333333333
"orng-01",5,2014,20.1438848920863,20.1438848920863
"orng-01",6,2014,24.2857142857142,24.2857142857143
"orng-01",7,2014,23.7410071942446,23.7410071942446
"orng-01",8,2014,21.4285714285715,21.4285714285715
"orng-01",9,2014,21.4285714285714,21.4285714285714
"orng-01",10,2014,20.1438848920863,20.1438848920863
"orng-01",11,2014,27.536231884058,27.536231884058
"orng-01",12,2014,21.7391304347826,21.7391304347826
"orng-01",13,2014,22.1428571428571,22.1428571428571
"orng-01",14,2014,17.2661870503597,17.2661870503597
"orng-01",15,2014,19.5652173913043,19.5652173913043
"orng-01",16,2014,24.4604316546763,24.4604316546763
"orng-01",17,2014,23.5714285714286,23.5714285714286
"orng-01",18,2014,17.2661870503597,17.2661870503597
"orng-01",19,2014,31.6901408450704,31.6901408450704
"orng-01",20,2014,16.3120567375887,16.3120567375887
"orng-02",1,2014,17.2661870503597,17.2661870503597
"orng-02",2,2014,18.8405797101449,18.8405797101449
"orng-02",3,2014,16.546762589928,16.546762589928
"orng-02",4,2014,12.1428571428571,12.1428571428571
"orng-02",5,2014,22.4637681159421,22.4637681159421
"orng-02",6,2014,22.3021582733813,23.0215827338129
"orng-02",7,2014,21.5827338129497,21.5827338129497
"orng-02",8,2014,38.1294964028777,38.1294964028777
"orng-02",9,2014,23.0215827338129,23.0215827338129
"orng-02",10,2014,14.2857142857143,14.2857142857143
"orng-02",11,2014,20.2898550724638,20.2898550724638
"orng-02",12,2014,17.5182481751825,17.5182481751825
"orng-02",13,2014,21.0144927536232,21.0144927536232
"orng-02",14,2014,33.8129496402877,33.8129496402877
"orng-02",15,2014,16.4285714285714,16.4285714285714
"orng-02",16,2014,17.8571428571428,17.8571428571428
"orng-02",17,2014,12.7659574468085,12.7659574468085
"orng-02",18,2014,32.8467153284672,32.8467153284672
"orng-02",19,2014,27.536231884058,27.536231884058
"orng-02",20,2014,16.5467625899281,16.5467625899281
"orng-03",1,2014,35.7664233576643,36.4963503649635
"orng-03",2,2014,26.4285714285714,26.4285714285714
"orng-03",3,2014,30.9352517985611,30.9352517985612
"orng-03",4,2014,30.7142857142857,30.7142857142857
"orng-03",5,2014,18.705035971223,18.705035971223
"orng-03",6,2014,23.9130434782609,23.9130434782609
"orng-03",7,2014,52.1428571428572,52.1428571428572
"orng-03",8,2014,29.8611111111111,29.8611111111111
"orng-03",9,2014,30.7142857142857,30.7142857142857
"orng-03",10,2014,57.8571428571429,57.8571428571429
"orng-03",11,2014,97.1014492753623,97.8260869565217
"orng-03",12,2014,84.2857142857144,84.2857142857144
"orng-03",13,2014,35.7664233576642,35.7664233576642
"orng-03",14,2014,17.0212765957447,17.0212765957447
"orng-03",15,2014,26.4285714285714,26.4285714285714
"orng-03",16,2014,16.6666666666667,16.6666666666667
"orng-03",17,2014,21.1678832116788,21.1678832116788
"orng-03",18,2014,20.863309352518,20.863309352518
"orng-03",19,2014,13.986013986014,17.4825174825175
"orng-03",20,2014,19.1489361702127,19.8581560283688
"orng-04",1,2014,100,100
"orng-04",2,2014,100,100
"orng-04",3,2014,77.536231884058,77.536231884058
"orng-04",4,2014,90.6474820143886,90.6474820143886
"orng-04",5,2014,82.9787234042553,82.9787234042554
"orng-04",6,2014,100,100
"orng-04",7,2014,77.6978417266188,77.6978417266188
"orng-04",8,2014,80.2816901408451,80.2816901408451
"orng-04",9,2014,61.4285714285714,61.4285714285714
"orng-04",10,2014,43.5714285714286,44.2857142857143
"orng-04",11,2014,17.0212765957447,17.0212765957447
"orng-04",12,2014,18.1159420289855,18.1159420289855
"orng-04",13,2014,34.2857142857143,34.2857142857143
"orng-04",14,2014,28.7769784172662,28.7769784172662
"orng-04",15,2014,40.7142857142857,40.7142857142857
"orng-04",16,2014,50.7246376811594,50.7246376811594
"orng-04",17,2014,16.0583941605839,16.0583941605839
"orng-04",18,2014,17.9856115107914,17.9856115107914
"orng-04",19,2014,21.7391304347826,21.7391304347826
"orng-04",20,2014,20,20
"orng-05",1,2014,15.2173913043478,15.2173913043478
"orng-05",2,2014,16.3120567375886,16.3120567375886
"orng-05",3,2014,30.4964539007092,30.4964539007092
"orng-05",4,2014,21.4285714285714,21.4285714285714
"orng-05",5,2014,22.8571428571429,23.5714285714286
"orng-05",6,2014,32.608695652174,32.608695652174
"orng-05",7,2014,31.6546762589928,31.6546762589928
"orng-05",8,2014,25.5474452554744,25.5474452554745
"orng-05",9,2014,15.9420289855072,15.9420289855072
"orng-05",10,2014,21.5827338129497,21.5827338129497
"orng-05",11,2014,18.5714285714285,18.5714285714285
"orng-05",12,2014,19.2857142857143,19.2857142857143
"orng-05",13,2014,24.4604316546763,24.4604316546763
"orng-05",14,2014,17.3611111111111,17.3611111111111
"orng-05",15,2014,17.8571428571429,19.2857142857143
"orng-05",16,2014,23.7410071942446,23.7410071942446
"orng-05",17,2014,32.1428571428571,32.1428571428571
"orng-05",18,2014,24.6376811594203,24.6376811594203
"orng-05",19,2014,24.8175182481752,24.8175182481752
"orng-05",20,2014,16.6666666666666,18.1159420289855
"orng-06",1,2014,17.8571428571428,17.8571428571429
"orng-06",2,2014,17.0212765957447,17.0212765957447
"orng-06",3,2014,23.5714285714285,25
"orng-06",4,2014,16.6666666666667,16.6666666666667
"orng-06",5,2014,25,25
"orng-06",6,2014,45.3237410071942,45.3237410071942
"orng-06",7,2014,69.3430656934307,69.3430656934307
"orng-06",8,2014,48.936170212766,48.936170212766
"orng-06",9,2014,32.1428571428571,32.1428571428572
"orng-06",10,2014,69.3430656934307,69.3430656934307
"orng-06",11,2014,90.6474820143885,90.6474820143885
"orng-06",12,2014,86.2318840579711,87.6811594202899
"orng-06",13,2014,30.2158273381295,30.2158273381295
"orng-06",14,2014,54.6099290780141,54.6099290780142
"orng-06",15,2014,90.6474820143885,90.6474820143885
"orng-06",16,2014,72.463768115942,72.463768115942
"orng-06",17,2014,53.2374100719425,53.2374100719425
"orng-06",18,2014,47.4820143884892,47.4820143884893
"orng-06",19,2014,24.0875912408759,24.0875912408759
"orng-06",20,2014,42.8571428571428,43.5714285714285
"orng-07",1,2014,48.9208633093525,48.9208633093525
"orng-07",2,2014,40.5797101449275,40.5797101449275
"orng-07",3,2014,21.0144927536232,21.0144927536232
"orng-07",4,2014,23.9130434782609,23.9130434782609
"orng-07",5,2014,23.7410071942447,23.7410071942447
"orng-07",6,2014,18.8405797101449,18.8405797101449
"orng-07",7,2014,18.1159420289855,18.8405797101449
"orng-07",8,2014,18.705035971223,18.705035971223
"orng-07",9,2014,32.3741007194244,32.3741007194244
"orng-07",10,2014,21.8309859154929,22.5352112676056
"orng-07",11,2014,15.9420289855072,15.9420289855072
"orng-07",12,2014,12.9496402877698,12.9496402877698
"orng-07",13,2014,28.1690140845071,28.1690140845071
"orng-07",14,2014,20.2898550724638,20.2898550724638
"orng-07",15,2014,46.3768115942029,49.2753623188406
"orng-07",16,2014,33.5714285714285,34.2857142857142
"orng-07",17,2014,16.6666666666667,16.6666666666667
"orng-07",18,2014,20.863309352518,20.863309352518
"orng-07",19,2014,40.2877697841726,40.2877697841727
"orng-07",20,2014,16.3120567375887,16.3120567375887
"orng-08",1,2014,27.8571428571428,27.8571428571428
"orng-08",2,2014,26.0869565217392,26.0869565217392
"orng-08",3,2014,27.3381294964029,27.3381294964029
"orng-08",4,2014,43.5714285714286,43.5714285714286
"orng-08",5,2014,17.8571428571428,17.8571428571429
"orng-08",6,2014,18.5714285714286,18.5714285714286
"orng-08",7,2014,20.8633093525179,20.8633093525179
"orng-08",8,2014,30.4964539007092,30.4964539007092
"orng-08",9,2014,27.536231884058,27.536231884058
"orng-08",10,2014,35,35
"orng-08",11,2014,15.7142857142857,15.7142857142857
"orng-08",12,2014,17.8571428571429,18.5714285714286
"orng-08",13,2014,16.4285714285714,16.4285714285714
"orng-08",14,2014,20.7142857142857,22.1428571428571
"orng-08",15,2014,20.863309352518,20.863309352518
"orng-08",16,2014,18.4397163120568,18.4397163120568
"orng-08",17,2014,19.2857142857143,19.2857142857143
"orng-08",18,2014,20.1438848920863,20.1438848920863
"orng-08",19,2014,35.7142857142857,35.7142857142857
"orng-08",20,2014,16.4285714285714,16.4285714285714
"orng-09",1,2014,27.1428571428571,27.1428571428571
"orng-09",2,2014,19.8581560283688,19.8581560283688
"orng-09",3,2014,25,25
"orng-09",4,2014,12.2302158273381,12.2302158273382
"orng-09",5,2014,23.9130434782609,23.9130434782609
"orng-09",6,2014,15.2173913043478,16.6666666666666
"orng-09",7,2014,36.8794326241134,37.5886524822695
"orng-09",8,2014,27.536231884058,27.536231884058
"orng-09",9,2014,20.2898550724637,20.2898550724637
"orng-09",10,2014,26.4285714285714,26.4285714285714
"orng-09",11,2014,17.8571428571429,17.8571428571429
"orng-09",12,2014,17.1428571428571,17.1428571428571
"orng-09",13,2014,20.863309352518,20.863309352518
"orng-09",14,2014,17.1428571428572,17.1428571428572
"orng-09",15,2014,23.1884057971014,23.1884057971015
"orng-09",16,2014,20.1438848920864,21.5827338129497
"orng-09",17,2014,32.8571428571428,33.5714285714285
"orng-09",18,2014,29.2857142857143,29.2857142857143
"orng-09",19,2014,26.4285714285714,26.4285714285714
"orng-09",20,2014,24.113475177305,24.113475177305
"orng-10",1,2014,33.5714285714286,33.5714285714286
"orng-10",2,2014,21.5827338129497,21.5827338129497
"orng-10",3,2014,48.5507246376812,48.5507246376812
"orng-10",4,2014,32.3741007194245,32.3741007194245
"orng-10",5,2014,34.2857142857143,34.2857142857143
"orng-10",6,2014,31.6546762589928,31.6546762589928
"orng-10",7,2014,32.6388888888889,32.6388888888889
"orng-10",8,2014,21.0144927536232,21.0144927536232
"orng-10",9,2014,25.3623188405797,25.3623188405797
"orng-10",10,2014,70.2127659574468,70.2127659574468
"orng-10",11,2014,67.1428571428572,67.1428571428572
"orng-10",12,2014,66.6666666666667,66.6666666666667
"orng-10",13,2014,41.958041958042,41.958041958042
"orng-10",14,2014,20.863309352518,20.863309352518
"orng-10",15,2014,19.8581560283688,19.8581560283688
"orng-10",16,2014,30.9352517985612,30.9352517985612
"orng-10",17,2014,26.8115942028985,26.8115942028985
"orng-10",18,2014,18.8811188811189,18.8811188811189
"orng-10",19,2014,33.5766423357665,33.5766423357665
"orng-10",20,2014,51.4492753623188,51.4492753623188
"orng-11",1,2014,25.1798561151079,25.1798561151079
"orng-11",2,2014,20.7142857142857,20.7142857142857
"orng-11",3,2014,25.8992805755396,25.8992805755396
"orng-11",4,2014,22.3021582733813,22.3021582733813
"orng-11",5,2014,40.4255319148937,40.4255319148937
"orng-11",6,2014,32.3741007194245,32.3741007194245
"orng-11",7,2014,24.6376811594203,24.6376811594203
"orng-11",8,2014,23.5714285714286,23.5714285714286
"orng-11",9,2014,28.5714285714285,28.5714285714285
"orng-11",10,2014,23.0215827338129,23.0215827338129
"orng-11",11,2014,32.1428571428571,32.1428571428571
"orng-11",12,2014,16.3120567375887,16.3120567375887
"orng-11",13,2014,24.6376811594203,24.6376811594203
"orng-11",14,2014,21.0144927536232,21.7391304347826
"orng-11",15,2014,22.6950354609929,22.6950354609929
"orng-11",16,2014,22.3021582733813,23.021582733813
"orng-11",17,2014,28.4722222222222,29.1666666666666
"orng-11",18,2014,27.3381294964029,28.0575539568345
"orng-11",19,2014,19.4244604316547,19.4244604316547
"orng-11",20,2014,23.404255319149,23.404255319149
"orng-12",1,2014,31.6546762589929,31.6546762589929
"orng-12",2,2014,28.6713286713287,28.6713286713287
"orng-12",3,2014,27.3381294964029,27.3381294964029
"orng-12",4,2014,34.2857142857143,34.2857142857143
"orng-12",5,2014,41.3043478260869,41.3043478260869
"orng-12",6,2014,74.468085106383,74.468085106383
"orng-12",7,2014,100,100
"orng-12",8,2014,97.2027972027973,97.2027972027973
"orng-12",9,2014,95.7142857142857,95.7142857142858
"orng-12",10,2014,100,100
"orng-12",11,2014,100,100
"orng-12",12,2014,100,100
"orng-12",13,2014,98.5611510791367,98.5611510791367
"orng-12",14,2014,97.1631205673758,97.1631205673759
"orng-12",15,2014,76.0869565217392,76.8115942028986
"orng-12",16,2014,25.8992805755396,25.8992805755396
"orng-12",17,2014,34.5323741007194,35.2517985611511
"orng-12",18,2014,59.2857142857143,59.2857142857143
"orng-12",19,2014,23.9130434782608,23.9130434782608
"orng-12",20,2014,23.5714285714286,23.5714285714286
"cthm-01",1,2015,24.4604316546762,25.1798561151079
"cthm-01",2,2015,18.8405797101449,18.8405797101449
"cthm-01",3,2015,32.1428571428572,32.1428571428572
"cthm-01",4,2015,35.7142857142857,35.7142857142857
"cthm-01",5,2015,50.0000000000001,50.0000000000001
"cthm-01",6,2015,45.2554744525547,45.2554744525547
"cthm-01",7,2015,25.6944444444445,26.3888888888889
"cthm-01",8,2015,18.75,18.75
"cthm-01",9,2015,19.8581560283688,19.8581560283688
"cthm-01",10,2015,27.3381294964029,27.3381294964029
"cthm-01",11,2015,41.6058394160584,41.6058394160584
"cthm-01",12,2015,38.4057971014493,38.4057971014493
"cthm-01",13,2015,28.5714285714285,28.5714285714285
"cthm-01",14,2015,17.3913043478261,18.1159420289855
"cthm-01",15,2015,40.5797101449276,40.5797101449276
"cthm-01",16,2015,42.8571428571429,42.8571428571429
"cthm-01",17,2015,28.0575539568346,28.7769784172662
"cthm-01",18,2015,38.4057971014493,38.4057971014493
"cthm-01",19,2015,34.0425531914894,34.0425531914894
"cthm-01",20,2015,52.5179856115108,52.5179856115108
"cthm-02",1,2015,13.6690647482015,13.6690647482015
"cthm-02",2,2015,16.4285714285714,16.4285714285714
"cthm-02",3,2015,24.2857142857143,24.2857142857143
"cthm-02",4,2015,13.0434782608696,13.0434782608696
"cthm-02",5,2015,90.5109489051095,90.5109489051095
"cthm-02",6,2015,79.8611111111111,79.8611111111111
"cthm-02",7,2015,43.884892086331,43.884892086331
"cthm-02",8,2015,58.9928057553957,58.9928057553957
"cthm-02",9,2015,28.9855072463768,28.9855072463768
"cthm-02",10,2015,22.1428571428572,22.1428571428572
"cthm-02",11,2015,32.8467153284671,32.8467153284671
"cthm-02",12,2015,22.463768115942,22.463768115942
"cthm-02",13,2015,7.97101449275362,7.97101449275362
"cthm-02",14,2015,27.3381294964028,27.3381294964028
"cthm-02",15,2015,54.2857142857143,54.2857142857143
"cthm-02",16,2015,20.2898550724637,20.2898550724638
"cthm-02",17,2015,26.4285714285714,26.4285714285714
"cthm-02",18,2015,23.7410071942446,24.4604316546763
"cthm-02",19,2015,46.3768115942029,46.3768115942029
"cthm-02",20,2015,24.2857142857143,24.2857142857143
"cthm-03",1,2015,31.4285714285714,31.4285714285714
"cthm-03",2,2015,25,25
"cthm-03",3,2015,48.2517482517483,48.2517482517483
"cthm-03",4,2015,42.3611111111111,42.3611111111111
"cthm-03",5,2015,57.5539568345324,57.5539568345324
"cthm-03",6,2015,27.3381294964029,27.3381294964029
"cthm-03",7,2015,90.7142857142857,90.7142857142858
"cthm-03",8,2015,32.1428571428572,32.1428571428572
"cthm-03",9,2015,14.2857142857143,14.2857142857143
"cthm-03",10,2015,18.705035971223,20.1438848920864
"cthm-03",11,2015,21.7391304347826,21.7391304347826
"cthm-03",12,2015,17.2661870503597,17.9856115107914
"cthm-03",13,2015,16.4285714285714,17.1428571428571
"cthm-03",14,2015,20,20
"cthm-03",15,2015,20,23.5714285714286
"cthm-03",16,2015,19.4244604316547,20.1438848920864
"cthm-03",17,2015,20.8633093525179,20.863309352518
"cthm-03",18,2015,19.1489361702127,19.1489361702128
"cthm-03",19,2015,39.2857142857143,39.2857142857143
"cthm-03",20,2015,21.9858156028369,22.6950354609929
"cthm-04",2,2015,19.1489361702128,19.1489361702128
"cthm-04",3,2015,19.5652173913043,19.5652173913043
"cthm-04",4,2015,9.28571428571429,9.28571428571429
"cthm-04",5,2015,21.4285714285714,21.4285714285714
"cthm-04",6,2015,29.2857142857143,29.2857142857143
"cthm-04",7,2015,12.9496402877698,12.9496402877698
"cthm-04",8,2015,20,20
"cthm-04",9,2015,72.463768115942,72.463768115942
"cthm-04",10,2015,43.4782608695652,43.4782608695652
"cthm-04",11,2015,57.5539568345324,57.5539568345324
"cthm-04",12,2015,15.1079136690648,15.1079136690648
"cthm-04",13,2015,17.8571428571428,17.8571428571428
"cthm-04",14,2015,27.1428571428571,27.8571428571428
"cthm-04",15,2015,8.57142857142857,8.57142857142857
"cthm-04",16,2015,4.31654676258993,4.31654676258993
"cthm-04",17,2015,18.8405797101449,18.8405797101449
"cthm-04",18,2015,20,20.7142857142857
"cthm-04",19,2015,21.5827338129496,21.5827338129496
"cthm-04",20,2015,17.2661870503597,17.2661870503597
"cthm-05",1,2015,21.0144927536232,21.0144927536232
"cthm-05",2,2015,21.4285714285714,21.4285714285714
"cthm-05",3,2015,15.8273381294964,15.8273381294964
"cthm-05",4,2015,12.9496402877698,13.6690647482015
"cthm-05",5,2015,12.8571428571429,15
"cthm-05",6,2015,14.3884892086331,14.3884892086331
"cthm-05",7,2015,18.75,18.75
"cthm-05",8,2015,17.2661870503597,17.2661870503597
"cthm-05",9,2015,18.5714285714286,18.5714285714286
"cthm-05",10,2015,18.8405797101449,18.8405797101449
"cthm-05",11,2015,23.5714285714285,23.5714285714286
"cthm-05",12,2015,16.5467625899281,16.5467625899281
"cthm-05",13,2015,21.1678832116788,21.1678832116788
"cthm-05",14,2015,15.6028368794326,15.6028368794326
"cthm-05",15,2015,18.8811188811189,18.8811188811189
"cthm-05",16,2015,29.1970802919708,29.1970802919708
"cthm-05",17,2015,20.8333333333334,20.8333333333334
"cthm-05",18,2015,14.1843971631205,15.6028368794326
"cthm-05",19,2015,18.8405797101449,18.8405797101449
"cthm-05",20,2015,23.7410071942447,23.7410071942447
"cthm-06",1,2015,33.3333333333333,34.0579710144927
"cthm-06",2,2015,31.4285714285715,32.1428571428572
"cthm-06",3,2015,18.705035971223,18.705035971223
"cthm-06",4,2015,24.4604316546763,24.4604316546763
"cthm-06",5,2015,15.7142857142857,15.7142857142857
"cthm-06",6,2015,17.9856115107914,19.4244604316547
"cthm-06",7,2015,27.3381294964029,27.3381294964029
"cthm-06",8,2015,28.5714285714286,28.5714285714286
"cthm-06",9,2015,17.8571428571428,19.2857142857143
"cthm-06",10,2015,21.7391304347826,21.7391304347826
"cthm-06",11,2015,29.4964028776979,29.4964028776979
"cthm-06",12,2015,20,20
"cthm-06",13,2015,41.4285714285714,41.4285714285714
"cthm-06",14,2015,22.3021582733813,22.3021582733813
"cthm-06",15,2015,24.113475177305,24.113475177305
"cthm-06",16,2015,24.4604316546763,24.4604316546763
"cthm-06",17,2015,16.5467625899281,16.5467625899281
"cthm-06",18,2015,20.5673758865249,20.5673758865249
"cthm-06",19,2015,19.4244604316547,19.4244604316547
"cthm-06",20,2015,17.2661870503598,17.2661870503598
"cthm-07",1,2015,20.2898550724638,21.0144927536232
"cthm-07",2,2015,16.4285714285714,19.2857142857143
"cthm-07",3,2015,26.4285714285714,29.2857142857143
"cthm-07",4,2015,5.79710144927536,14.4927536231884
"cthm-07",5,2015,15.1079136690647,16.5467625899281
"cthm-07",6,2015,14.8936170212766,17.0212765957447
"cthm-07",7,2015,17.1428571428571,17.1428571428571
"cthm-07",8,2015,15,17.1428571428571
"cthm-07",9,2015,25.531914893617,26.241134751773
"cthm-07",10,2015,20.1438848920864,20.1438848920864
"cthm-07",11,2015,18.705035971223,18.705035971223
"cthm-07",12,2015,15.1079136690647,15.1079136690647
"cthm-07",13,2015,22.463768115942,22.463768115942
"cthm-07",14,2015,16.6666666666667,16.6666666666667
"cthm-07",15,2015,25.179856115108,25.179856115108
"cthm-07",16,2015,18.5714285714286,18.5714285714286
"cthm-07",17,2015,17.3913043478261,17.3913043478261
"cthm-07",18,2015,17.1428571428571,17.1428571428571
"cthm-07",19,2015,16.0583941605839,16.0583941605839
"cthm-07",20,2015,20.1388888888889,20.1388888888889
"cthm-08",1,2015,17.1428571428571,17.8571428571428
"cthm-08",2,2015,46.8085106382979,47.5177304964539
"cthm-08",3,2015,33.5714285714285,33.5714285714286
"cthm-08",4,2015,24.4604316546763,24.4604316546763
"cthm-08",5,2015,23.6111111111111,23.6111111111111
"cthm-08",6,2015,26.6187050359712,26.6187050359712
"cthm-08",7,2015,34.0579710144927,34.0579710144927
"cthm-08",8,2015,27.1428571428571,27.1428571428571
"cthm-08",9,2015,19.2857142857142,19.2857142857142
"cthm-08",10,2015,17.1428571428572,17.1428571428572
"cthm-08",11,2015,31.6546762589928,31.6546762589928
"cthm-08",12,2015,16.5467625899281,16.5467625899281
"cthm-08",13,2015,15.9420289855072,15.9420289855072
"cthm-08",14,2015,22.3021582733813,22.3021582733813
"cthm-08",15,2015,17.9856115107914,17.9856115107914
"cthm-08",16,2015,15.2173913043478,15.2173913043478
"cthm-08",17,2015,19.2857142857143,19.2857142857143
"cthm-08",18,2015,15.2777777777778,15.2777777777778
"cthm-08",19,2015,15.1079136690647,16.5467625899281
"cthm-08",20,2015,29.9270072992701,29.9270072992701
"cthm-09",1,2015,20,20
"cthm-09",2,2015,23.7410071942446,23.7410071942446
"cthm-09",3,2015,40.7142857142857,41.4285714285714
"cthm-09",4,2015,35.2112676056338,35.2112676056338
"cthm-09",5,2015,46.7153284671533,46.7153284671533
"cthm-09",6,2015,28.0575539568345,28.0575539568345
"cthm-09",7,2015,21.7391304347826,21.7391304347826
"cthm-09",8,2015,35.2517985611511,35.2517985611511
"cthm-09",9,2015,35.2517985611511,35.2517985611511
"cthm-09",10,2015,36.6906474820144,36.6906474820144
"cthm-09",11,2015,32.1428571428572,32.1428571428572
"cthm-09",12,2015,19.8581560283688,19.8581560283688
"cthm-09",13,2015,21.0144927536232,21.0144927536232
"cthm-09",14,2015,12.8571428571429,12.8571428571429
"cthm-09",15,2015,27.6595744680851,27.6595744680851
"cthm-09",16,2015,17.2661870503597,17.2661870503597
"cthm-09",17,2015,18.7050359712231,18.7050359712231
"cthm-09",18,2015,26.4285714285715,26.4285714285715
"cthm-09",19,2015,17.8571428571428,17.8571428571428
"cthm-09",20,2015,21.0144927536232,21.0144927536232
"cthm-10",1,2015,24.6376811594203,25.3623188405797
"cthm-10",2,2015,30.7142857142857,31.4285714285715
"cthm-10",3,2015,23.7410071942446,23.7410071942446
"cthm-10",4,2015,24.2857142857143,27.8571428571429
"cthm-10",5,2015,39.2857142857142,39.2857142857142
"cthm-10",6,2015,36.9565217391304,36.9565217391304
"cthm-10",7,2015,23.7410071942446,23.7410071942446
"cthm-10",8,2015,27.1428571428571,27.1428571428571
"cthm-10",9,2015,30.6569343065693,30.6569343065693
"cthm-10",10,2015,17.2661870503597,17.2661870503597
"cthm-10",11,2015,24.8175182481752,24.8175182481752
"cthm-10",12,2015,31.2056737588653,31.2056737588653
"cthm-10",13,2015,28.7769784172662,28.7769784172662
"cthm-10",14,2015,61.8705035971223,61.8705035971223
"cthm-10",15,2015,30.4347826086956,30.4347826086956
"cthm-10",16,2015,93.4782608695653,93.4782608695653
"cthm-10",17,2015,95,95
"cthm-10",18,2015,34.5070422535211,34.5070422535211
"cthm-10",19,2015,23.5714285714286,23.5714285714286
"cthm-10",20,2015,20.863309352518,20.863309352518
"cthm-11",1,2015,18.8405797101449,20.2898550724637
"cthm-11",2,2015,29.2857142857143,29.2857142857143
"cthm-11",3,2015,26.4285714285714,26.4285714285714
"cthm-11",4,2015,23.021582733813,23.021582733813
"cthm-11",5,2015,15.9420289855072,15.9420289855072
"cthm-11",6,2015,18.5714285714285,19.2857142857142
"cthm-11",7,2015,27.536231884058,27.536231884058
"cthm-11",8,2015,16.3120567375887,17.0212765957447
"cthm-11",9,2015,25,25
"cthm-11",10,2015,18.705035971223,18.705035971223
"cthm-11",11,2015,38.4615384615385,38.4615384615385
"cthm-11",12,2015,13.986013986014,13.986013986014
"cthm-11",13,2015,21.2765957446809,21.2765957446809
"cthm-11",14,2015,15.2777777777777,18.0555555555556
"cthm-11",15,2015,15,15
"cthm-11",16,2015,28.0575539568346,28.0575539568346
"cthm-11",17,2015,30.9352517985611,30.9352517985611
"cthm-11",18,2015,27.0833333333333,27.0833333333333
"cthm-11",19,2015,18.4397163120567,18.4397163120567
"cthm-11",20,2015,45,45
"cthm-12",1,2015,29.7101449275362,32.6086956521739
"cthm-12",2,2015,15.9722222222222,17.3611111111111
"cthm-12",3,2015,17.2661870503597,17.2661870503597
"cthm-12",4,2015,35.2517985611511,35.2517985611511
"cthm-12",5,2015,18.1159420289855,18.8405797101449
"cthm-12",6,2015,36.1702127659574,36.1702127659574
"cthm-12",7,2015,20,20
"cthm-12",8,2015,16.6666666666667,17.3611111111111
"cthm-12",9,2015,19.8581560283688,19.8581560283688
"cthm-12",10,2015,32.8467153284672,32.8467153284672
"cthm-12",11,2015,21.5827338129496,21.5827338129496
"cthm-12",12,2015,26.8115942028985,26.8115942028985
"cthm-12",13,2015,15.7142857142857,15.7142857142857
"cthm-12",14,2015,15.7142857142857,15.7142857142857
"cthm-12",15,2015,15.7142857142857,15.7142857142857
"cthm-12",16,2015,32.1428571428571,32.1428571428571
"cthm-12",17,2015,15.2173913043478,15.2173913043478
"cthm-12",18,2015,52.8985507246377,53.6231884057971
"cthm-12",19,2015,23.5714285714286,23.5714285714286
"cthm-12",20,2015,38.5714285714286,38.5714285714286
"cthm-13",1,2015,26.3888888888888,26.3888888888888
"cthm-13",2,2015,23.9130434782609,23.9130434782609
"cthm-13",3,2015,25.1798561151079,25.1798561151079
"cthm-13",4,2015,16.6666666666666,23.6111111111111
"cthm-13",5,2015,29.7101449275362,29.7101449275363
"cthm-13",6,2015,22.8571428571428,22.8571428571428
"cthm-13",7,2015,48.22695035461,48.936170212766
"cthm-13",8,2015,35.9712230215827,35.9712230215827
"cthm-13",9,2015,100,100
"cthm-13",10,2015,100,100
"cthm-13",11,2015,100,100
"cthm-13",12,2015,78.1021897810219,78.1021897810219
"cthm-13",13,2015,38.4615384615385,38.4615384615385
"cthm-13",14,2015,23.0215827338129,23.0215827338129
"cthm-13",15,2015,30,30
"cthm-13",16,2015,52.5547445255475,52.5547445255475
"cthm-13",17,2015,32.6388888888889,32.6388888888889
"cthm-13",18,2015,16.5467625899281,18.705035971223
"cthm-13",19,2015,22.463768115942,22.463768115942
"cthm-13",20,2015,15.7142857142857,15.7142857142857
"cthm-14",1,2015,45.6521739130435,45.6521739130435
"cthm-14",2,2015,22.463768115942,23.1884057971015
"cthm-14",3,2015,20.2797202797203,20.2797202797203
"cthm-14",4,2015,30.7692307692308,30.7692307692308
"cthm-14",5,2015,36.8794326241135,36.8794326241135
"cthm-14",6,2015,27.6595744680851,27.6595744680851
"cthm-14",7,2015,18.2481751824817,18.2481751824817
"cthm-14",8,2015,17.2661870503597,17.2661870503597
"cthm-14",9,2015,18.5714285714285,18.5714285714285
"cthm-14",10,2015,27.3381294964029,28.0575539568345
"cthm-14",11,2015,32.6086956521739,32.6086956521739
"cthm-14",12,2015,37.8571428571429,37.8571428571429
"cthm-14",13,2015,31.4285714285715,31.4285714285715
"cthm-14",14,2015,28.5714285714285,28.5714285714285
"cthm-14",15,2015,14.3884892086331,14.3884892086331
"cthm-14",16,2015,27.5362318840579,27.536231884058
"cthm-14",17,2015,22.3021582733813,22.3021582733813
"cthm-14",18,2015,18.705035971223,19.4244604316547
"cthm-14",19,2015,22.463768115942,22.463768115942
"cthm-14",20,2015,31.2056737588653,31.2056737588653
"drhm-01",1,2015,17.9856115107914,17.9856115107914
"drhm-01",2,2015,22.3021582733813,22.3021582733813
"drhm-01",3,2015,25.8992805755396,25.8992805755396
"drhm-01",4,2015,25,25
"drhm-01",5,2015,21.2765957446809,21.2765957446809
"drhm-01",6,2015,32.6241134751773,32.6241134751773
"drhm-01",7,2015,23.404255319149,23.404255319149
"drhm-01",8,2015,17.9856115107914,17.9856115107914
"drhm-01",9,2015,16.3120567375886,16.3120567375886
"drhm-01",10,2015,24.6376811594203,25.3623188405797
"drhm-01",11,2015,15,15.7142857142857
"drhm-01",12,2015,24.4604316546762,24.4604316546763
"drhm-01",13,2015,13.6690647482014,15.1079136690647
"drhm-01",14,2015,14.5985401459854,14.5985401459854
"drhm-01",15,2015,20.7142857142857,20.7142857142857
"drhm-01",16,2015,19.8581560283688,19.8581560283688
"drhm-01",17,2015,22.3021582733813,22.3021582733813
"drhm-01",18,2015,18.5714285714285,18.5714285714285
"drhm-01",19,2015,21.7391304347826,21.7391304347826
"drhm-01",20,2015,23.1884057971014,23.9130434782609
"drhm-02",1,2015,21.8309859154929,21.830985915493
"drhm-02",2,2015,27.1428571428571,27.1428571428571
"drhm-02",3,2015,37.6811594202899,37.6811594202899
"drhm-02",4,2015,29.2857142857143,29.2857142857143
"drhm-02",5,2015,29.2857142857143,29.2857142857143
"drhm-02",6,2015,24.0875912408759,24.0875912408759
"drhm-02",7,2015,36.6906474820144,36.6906474820144
"drhm-02",8,2015,19.4444444444445,19.4444444444445
"drhm-02",9,2015,24.113475177305,24.113475177305
"drhm-02",10,2015,11.5107913669065,11.5107913669065
"drhm-02",11,2015,18.1159420289855,18.1159420289855
"drhm-02",12,2015,26.8115942028985,26.8115942028985
"drhm-02",13,2015,17.1428571428571,17.1428571428571
"drhm-02",14,2015,20.2898550724638,20.2898550724638
"drhm-02",15,2015,17.1428571428571,17.1428571428572
"drhm-02",16,2015,23.404255319149,23.404255319149
"drhm-02",17,2015,26.4285714285714,26.4285714285714
"drhm-02",18,2015,20.863309352518,20.863309352518
"drhm-02",19,2015,23.404255319149,23.404255319149
"drhm-02",20,2015,24.6376811594203,24.6376811594203
"drhm-03",1,2015,99.9999999999999,100
"drhm-03",2,2015,100,100
"drhm-03",3,2015,100,100
"drhm-03",4,2015,100,100
"drhm-03",5,2015,100,100
"drhm-03",6,2015,97.1428571428572,97.8571428571429
"drhm-03",7,2015,80,80
"drhm-03",8,2015,100,100
"drhm-03",9,2015,93.5714285714286,93.5714285714286
"drhm-03",10,2015,87.1428571428572,87.1428571428572
"drhm-03",11,2015,18.7050359712231,18.7050359712231
"drhm-03",12,2015,21.5827338129497,21.5827338129497
"drhm-03",13,2015,100,100
"drhm-03",14,2015,99.9999999999999,100
"drhm-03",15,2015,70.8333333333333,70.8333333333334
"drhm-03",16,2015,87.1428571428571,87.8571428571429
"drhm-03",17,2015,97.1428571428571,97.1428571428572
"drhm-03",18,2015,65.4676258992806,65.4676258992806
"drhm-03",19,2015,32.3741007194244,32.3741007194245
"drhm-03",20,2015,25.8992805755395,25.8992805755395
"drhm-04",1,2015,95.1388888888889,95.138888888889
"drhm-04",2,2015,67.1428571428571,67.1428571428571
"drhm-04",3,2015,39.8550724637681,39.8550724637681
"drhm-04",4,2015,20,20
"drhm-04",5,2015,86.231884057971,86.231884057971
"drhm-04",6,2015,30,30
"drhm-04",7,2015,27.6595744680851,27.6595744680851
"drhm-04",8,2015,44.2028985507247,44.9275362318841
"drhm-04",9,2015,24.2857142857143,24.2857142857143
"drhm-04",10,2015,15.2173913043478,15.2173913043478
"drhm-04",11,2015,17.1428571428571,17.1428571428571
"drhm-04",12,2015,29.2857142857142,29.2857142857143
"drhm-04",13,2015,35.2517985611511,35.9712230215827
"drhm-04",14,2015,15.7142857142857,15.7142857142857
"drhm-04",15,2015,15.4929577464789,15.4929577464789
"drhm-04",16,2015,25.7142857142857,26.4285714285714
"drhm-04",17,2015,46.0431654676259,46.0431654676259
"drhm-04",18,2015,17.0212765957446,17.0212765957446
"drhm-04",19,2015,21.7391304347826,21.7391304347826
"drhm-04",20,2015,93.5251798561151,93.5251798561151
"drhm-05",1,2015,27.8571428571429,27.8571428571429
"drhm-05",2,2015,27.1428571428571,27.1428571428571
"drhm-05",3,2015,38.1294964028777,38.1294964028777
"drhm-05",4,2015,47.1428571428572,47.1428571428572
"drhm-05",5,2015,83.3333333333333,83.3333333333333
"drhm-05",6,2015,99.9999999999999,100
"drhm-05",7,2015,53.4722222222222,53.4722222222223
"drhm-05",8,2015,68.1159420289855,68.1159420289855
"drhm-05",9,2015,70,71.4285714285715
"drhm-05",10,2015,63.3093525179856,64.7482014388489
"drhm-05",11,2015,53.1914893617021,53.1914893617021
"drhm-05",12,2015,65.9420289855072,65.9420289855073
"drhm-05",13,2015,98.5714285714286,98.5714285714286
"drhm-05",14,2015,100,100
"drhm-05",15,2015,100,100
"drhm-05",16,2015,100,100
"drhm-05",17,2015,100,100
"drhm-05",18,2015,51.0638297872341,51.0638297872341
"drhm-05",19,2015,56.5217391304348,56.5217391304348
"drhm-05",20,2015,36.4285714285714,36.4285714285714
"drhm-06",1,2015,29.1666666666667,29.1666666666667
"drhm-06",2,2015,82.6086956521739,82.608695652174
"drhm-06",3,2015,100,100
"drhm-06",4,2015,98.5507246376812,98.5507246376812
"drhm-06",5,2015,100,100
"drhm-06",6,2015,84.1726618705035,84.1726618705036
"drhm-06",7,2015,87.1428571428572,89.2857142857143
"drhm-06",8,2015,77.1428571428571,77.1428571428572
"drhm-06",9,2015,75.5395683453238,75.5395683453238
"drhm-06",10,2015,72.8571428571428,72.8571428571429
"drhm-06",11,2015,56.5217391304348,56.5217391304348
"drhm-06",12,2015,100,100
"drhm-06",13,2015,73.3812949640288,73.3812949640288
"drhm-06",14,2015,61.7021276595745,61.7021276595745
"drhm-06",15,2015,69.5035460992907,69.5035460992907
"drhm-06",16,2015,92.1428571428571,92.1428571428572
"drhm-06",17,2015,86.9565217391304,86.9565217391304
"drhm-06",18,2015,100,100
"drhm-06",19,2015,94.4444444444444,94.4444444444444
"drhm-06",20,2015,95.7142857142857,95.7142857142858
"drhm-07",1,2015,89.2857142857143,90
"drhm-07",2,2015,63.5036496350365,63.5036496350365
"drhm-07",3,2015,40.7142857142857,40.7142857142857
"drhm-07",4,2015,49.6350364963503,49.6350364963504
"drhm-07",5,2015,96.3503649635037,96.3503649635037
"drhm-07",6,2015,84.0277777777777,84.0277777777777
"drhm-07",7,2015,87.8571428571428,87.8571428571428
"drhm-07",8,2015,64.7482014388489,64.7482014388489
"drhm-07",9,2015,77.536231884058,77.536231884058
"drhm-07",10,2015,15.9420289855073,15.9420289855073
"drhm-07",11,2015,22.1428571428571,22.1428571428571
"drhm-07",12,2015,19.4444444444445,19.4444444444445
"drhm-07",13,2015,16.3120567375887,16.3120567375887
"drhm-07",14,2015,17.8571428571428,18.5714285714285
"drhm-07",15,2015,16.3120567375887,16.3120567375887
"drhm-07",16,2015,22.6277372262774,22.6277372262774
"drhm-07",17,2015,35.7664233576642,35.7664233576642
"drhm-07",18,2015,35.5072463768116,35.5072463768116
"drhm-07",19,2015,25.7142857142858,25.7142857142858
"drhm-07",20,2015,25,25
"drhm-08",1,2015,65.7142857142857,65.7142857142857
"drhm-08",2,2015,33.0935251798561,33.0935251798561
"drhm-08",3,2015,20.7142857142857,20.7142857142857
"drhm-08",4,2015,18.0555555555555,18.0555555555555
"drhm-08",5,2015,18.5714285714286,20.7142857142857
"drhm-08",6,2015,18.1159420289855,18.1159420289855
"drhm-08",7,2015,29.1970802919708,29.1970802919708
"drhm-08",8,2015,90.6474820143885,90.6474820143885
"drhm-08",9,2015,75,75
"drhm-08",10,2015,73.3812949640288,73.3812949640288
"drhm-08",11,2015,57.1428571428572,57.1428571428572
"drhm-08",12,2015,77.536231884058,77.536231884058
"drhm-08",13,2015,31.8840579710145,31.8840579710145
"drhm-08",14,2015,76.6423357664234,76.6423357664234
"drhm-08",15,2015,71.0144927536232,71.0144927536232
"drhm-08",16,2015,33.0935251798561,33.0935251798561
"drhm-08",17,2015,36.231884057971,36.231884057971
"drhm-08",18,2015,29.2857142857143,29.2857142857143
"drhm-08",19,2015,55.3956834532374,56.115107913669
"drhm-08",20,2015,46.4285714285715,46.4285714285715
"orng-01",1,2015,32.6241134751773,32.6241134751773
"orng-01",2,2015,18.8405797101449,18.8405797101449
"orng-01",3,2015,35.7142857142857,35.7142857142857
"orng-01",4,2015,39.5833333333333,39.5833333333333
"orng-01",5,2015,20.1438848920863,20.1438848920863
"orng-01",6,2015,24.2857142857142,24.2857142857143
"orng-01",7,2015,23.7410071942446,23.7410071942446
"orng-01",8,2015,20.7142857142857,21.4285714285715
"orng-01",9,2015,21.4285714285714,21.4285714285714
"orng-01",10,2015,20.1438848920863,20.1438848920863
"orng-01",11,2015,27.536231884058,27.536231884058
"orng-01",12,2015,21.7391304347826,21.7391304347826
"orng-01",13,2015,22.1428571428571,22.1428571428571
"orng-01",14,2015,17.2661870503597,17.2661870503597
"orng-01",15,2015,19.5652173913043,19.5652173913043
"orng-01",16,2015,24.4604316546763,24.4604316546763
"orng-01",17,2015,23.5714285714286,23.5714285714286
"orng-01",18,2015,17.2661870503597,17.2661870503597
"orng-01",19,2015,32.3943661971831,32.3943661971831
"orng-01",20,2015,16.3120567375887,16.3120567375887
"orng-02",1,2015,17.2661870503597,17.2661870503597
"orng-02",2,2015,18.8405797101449,18.8405797101449
"orng-02",3,2015,17.2661870503597,17.2661870503597
"orng-02",4,2015,12.1428571428571,12.1428571428571
"orng-02",5,2015,22.4637681159421,22.4637681159421
"orng-02",6,2015,22.3021582733813,23.0215827338129
"orng-02",7,2015,21.5827338129497,21.5827338129497
"orng-02",8,2015,38.1294964028777,38.1294964028777
"orng-02",9,2015,23.0215827338129,23.0215827338129
"orng-02",10,2015,14.2857142857143,14.2857142857143
"orng-02",11,2015,20.2898550724638,20.2898550724638
"orng-02",12,2015,17.5182481751825,17.5182481751825
"orng-02",13,2015,21.0144927536232,21.0144927536232
"orng-02",14,2015,33.8129496402877,33.8129496402877
"orng-02",15,2015,16.4285714285714,16.4285714285714
"orng-02",16,2015,17.8571428571428,17.8571428571428
"orng-02",17,2015,12.7659574468085,12.7659574468085
"orng-02",18,2015,32.8467153284672,32.8467153284672
"orng-02",19,2015,27.536231884058,27.536231884058
"orng-02",20,2015,16.5467625899281,16.5467625899281
"orng-03",1,2015,35.7664233576643,36.4963503649635
"orng-03",2,2015,26.4285714285714,26.4285714285714
"orng-03",3,2015,30.9352517985612,30.9352517985612
"orng-03",4,2015,31.4285714285714,31.4285714285714
"orng-03",5,2015,18.705035971223,18.705035971223
"orng-03",6,2015,23.9130434782609,23.9130434782609
"orng-03",7,2015,54.2857142857143,54.2857142857143
"orng-03",8,2015,29.8611111111111,29.8611111111111
"orng-03",9,2015,30.7142857142857,30.7142857142857
"orng-03",10,2015,59.2857142857143,59.2857142857143
"orng-03",11,2015,97.1014492753623,97.8260869565217
"orng-03",12,2015,84.2857142857144,84.2857142857144
"orng-03",13,2015,35.7664233576642,35.7664233576642
"orng-03",14,2015,17.0212765957447,17.0212765957447
"orng-03",15,2015,26.4285714285714,26.4285714285714
"orng-03",16,2015,16.6666666666667,16.6666666666667
"orng-03",17,2015,21.1678832116788,21.1678832116788
"orng-03",18,2015,20.863309352518,20.863309352518
"orng-03",19,2015,14.6853146853147,17.4825174825175
"orng-03",20,2015,19.1489361702127,19.8581560283688
"orng-04",1,2015,100,100
"orng-04",2,2015,100,100
"orng-04",3,2015,77.536231884058,77.536231884058
"orng-04",4,2015,90.6474820143886,90.6474820143886
"orng-04",5,2015,82.9787234042553,82.9787234042554
"orng-04",6,2015,100,100
"orng-04",7,2015,77.6978417266188,77.6978417266188
"orng-04",8,2015,80.2816901408451,80.2816901408451
"orng-04",9,2015,61.4285714285714,61.4285714285714
"orng-04",10,2015,43.5714285714286,44.2857142857143
"orng-04",11,2015,17.0212765957447,17.0212765957447
"orng-04",12,2015,18.1159420289855,18.1159420289855
"orng-04",13,2015,34.2857142857143,34.2857142857143
"orng-04",14,2015,28.7769784172662,28.7769784172662
"orng-04",15,2015,40.7142857142857,40.7142857142857
"orng-04",16,2015,50.7246376811594,50.7246376811594
"orng-04",17,2015,16.0583941605839,16.0583941605839
"orng-04",18,2015,17.9856115107914,17.9856115107914
"orng-04",19,2015,21.7391304347826,21.7391304347826
"orng-04",20,2015,20,20
"orng-05",1,2015,15.2173913043478,15.2173913043478
"orng-05",2,2015,17.0212765957447,17.0212765957447
"orng-05",3,2015,31.2056737588652,31.2056737588652
"orng-05",4,2015,22.1428571428571,22.1428571428571
"orng-05",5,2015,22.8571428571429,23.5714285714286
"orng-05",6,2015,32.608695652174,32.608695652174
"orng-05",7,2015,31.6546762589928,31.6546762589928
"orng-05",8,2015,25.5474452554744,25.5474452554745
"orng-05",9,2015,16.6666666666666,16.6666666666666
"orng-05",10,2015,21.5827338129497,21.5827338129497
"orng-05",11,2015,18.5714285714285,18.5714285714285
"orng-05",12,2015,19.2857142857143,19.2857142857143
"orng-05",13,2015,24.4604316546763,24.4604316546763
"orng-05",14,2015,17.3611111111111,17.3611111111111
"orng-05",15,2015,17.8571428571429,19.2857142857143
"orng-05",16,2015,23.7410071942446,23.7410071942446
"orng-05",17,2015,32.1428571428571,32.1428571428571
"orng-05",18,2015,24.6376811594203,24.6376811594203
"orng-05",19,2015,24.8175182481752,24.8175182481752
"orng-05",20,2015,16.6666666666666,18.1159420289855
"orng-06",1,2015,17.8571428571428,17.8571428571429
"orng-06",2,2015,16.3120567375886,17.0212765957447
"orng-06",3,2015,23.5714285714285,25
"orng-06",4,2015,16.6666666666667,16.6666666666667
"orng-06",5,2015,25,25
"orng-06",6,2015,45.3237410071942,45.3237410071942
"orng-06",7,2015,69.3430656934307,69.3430656934307
"orng-06",8,2015,48.936170212766,48.936170212766
"orng-06",9,2015,32.1428571428571,32.1428571428572
"orng-06",10,2015,69.3430656934307,69.3430656934307
"orng-06",11,2015,90.6474820143885,90.6474820143885
"orng-06",12,2015,86.2318840579711,87.6811594202899
"orng-06",13,2015,30.2158273381295,30.2158273381295
"orng-06",14,2015,54.6099290780141,54.6099290780142
"orng-06",15,2015,90.6474820143885,90.6474820143885
"orng-06",16,2015,73.9130434782609,73.9130434782609
"orng-06",17,2015,54.6762589928058,54.6762589928058
"orng-06",18,2015,47.4820143884892,47.4820143884893
"orng-06",19,2015,24.0875912408759,24.0875912408759
"orng-06",20,2015,42.8571428571428,43.5714285714285
"orng-07",1,2015,48.9208633093525,48.9208633093525
"orng-07",2,2015,41.3043478260869,41.3043478260869
"orng-07",3,2015,21.0144927536232,21.0144927536232
"orng-07",4,2015,24.6376811594203,24.6376811594203
"orng-07",5,2015,23.021582733813,23.7410071942447
"orng-07",6,2015,18.8405797101449,18.8405797101449
"orng-07",7,2015,18.1159420289855,18.8405797101449
"orng-07",8,2015,18.705035971223,18.705035971223
"orng-07",9,2015,32.3741007194244,32.3741007194244
"orng-07",10,2015,21.8309859154929,22.5352112676056
"orng-07",11,2015,16.6666666666666,16.6666666666666
"orng-07",12,2015,12.9496402877698,12.9496402877698
"orng-07",13,2015,28.1690140845071,28.1690140845071
"orng-07",14,2015,20.2898550724638,20.2898550724638
"orng-07",15,2015,44.2028985507246,49.2753623188406
"orng-07",16,2015,33.5714285714285,34.2857142857142
"orng-07",17,2015,16.6666666666667,16.6666666666667
"orng-07",18,2015,20.863309352518,20.863309352518
"orng-07",19,2015,41.0071942446043,41.0071942446043
"orng-07",20,2015,16.3120567375887,16.3120567375887
"orng-08",1,2015,27.8571428571428,27.8571428571428
"orng-08",2,2015,26.0869565217392,26.0869565217392
"orng-08",3,2015,27.3381294964029,27.3381294964029
"orng-08",4,2015,43.5714285714286,43.5714285714286
"orng-08",5,2015,17.8571428571428,17.8571428571429
"orng-08",6,2015,18.5714285714285,18.5714285714286
"orng-08",7,2015,22.3021582733813,22.3021582733813
"orng-08",8,2015,30.4964539007092,30.4964539007092
"orng-08",9,2015,27.536231884058,27.536231884058
"orng-08",10,2015,35,35
"orng-08",11,2015,15.7142857142857,15.7142857142857
"orng-08",12,2015,17.8571428571429,18.5714285714286
"orng-08",13,2015,16.4285714285714,16.4285714285714
"orng-08",14,2015,20.7142857142857,22.1428571428571
"orng-08",15,2015,20.863309352518,20.863309352518
"orng-08",16,2015,18.4397163120568,18.4397163120568
"orng-08",17,2015,19.2857142857143,19.2857142857143
"orng-08",18,2015,20.1438848920863,20.1438848920863
"orng-08",19,2015,35.7142857142857,35.7142857142857
"orng-08",20,2015,17.1428571428571,17.1428571428571
"orng-09",1,2015,27.1428571428571,27.1428571428571
"orng-09",2,2015,20.5673758865248,20.5673758865248
"orng-09",3,2015,25,25
"orng-09",4,2015,12.2302158273381,12.2302158273382
"orng-09",5,2015,23.9130434782609,23.9130434782609
"orng-09",6,2015,15.2173913043478,16.6666666666666
"orng-09",7,2015,36.1702127659574,37.5886524822695
"orng-09",8,2015,27.536231884058,27.536231884058
"orng-09",9,2015,20.2898550724637,20.2898550724637
"orng-09",10,2015,26.4285714285714,26.4285714285714
"orng-09",11,2015,17.8571428571429,17.8571428571429
"orng-09",12,2015,17.1428571428571,17.1428571428571
"orng-09",13,2015,20.1438848920864,20.863309352518
"orng-09",14,2015,17.1428571428572,17.1428571428572
"orng-09",15,2015,23.1884057971014,23.1884057971015
"orng-09",16,2015,20.1438848920864,21.5827338129497
"orng-09",17,2015,32.8571428571428,33.5714285714285
"orng-09",18,2015,29.2857142857143,29.2857142857143
"orng-09",19,2015,26.4285714285714,26.4285714285714
"orng-09",20,2015,24.113475177305,24.113475177305
"orng-10",1,2015,35,35
"orng-10",2,2015,21.5827338129497,21.5827338129497
"orng-10",3,2015,48.5507246376812,48.5507246376812
"orng-10",4,2015,32.3741007194245,32.3741007194245
"orng-10",5,2015,34.2857142857143,34.2857142857143
"orng-10",6,2015,31.6546762589928,31.6546762589928
"orng-10",7,2015,32.6388888888889,32.6388888888889
"orng-10",8,2015,21.0144927536232,21.0144927536232
"orng-10",9,2015,25.3623188405797,25.3623188405797
"orng-10",10,2015,70.2127659574468,70.2127659574468
"orng-10",11,2015,67.1428571428572,67.1428571428572
"orng-10",12,2015,66.6666666666667,66.6666666666667
"orng-10",13,2015,41.958041958042,41.958041958042
"orng-10",14,2015,21.5827338129496,21.5827338129496
"orng-10",15,2015,19.8581560283688,19.8581560283688
"orng-10",16,2015,30.9352517985612,30.9352517985612
"orng-10",17,2015,27.5362318840579,27.5362318840579
"orng-10",18,2015,19.5804195804196,19.5804195804196
"orng-10",19,2015,33.5766423357665,33.5766423357665
"orng-10",20,2015,51.4492753623188,51.4492753623188
"orng-11",1,2015,25.1798561151079,25.1798561151079
"orng-11",2,2015,20.7142857142857,20.7142857142857
"orng-11",3,2015,25.8992805755396,25.8992805755396
"orng-11",4,2015,22.3021582733813,22.3021582733813
"orng-11",5,2015,40.4255319148937,40.4255319148937
"orng-11",6,2015,33.0935251798562,33.0935251798562
"orng-11",7,2015,24.6376811594203,24.6376811594203
"orng-11",8,2015,23.5714285714286,23.5714285714286
"orng-11",9,2015,28.5714285714285,28.5714285714285
"orng-11",10,2015,23.0215827338129,23.0215827338129
"orng-11",11,2015,32.1428571428571,32.1428571428571
"orng-11",12,2015,16.3120567375887,16.3120567375887
"orng-11",13,2015,24.6376811594203,24.6376811594203
"orng-11",14,2015,21.0144927536232,21.7391304347826
"orng-11",15,2015,22.6950354609929,22.6950354609929
"orng-11",16,2015,22.3021582733813,23.021582733813
"orng-11",17,2015,28.4722222222222,29.1666666666666
"orng-11",18,2015,27.3381294964029,28.0575539568345
"orng-11",19,2015,19.4244604316547,19.4244604316547
"orng-11",20,2015,23.404255319149,23.404255319149
"orng-12",1,2015,31.6546762589929,31.6546762589929
"orng-12",2,2015,28.6713286713287,28.6713286713287
"orng-12",3,2015,27.3381294964029,27.3381294964029
"orng-12",4,2015,38.5714285714286,38.5714285714286
"orng-12",5,2015,41.3043478260869,41.3043478260869
"orng-12",6,2015,74.468085106383,74.468085106383
"orng-12",7,2015,100,100
"orng-12",8,2015,97.2027972027973,97.2027972027973
"orng-12",9,2015,95.7142857142857,95.7142857142858
"orng-12",10,2015,100,100
"orng-12",11,2015,100,100
"orng-12",12,2015,100,100
"orng-12",13,2015,98.5611510791367,98.5611510791367
"orng-12",14,2015,97.1631205673758,97.1631205673759
"orng-12",15,2015,77.536231884058,77.536231884058
"orng-12",16,2015,25.8992805755396,25.8992805755396
"orng-12",17,2015,35.2517985611511,35.2517985611511
"orng-12",18,2015,59.2857142857143,59.2857142857143
"orng-12",19,2015,23.9130434782608,23.9130434782608
"orng-12",20,2015,23.5714285714286,23.5714285714286
"cthm-01",1,2016,24.4604316546763,25.1798561151079
"cthm-01",2,2016,18.8405797101449,18.8405797101449
"cthm-01",3,2016,32.1428571428572,32.1428571428572
"cthm-01",4,2016,35.7142857142857,35.7142857142857
"cthm-01",5,2016,50.0000000000001,50.0000000000001
"cthm-01",6,2016,45.2554744525547,45.2554744525547
"cthm-01",7,2016,25.6944444444445,26.3888888888889
"cthm-01",8,2016,18.75,18.75
"cthm-01",9,2016,19.8581560283688,19.8581560283688
"cthm-01",10,2016,27.3381294964029,27.3381294964029
"cthm-01",11,2016,41.6058394160584,41.6058394160584
"cthm-01",12,2016,39.8550724637682,39.8550724637682
"cthm-01",13,2016,28.5714285714285,28.5714285714285
"cthm-01",14,2016,17.3913043478261,18.1159420289855
"cthm-01",15,2016,40.5797101449275,40.5797101449276
"cthm-01",16,2016,42.8571428571429,42.8571428571429
"cthm-01",17,2016,28.0575539568346,28.7769784172662
"cthm-01",18,2016,39.8550724637681,39.8550724637681
"cthm-01",19,2016,34.0425531914894,34.0425531914894
"cthm-01",20,2016,53.2374100719425,53.2374100719425
"cthm-02",1,2016,13.6690647482015,13.6690647482015
"cthm-02",2,2016,16.4285714285714,16.4285714285714
"cthm-02",3,2016,24.2857142857143,24.2857142857143
"cthm-02",4,2016,13.0434782608696,13.0434782608696
"cthm-02",5,2016,90.5109489051094,90.5109489051095
"cthm-02",6,2016,79.8611111111111,79.8611111111111
"cthm-02",7,2016,43.884892086331,43.884892086331
"cthm-02",8,2016,58.9928057553957,58.9928057553957
"cthm-02",9,2016,28.9855072463768,28.9855072463768
"cthm-02",10,2016,22.1428571428571,22.1428571428572
"cthm-02",11,2016,32.8467153284671,32.8467153284671
"cthm-02",12,2016,22.463768115942,22.463768115942
"cthm-02",13,2016,7.97101449275362,7.97101449275362
"cthm-02",14,2016,26.6187050359713,27.3381294964028
"cthm-02",15,2016,55.7142857142857,55.7142857142857
"cthm-02",16,2016,20.2898550724637,20.2898550724638
"cthm-02",17,2016,26.4285714285714,26.4285714285714
"cthm-02",18,2016,23.7410071942446,24.4604316546763
"cthm-02",19,2016,46.3768115942029,46.3768115942029
"cthm-02",20,2016,24.2857142857143,24.2857142857143
"cthm-03",1,2016,31.4285714285714,31.4285714285714
"cthm-03",2,2016,25,25
"cthm-03",3,2016,48.2517482517483,48.2517482517483
"cthm-03",4,2016,42.3611111111111,42.3611111111111
"cthm-03",5,2016,57.5539568345324,57.5539568345324
"cthm-03",6,2016,27.3381294964029,27.3381294964029
"cthm-03",7,2016,90.7142857142857,90.7142857142858
"cthm-03",8,2016,32.1428571428572,32.1428571428572
"cthm-03",9,2016,14.2857142857143,14.2857142857143
"cthm-03",10,2016,18.705035971223,20.1438848920864
"cthm-03",11,2016,21.7391304347826,21.7391304347826
"cthm-03",12,2016,17.2661870503597,17.9856115107914
"cthm-03",13,2016,16.4285714285714,17.1428571428571
"cthm-03",14,2016,20,20
"cthm-03",15,2016,20,23.5714285714286
"cthm-03",16,2016,18.7050359712231,20.1438848920864
"cthm-03",17,2016,21.5827338129496,21.5827338129496
"cthm-03",18,2016,19.1489361702127,19.1489361702128
"cthm-03",19,2016,39.2857142857143,39.2857142857143
"cthm-03",20,2016,21.9858156028369,22.6950354609929
"cthm-04",2,2016,19.1489361702128,19.1489361702128
"cthm-04",3,2016,19.5652173913043,19.5652173913043
"cthm-04",4,2016,9.28571428571429,9.28571428571429
"cthm-04",5,2016,21.4285714285714,21.4285714285714
"cthm-04",6,2016,29.2857142857143,29.2857142857143
"cthm-04",7,2016,13.6690647482014,13.6690647482014
"cthm-04",8,2016,20,20
"cthm-04",9,2016,72.463768115942,72.463768115942
"cthm-04",10,2016,43.4782608695651,43.4782608695652
"cthm-04",11,2016,57.5539568345324,57.5539568345324
"cthm-04",12,2016,15.1079136690648,15.1079136690648
"cthm-04",13,2016,17.8571428571428,17.8571428571428
"cthm-04",14,2016,27.1428571428571,27.8571428571428
"cthm-04",15,2016,8.57142857142857,8.57142857142857
"cthm-04",16,2016,4.31654676258993,4.31654676258993
"cthm-04",17,2016,18.8405797101449,18.8405797101449
"cthm-04",18,2016,20,20.7142857142857
"cthm-04",19,2016,21.5827338129496,21.5827338129496
"cthm-04",20,2016,17.2661870503597,17.2661870503597
"cthm-05",1,2016,21.0144927536232,21.0144927536232
"cthm-05",2,2016,21.4285714285714,21.4285714285714
"cthm-05",3,2016,16.5467625899281,16.5467625899281
"cthm-05",4,2016,12.9496402877698,13.6690647482015
"cthm-05",5,2016,12.8571428571429,15
"cthm-05",6,2016,14.3884892086331,14.3884892086331
"cthm-05",7,2016,18.75,18.75
"cthm-05",8,2016,17.2661870503597,17.2661870503597
"cthm-05",9,2016,17.8571428571429,18.5714285714286
"cthm-05",10,2016,18.8405797101449,18.8405797101449
"cthm-05",11,2016,23.5714285714285,23.5714285714286
"cthm-05",12,2016,16.5467625899281,16.5467625899281
"cthm-05",13,2016,21.1678832116788,21.1678832116788
"cthm-05",14,2016,15.6028368794326,15.6028368794326
"cthm-05",15,2016,18.8811188811189,18.8811188811189
"cthm-05",16,2016,29.1970802919708,29.1970802919708
"cthm-05",17,2016,20.8333333333334,20.8333333333334
"cthm-05",18,2016,14.1843971631205,15.6028368794326
"cthm-05",19,2016,18.8405797101449,18.8405797101449
"cthm-05",20,2016,23.7410071942447,23.7410071942447
"cthm-06",1,2016,33.3333333333333,34.0579710144927
"cthm-06",2,2016,32.8571428571429,32.8571428571429
"cthm-06",3,2016,18.705035971223,18.705035971223
"cthm-06",4,2016,24.4604316546763,24.4604316546763
"cthm-06",5,2016,15.7142857142857,15.7142857142857
"cthm-06",6,2016,17.9856115107914,19.4244604316547
"cthm-06",7,2016,27.3381294964029,27.3381294964029
"cthm-06",8,2016,28.5714285714286,28.5714285714286
"cthm-06",9,2016,17.1428571428571,19.2857142857143
"cthm-06",10,2016,21.7391304347826,21.7391304347826
"cthm-06",11,2016,29.4964028776979,29.4964028776979
"cthm-06",12,2016,20,20
"cthm-06",13,2016,41.4285714285714,41.4285714285714
"cthm-06",14,2016,23.021582733813,23.021582733813
"cthm-06",15,2016,24.113475177305,24.113475177305
"cthm-06",16,2016,24.4604316546763,24.4604316546763
"cthm-06",17,2016,16.5467625899281,16.5467625899281
"cthm-06",18,2016,20.5673758865249,20.5673758865249
"cthm-06",19,2016,19.4244604316547,19.4244604316547
"cthm-06",20,2016,17.2661870503598,17.2661870503598
"cthm-07",1,2016,21.0144927536232,21.0144927536232
"cthm-07",2,2016,15.7142857142857,19.2857142857143
"cthm-07",3,2016,26.4285714285715,29.2857142857143
"cthm-07",4,2016,5.79710144927536,14.4927536231884
"cthm-07",5,2016,15.1079136690647,16.5467625899281
"cthm-07",6,2016,14.8936170212766,17.0212765957447
"cthm-07",7,2016,17.1428571428571,17.1428571428571
"cthm-07",8,2016,15,17.1428571428571
"cthm-07",9,2016,25.531914893617,26.241134751773
"cthm-07",10,2016,20.1438848920864,20.1438848920864
"cthm-07",11,2016,18.705035971223,18.705035971223
"cthm-07",12,2016,15.1079136690647,15.1079136690647
"cthm-07",13,2016,22.463768115942,22.463768115942
"cthm-07",14,2016,16.6666666666667,16.6666666666667
"cthm-07",15,2016,26.6187050359713,26.6187050359713
"cthm-07",16,2016,18.5714285714286,18.5714285714286
"cthm-07",17,2016,17.3913043478261,17.3913043478261
"cthm-07",18,2016,17.1428571428571,17.1428571428571
"cthm-07",19,2016,16.0583941605839,16.0583941605839
"cthm-07",20,2016,20.8333333333333,20.8333333333333
"cthm-08",1,2016,17.1428571428571,17.8571428571428
"cthm-08",2,2016,46.8085106382979,47.5177304964539
"cthm-08",3,2016,35,35
"cthm-08",4,2016,24.4604316546763,24.4604316546763
"cthm-08",5,2016,23.6111111111111,23.6111111111111
"cthm-08",6,2016,26.6187050359712,26.6187050359712
"cthm-08",7,2016,34.0579710144927,34.0579710144927
"cthm-08",8,2016,27.1428571428571,27.1428571428571
"cthm-08",9,2016,19.2857142857142,19.2857142857142
"cthm-08",10,2016,17.1428571428572,17.1428571428572
"cthm-08",11,2016,31.6546762589928,31.6546762589928
"cthm-08",12,2016,18.705035971223,18.705035971223
"cthm-08",13,2016,15.9420289855072,15.9420289855072
"cthm-08",14,2016,21.5827338129497,22.3021582733813
"cthm-08",15,2016,17.9856115107914,17.9856115107914
"cthm-08",16,2016,15.2173913043478,15.2173913043478
"cthm-08",17,2016,19.2857142857143,19.2857142857143
"cthm-08",18,2016,15.2777777777778,15.2777777777778
"cthm-08",19,2016,15.1079136690647,16.5467625899281
"cthm-08",20,2016,29.9270072992701,29.9270072992701
"cthm-09",1,2016,20,20
"cthm-09",2,2016,25.1798561151079,25.1798561151079
"cthm-09",3,2016,40.7142857142857,41.4285714285714
"cthm-09",4,2016,35.2112676056338,35.2112676056338
"cthm-09",5,2016,46.7153284671533,46.7153284671533
"cthm-09",6,2016,28.0575539568345,28.0575539568345
"cthm-09",7,2016,21.7391304347826,21.7391304347826
"cthm-09",8,2016,35.2517985611511,35.2517985611511
"cthm-09",9,2016,35.2517985611511,35.2517985611511
"cthm-09",10,2016,36.6906474820144,36.6906474820144
"cthm-09",11,2016,34.2857142857143,34.2857142857143
"cthm-09",12,2016,20.5673758865248,20.5673758865248
"cthm-09",13,2016,21.0144927536232,21.0144927536232
"cthm-09",14,2016,12.8571428571429,12.8571428571429
"cthm-09",15,2016,27.6595744680851,27.6595744680851
"cthm-09",16,2016,17.2661870503597,17.2661870503597
"cthm-09",17,2016,20.1438848920864,20.1438848920864
"cthm-09",18,2016,26.4285714285715,26.4285714285715
"cthm-09",19,2016,17.8571428571428,17.8571428571428
"cthm-09",20,2016,21.0144927536232,21.0144927536232
"cthm-10",1,2016,24.6376811594203,25.3623188405797
"cthm-10",2,2016,30.7142857142857,31.4285714285715
"cthm-10",3,2016,23.7410071942446,23.7410071942446
"cthm-10",4,2016,24.2857142857143,27.8571428571429
"cthm-10",5,2016,39.2857142857142,39.2857142857142
"cthm-10",6,2016,36.9565217391304,36.9565217391304
"cthm-10",7,2016,23.7410071942446,23.7410071942446
"cthm-10",8,2016,27.1428571428571,27.1428571428571
"cthm-10",9,2016,30.6569343065693,30.6569343065693
"cthm-10",10,2016,17.9856115107914,17.9856115107914
"cthm-10",11,2016,24.8175182481752,24.8175182481752
"cthm-10",12,2016,31.2056737588653,31.2056737588653
"cthm-10",13,2016,28.7769784172662,28.7769784172662
"cthm-10",14,2016,61.8705035971223,61.8705035971223
"cthm-10",15,2016,30.4347826086956,30.4347826086956
"cthm-10",16,2016,93.4782608695652,93.4782608695653
"cthm-10",17,2016,95.7142857142857,95.7142857142857
"cthm-10",18,2016,34.5070422535211,34.5070422535211
"cthm-10",19,2016,23.5714285714286,23.5714285714286
"cthm-10",20,2016,20.863309352518,20.863309352518
"cthm-11",1,2016,18.8405797101449,20.2898550724637
"cthm-11",2,2016,29.2857142857143,29.2857142857143
"cthm-11",3,2016,26.4285714285714,26.4285714285714
"cthm-11",4,2016,23.021582733813,23.021582733813
"cthm-11",5,2016,15.9420289855072,15.9420289855072
"cthm-11",6,2016,18.5714285714285,19.2857142857142
"cthm-11",7,2016,27.536231884058,27.536231884058
"cthm-11",8,2016,16.3120567375887,17.0212765957447
"cthm-11",9,2016,25,25
"cthm-11",10,2016,18.705035971223,18.705035971223
"cthm-11",11,2016,38.4615384615385,38.4615384615385
"cthm-11",12,2016,13.986013986014,13.986013986014
"cthm-11",13,2016,21.2765957446809,21.2765957446809
"cthm-11",14,2016,15.2777777777777,18.0555555555556
"cthm-11",15,2016,15,15
"cthm-11",16,2016,28.0575539568346,28.0575539568346
"cthm-11",17,2016,30.9352517985611,30.9352517985611
"cthm-11",18,2016,27.0833333333333,27.0833333333333
"cthm-11",19,2016,18.4397163120567,18.4397163120567
"cthm-11",20,2016,45,45
"cthm-12",1,2016,29.7101449275362,32.6086956521739
"cthm-12",2,2016,15.9722222222222,17.3611111111111
"cthm-12",3,2016,17.2661870503597,17.2661870503597
"cthm-12",4,2016,35.2517985611511,35.2517985611511
"cthm-12",5,2016,18.1159420289855,18.8405797101449
"cthm-12",6,2016,36.8794326241135,36.8794326241135
"cthm-12",7,2016,20,20
"cthm-12",8,2016,16.6666666666667,17.3611111111111
"cthm-12",9,2016,19.8581560283688,19.8581560283688
"cthm-12",10,2016,32.8467153284672,32.8467153284672
"cthm-12",11,2016,21.5827338129496,21.5827338129496
"cthm-12",12,2016,26.8115942028985,26.8115942028985
"cthm-12",13,2016,15.7142857142857,15.7142857142857
"cthm-12",14,2016,15.7142857142857,15.7142857142857
"cthm-12",15,2016,15.7142857142857,15.7142857142857
"cthm-12",16,2016,32.1428571428571,32.1428571428571
"cthm-12",17,2016,15.9420289855072,15.9420289855072
"cthm-12",18,2016,53.6231884057971,53.6231884057971
"cthm-12",19,2016,23.5714285714286,23.5714285714286
"cthm-12",20,2016,38.5714285714286,38.5714285714286
"cthm-13",1,2016,26.3888888888888,26.3888888888888
"cthm-13",2,2016,23.9130434782609,23.9130434782609
"cthm-13",3,2016,25.8992805755396,25.8992805755396
"cthm-13",4,2016,16.6666666666666,23.6111111111111
"cthm-13",5,2016,29.7101449275362,29.7101449275363
"cthm-13",6,2016,22.8571428571428,22.8571428571428
"cthm-13",7,2016,48.22695035461,48.936170212766
"cthm-13",8,2016,35.9712230215828,35.9712230215828
"cthm-13",9,2016,100,100
"cthm-13",10,2016,100,100
"cthm-13",11,2016,100,100
"cthm-13",12,2016,78.1021897810219,78.1021897810219
"cthm-13",13,2016,38.4615384615385,38.4615384615385
"cthm-13",14,2016,23.021582733813,23.021582733813
"cthm-13",15,2016,30,30
"cthm-13",16,2016,52.5547445255475,52.5547445255475
"cthm-13",17,2016,33.3333333333333,33.3333333333333
"cthm-13",18,2016,16.5467625899281,18.705035971223
"cthm-13",19,2016,22.463768115942,22.463768115942
"cthm-13",20,2016,16.4285714285714,16.4285714285714
"cthm-14",1,2016,45.6521739130435,45.6521739130435
"cthm-14",2,2016,22.463768115942,23.1884057971015
"cthm-14",3,2016,20.2797202797203,20.2797202797203
"cthm-14",4,2016,31.4685314685315,31.4685314685315
"cthm-14",5,2016,36.8794326241135,36.8794326241135
"cthm-14",6,2016,27.6595744680851,27.6595744680851
"cthm-14",7,2016,18.2481751824817,18.2481751824817
"cthm-14",8,2016,17.2661870503597,17.2661870503597
"cthm-14",9,2016,19.2857142857142,19.2857142857142
"cthm-14",10,2016,27.3381294964029,28.0575539568345
"cthm-14",11,2016,34.0579710144927,34.0579710144927
"cthm-14",12,2016,37.8571428571429,37.8571428571429
"cthm-14",13,2016,31.4285714285715,31.4285714285715
"cthm-14",14,2016,29.2857142857142,29.2857142857142
"cthm-14",15,2016,14.3884892086331,14.3884892086331
"cthm-14",16,2016,28.2608695652174,28.2608695652174
"cthm-14",17,2016,22.3021582733813,22.3021582733813
"cthm-14",18,2016,18.705035971223,19.4244604316547
"cthm-14",19,2016,22.463768115942,22.463768115942
"cthm-14",20,2016,31.2056737588653,31.2056737588653
"drhm-01",1,2016,17.9856115107914,17.9856115107914
"drhm-01",2,2016,22.3021582733813,22.3021582733813
"drhm-01",3,2016,25.8992805755396,25.8992805755396
"drhm-01",4,2016,25,25
"drhm-01",5,2016,21.2765957446809,21.2765957446809
"drhm-01",6,2016,32.6241134751773,32.6241134751773
"drhm-01",7,2016,23.404255319149,23.404255319149
"drhm-01",8,2016,17.9856115107914,17.9856115107914
"drhm-01",9,2016,16.3120567375886,16.3120567375886
"drhm-01",10,2016,24.6376811594203,25.3623188405797
"drhm-01",11,2016,15,15.7142857142857
"drhm-01",12,2016,24.4604316546762,24.4604316546763
"drhm-01",13,2016,13.6690647482014,15.1079136690647
"drhm-01",14,2016,14.5985401459854,14.5985401459854
"drhm-01",15,2016,20.7142857142857,20.7142857142857
"drhm-01",16,2016,19.8581560283688,19.8581560283688
"drhm-01",17,2016,22.3021582733813,22.3021582733813
"drhm-01",18,2016,19.2857142857142,19.2857142857142
"drhm-01",19,2016,21.7391304347826,21.7391304347826
"drhm-01",20,2016,23.1884057971014,23.9130434782609
"drhm-02",1,2016,21.8309859154929,21.830985915493
"drhm-02",2,2016,27.1428571428571,27.1428571428571
"drhm-02",3,2016,37.6811594202899,37.6811594202899
"drhm-02",4,2016,29.2857142857143,29.2857142857143
"drhm-02",5,2016,29.2857142857143,29.2857142857143
"drhm-02",6,2016,24.0875912408759,24.0875912408759
"drhm-02",7,2016,36.6906474820144,36.6906474820144
"drhm-02",8,2016,20.1388888888889,20.1388888888889
"drhm-02",9,2016,24.113475177305,24.113475177305
"drhm-02",10,2016,11.5107913669065,11.5107913669065
"drhm-02",11,2016,18.1159420289855,18.1159420289855
"drhm-02",12,2016,26.8115942028985,26.8115942028985
"drhm-02",13,2016,17.1428571428571,17.1428571428571
"drhm-02",14,2016,20.2898550724638,20.2898550724638
"drhm-02",15,2016,17.1428571428571,17.1428571428572
"drhm-02",16,2016,23.404255319149,23.404255319149
"drhm-02",17,2016,26.4285714285714,26.4285714285714
"drhm-02",18,2016,20.863309352518,20.863309352518
"drhm-02",19,2016,23.404255319149,23.404255319149
"drhm-02",20,2016,24.6376811594203,24.6376811594203
"drhm-03",1,2016,99.9999999999999,100
"drhm-03",2,2016,100,100
"drhm-03",3,2016,100,100
"drhm-03",4,2016,100,100
"drhm-03",5,2016,100,100
"drhm-03",6,2016,97.1428571428572,97.8571428571429
"drhm-03",7,2016,80,80
"drhm-03",8,2016,100,100
"drhm-03",9,2016,93.5714285714286,93.5714285714286
"drhm-03",10,2016,87.8571428571429,87.8571428571429
"drhm-03",11,2016,18.7050359712231,18.7050359712231
"drhm-03",12,2016,21.5827338129497,21.5827338129497
"drhm-03",13,2016,100,100
"drhm-03",14,2016,99.9999999999999,100
"drhm-03",15,2016,70.8333333333333,70.8333333333334
"drhm-03",16,2016,87.8571428571428,87.8571428571429
"drhm-03",17,2016,97.1428571428571,97.1428571428572
"drhm-03",18,2016,65.4676258992806,65.4676258992806
"drhm-03",19,2016,32.3741007194244,32.3741007194245
"drhm-03",20,2016,25.8992805755395,25.8992805755395
"drhm-04",1,2016,95.1388888888889,95.138888888889
"drhm-04",2,2016,67.1428571428571,67.1428571428571
"drhm-04",3,2016,40.5797101449276,40.5797101449276
"drhm-04",4,2016,20,20
"drhm-04",5,2016,86.231884057971,86.231884057971
"drhm-04",6,2016,30,30
"drhm-04",7,2016,27.6595744680851,27.6595744680851
"drhm-04",8,2016,44.2028985507247,44.9275362318841
"drhm-04",9,2016,24.2857142857143,24.2857142857143
"drhm-04",10,2016,15.2173913043478,15.2173913043478
"drhm-04",11,2016,17.1428571428571,17.1428571428571
"drhm-04",12,2016,29.2857142857142,29.2857142857143
"drhm-04",13,2016,35.2517985611511,35.9712230215827
"drhm-04",14,2016,15.7142857142857,15.7142857142857
"drhm-04",15,2016,16.1971830985915,16.1971830985915
"drhm-04",16,2016,25.7142857142857,26.4285714285714
"drhm-04",17,2016,46.0431654676259,46.0431654676259
"drhm-04",18,2016,17.0212765957446,17.0212765957446
"drhm-04",19,2016,21.7391304347826,21.7391304347826
"drhm-04",20,2016,93.5251798561151,93.5251798561151
"drhm-05",1,2016,27.8571428571429,27.8571428571429
"drhm-05",2,2016,27.8571428571428,27.8571428571428
"drhm-05",3,2016,38.1294964028777,38.1294964028777
"drhm-05",4,2016,47.1428571428572,47.1428571428572
"drhm-05",5,2016,81.159420289855,83.3333333333333
"drhm-05",6,2016,99.9999999999999,100
"drhm-05",7,2016,53.4722222222222,53.4722222222223
"drhm-05",8,2016,81.8840579710146,81.8840579710146
"drhm-05",9,2016,70,71.4285714285715
"drhm-05",10,2016,63.3093525179856,64.7482014388489
"drhm-05",11,2016,53.1914893617021,53.1914893617021
"drhm-05",12,2016,65.9420289855072,65.9420289855073
"drhm-05",13,2016,98.5714285714285,98.5714285714286
"drhm-05",14,2016,100,100
"drhm-05",15,2016,100,100
"drhm-05",16,2016,100,100
"drhm-05",17,2016,100,100
"drhm-05",18,2016,51.0638297872341,51.0638297872341
"drhm-05",19,2016,56.5217391304348,56.5217391304348
"drhm-05",20,2016,36.4285714285714,36.4285714285714
"drhm-06",1,2016,68.0555555555556,68.0555555555556
"drhm-06",2,2016,82.6086956521739,82.608695652174
"drhm-06",3,2016,100,100
"drhm-06",4,2016,98.5507246376812,98.5507246376812
"drhm-06",5,2016,100,100
"drhm-06",6,2016,84.1726618705035,84.1726618705036
"drhm-06",7,2016,87.1428571428572,89.2857142857143
"drhm-06",8,2016,76.4285714285714,77.1428571428572
"drhm-06",9,2016,75.5395683453238,75.5395683453238
"drhm-06",10,2016,72.8571428571428,72.8571428571429
"drhm-06",11,2016,56.5217391304348,56.5217391304348
"drhm-06",12,2016,100,100
"drhm-06",13,2016,73.3812949640288,73.3812949640288
"drhm-06",14,2016,73.0496453900709,73.0496453900709
"drhm-06",15,2016,69.5035460992907,69.5035460992907
"drhm-06",16,2016,92.1428571428571,92.1428571428572
"drhm-06",17,2016,86.9565217391304,86.9565217391304
"drhm-06",18,2016,100,100
"drhm-06",19,2016,94.4444444444444,94.4444444444444
"drhm-06",20,2016,95.7142857142857,95.7142857142858
"drhm-07",1,2016,89.2857142857143,90
"drhm-07",2,2016,64.9635036496351,64.9635036496351
"drhm-07",3,2016,42.1428571428571,42.1428571428571
"drhm-07",4,2016,50.3649635036496,50.3649635036496
"drhm-07",5,2016,96.3503649635037,96.3503649635037
"drhm-07",6,2016,84.7222222222222,84.7222222222222
"drhm-07",7,2016,87.8571428571428,87.8571428571428
"drhm-07",8,2016,64.7482014388489,64.7482014388489
"drhm-07",9,2016,77.536231884058,77.536231884058
"drhm-07",10,2016,15.9420289855073,15.9420289855073
"drhm-07",11,2016,22.1428571428571,22.1428571428571
"drhm-07",12,2016,19.4444444444445,19.4444444444445
"drhm-07",13,2016,16.3120567375887,16.3120567375887
"drhm-07",14,2016,17.8571428571428,18.5714285714285
"drhm-07",15,2016,16.3120567375887,16.3120567375887
"drhm-07",16,2016,22.6277372262774,22.6277372262774
"drhm-07",17,2016,35.7664233576642,35.7664233576642
"drhm-07",18,2016,35.5072463768116,35.5072463768116
"drhm-07",19,2016,25.7142857142858,25.7142857142858
"drhm-07",20,2016,25,25
"drhm-08",1,2016,67.1428571428571,67.1428571428571
"drhm-08",2,2016,33.0935251798561,33.0935251798561
"drhm-08",3,2016,20.7142857142857,20.7142857142857
"drhm-08",4,2016,18.0555555555555,18.0555555555555
"drhm-08",5,2016,18.5714285714286,20.7142857142857
"drhm-08",6,2016,18.1159420289855,18.1159420289855
"drhm-08",7,2016,29.1970802919708,29.1970802919708
"drhm-08",8,2016,90.6474820143885,90.6474820143885
"drhm-08",9,2016,75,75
"drhm-08",10,2016,73.3812949640288,73.3812949640288
"drhm-08",11,2016,57.1428571428572,57.1428571428572
"drhm-08",12,2016,77.536231884058,77.536231884058
"drhm-08",13,2016,32.6086956521739,32.6086956521739
"drhm-08",14,2016,76.6423357664234,76.6423357664234
"drhm-08",15,2016,71.0144927536232,71.0144927536232
"drhm-08",16,2016,33.0935251798561,33.0935251798561
"drhm-08",17,2016,36.231884057971,36.231884057971
"drhm-08",18,2016,29.2857142857143,29.2857142857143
"drhm-08",19,2016,55.3956834532374,56.115107913669
"drhm-08",20,2016,47.1428571428572,47.1428571428572
"orng-01",1,2016,32.6241134751773,32.6241134751773
"orng-01",2,2016,18.8405797101449,18.8405797101449
"orng-01",3,2016,35.7142857142857,35.7142857142857
"orng-01",4,2016,39.5833333333333,39.5833333333333
"orng-01",5,2016,20.1438848920863,20.1438848920863
"orng-01",6,2016,24.2857142857142,24.2857142857143
"orng-01",7,2016,23.7410071942446,23.7410071942446
"orng-01",8,2016,20.7142857142857,21.4285714285715
"orng-01",9,2016,21.4285714285714,21.4285714285714
"orng-01",10,2016,20.1438848920863,20.1438848920863
"orng-01",11,2016,27.536231884058,27.536231884058
"orng-01",12,2016,21.7391304347826,21.7391304347826
"orng-01",13,2016,22.1428571428571,22.1428571428571
"orng-01",14,2016,17.2661870503597,17.2661870503597
"orng-01",15,2016,19.5652173913043,19.5652173913043
"orng-01",16,2016,24.4604316546763,24.4604316546763
"orng-01",17,2016,23.5714285714286,23.5714285714286
"orng-01",18,2016,17.2661870503597,17.2661870503597
"orng-01",19,2016,32.3943661971831,32.3943661971831
"orng-01",20,2016,16.3120567375887,16.3120567375887
"orng-02",1,2016,17.2661870503597,17.2661870503597
"orng-02",2,2016,18.8405797101449,18.8405797101449
"orng-02",3,2016,17.2661870503597,17.2661870503597
"orng-02",4,2016,12.1428571428571,12.1428571428571
"orng-02",5,2016,22.4637681159421,22.4637681159421
"orng-02",6,2016,22.3021582733813,23.0215827338129
"orng-02",7,2016,21.5827338129497,21.5827338129497
"orng-02",8,2016,38.1294964028777,38.1294964028777
"orng-02",9,2016,23.0215827338129,23.0215827338129
"orng-02",10,2016,14.2857142857143,14.2857142857143
"orng-02",11,2016,20.2898550724638,20.2898550724638
"orng-02",12,2016,17.5182481751825,17.5182481751825
"orng-02",13,2016,21.0144927536232,21.0144927536232
"orng-02",14,2016,33.8129496402877,33.8129496402877
"orng-02",15,2016,16.4285714285714,16.4285714285714
"orng-02",16,2016,17.8571428571428,17.8571428571428
"orng-02",17,2016,12.7659574468085,12.7659574468085
"orng-02",18,2016,33.5766423357664,33.5766423357664
"orng-02",19,2016,28.2608695652174,28.2608695652174
"orng-02",20,2016,16.5467625899281,16.5467625899281
"orng-03",1,2016,35.7664233576643,36.4963503649635
"orng-03",2,2016,26.4285714285714,26.4285714285714
"orng-03",3,2016,30.9352517985612,30.9352517985612
"orng-03",4,2016,32.1428571428572,32.1428571428572
"orng-03",5,2016,18.705035971223,18.705035971223
"orng-03",6,2016,23.9130434782609,23.9130434782609
"orng-03",7,2016,55,55
"orng-03",8,2016,29.8611111111111,29.8611111111111
"orng-03",9,2016,30.7142857142857,30.7142857142857
"orng-03",10,2016,59.2857142857143,59.2857142857143
"orng-03",11,2016,97.1014492753623,97.8260869565217
"orng-03",12,2016,84.2857142857143,84.2857142857144
"orng-03",13,2016,36.4963503649635,36.4963503649635
"orng-03",14,2016,17.0212765957447,17.0212765957447
"orng-03",15,2016,25,26.4285714285714
"orng-03",16,2016,16.6666666666667,16.6666666666667
"orng-03",17,2016,21.1678832116788,21.1678832116788
"orng-03",18,2016,20.863309352518,20.863309352518
"orng-03",19,2016,14.6853146853147,17.4825174825175
"orng-03",20,2016,19.1489361702127,19.8581560283688
"orng-04",1,2016,100,100
"orng-04",2,2016,100,100
"orng-04",3,2016,77.536231884058,77.536231884058
"orng-04",4,2016,90.6474820143886,90.6474820143886
"orng-04",5,2016,82.9787234042552,82.9787234042554
"orng-04",6,2016,100,100
"orng-04",7,2016,77.6978417266188,77.6978417266188
"orng-04",8,2016,80.2816901408451,80.2816901408451
"orng-04",9,2016,60.7142857142857,61.4285714285714
"orng-04",10,2016,44.2857142857143,44.2857142857143
"orng-04",11,2016,17.0212765957447,17.0212765957447
"orng-04",12,2016,18.1159420289855,18.1159420289855
"orng-04",13,2016,34.2857142857143,34.2857142857143
"orng-04",14,2016,28.7769784172662,28.7769784172662
"orng-04",15,2016,39.2857142857143,40.7142857142857
"orng-04",16,2016,50.7246376811594,50.7246376811594
"orng-04",17,2016,15.3284671532847,16.0583941605839
"orng-04",18,2016,17.9856115107914,17.9856115107914
"orng-04",19,2016,21.7391304347826,21.7391304347826
"orng-04",20,2016,20,20
"orng-05",1,2016,15.2173913043478,15.2173913043478
"orng-05",2,2016,17.0212765957447,17.0212765957447
"orng-05",3,2016,31.2056737588652,31.2056737588652
"orng-05",4,2016,22.1428571428571,22.1428571428571
"orng-05",5,2016,22.8571428571429,23.5714285714286
"orng-05",6,2016,32.608695652174,32.608695652174
"orng-05",7,2016,31.6546762589928,31.6546762589928
"orng-05",8,2016,25.5474452554744,25.5474452554745
"orng-05",9,2016,16.6666666666666,16.6666666666666
"orng-05",10,2016,21.5827338129497,21.5827338129497
"orng-05",11,2016,18.5714285714285,18.5714285714285
"orng-05",12,2016,19.2857142857143,19.2857142857143
"orng-05",13,2016,24.4604316546763,24.4604316546763
"orng-05",14,2016,17.3611111111111,17.3611111111111
"orng-05",15,2016,17.8571428571429,19.2857142857143
"orng-05",16,2016,23.7410071942446,23.7410071942446
"orng-05",17,2016,32.1428571428571,32.1428571428571
"orng-05",18,2016,24.6376811594203,24.6376811594203
"orng-05",19,2016,24.8175182481752,24.8175182481752
"orng-05",20,2016,16.6666666666666,18.1159420289855
"orng-06",1,2016,17.8571428571428,17.8571428571429
"orng-06",2,2016,16.3120567375886,17.0212765957447
"orng-06",3,2016,23.5714285714285,25
"orng-06",4,2016,16.6666666666667,16.6666666666667
"orng-06",5,2016,25,25
"orng-06",6,2016,45.3237410071942,45.3237410071942
"orng-06",7,2016,69.3430656934307,69.3430656934307
"orng-06",8,2016,48.936170212766,48.936170212766
"orng-06",9,2016,32.1428571428571,32.1428571428572
"orng-06",10,2016,69.3430656934307,69.3430656934307
"orng-06",11,2016,90.6474820143885,90.6474820143885
"orng-06",12,2016,86.2318840579711,87.6811594202899
"orng-06",13,2016,30.2158273381295,30.2158273381295
"orng-06",14,2016,54.6099290780141,54.6099290780142
"orng-06",15,2016,90.6474820143885,90.6474820143885
"orng-06",16,2016,74.6376811594203,74.6376811594203
"orng-06",17,2016,56.8345323741007,56.8345323741007
"orng-06",18,2016,47.4820143884892,47.4820143884893
"orng-06",19,2016,24.8175182481752,24.8175182481752
"orng-06",20,2016,42.8571428571428,43.5714285714285
"orng-07",1,2016,51.0791366906475,51.0791366906475
"orng-07",2,2016,41.3043478260869,41.3043478260869
"orng-07",3,2016,21.0144927536232,21.0144927536232
"orng-07",4,2016,24.6376811594203,24.6376811594203
"orng-07",5,2016,23.021582733813,23.7410071942447
"orng-07",6,2016,19.5652173913044,19.5652173913044
"orng-07",7,2016,18.1159420289855,18.8405797101449
"orng-07",8,2016,18.705035971223,18.705035971223
"orng-07",9,2016,32.3741007194244,32.3741007194244
"orng-07",10,2016,21.8309859154929,22.5352112676056
"orng-07",11,2016,16.6666666666666,16.6666666666666
"orng-07",12,2016,13.6690647482014,13.6690647482014
"orng-07",13,2016,27.4647887323944,28.1690140845071
"orng-07",14,2016,20.2898550724638,20.2898550724638
"orng-07",15,2016,44.9275362318841,49.2753623188406
"orng-07",16,2016,33.5714285714285,34.2857142857142
"orng-07",17,2016,16.6666666666667,16.6666666666667
"orng-07",18,2016,20.863309352518,20.863309352518
"orng-07",19,2016,41.0071942446044,41.0071942446044
"orng-07",20,2016,16.3120567375887,16.3120567375887
"orng-08",1,2016,27.8571428571428,27.8571428571428
"orng-08",2,2016,26.0869565217392,26.0869565217392
"orng-08",3,2016,27.3381294964029,27.3381294964029
"orng-08",4,2016,43.5714285714286,43.5714285714286
"orng-08",5,2016,17.8571428571428,17.8571428571429
"orng-08",6,2016,18.5714285714285,18.5714285714286
"orng-08",7,2016,23.0215827338129,23.0215827338129
"orng-08",8,2016,30.4964539007092,30.4964539007092
"orng-08",9,2016,27.536231884058,27.536231884058
"orng-08",10,2016,35,35
"orng-08",11,2016,15.7142857142857,15.7142857142857
"orng-08",12,2016,17.8571428571429,18.5714285714286
"orng-08",13,2016,16.4285714285714,16.4285714285714
"orng-08",14,2016,20.7142857142857,22.1428571428571
"orng-08",15,2016,20.863309352518,20.863309352518
"orng-08",16,2016,18.4397163120568,18.4397163120568
"orng-08",17,2016,19.2857142857143,19.2857142857143
"orng-08",18,2016,20.1438848920863,20.1438848920863
"orng-08",19,2016,35.7142857142857,35.7142857142857
"orng-08",20,2016,17.1428571428571,17.1428571428571
"orng-09",1,2016,27.1428571428571,27.1428571428571
"orng-09",2,2016,20.5673758865248,20.5673758865248
"orng-09",3,2016,25,25
"orng-09",4,2016,12.2302158273381,12.2302158273382
"orng-09",5,2016,23.9130434782609,23.9130434782609
"orng-09",6,2016,15.9420289855072,16.6666666666666
"orng-09",7,2016,36.1702127659574,37.5886524822695
"orng-09",8,2016,27.536231884058,27.536231884058
"orng-09",9,2016,20.2898550724637,20.2898550724637
"orng-09",10,2016,26.4285714285714,26.4285714285714
"orng-09",11,2016,17.8571428571429,17.8571428571429
"orng-09",12,2016,17.1428571428571,17.1428571428571
"orng-09",13,2016,20.1438848920864,20.863309352518
"orng-09",14,2016,17.1428571428572,17.1428571428572
"orng-09",15,2016,23.1884057971014,23.1884057971015
"orng-09",16,2016,20.1438848920864,21.5827338129497
"orng-09",17,2016,32.8571428571428,33.5714285714285
"orng-09",18,2016,29.2857142857143,29.2857142857143
"orng-09",19,2016,26.4285714285714,26.4285714285714
"orng-09",20,2016,24.822695035461,24.822695035461
"orng-10",1,2016,35,35
"orng-10",2,2016,21.5827338129497,21.5827338129497
"orng-10",3,2016,49.2753623188406,49.2753623188406
"orng-10",4,2016,31.6546762589928,32.3741007194245
"orng-10",5,2016,34.2857142857143,34.2857142857143
"orng-10",6,2016,31.6546762589928,31.6546762589928
"orng-10",7,2016,32.6388888888889,32.6388888888889
"orng-10",8,2016,21.0144927536232,21.0144927536232
"orng-10",9,2016,25.3623188405797,25.3623188405797
"orng-10",10,2016,70.2127659574468,70.2127659574468
"orng-10",11,2016,67.1428571428572,67.1428571428572
"orng-10",12,2016,66.6666666666667,66.6666666666667
"orng-10",13,2016,41.958041958042,41.958041958042
"orng-10",14,2016,21.5827338129496,21.5827338129496
"orng-10",15,2016,19.8581560283688,19.8581560283688
"orng-10",16,2016,30.9352517985612,30.9352517985612
"orng-10",17,2016,27.5362318840579,27.5362318840579
"orng-10",18,2016,19.5804195804196,19.5804195804196
"orng-10",19,2016,33.5766423357665,33.5766423357665
"orng-10",20,2016,51.4492753623188,51.4492753623188
"orng-11",1,2016,25.1798561151079,25.1798561151079
"orng-11",2,2016,20.7142857142857,20.7142857142857
"orng-11",3,2016,25.8992805755396,25.8992805755396
"orng-11",4,2016,22.3021582733813,22.3021582733813
"orng-11",5,2016,40.4255319148937,40.4255319148937
"orng-11",6,2016,35.9712230215828,35.9712230215828
"orng-11",7,2016,24.6376811594203,24.6376811594203
"orng-11",8,2016,23.5714285714286,23.5714285714286
"orng-11",9,2016,28.5714285714285,28.5714285714285
"orng-11",10,2016,23.0215827338129,23.0215827338129
"orng-11",11,2016,32.1428571428571,32.1428571428571
"orng-11",12,2016,16.3120567375887,16.3120567375887
"orng-11",13,2016,24.6376811594203,24.6376811594203
"orng-11",14,2016,21.0144927536232,21.7391304347826
"orng-11",15,2016,22.6950354609929,22.6950354609929
"orng-11",16,2016,22.3021582733813,23.021582733813
"orng-11",17,2016,28.4722222222222,29.1666666666666
"orng-11",18,2016,27.3381294964029,28.0575539568345
"orng-11",19,2016,19.4244604316547,19.4244604316547
"orng-11",20,2016,23.404255319149,23.404255319149
"orng-12",1,2016,32.3741007194245,32.3741007194245
"orng-12",2,2016,28.6713286713287,28.6713286713287
"orng-12",3,2016,27.3381294964029,27.3381294964029
"orng-12",4,2016,40,40
"orng-12",5,2016,41.3043478260869,41.3043478260869
"orng-12",6,2016,74.468085106383,74.468085106383
"orng-12",7,2016,100,100
"orng-12",8,2016,97.2027972027973,97.2027972027973
"orng-12",9,2016,95.7142857142857,95.7142857142858
"orng-12",10,2016,100,100
"orng-12",11,2016,100,100
"orng-12",12,2016,100,100
"orng-12",13,2016,98.5611510791367,98.5611510791367
"orng-12",14,2016,97.1631205673758,97.1631205673759
"orng-12",15,2016,77.536231884058,77.536231884058
"orng-12",16,2016,25.8992805755396,25.8992805755396
"orng-12",17,2016,35.2517985611511,35.2517985611511
"orng-12",18,2016,59.2857142857143,59.2857142857143
"orng-12",19,2016,23.9130434782608,23.9130434782608
"orng-12",20,2016,23.5714285714286,23.5714285714286
"cthm-01",1,2017,24.4604316546763,25.1798561151079
"cthm-01",2,2017,18.8405797101449,18.8405797101449
"cthm-01",3,2017,32.1428571428572,32.1428571428572
"cthm-01",4,2017,36.4285714285714,36.4285714285714
"cthm-01",5,2017,50.0000000000001,50.0000000000001
"cthm-01",6,2017,45.2554744525547,45.2554744525547
"cthm-01",7,2017,25.6944444444445,26.3888888888889
"cthm-01",8,2017,18.75,18.75
"cthm-01",9,2017,19.8581560283688,19.8581560283688
"cthm-01",10,2017,27.3381294964029,27.3381294964029
"cthm-01",11,2017,41.6058394160584,41.6058394160584
"cthm-01",12,2017,39.8550724637682,39.8550724637682
"cthm-01",13,2017,29.2857142857142,29.2857142857142
"cthm-01",14,2017,17.3913043478261,18.1159420289855
"cthm-01",15,2017,40.5797101449275,40.5797101449276
"cthm-01",16,2017,42.8571428571429,42.8571428571429
"cthm-01",17,2017,28.0575539568346,28.7769784172662
"cthm-01",18,2017,41.3043478260869,41.3043478260869
"cthm-01",19,2017,34.0425531914894,34.0425531914894
"cthm-01",20,2017,53.2374100719425,53.2374100719425
"cthm-02",1,2017,13.6690647482015,13.6690647482015
"cthm-02",2,2017,16.4285714285714,16.4285714285714
"cthm-02",3,2017,24.2857142857143,24.2857142857143
"cthm-02",4,2017,13.0434782608696,13.0434782608696
"cthm-02",5,2017,90.5109489051094,90.5109489051095
"cthm-02",6,2017,79.8611111111111,79.8611111111111
"cthm-02",7,2017,44.6043165467627,44.6043165467627
"cthm-02",8,2017,58.9928057553957,58.9928057553957
"cthm-02",9,2017,28.9855072463768,28.9855072463768
"cthm-02",10,2017,22.1428571428571,22.1428571428572
"cthm-02",11,2017,32.8467153284671,32.8467153284671
"cthm-02",12,2017,22.463768115942,22.463768115942
"cthm-02",13,2017,7.97101449275362,7.97101449275362
"cthm-02",14,2017,25.8992805755395,27.3381294964028
"cthm-02",15,2017,57.1428571428571,57.1428571428571
"cthm-02",16,2017,20.2898550724637,20.2898550724638
"cthm-02",17,2017,27.1428571428571,27.1428571428571
"cthm-02",18,2017,23.7410071942446,24.4604316546763
"cthm-02",19,2017,46.3768115942029,46.3768115942029
"cthm-02",20,2017,24.2857142857143,24.2857142857143
"cthm-03",1,2017,31.4285714285714,31.4285714285714
"cthm-03",2,2017,25.7142857142857,25.7142857142857
"cthm-03",3,2017,48.2517482517483,48.2517482517483
"cthm-03",4,2017,42.3611111111111,42.3611111111111
"cthm-03",5,2017,57.5539568345324,57.5539568345324
"cthm-03",6,2017,27.3381294964029,27.3381294964029
"cthm-03",7,2017,90.7142857142857,90.7142857142858
"cthm-03",8,2017,32.8571428571429,32.8571428571429
"cthm-03",9,2017,14.2857142857143,14.2857142857143
"cthm-03",10,2017,18.705035971223,20.1438848920864
"cthm-03",11,2017,21.7391304347826,21.7391304347826
"cthm-03",12,2017,17.2661870503597,17.9856115107914
"cthm-03",13,2017,16.4285714285714,17.1428571428571
"cthm-03",14,2017,20,20
"cthm-03",15,2017,20,23.5714285714286
"cthm-03",16,2017,18.7050359712231,20.1438848920864
"cthm-03",17,2017,21.5827338129496,21.5827338129496
"cthm-03",18,2017,19.1489361702127,19.1489361702128
"cthm-03",19,2017,39.2857142857143,39.2857142857143
"cthm-03",20,2017,21.9858156028369,22.6950354609929
"cthm-04",2,2017,19.1489361702128,19.1489361702128
"cthm-04",3,2017,19.5652173913043,19.5652173913043
"cthm-04",4,2017,9.28571428571429,9.28571428571429
"cthm-04",5,2017,21.4285714285714,21.4285714285714
"cthm-04",6,2017,29.2857142857143,29.2857142857143
"cthm-04",7,2017,13.6690647482014,13.6690647482014
"cthm-04",8,2017,20,20
"cthm-04",9,2017,72.463768115942,72.463768115942
"cthm-04",10,2017,44.2028985507246,44.2028985507246
"cthm-04",11,2017,57.5539568345324,57.5539568345324
"cthm-04",12,2017,15.8273381294964,15.8273381294964
"cthm-04",13,2017,17.8571428571428,17.8571428571428
"cthm-04",14,2017,27.1428571428571,27.8571428571428
"cthm-04",15,2017,8.57142857142857,8.57142857142857
"cthm-04",16,2017,4.31654676258993,4.31654676258993
"cthm-04",17,2017,18.8405797101449,18.8405797101449
"cthm-04",18,2017,20,20.7142857142857
"cthm-04",19,2017,21.5827338129496,21.5827338129496
"cthm-04",20,2017,17.2661870503597,17.2661870503597
"cthm-05",1,2017,21.0144927536232,21.0144927536232
"cthm-05",2,2017,21.4285714285714,21.4285714285714
"cthm-05",3,2017,16.5467625899281,16.5467625899281
"cthm-05",4,2017,12.9496402877698,13.6690647482015
"cthm-05",5,2017,12.8571428571429,15
"cthm-05",6,2017,14.3884892086331,14.3884892086331
"cthm-05",7,2017,18.75,18.75
"cthm-05",8,2017,17.2661870503597,17.2661870503597
"cthm-05",9,2017,17.8571428571429,18.5714285714286
"cthm-05",10,2017,18.8405797101449,18.8405797101449
"cthm-05",11,2017,24.2857142857143,24.2857142857143
"cthm-05",12,2017,16.5467625899281,16.5467625899281
"cthm-05",13,2017,21.1678832116788,21.1678832116788
"cthm-05",14,2017,15.6028368794326,15.6028368794326
"cthm-05",15,2017,18.8811188811189,18.8811188811189
"cthm-05",16,2017,29.1970802919708,29.1970802919708
"cthm-05",17,2017,20.8333333333334,20.8333333333334
"cthm-05",18,2017,14.1843971631205,15.6028368794326
"cthm-05",19,2017,18.8405797101449,18.8405797101449
"cthm-05",20,2017,23.7410071942447,23.7410071942447
"cthm-06",1,2017,33.3333333333333,34.0579710144927
"cthm-06",2,2017,33.5714285714286,33.5714285714286
"cthm-06",3,2017,18.705035971223,18.705035971223
"cthm-06",4,2017,24.4604316546763,24.4604316546763
"cthm-06",5,2017,15.7142857142857,15.7142857142857
"cthm-06",6,2017,18.705035971223,19.4244604316547
"cthm-06",7,2017,27.3381294964029,27.3381294964029
"cthm-06",8,2017,28.5714285714286,28.5714285714286
"cthm-06",9,2017,17.1428571428571,19.2857142857143
"cthm-06",10,2017,21.7391304347826,21.7391304347826
"cthm-06",11,2017,29.4964028776979,29.4964028776979
"cthm-06",12,2017,20,20
"cthm-06",13,2017,42.8571428571428,42.8571428571428
"cthm-06",14,2017,23.021582733813,23.021582733813
"cthm-06",15,2017,24.113475177305,24.113475177305
"cthm-06",16,2017,24.4604316546763,24.4604316546763
"cthm-06",17,2017,16.5467625899281,16.5467625899281
"cthm-06",18,2017,20.5673758865249,20.5673758865249
"cthm-06",19,2017,20.1438848920863,20.1438848920863
"cthm-06",20,2017,17.2661870503598,17.2661870503598
"cthm-07",1,2017,21.0144927536232,21.0144927536232
"cthm-07",2,2017,15.7142857142857,19.2857142857143
"cthm-07",3,2017,26.4285714285715,29.2857142857143
"cthm-07",4,2017,5.79710144927536,14.4927536231884
"cthm-07",5,2017,15.1079136690647,16.5467625899281
"cthm-07",6,2017,14.8936170212766,17.0212765957447
"cthm-07",7,2017,17.1428571428571,17.1428571428571
"cthm-07",8,2017,15,17.1428571428571
"cthm-07",9,2017,25.531914893617,26.241134751773
"cthm-07",10,2017,20.1438848920864,20.1438848920864
"cthm-07",11,2017,18.705035971223,18.705035971223
"cthm-07",12,2017,15.1079136690647,15.1079136690647
"cthm-07",13,2017,22.463768115942,22.463768115942
"cthm-07",14,2017,16.6666666666667,16.6666666666667
"cthm-07",15,2017,28.0575539568346,28.0575539568346
"cthm-07",16,2017,18.5714285714286,18.5714285714286
"cthm-07",17,2017,17.3913043478261,17.3913043478261
"cthm-07",18,2017,17.8571428571428,17.8571428571428
"cthm-07",19,2017,16.0583941605839,16.0583941605839
"cthm-07",20,2017,20.8333333333333,20.8333333333333
"cthm-08",1,2017,17.8571428571428,17.8571428571428
"cthm-08",2,2017,47.5177304964539,47.5177304964539
"cthm-08",3,2017,35,35
"cthm-08",4,2017,24.4604316546763,24.4604316546763
"cthm-08",5,2017,23.6111111111111,23.6111111111111
"cthm-08",6,2017,26.6187050359712,26.6187050359712
"cthm-08",7,2017,34.0579710144927,34.0579710144927
"cthm-08",8,2017,27.1428571428571,27.1428571428571
"cthm-08",9,2017,19.2857142857142,19.2857142857142
"cthm-08",10,2017,16.4285714285715,17.1428571428572
"cthm-08",11,2017,31.6546762589928,31.6546762589928
"cthm-08",12,2017,18.705035971223,18.705035971223
"cthm-08",13,2017,15.9420289855072,15.9420289855072
"cthm-08",14,2017,21.5827338129497,22.3021582733813
"cthm-08",15,2017,17.9856115107914,17.9856115107914
"cthm-08",16,2017,15.2173913043478,15.2173913043478
"cthm-08",17,2017,19.2857142857143,19.2857142857143
"cthm-08",18,2017,15.2777777777778,15.2777777777778
"cthm-08",19,2017,15.1079136690647,16.5467625899281
"cthm-08",20,2017,29.9270072992701,29.9270072992701
"cthm-09",1,2017,20.7142857142857,20.7142857142857
"cthm-09",2,2017,25.1798561151079,25.1798561151079
"cthm-09",3,2017,40.7142857142857,41.4285714285714
"cthm-09",4,2017,35.2112676056338,35.2112676056338
"cthm-09",5,2017,46.7153284671533,46.7153284671533
"cthm-09",6,2017,28.0575539568345,28.0575539568345
"cthm-09",7,2017,21.7391304347826,21.7391304347826
"cthm-09",8,2017,35.2517985611511,35.2517985611511
"cthm-09",9,2017,35.2517985611511,35.2517985611511
"cthm-09",10,2017,36.6906474820144,36.6906474820144
"cthm-09",11,2017,34.2857142857143,34.2857142857143
"cthm-09",12,2017,20.5673758865248,20.5673758865248
"cthm-09",13,2017,21.0144927536232,21.0144927536232
"cthm-09",14,2017,12.8571428571429,12.8571428571429
"cthm-09",15,2017,27.6595744680851,27.6595744680851
"cthm-09",16,2017,17.2661870503597,17.2661870503597
"cthm-09",17,2017,20.863309352518,20.863309352518
"cthm-09",18,2017,26.4285714285715,26.4285714285715
"cthm-09",19,2017,17.8571428571428,17.8571428571428
"cthm-09",20,2017,21.0144927536232,21.0144927536232
"cthm-10",1,2017,24.6376811594203,25.3623188405797
"cthm-10",2,2017,30.7142857142857,31.4285714285715
"cthm-10",3,2017,23.021582733813,23.7410071942446
"cthm-10",4,2017,24.2857142857143,27.8571428571429
"cthm-10",5,2017,39.2857142857142,39.2857142857142
"cthm-10",6,2017,36.9565217391304,36.9565217391304
"cthm-10",7,2017,23.7410071942446,23.7410071942446
"cthm-10",8,2017,27.1428571428571,27.1428571428571
"cthm-10",9,2017,30.6569343065693,30.6569343065693
"cthm-10",10,2017,17.9856115107914,17.9856115107914
"cthm-10",11,2017,24.8175182481752,24.8175182481752
"cthm-10",12,2017,31.2056737588653,31.2056737588653
"cthm-10",13,2017,28.7769784172662,28.7769784172662
"cthm-10",14,2017,66.1870503597123,66.1870503597123
"cthm-10",15,2017,30.4347826086956,30.4347826086956
"cthm-10",16,2017,93.4782608695652,93.4782608695653
"cthm-10",17,2017,95.7142857142857,95.7142857142857
"cthm-10",18,2017,34.5070422535211,34.5070422535211
"cthm-10",19,2017,23.5714285714286,23.5714285714286
"cthm-10",20,2017,20.863309352518,20.863309352518
"cthm-11",1,2017,18.8405797101449,20.2898550724637
"cthm-11",2,2017,29.2857142857143,29.2857142857143
"cthm-11",3,2017,26.4285714285714,26.4285714285714
"cthm-11",4,2017,23.021582733813,23.021582733813
"cthm-11",5,2017,15.9420289855072,15.9420289855072
"cthm-11",6,2017,18.5714285714285,19.2857142857142
"cthm-11",7,2017,27.536231884058,27.536231884058
"cthm-11",8,2017,16.3120567375887,17.0212765957447
"cthm-11",9,2017,25,25
"cthm-11",10,2017,18.705035971223,18.705035971223
"cthm-11",11,2017,38.4615384615385,38.4615384615385
"cthm-11",12,2017,13.986013986014,13.986013986014
"cthm-11",13,2017,21.2765957446809,21.2765957446809
"cthm-11",14,2017,15.2777777777777,18.0555555555556
"cthm-11",15,2017,15,15
"cthm-11",16,2017,28.0575539568346,28.0575539568346
"cthm-11",17,2017,30.9352517985611,30.9352517985611
"cthm-11",18,2017,27.0833333333333,27.0833333333333
"cthm-11",19,2017,18.4397163120567,18.4397163120567
"cthm-11",20,2017,45,45
"cthm-12",1,2017,30.4347826086956,32.6086956521739
"cthm-12",2,2017,15.9722222222222,17.3611111111111
"cthm-12",3,2017,17.2661870503597,17.2661870503597
"cthm-12",4,2017,36.6906474820144,36.6906474820144
"cthm-12",5,2017,18.1159420289855,18.8405797101449
"cthm-12",6,2017,36.8794326241135,36.8794326241135
"cthm-12",7,2017,20,20
"cthm-12",8,2017,16.6666666666667,17.3611111111111
"cthm-12",9,2017,19.8581560283688,19.8581560283688
"cthm-12",10,2017,32.8467153284672,32.8467153284672
"cthm-12",11,2017,21.5827338129496,21.5827338129496
"cthm-12",12,2017,26.8115942028985,26.8115942028985
"cthm-12",13,2017,15.7142857142857,15.7142857142857
"cthm-12",14,2017,15.7142857142857,15.7142857142857
"cthm-12",15,2017,15.7142857142857,15.7142857142857
"cthm-12",16,2017,32.1428571428571,32.1428571428571
"cthm-12",17,2017,15.9420289855072,15.9420289855072
"cthm-12",18,2017,53.6231884057971,53.6231884057971
"cthm-12",19,2017,23.5714285714286,23.5714285714286
"cthm-12",20,2017,39.2857142857143,39.2857142857143
"cthm-13",1,2017,26.3888888888888,26.3888888888888
"cthm-13",2,2017,23.9130434782609,23.9130434782609
"cthm-13",3,2017,25.8992805755396,25.8992805755396
"cthm-13",4,2017,16.6666666666666,23.6111111111111
"cthm-13",5,2017,29.7101449275362,29.7101449275363
"cthm-13",6,2017,22.8571428571428,22.8571428571428
"cthm-13",7,2017,47.5177304964539,48.936170212766
"cthm-13",8,2017,35.9712230215828,35.9712230215828
"cthm-13",9,2017,100,100
"cthm-13",10,2017,100,100
"cthm-13",11,2017,100,100
"cthm-13",12,2017,78.1021897810219,78.1021897810219
"cthm-13",13,2017,38.4615384615385,38.4615384615385
"cthm-13",14,2017,23.021582733813,23.021582733813
"cthm-13",15,2017,30,30
"cthm-13",16,2017,52.5547445255475,52.5547445255475
"cthm-13",17,2017,33.3333333333333,33.3333333333333
"cthm-13",18,2017,16.5467625899281,18.705035971223
"cthm-13",19,2017,22.463768115942,22.463768115942
"cthm-13",20,2017,16.4285714285714,16.4285714285714
"cthm-14",1,2017,45.6521739130435,45.6521739130435
"cthm-14",2,2017,22.463768115942,23.1884057971015
"cthm-14",3,2017,20.2797202797203,20.2797202797203
"cthm-14",4,2017,31.4685314685315,31.4685314685315
"cthm-14",5,2017,36.8794326241135,36.8794326241135
"cthm-14",6,2017,28.3687943262411,28.3687943262411
"cthm-14",7,2017,18.2481751824817,18.2481751824817
"cthm-14",8,2017,17.2661870503597,17.2661870503597
"cthm-14",9,2017,20,20
"cthm-14",10,2017,27.3381294964029,28.0575539568345
"cthm-14",11,2017,34.0579710144927,34.0579710144927
"cthm-14",12,2017,37.8571428571429,37.8571428571429
"cthm-14",13,2017,31.4285714285715,31.4285714285715
"cthm-14",14,2017,30.7142857142857,30.7142857142857
"cthm-14",15,2017,14.3884892086331,14.3884892086331
"cthm-14",16,2017,28.9855072463768,28.9855072463768
"cthm-14",17,2017,22.3021582733813,22.3021582733813
"cthm-14",18,2017,18.705035971223,19.4244604316547
"cthm-14",19,2017,22.463768115942,22.463768115942
"cthm-14",20,2017,31.2056737588653,31.2056737588653
"drhm-01",1,2017,17.9856115107914,17.9856115107914
"drhm-01",2,2017,22.3021582733813,22.3021582733813
"drhm-01",3,2017,25.8992805755396,25.8992805755396
"drhm-01",4,2017,27.1428571428572,27.1428571428572
"drhm-01",5,2017,21.2765957446809,21.2765957446809
"drhm-01",6,2017,32.6241134751773,32.6241134751773
"drhm-01",7,2017,23.404255319149,23.404255319149
"drhm-01",8,2017,17.9856115107914,17.9856115107914
"drhm-01",9,2017,17.0212765957447,17.0212765957447
"drhm-01",10,2017,24.6376811594203,25.3623188405797
"drhm-01",11,2017,15,15.7142857142857
"drhm-01",12,2017,24.4604316546762,24.4604316546763
"drhm-01",13,2017,13.6690647482014,15.1079136690647
"drhm-01",14,2017,14.5985401459854,14.5985401459854
"drhm-01",15,2017,20.7142857142857,20.7142857142857
"drhm-01",16,2017,19.8581560283688,19.8581560283688
"drhm-01",17,2017,22.3021582733813,22.3021582733813
"drhm-01",18,2017,19.2857142857142,19.2857142857142
"drhm-01",19,2017,21.7391304347826,21.7391304347826
"drhm-01",20,2017,23.1884057971014,23.9130434782609
"drhm-02",1,2017,21.8309859154929,21.830985915493
"drhm-02",2,2017,27.1428571428572,27.1428571428572
"drhm-02",3,2017,37.6811594202899,37.6811594202899
"drhm-02",4,2017,29.2857142857143,29.2857142857143
"drhm-02",5,2017,29.2857142857143,29.2857142857143
"drhm-02",6,2017,24.0875912408759,24.0875912408759
"drhm-02",7,2017,36.6906474820144,36.6906474820144
"drhm-02",8,2017,20.1388888888889,20.1388888888889
"drhm-02",9,2017,24.113475177305,24.113475177305
"drhm-02",10,2017,11.5107913669065,11.5107913669065
"drhm-02",11,2017,18.1159420289855,18.1159420289855
"drhm-02",12,2017,26.8115942028985,26.8115942028985
"drhm-02",13,2017,17.1428571428571,17.1428571428571
"drhm-02",14,2017,20.2898550724638,20.2898550724638
"drhm-02",15,2017,17.1428571428571,17.1428571428572
"drhm-02",16,2017,23.404255319149,23.404255319149
"drhm-02",17,2017,26.4285714285714,26.4285714285714
"drhm-02",18,2017,20.863309352518,20.863309352518
"drhm-02",19,2017,23.404255319149,23.404255319149
"drhm-02",20,2017,24.6376811594203,24.6376811594203
"drhm-03",1,2017,99.9999999999999,100
"drhm-03",2,2017,100,100
"drhm-03",3,2017,100,100
"drhm-03",4,2017,100,100
"drhm-03",5,2017,100,100
"drhm-03",6,2017,97.1428571428572,97.8571428571429
"drhm-03",7,2017,80,80
"drhm-03",8,2017,100,100
"drhm-03",9,2017,93.5714285714286,93.5714285714286
"drhm-03",10,2017,87.8571428571429,87.8571428571429
"drhm-03",11,2017,18.7050359712231,18.7050359712231
"drhm-03",12,2017,21.5827338129497,21.5827338129497
"drhm-03",13,2017,100,100
"drhm-03",14,2017,99.9999999999999,100
"drhm-03",15,2017,70.8333333333333,70.8333333333334
"drhm-03",16,2017,87.1428571428571,87.8571428571429
"drhm-03",17,2017,97.1428571428571,97.1428571428572
"drhm-03",18,2017,65.4676258992806,65.4676258992806
"drhm-03",19,2017,32.3741007194244,32.3741007194245
"drhm-03",20,2017,25.8992805755395,25.8992805755395
"drhm-04",1,2017,95.1388888888888,95.138888888889
"drhm-04",2,2017,67.1428571428571,67.1428571428571
"drhm-04",3,2017,40.5797101449276,40.5797101449276
"drhm-04",4,2017,20,20
"drhm-04",5,2017,86.231884057971,86.231884057971
"drhm-04",6,2017,30,30
"drhm-04",7,2017,28.3687943262411,28.3687943262411
"drhm-04",8,2017,44.9275362318841,44.9275362318841
"drhm-04",9,2017,25,25
"drhm-04",10,2017,15.2173913043478,15.2173913043478
"drhm-04",11,2017,17.1428571428571,17.1428571428571
"drhm-04",12,2017,29.2857142857142,29.2857142857143
"drhm-04",13,2017,35.2517985611511,35.9712230215827
"drhm-04",14,2017,15.7142857142857,15.7142857142857
"drhm-04",15,2017,16.1971830985915,16.1971830985915
"drhm-04",16,2017,25.7142857142857,26.4285714285714
"drhm-04",17,2017,46.0431654676259,46.0431654676259
"drhm-04",18,2017,17.0212765957446,17.0212765957446
"drhm-04",19,2017,21.7391304347826,21.7391304347826
"drhm-04",20,2017,94.2446043165468,94.2446043165468
"drhm-05",1,2017,27.8571428571429,27.8571428571429
"drhm-05",2,2017,27.8571428571428,27.8571428571428
"drhm-05",3,2017,38.1294964028777,38.1294964028777
"drhm-05",4,2017,47.1428571428572,47.1428571428572
"drhm-05",5,2017,81.159420289855,83.3333333333333
"drhm-05",6,2017,100,100
"drhm-05",7,2017,54.1666666666667,54.1666666666667
"drhm-05",8,2017,81.8840579710146,81.8840579710146
"drhm-05",9,2017,70,71.4285714285715
"drhm-05",10,2017,64.7482014388489,64.7482014388489
"drhm-05",11,2017,53.1914893617021,53.1914893617021
"drhm-05",12,2017,65.9420289855072,65.9420289855073
"drhm-05",13,2017,98.5714285714285,98.5714285714286
"drhm-05",14,2017,100,100
"drhm-05",15,2017,100,100
"drhm-05",16,2017,99.9999999999999,100
"drhm-05",17,2017,100,100
"drhm-05",18,2017,51.0638297872341,51.0638297872341
"drhm-05",19,2017,56.5217391304348,56.5217391304348
"drhm-05",20,2017,36.4285714285714,36.4285714285714
"drhm-06",1,2017,68.75,68.75
"drhm-06",2,2017,87.6811594202899,87.6811594202899
"drhm-06",3,2017,100,100
"drhm-06",4,2017,98.5507246376812,98.5507246376812
"drhm-06",5,2017,100,100
"drhm-06",6,2017,84.1726618705036,84.1726618705036
"drhm-06",7,2017,87.1428571428572,89.2857142857143
"drhm-06",8,2017,77.8571428571429,77.8571428571429
"drhm-06",9,2017,75.5395683453238,75.5395683453238
"drhm-06",10,2017,72.8571428571428,72.8571428571429
"drhm-06",11,2017,57.2463768115942,57.2463768115942
"drhm-06",12,2017,100,100
"drhm-06",13,2017,73.3812949640287,73.3812949640288
"drhm-06",14,2017,73.7588652482269,73.7588652482269
"drhm-06",15,2017,69.5035460992907,69.5035460992907
"drhm-06",16,2017,92.1428571428571,92.1428571428572
"drhm-06",17,2017,86.9565217391304,86.9565217391304
"drhm-06",18,2017,100,100
"drhm-06",19,2017,94.4444444444444,94.4444444444444
"drhm-06",20,2017,95.7142857142857,95.7142857142858
"drhm-07",1,2017,89.2857142857143,90
"drhm-07",2,2017,67.1532846715329,67.1532846715329
"drhm-07",3,2017,42.8571428571428,42.8571428571428
"drhm-07",4,2017,50.3649635036496,50.3649635036496
"drhm-07",5,2017,96.3503649635037,96.3503649635037
"drhm-07",6,2017,84.7222222222221,84.7222222222222
"drhm-07",7,2017,88.5714285714286,88.5714285714286
"drhm-07",8,2017,64.7482014388489,64.7482014388489
"drhm-07",9,2017,77.536231884058,77.536231884058
"drhm-07",10,2017,15.9420289855073,15.9420289855073
"drhm-07",11,2017,22.1428571428571,22.1428571428571
"drhm-07",12,2017,17.3611111111111,19.4444444444445
"drhm-07",13,2017,16.3120567375887,16.3120567375887
"drhm-07",14,2017,17.8571428571428,18.5714285714285
"drhm-07",15,2017,16.3120567375887,16.3120567375887
"drhm-07",16,2017,22.6277372262774,22.6277372262774
"drhm-07",17,2017,35.7664233576642,35.7664233576642
"drhm-07",18,2017,35.5072463768116,35.5072463768116
"drhm-07",19,2017,26.4285714285715,26.4285714285715
"drhm-07",20,2017,26.4285714285715,26.4285714285715
"drhm-08",1,2017,67.1428571428571,67.1428571428571
"drhm-08",2,2017,33.0935251798561,33.0935251798561
"drhm-08",3,2017,21.4285714285714,21.4285714285714
"drhm-08",4,2017,18.0555555555555,18.0555555555555
"drhm-08",5,2017,18.5714285714286,20.7142857142857
"drhm-08",6,2017,18.1159420289855,18.1159420289855
"drhm-08",7,2017,29.1970802919708,29.1970802919708
"drhm-08",8,2017,90.6474820143885,90.6474820143885
"drhm-08",9,2017,75,75
"drhm-08",10,2017,73.3812949640288,73.3812949640288
"drhm-08",11,2017,57.1428571428572,57.1428571428572
"drhm-08",12,2017,77.536231884058,77.536231884058
"drhm-08",13,2017,32.6086956521739,32.6086956521739
"drhm-08",14,2017,76.6423357664234,76.6423357664234
"drhm-08",15,2017,70.2898550724638,71.0144927536232
"drhm-08",16,2017,33.0935251798561,33.0935251798561
"drhm-08",17,2017,36.231884057971,36.231884057971
"drhm-08",18,2017,29.2857142857143,29.2857142857143
"drhm-08",19,2017,55.3956834532374,56.115107913669
"drhm-08",20,2017,47.1428571428572,47.1428571428572
"orng-01",1,2017,32.6241134751773,32.6241134751773
"orng-01",2,2017,18.8405797101449,18.8405797101449
"orng-01",3,2017,35.7142857142857,35.7142857142857
"orng-01",4,2017,39.5833333333333,39.5833333333333
"orng-01",5,2017,20.1438848920863,20.1438848920863
"orng-01",6,2017,24.2857142857142,24.2857142857143
"orng-01",7,2017,23.7410071942446,23.7410071942446
"orng-01",8,2017,20.7142857142857,21.4285714285715
"orng-01",9,2017,21.4285714285714,21.4285714285714
"orng-01",10,2017,20.1438848920863,20.1438848920863
"orng-01",11,2017,27.536231884058,27.536231884058
"orng-01",12,2017,21.7391304347826,21.7391304347826
"orng-01",13,2017,22.1428571428571,22.1428571428571
"orng-01",14,2017,17.2661870503597,17.2661870503597
"orng-01",15,2017,19.5652173913043,19.5652173913043
"orng-01",16,2017,24.4604316546763,24.4604316546763
"orng-01",17,2017,23.5714285714286,23.5714285714286
"orng-01",18,2017,17.2661870503597,17.2661870503597
"orng-01",19,2017,32.3943661971831,32.3943661971831
"orng-01",20,2017,16.3120567375887,16.3120567375887
"orng-02",1,2017,17.2661870503597,17.2661870503597
"orng-02",2,2017,18.8405797101449,18.8405797101449
"orng-02",3,2017,17.2661870503597,17.2661870503597
"orng-02",4,2017,12.1428571428571,12.1428571428571
"orng-02",5,2017,22.4637681159421,22.4637681159421
"orng-02",6,2017,23.021582733813,23.021582733813
"orng-02",7,2017,21.5827338129497,21.5827338129497
"orng-02",8,2017,38.8489208633094,38.8489208633094
"orng-02",9,2017,23.021582733813,23.021582733813
"orng-02",10,2017,14.2857142857143,14.2857142857143
"orng-02",11,2017,20.2898550724638,20.2898550724638
"orng-02",12,2017,17.5182481751825,17.5182481751825
"orng-02",13,2017,21.0144927536232,21.0144927536232
"orng-02",14,2017,33.8129496402877,33.8129496402877
"orng-02",15,2017,16.4285714285714,16.4285714285714
"orng-02",16,2017,17.8571428571428,17.8571428571428
"orng-02",17,2017,12.7659574468085,12.7659574468085
"orng-02",18,2017,33.5766423357664,33.5766423357664
"orng-02",19,2017,27.536231884058,28.2608695652174
"orng-02",20,2017,16.5467625899281,16.5467625899281
"orng-03",1,2017,35.7664233576643,36.4963503649635
"orng-03",2,2017,27.1428571428571,27.1428571428571
"orng-03",3,2017,30.9352517985612,30.9352517985612
"orng-03",4,2017,32.1428571428572,32.1428571428572
"orng-03",5,2017,18.705035971223,18.705035971223
"orng-03",6,2017,23.9130434782609,23.9130434782609
"orng-03",7,2017,57.1428571428572,57.1428571428572
"orng-03",8,2017,29.8611111111111,29.8611111111111
"orng-03",9,2017,30.7142857142857,30.7142857142857
"orng-03",10,2017,60,60
"orng-03",11,2017,97.1014492753623,97.8260869565217
"orng-03",12,2017,84.2857142857142,84.2857142857144
"orng-03",13,2017,36.4963503649635,36.4963503649635
"orng-03",14,2017,17.0212765957447,17.0212765957447
"orng-03",15,2017,25,26.4285714285714
"orng-03",16,2017,16.6666666666667,16.6666666666667
"orng-03",17,2017,21.1678832116788,21.1678832116788
"orng-03",18,2017,25.1798561151079,25.1798561151079
"orng-03",19,2017,14.6853146853147,17.4825174825175
"orng-03",20,2017,19.1489361702127,19.8581560283688
"orng-04",1,2017,100,100
"orng-04",2,2017,100,100
"orng-04",3,2017,77.536231884058,77.536231884058
"orng-04",4,2017,90.6474820143886,90.6474820143886
"orng-04",5,2017,82.9787234042552,82.9787234042554
"orng-04",6,2017,99.9999999999999,100
"orng-04",7,2017,77.6978417266188,77.6978417266188
"orng-04",8,2017,80.2816901408451,80.2816901408451
"orng-04",9,2017,60.7142857142857,61.4285714285714
"orng-04",10,2017,44.2857142857143,44.2857142857143
"orng-04",11,2017,17.0212765957447,17.0212765957447
"orng-04",12,2017,18.1159420289855,18.1159420289855
"orng-04",13,2017,34.2857142857143,34.2857142857143
"orng-04",14,2017,28.7769784172662,28.7769784172662
"orng-04",15,2017,39.2857142857143,40.7142857142857
"orng-04",16,2017,50.7246376811594,50.7246376811594
"orng-04",17,2017,15.3284671532847,16.0583941605839
"orng-04",18,2017,17.9856115107914,17.9856115107914
"orng-04",19,2017,21.7391304347826,21.7391304347826
"orng-04",20,2017,20,20
"orng-05",1,2017,15.2173913043478,15.2173913043478
"orng-05",2,2017,17.0212765957447,17.0212765957447
"orng-05",3,2017,31.2056737588652,31.2056737588652
"orng-05",4,2017,22.1428571428571,22.1428571428571
"orng-05",5,2017,22.8571428571429,23.5714285714286
"orng-05",6,2017,34.0579710144928,34.0579710144928
"orng-05",7,2017,31.6546762589928,31.6546762589928
"orng-05",8,2017,26.2773722627737,26.2773722627737
"orng-05",9,2017,17.3913043478261,17.3913043478261
"orng-05",10,2017,21.5827338129497,21.5827338129497
"orng-05",11,2017,18.5714285714285,18.5714285714285
"orng-05",12,2017,19.2857142857143,19.2857142857143
"orng-05",13,2017,24.4604316546763,24.4604316546763
"orng-05",14,2017,17.3611111111111,17.3611111111111
"orng-05",15,2017,17.8571428571429,19.2857142857143
"orng-05",16,2017,23.7410071942446,23.7410071942446
"orng-05",17,2017,32.1428571428571,32.1428571428571
"orng-05",18,2017,25.3623188405797,25.3623188405797
"orng-05",19,2017,24.8175182481752,24.8175182481752
"orng-05",20,2017,16.6666666666666,18.1159420289855
"orng-06",1,2017,17.8571428571428,17.8571428571429
"orng-06",2,2017,16.3120567375886,17.0212765957447
"orng-06",3,2017,23.5714285714285,25
"orng-06",4,2017,16.6666666666667,16.6666666666667
"orng-06",5,2017,25,25
"orng-06",6,2017,45.3237410071942,45.3237410071942
"orng-06",7,2017,69.3430656934307,69.3430656934307
"orng-06",8,2017,54.6099290780142,54.6099290780142
"orng-06",9,2017,32.1428571428571,32.1428571428572
"orng-06",10,2017,77.3722627737227,77.3722627737227
"orng-06",11,2017,90.6474820143885,90.6474820143885
"orng-06",12,2017,94.927536231884,94.927536231884
"orng-06",13,2017,30.2158273381295,30.2158273381295
"orng-06",14,2017,55.3191489361702,55.3191489361702
"orng-06",15,2017,90.6474820143885,90.6474820143885
"orng-06",16,2017,74.6376811594203,74.6376811594203
"orng-06",17,2017,66.906474820144,66.906474820144
"orng-06",18,2017,48.2014388489209,48.2014388489209
"orng-06",19,2017,24.8175182481752,24.8175182481752
"orng-06",20,2017,42.8571428571428,43.5714285714285
"orng-07",1,2017,52.5179856115108,52.5179856115108
"orng-07",2,2017,41.3043478260869,41.3043478260869
"orng-07",3,2017,21.0144927536232,21.0144927536232
"orng-07",4,2017,24.6376811594203,24.6376811594203
"orng-07",5,2017,23.021582733813,23.7410071942447
"orng-07",6,2017,19.5652173913044,19.5652173913044
"orng-07",7,2017,18.1159420289855,18.8405797101449
"orng-07",8,2017,18.705035971223,18.705035971223
"orng-07",9,2017,32.3741007194244,32.3741007194244
"orng-07",10,2017,21.8309859154929,22.5352112676056
"orng-07",11,2017,16.6666666666666,16.6666666666666
"orng-07",12,2017,13.6690647482014,13.6690647482014
"orng-07",13,2017,27.4647887323944,28.1690140845071
"orng-07",14,2017,20.2898550724638,20.2898550724638
"orng-07",15,2017,44.9275362318841,49.2753623188406
"orng-07",16,2017,33.5714285714286,34.2857142857142
"orng-07",17,2017,16.6666666666667,16.6666666666667
"orng-07",18,2017,20.863309352518,20.863309352518
"orng-07",19,2017,41.726618705036,41.726618705036
"orng-07",20,2017,16.3120567375887,16.3120567375887
"orng-08",1,2017,27.8571428571428,27.8571428571428
"orng-08",2,2017,26.0869565217392,26.0869565217392
"orng-08",3,2017,27.3381294964029,27.3381294964029
"orng-08",4,2017,43.5714285714286,43.5714285714286
"orng-08",5,2017,18.5714285714285,18.5714285714285
"orng-08",6,2017,18.5714285714285,18.5714285714286
"orng-08",7,2017,23.0215827338129,23.0215827338129
"orng-08",8,2017,31.2056737588652,31.2056737588652
"orng-08",9,2017,27.536231884058,27.536231884058
"orng-08",10,2017,35,35
"orng-08",11,2017,15.7142857142857,15.7142857142857
"orng-08",12,2017,17.8571428571429,18.5714285714286
"orng-08",13,2017,16.4285714285714,16.4285714285714
"orng-08",14,2017,20.7142857142857,22.1428571428571
"orng-08",15,2017,20.863309352518,20.863309352518
"orng-08",16,2017,18.4397163120568,18.4397163120568
"orng-08",17,2017,19.2857142857143,19.2857142857143
"orng-08",18,2017,20.1438848920863,20.1438848920863
"orng-08",19,2017,36.4285714285714,36.4285714285714
"orng-08",20,2017,17.1428571428571,17.1428571428571
"orng-09",1,2017,27.1428571428571,27.1428571428571
"orng-09",2,2017,21.2765957446809,21.2765957446809
"orng-09",3,2017,25,25
"orng-09",4,2017,12.2302158273381,12.2302158273382
"orng-09",5,2017,23.9130434782609,23.9130434782609
"orng-09",6,2017,15.9420289855072,16.6666666666666
"orng-09",7,2017,36.1702127659574,37.5886524822695
"orng-09",8,2017,27.536231884058,27.536231884058
"orng-09",9,2017,20.2898550724637,20.2898550724637
"orng-09",10,2017,26.4285714285714,26.4285714285714
"orng-09",11,2017,17.8571428571429,17.8571428571429
"orng-09",12,2017,17.1428571428571,17.1428571428571
"orng-09",13,2017,20.1438848920864,20.863309352518
"orng-09",14,2017,17.1428571428572,17.1428571428572
"orng-09",15,2017,23.1884057971014,23.1884057971015
"orng-09",16,2017,20.1438848920864,21.5827338129497
"orng-09",17,2017,32.8571428571428,33.5714285714285
"orng-09",18,2017,29.2857142857143,29.2857142857143
"orng-09",19,2017,26.4285714285714,26.4285714285714
"orng-09",20,2017,24.822695035461,24.822695035461
"orng-10",1,2017,35,35
"orng-10",2,2017,21.5827338129497,21.5827338129497
"orng-10",3,2017,49.2753623188406,49.2753623188406
"orng-10",4,2017,31.6546762589928,32.3741007194245
"orng-10",5,2017,34.2857142857143,34.2857142857143
"orng-10",6,2017,31.6546762589928,31.6546762589928
"orng-10",7,2017,32.6388888888889,32.6388888888889
"orng-10",8,2017,22.463768115942,22.463768115942
"orng-10",9,2017,25.3623188405797,25.3623188405797
"orng-10",10,2017,70.9219858156028,70.9219858156028
"orng-10",11,2017,67.1428571428572,67.1428571428572
"orng-10",12,2017,66.6666666666667,66.6666666666667
"orng-10",13,2017,42.6573426573427,42.6573426573427
"orng-10",14,2017,22.3021582733813,22.3021582733813
"orng-10",15,2017,19.8581560283688,19.8581560283688
"orng-10",16,2017,30.9352517985612,30.9352517985612
"orng-10",17,2017,27.5362318840579,27.5362318840579
"orng-10",18,2017,20.2797202797203,20.2797202797203
"orng-10",19,2017,33.5766423357665,33.5766423357665
"orng-10",20,2017,51.4492753623188,51.4492753623188
"orng-11",1,2017,25.1798561151079,25.1798561151079
"orng-11",2,2017,20.7142857142857,20.7142857142857
"orng-11",3,2017,25.8992805755396,25.8992805755396
"orng-11",4,2017,22.3021582733813,22.3021582733813
"orng-11",5,2017,40.4255319148937,40.4255319148937
"orng-11",6,2017,36.6906474820144,36.6906474820144
"orng-11",7,2017,24.6376811594203,24.6376811594203
"orng-11",8,2017,23.5714285714286,23.5714285714286
"orng-11",9,2017,28.5714285714285,28.5714285714285
"orng-11",10,2017,23.0215827338129,23.0215827338129
"orng-11",11,2017,32.1428571428571,32.1428571428571
"orng-11",12,2017,16.3120567375887,16.3120567375887
"orng-11",13,2017,24.6376811594203,24.6376811594203
"orng-11",14,2017,21.0144927536232,21.7391304347826
"orng-11",15,2017,21.9858156028369,22.6950354609929
"orng-11",16,2017,22.3021582733813,23.021582733813
"orng-11",17,2017,28.4722222222222,29.1666666666666
"orng-11",18,2017,27.3381294964029,28.0575539568345
"orng-11",19,2017,19.4244604316547,19.4244604316547
"orng-11",20,2017,23.404255319149,23.404255319149
"orng-12",1,2017,32.3741007194245,32.3741007194245
"orng-12",2,2017,28.6713286713287,28.6713286713287
"orng-12",3,2017,27.3381294964029,27.3381294964029
"orng-12",4,2017,42.1428571428571,42.1428571428571
"orng-12",5,2017,41.304347826087,41.304347826087
"orng-12",6,2017,74.468085106383,74.468085106383
"orng-12",7,2017,100,100
"orng-12",8,2017,97.2027972027973,97.2027972027973
"orng-12",9,2017,95.7142857142857,95.7142857142858
"orng-12",10,2017,99.9999999999999,100
"orng-12",11,2017,100,100
"orng-12",12,2017,100,100
"orng-12",13,2017,98.5611510791367,98.5611510791367
"orng-12",14,2017,97.1631205673758,97.1631205673759
"orng-12",15,2017,77.536231884058,77.536231884058
"orng-12",16,2017,27.3381294964029,27.3381294964029
"orng-12",17,2017,35.2517985611511,35.2517985611511
"orng-12",18,2017,59.2857142857143,59.2857142857143
"orng-12",19,2017,23.9130434782608,23.9130434782608
"orng-12",20,2017,23.5714285714286,23.5714285714286
"cthm-01",1,2018,24.4604316546763,25.1798561151079
"cthm-01",2,2018,18.8405797101449,18.8405797101449
"cthm-01",3,2018,32.1428571428572,32.1428571428572
"cthm-01",4,2018,36.4285714285714,36.4285714285714
"cthm-01",5,2018,50.0000000000001,50.0000000000001
"cthm-01",6,2018,45.2554744525547,45.2554744525547
"cthm-01",7,2018,25.6944444444445,26.3888888888889
"cthm-01",8,2018,18.75,18.75
"cthm-01",9,2018,19.1489361702128,19.8581560283688
"cthm-01",10,2018,27.3381294964029,27.3381294964029
"cthm-01",11,2018,41.6058394160584,41.6058394160584
"cthm-01",12,2018,39.8550724637682,39.8550724637682
"cthm-01",13,2018,29.2857142857142,29.2857142857142
"cthm-01",14,2018,17.3913043478261,18.1159420289855
"cthm-01",15,2018,40.5797101449275,40.5797101449276
"cthm-01",16,2018,42.8571428571429,42.8571428571429
"cthm-01",17,2018,28.0575539568346,28.7769784172662
"cthm-01",18,2018,42.0289855072463,42.0289855072463
"cthm-01",19,2018,34.0425531914894,34.0425531914894
"cthm-01",20,2018,53.2374100719425,53.2374100719425
"cthm-02",1,2018,15.8273381294964,15.8273381294964
"cthm-02",2,2018,16.4285714285714,16.4285714285714
"cthm-02",3,2018,24.2857142857143,24.2857142857143
"cthm-02",4,2018,13.0434782608696,13.0434782608696
"cthm-02",5,2018,90.5109489051094,90.5109489051095
"cthm-02",6,2018,79.8611111111111,79.8611111111111
"cthm-02",7,2018,44.6043165467627,44.6043165467627
"cthm-02",8,2018,58.9928057553957,58.9928057553957
"cthm-02",9,2018,28.9855072463768,28.9855072463768
"cthm-02",10,2018,22.1428571428571,22.1428571428572
"cthm-02",11,2018,32.8467153284671,32.8467153284671
"cthm-02",12,2018,22.463768115942,22.463768115942
"cthm-02",13,2018,7.97101449275362,7.97101449275362
"cthm-02",14,2018,25.8992805755395,27.3381294964028
"cthm-02",15,2018,57.1428571428571,57.1428571428571
"cthm-02",16,2018,20.2898550724637,20.2898550724638
"cthm-02",17,2018,27.1428571428571,27.1428571428571
"cthm-02",18,2018,23.7410071942446,24.4604316546763
"cthm-02",19,2018,46.3768115942029,46.3768115942029
"cthm-02",20,2018,24.2857142857143,24.2857142857143
"cthm-03",1,2018,31.4285714285714,31.4285714285714
"cthm-03",2,2018,25.7142857142857,25.7142857142857
"cthm-03",3,2018,48.951048951049,48.951048951049
"cthm-03",4,2018,42.3611111111111,42.3611111111111
"cthm-03",5,2018,57.5539568345324,57.5539568345324
"cthm-03",6,2018,27.3381294964029,27.3381294964029
"cthm-03",7,2018,90.7142857142857,90.7142857142858
"cthm-03",8,2018,32.8571428571429,32.8571428571429
"cthm-03",9,2018,14.2857142857143,14.2857142857143
"cthm-03",10,2018,18.705035971223,20.1438848920864
"cthm-03",11,2018,21.7391304347826,21.7391304347826
"cthm-03",12,2018,16.5467625899281,17.9856115107914
"cthm-03",13,2018,16.4285714285714,17.1428571428571
"cthm-03",14,2018,19.2857142857143,20
"cthm-03",15,2018,20,23.5714285714286
"cthm-03",16,2018,19.4244604316547,20.1438848920864
"cthm-03",17,2018,21.5827338129496,21.5827338129496
"cthm-03",18,2018,19.1489361702127,19.1489361702128
"cthm-03",19,2018,39.2857142857143,39.2857142857143
"cthm-03",20,2018,21.2765957446809,22.6950354609929
"cthm-04",2,2018,19.1489361702128,19.1489361702128
"cthm-04",3,2018,20.2898550724637,20.2898550724637
"cthm-04",4,2018,9.28571428571429,9.28571428571429
"cthm-04",5,2018,21.4285714285714,21.4285714285714
"cthm-04",6,2018,29.2857142857143,29.2857142857143
"cthm-04",7,2018,13.6690647482014,13.6690647482014
"cthm-04",8,2018,20,20
"cthm-04",9,2018,72.463768115942,72.463768115942
"cthm-04",10,2018,44.9275362318841,44.9275362318841
"cthm-04",11,2018,57.5539568345324,57.5539568345324
"cthm-04",12,2018,15.8273381294964,15.8273381294964
"cthm-04",13,2018,17.8571428571428,17.8571428571428
"cthm-04",14,2018,27.1428571428571,27.8571428571428
"cthm-04",15,2018,8.57142857142857,8.57142857142857
"cthm-04",16,2018,4.31654676258993,4.31654676258993
"cthm-04",17,2018,18.8405797101449,18.8405797101449
"cthm-04",18,2018,20,20.7142857142857
"cthm-04",19,2018,21.5827338129496,21.5827338129496
"cthm-04",20,2018,17.2661870503597,17.2661870503597
"cthm-05",1,2018,21.0144927536232,21.0144927536232
"cthm-05",2,2018,21.4285714285714,21.4285714285714
"cthm-05",3,2018,16.5467625899281,16.5467625899281
"cthm-05",4,2018,12.9496402877698,13.6690647482015
"cthm-05",5,2018,12.8571428571429,15
"cthm-05",6,2018,14.3884892086331,14.3884892086331
"cthm-05",7,2018,18.75,18.75
"cthm-05",8,2018,17.2661870503597,17.2661870503597
"cthm-05",9,2018,17.8571428571429,18.5714285714286
"cthm-05",10,2018,18.8405797101449,18.8405797101449
"cthm-05",11,2018,24.2857142857143,24.2857142857143
"cthm-05",12,2018,16.5467625899281,16.5467625899281
"cthm-05",13,2018,21.8978102189781,21.8978102189781
"cthm-05",14,2018,15.6028368794326,15.6028368794326
"cthm-05",15,2018,18.8811188811189,18.8811188811189
"cthm-05",16,2018,29.1970802919708,29.1970802919708
"cthm-05",17,2018,20.8333333333334,20.8333333333334
"cthm-05",18,2018,14.1843971631205,15.6028368794326
"cthm-05",19,2018,18.8405797101449,18.8405797101449
"cthm-05",20,2018,23.7410071942447,23.7410071942447
"cthm-06",1,2018,34.0579710144927,34.0579710144927
"cthm-06",2,2018,34.2857142857143,34.2857142857143
"cthm-06",3,2018,18.705035971223,18.705035971223
"cthm-06",4,2018,25.1798561151079,25.1798561151079
"cthm-06",5,2018,15.7142857142857,15.7142857142857
"cthm-06",6,2018,18.705035971223,19.4244604316547
"cthm-06",7,2018,27.3381294964029,27.3381294964029
"cthm-06",8,2018,28.5714285714286,28.5714285714286
"cthm-06",9,2018,17.1428571428571,19.2857142857143
"cthm-06",10,2018,21.7391304347826,21.7391304347826
"cthm-06",11,2018,29.4964028776979,29.4964028776979
"cthm-06",12,2018,20,20
"cthm-06",13,2018,42.8571428571428,42.8571428571428
"cthm-06",14,2018,23.0215827338129,23.021582733813
"cthm-06",15,2018,24.113475177305,24.113475177305
"cthm-06",16,2018,24.4604316546763,24.4604316546763
"cthm-06",17,2018,16.5467625899281,16.5467625899281
"cthm-06",18,2018,20.5673758865249,20.5673758865249
"cthm-06",19,2018,20.1438848920863,20.1438848920863
"cthm-06",20,2018,17.2661870503598,17.2661870503598
"cthm-07",1,2018,21.7391304347826,21.7391304347826
"cthm-07",2,2018,15.7142857142857,19.2857142857143
"cthm-07",3,2018,26.4285714285715,29.2857142857143
"cthm-07",4,2018,5.79710144927536,14.4927536231884
"cthm-07",5,2018,15.1079136690647,16.5467625899281
"cthm-07",6,2018,14.8936170212766,17.0212765957447
"cthm-07",7,2018,17.1428571428571,17.1428571428571
"cthm-07",8,2018,15,17.1428571428571
"cthm-07",9,2018,25.531914893617,26.241134751773
"cthm-07",10,2018,20.1438848920864,20.1438848920864
"cthm-07",11,2018,18.705035971223,18.705035971223
"cthm-07",12,2018,15.1079136690647,15.1079136690647
"cthm-07",13,2018,22.463768115942,22.463768115942
"cthm-07",14,2018,16.6666666666667,16.6666666666667
"cthm-07",15,2018,28.0575539568346,28.0575539568346
"cthm-07",16,2018,18.5714285714286,18.5714285714286
"cthm-07",17,2018,17.3913043478261,17.3913043478261
"cthm-07",18,2018,17.8571428571428,17.8571428571428
"cthm-07",19,2018,16.0583941605839,16.0583941605839
"cthm-07",20,2018,20.8333333333333,20.8333333333333
"cthm-08",1,2018,17.8571428571428,17.8571428571428
"cthm-08",2,2018,47.5177304964539,47.5177304964539
"cthm-08",3,2018,35,35
"cthm-08",4,2018,24.4604316546763,24.4604316546763
"cthm-08",5,2018,25.6944444444445,25.6944444444445
"cthm-08",6,2018,26.6187050359712,26.6187050359712
"cthm-08",7,2018,34.0579710144927,34.0579710144927
"cthm-08",8,2018,27.1428571428571,27.1428571428571
"cthm-08",9,2018,19.2857142857142,19.2857142857142
"cthm-08",10,2018,16.4285714285715,17.1428571428572
"cthm-08",11,2018,31.6546762589928,31.6546762589928
"cthm-08",12,2018,20.1438848920863,20.1438848920863
"cthm-08",13,2018,15.9420289855072,15.9420289855072
"cthm-08",14,2018,21.5827338129497,22.3021582733813
"cthm-08",15,2018,17.9856115107914,17.9856115107914
"cthm-08",16,2018,15.2173913043478,15.2173913043478
"cthm-08",17,2018,19.2857142857143,19.2857142857143
"cthm-08",18,2018,15.2777777777778,15.2777777777778
"cthm-08",19,2018,15.1079136690647,16.5467625899281
"cthm-08",20,2018,29.9270072992701,29.9270072992701
"cthm-09",1,2018,20.7142857142857,20.7142857142857
"cthm-09",2,2018,25.8992805755395,25.8992805755395
"cthm-09",3,2018,40.7142857142857,41.4285714285714
"cthm-09",4,2018,35.2112676056338,35.2112676056338
"cthm-09",5,2018,46.7153284671533,46.7153284671533
"cthm-09",6,2018,28.0575539568345,28.0575539568345
"cthm-09",7,2018,21.7391304347826,21.7391304347826
"cthm-09",8,2018,35.2517985611511,35.2517985611511
"cthm-09",9,2018,35.2517985611511,35.2517985611511
"cthm-09",10,2018,36.6906474820144,36.6906474820144
"cthm-09",11,2018,34.2857142857143,34.2857142857143
"cthm-09",12,2018,20.5673758865248,20.5673758865248
"cthm-09",13,2018,21.0144927536232,21.0144927536232
"cthm-09",14,2018,12.8571428571429,12.8571428571429
"cthm-09",15,2018,27.6595744680851,27.6595744680851
"cthm-09",16,2018,17.2661870503597,17.2661870503597
"cthm-09",17,2018,25.8992805755396,25.8992805755396
"cthm-09",18,2018,26.4285714285715,26.4285714285715
"cthm-09",19,2018,17.8571428571428,17.8571428571428
"cthm-09",20,2018,21.0144927536232,21.0144927536232
"cthm-10",1,2018,24.6376811594203,25.3623188405797
"cthm-10",2,2018,30.7142857142857,31.4285714285715
"cthm-10",3,2018,23.021582733813,23.7410071942446
"cthm-10",4,2018,24.2857142857143,27.8571428571429
"cthm-10",5,2018,39.2857142857142,39.2857142857142
"cthm-10",6,2018,36.9565217391304,36.9565217391304
"cthm-10",7,2018,24.4604316546762,24.4604316546762
"cthm-10",8,2018,27.1428571428571,27.1428571428571
"cthm-10",9,2018,30.6569343065693,30.6569343065693
"cthm-10",10,2018,17.9856115107914,17.9856115107914
"cthm-10",11,2018,24.8175182481752,24.8175182481752
"cthm-10",12,2018,31.2056737588653,31.2056737588653
"cthm-10",13,2018,28.7769784172662,28.7769784172662
"cthm-10",14,2018,66.1870503597123,66.1870503597123
"cthm-10",15,2018,30.4347826086956,30.4347826086956
"cthm-10",16,2018,93.4782608695652,93.4782608695653
"cthm-10",17,2018,95.7142857142857,95.7142857142857
"cthm-10",18,2018,34.5070422535211,34.5070422535211
"cthm-10",19,2018,23.5714285714286,23.5714285714286
"cthm-10",20,2018,20.863309352518,20.863309352518
"cthm-11",1,2018,18.8405797101449,20.2898550724637
"cthm-11",2,2018,33.5714285714286,33.5714285714286
"cthm-11",3,2018,26.4285714285714,26.4285714285714
"cthm-11",4,2018,23.021582733813,23.021582733813
"cthm-11",5,2018,15.9420289855072,15.9420289855072
"cthm-11",6,2018,18.5714285714285,19.2857142857142
"cthm-11",7,2018,27.536231884058,27.536231884058
"cthm-11",8,2018,16.3120567375887,17.0212765957447
"cthm-11",9,2018,25,25
"cthm-11",10,2018,18.705035971223,18.705035971223
"cthm-11",11,2018,38.4615384615385,38.4615384615385
"cthm-11",12,2018,13.986013986014,13.986013986014
"cthm-11",13,2018,21.2765957446809,21.2765957446809
"cthm-11",14,2018,15.2777777777777,18.0555555555556
"cthm-11",15,2018,15,15
"cthm-11",16,2018,28.0575539568346,28.0575539568346
"cthm-11",17,2018,30.9352517985611,30.9352517985611
"cthm-11",18,2018,27.0833333333333,27.0833333333333
"cthm-11",19,2018,18.4397163120567,18.4397163120567
"cthm-11",20,2018,45,45
"cthm-12",1,2018,30.4347826086956,32.6086956521739
"cthm-12",2,2018,15.9722222222222,17.3611111111111
"cthm-12",3,2018,17.2661870503597,17.2661870503597
"cthm-12",4,2018,36.6906474820144,36.6906474820144
"cthm-12",5,2018,18.1159420289855,18.8405797101449
"cthm-12",6,2018,36.8794326241135,36.8794326241135
"cthm-12",7,2018,20,20
"cthm-12",8,2018,16.6666666666667,17.3611111111111
"cthm-12",9,2018,19.8581560283688,19.8581560283688
"cthm-12",10,2018,32.8467153284672,32.8467153284672
"cthm-12",11,2018,21.5827338129496,21.5827338129496
"cthm-12",12,2018,26.8115942028985,26.8115942028985
"cthm-12",13,2018,15.7142857142857,15.7142857142857
"cthm-12",14,2018,15.7142857142857,15.7142857142857
"cthm-12",15,2018,16.4285714285714,16.4285714285714
"cthm-12",16,2018,32.1428571428571,32.1428571428571
"cthm-12",17,2018,15.9420289855072,15.9420289855072
"cthm-12",18,2018,53.6231884057971,53.6231884057971
"cthm-12",19,2018,23.5714285714286,23.5714285714286
"cthm-12",20,2018,38.5714285714286,39.2857142857143
"cthm-13",1,2018,26.3888888888888,26.3888888888888
"cthm-13",2,2018,23.9130434782609,23.9130434782609
"cthm-13",3,2018,25.8992805755396,25.8992805755396
"cthm-13",4,2018,16.6666666666666,23.6111111111111
"cthm-13",5,2018,29.7101449275362,29.7101449275363
"cthm-13",6,2018,22.8571428571428,22.8571428571428
"cthm-13",7,2018,47.5177304964539,48.936170212766
"cthm-13",8,2018,36.6906474820143,36.6906474820143
"cthm-13",9,2018,100,100
"cthm-13",10,2018,100,100
"cthm-13",11,2018,100,100
"cthm-13",12,2018,78.1021897810219,78.1021897810219
"cthm-13",13,2018,38.4615384615385,38.4615384615385
"cthm-13",14,2018,23.021582733813,23.021582733813
"cthm-13",15,2018,30,30
"cthm-13",16,2018,53.2846715328468,53.2846715328468
"cthm-13",17,2018,33.3333333333333,33.3333333333333
"cthm-13",18,2018,16.5467625899281,18.705035971223
"cthm-13",19,2018,22.463768115942,22.463768115942
"cthm-13",20,2018,16.4285714285714,16.4285714285714
"cthm-14",1,2018,45.6521739130435,45.6521739130435
"cthm-14",2,2018,22.463768115942,23.1884057971015
"cthm-14",3,2018,21.6783216783217,21.6783216783217
"cthm-14",4,2018,31.4685314685315,31.4685314685315
"cthm-14",5,2018,36.8794326241135,36.8794326241135
"cthm-14",6,2018,28.3687943262411,28.3687943262411
"cthm-14",7,2018,18.2481751824817,18.2481751824817
"cthm-14",8,2018,17.2661870503597,17.2661870503597
"cthm-14",9,2018,23.5714285714286,23.5714285714286
"cthm-14",10,2018,27.3381294964029,28.0575539568345
"cthm-14",11,2018,34.0579710144927,34.0579710144927
"cthm-14",12,2018,37.8571428571429,37.8571428571429
"cthm-14",13,2018,32.1428571428572,32.1428571428572
"cthm-14",14,2018,30.7142857142857,30.7142857142857
"cthm-14",15,2018,14.3884892086331,14.3884892086331
"cthm-14",16,2018,28.9855072463768,28.9855072463768
"cthm-14",17,2018,22.3021582733813,22.3021582733813
"cthm-14",18,2018,18.705035971223,19.4244604316547
"cthm-14",19,2018,22.463768115942,22.463768115942
"cthm-14",20,2018,31.2056737588653,31.2056737588653
"drhm-01",1,2018,17.9856115107914,17.9856115107914
"drhm-01",2,2018,22.3021582733813,22.3021582733813
"drhm-01",3,2018,25.8992805755396,25.8992805755396
"drhm-01",4,2018,27.1428571428572,27.1428571428572
"drhm-01",5,2018,21.2765957446809,21.2765957446809
"drhm-01",6,2018,33.3333333333333,33.3333333333333
"drhm-01",7,2018,23.404255319149,23.404255319149
"drhm-01",8,2018,17.9856115107914,17.9856115107914
"drhm-01",9,2018,17.0212765957447,17.0212765957447
"drhm-01",10,2018,24.6376811594203,25.3623188405797
"drhm-01",11,2018,15,15.7142857142857
"drhm-01",12,2018,24.4604316546762,24.4604316546763
"drhm-01",13,2018,13.6690647482014,15.1079136690647
"drhm-01",14,2018,14.5985401459854,14.5985401459854
"drhm-01",15,2018,20.7142857142857,20.7142857142857
"drhm-01",16,2018,19.8581560283688,19.8581560283688
"drhm-01",17,2018,22.3021582733813,22.3021582733813
"drhm-01",18,2018,20,20
"drhm-01",19,2018,21.7391304347826,21.7391304347826
"drhm-01",20,2018,23.9130434782609,23.9130434782609
"drhm-02",1,2018,21.8309859154929,21.830985915493
"drhm-02",2,2018,27.1428571428572,27.1428571428572
"drhm-02",3,2018,37.6811594202899,37.6811594202899
"drhm-02",4,2018,29.2857142857143,29.2857142857143
"drhm-02",5,2018,29.2857142857143,29.2857142857143
"drhm-02",6,2018,24.0875912408759,24.0875912408759
"drhm-02",7,2018,36.6906474820144,36.6906474820144
"drhm-02",8,2018,20.1388888888889,20.1388888888889
"drhm-02",9,2018,24.113475177305,24.113475177305
"drhm-02",10,2018,11.5107913669065,11.5107913669065
"drhm-02",11,2018,18.1159420289855,18.1159420289855
"drhm-02",12,2018,26.8115942028985,26.8115942028985
"drhm-02",13,2018,17.1428571428571,17.1428571428571
"drhm-02",14,2018,20.2898550724638,20.2898550724638
"drhm-02",15,2018,17.1428571428571,17.1428571428572
"drhm-02",16,2018,23.404255319149,23.404255319149
"drhm-02",17,2018,25.7142857142857,26.4285714285714
"drhm-02",18,2018,20.863309352518,20.863309352518
"drhm-02",19,2018,23.404255319149,23.404255319149
"drhm-02",20,2018,24.6376811594203,24.6376811594203
"drhm-03",1,2018,99.9999999999999,100
"drhm-03",2,2018,100,100
"drhm-03",3,2018,100,100
"drhm-03",4,2018,100,100
"drhm-03",5,2018,100,100
"drhm-03",6,2018,97.1428571428572,97.8571428571429
"drhm-03",7,2018,80,80
"drhm-03",8,2018,100,100
"drhm-03",9,2018,93.5714285714286,93.5714285714286
"drhm-03",10,2018,87.8571428571429,87.8571428571429
"drhm-03",11,2018,18.7050359712231,18.7050359712231
"drhm-03",12,2018,22.3021582733813,22.3021582733813
"drhm-03",13,2018,100,100
"drhm-03",14,2018,99.9999999999999,100
"drhm-03",15,2018,70.8333333333333,70.8333333333334
"drhm-03",16,2018,87.1428571428571,87.8571428571429
"drhm-03",17,2018,97.1428571428571,97.1428571428572
"drhm-03",18,2018,65.4676258992806,65.4676258992806
"drhm-03",19,2018,32.3741007194244,32.3741007194245
"drhm-03",20,2018,25.8992805755395,25.8992805755395
"drhm-04",1,2018,97.2222222222223,97.2222222222223
"drhm-04",2,2018,67.1428571428571,67.1428571428571
"drhm-04",3,2018,40.5797101449276,40.5797101449276
"drhm-04",4,2018,20,20
"drhm-04",5,2018,86.231884057971,86.231884057971
"drhm-04",6,2018,30,30
"drhm-04",7,2018,28.3687943262411,28.3687943262411
"drhm-04",8,2018,44.9275362318841,44.9275362318841
"drhm-04",9,2018,25,25
"drhm-04",10,2018,15.2173913043478,15.2173913043478
"drhm-04",11,2018,17.1428571428571,17.1428571428571
"drhm-04",12,2018,29.2857142857142,29.2857142857143
"drhm-04",13,2018,35.2517985611511,35.9712230215827
"drhm-04",14,2018,15.7142857142857,15.7142857142857
"drhm-04",15,2018,16.1971830985915,16.1971830985915
"drhm-04",16,2018,25.7142857142857,26.4285714285714
"drhm-04",17,2018,46.0431654676259,46.0431654676259
"drhm-04",18,2018,17.0212765957446,17.0212765957446
"drhm-04",19,2018,21.7391304347826,21.7391304347826
"drhm-04",20,2018,94.9640287769784,94.9640287769784
"drhm-05",1,2018,27.8571428571429,27.8571428571429
"drhm-05",2,2018,27.8571428571428,27.8571428571428
"drhm-05",3,2018,42.4460431654676,42.4460431654676
"drhm-05",4,2018,47.1428571428572,47.1428571428572
"drhm-05",5,2018,81.1594202898551,83.3333333333333
"drhm-05",6,2018,99.9999999999999,100
"drhm-05",7,2018,53.4722222222222,54.1666666666667
"drhm-05",8,2018,81.8840579710146,81.8840579710146
"drhm-05",9,2018,70,71.4285714285715
"drhm-05",10,2018,64.0287769784173,64.7482014388489
"drhm-05",11,2018,53.1914893617021,53.1914893617021
"drhm-05",12,2018,65.9420289855072,65.9420289855073
"drhm-05",13,2018,98.5714285714285,98.5714285714286
"drhm-05",14,2018,100,100
"drhm-05",15,2018,100,100
"drhm-05",16,2018,99.9999999999999,100
"drhm-05",17,2018,100,100
"drhm-05",18,2018,65.2482269503546,65.2482269503546
"drhm-05",19,2018,56.5217391304348,56.5217391304348
"drhm-05",20,2018,37.1428571428571,37.1428571428571
"drhm-06",1,2018,68.7500000000001,68.7500000000001
"drhm-06",2,2018,99.2753623188406,99.2753623188406
"drhm-06",3,2018,100,100
"drhm-06",4,2018,98.5507246376812,98.5507246376812
"drhm-06",5,2018,100,100
"drhm-06",6,2018,84.1726618705036,84.1726618705036
"drhm-06",7,2018,87.8571428571429,89.2857142857143
"drhm-06",8,2018,77.8571428571429,77.8571428571429
"drhm-06",9,2018,75.5395683453238,75.5395683453238
"drhm-06",10,2018,72.8571428571428,72.8571428571429
"drhm-06",11,2018,57.2463768115942,57.2463768115942
"drhm-06",12,2018,100,100
"drhm-06",13,2018,73.3812949640287,73.3812949640288
"drhm-06",14,2018,74.468085106383,74.468085106383
"drhm-06",15,2018,69.5035460992907,69.5035460992907
"drhm-06",16,2018,92.1428571428571,92.1428571428572
"drhm-06",17,2018,86.9565217391304,86.9565217391304
"drhm-06",18,2018,100,100
"drhm-06",19,2018,94.4444444444444,94.4444444444444
"drhm-06",20,2018,95.7142857142857,95.7142857142858
"drhm-07",1,2018,89.2857142857143,90
"drhm-07",2,2018,67.1532846715329,67.1532846715329
"drhm-07",3,2018,45,45
"drhm-07",4,2018,51.8248175182481,51.8248175182481
"drhm-07",5,2018,96.3503649635037,96.3503649635037
"drhm-07",6,2018,85.4166666666667,85.4166666666667
"drhm-07",7,2018,89.2857142857143,89.2857142857143
"drhm-07",8,2018,64.7482014388489,64.7482014388489
"drhm-07",9,2018,77.536231884058,77.536231884058
"drhm-07",10,2018,15.9420289855073,15.9420289855073
"drhm-07",11,2018,22.1428571428571,22.1428571428571
"drhm-07",12,2018,18.0555555555556,19.4444444444445
"drhm-07",13,2018,16.3120567375887,16.3120567375887
"drhm-07",14,2018,17.8571428571428,18.5714285714285
"drhm-07",15,2018,16.3120567375887,16.3120567375887
"drhm-07",16,2018,22.6277372262774,22.6277372262774
"drhm-07",17,2018,35.7664233576642,35.7664233576642
"drhm-07",18,2018,35.5072463768116,35.5072463768116
"drhm-07",19,2018,27.1428571428572,27.1428571428572
"drhm-07",20,2018,26.4285714285715,26.4285714285715
"drhm-08",1,2018,67.1428571428571,67.1428571428571
"drhm-08",2,2018,33.8129496402877,33.8129496402877
"drhm-08",3,2018,21.4285714285714,21.4285714285714
"drhm-08",4,2018,18.0555555555556,18.0555555555556
"drhm-08",5,2018,18.5714285714286,20.7142857142857
"drhm-08",6,2018,18.1159420289855,18.1159420289855
"drhm-08",7,2018,29.1970802919708,29.1970802919708
"drhm-08",8,2018,92.0863309352518,92.0863309352518
"drhm-08",9,2018,75,75
"drhm-08",10,2018,73.3812949640288,73.3812949640288
"drhm-08",11,2018,57.1428571428572,57.1428571428572
"drhm-08",12,2018,78.2608695652174,78.2608695652174
"drhm-08",13,2018,32.6086956521739,32.6086956521739
"drhm-08",14,2018,76.6423357664234,76.6423357664234
"drhm-08",15,2018,70.2898550724638,71.0144927536232
"drhm-08",16,2018,33.0935251798561,33.0935251798561
"drhm-08",17,2018,36.231884057971,36.231884057971
"drhm-08",18,2018,30,30
"drhm-08",19,2018,56.1151079136691,56.1151079136691
"drhm-08",20,2018,45.7142857142858,47.1428571428572
"orng-01",1,2018,32.6241134751773,32.6241134751773
"orng-01",2,2018,18.8405797101449,18.8405797101449
"orng-01",3,2018,35.7142857142857,35.7142857142857
"orng-01",4,2018,39.5833333333333,39.5833333333333
"orng-01",5,2018,20.1438848920863,20.1438848920863
"orng-01",6,2018,24.2857142857142,24.2857142857143
"orng-01",7,2018,23.7410071942446,23.7410071942446
"orng-01",8,2018,20.7142857142857,21.4285714285715
"orng-01",9,2018,21.4285714285714,21.4285714285714
"orng-01",10,2018,20.1438848920863,20.1438848920863
"orng-01",11,2018,27.536231884058,27.536231884058
"orng-01",12,2018,21.7391304347826,21.7391304347826
"orng-01",13,2018,22.1428571428571,22.1428571428571
"orng-01",14,2018,17.2661870503597,17.2661870503597
"orng-01",15,2018,19.5652173913043,19.5652173913043
"orng-01",16,2018,24.4604316546763,24.4604316546763
"orng-01",17,2018,23.5714285714286,23.5714285714286
"orng-01",18,2018,17.2661870503597,17.2661870503597
"orng-01",19,2018,32.3943661971831,32.3943661971831
"orng-01",20,2018,16.3120567375887,16.3120567375887
"orng-02",1,2018,17.2661870503597,17.2661870503597
"orng-02",2,2018,18.8405797101449,18.8405797101449
"orng-02",3,2018,17.2661870503597,17.2661870503597
"orng-02",4,2018,12.1428571428571,12.1428571428571
"orng-02",5,2018,22.4637681159421,22.4637681159421
"orng-02",6,2018,23.021582733813,23.021582733813
"orng-02",7,2018,21.5827338129497,21.5827338129497
"orng-02",8,2018,38.8489208633094,38.8489208633094
"orng-02",9,2018,23.021582733813,23.021582733813
"orng-02",10,2018,14.2857142857143,14.2857142857143
"orng-02",11,2018,20.2898550724638,20.2898550724638
"orng-02",12,2018,17.5182481751825,17.5182481751825
"orng-02",13,2018,21.0144927536232,21.0144927536232
"orng-02",14,2018,33.8129496402877,33.8129496402877
"orng-02",15,2018,16.4285714285714,16.4285714285714
"orng-02",16,2018,17.8571428571428,17.8571428571428
"orng-02",17,2018,12.7659574468085,12.7659574468085
"orng-02",18,2018,35.036496350365,35.036496350365
"orng-02",19,2018,27.536231884058,28.2608695652174
"orng-02",20,2018,16.5467625899281,16.5467625899281
"orng-03",1,2018,35.7664233576643,36.4963503649635
"orng-03",2,2018,27.1428571428571,27.1428571428571
"orng-03",3,2018,31.6546762589928,31.6546762589928
"orng-03",4,2018,32.8571428571429,32.8571428571429
"orng-03",5,2018,18.705035971223,18.705035971223
"orng-03",6,2018,23.9130434782609,23.9130434782609
"orng-03",7,2018,57.8571428571429,57.8571428571429
"orng-03",8,2018,30.5555555555556,30.5555555555556
"orng-03",9,2018,30.7142857142857,30.7142857142857
"orng-03",10,2018,60,60
"orng-03",11,2018,97.1014492753624,97.8260869565217
"orng-03",12,2018,84.2857142857142,84.2857142857144
"orng-03",13,2018,36.4963503649635,36.4963503649635
"orng-03",14,2018,17.0212765957447,17.0212765957447
"orng-03",15,2018,25,26.4285714285714
"orng-03",16,2018,16.6666666666667,16.6666666666667
"orng-03",17,2018,21.1678832116788,21.1678832116788
"orng-03",18,2018,25.179856115108,25.179856115108
"orng-03",19,2018,14.6853146853147,17.4825174825175
"orng-03",20,2018,19.1489361702127,19.8581560283688
"orng-04",1,2018,100,100
"orng-04",2,2018,100,100
"orng-04",3,2018,77.536231884058,77.536231884058
"orng-04",4,2018,90.6474820143886,90.6474820143886
"orng-04",5,2018,83.6879432624114,83.6879432624114
"orng-04",6,2018,99.9999999999999,100
"orng-04",7,2018,77.6978417266188,77.6978417266188
"orng-04",8,2018,80.2816901408451,80.2816901408451
"orng-04",9,2018,60.7142857142857,61.4285714285714
"orng-04",10,2018,45,45
"orng-04",11,2018,17.0212765957447,17.0212765957447
"orng-04",12,2018,18.1159420289855,18.1159420289855
"orng-04",13,2018,34.2857142857143,34.2857142857143
"orng-04",14,2018,28.7769784172662,28.7769784172662
"orng-04",15,2018,39.2857142857143,40.7142857142857
"orng-04",16,2018,50.7246376811594,50.7246376811594
"orng-04",17,2018,16.0583941605839,16.0583941605839
"orng-04",18,2018,17.9856115107914,17.9856115107914
"orng-04",19,2018,21.7391304347826,21.7391304347826
"orng-04",20,2018,20,20
"orng-05",1,2018,15.2173913043478,15.2173913043478
"orng-05",2,2018,17.0212765957447,17.0212765957447
"orng-05",3,2018,31.2056737588652,31.2056737588652
"orng-05",4,2018,22.1428571428571,22.1428571428571
"orng-05",5,2018,22.8571428571429,23.5714285714286
"orng-05",6,2018,34.0579710144928,34.0579710144928
"orng-05",7,2018,31.6546762589928,31.6546762589928
"orng-05",8,2018,27.007299270073,27.007299270073
"orng-05",9,2018,18.1159420289855,18.1159420289855
"orng-05",10,2018,21.5827338129497,21.5827338129497
"orng-05",11,2018,18.5714285714285,18.5714285714285
"orng-05",12,2018,19.2857142857143,19.2857142857143
"orng-05",13,2018,24.4604316546763,24.4604316546763
"orng-05",14,2018,17.3611111111111,17.3611111111111
"orng-05",15,2018,17.8571428571429,19.2857142857143
"orng-05",16,2018,23.7410071942446,23.7410071942446
"orng-05",17,2018,32.1428571428571,32.1428571428571
"orng-05",18,2018,25.3623188405797,25.3623188405797
"orng-05",19,2018,24.8175182481752,24.8175182481752
"orng-05",20,2018,16.6666666666666,18.1159420289855
"orng-06",1,2018,17.8571428571428,17.8571428571429
"orng-06",2,2018,16.3120567375886,17.0212765957447
"orng-06",3,2018,23.5714285714285,25
"orng-06",4,2018,16.6666666666667,16.6666666666667
"orng-06",5,2018,25,25
"orng-06",6,2018,45.3237410071942,45.3237410071942
"orng-06",7,2018,69.3430656934307,69.3430656934307
"orng-06",8,2018,54.6099290780142,54.6099290780142
"orng-06",9,2018,32.1428571428571,32.1428571428572
"orng-06",10,2018,78.1021897810219,78.1021897810219
"orng-06",11,2018,90.6474820143885,90.6474820143885
"orng-06",12,2018,94.9275362318841,94.9275362318841
"orng-06",13,2018,30.2158273381295,30.2158273381295
"orng-06",14,2018,58.1560283687943,58.1560283687943
"orng-06",15,2018,92.0863309352518,92.0863309352518
"orng-06",16,2018,75.3623188405797,75.3623188405797
"orng-06",17,2018,70.5035971223021,70.5035971223021
"orng-06",18,2018,50.3597122302158,50.3597122302158
"orng-06",19,2018,24.8175182481752,24.8175182481752
"orng-06",20,2018,42.8571428571428,43.5714285714285
"orng-07",1,2018,55.3956834532375,55.3956834532375
"orng-07",2,2018,41.3043478260869,41.3043478260869
"orng-07",3,2018,21.0144927536232,21.0144927536232
"orng-07",4,2018,25.3623188405797,25.3623188405797
"orng-07",5,2018,25.1798561151079,25.1798561151079
"orng-07",6,2018,19.5652173913044,19.5652173913044
"orng-07",7,2018,18.1159420289855,18.8405797101449
"orng-07",8,2018,18.705035971223,18.705035971223
"orng-07",9,2018,33.0935251798561,33.0935251798561
"orng-07",10,2018,21.8309859154929,22.5352112676056
"orng-07",11,2018,16.6666666666666,16.6666666666666
"orng-07",12,2018,13.6690647482014,13.6690647482014
"orng-07",13,2018,27.4647887323944,28.1690140845071
"orng-07",14,2018,20.2898550724638,20.2898550724638
"orng-07",15,2018,44.2028985507246,49.2753623188406
"orng-07",16,2018,33.5714285714286,34.2857142857142
"orng-07",17,2018,16.6666666666667,16.6666666666667
"orng-07",18,2018,20.863309352518,20.863309352518
"orng-07",19,2018,42.4460431654676,42.4460431654676
"orng-07",20,2018,16.3120567375887,16.3120567375887
"orng-08",1,2018,27.8571428571428,27.8571428571428
"orng-08",2,2018,25.3623188405797,26.0869565217392
"orng-08",3,2018,26.6187050359713,27.3381294964029
"orng-08",4,2018,43.5714285714286,43.5714285714286
"orng-08",5,2018,18.5714285714285,18.5714285714285
"orng-08",6,2018,18.5714285714285,18.5714285714286
"orng-08",7,2018,23.7410071942446,23.7410071942446
"orng-08",8,2018,31.2056737588652,31.2056737588652
"orng-08",9,2018,27.536231884058,27.536231884058
"orng-08",10,2018,35,35
"orng-08",11,2018,15.7142857142857,15.7142857142857
"orng-08",12,2018,17.8571428571429,18.5714285714286
"orng-08",13,2018,16.4285714285714,16.4285714285714
"orng-08",14,2018,20.7142857142857,22.1428571428571
"orng-08",15,2018,20.863309352518,20.863309352518
"orng-08",16,2018,18.4397163120568,18.4397163120568
"orng-08",17,2018,19.2857142857143,19.2857142857143
"orng-08",18,2018,20.1438848920863,20.1438848920863
"orng-08",19,2018,36.4285714285714,36.4285714285714
"orng-08",20,2018,17.1428571428571,17.1428571428571
"orng-09",1,2018,27.1428571428571,27.1428571428571
"orng-09",2,2018,21.2765957446809,21.2765957446809
"orng-09",3,2018,25,25
"orng-09",4,2018,12.2302158273381,12.2302158273382
"orng-09",5,2018,23.9130434782609,23.9130434782609
"orng-09",6,2018,15.9420289855073,16.6666666666666
"orng-09",7,2018,36.1702127659574,37.5886524822695
"orng-09",8,2018,27.536231884058,27.536231884058
"orng-09",9,2018,20.2898550724637,20.2898550724637
"orng-09",10,2018,26.4285714285714,26.4285714285714
"orng-09",11,2018,17.8571428571429,17.8571428571429
"orng-09",12,2018,17.1428571428571,17.1428571428571
"orng-09",13,2018,20.1438848920864,20.863309352518
"orng-09",14,2018,17.1428571428572,17.1428571428572
"orng-09",15,2018,23.1884057971014,23.1884057971015
"orng-09",16,2018,20.1438848920864,21.5827338129497
"orng-09",17,2018,32.8571428571428,33.5714285714285
"orng-09",18,2018,29.2857142857143,29.2857142857143
"orng-09",19,2018,26.4285714285714,26.4285714285714
"orng-09",20,2018,24.822695035461,24.822695035461
"orng-10",1,2018,35,35
"orng-10",2,2018,21.5827338129497,21.5827338129497
"orng-10",3,2018,49.2753623188406,49.2753623188406
"orng-10",4,2018,31.6546762589928,32.3741007194245
"orng-10",5,2018,34.2857142857143,34.2857142857143
"orng-10",6,2018,31.6546762589928,31.6546762589928
"orng-10",7,2018,32.6388888888889,32.6388888888889
"orng-10",8,2018,22.463768115942,22.463768115942
"orng-10",9,2018,25.3623188405797,25.3623188405797
"orng-10",10,2018,70.9219858156028,70.9219858156028
"orng-10",11,2018,67.8571428571429,67.8571428571429
"orng-10",12,2018,66.6666666666667,66.6666666666667
"orng-10",13,2018,42.6573426573427,42.6573426573427
"orng-10",14,2018,22.3021582733813,22.3021582733813
"orng-10",15,2018,20.5673758865248,20.5673758865248
"orng-10",16,2018,30.9352517985612,30.9352517985612
"orng-10",17,2018,27.5362318840579,27.5362318840579
"orng-10",18,2018,20.979020979021,20.979020979021
"orng-10",19,2018,33.5766423357665,33.5766423357665
"orng-10",20,2018,51.4492753623188,51.4492753623188
"orng-11",1,2018,25.1798561151079,25.1798561151079
"orng-11",2,2018,20.7142857142857,20.7142857142857
"orng-11",3,2018,25.8992805755396,25.8992805755396
"orng-11",4,2018,22.3021582733813,22.3021582733813
"orng-11",5,2018,40.4255319148937,40.4255319148937
"orng-11",6,2018,36.6906474820144,36.6906474820144
"orng-11",7,2018,24.6376811594203,24.6376811594203
"orng-11",8,2018,23.5714285714286,23.5714285714286
"orng-11",9,2018,29.2857142857143,29.2857142857143
"orng-11",10,2018,23.0215827338129,23.0215827338129
"orng-11",11,2018,32.1428571428571,32.1428571428571
"orng-11",12,2018,16.3120567375887,16.3120567375887
"orng-11",13,2018,24.6376811594203,24.6376811594203
"orng-11",14,2018,21.0144927536232,21.7391304347826
"orng-11",15,2018,20.5673758865248,22.6950354609929
"orng-11",16,2018,23.021582733813,23.021582733813
"orng-11",17,2018,28.4722222222222,29.1666666666666
"orng-11",18,2018,27.3381294964029,28.0575539568345
"orng-11",19,2018,20.1438848920864,20.1438848920864
"orng-11",20,2018,23.404255319149,23.404255319149
"orng-12",1,2018,32.3741007194245,32.3741007194245
"orng-12",2,2018,28.6713286713287,28.6713286713287
"orng-12",3,2018,28.0575539568345,28.0575539568345
"orng-12",4,2018,42.1428571428571,42.1428571428571
"orng-12",5,2018,41.304347826087,41.304347826087
"orng-12",6,2018,74.468085106383,74.468085106383
"orng-12",7,2018,100,100
"orng-12",8,2018,97.2027972027973,97.2027972027973
"orng-12",9,2018,95.7142857142857,95.7142857142858
"orng-12",10,2018,99.9999999999999,100
"orng-12",11,2018,100,100
"orng-12",12,2018,100,100
"orng-12",13,2018,98.5611510791367,98.5611510791367
"orng-12",14,2018,97.1631205673758,97.1631205673759
"orng-12",15,2018,77.536231884058,77.536231884058
"orng-12",16,2018,27.3381294964029,27.3381294964029
"orng-12",17,2018,35.2517985611511,35.2517985611511
"orng-12",18,2018,59.2857142857143,59.2857142857143
"orng-12",19,2018,23.9130434782608,23.9130434782608
"orng-12",20,2018,23.5714285714286,23.5714285714286
"cthm-01",1,2019,24.4604316546763,25.1798561151079
"cthm-01",2,2019,18.8405797101449,18.8405797101449
"cthm-01",3,2019,32.1428571428572,32.1428571428572
"cthm-01",4,2019,35.7142857142857,36.4285714285714
"cthm-01",5,2019,50.0000000000001,50.0000000000001
"cthm-01",6,2019,44.5255474452554,45.2554744525547
"cthm-01",7,2019,25.6944444444445,26.3888888888889
"cthm-01",8,2019,18.75,18.75
"cthm-01",9,2019,19.1489361702128,19.8581560283688
"cthm-01",10,2019,28.0575539568346,28.0575539568346
"cthm-01",11,2019,41.6058394160584,41.6058394160584
"cthm-01",12,2019,40.5797101449276,40.5797101449276
"cthm-01",13,2019,29.2857142857142,29.2857142857142
"cthm-01",14,2019,17.3913043478261,18.1159420289855
"cthm-01",15,2019,41.3043478260869,41.3043478260869
"cthm-01",16,2019,42.8571428571429,42.8571428571429
"cthm-01",17,2019,28.0575539568346,28.7769784172662
"cthm-01",18,2019,42.0289855072463,42.0289855072463
"cthm-01",19,2019,34.0425531914894,34.0425531914894
"cthm-01",20,2019,53.2374100719425,53.2374100719425
"cthm-02",1,2019,15.8273381294964,15.8273381294964
"cthm-02",2,2019,16.4285714285714,16.4285714285714
"cthm-02",3,2019,24.2857142857143,24.2857142857143
"cthm-02",4,2019,13.0434782608696,13.0434782608696
"cthm-02",5,2019,90.5109489051094,90.5109489051095
"cthm-02",6,2019,79.8611111111111,79.8611111111111
"cthm-02",7,2019,44.6043165467627,44.6043165467627
"cthm-02",8,2019,58.9928057553957,58.9928057553957
"cthm-02",9,2019,28.9855072463768,28.9855072463768
"cthm-02",10,2019,22.1428571428571,22.1428571428572
"cthm-02",11,2019,32.8467153284671,32.8467153284671
"cthm-02",12,2019,22.463768115942,22.463768115942
"cthm-02",13,2019,7.97101449275362,7.97101449275362
"cthm-02",14,2019,25.8992805755395,27.3381294964028
"cthm-02",15,2019,57.1428571428571,57.1428571428571
"cthm-02",16,2019,20.2898550724637,20.2898550724638
"cthm-02",17,2019,27.8571428571428,27.8571428571428
"cthm-02",18,2019,23.7410071942446,24.4604316546763
"cthm-02",19,2019,47.1014492753623,47.1014492753623
"cthm-02",20,2019,24.2857142857143,24.2857142857143
"cthm-03",1,2019,31.4285714285714,31.4285714285714
"cthm-03",2,2019,25.7142857142857,25.7142857142857
"cthm-03",3,2019,48.951048951049,48.951048951049
"cthm-03",4,2019,42.3611111111111,42.3611111111111
"cthm-03",5,2019,57.5539568345323,57.5539568345324
"cthm-03",6,2019,27.3381294964029,27.3381294964029
"cthm-03",7,2019,90.7142857142857,90.7142857142858
"cthm-03",8,2019,32.8571428571429,32.8571428571429
"cthm-03",9,2019,14.2857142857143,14.2857142857143
"cthm-03",10,2019,18.705035971223,20.1438848920864
"cthm-03",11,2019,21.0144927536232,21.7391304347826
"cthm-03",12,2019,6.47482014388489,17.9856115107914
"cthm-03",13,2019,16.4285714285714,17.1428571428571
"cthm-03",14,2019,19.2857142857143,20
"cthm-03",15,2019,20,23.5714285714286
"cthm-03",16,2019,19.4244604316547,20.1438848920864
"cthm-03",17,2019,22.3021582733813,22.3021582733813
"cthm-03",18,2019,19.1489361702127,19.1489361702128
"cthm-03",19,2019,39.2857142857143,39.2857142857143
"cthm-03",20,2019,21.2765957446809,22.6950354609929
"cthm-04",2,2019,19.1489361702128,19.1489361702128
"cthm-04",3,2019,20.2898550724637,20.2898550724637
"cthm-04",4,2019,9.28571428571429,9.28571428571429
"cthm-04",5,2019,21.4285714285714,21.4285714285714
"cthm-04",6,2019,29.2857142857143,29.2857142857143
"cthm-04",7,2019,13.6690647482014,13.6690647482014
"cthm-04",8,2019,20,20
"cthm-04",9,2019,72.463768115942,72.463768115942
"cthm-04",10,2019,45.6521739130435,45.6521739130435
"cthm-04",11,2019,57.5539568345324,57.5539568345324
"cthm-04",12,2019,15.8273381294964,15.8273381294964
"cthm-04",13,2019,17.8571428571428,17.8571428571428
"cthm-04",14,2019,27.1428571428571,27.8571428571428
"cthm-04",15,2019,8.57142857142857,8.57142857142857
"cthm-04",16,2019,4.31654676258993,4.31654676258993
"cthm-04",17,2019,19.5652173913043,19.5652173913043
"cthm-04",18,2019,20,20.7142857142857
"cthm-04",19,2019,21.5827338129496,21.5827338129496
"cthm-04",20,2019,17.2661870503597,17.2661870503597
"cthm-05",1,2019,21.0144927536232,21.0144927536232
"cthm-05",2,2019,22.8571428571428,22.8571428571428
"cthm-05",3,2019,16.5467625899281,16.5467625899281
"cthm-05",4,2019,12.9496402877698,13.6690647482015
"cthm-05",5,2019,12.8571428571429,15
"cthm-05",6,2019,14.3884892086331,14.3884892086331
"cthm-05",7,2019,18.75,18.75
"cthm-05",8,2019,17.2661870503597,17.2661870503597
"cthm-05",9,2019,17.8571428571429,18.5714285714286
"cthm-05",10,2019,18.8405797101449,18.8405797101449
"cthm-05",11,2019,24.2857142857143,24.2857142857143
"cthm-05",12,2019,16.5467625899281,16.5467625899281
"cthm-05",13,2019,21.8978102189781,21.8978102189781
"cthm-05",14,2019,15.6028368794326,15.6028368794326
"cthm-05",15,2019,18.8811188811189,18.8811188811189
"cthm-05",16,2019,29.1970802919708,29.1970802919708
"cthm-05",17,2019,20.8333333333334,20.8333333333334
"cthm-05",18,2019,14.1843971631205,15.6028368794326
"cthm-05",19,2019,18.8405797101449,18.8405797101449
"cthm-05",20,2019,24.4604316546763,24.4604316546763
"cthm-06",1,2019,34.0579710144927,34.0579710144927
"cthm-06",2,2019,34.2857142857143,34.2857142857143
"cthm-06",3,2019,18.705035971223,18.705035971223
"cthm-06",4,2019,25.1798561151079,25.1798561151079
"cthm-06",5,2019,15.7142857142857,15.7142857142857
"cthm-06",6,2019,18.705035971223,19.4244604316547
"cthm-06",7,2019,27.3381294964029,27.3381294964029
"cthm-06",8,2019,28.5714285714286,28.5714285714286
"cthm-06",9,2019,17.1428571428571,19.2857142857143
"cthm-06",10,2019,21.7391304347826,21.7391304347826
"cthm-06",11,2019,29.4964028776979,29.4964028776979
"cthm-06",12,2019,19.2857142857143,20
"cthm-06",13,2019,42.8571428571428,42.8571428571428
"cthm-06",14,2019,23.0215827338129,23.021582733813
"cthm-06",15,2019,24.113475177305,24.113475177305
"cthm-06",16,2019,24.4604316546763,24.4604316546763
"cthm-06",17,2019,16.5467625899281,16.5467625899281
"cthm-06",18,2019,20.5673758865249,20.5673758865249
"cthm-06",19,2019,20.1438848920863,20.1438848920863
"cthm-06",20,2019,17.2661870503598,17.2661870503598
"cthm-07",1,2019,21.7391304347826,21.7391304347826
"cthm-07",2,2019,15.7142857142857,19.2857142857143
"cthm-07",3,2019,26.4285714285715,29.2857142857143
"cthm-07",4,2019,5.79710144927536,14.4927536231884
"cthm-07",5,2019,15.1079136690647,16.5467625899281
"cthm-07",6,2019,14.8936170212766,17.0212765957447
"cthm-07",7,2019,16.4285714285714,17.1428571428571
"cthm-07",8,2019,15,17.1428571428571
"cthm-07",9,2019,25.531914893617,26.241134751773
"cthm-07",10,2019,20.1438848920864,20.1438848920864
"cthm-07",11,2019,18.705035971223,18.705035971223
"cthm-07",12,2019,15.1079136690647,15.1079136690647
"cthm-07",13,2019,22.463768115942,22.463768115942
"cthm-07",14,2019,16.6666666666667,16.6666666666667
"cthm-07",15,2019,29.4964028776978,29.4964028776978
"cthm-07",16,2019,18.5714285714286,18.5714285714286
"cthm-07",17,2019,17.3913043478261,17.3913043478261
"cthm-07",18,2019,17.8571428571428,17.8571428571428
"cthm-07",19,2019,16.0583941605839,16.0583941605839
"cthm-07",20,2019,21.5277777777778,21.5277777777778
"cthm-08",1,2019,18.5714285714285,18.5714285714285
"cthm-08",2,2019,47.5177304964539,47.5177304964539
"cthm-08",3,2019,35.7142857142857,35.7142857142857
"cthm-08",4,2019,20.1438848920863,24.4604316546763
"cthm-08",5,2019,25.6944444444445,25.6944444444445
"cthm-08",6,2019,26.6187050359712,26.6187050359712
"cthm-08",7,2019,34.0579710144927,34.0579710144927
"cthm-08",8,2019,27.1428571428571,27.1428571428571
"cthm-08",9,2019,19.2857142857142,19.2857142857142
"cthm-08",10,2019,16.4285714285715,17.1428571428572
"cthm-08",11,2019,31.6546762589928,31.6546762589928
"cthm-08",12,2019,20.1438848920863,20.1438848920863
"cthm-08",13,2019,15.9420289855072,15.9420289855072
"cthm-08",14,2019,21.5827338129497,22.3021582733813
"cthm-08",15,2019,17.9856115107914,17.9856115107914
"cthm-08",16,2019,15.2173913043478,15.2173913043478
"cthm-08",17,2019,19.2857142857143,19.2857142857143
"cthm-08",18,2019,15.2777777777778,15.2777777777778
"cthm-08",19,2019,16.5467625899281,16.5467625899281
"cthm-08",20,2019,29.9270072992701,29.9270072992701
"cthm-09",1,2019,20.7142857142857,20.7142857142857
"cthm-09",2,2019,27.3381294964029,27.3381294964029
"cthm-09",3,2019,40.7142857142857,41.4285714285714
"cthm-09",4,2019,35.9154929577465,35.9154929577465
"cthm-09",5,2019,46.7153284671533,46.7153284671533
"cthm-09",6,2019,28.0575539568345,28.0575539568345
"cthm-09",7,2019,21.7391304347826,21.7391304347826
"cthm-09",8,2019,35.2517985611511,35.2517985611511
"cthm-09",9,2019,35.2517985611511,35.2517985611511
"cthm-09",10,2019,37.4100719424461,37.4100719424461
"cthm-09",11,2019,37.1428571428571,37.1428571428571
"cthm-09",12,2019,20.5673758865248,20.5673758865248
"cthm-09",13,2019,21.0144927536232,21.0144927536232
"cthm-09",14,2019,12.8571428571429,12.8571428571429
"cthm-09",15,2019,27.6595744680851,27.6595744680851
"cthm-09",16,2019,17.2661870503597,17.2661870503597
"cthm-09",17,2019,38.8489208633094,38.8489208633094
"cthm-09",18,2019,26.4285714285715,26.4285714285715
"cthm-09",19,2019,17.8571428571428,17.8571428571428
"cthm-09",20,2019,21.0144927536232,21.0144927536232
"cthm-10",1,2019,24.6376811594203,25.3623188405797
"cthm-10",2,2019,30.7142857142857,31.4285714285715
"cthm-10",3,2019,23.021582733813,23.7410071942446
"cthm-10",4,2019,24.2857142857143,27.8571428571429
"cthm-10",5,2019,39.2857142857142,39.2857142857142
"cthm-10",6,2019,36.9565217391304,36.9565217391304
"cthm-10",7,2019,24.4604316546762,24.4604316546762
"cthm-10",8,2019,27.1428571428571,27.1428571428571
"cthm-10",9,2019,30.6569343065693,30.6569343065693
"cthm-10",10,2019,20.1438848920864,20.1438848920864
"cthm-10",11,2019,24.8175182481752,24.8175182481752
"cthm-10",12,2019,31.2056737588653,31.2056737588653
"cthm-10",13,2019,28.7769784172662,28.7769784172662
"cthm-10",14,2019,66.1870503597123,66.1870503597123
"cthm-10",15,2019,30.4347826086956,30.4347826086956
"cthm-10",16,2019,93.4782608695653,93.4782608695653
"cthm-10",17,2019,96.4285714285714,96.4285714285714
"cthm-10",18,2019,34.5070422535211,34.5070422535211
"cthm-10",19,2019,24.2857142857143,24.2857142857143
"cthm-10",20,2019,20.863309352518,20.863309352518
"cthm-11",1,2019,18.8405797101449,20.2898550724637
"cthm-11",2,2019,33.5714285714285,33.5714285714286
"cthm-11",3,2019,26.4285714285714,26.4285714285714
"cthm-11",4,2019,23.021582733813,23.021582733813
"cthm-11",5,2019,15.9420289855072,15.9420289855072
"cthm-11",6,2019,18.5714285714285,19.2857142857142
"cthm-11",7,2019,27.536231884058,27.536231884058
"cthm-11",8,2019,16.3120567375887,17.0212765957447
"cthm-11",9,2019,25,25
"cthm-11",10,2019,18.705035971223,18.705035971223
"cthm-11",11,2019,38.4615384615385,38.4615384615385
"cthm-11",12,2019,13.986013986014,13.986013986014
"cthm-11",13,2019,21.2765957446809,21.2765957446809
"cthm-11",14,2019,15.2777777777777,18.0555555555556
"cthm-11",15,2019,15,15
"cthm-11",16,2019,28.0575539568346,28.0575539568346
"cthm-11",17,2019,30.9352517985611,30.9352517985611
"cthm-11",18,2019,27.0833333333333,27.0833333333333
"cthm-11",19,2019,18.4397163120567,18.4397163120567
"cthm-11",20,2019,45,45
"cthm-12",1,2019,31.1594202898551,32.6086956521739
"cthm-12",2,2019,15.9722222222222,17.3611111111111
"cthm-12",3,2019,17.2661870503597,17.2661870503597
"cthm-12",4,2019,36.6906474820144,36.6906474820144
"cthm-12",5,2019,18.1159420289855,18.8405797101449
"cthm-12",6,2019,36.8794326241135,36.8794326241135
"cthm-12",7,2019,20,20
"cthm-12",8,2019,16.6666666666667,17.3611111111111
"cthm-12",9,2019,19.8581560283688,19.8581560283688
"cthm-12",10,2019,32.8467153284672,32.8467153284672
"cthm-12",11,2019,21.5827338129496,21.5827338129496
"cthm-12",12,2019,27.5362318840579,27.5362318840579
"cthm-12",13,2019,15.7142857142857,15.7142857142857
"cthm-12",14,2019,15.7142857142857,15.7142857142857
"cthm-12",15,2019,16.4285714285714,16.4285714285714
"cthm-12",16,2019,32.1428571428571,32.1428571428571
"cthm-12",17,2019,16.6666666666666,16.6666666666666
"cthm-12",18,2019,53.6231884057971,53.6231884057971
"cthm-12",19,2019,23.5714285714285,23.5714285714286
"cthm-12",20,2019,38.5714285714286,39.2857142857143
"cthm-13",1,2019,26.3888888888888,26.3888888888888
"cthm-13",2,2019,23.9130434782609,23.9130434782609
"cthm-13",3,2019,25.8992805755396,25.8992805755396
"cthm-13",4,2019,16.6666666666666,23.6111111111111
"cthm-13",5,2019,29.7101449275362,29.7101449275363
"cthm-13",6,2019,22.8571428571428,22.8571428571428
"cthm-13",7,2019,47.5177304964539,48.936170212766
"cthm-13",8,2019,36.6906474820144,36.6906474820144
"cthm-13",9,2019,100,100
"cthm-13",10,2019,100,100
"cthm-13",11,2019,100,100
"cthm-13",12,2019,78.1021897810219,78.1021897810219
"cthm-13",13,2019,38.4615384615385,38.4615384615385
"cthm-13",14,2019,23.7410071942446,23.7410071942446
"cthm-13",15,2019,30,30
"cthm-13",16,2019,53.2846715328468,53.2846715328468
"cthm-13",17,2019,33.3333333333333,33.3333333333333
"cthm-13",18,2019,16.5467625899281,18.705035971223
"cthm-13",19,2019,22.463768115942,22.463768115942
"cthm-13",20,2019,16.4285714285714,16.4285714285714
"cthm-14",1,2019,45.6521739130435,45.6521739130435
"cthm-14",2,2019,22.463768115942,23.1884057971015
"cthm-14",3,2019,21.6783216783217,21.6783216783217
"cthm-14",4,2019,31.4685314685315,31.4685314685315
"cthm-14",5,2019,36.8794326241135,36.8794326241135
"cthm-14",6,2019,28.3687943262411,28.3687943262411
"cthm-14",7,2019,18.2481751824817,18.2481751824817
"cthm-14",8,2019,17.2661870503597,17.2661870503597
"cthm-14",9,2019,25,25
"cthm-14",10,2019,27.3381294964029,28.0575539568345
"cthm-14",11,2019,34.0579710144927,34.0579710144927
"cthm-14",12,2019,37.8571428571429,37.8571428571429
"cthm-14",13,2019,32.1428571428572,32.1428571428572
"cthm-14",14,2019,30.7142857142857,30.7142857142857
"cthm-14",15,2019,14.3884892086331,14.3884892086331
"cthm-14",16,2019,28.9855072463768,28.9855072463768
"cthm-14",17,2019,22.3021582733813,22.3021582733813
"cthm-14",18,2019,18.705035971223,19.4244604316547
"cthm-14",19,2019,22.463768115942,22.463768115942
"cthm-14",20,2019,31.2056737588653,31.2056737588653
"drhm-01",1,2019,17.9856115107914,17.9856115107914
"drhm-01",2,2019,22.3021582733813,22.3021582733813
"drhm-01",3,2019,26.6187050359712,26.6187050359712
"drhm-01",4,2019,27.8571428571429,27.8571428571429
"drhm-01",5,2019,21.2765957446809,21.2765957446809
"drhm-01",6,2019,33.3333333333333,33.3333333333333
"drhm-01",7,2019,24.113475177305,24.113475177305
"drhm-01",8,2019,17.9856115107914,17.9856115107914
"drhm-01",9,2019,17.0212765957447,17.0212765957447
"drhm-01",10,2019,24.6376811594203,25.3623188405797
"drhm-01",11,2019,15,15.7142857142857
"drhm-01",12,2019,24.4604316546762,24.4604316546763
"drhm-01",13,2019,13.6690647482014,15.1079136690647
"drhm-01",14,2019,14.5985401459854,14.5985401459854
"drhm-01",15,2019,20.7142857142857,20.7142857142857
"drhm-01",16,2019,19.8581560283688,19.8581560283688
"drhm-01",17,2019,22.3021582733813,22.3021582733813
"drhm-01",18,2019,20,20
"drhm-01",19,2019,21.7391304347826,21.7391304347826
"drhm-01",20,2019,23.9130434782609,23.9130434782609
"drhm-02",1,2019,21.8309859154929,21.830985915493
"drhm-02",2,2019,27.1428571428572,27.1428571428572
"drhm-02",3,2019,38.4057971014493,38.4057971014493
"drhm-02",4,2019,29.2857142857143,29.2857142857143
"drhm-02",5,2019,29.2857142857143,29.2857142857143
"drhm-02",6,2019,24.0875912408759,24.0875912408759
"drhm-02",7,2019,36.6906474820144,36.6906474820144
"drhm-02",8,2019,20.1388888888889,20.1388888888889
"drhm-02",9,2019,24.113475177305,24.113475177305
"drhm-02",10,2019,11.5107913669065,11.5107913669065
"drhm-02",11,2019,18.1159420289855,18.1159420289855
"drhm-02",12,2019,26.8115942028985,26.8115942028985
"drhm-02",13,2019,17.1428571428571,17.1428571428571
"drhm-02",14,2019,20.2898550724638,20.2898550724638
"drhm-02",15,2019,17.8571428571428,17.8571428571428
"drhm-02",16,2019,23.404255319149,23.404255319149
"drhm-02",17,2019,25.7142857142857,26.4285714285714
"drhm-02",18,2019,20.863309352518,20.863309352518
"drhm-02",19,2019,23.404255319149,23.404255319149
"drhm-02",20,2019,24.6376811594203,24.6376811594203
"drhm-03",1,2019,100,100
"drhm-03",2,2019,100,100
"drhm-03",3,2019,100,100
"drhm-03",4,2019,100,100
"drhm-03",5,2019,99.9999999999999,100
"drhm-03",6,2019,97.1428571428572,97.8571428571429
"drhm-03",7,2019,80,80
"drhm-03",8,2019,100,100
"drhm-03",9,2019,93.5714285714286,93.5714285714286
"drhm-03",10,2019,92.1428571428572,92.1428571428572
"drhm-03",11,2019,18.7050359712231,18.7050359712231
"drhm-03",12,2019,23.0215827338129,23.0215827338129
"drhm-03",13,2019,100,100
"drhm-03",14,2019,99.9999999999999,100
"drhm-03",15,2019,74.3055555555556,74.3055555555556
"drhm-03",16,2019,87.1428571428571,87.8571428571429
"drhm-03",17,2019,97.1428571428571,97.1428571428572
"drhm-03",18,2019,65.4676258992806,65.4676258992806
"drhm-03",19,2019,32.3741007194245,32.3741007194245
"drhm-03",20,2019,25.8992805755395,25.8992805755395
"drhm-04",1,2019,97.2222222222223,97.2222222222223
"drhm-04",2,2019,67.1428571428571,67.1428571428571
"drhm-04",3,2019,40.5797101449276,40.5797101449276
"drhm-04",4,2019,20,20
"drhm-04",5,2019,86.231884057971,86.231884057971
"drhm-04",6,2019,30,30
"drhm-04",7,2019,28.3687943262411,28.3687943262411
"drhm-04",8,2019,44.9275362318841,44.9275362318841
"drhm-04",9,2019,25,25
"drhm-04",10,2019,15.2173913043478,15.2173913043478
"drhm-04",11,2019,17.1428571428571,17.1428571428571
"drhm-04",12,2019,29.2857142857142,29.2857142857143
"drhm-04",13,2019,35.2517985611511,35.9712230215827
"drhm-04",14,2019,15.7142857142857,15.7142857142857
"drhm-04",15,2019,16.1971830985915,16.1971830985915
"drhm-04",16,2019,25.7142857142857,26.4285714285714
"drhm-04",17,2019,46.0431654676259,46.0431654676259
"drhm-04",18,2019,17.0212765957446,17.0212765957446
"drhm-04",19,2019,21.7391304347826,21.7391304347826
"drhm-04",20,2019,94.9640287769784,94.9640287769784
"drhm-05",1,2019,27.8571428571429,27.8571428571429
"drhm-05",2,2019,27.8571428571428,27.8571428571428
"drhm-05",3,2019,43.1654676258993,43.1654676258993
"drhm-05",4,2019,47.1428571428572,47.1428571428572
"drhm-05",5,2019,81.1594202898551,83.3333333333333
"drhm-05",6,2019,99.9999999999999,100
"drhm-05",7,2019,53.4722222222222,54.1666666666667
"drhm-05",8,2019,81.8840579710146,81.8840579710146
"drhm-05",9,2019,70,71.4285714285715
"drhm-05",10,2019,64.0287769784173,64.7482014388489
"drhm-05",11,2019,53.1914893617021,53.1914893617021
"drhm-05",12,2019,65.9420289855072,65.9420289855073
"drhm-05",13,2019,98.5714285714285,98.5714285714286
"drhm-05",14,2019,100,100
"drhm-05",15,2019,100,100
"drhm-05",16,2019,99.9999999999999,100
"drhm-05",17,2019,100,100
"drhm-05",18,2019,65.9574468085106,65.9574468085106
"drhm-05",19,2019,56.5217391304348,56.5217391304348
"drhm-05",20,2019,37.1428571428571,37.1428571428571
"drhm-06",1,2019,68.75,68.7500000000001
"drhm-06",2,2019,99.2753623188406,99.2753623188406
"drhm-06",3,2019,100,100
"drhm-06",4,2019,99.2753623188406,99.2753623188406
"drhm-06",5,2019,100,100
"drhm-06",6,2019,84.1726618705036,84.1726618705036
"drhm-06",7,2019,87.1428571428572,89.2857142857143
"drhm-06",8,2019,77.8571428571429,77.8571428571429
"drhm-06",9,2019,75.5395683453238,75.5395683453238
"drhm-06",10,2019,82.8571428571428,82.8571428571428
"drhm-06",11,2019,57.2463768115942,57.2463768115942
"drhm-06",12,2019,100,100
"drhm-06",13,2019,73.3812949640288,73.3812949640288
"drhm-06",14,2019,74.468085106383,74.468085106383
"drhm-06",15,2019,69.5035460992907,69.5035460992907
"drhm-06",16,2019,92.1428571428571,92.1428571428572
"drhm-06",17,2019,86.9565217391305,86.9565217391305
"drhm-06",18,2019,100,100
"drhm-06",19,2019,94.4444444444444,94.4444444444444
"drhm-06",20,2019,95.7142857142857,95.7142857142858
"drhm-07",1,2019,89.2857142857143,90
"drhm-07",2,2019,67.8832116788322,67.8832116788322
"drhm-07",3,2019,45,45
"drhm-07",4,2019,51.8248175182481,51.8248175182481
"drhm-07",5,2019,96.3503649635037,96.3503649635037
"drhm-07",6,2019,86.1111111111111,86.1111111111111
"drhm-07",7,2019,89.9999999999999,89.9999999999999
"drhm-07",8,2019,64.7482014388489,64.7482014388489
"drhm-07",9,2019,77.536231884058,77.536231884058
"drhm-07",10,2019,15.9420289855073,15.9420289855073
"drhm-07",11,2019,22.1428571428571,22.1428571428571
"drhm-07",12,2019,18.0555555555556,19.4444444444445
"drhm-07",13,2019,16.3120567375887,16.3120567375887
"drhm-07",14,2019,17.8571428571428,18.5714285714285
"drhm-07",15,2019,16.3120567375887,16.3120567375887
"drhm-07",16,2019,22.6277372262774,22.6277372262774
"drhm-07",17,2019,36.4963503649635,36.4963503649635
"drhm-07",18,2019,35.5072463768116,35.5072463768116
"drhm-07",19,2019,27.1428571428572,27.1428571428572
"drhm-07",20,2019,26.4285714285715,26.4285714285715
"drhm-08",1,2019,73.5714285714286,73.5714285714286
"drhm-08",2,2019,33.8129496402877,33.8129496402877
"drhm-08",3,2019,21.4285714285714,21.4285714285714
"drhm-08",4,2019,18.0555555555556,18.0555555555556
"drhm-08",5,2019,18.5714285714286,20.7142857142857
"drhm-08",6,2019,18.1159420289855,18.1159420289855
"drhm-08",7,2019,29.1970802919708,29.1970802919708
"drhm-08",8,2019,92.0863309352518,92.0863309352518
"drhm-08",9,2019,75,75
"drhm-08",10,2019,73.3812949640288,73.3812949640288
"drhm-08",11,2019,57.1428571428572,57.1428571428572
"drhm-08",12,2019,78.9855072463769,78.9855072463769
"drhm-08",13,2019,36.9565217391304,36.9565217391304
"drhm-08",14,2019,76.6423357664234,76.6423357664234
"drhm-08",15,2019,70.2898550724638,71.0144927536232
"drhm-08",16,2019,33.8129496402878,33.8129496402878
"drhm-08",17,2019,36.231884057971,36.231884057971
"drhm-08",18,2019,30,30
"drhm-08",19,2019,55.3956834532374,56.1151079136691
"drhm-08",20,2019,45.7142857142858,47.1428571428572
"orng-01",1,2019,33.3333333333333,33.3333333333333
"orng-01",2,2019,18.8405797101449,18.8405797101449
"orng-01",3,2019,35.7142857142857,35.7142857142857
"orng-01",4,2019,39.5833333333333,39.5833333333333
"orng-01",5,2019,20.1438848920863,20.1438848920863
"orng-01",6,2019,24.2857142857142,24.2857142857143
"orng-01",7,2019,23.7410071942446,23.7410071942446
"orng-01",8,2019,20.7142857142857,21.4285714285715
"orng-01",9,2019,21.4285714285714,21.4285714285714
"orng-01",10,2019,20.1438848920863,20.1438848920863
"orng-01",11,2019,27.536231884058,27.536231884058
"orng-01",12,2019,21.7391304347826,21.7391304347826
"orng-01",13,2019,22.1428571428571,22.1428571428571
"orng-01",14,2019,17.2661870503597,17.2661870503597
"orng-01",15,2019,19.5652173913043,19.5652173913043
"orng-01",16,2019,24.4604316546763,24.4604316546763
"orng-01",17,2019,23.5714285714286,23.5714285714286
"orng-01",18,2019,17.2661870503597,17.2661870503597
"orng-01",19,2019,33.0985915492957,33.0985915492957
"orng-01",20,2019,16.3120567375887,16.3120567375887
"orng-02",1,2019,17.2661870503597,17.2661870503597
"orng-02",2,2019,18.8405797101449,18.8405797101449
"orng-02",3,2019,17.2661870503597,17.2661870503597
"orng-02",4,2019,12.1428571428571,12.1428571428571
"orng-02",5,2019,22.4637681159421,22.4637681159421
"orng-02",6,2019,23.021582733813,23.021582733813
"orng-02",7,2019,21.5827338129497,21.5827338129497
"orng-02",8,2019,38.8489208633094,38.8489208633094
"orng-02",9,2019,23.021582733813,23.021582733813
"orng-02",10,2019,14.2857142857143,14.2857142857143
"orng-02",11,2019,20.2898550724637,20.2898550724638
"orng-02",12,2019,17.5182481751825,17.5182481751825
"orng-02",13,2019,21.0144927536232,21.0144927536232
"orng-02",14,2019,33.8129496402877,33.8129496402877
"orng-02",15,2019,16.4285714285714,16.4285714285714
"orng-02",16,2019,17.8571428571428,17.8571428571428
"orng-02",17,2019,12.7659574468085,12.7659574468085
"orng-02",18,2019,36.4963503649635,36.4963503649635
"orng-02",19,2019,27.536231884058,28.2608695652174
"orng-02",20,2019,16.5467625899281,16.5467625899281
"orng-03",1,2019,36.4963503649635,36.4963503649635
"orng-03",2,2019,27.1428571428571,27.1428571428571
"orng-03",3,2019,31.6546762589928,31.6546762589928
"orng-03",4,2019,32.8571428571429,32.8571428571429
"orng-03",5,2019,18.705035971223,18.705035971223
"orng-03",6,2019,23.9130434782609,23.9130434782609
"orng-03",7,2019,57.8571428571429,57.8571428571429
"orng-03",8,2019,30.5555555555556,30.5555555555556
"orng-03",9,2019,30.7142857142857,30.7142857142857
"orng-03",10,2019,60,60
"orng-03",11,2019,97.1014492753623,97.8260869565217
"orng-03",12,2019,84.2857142857142,84.2857142857144
"orng-03",13,2019,36.4963503649635,36.4963503649635
"orng-03",14,2019,17.0212765957447,17.0212765957447
"orng-03",15,2019,25,26.4285714285714
"orng-03",16,2019,16.6666666666666,16.6666666666667
"orng-03",17,2019,21.1678832116788,21.1678832116788
"orng-03",18,2019,25.179856115108,25.179856115108
"orng-03",19,2019,14.6853146853147,17.4825174825175
"orng-03",20,2019,19.8581560283688,19.8581560283688
"orng-04",1,2019,100,100
"orng-04",2,2019,100,100
"orng-04",3,2019,77.536231884058,77.536231884058
"orng-04",4,2019,90.6474820143885,90.6474820143886
"orng-04",5,2019,83.6879432624114,83.6879432624114
"orng-04",6,2019,99.9999999999999,100
"orng-04",7,2019,77.6978417266188,77.6978417266188
"orng-04",8,2019,80.2816901408451,80.2816901408451
"orng-04",9,2019,60.7142857142857,61.4285714285714
"orng-04",10,2019,45,45
"orng-04",11,2019,17.0212765957447,17.0212765957447
"orng-04",12,2019,18.1159420289855,18.1159420289855
"orng-04",13,2019,34.2857142857143,34.2857142857143
"orng-04",14,2019,28.7769784172662,28.7769784172662
"orng-04",15,2019,40,40.7142857142857
"orng-04",16,2019,50.7246376811594,50.7246376811594
"orng-04",17,2019,16.0583941605839,16.0583941605839
"orng-04",18,2019,17.9856115107914,17.9856115107914
"orng-04",19,2019,21.7391304347826,21.7391304347826
"orng-04",20,2019,20,20
"orng-05",1,2019,15.2173913043478,15.2173913043478
"orng-05",2,2019,17.0212765957447,17.0212765957447
"orng-05",3,2019,31.2056737588652,31.2056737588652
"orng-05",4,2019,22.1428571428571,22.1428571428571
"orng-05",5,2019,22.8571428571429,23.5714285714286
"orng-05",6,2019,34.7826086956522,34.7826086956522
"orng-05",7,2019,31.6546762589928,31.6546762589928
"orng-05",8,2019,27.007299270073,27.007299270073
"orng-05",9,2019,18.1159420289855,18.1159420289855
"orng-05",10,2019,21.5827338129497,21.5827338129497
"orng-05",11,2019,18.5714285714285,18.5714285714285
"orng-05",12,2019,19.2857142857143,19.2857142857143
"orng-05",13,2019,24.4604316546763,24.4604316546763
"orng-05",14,2019,17.3611111111111,17.3611111111111
"orng-05",15,2019,17.8571428571429,19.2857142857143
"orng-05",16,2019,23.7410071942446,23.7410071942446
"orng-05",17,2019,32.1428571428571,32.1428571428571
"orng-05",18,2019,25.3623188405797,25.3623188405797
"orng-05",19,2019,24.8175182481752,24.8175182481752
"orng-05",20,2019,16.6666666666666,18.1159420289855
"orng-06",1,2019,17.8571428571428,17.8571428571429
"orng-06",2,2019,16.3120567375886,17.0212765957447
"orng-06",3,2019,23.5714285714285,25
"orng-06",4,2019,17.3913043478261,17.3913043478261
"orng-06",5,2019,25,25
"orng-06",6,2019,45.3237410071942,45.3237410071942
"orng-06",7,2019,68.6131386861314,69.3430656934307
"orng-06",8,2019,54.6099290780142,54.6099290780142
"orng-06",9,2019,32.1428571428571,32.1428571428572
"orng-06",10,2019,78.1021897810219,78.1021897810219
"orng-06",11,2019,90.6474820143885,90.6474820143885
"orng-06",12,2019,94.9275362318841,94.9275362318841
"orng-06",13,2019,30.2158273381295,30.2158273381295
"orng-06",14,2019,58.1560283687944,58.1560283687944
"orng-06",15,2019,92.8057553956834,92.8057553956834
"orng-06",16,2019,75.3623188405797,75.3623188405797
"orng-06",17,2019,75.5395683453237,75.5395683453237
"orng-06",18,2019,52.5179856115108,52.5179856115108
"orng-06",19,2019,25.5474452554745,25.5474452554745
"orng-06",20,2019,42.8571428571428,43.5714285714285
"orng-07",1,2019,56.8345323741008,56.8345323741008
"orng-07",2,2019,41.3043478260869,41.3043478260869
"orng-07",3,2019,21.0144927536232,21.0144927536232
"orng-07",4,2019,25.3623188405797,25.3623188405797
"orng-07",5,2019,25.1798561151079,25.1798561151079
"orng-07",6,2019,20.2898550724638,20.2898550724638
"orng-07",7,2019,18.1159420289855,18.8405797101449
"orng-07",8,2019,18.705035971223,18.705035971223
"orng-07",9,2019,33.0935251798561,33.0935251798561
"orng-07",10,2019,21.8309859154929,22.5352112676056
"orng-07",11,2019,16.6666666666666,16.6666666666666
"orng-07",12,2019,13.6690647482014,13.6690647482014
"orng-07",13,2019,27.4647887323944,28.1690140845071
"orng-07",14,2019,20.2898550724638,20.2898550724638
"orng-07",15,2019,44.2028985507246,49.2753623188406
"orng-07",16,2019,33.5714285714286,34.2857142857142
"orng-07",17,2019,16.6666666666667,16.6666666666667
"orng-07",18,2019,20.863309352518,20.863309352518
"orng-07",19,2019,42.4460431654676,42.4460431654676
"orng-07",20,2019,16.3120567375887,16.3120567375887
"orng-08",1,2019,27.8571428571428,27.8571428571428
"orng-08",2,2019,24.6376811594203,26.0869565217392
"orng-08",3,2019,25.8992805755396,27.3381294964029
"orng-08",4,2019,43.5714285714286,43.5714285714286
"orng-08",5,2019,18.5714285714285,18.5714285714285
"orng-08",6,2019,18.5714285714285,18.5714285714286
"orng-08",7,2019,23.0215827338129,23.7410071942446
"orng-08",8,2019,32.6241134751773,32.6241134751773
"orng-08",9,2019,27.536231884058,27.536231884058
"orng-08",10,2019,35,35
"orng-08",11,2019,15.7142857142857,15.7142857142857
"orng-08",12,2019,17.8571428571429,18.5714285714286
"orng-08",13,2019,16.4285714285714,16.4285714285714
"orng-08",14,2019,20.7142857142857,22.1428571428571
"orng-08",15,2019,20.863309352518,20.863309352518
"orng-08",16,2019,18.4397163120568,18.4397163120568
"orng-08",17,2019,19.2857142857143,19.2857142857143
"orng-08",18,2019,19.4244604316546,20.1438848920863
"orng-08",19,2019,36.4285714285714,36.4285714285714
"orng-08",20,2019,17.1428571428571,17.1428571428571
"orng-09",1,2019,27.1428571428571,27.1428571428571
"orng-09",2,2019,22.6950354609929,22.6950354609929
"orng-09",3,2019,25,25
"orng-09",4,2019,12.2302158273381,12.2302158273382
"orng-09",5,2019,23.9130434782609,23.9130434782609
"orng-09",6,2019,15.9420289855073,16.6666666666666
"orng-09",7,2019,36.1702127659575,37.5886524822695
"orng-09",8,2019,27.536231884058,27.536231884058
"orng-09",9,2019,20.2898550724637,20.2898550724637
"orng-09",10,2019,26.4285714285714,26.4285714285714
"orng-09",11,2019,17.8571428571429,17.8571428571429
"orng-09",12,2019,17.1428571428571,17.1428571428571
"orng-09",13,2019,20.1438848920864,20.863309352518
"orng-09",14,2019,17.1428571428572,17.1428571428572
"orng-09",15,2019,23.1884057971014,23.1884057971015
"orng-09",16,2019,20.863309352518,21.5827338129497
"orng-09",17,2019,32.8571428571428,33.5714285714285
"orng-09",18,2019,29.2857142857143,29.2857142857143
"orng-09",19,2019,26.4285714285714,26.4285714285714
"orng-09",20,2019,24.822695035461,24.822695035461
"orng-10",1,2019,35,35
"orng-10",2,2019,21.5827338129497,21.5827338129497
"orng-10",3,2019,49.2753623188406,49.2753623188406
"orng-10",4,2019,31.6546762589928,32.3741007194245
"orng-10",5,2019,34.2857142857143,34.2857142857143
"orng-10",6,2019,31.6546762589928,31.6546762589928
"orng-10",7,2019,32.6388888888889,32.6388888888889
"orng-10",8,2019,22.463768115942,22.463768115942
"orng-10",9,2019,25.3623188405797,25.3623188405797
"orng-10",10,2019,70.9219858156028,70.9219858156028
"orng-10",11,2019,67.8571428571429,67.8571428571429
"orng-10",12,2019,66.6666666666667,66.6666666666667
"orng-10",13,2019,42.6573426573427,42.6573426573427
"orng-10",14,2019,22.3021582733813,22.3021582733813
"orng-10",15,2019,31.2056737588652,31.2056737588652
"orng-10",16,2019,30.9352517985612,30.9352517985612
"orng-10",17,2019,27.5362318840579,27.5362318840579
"orng-10",18,2019,20.979020979021,20.979020979021
"orng-10",19,2019,33.5766423357665,33.5766423357665
"orng-10",20,2019,51.4492753623189,51.4492753623189
"orng-11",1,2019,25.1798561151079,25.1798561151079
"orng-11",2,2019,20.7142857142857,20.7142857142857
"orng-11",3,2019,25.8992805755396,25.8992805755396
"orng-11",4,2019,23.021582733813,23.021582733813
"orng-11",5,2019,40.4255319148937,40.4255319148937
"orng-11",6,2019,37.4100719424461,37.4100719424461
"orng-11",7,2019,24.6376811594203,24.6376811594203
"orng-11",8,2019,23.5714285714286,23.5714285714286
"orng-11",9,2019,30,30
"orng-11",10,2019,23.0215827338129,23.0215827338129
"orng-11",11,2019,32.1428571428571,32.1428571428571
"orng-11",12,2019,16.3120567375887,16.3120567375887
"orng-11",13,2019,24.6376811594203,24.6376811594203
"orng-11",14,2019,21.0144927536232,21.7391304347826
"orng-11",15,2019,20.5673758865248,22.6950354609929
"orng-11",16,2019,22.3021582733813,23.021582733813
"orng-11",17,2019,27.7777777777778,29.1666666666666
"orng-11",18,2019,27.3381294964029,28.0575539568345
"orng-11",19,2019,20.1438848920864,20.1438848920864
"orng-11",20,2019,23.404255319149,23.404255319149
"orng-12",1,2019,32.3741007194245,32.3741007194245
"orng-12",2,2019,28.6713286713287,28.6713286713287
"orng-12",3,2019,28.0575539568345,28.0575539568345
"orng-12",4,2019,42.1428571428571,42.1428571428571
"orng-12",5,2019,41.304347826087,41.304347826087
"orng-12",6,2019,74.468085106383,74.468085106383
"orng-12",7,2019,100,100
"orng-12",8,2019,97.2027972027973,97.2027972027973
"orng-12",9,2019,95.7142857142857,95.7142857142858
"orng-12",10,2019,99.9999999999999,100
"orng-12",11,2019,100,100
"orng-12",12,2019,100,100
"orng-12",13,2019,98.5611510791367,98.5611510791367
"orng-12",14,2019,97.1631205673758,97.1631205673759
"orng-12",15,2019,76.8115942028986,77.536231884058
"orng-12",16,2019,27.3381294964029,27.3381294964029
"orng-12",17,2019,35.2517985611511,35.2517985611511
"orng-12",18,2019,59.2857142857142,59.2857142857143
"orng-12",19,2019,23.9130434782608,23.9130434782608
"orng-12",20,2019,23.5714285714286,23.5714285714286
"cthm-01",1,2020,24.4604316546763,25.1798561151079
"cthm-01",2,2020,18.8405797101449,18.8405797101449
"cthm-01",3,2020,32.1428571428572,32.1428571428572
"cthm-01",4,2020,36.4285714285715,36.4285714285715
"cthm-01",5,2020,50.0000000000001,50.0000000000001
"cthm-01",6,2020,44.5255474452554,45.2554744525547
"cthm-01",7,2020,25.6944444444445,26.3888888888889
"cthm-01",8,2020,18.75,18.75
"cthm-01",9,2020,19.1489361702128,19.8581560283688
"cthm-01",10,2020,28.0575539568346,28.0575539568346
"cthm-01",11,2020,41.6058394160584,41.6058394160584
"cthm-01",12,2020,40.5797101449276,40.5797101449276
"cthm-01",13,2020,35.7142857142857,35.7142857142857
"cthm-01",14,2020,17.3913043478261,18.1159420289855
"cthm-01",15,2020,42.0289855072463,42.0289855072463
"cthm-01",16,2020,42.8571428571429,42.8571428571429
"cthm-01",17,2020,27.3381294964029,28.7769784172662
"cthm-01",18,2020,43.4782608695652,43.4782608695652
"cthm-01",19,2020,34.0425531914894,34.0425531914894
"cthm-01",20,2020,54.6762589928058,54.6762589928058
"cthm-02",1,2020,16.5467625899281,16.5467625899281
"cthm-02",2,2020,16.4285714285714,16.4285714285714
"cthm-02",3,2020,24.2857142857143,24.2857142857143
"cthm-02",4,2020,13.0434782608696,13.0434782608696
"cthm-02",5,2020,90.5109489051094,90.5109489051095
"cthm-02",6,2020,79.8611111111111,79.8611111111111
"cthm-02",7,2020,44.6043165467627,44.6043165467627
"cthm-02",8,2020,58.9928057553957,58.9928057553957
"cthm-02",9,2020,29.7101449275363,29.7101449275363
"cthm-02",10,2020,22.1428571428571,22.1428571428572
"cthm-02",11,2020,32.8467153284671,32.8467153284671
"cthm-02",12,2020,22.463768115942,22.463768115942
"cthm-02",13,2020,7.97101449275362,7.97101449275362
"cthm-02",14,2020,25.8992805755395,27.3381294964028
"cthm-02",15,2020,57.1428571428571,57.1428571428571
"cthm-02",16,2020,21.0144927536231,21.0144927536231
"cthm-02",17,2020,28.5714285714286,28.5714285714286
"cthm-02",18,2020,24.4604316546762,24.4604316546763
"cthm-02",19,2020,47.1014492753623,47.1014492753623
"cthm-02",20,2020,25,25
"cthm-03",1,2020,31.4285714285714,31.4285714285714
"cthm-03",2,2020,25.7142857142857,25.7142857142857
"cthm-03",3,2020,48.2517482517483,48.951048951049
"cthm-03",4,2020,42.3611111111111,42.3611111111111
"cthm-03",5,2020,57.5539568345323,57.5539568345324
"cthm-03",6,2020,27.3381294964029,27.3381294964029
"cthm-03",7,2020,90.7142857142857,90.7142857142858
"cthm-03",8,2020,33.5714285714286,33.5714285714286
"cthm-03",9,2020,14.2857142857143,14.2857142857143
"cthm-03",10,2020,18.705035971223,20.1438848920864
"cthm-03",11,2020,21.0144927536232,21.7391304347826
"cthm-03",12,2020,6.47482014388489,17.9856115107914
"cthm-03",13,2020,16.4285714285714,17.1428571428571
"cthm-03",14,2020,19.2857142857143,20
"cthm-03",15,2020,20,23.5714285714286
"cthm-03",16,2020,19.4244604316547,20.1438848920864
"cthm-03",17,2020,23.0215827338129,23.0215827338129
"cthm-03",18,2020,19.1489361702127,19.1489361702128
"cthm-03",19,2020,39.2857142857143,39.2857142857143
"cthm-03",20,2020,20.5673758865248,22.6950354609929
"cthm-04",2,2020,19.1489361702128,19.1489361702128
"cthm-04",3,2020,20.2898550724637,20.2898550724637
"cthm-04",4,2020,9.28571428571429,9.28571428571429
"cthm-04",5,2020,21.4285714285714,21.4285714285714
"cthm-04",6,2020,29.2857142857143,29.2857142857143
"cthm-04",7,2020,13.6690647482014,13.6690647482014
"cthm-04",8,2020,20,20
"cthm-04",9,2020,72.463768115942,72.463768115942
"cthm-04",10,2020,45.6521739130435,45.6521739130435
"cthm-04",11,2020,57.5539568345324,57.5539568345324
"cthm-04",12,2020,15.8273381294964,15.8273381294964
"cthm-04",13,2020,17.8571428571428,17.8571428571428
"cthm-04",14,2020,27.8571428571428,27.8571428571428
"cthm-04",15,2020,8.57142857142857,8.57142857142857
"cthm-04",16,2020,4.31654676258993,4.31654676258993
"cthm-04",17,2020,19.5652173913043,19.5652173913043
"cthm-04",18,2020,20,20.7142857142857
"cthm-04",19,2020,21.5827338129496,21.5827338129496
"cthm-04",20,2020,17.2661870503597,17.2661870503597
"cthm-05",1,2020,21.0144927536232,21.0144927536232
"cthm-05",2,2020,23.5714285714285,23.5714285714285
"cthm-05",3,2020,16.5467625899281,16.5467625899281
"cthm-05",4,2020,12.9496402877698,13.6690647482015
"cthm-05",5,2020,12.8571428571429,15
"cthm-05",6,2020,14.3884892086331,14.3884892086331
"cthm-05",7,2020,18.75,18.75
"cthm-05",8,2020,17.2661870503597,17.2661870503597
"cthm-05",9,2020,18.5714285714286,18.5714285714286
"cthm-05",10,2020,18.8405797101449,18.8405797101449
"cthm-05",11,2020,24.2857142857143,24.2857142857143
"cthm-05",12,2020,16.5467625899281,16.5467625899281
"cthm-05",13,2020,21.8978102189781,21.8978102189781
"cthm-05",14,2020,15.6028368794326,15.6028368794326
"cthm-05",15,2020,18.8811188811189,18.8811188811189
"cthm-05",16,2020,29.1970802919708,29.1970802919708
"cthm-05",17,2020,20.8333333333333,20.8333333333334
"cthm-05",18,2020,14.1843971631205,15.6028368794326
"cthm-05",19,2020,18.8405797101449,18.8405797101449
"cthm-05",20,2020,24.4604316546763,24.4604316546763
"cthm-06",1,2020,34.0579710144927,34.0579710144927
"cthm-06",2,2020,34.2857142857143,34.2857142857143
"cthm-06",3,2020,18.705035971223,18.705035971223
"cthm-06",4,2020,25.1798561151079,25.1798561151079
"cthm-06",5,2020,15.7142857142857,15.7142857142857
"cthm-06",6,2020,18.705035971223,19.4244604316547
"cthm-06",7,2020,27.3381294964029,27.3381294964029
"cthm-06",8,2020,29.2857142857143,29.2857142857143
"cthm-06",9,2020,17.1428571428571,19.2857142857143
"cthm-06",10,2020,21.7391304347826,21.7391304347826
"cthm-06",11,2020,29.4964028776979,29.4964028776979
"cthm-06",12,2020,19.2857142857143,20
"cthm-06",13,2020,42.8571428571428,42.8571428571428
"cthm-06",14,2020,23.0215827338129,23.021582733813
"cthm-06",15,2020,24.822695035461,24.822695035461
"cthm-06",16,2020,24.4604316546763,24.4604316546763
"cthm-06",17,2020,16.5467625899281,16.5467625899281
"cthm-06",18,2020,20.5673758865249,20.5673758865249
"cthm-06",19,2020,20.863309352518,20.863309352518
"cthm-06",20,2020,17.2661870503598,17.2661870503598
"cthm-07",1,2020,21.7391304347826,21.7391304347826
"cthm-07",2,2020,15.7142857142857,19.2857142857143
"cthm-07",3,2020,27.1428571428572,29.2857142857143
"cthm-07",4,2020,5.79710144927536,14.4927536231884
"cthm-07",5,2020,15.1079136690647,16.5467625899281
"cthm-07",6,2020,14.8936170212766,17.0212765957447
"cthm-07",7,2020,16.4285714285714,17.1428571428571
"cthm-07",8,2020,15,17.1428571428571
"cthm-07",9,2020,25.531914893617,26.241134751773
"cthm-07",10,2020,20.1438848920864,20.1438848920864
"cthm-07",11,2020,18.705035971223,18.705035971223
"cthm-07",12,2020,15.1079136690647,15.1079136690647
"cthm-07",13,2020,22.463768115942,22.463768115942
"cthm-07",14,2020,16.6666666666667,16.6666666666667
"cthm-07",15,2020,29.4964028776978,29.4964028776978
"cthm-07",16,2020,18.5714285714286,18.5714285714286
"cthm-07",17,2020,17.3913043478261,17.3913043478261
"cthm-07",18,2020,17.8571428571428,17.8571428571428
"cthm-07",19,2020,16.0583941605839,16.0583941605839
"cthm-07",20,2020,21.5277777777778,21.5277777777778
"cthm-08",1,2020,18.5714285714285,18.5714285714285
"cthm-08",2,2020,47.5177304964539,47.5177304964539
"cthm-08",3,2020,38.5714285714286,38.5714285714286
"cthm-08",4,2020,20.1438848920863,24.4604316546763
"cthm-08",5,2020,25.6944444444444,25.6944444444445
"cthm-08",6,2020,26.6187050359712,26.6187050359712
"cthm-08",7,2020,34.0579710144927,34.0579710144927
"cthm-08",8,2020,27.1428571428571,27.1428571428571
"cthm-08",9,2020,19.2857142857142,19.2857142857142
"cthm-08",10,2020,16.4285714285715,17.1428571428572
"cthm-08",11,2020,31.6546762589928,31.6546762589928
"cthm-08",12,2020,20.1438848920863,20.1438848920863
"cthm-08",13,2020,15.9420289855072,15.9420289855072
"cthm-08",14,2020,22.3021582733813,22.3021582733813
"cthm-08",15,2020,17.9856115107914,17.9856115107914
"cthm-08",16,2020,15.2173913043478,15.2173913043478
"cthm-08",17,2020,19.2857142857143,19.2857142857143
"cthm-08",18,2020,15.2777777777778,15.2777777777778
"cthm-08",19,2020,16.546762589928,16.5467625899281
"cthm-08",20,2020,29.9270072992701,29.9270072992701
"cthm-09",1,2020,20.7142857142857,20.7142857142857
"cthm-09",2,2020,27.3381294964028,27.3381294964029
"cthm-09",3,2020,40.7142857142857,41.4285714285714
"cthm-09",4,2020,35.9154929577465,35.9154929577465
"cthm-09",5,2020,46.7153284671533,46.7153284671533
"cthm-09",6,2020,28.0575539568345,28.0575539568345
"cthm-09",7,2020,21.7391304347826,21.7391304347826
"cthm-09",8,2020,35.2517985611511,35.2517985611511
"cthm-09",9,2020,35.2517985611511,35.2517985611511
"cthm-09",10,2020,37.4100719424461,37.4100719424461
"cthm-09",11,2020,46.4285714285715,46.4285714285715
"cthm-09",12,2020,20.5673758865248,20.5673758865248
"cthm-09",13,2020,21.0144927536232,21.0144927536232
"cthm-09",14,2020,12.8571428571429,12.8571428571429
"cthm-09",15,2020,27.6595744680851,27.6595744680851
"cthm-09",16,2020,17.2661870503597,17.2661870503597
"cthm-09",17,2020,41.726618705036,41.726618705036
"cthm-09",18,2020,26.4285714285715,26.4285714285715
"cthm-09",19,2020,17.8571428571428,17.8571428571428
"cthm-09",20,2020,21.0144927536232,21.0144927536232
"cthm-10",1,2020,24.6376811594203,25.3623188405797
"cthm-10",2,2020,30.7142857142857,31.4285714285715
"cthm-10",3,2020,23.021582733813,23.7410071942446
"cthm-10",4,2020,24.2857142857143,27.8571428571429
"cthm-10",5,2020,39.2857142857142,39.2857142857142
"cthm-10",6,2020,36.9565217391304,36.9565217391304
"cthm-10",7,2020,24.4604316546762,24.4604316546762
"cthm-10",8,2020,27.1428571428571,27.1428571428571
"cthm-10",9,2020,30.6569343065693,30.6569343065693
"cthm-10",10,2020,20.1438848920863,20.1438848920864
"cthm-10",11,2020,24.8175182481752,24.8175182481752
"cthm-10",12,2020,31.2056737588653,31.2056737588653
"cthm-10",13,2020,28.7769784172662,28.7769784172662
"cthm-10",14,2020,66.1870503597123,66.1870503597123
"cthm-10",15,2020,30.4347826086956,30.4347826086956
"cthm-10",16,2020,93.4782608695652,93.4782608695653
"cthm-10",17,2020,96.4285714285714,96.4285714285714
"cthm-10",18,2020,35.2112676056338,35.2112676056338
"cthm-10",19,2020,25,25
"cthm-10",20,2020,20.863309352518,20.863309352518
"cthm-11",1,2020,18.8405797101449,20.2898550724637
"cthm-11",2,2020,33.5714285714285,33.5714285714286
"cthm-11",3,2020,26.4285714285714,26.4285714285714
"cthm-11",4,2020,23.021582733813,23.021582733813
"cthm-11",5,2020,15.9420289855072,15.9420289855072
"cthm-11",6,2020,18.5714285714285,19.2857142857142
"cthm-11",7,2020,27.536231884058,27.536231884058
"cthm-11",8,2020,16.3120567375887,17.0212765957447
"cthm-11",9,2020,25,25
"cthm-11",10,2020,18.705035971223,18.705035971223
"cthm-11",11,2020,38.4615384615385,38.4615384615385
"cthm-11",12,2020,13.986013986014,13.986013986014
"cthm-11",13,2020,21.2765957446809,21.2765957446809
"cthm-11",14,2020,15.2777777777777,18.0555555555556
"cthm-11",15,2020,15,15
"cthm-11",16,2020,28.7769784172663,28.7769784172663
"cthm-11",17,2020,31.6546762589928,31.6546762589928
"cthm-11",18,2020,27.0833333333333,27.0833333333333
"cthm-11",19,2020,18.4397163120567,18.4397163120567
"cthm-11",20,2020,45,45
"cthm-12",1,2020,31.1594202898551,32.6086956521739
"cthm-12",2,2020,15.9722222222222,17.3611111111111
"cthm-12",3,2020,17.2661870503597,17.2661870503597
"cthm-12",4,2020,37.4100719424461,37.4100719424461
"cthm-12",5,2020,18.1159420289855,18.8405797101449
"cthm-12",6,2020,36.8794326241135,36.8794326241135
"cthm-12",7,2020,20,20
"cthm-12",8,2020,16.6666666666667,17.3611111111111
"cthm-12",9,2020,19.8581560283688,19.8581560283688
"cthm-12",10,2020,32.8467153284672,32.8467153284672
"cthm-12",11,2020,21.5827338129496,21.5827338129496
"cthm-12",12,2020,27.5362318840579,27.5362318840579
"cthm-12",13,2020,15.7142857142857,15.7142857142857
"cthm-12",14,2020,15.7142857142857,15.7142857142857
"cthm-12",15,2020,16.4285714285714,16.4285714285714
"cthm-12",16,2020,32.1428571428571,32.1428571428571
"cthm-12",17,2020,16.6666666666666,16.6666666666666
"cthm-12",18,2020,53.6231884057971,53.6231884057971
"cthm-12",19,2020,23.5714285714285,23.5714285714286
"cthm-12",20,2020,38.5714285714286,39.2857142857143
"cthm-13",1,2020,27.0833333333333,27.0833333333333
"cthm-13",2,2020,23.9130434782609,23.9130434782609
"cthm-13",3,2020,25.8992805755396,25.8992805755396
"cthm-13",4,2020,16.6666666666666,23.6111111111111
"cthm-13",5,2020,29.7101449275362,29.7101449275363
"cthm-13",6,2020,22.8571428571428,22.8571428571428
"cthm-13",7,2020,47.5177304964539,48.936170212766
"cthm-13",8,2020,36.6906474820144,36.6906474820144
"cthm-13",9,2020,100,100
"cthm-13",10,2020,100,100
"cthm-13",11,2020,100,100
"cthm-13",12,2020,78.1021897810219,78.1021897810219
"cthm-13",13,2020,38.4615384615385,38.4615384615385
"cthm-13",14,2020,23.7410071942446,23.7410071942446
"cthm-13",15,2020,30,30
"cthm-13",16,2020,53.2846715328468,53.2846715328468
"cthm-13",17,2020,33.3333333333333,33.3333333333333
"cthm-13",18,2020,16.5467625899281,18.705035971223
"cthm-13",19,2020,22.463768115942,22.463768115942
"cthm-13",20,2020,16.4285714285714,16.4285714285714
"cthm-14",1,2020,45.6521739130435,45.6521739130435
"cthm-14",2,2020,22.463768115942,23.1884057971015
"cthm-14",3,2020,21.6783216783217,21.6783216783217
"cthm-14",4,2020,31.4685314685315,31.4685314685315
"cthm-14",5,2020,36.8794326241135,36.8794326241135
"cthm-14",6,2020,28.3687943262411,28.3687943262411
"cthm-14",7,2020,18.2481751824817,18.2481751824817
"cthm-14",8,2020,17.2661870503597,17.2661870503597
"cthm-14",9,2020,25,25
"cthm-14",10,2020,27.3381294964029,28.0575539568345
"cthm-14",11,2020,34.0579710144927,34.0579710144927
"cthm-14",12,2020,38.5714285714286,38.5714285714286
"cthm-14",13,2020,32.1428571428572,32.1428571428572
"cthm-14",14,2020,30.7142857142857,30.7142857142857
"cthm-14",15,2020,14.3884892086331,14.3884892086331
"cthm-14",16,2020,28.9855072463768,28.9855072463768
"cthm-14",17,2020,22.3021582733813,22.3021582733813
"cthm-14",18,2020,18.705035971223,19.4244604316547
"cthm-14",19,2020,22.463768115942,22.463768115942
"cthm-14",20,2020,31.2056737588653,31.2056737588653
"drhm-01",1,2020,17.9856115107914,17.9856115107914
"drhm-01",2,2020,22.3021582733813,22.3021582733813
"drhm-01",3,2020,27.3381294964029,27.3381294964029
"drhm-01",4,2020,27.8571428571429,27.8571428571429
"drhm-01",5,2020,21.2765957446809,21.2765957446809
"drhm-01",6,2020,33.3333333333333,33.3333333333333
"drhm-01",7,2020,24.113475177305,24.113475177305
"drhm-01",8,2020,17.9856115107914,17.9856115107914
"drhm-01",9,2020,17.0212765957447,17.0212765957447
"drhm-01",10,2020,24.6376811594203,25.3623188405797
"drhm-01",11,2020,14.2857142857143,15.7142857142857
"drhm-01",12,2020,23.7410071942447,24.4604316546763
"drhm-01",13,2020,13.6690647482014,15.1079136690647
"drhm-01",14,2020,14.5985401459854,14.5985401459854
"drhm-01",15,2020,20.7142857142857,20.7142857142857
"drhm-01",16,2020,19.8581560283688,19.8581560283688
"drhm-01",17,2020,22.3021582733813,22.3021582733813
"drhm-01",18,2020,20,20
"drhm-01",19,2020,21.7391304347826,21.7391304347826
"drhm-01",20,2020,23.9130434782609,23.9130434782609
"drhm-02",1,2020,21.8309859154929,21.830985915493
"drhm-02",2,2020,27.8571428571429,27.8571428571429
"drhm-02",3,2020,38.4057971014493,38.4057971014493
"drhm-02",4,2020,29.2857142857143,29.2857142857143
"drhm-02",5,2020,29.2857142857143,29.2857142857143
"drhm-02",6,2020,24.0875912408759,24.0875912408759
"drhm-02",7,2020,36.6906474820144,36.6906474820144
"drhm-02",8,2020,20.1388888888889,20.1388888888889
"drhm-02",9,2020,24.113475177305,24.113475177305
"drhm-02",10,2020,11.5107913669065,11.5107913669065
"drhm-02",11,2020,18.1159420289855,18.1159420289855
"drhm-02",12,2020,26.8115942028985,26.8115942028985
"drhm-02",13,2020,17.1428571428571,17.1428571428571
"drhm-02",14,2020,20.2898550724638,20.2898550724638
"drhm-02",15,2020,17.8571428571428,17.8571428571428
"drhm-02",16,2020,23.404255319149,23.404255319149
"drhm-02",17,2020,25.7142857142857,26.4285714285714
"drhm-02",18,2020,20.863309352518,20.863309352518
"drhm-02",19,2020,23.404255319149,23.404255319149
"drhm-02",20,2020,24.6376811594203,24.6376811594203
"drhm-03",1,2020,100,100
"drhm-03",2,2020,100,100
"drhm-03",3,2020,100,100
"drhm-03",4,2020,100,100
"drhm-03",5,2020,99.9999999999999,100
"drhm-03",6,2020,97.1428571428572,97.8571428571429
"drhm-03",7,2020,80,80
"drhm-03",8,2020,100,100
"drhm-03",9,2020,93.5714285714286,93.5714285714286
"drhm-03",10,2020,92.1428571428572,92.1428571428572
"drhm-03",11,2020,18.7050359712231,18.7050359712231
"drhm-03",12,2020,23.0215827338129,23.0215827338129
"drhm-03",13,2020,100,100
"drhm-03",14,2020,99.9999999999999,100
"drhm-03",15,2020,74.3055555555556,74.3055555555556
"drhm-03",16,2020,87.8571428571428,87.8571428571429
"drhm-03",17,2020,97.1428571428571,97.1428571428572
"drhm-03",18,2020,65.4676258992806,65.4676258992806
"drhm-03",19,2020,32.3741007194245,32.3741007194245
"drhm-03",20,2020,25.8992805755395,25.8992805755395
"drhm-04",1,2020,97.2222222222223,97.2222222222223
"drhm-04",2,2020,67.1428571428571,67.1428571428571
"drhm-04",3,2020,40.5797101449276,40.5797101449276
"drhm-04",4,2020,20,20
"drhm-04",5,2020,86.231884057971,86.231884057971
"drhm-04",6,2020,30,30
"drhm-04",7,2020,28.3687943262411,28.3687943262411
"drhm-04",8,2020,44.9275362318841,44.9275362318841
"drhm-04",9,2020,25,25
"drhm-04",10,2020,15.2173913043478,15.2173913043478
"drhm-04",11,2020,17.1428571428571,17.1428571428571
"drhm-04",12,2020,29.2857142857142,29.2857142857143
"drhm-04",13,2020,35.2517985611511,35.9712230215827
"drhm-04",14,2020,17.8571428571429,17.8571428571429
"drhm-04",15,2020,16.1971830985915,16.1971830985915
"drhm-04",16,2020,25.7142857142857,26.4285714285714
"drhm-04",17,2020,46.0431654676259,46.0431654676259
"drhm-04",18,2020,17.0212765957446,17.0212765957446
"drhm-04",19,2020,21.7391304347826,21.7391304347826
"drhm-04",20,2020,94.9640287769785,94.9640287769785
"drhm-05",1,2020,27.8571428571429,27.8571428571429
"drhm-05",2,2020,27.8571428571429,27.8571428571429
"drhm-05",3,2020,43.1654676258993,43.1654676258993
"drhm-05",4,2020,47.1428571428572,47.1428571428572
"drhm-05",5,2020,81.1594202898551,83.3333333333333
"drhm-05",6,2020,99.9999999999999,100
"drhm-05",7,2020,53.4722222222222,54.1666666666667
"drhm-05",8,2020,81.8840579710146,81.8840579710146
"drhm-05",9,2020,70,71.4285714285715
"drhm-05",10,2020,63.3093525179856,64.7482014388489
"drhm-05",11,2020,53.1914893617021,53.1914893617021
"drhm-05",12,2020,65.9420289855072,65.9420289855073
"drhm-05",13,2020,98.5714285714286,98.5714285714286
"drhm-05",14,2020,100,100
"drhm-05",15,2020,100,100
"drhm-05",16,2020,100,100
"drhm-05",17,2020,100,100
"drhm-05",18,2020,65.9574468085106,65.9574468085106
"drhm-05",19,2020,56.5217391304348,56.5217391304348
"drhm-05",20,2020,37.1428571428571,37.1428571428571
"drhm-06",1,2020,87.5000000000001,87.5000000000001
"drhm-06",2,2020,99.2753623188406,99.2753623188406
"drhm-06",3,2020,100,100
"drhm-06",4,2020,100,100
"drhm-06",5,2020,100,100
"drhm-06",6,2020,86.3309352517986,86.3309352517986
"drhm-06",7,2020,87.1428571428571,89.2857142857143
"drhm-06",8,2020,77.8571428571428,77.8571428571429
"drhm-06",9,2020,75.5395683453238,75.5395683453238
"drhm-06",10,2020,82.8571428571428,82.8571428571428
"drhm-06",11,2020,57.2463768115942,57.2463768115942
"drhm-06",12,2020,100,100
"drhm-06",13,2020,73.3812949640288,73.3812949640288
"drhm-06",14,2020,74.468085106383,74.468085106383
"drhm-06",15,2020,69.5035460992907,69.5035460992907
"drhm-06",16,2020,92.1428571428571,92.1428571428572
"drhm-06",17,2020,86.9565217391305,86.9565217391305
"drhm-06",18,2020,100,100
"drhm-06",19,2020,94.4444444444444,94.4444444444444
"drhm-06",20,2020,95.7142857142857,95.7142857142858
"drhm-07",1,2020,89.2857142857143,90
"drhm-07",2,2020,67.8832116788322,67.8832116788322
"drhm-07",3,2020,45.7142857142857,45.7142857142857
"drhm-07",4,2020,51.8248175182481,51.8248175182481
"drhm-07",5,2020,96.3503649635037,96.3503649635037
"drhm-07",6,2020,86.1111111111111,86.1111111111111
"drhm-07",7,2020,90,90
"drhm-07",8,2020,64.7482014388489,64.7482014388489
"drhm-07",9,2020,77.536231884058,77.536231884058
"drhm-07",10,2020,15.9420289855073,15.9420289855073
"drhm-07",11,2020,22.1428571428571,22.1428571428571
"drhm-07",12,2020,18.0555555555556,19.4444444444445
"drhm-07",13,2020,16.3120567375887,16.3120567375887
"drhm-07",14,2020,17.8571428571428,18.5714285714285
"drhm-07",15,2020,16.3120567375887,16.3120567375887
"drhm-07",16,2020,22.6277372262774,22.6277372262774
"drhm-07",17,2020,36.4963503649635,36.4963503649635
"drhm-07",18,2020,35.5072463768116,35.5072463768116
"drhm-07",19,2020,27.1428571428572,27.1428571428572
"drhm-07",20,2020,26.4285714285715,26.4285714285715
"drhm-08",1,2020,75,75
"drhm-08",2,2020,33.8129496402877,33.8129496402877
"drhm-08",3,2020,21.4285714285714,21.4285714285714
"drhm-08",4,2020,18.0555555555556,18.0555555555556
"drhm-08",5,2020,19.2857142857143,20.7142857142857
"drhm-08",6,2020,18.840579710145,18.840579710145
"drhm-08",7,2020,29.1970802919708,29.1970802919708
"drhm-08",8,2020,92.0863309352518,92.0863309352518
"drhm-08",9,2020,75,75
"drhm-08",10,2020,73.3812949640288,73.3812949640288
"drhm-08",11,2020,58.5714285714286,58.5714285714286
"drhm-08",12,2020,78.9855072463769,78.9855072463769
"drhm-08",13,2020,36.9565217391304,36.9565217391304
"drhm-08",14,2020,76.6423357664234,76.6423357664234
"drhm-08",15,2020,70.2898550724638,71.0144927536232
"drhm-08",16,2020,33.8129496402878,33.8129496402878
"drhm-08",17,2020,36.231884057971,36.231884057971
"drhm-08",18,2020,30,30
"drhm-08",19,2020,56.8345323741007,56.8345323741007
"drhm-08",20,2020,45.7142857142858,47.1428571428572
"orng-01",1,2020,33.3333333333333,33.3333333333333
"orng-01",2,2020,18.8405797101449,18.8405797101449
"orng-01",3,2020,35.7142857142857,35.7142857142857
"orng-01",4,2020,39.5833333333333,39.5833333333333
"orng-01",5,2020,20.1438848920863,20.1438848920863
"orng-01",6,2020,24.2857142857142,24.2857142857143
"orng-01",7,2020,24.4604316546762,24.4604316546762
"orng-01",8,2020,20.7142857142857,21.4285714285715
"orng-01",9,2020,21.4285714285714,21.4285714285714
"orng-01",10,2020,20.1438848920863,20.1438848920863
"orng-01",11,2020,27.536231884058,27.536231884058
"orng-01",12,2020,22.463768115942,22.463768115942
"orng-01",13,2020,22.1428571428571,22.1428571428571
"orng-01",14,2020,17.2661870503597,17.2661870503597
"orng-01",15,2020,19.5652173913043,19.5652173913043
"orng-01",16,2020,24.4604316546763,24.4604316546763
"orng-01",17,2020,23.5714285714286,23.5714285714286
"orng-01",18,2020,17.2661870503597,17.2661870503597
"orng-01",19,2020,33.0985915492957,33.0985915492957
"orng-01",20,2020,16.3120567375887,16.3120567375887
"orng-02",1,2020,17.2661870503597,17.2661870503597
"orng-02",2,2020,18.8405797101449,18.8405797101449
"orng-02",3,2020,17.2661870503597,17.2661870503597
"orng-02",4,2020,12.1428571428571,12.1428571428571
"orng-02",5,2020,22.4637681159421,22.4637681159421
"orng-02",6,2020,23.021582733813,23.021582733813
"orng-02",7,2020,21.5827338129497,21.5827338129497
"orng-02",8,2020,38.8489208633094,38.8489208633094
"orng-02",9,2020,23.021582733813,23.021582733813
"orng-02",10,2020,14.2857142857143,14.2857142857143
"orng-02",11,2020,20.2898550724637,20.2898550724638
"orng-02",12,2020,17.5182481751825,17.5182481751825
"orng-02",13,2020,21.0144927536232,21.0144927536232
"orng-02",14,2020,33.8129496402877,33.8129496402877
"orng-02",15,2020,16.4285714285714,16.4285714285714
"orng-02",16,2020,18.5714285714285,18.5714285714285
"orng-02",17,2020,12.7659574468085,12.7659574468085
"orng-02",18,2020,36.4963503649635,36.4963503649635
"orng-02",19,2020,27.536231884058,28.2608695652174
"orng-02",20,2020,16.5467625899281,16.5467625899281
"orng-03",1,2020,36.4963503649635,36.4963503649635
"orng-03",2,2020,27.1428571428571,27.1428571428571
"orng-03",3,2020,31.6546762589928,31.6546762589928
"orng-03",4,2020,32.8571428571429,32.8571428571429
"orng-03",5,2020,18.705035971223,18.705035971223
"orng-03",6,2020,23.9130434782609,23.9130434782609
"orng-03",7,2020,57.8571428571429,57.8571428571429
"orng-03",8,2020,30.5555555555556,30.5555555555556
"orng-03",9,2020,30.7142857142857,30.7142857142857
"orng-03",10,2020,60,60
"orng-03",11,2020,97.1014492753623,97.8260869565217
"orng-03",12,2020,84.2857142857142,84.2857142857144
"orng-03",13,2020,36.4963503649635,36.4963503649635
"orng-03",14,2020,17.7304964539007,17.7304964539007
"orng-03",15,2020,25,26.4285714285714
"orng-03",16,2020,16.6666666666666,16.6666666666667
"orng-03",17,2020,21.1678832116788,21.1678832116788
"orng-03",18,2020,25.8992805755396,25.8992805755396
"orng-03",19,2020,14.6853146853147,17.4825174825175
"orng-03",20,2020,19.8581560283688,19.8581560283688
"orng-04",1,2020,100,100
"orng-04",2,2020,100,100
"orng-04",3,2020,77.536231884058,77.536231884058
"orng-04",4,2020,90.6474820143886,90.6474820143886
"orng-04",5,2020,83.6879432624113,83.6879432624114
"orng-04",6,2020,100,100
"orng-04",7,2020,77.6978417266188,77.6978417266188
"orng-04",8,2020,80.2816901408451,80.2816901408451
"orng-04",9,2020,60.7142857142857,61.4285714285714
"orng-04",10,2020,45,45
"orng-04",11,2020,17.0212765957447,17.0212765957447
"orng-04",12,2020,18.1159420289855,18.1159420289855
"orng-04",13,2020,34.2857142857143,34.2857142857143
"orng-04",14,2020,28.7769784172662,28.7769784172662
"orng-04",15,2020,40,40.7142857142857
"orng-04",16,2020,51.4492753623189,51.4492753623189
"orng-04",17,2020,16.0583941605839,16.0583941605839
"orng-04",18,2020,17.9856115107914,17.9856115107914
"orng-04",19,2020,21.7391304347826,21.7391304347826
"orng-04",20,2020,20,20
"orng-05",1,2020,15.2173913043478,15.2173913043478
"orng-05",2,2020,17.0212765957447,17.0212765957447
"orng-05",3,2020,31.2056737588652,31.2056737588652
"orng-05",4,2020,22.1428571428571,22.1428571428571
"orng-05",5,2020,22.8571428571429,23.5714285714286
"orng-05",6,2020,34.7826086956522,34.7826086956522
"orng-05",7,2020,31.6546762589928,31.6546762589928
"orng-05",8,2020,27.007299270073,27.007299270073
"orng-05",9,2020,18.1159420289855,18.1159420289855
"orng-05",10,2020,21.5827338129497,21.5827338129497
"orng-05",11,2020,18.5714285714285,18.5714285714285
"orng-05",12,2020,19.2857142857143,19.2857142857143
"orng-05",13,2020,24.4604316546763,24.4604316546763
"orng-05",14,2020,18.0555555555555,18.0555555555555
"orng-05",15,2020,17.8571428571429,19.2857142857143
"orng-05",16,2020,23.7410071942446,23.7410071942446
"orng-05",17,2020,32.1428571428571,32.1428571428571
"orng-05",18,2020,25.3623188405797,25.3623188405797
"orng-05",19,2020,24.8175182481752,24.8175182481752
"orng-05",20,2020,16.6666666666666,18.1159420289855
"orng-06",1,2020,18.5714285714286,18.5714285714286
"orng-06",2,2020,16.3120567375886,17.0212765957447
"orng-06",3,2020,23.5714285714285,25
"orng-06",4,2020,17.3913043478261,17.3913043478261
"orng-06",5,2020,25,25
"orng-06",6,2020,45.3237410071942,45.3237410071942
"orng-06",7,2020,68.6131386861314,69.3430656934307
"orng-06",8,2020,54.6099290780142,54.6099290780142
"orng-06",9,2020,32.1428571428571,32.1428571428572
"orng-06",10,2020,78.1021897810219,78.1021897810219
"orng-06",11,2020,90.6474820143885,90.6474820143885
"orng-06",12,2020,94.9275362318841,94.9275362318841
"orng-06",13,2020,30.2158273381295,30.2158273381295
"orng-06",14,2020,58.8652482269504,58.8652482269504
"orng-06",15,2020,93.5251798561151,93.5251798561151
"orng-06",16,2020,75.3623188405797,75.3623188405797
"orng-06",17,2020,79.1366906474821,79.1366906474821
"orng-06",18,2020,55.3956834532374,55.3956834532374
"orng-06",19,2020,25.5474452554745,25.5474452554745
"orng-06",20,2020,42.8571428571428,43.5714285714285
"orng-07",1,2020,60.431654676259,60.431654676259
"orng-07",2,2020,42.7536231884058,42.7536231884058
"orng-07",3,2020,21.0144927536232,21.0144927536232
"orng-07",4,2020,25.3623188405797,25.3623188405797
"orng-07",5,2020,25.8992805755396,25.8992805755396
"orng-07",6,2020,20.2898550724638,20.2898550724638
"orng-07",7,2020,18.1159420289855,18.8405797101449
"orng-07",8,2020,18.705035971223,18.705035971223
"orng-07",9,2020,33.0935251798561,33.0935251798561
"orng-07",10,2020,21.8309859154929,22.5352112676056
"orng-07",11,2020,16.6666666666666,16.6666666666666
"orng-07",12,2020,13.6690647482014,13.6690647482014
"orng-07",13,2020,27.4647887323943,28.1690140845071
"orng-07",14,2020,20.2898550724638,20.2898550724638
"orng-07",15,2020,44.2028985507246,49.2753623188406
"orng-07",16,2020,33.5714285714286,34.2857142857142
"orng-07",17,2020,16.6666666666667,16.6666666666667
"orng-07",18,2020,20.863309352518,20.863309352518
"orng-07",19,2020,42.4460431654676,42.4460431654676
"orng-07",20,2020,14.1843971631206,16.3120567375887
"orng-08",1,2020,27.8571428571428,27.8571428571428
"orng-08",2,2020,24.6376811594203,26.0869565217392
"orng-08",3,2020,25.8992805755396,27.3381294964029
"orng-08",4,2020,43.5714285714286,43.5714285714286
"orng-08",5,2020,18.5714285714285,18.5714285714285
"orng-08",6,2020,18.5714285714285,18.5714285714286
"orng-08",7,2020,23.0215827338129,23.7410071942446
"orng-08",8,2020,32.6241134751773,32.6241134751773
"orng-08",9,2020,27.536231884058,27.536231884058
"orng-08",10,2020,35,35
"orng-08",11,2020,15.7142857142857,15.7142857142857
"orng-08",12,2020,17.8571428571429,18.5714285714286
"orng-08",13,2020,16.4285714285714,16.4285714285714
"orng-08",14,2020,20.7142857142857,22.1428571428571
"orng-08",15,2020,21.5827338129497,21.5827338129497
"orng-08",16,2020,18.4397163120568,18.4397163120568
"orng-08",17,2020,19.2857142857143,19.2857142857143
"orng-08",18,2020,19.4244604316546,20.1438848920863
"orng-08",19,2020,36.4285714285714,36.4285714285714
"orng-08",20,2020,17.1428571428571,17.1428571428571
"orng-09",1,2020,27.1428571428571,27.1428571428571
"orng-09",2,2020,22.6950354609929,22.6950354609929
"orng-09",3,2020,25,25
"orng-09",4,2020,12.2302158273381,12.2302158273382
"orng-09",5,2020,23.9130434782609,23.9130434782609
"orng-09",6,2020,15.9420289855073,16.6666666666666
"orng-09",7,2020,36.1702127659575,37.5886524822695
"orng-09",8,2020,27.536231884058,27.536231884058
"orng-09",9,2020,20.2898550724637,20.2898550724637
"orng-09",10,2020,26.4285714285714,26.4285714285714
"orng-09",11,2020,17.8571428571429,17.8571428571429
"orng-09",12,2020,17.1428571428571,17.1428571428571
"orng-09",13,2020,20.1438848920864,20.863309352518
"orng-09",14,2020,17.1428571428572,17.1428571428572
"orng-09",15,2020,23.9130434782609,23.9130434782609
"orng-09",16,2020,20.863309352518,21.5827338129497
"orng-09",17,2020,32.8571428571428,33.5714285714285
"orng-09",18,2020,29.2857142857143,29.2857142857143
"orng-09",19,2020,26.4285714285714,26.4285714285714
"orng-09",20,2020,24.822695035461,24.822695035461
"orng-10",1,2020,35,35
"orng-10",2,2020,21.5827338129497,21.5827338129497
"orng-10",3,2020,49.2753623188406,49.2753623188406
"orng-10",4,2020,31.6546762589928,32.3741007194245
"orng-10",5,2020,34.2857142857143,34.2857142857143
"orng-10",6,2020,31.6546762589928,31.6546762589928
"orng-10",7,2020,32.6388888888889,32.6388888888889
"orng-10",8,2020,22.463768115942,22.463768115942
"orng-10",9,2020,25.3623188405797,25.3623188405797
"orng-10",10,2020,70.9219858156028,70.9219858156028
"orng-10",11,2020,67.8571428571429,67.8571428571429
"orng-10",12,2020,66.6666666666667,66.6666666666667
"orng-10",13,2020,43.3566433566434,43.3566433566434
"orng-10",14,2020,22.3021582733813,22.3021582733813
"orng-10",15,2020,32.6241134751773,32.6241134751773
"orng-10",16,2020,30.9352517985612,30.9352517985612
"orng-10",17,2020,27.5362318840579,27.5362318840579
"orng-10",18,2020,20.979020979021,20.979020979021
"orng-10",19,2020,33.5766423357665,33.5766423357665
"orng-10",20,2020,51.4492753623189,51.4492753623189
"orng-11",1,2020,25.1798561151079,25.1798561151079
"orng-11",2,2020,22.1428571428571,22.1428571428571
"orng-11",3,2020,25.8992805755396,25.8992805755396
"orng-11",4,2020,23.021582733813,23.021582733813
"orng-11",5,2020,40.4255319148937,40.4255319148937
"orng-11",6,2020,38.8489208633094,38.8489208633094
"orng-11",7,2020,26.0869565217391,26.0869565217391
"orng-11",8,2020,23.5714285714286,23.5714285714286
"orng-11",9,2020,30,30
"orng-11",10,2020,23.0215827338129,23.0215827338129
"orng-11",11,2020,32.1428571428571,32.1428571428571
"orng-11",12,2020,16.3120567375887,16.3120567375887
"orng-11",13,2020,24.6376811594203,24.6376811594203
"orng-11",14,2020,21.0144927536232,21.7391304347826
"orng-11",15,2020,20.5673758865248,22.6950354609929
"orng-11",16,2020,22.3021582733813,23.021582733813
"orng-11",17,2020,27.7777777777778,29.1666666666666
"orng-11",18,2020,27.3381294964029,28.0575539568345
"orng-11",19,2020,20.1438848920864,20.1438848920864
"orng-11",20,2020,24.822695035461,24.822695035461
"orng-12",1,2020,32.3741007194245,32.3741007194245
"orng-12",2,2020,28.6713286713287,28.6713286713287
"orng-12",3,2020,28.0575539568345,28.0575539568345
"orng-12",4,2020,42.1428571428571,42.1428571428571
"orng-12",5,2020,41.304347826087,41.304347826087
"orng-12",6,2020,75.177304964539,75.177304964539
"orng-12",7,2020,100,100
"orng-12",8,2020,97.2027972027973,97.2027972027973
"orng-12",9,2020,95.7142857142857,95.7142857142858
"orng-12",10,2020,99.9999999999999,100
"orng-12",11,2020,99.9999999999999,100
"orng-12",12,2020,100,100
"orng-12",13,2020,98.5611510791367,98.5611510791367
"orng-12",14,2020,97.1631205673758,97.1631205673759
"orng-12",15,2020,78.2608695652174,78.2608695652174
"orng-12",16,2020,28.0575539568345,28.0575539568345
"orng-12",17,2020,35.2517985611511,35.2517985611511
"orng-12",18,2020,59.2857142857142,59.2857142857143
"orng-12",19,2020,23.9130434782608,23.9130434782608
"orng-12",20,2020,23.5714285714286,23.5714285714286
"cthm-01",1,2021,24.4604316546763,25.1798561151079
"cthm-01",2,2021,18.8405797101449,18.8405797101449
"cthm-01",3,2021,32.1428571428572,32.1428571428572
"cthm-01",4,2021,37.1428571428572,37.1428571428572
"cthm-01",5,2021,50.0000000000001,50.0000000000001
"cthm-01",6,2021,44.5255474452554,45.2554744525547
"cthm-01",7,2021,25.6944444444445,26.3888888888889
"cthm-01",8,2021,18.75,18.75
"cthm-01",9,2021,19.1489361702128,19.8581560283688
"cthm-01",10,2021,28.0575539568346,28.0575539568346
"cthm-01",11,2021,41.6058394160584,41.6058394160584
"cthm-01",12,2021,41.304347826087,41.304347826087
"cthm-01",13,2021,35.7142857142857,35.7142857142857
"cthm-01",14,2021,17.3913043478261,18.1159420289855
"cthm-01",15,2021,42.0289855072463,42.0289855072463
"cthm-01",16,2021,42.8571428571429,42.8571428571429
"cthm-01",17,2021,27.3381294964029,28.7769784172662
"cthm-01",18,2021,43.4782608695652,43.4782608695652
"cthm-01",19,2021,34.0425531914894,34.0425531914894
"cthm-01",20,2021,54.6762589928058,54.6762589928058
"cthm-02",1,2021,17.2661870503597,17.2661870503597
"cthm-02",2,2021,16.4285714285714,16.4285714285714
"cthm-02",3,2021,24.2857142857143,24.2857142857143
"cthm-02",4,2021,13.0434782608696,13.0434782608696
"cthm-02",5,2021,90.5109489051094,90.5109489051095
"cthm-02",6,2021,79.8611111111111,79.8611111111111
"cthm-02",7,2021,44.6043165467627,44.6043165467627
"cthm-02",8,2021,58.9928057553958,58.9928057553958
"cthm-02",9,2021,29.7101449275363,29.7101449275363
"cthm-02",10,2021,22.1428571428571,22.1428571428572
"cthm-02",11,2021,32.8467153284671,32.8467153284671
"cthm-02",12,2021,22.463768115942,22.463768115942
"cthm-02",13,2021,7.97101449275362,7.97101449275362
"cthm-02",14,2021,25.8992805755396,27.3381294964028
"cthm-02",15,2021,57.1428571428571,57.1428571428571
"cthm-02",16,2021,21.0144927536231,21.0144927536231
"cthm-02",17,2021,28.5714285714286,28.5714285714286
"cthm-02",18,2021,24.4604316546762,24.4604316546763
"cthm-02",19,2021,47.1014492753623,47.1014492753623
"cthm-02",20,2021,25,25
"cthm-03",1,2021,32.1428571428571,32.1428571428571
"cthm-03",2,2021,25.7142857142857,25.7142857142857
"cthm-03",3,2021,48.2517482517483,48.951048951049
"cthm-03",4,2021,42.3611111111111,42.3611111111111
"cthm-03",5,2021,57.5539568345323,57.5539568345324
"cthm-03",6,2021,27.3381294964029,27.3381294964029
"cthm-03",7,2021,90.7142857142857,90.7142857142858
"cthm-03",8,2021,33.5714285714286,33.5714285714286
"cthm-03",9,2021,14.2857142857143,14.2857142857143
"cthm-03",10,2021,18.705035971223,20.1438848920864
"cthm-03",11,2021,21.0144927536232,21.7391304347826
"cthm-03",12,2021,6.47482014388489,17.9856115107914
"cthm-03",13,2021,16.4285714285714,17.1428571428571
"cthm-03",14,2021,19.2857142857143,20
"cthm-03",15,2021,20,23.5714285714286
"cthm-03",16,2021,19.4244604316547,20.1438848920864
"cthm-03",17,2021,23.0215827338129,23.0215827338129
"cthm-03",18,2021,19.1489361702127,19.1489361702128
"cthm-03",19,2021,39.2857142857143,39.2857142857143
"cthm-03",20,2021,20.5673758865248,22.6950354609929
"cthm-04",2,2021,19.1489361702128,19.1489361702128
"cthm-04",3,2021,20.2898550724637,20.2898550724637
"cthm-04",4,2021,9.28571428571429,9.28571428571429
"cthm-04",5,2021,21.4285714285714,21.4285714285714
"cthm-04",6,2021,29.2857142857143,29.2857142857143
"cthm-04",7,2021,13.6690647482014,13.6690647482014
"cthm-04",8,2021,20,20
"cthm-04",9,2021,72.463768115942,72.463768115942
"cthm-04",10,2021,45.6521739130435,45.6521739130435
"cthm-04",11,2021,57.5539568345324,57.5539568345324
"cthm-04",12,2021,15.8273381294964,15.8273381294964
"cthm-04",13,2021,17.8571428571428,17.8571428571428
"cthm-04",14,2021,27.8571428571428,27.8571428571428
"cthm-04",15,2021,8.57142857142857,8.57142857142857
"cthm-04",16,2021,4.31654676258993,4.31654676258993
"cthm-04",17,2021,19.5652173913043,19.5652173913043
"cthm-04",18,2021,20,20.7142857142857
"cthm-04",19,2021,21.5827338129496,21.5827338129496
"cthm-04",20,2021,17.2661870503597,17.2661870503597
"cthm-05",1,2021,21.0144927536232,21.0144927536232
"cthm-05",2,2021,23.5714285714285,23.5714285714285
"cthm-05",3,2021,16.5467625899281,16.5467625899281
"cthm-05",4,2021,12.9496402877698,13.6690647482015
"cthm-05",5,2021,12.8571428571429,15
"cthm-05",6,2021,14.3884892086331,14.3884892086331
"cthm-05",7,2021,18.75,18.75
"cthm-05",8,2021,17.2661870503597,17.2661870503597
"cthm-05",9,2021,18.5714285714286,18.5714285714286
"cthm-05",10,2021,18.8405797101449,18.8405797101449
"cthm-05",11,2021,24.2857142857143,24.2857142857143
"cthm-05",12,2021,16.5467625899281,16.5467625899281
"cthm-05",13,2021,21.8978102189781,21.8978102189781
"cthm-05",14,2021,15.6028368794326,15.6028368794326
"cthm-05",15,2021,18.8811188811189,18.8811188811189
"cthm-05",16,2021,29.1970802919708,29.1970802919708
"cthm-05",17,2021,20.8333333333333,20.8333333333334
"cthm-05",18,2021,14.1843971631205,15.6028368794326
"cthm-05",19,2021,18.8405797101449,18.8405797101449
"cthm-05",20,2021,24.4604316546763,24.4604316546763
"cthm-06",1,2021,34.0579710144927,34.0579710144927
"cthm-06",2,2021,35,35
"cthm-06",3,2021,18.705035971223,18.705035971223
"cthm-06",4,2021,25.1798561151079,25.1798561151079
"cthm-06",5,2021,15.7142857142857,15.7142857142857
"cthm-06",6,2021,18.705035971223,19.4244604316547
"cthm-06",7,2021,27.3381294964029,27.3381294964029
"cthm-06",8,2021,29.2857142857143,29.2857142857143
"cthm-06",9,2021,17.1428571428571,19.2857142857143
"cthm-06",10,2021,21.7391304347826,21.7391304347826
"cthm-06",11,2021,29.4964028776979,29.4964028776979
"cthm-06",12,2021,19.2857142857143,20
"cthm-06",13,2021,42.8571428571428,42.8571428571428
"cthm-06",14,2021,23.0215827338129,23.021582733813
"cthm-06",15,2021,24.822695035461,24.822695035461
"cthm-06",16,2021,24.4604316546763,24.4604316546763
"cthm-06",17,2021,16.5467625899281,16.5467625899281
"cthm-06",18,2021,20.5673758865249,20.5673758865249
"cthm-06",19,2021,20.863309352518,20.863309352518
"cthm-06",20,2021,17.2661870503598,17.2661870503598
"cthm-07",1,2021,21.7391304347826,21.7391304347826
"cthm-07",2,2021,15.7142857142857,19.2857142857143
"cthm-07",3,2021,27.1428571428572,29.2857142857143
"cthm-07",4,2021,5.79710144927536,14.4927536231884
"cthm-07",5,2021,15.1079136690647,16.5467625899281
"cthm-07",6,2021,14.8936170212766,17.0212765957447
"cthm-07",7,2021,16.4285714285714,17.1428571428571
"cthm-07",8,2021,15,17.1428571428571
"cthm-07",9,2021,25.531914893617,26.241134751773
"cthm-07",10,2021,20.1438848920864,20.1438848920864
"cthm-07",11,2021,18.705035971223,18.705035971223
"cthm-07",12,2021,15.1079136690647,15.1079136690647
"cthm-07",13,2021,22.463768115942,22.463768115942
"cthm-07",14,2021,16.6666666666667,16.6666666666667
"cthm-07",15,2021,29.4964028776978,29.4964028776978
"cthm-07",16,2021,18.5714285714286,18.5714285714286
"cthm-07",17,2021,17.3913043478261,17.3913043478261
"cthm-07",18,2021,17.8571428571428,17.8571428571428
"cthm-07",19,2021,16.0583941605839,16.0583941605839
"cthm-07",20,2021,21.5277777777778,21.5277777777778
"cthm-08",1,2021,18.5714285714285,18.5714285714285
"cthm-08",2,2021,47.5177304964539,47.5177304964539
"cthm-08",3,2021,40.7142857142857,40.7142857142857
"cthm-08",4,2021,20.1438848920863,24.4604316546763
"cthm-08",5,2021,25.6944444444444,25.6944444444445
"cthm-08",6,2021,26.6187050359712,26.6187050359712
"cthm-08",7,2021,34.0579710144927,34.0579710144927
"cthm-08",8,2021,27.1428571428571,27.1428571428571
"cthm-08",9,2021,19.2857142857142,19.2857142857142
"cthm-08",10,2021,16.4285714285715,17.1428571428572
"cthm-08",11,2021,31.6546762589928,31.6546762589928
"cthm-08",12,2021,20.1438848920863,20.1438848920863
"cthm-08",13,2021,15.9420289855072,15.9420289855072
"cthm-08",14,2021,22.3021582733813,22.3021582733813
"cthm-08",15,2021,17.9856115107914,17.9856115107914
"cthm-08",16,2021,15.2173913043478,15.2173913043478
"cthm-08",17,2021,19.2857142857143,19.2857142857143
"cthm-08",18,2021,15.9722222222222,15.9722222222222
"cthm-08",19,2021,18.705035971223,18.705035971223
"cthm-08",20,2021,29.9270072992701,29.9270072992701
"cthm-09",1,2021,20.7142857142857,20.7142857142857
"cthm-09",2,2021,28.0575539568345,28.0575539568345
"cthm-09",3,2021,40.7142857142857,41.4285714285714
"cthm-09",4,2021,35.9154929577465,35.9154929577465
"cthm-09",5,2021,46.7153284671533,46.7153284671533
"cthm-09",6,2021,28.0575539568345,28.0575539568345
"cthm-09",7,2021,21.7391304347826,21.7391304347826
"cthm-09",8,2021,35.2517985611511,35.2517985611511
"cthm-09",9,2021,35.2517985611511,35.2517985611511
"cthm-09",10,2021,37.4100719424461,37.4100719424461
"cthm-09",11,2021,50,50
"cthm-09",12,2021,20.5673758865248,20.5673758865248
"cthm-09",13,2021,26.8115942028986,26.8115942028986
"cthm-09",14,2021,12.8571428571429,12.8571428571429
"cthm-09",15,2021,27.6595744680851,27.6595744680851
"cthm-09",16,2021,17.2661870503597,17.2661870503597
"cthm-09",17,2021,48.2014388489209,48.2014388489209
"cthm-09",18,2021,26.4285714285715,26.4285714285715
"cthm-09",19,2021,17.8571428571428,17.8571428571428
"cthm-09",20,2021,21.0144927536232,21.0144927536232
"cthm-10",1,2021,24.6376811594203,25.3623188405797
"cthm-10",2,2021,30.7142857142857,31.4285714285715
"cthm-10",3,2021,23.021582733813,23.7410071942446
"cthm-10",4,2021,24.2857142857143,27.8571428571429
"cthm-10",5,2021,40,40
"cthm-10",6,2021,36.9565217391304,36.9565217391304
"cthm-10",7,2021,25.1798561151079,25.1798561151079
"cthm-10",8,2021,27.1428571428571,27.1428571428571
"cthm-10",9,2021,30.6569343065693,30.6569343065693
"cthm-10",10,2021,20.1438848920863,20.1438848920864
"cthm-10",11,2021,24.8175182481752,24.8175182481752
"cthm-10",12,2021,31.2056737588653,31.2056737588653
"cthm-10",13,2021,28.7769784172662,28.7769784172662
"cthm-10",14,2021,66.1870503597123,66.1870503597123
"cthm-10",15,2021,30.4347826086956,30.4347826086956
"cthm-10",16,2021,93.4782608695652,93.4782608695653
"cthm-10",17,2021,97.1428571428571,97.1428571428571
"cthm-10",18,2021,35.2112676056338,35.2112676056338
"cthm-10",19,2021,25,25
"cthm-10",20,2021,20.863309352518,20.863309352518
"cthm-11",1,2021,18.8405797101449,20.2898550724637
"cthm-11",2,2021,33.5714285714285,33.5714285714286
"cthm-11",3,2021,26.4285714285714,26.4285714285714
"cthm-11",4,2021,23.021582733813,23.021582733813
"cthm-11",5,2021,15.9420289855072,15.9420289855072
"cthm-11",6,2021,18.5714285714285,19.2857142857142
"cthm-11",7,2021,27.536231884058,27.536231884058
"cthm-11",8,2021,16.3120567375887,17.0212765957447
"cthm-11",9,2021,25,25
"cthm-11",10,2021,18.705035971223,18.705035971223
"cthm-11",11,2021,38.4615384615385,38.4615384615385
"cthm-11",12,2021,13.986013986014,13.986013986014
"cthm-11",13,2021,21.2765957446809,21.2765957446809
"cthm-11",14,2021,15.2777777777777,18.0555555555556
"cthm-11",15,2021,15,15
"cthm-11",16,2021,29.4964028776979,29.4964028776979
"cthm-11",17,2021,31.6546762589928,31.6546762589928
"cthm-11",18,2021,27.0833333333333,27.0833333333333
"cthm-11",19,2021,18.4397163120567,18.4397163120567
"cthm-11",20,2021,44.9999999999999,45
"cthm-12",1,2021,31.1594202898551,32.6086956521739
"cthm-12",2,2021,15.9722222222222,17.3611111111111
"cthm-12",3,2021,17.2661870503597,17.2661870503597
"cthm-12",4,2021,37.4100719424461,37.4100719424461
"cthm-12",5,2021,18.1159420289855,18.8405797101449
"cthm-12",6,2021,36.8794326241135,36.8794326241135
"cthm-12",7,2021,20,20
"cthm-12",8,2021,16.6666666666667,17.3611111111111
"cthm-12",9,2021,19.8581560283688,19.8581560283688
"cthm-12",10,2021,32.8467153284672,32.8467153284672
"cthm-12",11,2021,21.5827338129496,21.5827338129496
"cthm-12",12,2021,27.5362318840579,27.5362318840579
"cthm-12",13,2021,15.7142857142857,15.7142857142857
"cthm-12",14,2021,15.7142857142857,15.7142857142857
"cthm-12",15,2021,16.4285714285714,16.4285714285714
"cthm-12",16,2021,32.8571428571428,32.8571428571428
"cthm-12",17,2021,16.6666666666666,16.6666666666666
"cthm-12",18,2021,53.6231884057971,53.6231884057971
"cthm-12",19,2021,23.5714285714285,23.5714285714286
"cthm-12",20,2021,38.5714285714286,39.2857142857143
"cthm-13",1,2021,27.0833333333333,27.0833333333333
"cthm-13",2,2021,23.9130434782609,23.9130434782609
"cthm-13",3,2021,26.6187050359712,26.6187050359712
"cthm-13",4,2021,16.6666666666666,23.6111111111111
"cthm-13",5,2021,29.7101449275362,29.7101449275363
"cthm-13",6,2021,22.8571428571428,22.8571428571428
"cthm-13",7,2021,47.5177304964539,48.936170212766
"cthm-13",8,2021,36.6906474820144,36.6906474820144
"cthm-13",9,2021,100,100
"cthm-13",10,2021,100,100
"cthm-13",11,2021,100,100
"cthm-13",12,2021,78.1021897810219,78.1021897810219
"cthm-13",13,2021,38.4615384615385,38.4615384615385
"cthm-13",14,2021,23.7410071942446,23.7410071942446
"cthm-13",15,2021,30,30
"cthm-13",16,2021,53.2846715328468,53.2846715328468
"cthm-13",17,2021,33.3333333333333,33.3333333333333
"cthm-13",18,2021,16.5467625899281,18.705035971223
"cthm-13",19,2021,22.463768115942,22.463768115942
"cthm-13",20,2021,16.4285714285714,16.4285714285714
"cthm-14",1,2021,45.6521739130435,45.6521739130435
"cthm-14",2,2021,22.463768115942,23.1884057971015
"cthm-14",3,2021,21.6783216783217,21.6783216783217
"cthm-14",4,2021,31.4685314685315,31.4685314685315
"cthm-14",5,2021,36.8794326241135,36.8794326241135
"cthm-14",6,2021,28.3687943262411,28.3687943262411
"cthm-14",7,2021,18.2481751824817,18.2481751824817
"cthm-14",8,2021,17.2661870503597,17.2661870503597
"cthm-14",9,2021,25.7142857142857,25.7142857142857
"cthm-14",10,2021,27.3381294964029,28.0575539568345
"cthm-14",11,2021,34.0579710144927,34.0579710144927
"cthm-14",12,2021,40,40
"cthm-14",13,2021,32.1428571428572,32.1428571428572
"cthm-14",14,2021,30.7142857142857,30.7142857142857
"cthm-14",15,2021,14.3884892086331,14.3884892086331
"cthm-14",16,2021,28.9855072463768,28.9855072463768
"cthm-14",17,2021,22.3021582733813,22.3021582733813
"cthm-14",18,2021,18.705035971223,19.4244604316547
"cthm-14",19,2021,22.463768115942,22.463768115942
"cthm-14",20,2021,31.2056737588653,31.2056737588653
"drhm-01",1,2021,17.9856115107914,17.9856115107914
"drhm-01",2,2021,22.3021582733813,22.3021582733813
"drhm-01",3,2021,29.4964028776978,29.4964028776978
"drhm-01",4,2021,27.8571428571429,27.8571428571429
"drhm-01",5,2021,21.2765957446809,21.2765957446809
"drhm-01",6,2021,33.3333333333333,33.3333333333333
"drhm-01",7,2021,24.822695035461,24.822695035461
"drhm-01",8,2021,17.9856115107914,17.9856115107914
"drhm-01",9,2021,17.0212765957447,17.0212765957447
"drhm-01",10,2021,24.6376811594203,25.3623188405797
"drhm-01",11,2021,14.2857142857143,15.7142857142857
"drhm-01",12,2021,23.7410071942447,24.4604316546763
"drhm-01",13,2021,13.6690647482014,15.1079136690647
"drhm-01",14,2021,14.5985401459854,14.5985401459854
"drhm-01",15,2021,20.7142857142857,20.7142857142857
"drhm-01",16,2021,19.8581560283688,19.8581560283688
"drhm-01",17,2021,23.7410071942446,23.7410071942446
"drhm-01",18,2021,20,20
"drhm-01",19,2021,21.7391304347826,21.7391304347826
"drhm-01",20,2021,23.9130434782609,23.9130434782609
"drhm-02",1,2021,21.8309859154929,21.830985915493
"drhm-02",2,2021,27.8571428571429,27.8571428571429
"drhm-02",3,2021,38.4057971014493,38.4057971014493
"drhm-02",4,2021,29.2857142857143,29.2857142857143
"drhm-02",5,2021,29.2857142857143,29.2857142857143
"drhm-02",6,2021,24.0875912408759,24.0875912408759
"drhm-02",7,2021,36.6906474820144,36.6906474820144
"drhm-02",8,2021,20.1388888888889,20.1388888888889
"drhm-02",9,2021,24.113475177305,24.113475177305
"drhm-02",10,2021,11.5107913669065,11.5107913669065
"drhm-02",11,2021,18.1159420289855,18.1159420289855
"drhm-02",12,2021,26.8115942028985,26.8115942028985
"drhm-02",13,2021,17.1428571428571,17.1428571428571
"drhm-02",14,2021,20.2898550724638,20.2898550724638
"drhm-02",15,2021,18.5714285714286,18.5714285714286
"drhm-02",16,2021,23.404255319149,23.404255319149
"drhm-02",17,2021,25.7142857142857,26.4285714285714
"drhm-02",18,2021,20.863309352518,20.863309352518
"drhm-02",19,2021,23.404255319149,23.404255319149
"drhm-02",20,2021,24.6376811594203,24.6376811594203
"drhm-03",1,2021,100,100
"drhm-03",2,2021,100,100
"drhm-03",3,2021,100,100
"drhm-03",4,2021,100,100
"drhm-03",5,2021,99.9999999999999,100
"drhm-03",6,2021,97.1428571428572,97.8571428571429
"drhm-03",7,2021,80,80
"drhm-03",8,2021,100,100
"drhm-03",9,2021,93.5714285714286,93.5714285714286
"drhm-03",10,2021,92.8571428571429,92.8571428571429
"drhm-03",11,2021,18.7050359712231,18.7050359712231
"drhm-03",12,2021,23.0215827338129,23.0215827338129
"drhm-03",13,2021,99.9999999999999,100
"drhm-03",14,2021,99.9999999999999,100
"drhm-03",15,2021,74.3055555555556,74.3055555555556
"drhm-03",16,2021,87.1428571428571,87.8571428571429
"drhm-03",17,2021,97.1428571428571,97.1428571428572
"drhm-03",18,2021,65.4676258992806,65.4676258992806
"drhm-03",19,2021,32.3741007194245,32.3741007194245
"drhm-03",20,2021,25.8992805755395,25.8992805755395
"drhm-04",1,2021,97.2222222222223,97.2222222222223
"drhm-04",2,2021,67.1428571428571,67.1428571428571
"drhm-04",3,2021,40.5797101449276,40.5797101449276
"drhm-04",4,2021,20,20
"drhm-04",5,2021,86.231884057971,86.231884057971
"drhm-04",6,2021,30,30
"drhm-04",7,2021,28.3687943262411,28.3687943262411
"drhm-04",8,2021,44.9275362318841,44.9275362318841
"drhm-04",9,2021,25.7142857142858,25.7142857142858
"drhm-04",10,2021,15.2173913043478,15.2173913043478
"drhm-04",11,2021,17.1428571428571,17.1428571428571
"drhm-04",12,2021,29.2857142857142,29.2857142857143
"drhm-04",13,2021,35.2517985611511,35.9712230215827
"drhm-04",14,2021,17.8571428571429,17.8571428571429
"drhm-04",15,2021,16.1971830985915,16.1971830985915
"drhm-04",16,2021,25.7142857142857,26.4285714285714
"drhm-04",17,2021,46.0431654676259,46.0431654676259
"drhm-04",18,2021,17.0212765957447,17.0212765957447
"drhm-04",19,2021,21.7391304347826,21.7391304347826
"drhm-04",20,2021,94.9640287769785,94.9640287769785
"drhm-05",1,2021,27.8571428571429,27.8571428571429
"drhm-05",2,2021,27.8571428571429,27.8571428571429
"drhm-05",3,2021,43.1654676258993,43.1654676258993
"drhm-05",4,2021,47.1428571428572,47.1428571428572
"drhm-05",5,2021,81.1594202898551,83.3333333333333
"drhm-05",6,2021,99.9999999999999,100
"drhm-05",7,2021,53.4722222222222,54.1666666666667
"drhm-05",8,2021,81.8840579710146,81.8840579710146
"drhm-05",9,2021,70,71.4285714285715
"drhm-05",10,2021,64.748201438849,64.748201438849
"drhm-05",11,2021,53.1914893617021,53.1914893617021
"drhm-05",12,2021,65.9420289855072,65.9420289855073
"drhm-05",13,2021,98.5714285714286,98.5714285714286
"drhm-05",14,2021,100,100
"drhm-05",15,2021,100,100
"drhm-05",16,2021,100,100
"drhm-05",17,2021,100,100
"drhm-05",18,2021,65.9574468085106,65.9574468085106
"drhm-05",19,2021,56.5217391304348,56.5217391304348
"drhm-05",20,2021,37.1428571428571,37.1428571428571
"drhm-06",1,2021,87.5,87.5000000000001
"drhm-06",2,2021,99.2753623188406,99.2753623188406
"drhm-06",3,2021,100,100
"drhm-06",4,2021,100,100
"drhm-06",5,2021,100,100
"drhm-06",6,2021,87.0503597122302,87.0503597122302
"drhm-06",7,2021,87.1428571428571,89.2857142857143
"drhm-06",8,2021,77.8571428571428,77.8571428571429
"drhm-06",9,2021,84.8920863309352,84.8920863309352
"drhm-06",10,2021,82.8571428571428,82.8571428571428
"drhm-06",11,2021,68.1159420289855,68.1159420289855
"drhm-06",12,2021,100,100
"drhm-06",13,2021,73.3812949640288,73.3812949640288
"drhm-06",14,2021,74.4680851063829,74.468085106383
"drhm-06",15,2021,69.5035460992908,69.5035460992908
"drhm-06",16,2021,92.1428571428571,92.1428571428572
"drhm-06",17,2021,86.9565217391304,86.9565217391305
"drhm-06",18,2021,100,100
"drhm-06",19,2021,94.4444444444444,94.4444444444444
"drhm-06",20,2021,95.7142857142857,95.7142857142858
"drhm-07",1,2021,89.2857142857143,90
"drhm-07",2,2021,67.8832116788322,67.8832116788322
"drhm-07",3,2021,45.7142857142856,45.7142857142857
"drhm-07",4,2021,53.2846715328467,53.2846715328467
"drhm-07",5,2021,97.080291970803,97.080291970803
"drhm-07",6,2021,86.1111111111111,86.1111111111111
"drhm-07",7,2021,90.0000000000001,90.0000000000001
"drhm-07",8,2021,64.7482014388489,64.7482014388489
"drhm-07",9,2021,77.536231884058,77.536231884058
"drhm-07",10,2021,15.9420289855073,15.9420289855073
"drhm-07",11,2021,22.1428571428571,22.1428571428571
"drhm-07",12,2021,19.4444444444445,19.4444444444445
"drhm-07",13,2021,16.3120567375887,16.3120567375887
"drhm-07",14,2021,17.8571428571428,18.5714285714285
"drhm-07",15,2021,16.3120567375887,16.3120567375887
"drhm-07",16,2021,22.6277372262774,22.6277372262774
"drhm-07",17,2021,36.4963503649635,36.4963503649635
"drhm-07",18,2021,35.5072463768116,35.5072463768116
"drhm-07",19,2021,27.1428571428572,27.1428571428572
"drhm-07",20,2021,26.4285714285715,26.4285714285715
"drhm-08",1,2021,75.7142857142857,75.7142857142857
"drhm-08",2,2021,33.8129496402877,33.8129496402877
"drhm-08",3,2021,21.4285714285714,21.4285714285714
"drhm-08",4,2021,18.0555555555556,18.0555555555556
"drhm-08",5,2021,20,20.7142857142857
"drhm-08",6,2021,18.840579710145,18.840579710145
"drhm-08",7,2021,29.1970802919708,29.1970802919708
"drhm-08",8,2021,92.0863309352518,92.0863309352518
"drhm-08",9,2021,75,75
"drhm-08",10,2021,73.3812949640288,73.3812949640288
"drhm-08",11,2021,60,60
"drhm-08",12,2021,79.7101449275363,79.7101449275363
"drhm-08",13,2021,36.9565217391304,36.9565217391304
"drhm-08",14,2021,76.6423357664234,76.6423357664234
"drhm-08",15,2021,70.2898550724638,71.0144927536232
"drhm-08",16,2021,33.8129496402878,33.8129496402878
"drhm-08",17,2021,36.231884057971,36.231884057971
"drhm-08",18,2021,30.7142857142857,30.7142857142857
"drhm-08",19,2021,54.6762589928057,56.8345323741007
"drhm-08",20,2021,45.7142857142858,47.1428571428572
"orng-01",1,2021,33.3333333333333,33.3333333333333
"orng-01",2,2021,19.5652173913043,19.5652173913043
"orng-01",3,2021,35.7142857142857,35.7142857142857
"orng-01",4,2021,39.5833333333333,39.5833333333333
"orng-01",5,2021,20.1438848920863,20.1438848920863
"orng-01",6,2021,23.5714285714285,24.2857142857143
"orng-01",7,2021,24.4604316546763,24.4604316546763
"orng-01",8,2021,20.7142857142857,21.4285714285715
"orng-01",9,2021,21.4285714285714,21.4285714285714
"orng-01",10,2021,21.5827338129496,21.5827338129496
"orng-01",11,2021,27.536231884058,27.536231884058
"orng-01",12,2021,22.463768115942,22.463768115942
"orng-01",13,2021,22.1428571428571,22.1428571428571
"orng-01",14,2021,17.2661870503597,17.2661870503597
"orng-01",15,2021,19.5652173913044,19.5652173913044
"orng-01",16,2021,24.4604316546763,24.4604316546763
"orng-01",17,2021,23.5714285714286,23.5714285714286
"orng-01",18,2021,17.2661870503597,17.2661870503597
"orng-01",19,2021,33.0985915492957,33.0985915492957
"orng-01",20,2021,16.3120567375887,16.3120567375887
"orng-02",1,2021,17.2661870503597,17.2661870503597
"orng-02",2,2021,18.8405797101449,18.8405797101449
"orng-02",3,2021,17.2661870503597,17.2661870503597
"orng-02",4,2021,12.1428571428571,12.1428571428571
"orng-02",5,2021,22.4637681159421,22.4637681159421
"orng-02",6,2021,23.7410071942446,23.7410071942446
"orng-02",7,2021,21.5827338129497,21.5827338129497
"orng-02",8,2021,38.8489208633094,38.8489208633094
"orng-02",9,2021,23.021582733813,23.021582733813
"orng-02",10,2021,14.2857142857143,14.2857142857143
"orng-02",11,2021,20.2898550724637,20.2898550724638
"orng-02",12,2021,17.5182481751825,17.5182481751825
"orng-02",13,2021,21.0144927536232,21.0144927536232
"orng-02",14,2021,33.8129496402877,33.8129496402877
"orng-02",15,2021,16.4285714285714,16.4285714285714
"orng-02",16,2021,18.5714285714285,18.5714285714285
"orng-02",17,2021,12.7659574468085,12.7659574468085
"orng-02",18,2021,36.4963503649635,36.4963503649635
"orng-02",19,2021,27.536231884058,28.2608695652174
"orng-02",20,2021,16.5467625899281,16.5467625899281
"orng-03",1,2021,36.4963503649635,36.4963503649635
"orng-03",2,2021,27.1428571428571,27.1428571428571
"orng-03",3,2021,31.6546762589928,31.6546762589928
"orng-03",4,2021,32.8571428571429,32.8571428571429
"orng-03",5,2021,18.705035971223,18.705035971223
"orng-03",6,2021,23.9130434782609,23.9130434782609
"orng-03",7,2021,58.5714285714286,58.5714285714286
"orng-03",8,2021,30.5555555555556,30.5555555555556
"orng-03",9,2021,30.7142857142857,30.7142857142857
"orng-03",10,2021,60.0000000000001,60.0000000000001
"orng-03",11,2021,97.1014492753623,97.8260869565217
"orng-03",12,2021,84.2857142857143,84.2857142857144
"orng-03",13,2021,37.2262773722628,37.2262773722628
"orng-03",14,2021,17.7304964539007,17.7304964539007
"orng-03",15,2021,25,26.4285714285714
"orng-03",16,2021,17.3913043478261,17.3913043478261
"orng-03",17,2021,21.1678832116788,21.1678832116788
"orng-03",18,2021,25.8992805755396,25.8992805755396
"orng-03",19,2021,14.6853146853147,17.4825174825175
"orng-03",20,2021,19.8581560283688,19.8581560283688
"orng-04",1,2021,100,100
"orng-04",2,2021,100,100
"orng-04",3,2021,77.536231884058,77.536231884058
"orng-04",4,2021,90.6474820143885,90.6474820143886
"orng-04",5,2021,83.6879432624114,83.6879432624114
"orng-04",6,2021,100,100
"orng-04",7,2021,77.6978417266188,77.6978417266188
"orng-04",8,2021,80.2816901408451,80.2816901408451
"orng-04",9,2021,60.7142857142857,61.4285714285714
"orng-04",10,2021,45,45
"orng-04",11,2021,17.0212765957447,17.0212765957447
"orng-04",12,2021,18.1159420289855,18.1159420289855
"orng-04",13,2021,34.2857142857143,34.2857142857143
"orng-04",14,2021,28.7769784172662,28.7769784172662
"orng-04",15,2021,40.7142857142857,40.7142857142857
"orng-04",16,2021,51.4492753623189,51.4492753623189
"orng-04",17,2021,16.0583941605839,16.0583941605839
"orng-04",18,2021,17.9856115107914,17.9856115107914
"orng-04",19,2021,21.7391304347826,21.7391304347826
"orng-04",20,2021,20,20
"orng-05",1,2021,15.2173913043478,15.2173913043478
"orng-05",2,2021,17.0212765957447,17.0212765957447
"orng-05",3,2021,31.2056737588652,31.2056737588652
"orng-05",4,2021,22.1428571428571,22.1428571428571
"orng-05",5,2021,22.8571428571429,23.5714285714286
"orng-05",6,2021,34.7826086956522,34.7826086956522
"orng-05",7,2021,31.6546762589928,31.6546762589928
"orng-05",8,2021,27.007299270073,27.007299270073
"orng-05",9,2021,18.1159420289855,18.1159420289855
"orng-05",10,2021,21.5827338129497,21.5827338129497
"orng-05",11,2021,18.5714285714285,18.5714285714285
"orng-05",12,2021,19.2857142857143,19.2857142857143
"orng-05",13,2021,24.4604316546763,24.4604316546763
"orng-05",14,2021,18.0555555555555,18.0555555555555
"orng-05",15,2021,17.8571428571429,19.2857142857143
"orng-05",16,2021,23.7410071942446,23.7410071942446
"orng-05",17,2021,32.1428571428571,32.1428571428571
"orng-05",18,2021,25.3623188405797,25.3623188405797
"orng-05",19,2021,24.8175182481752,24.8175182481752
"orng-05",20,2021,16.6666666666666,18.1159420289855
"orng-06",1,2021,18.5714285714286,18.5714285714286
"orng-06",2,2021,16.3120567375886,17.0212765957447
"orng-06",3,2021,23.5714285714285,25
"orng-06",4,2021,17.3913043478261,17.3913043478261
"orng-06",5,2021,25,25
"orng-06",6,2021,45.3237410071942,45.3237410071942
"orng-06",7,2021,68.6131386861314,69.3430656934307
"orng-06",8,2021,54.6099290780142,54.6099290780142
"orng-06",9,2021,32.1428571428571,32.1428571428572
"orng-06",10,2021,78.1021897810219,78.1021897810219
"orng-06",11,2021,90.6474820143885,90.6474820143885
"orng-06",12,2021,94.9275362318841,94.9275362318841
"orng-06",13,2021,30.2158273381295,30.2158273381295
"orng-06",14,2021,58.8652482269504,58.8652482269504
"orng-06",15,2021,93.5251798561151,93.5251798561151
"orng-06",16,2021,75.3623188405797,75.3623188405797
"orng-06",17,2021,79.136690647482,79.1366906474821
"orng-06",18,2021,63.3093525179856,63.3093525179856
"orng-06",19,2021,25.5474452554745,25.5474452554745
"orng-06",20,2021,42.8571428571428,43.5714285714285
"orng-07",1,2021,61.8705035971224,61.8705035971224
"orng-07",2,2021,42.7536231884058,42.7536231884058
"orng-07",3,2021,21.0144927536232,21.0144927536232
"orng-07",4,2021,25.3623188405797,25.3623188405797
"orng-07",5,2021,26.6187050359712,26.6187050359712
"orng-07",6,2021,20.2898550724638,20.2898550724638
"orng-07",7,2021,18.1159420289855,18.8405797101449
"orng-07",8,2021,18.7050359712231,18.7050359712231
"orng-07",9,2021,33.0935251798561,33.0935251798561
"orng-07",10,2021,21.8309859154929,22.5352112676056
"orng-07",11,2021,16.6666666666666,16.6666666666666
"orng-07",12,2021,13.6690647482014,13.6690647482014
"orng-07",13,2021,27.4647887323943,28.1690140845071
"orng-07",14,2021,20.2898550724638,20.2898550724638
"orng-07",15,2021,45.6521739130434,49.2753623188406
"orng-07",16,2021,33.5714285714286,34.2857142857142
"orng-07",17,2021,16.6666666666667,16.6666666666667
"orng-07",18,2021,20.863309352518,20.863309352518
"orng-07",19,2021,42.4460431654676,42.4460431654676
"orng-07",20,2021,14.1843971631206,16.3120567375887
"orng-08",1,2021,27.8571428571428,27.8571428571428
"orng-08",2,2021,24.6376811594203,26.0869565217392
"orng-08",3,2021,25.8992805755396,27.3381294964029
"orng-08",4,2021,43.5714285714286,43.5714285714286
"orng-08",5,2021,18.5714285714285,18.5714285714285
"orng-08",6,2021,18.5714285714285,18.5714285714286
"orng-08",7,2021,23.0215827338129,23.7410071942446
"orng-08",8,2021,32.6241134751773,32.6241134751773
"orng-08",9,2021,27.536231884058,27.536231884058
"orng-08",10,2021,35.7142857142857,35.7142857142857
"orng-08",11,2021,15.7142857142857,15.7142857142857
"orng-08",12,2021,17.8571428571429,18.5714285714286
"orng-08",13,2021,16.4285714285714,16.4285714285714
"orng-08",14,2021,20.7142857142857,22.1428571428571
"orng-08",15,2021,22.3021582733813,22.3021582733813
"orng-08",16,2021,18.4397163120568,18.4397163120568
"orng-08",17,2021,19.2857142857143,19.2857142857143
"orng-08",18,2021,19.4244604316546,20.1438848920863
"orng-08",19,2021,36.4285714285714,36.4285714285714
"orng-08",20,2021,17.1428571428571,17.1428571428571
"orng-09",1,2021,27.1428571428571,27.1428571428571
"orng-09",2,2021,22.6950354609929,22.6950354609929
"orng-09",3,2021,25,25
"orng-09",4,2021,12.2302158273381,12.2302158273382
"orng-09",5,2021,23.9130434782609,23.9130434782609
"orng-09",6,2021,15.9420289855073,16.6666666666666
"orng-09",7,2021,36.1702127659575,37.5886524822695
"orng-09",8,2021,27.536231884058,27.536231884058
"orng-09",9,2021,20.2898550724637,20.2898550724637
"orng-09",10,2021,26.4285714285714,26.4285714285714
"orng-09",11,2021,17.8571428571429,17.8571428571429
"orng-09",12,2021,17.1428571428571,17.1428571428571
"orng-09",13,2021,20.1438848920864,20.863309352518
"orng-09",14,2021,17.1428571428572,17.1428571428572
"orng-09",15,2021,23.9130434782609,23.9130434782609
"orng-09",16,2021,20.863309352518,21.5827338129497
"orng-09",17,2021,33.5714285714286,33.5714285714286
"orng-09",18,2021,29.2857142857143,29.2857142857143
"orng-09",19,2021,26.4285714285714,26.4285714285714
"orng-09",20,2021,24.822695035461,24.822695035461
"orng-10",1,2021,35.7142857142857,35.7142857142857
"orng-10",2,2021,21.5827338129497,21.5827338129497
"orng-10",3,2021,49.2753623188406,49.2753623188406
"orng-10",4,2021,31.6546762589928,32.3741007194245
"orng-10",5,2021,34.2857142857143,34.2857142857143
"orng-10",6,2021,31.6546762589928,31.6546762589928
"orng-10",7,2021,32.6388888888889,32.6388888888889
"orng-10",8,2021,22.463768115942,22.463768115942
"orng-10",9,2021,25.3623188405797,25.3623188405797
"orng-10",10,2021,70.9219858156028,70.9219858156028
"orng-10",11,2021,67.8571428571429,67.8571428571429
"orng-10",12,2021,66.6666666666667,66.6666666666667
"orng-10",13,2021,43.3566433566434,43.3566433566434
"orng-10",14,2021,22.3021582733813,22.3021582733813
"orng-10",15,2021,34.0425531914893,34.0425531914893
"orng-10",16,2021,30.9352517985612,30.9352517985612
"orng-10",17,2021,27.5362318840579,27.5362318840579
"orng-10",18,2021,20.979020979021,20.979020979021
"orng-10",19,2021,33.5766423357665,33.5766423357665
"orng-10",20,2021,52.1739130434783,52.1739130434783
"orng-11",1,2021,25.8992805755396,25.8992805755396
"orng-11",2,2021,22.1428571428571,22.1428571428571
"orng-11",3,2021,25.8992805755396,25.8992805755396
"orng-11",4,2021,23.0215827338129,23.021582733813
"orng-11",5,2021,40.4255319148937,40.4255319148937
"orng-11",6,2021,39.568345323741,39.568345323741
"orng-11",7,2021,26.0869565217391,26.0869565217391
"orng-11",8,2021,23.5714285714286,23.5714285714286
"orng-11",9,2021,30,30
"orng-11",10,2021,23.0215827338129,23.0215827338129
"orng-11",11,2021,32.1428571428571,32.1428571428571
"orng-11",12,2021,16.3120567375887,16.3120567375887
"orng-11",13,2021,24.6376811594203,24.6376811594203
"orng-11",14,2021,21.0144927536232,21.7391304347826
"orng-11",15,2021,20.5673758865248,22.6950354609929
"orng-11",16,2021,22.3021582733813,23.021582733813
"orng-11",17,2021,27.7777777777778,29.1666666666666
"orng-11",18,2021,27.3381294964029,28.0575539568345
"orng-11",19,2021,20.1438848920864,20.1438848920864
"orng-11",20,2021,24.822695035461,24.822695035461
"orng-12",1,2021,32.3741007194245,32.3741007194245
"orng-12",2,2021,27.972027972028,28.6713286713287
"orng-12",3,2021,28.0575539568345,28.0575539568345
"orng-12",4,2021,42.1428571428571,42.1428571428571
"orng-12",5,2021,41.3043478260869,41.304347826087
"orng-12",6,2021,75.177304964539,75.177304964539
"orng-12",7,2021,100,100
"orng-12",8,2021,97.2027972027973,97.2027972027973
"orng-12",9,2021,95.7142857142857,95.7142857142858
"orng-12",10,2021,99.9999999999999,100
"orng-12",11,2021,100,100
"orng-12",12,2021,100,100
"orng-12",13,2021,98.5611510791367,98.5611510791367
"orng-12",14,2021,97.1631205673758,97.1631205673759
"orng-12",15,2021,79.7101449275362,79.7101449275362
"orng-12",16,2021,28.0575539568345,28.0575539568345
"orng-12",17,2021,35.2517985611511,35.2517985611511
"orng-12",18,2021,58.5714285714285,59.2857142857143
"orng-12",19,2021,23.9130434782608,23.9130434782608
"orng-12",20,2021,23.5714285714286,23.5714285714286
"cthm-01",1,2022,24.4604316546763,25.1798561151079
"cthm-01",2,2022,18.8405797101449,18.8405797101449
"cthm-01",3,2022,32.8571428571429,32.8571428571429
"cthm-01",4,2022,37.1428571428572,37.1428571428572
"cthm-01",5,2022,50,50.0000000000001
"cthm-01",6,2022,44.5255474452554,45.2554744525547
"cthm-01",7,2022,25.6944444444445,26.3888888888889
"cthm-01",8,2022,19.4444444444445,19.4444444444445
"cthm-01",9,2022,19.1489361702128,19.8581560283688
"cthm-01",10,2022,28.0575539568346,28.0575539568346
"cthm-01",11,2022,41.6058394160584,41.6058394160584
"cthm-01",12,2022,41.304347826087,41.304347826087
"cthm-01",13,2022,35.7142857142858,35.7142857142858
"cthm-01",14,2022,17.3913043478261,18.1159420289855
"cthm-01",15,2022,44.2028985507247,44.2028985507247
"cthm-01",16,2022,42.8571428571429,42.8571428571429
"cthm-01",17,2022,27.3381294964029,28.7769784172662
"cthm-01",18,2022,44.927536231884,44.927536231884
"cthm-01",19,2022,34.0425531914894,34.0425531914894
"cthm-01",20,2022,54.6762589928058,54.6762589928058
"cthm-02",1,2022,17.2661870503597,17.2661870503597
"cthm-02",2,2022,16.4285714285714,16.4285714285714
"cthm-02",3,2022,24.2857142857143,24.2857142857143
"cthm-02",4,2022,13.0434782608696,13.0434782608696
"cthm-02",5,2022,90.5109489051094,90.5109489051095
"cthm-02",6,2022,79.8611111111111,79.8611111111111
"cthm-02",7,2022,44.6043165467627,44.6043165467627
"cthm-02",8,2022,58.9928057553957,58.9928057553958
"cthm-02",9,2022,29.7101449275363,29.7101449275363
"cthm-02",10,2022,22.1428571428571,22.1428571428572
"cthm-02",11,2022,32.8467153284671,32.8467153284671
"cthm-02",12,2022,22.463768115942,22.463768115942
"cthm-02",13,2022,7.97101449275362,7.97101449275362
"cthm-02",14,2022,25.8992805755396,27.3381294964028
"cthm-02",15,2022,57.1428571428571,57.1428571428571
"cthm-02",16,2022,21.0144927536231,21.0144927536231
"cthm-02",17,2022,28.5714285714286,28.5714285714286
"cthm-02",18,2022,24.4604316546762,24.4604316546763
"cthm-02",19,2022,49.2753623188406,49.2753623188406
"cthm-02",20,2022,25,25
"cthm-03",1,2022,32.1428571428571,32.1428571428571
"cthm-03",2,2022,25.7142857142857,25.7142857142857
"cthm-03",3,2022,48.2517482517483,48.951048951049
"cthm-03",4,2022,42.3611111111111,42.3611111111111
"cthm-03",5,2022,57.5539568345323,57.5539568345324
"cthm-03",6,2022,27.3381294964029,27.3381294964029
"cthm-03",7,2022,90.7142857142857,90.7142857142858
"cthm-03",8,2022,32.8571428571429,33.5714285714286
"cthm-03",9,2022,14.2857142857143,14.2857142857143
"cthm-03",10,2022,18.705035971223,20.1438848920864
"cthm-03",11,2022,21.0144927536232,21.7391304347826
"cthm-03",12,2022,6.47482014388489,17.9856115107914
"cthm-03",13,2022,16.4285714285714,17.1428571428571
"cthm-03",14,2022,19.2857142857143,20
"cthm-03",15,2022,20,23.5714285714286
"cthm-03",16,2022,19.4244604316547,20.1438848920864
"cthm-03",17,2022,23.7410071942446,23.7410071942446
"cthm-03",18,2022,19.1489361702128,19.1489361702128
"cthm-03",19,2022,39.2857142857143,39.2857142857143
"cthm-03",20,2022,20.5673758865248,22.6950354609929
"cthm-04",2,2022,19.1489361702128,19.1489361702128
"cthm-04",3,2022,20.2898550724637,20.2898550724637
"cthm-04",4,2022,9.28571428571429,9.28571428571429
"cthm-04",5,2022,21.4285714285714,21.4285714285714
"cthm-04",6,2022,28.5714285714286,29.2857142857143
"cthm-04",7,2022,13.6690647482014,13.6690647482014
"cthm-04",8,2022,20,20
"cthm-04",9,2022,73.1884057971014,73.1884057971014
"cthm-04",10,2022,46.3768115942029,46.3768115942029
"cthm-04",11,2022,57.5539568345324,57.5539568345324
"cthm-04",12,2022,15.8273381294964,15.8273381294964
"cthm-04",13,2022,17.8571428571428,17.8571428571428
"cthm-04",14,2022,27.8571428571428,27.8571428571428
"cthm-04",15,2022,8.57142857142857,8.57142857142857
"cthm-04",16,2022,4.31654676258993,4.31654676258993
"cthm-04",17,2022,19.5652173913043,19.5652173913043
"cthm-04",18,2022,20,20.7142857142857
"cthm-04",19,2022,21.5827338129496,21.5827338129496
"cthm-04",20,2022,17.2661870503597,17.2661870503597
"cthm-05",1,2022,21.0144927536232,21.0144927536232
"cthm-05",2,2022,23.5714285714285,23.5714285714285
"cthm-05",3,2022,16.5467625899281,16.5467625899281
"cthm-05",4,2022,12.9496402877698,13.6690647482015
"cthm-05",5,2022,12.8571428571429,15
"cthm-05",6,2022,14.3884892086331,14.3884892086331
"cthm-05",7,2022,18.75,18.75
"cthm-05",8,2022,17.2661870503597,17.2661870503597
"cthm-05",9,2022,18.5714285714286,18.5714285714286
"cthm-05",10,2022,18.8405797101449,18.8405797101449
"cthm-05",11,2022,24.2857142857143,24.2857142857143
"cthm-05",12,2022,16.5467625899281,16.5467625899281
"cthm-05",13,2022,21.8978102189781,21.8978102189781
"cthm-05",14,2022,15.6028368794326,15.6028368794326
"cthm-05",15,2022,18.8811188811189,18.8811188811189
"cthm-05",16,2022,29.1970802919708,29.1970802919708
"cthm-05",17,2022,20.8333333333333,20.8333333333334
"cthm-05",18,2022,14.1843971631205,15.6028368794326
"cthm-05",19,2022,18.8405797101449,18.8405797101449
"cthm-05",20,2022,24.4604316546763,24.4604316546763
"cthm-06",1,2022,34.0579710144927,34.0579710144927
"cthm-06",2,2022,35,35
"cthm-06",3,2022,18.705035971223,18.705035971223
"cthm-06",4,2022,25.1798561151079,25.1798561151079
"cthm-06",5,2022,15.7142857142857,15.7142857142857
"cthm-06",6,2022,19.4244604316547,19.4244604316547
"cthm-06",7,2022,27.3381294964029,27.3381294964029
"cthm-06",8,2022,29.2857142857143,29.2857142857143
"cthm-06",9,2022,17.1428571428571,19.2857142857143
"cthm-06",10,2022,21.7391304347826,21.7391304347826
"cthm-06",11,2022,29.4964028776979,29.4964028776979
"cthm-06",12,2022,19.2857142857143,20
"cthm-06",13,2022,42.8571428571428,42.8571428571428
"cthm-06",14,2022,23.0215827338129,23.021582733813
"cthm-06",15,2022,24.822695035461,24.822695035461
"cthm-06",16,2022,24.4604316546763,24.4604316546763
"cthm-06",17,2022,16.5467625899281,16.5467625899281
"cthm-06",18,2022,20.5673758865249,20.5673758865249
"cthm-06",19,2022,20.863309352518,20.863309352518
"cthm-06",20,2022,17.2661870503598,17.2661870503598
"cthm-07",1,2022,21.7391304347826,21.7391304347826
"cthm-07",2,2022,15.7142857142857,19.2857142857143
"cthm-07",3,2022,27.1428571428572,29.2857142857143
"cthm-07",4,2022,5.79710144927536,14.4927536231884
"cthm-07",5,2022,15.1079136690647,16.5467625899281
"cthm-07",6,2022,14.8936170212766,17.0212765957447
"cthm-07",7,2022,16.4285714285714,17.1428571428571
"cthm-07",8,2022,15,17.1428571428571
"cthm-07",9,2022,25.531914893617,26.241134751773
"cthm-07",10,2022,20.1438848920864,20.1438848920864
"cthm-07",11,2022,18.705035971223,18.705035971223
"cthm-07",12,2022,15.1079136690647,15.1079136690647
"cthm-07",13,2022,22.463768115942,22.463768115942
"cthm-07",14,2022,16.6666666666667,16.6666666666667
"cthm-07",15,2022,29.4964028776978,29.4964028776978
"cthm-07",16,2022,18.5714285714286,18.5714285714286
"cthm-07",17,2022,17.3913043478261,17.3913043478261
"cthm-07",18,2022,17.8571428571428,17.8571428571428
"cthm-07",19,2022,16.0583941605839,16.0583941605839
"cthm-07",20,2022,21.5277777777778,21.5277777777778
"cthm-08",1,2022,18.5714285714285,18.5714285714285
"cthm-08",2,2022,47.5177304964539,47.5177304964539
"cthm-08",3,2022,40.7142857142857,40.7142857142857
"cthm-08",4,2022,20.1438848920863,24.4604316546763
"cthm-08",5,2022,25.6944444444444,25.6944444444445
"cthm-08",6,2022,26.6187050359712,26.6187050359712
"cthm-08",7,2022,34.0579710144927,34.0579710144927
"cthm-08",8,2022,27.1428571428571,27.1428571428571
"cthm-08",9,2022,19.2857142857142,19.2857142857142
"cthm-08",10,2022,16.4285714285715,17.1428571428572
"cthm-08",11,2022,31.6546762589928,31.6546762589928
"cthm-08",12,2022,20.1438848920863,20.1438848920863
"cthm-08",13,2022,15.9420289855072,15.9420289855072
"cthm-08",14,2022,22.3021582733813,22.3021582733813
"cthm-08",15,2022,18.705035971223,18.705035971223
"cthm-08",16,2022,15.2173913043478,15.2173913043478
"cthm-08",17,2022,19.2857142857143,19.2857142857143
"cthm-08",18,2022,15.9722222222222,15.9722222222222
"cthm-08",19,2022,18.705035971223,18.705035971223
"cthm-08",20,2022,29.9270072992701,29.9270072992701
"cthm-09",1,2022,20.7142857142857,20.7142857142857
"cthm-09",2,2022,27.3381294964028,28.0575539568345
"cthm-09",3,2022,40.7142857142857,41.4285714285714
"cthm-09",4,2022,35.9154929577465,35.9154929577465
"cthm-09",5,2022,47.4452554744525,47.4452554744525
"cthm-09",6,2022,28.0575539568345,28.0575539568345
"cthm-09",7,2022,21.7391304347826,21.7391304347826
"cthm-09",8,2022,35.2517985611511,35.2517985611511
"cthm-09",9,2022,35.2517985611511,35.2517985611511
"cthm-09",10,2022,37.4100719424461,37.4100719424461
"cthm-09",11,2022,50,50
"cthm-09",12,2022,20.5673758865248,20.5673758865248
"cthm-09",13,2022,26.8115942028985,26.8115942028986
"cthm-09",14,2022,12.8571428571429,12.8571428571429
"cthm-09",15,2022,27.6595744680851,27.6595744680851
"cthm-09",16,2022,17.2661870503597,17.2661870503597
"cthm-09",17,2022,48.2014388489209,48.2014388489209
"cthm-09",18,2022,27.1428571428572,27.1428571428572
"cthm-09",19,2022,17.8571428571428,17.8571428571428
"cthm-09",20,2022,21.0144927536232,21.0144927536232
"cthm-10",1,2022,24.6376811594203,25.3623188405797
"cthm-10",2,2022,30.7142857142857,31.4285714285715
"cthm-10",3,2022,23.021582733813,23.7410071942446
"cthm-10",4,2022,24.2857142857143,27.8571428571429
"cthm-10",5,2022,40,40
"cthm-10",6,2022,36.9565217391304,36.9565217391304
"cthm-10",7,2022,25.1798561151079,25.1798561151079
"cthm-10",8,2022,27.1428571428571,27.1428571428571
"cthm-10",9,2022,30.6569343065693,30.6569343065693
"cthm-10",10,2022,20.1438848920863,20.1438848920864
"cthm-10",11,2022,24.8175182481752,24.8175182481752
"cthm-10",12,2022,31.2056737588653,31.2056737588653
"cthm-10",13,2022,28.7769784172662,28.7769784172662
"cthm-10",14,2022,66.1870503597123,66.1870503597123
"cthm-10",15,2022,29.7101449275362,30.4347826086956
"cthm-10",16,2022,93.4782608695652,93.4782608695653
"cthm-10",17,2022,97.8571428571428,97.8571428571428
"cthm-10",18,2022,35.2112676056338,35.2112676056338
"cthm-10",19,2022,25.7142857142857,25.7142857142857
"cthm-10",20,2022,20.863309352518,20.863309352518
"cthm-11",1,2022,18.8405797101449,20.2898550724637
"cthm-11",2,2022,34.2857142857142,34.2857142857142
"cthm-11",3,2022,26.4285714285714,26.4285714285714
"cthm-11",4,2022,23.021582733813,23.021582733813
"cthm-11",5,2022,15.9420289855072,15.9420289855072
"cthm-11",6,2022,19.2857142857142,19.2857142857142
"cthm-11",7,2022,28.2608695652174,28.2608695652174
"cthm-11",8,2022,16.3120567375887,17.0212765957447
"cthm-11",9,2022,25.7142857142857,25.7142857142857
"cthm-11",10,2022,20.1438848920863,20.1438848920863
"cthm-11",11,2022,38.4615384615385,38.4615384615385
"cthm-11",12,2022,13.986013986014,13.986013986014
"cthm-11",13,2022,21.2765957446809,21.2765957446809
"cthm-11",14,2022,15.2777777777777,18.0555555555556
"cthm-11",15,2022,15,15
"cthm-11",16,2022,29.4964028776979,29.4964028776979
"cthm-11",17,2022,31.6546762589928,31.6546762589928
"cthm-11",18,2022,27.0833333333333,27.0833333333333
"cthm-11",19,2022,18.4397163120567,18.4397163120567
"cthm-11",20,2022,44.9999999999999,45
"cthm-12",1,2022,29.7101449275362,32.6086956521739
"cthm-12",2,2022,15.9722222222222,17.3611111111111
"cthm-12",3,2022,17.2661870503597,17.2661870503597
"cthm-12",4,2022,37.4100719424461,37.4100719424461
"cthm-12",5,2022,18.1159420289855,18.8405797101449
"cthm-12",6,2022,36.8794326241135,36.8794326241135
"cthm-12",7,2022,20,20
"cthm-12",8,2022,16.6666666666667,17.3611111111111
"cthm-12",9,2022,19.8581560283688,19.8581560283688
"cthm-12",10,2022,32.8467153284672,32.8467153284672
"cthm-12",11,2022,21.5827338129496,21.5827338129496
"cthm-12",12,2022,27.5362318840579,27.5362318840579
"cthm-12",13,2022,15.7142857142857,15.7142857142857
"cthm-12",14,2022,15.7142857142857,15.7142857142857
"cthm-12",15,2022,16.4285714285714,16.4285714285714
"cthm-12",16,2022,33.5714285714285,33.5714285714285
"cthm-12",17,2022,17.391304347826,17.391304347826
"cthm-12",18,2022,53.6231884057971,53.6231884057971
"cthm-12",19,2022,23.5714285714285,23.5714285714286
"cthm-12",20,2022,38.5714285714286,39.2857142857143
"cthm-13",1,2022,27.0833333333333,27.0833333333333
"cthm-13",2,2022,23.9130434782609,23.9130434782609
"cthm-13",3,2022,27.3381294964029,27.3381294964029
"cthm-13",4,2022,16.6666666666666,23.6111111111111
"cthm-13",5,2022,29.7101449275362,29.7101449275363
"cthm-13",6,2022,22.8571428571428,22.8571428571428
"cthm-13",7,2022,48.22695035461,48.936170212766
"cthm-13",8,2022,37.410071942446,37.410071942446
"cthm-13",9,2022,100,100
"cthm-13",10,2022,100,100
"cthm-13",11,2022,100,100
"cthm-13",12,2022,78.1021897810219,78.1021897810219
"cthm-13",13,2022,38.4615384615385,38.4615384615385
"cthm-13",14,2022,23.7410071942446,23.7410071942446
"cthm-13",15,2022,30,30
"cthm-13",16,2022,53.2846715328468,53.2846715328468
"cthm-13",17,2022,33.3333333333333,33.3333333333333
"cthm-13",18,2022,16.5467625899281,18.705035971223
"cthm-13",19,2022,22.463768115942,22.463768115942
"cthm-13",20,2022,16.4285714285714,16.4285714285714
"cthm-14",1,2022,45.6521739130434,45.6521739130435
"cthm-14",2,2022,22.463768115942,23.1884057971015
"cthm-14",3,2022,21.6783216783217,21.6783216783217
"cthm-14",4,2022,32.8671328671329,32.8671328671329
"cthm-14",5,2022,36.8794326241135,36.8794326241135
"cthm-14",6,2022,28.3687943262411,28.3687943262411
"cthm-14",7,2022,18.2481751824817,18.2481751824817
"cthm-14",8,2022,17.2661870503597,17.2661870503597
"cthm-14",9,2022,25,25.7142857142857
"cthm-14",10,2022,27.3381294964029,28.0575539568345
"cthm-14",11,2022,34.0579710144927,34.0579710144927
"cthm-14",12,2022,40,40
"cthm-14",13,2022,32.1428571428572,32.1428571428572
"cthm-14",14,2022,30.7142857142857,30.7142857142857
"cthm-14",15,2022,14.3884892086331,14.3884892086331
"cthm-14",16,2022,28.9855072463768,28.9855072463768
"cthm-14",17,2022,22.3021582733813,22.3021582733813
"cthm-14",18,2022,18.705035971223,19.4244604316547
"cthm-14",19,2022,22.463768115942,22.463768115942
"cthm-14",20,2022,31.2056737588653,31.2056737588653
"drhm-01",1,2022,17.9856115107914,17.9856115107914
"drhm-01",2,2022,22.3021582733813,22.3021582733813
"drhm-01",3,2022,30.2158273381295,30.2158273381295
"drhm-01",4,2022,27.8571428571429,27.8571428571429
"drhm-01",5,2022,22.6950354609929,22.6950354609929
"drhm-01",6,2022,33.3333333333333,33.3333333333333
"drhm-01",7,2022,24.822695035461,24.822695035461
"drhm-01",8,2022,17.9856115107914,17.9856115107914
"drhm-01",9,2022,17.0212765957447,17.0212765957447
"drhm-01",10,2022,24.6376811594203,25.3623188405797
"drhm-01",11,2022,14.2857142857143,15.7142857142857
"drhm-01",12,2022,23.7410071942447,24.4604316546763
"drhm-01",13,2022,13.6690647482014,15.1079136690647
"drhm-01",14,2022,14.5985401459854,14.5985401459854
"drhm-01",15,2022,20.7142857142857,20.7142857142857
"drhm-01",16,2022,19.8581560283688,19.8581560283688
"drhm-01",17,2022,23.0215827338129,23.7410071942446
"drhm-01",18,2022,20,20
"drhm-01",19,2022,21.7391304347826,21.7391304347826
"drhm-01",20,2022,23.9130434782609,23.9130434782609
"drhm-02",1,2022,21.8309859154929,21.830985915493
"drhm-02",2,2022,27.8571428571429,27.8571428571429
"drhm-02",3,2022,39.1304347826087,39.1304347826087
"drhm-02",4,2022,29.2857142857143,29.2857142857143
"drhm-02",5,2022,29.2857142857143,29.2857142857143
"drhm-02",6,2022,24.8175182481751,24.8175182481751
"drhm-02",7,2022,36.6906474820144,36.6906474820144
"drhm-02",8,2022,20.1388888888889,20.1388888888889
"drhm-02",9,2022,24.113475177305,24.113475177305
"drhm-02",10,2022,11.5107913669065,11.5107913669065
"drhm-02",11,2022,18.1159420289855,18.1159420289855
"drhm-02",12,2022,26.8115942028985,26.8115942028985
"drhm-02",13,2022,17.1428571428571,17.1428571428571
"drhm-02",14,2022,20.2898550724638,20.2898550724638
"drhm-02",15,2022,18.5714285714286,18.5714285714286
"drhm-02",16,2022,23.404255319149,23.404255319149
"drhm-02",17,2022,25.7142857142857,26.4285714285714
"drhm-02",18,2022,20.863309352518,20.863309352518
"drhm-02",19,2022,23.404255319149,23.404255319149
"drhm-02",20,2022,24.6376811594203,24.6376811594203
"drhm-03",1,2022,100,100
"drhm-03",2,2022,100,100
"drhm-03",3,2022,100,100
"drhm-03",4,2022,100,100
"drhm-03",5,2022,99.9999999999999,100
"drhm-03",6,2022,97.1428571428572,97.8571428571429
"drhm-03",7,2022,80.7142857142857,80.7142857142857
"drhm-03",8,2022,100,100
"drhm-03",9,2022,93.5714285714286,93.5714285714286
"drhm-03",10,2022,92.8571428571428,92.8571428571429
"drhm-03",11,2022,18.7050359712231,18.7050359712231
"drhm-03",12,2022,23.0215827338129,23.0215827338129
"drhm-03",13,2022,99.9999999999999,100
"drhm-03",14,2022,99.9999999999999,100
"drhm-03",15,2022,74.3055555555556,74.3055555555556
"drhm-03",16,2022,87.1428571428571,87.8571428571429
"drhm-03",17,2022,97.1428571428571,97.1428571428572
"drhm-03",18,2022,68.3453237410072,68.3453237410072
"drhm-03",19,2022,32.3741007194245,32.3741007194245
"drhm-03",20,2022,25.8992805755395,25.8992805755395
"drhm-04",1,2022,97.2222222222223,97.2222222222223
"drhm-04",2,2022,67.1428571428571,67.1428571428571
"drhm-04",3,2022,40.5797101449276,40.5797101449276
"drhm-04",4,2022,20,20
"drhm-04",5,2022,86.231884057971,86.231884057971
"drhm-04",6,2022,30.7142857142857,30.7142857142857
"drhm-04",7,2022,28.3687943262411,28.3687943262411
"drhm-04",8,2022,44.9275362318841,44.9275362318841
"drhm-04",9,2022,25.7142857142858,25.7142857142858
"drhm-04",10,2022,15.2173913043478,15.2173913043478
"drhm-04",11,2022,17.1428571428571,17.1428571428571
"drhm-04",12,2022,29.2857142857142,29.2857142857143
"drhm-04",13,2022,35.2517985611511,35.9712230215827
"drhm-04",14,2022,17.8571428571429,17.8571428571429
"drhm-04",15,2022,16.1971830985915,16.1971830985915
"drhm-04",16,2022,25.7142857142857,26.4285714285714
"drhm-04",17,2022,46.043165467626,46.043165467626
"drhm-04",18,2022,17.0212765957447,17.0212765957447
"drhm-04",19,2022,21.7391304347826,21.7391304347826
"drhm-04",20,2022,94.9640287769785,94.9640287769785
"drhm-05",1,2022,27.8571428571429,27.8571428571429
"drhm-05",2,2022,27.8571428571429,27.8571428571429
"drhm-05",3,2022,43.1654676258993,43.1654676258993
"drhm-05",4,2022,47.1428571428572,47.1428571428572
"drhm-05",5,2022,81.1594202898551,83.3333333333333
"drhm-05",6,2022,100,100
"drhm-05",7,2022,63.1944444444444,63.1944444444444
"drhm-05",8,2022,81.8840579710146,81.8840579710146
"drhm-05",9,2022,70,71.4285714285715
"drhm-05",10,2022,64.0287769784173,64.748201438849
"drhm-05",11,2022,53.1914893617021,53.1914893617021
"drhm-05",12,2022,65.9420289855072,65.9420289855073
"drhm-05",13,2022,98.5714285714286,98.5714285714286
"drhm-05",14,2022,100,100
"drhm-05",15,2022,100,100
"drhm-05",16,2022,100,100
"drhm-05",17,2022,100,100
"drhm-05",18,2022,65.9574468085106,65.9574468085106
"drhm-05",19,2022,56.5217391304348,56.5217391304348
"drhm-05",20,2022,37.1428571428571,37.1428571428571
"drhm-06",1,2022,87.5,87.5000000000001
"drhm-06",2,2022,99.2753623188406,99.2753623188406
"drhm-06",3,2022,100,100
"drhm-06",4,2022,100,100
"drhm-06",5,2022,100,100
"drhm-06",6,2022,87.0503597122302,87.0503597122302
"drhm-06",7,2022,87.1428571428572,89.2857142857143
"drhm-06",8,2022,77.8571428571428,77.8571428571429
"drhm-06",9,2022,84.8920863309353,84.8920863309353
"drhm-06",10,2022,84.2857142857143,84.2857142857143
"drhm-06",11,2022,68.1159420289855,68.1159420289855
"drhm-06",12,2022,100,100
"drhm-06",13,2022,73.3812949640288,73.3812949640288
"drhm-06",14,2022,74.4680851063829,74.468085106383
"drhm-06",15,2022,69.5035460992908,69.5035460992908
"drhm-06",16,2022,93.5714285714285,93.5714285714285
"drhm-06",17,2022,86.9565217391304,86.9565217391305
"drhm-06",18,2022,100,100
"drhm-06",19,2022,94.4444444444445,94.4444444444445
"drhm-06",20,2022,95.7142857142857,95.7142857142858
"drhm-07",1,2022,89.2857142857143,90
"drhm-07",2,2022,68.6131386861314,68.6131386861314
"drhm-07",3,2022,45.7142857142856,45.7142857142857
"drhm-07",4,2022,57.6642335766424,57.6642335766424
"drhm-07",5,2022,97.080291970803,97.080291970803
"drhm-07",6,2022,86.1111111111111,86.1111111111111
"drhm-07",7,2022,90,90.0000000000001
"drhm-07",8,2022,64.7482014388489,64.7482014388489
"drhm-07",9,2022,77.536231884058,77.536231884058
"drhm-07",10,2022,15.9420289855073,15.9420289855073
"drhm-07",11,2022,22.1428571428571,22.1428571428571
"drhm-07",12,2022,19.4444444444445,19.4444444444445
"drhm-07",13,2022,16.3120567375887,16.3120567375887
"drhm-07",14,2022,17.8571428571428,18.5714285714285
"drhm-07",15,2022,16.3120567375887,16.3120567375887
"drhm-07",16,2022,22.6277372262774,22.6277372262774
"drhm-07",17,2022,36.4963503649635,36.4963503649635
"drhm-07",18,2022,35.5072463768116,35.5072463768116
"drhm-07",19,2022,27.1428571428572,27.1428571428572
"drhm-07",20,2022,26.4285714285715,26.4285714285715
"drhm-08",1,2022,75.7142857142857,75.7142857142857
"drhm-08",2,2022,33.8129496402877,33.8129496402877
"drhm-08",3,2022,21.4285714285714,21.4285714285714
"drhm-08",4,2022,18.0555555555556,18.0555555555556
"drhm-08",5,2022,20,20.7142857142857
"drhm-08",6,2022,18.8405797101449,18.840579710145
"drhm-08",7,2022,30.6569343065694,30.6569343065694
"drhm-08",8,2022,92.0863309352518,92.0863309352518
"drhm-08",9,2022,75,75
"drhm-08",10,2022,73.3812949640288,73.3812949640288
"drhm-08",11,2022,60,60
"drhm-08",12,2022,80.4347826086957,80.4347826086957
"drhm-08",13,2022,36.231884057971,36.9565217391304
"drhm-08",14,2022,76.6423357664234,76.6423357664234
"drhm-08",15,2022,70.2898550724638,71.0144927536232
"drhm-08",16,2022,33.8129496402878,33.8129496402878
"drhm-08",17,2022,36.231884057971,36.231884057971
"drhm-08",18,2022,30.7142857142857,30.7142857142857
"drhm-08",19,2022,56.8345323741007,56.8345323741007
"drhm-08",20,2022,47.1428571428572,47.1428571428572
"orng-01",1,2022,33.3333333333333,33.3333333333333
"orng-01",2,2022,19.5652173913043,19.5652173913043
"orng-01",3,2022,35.7142857142856,35.7142857142857
"orng-01",4,2022,40.2777777777778,40.2777777777778
"orng-01",5,2022,20.1438848920863,20.1438848920863
"orng-01",6,2022,23.5714285714285,24.2857142857143
"orng-01",7,2022,24.4604316546763,24.4604316546763
"orng-01",8,2022,20.7142857142857,21.4285714285715
"orng-01",9,2022,21.4285714285714,21.4285714285714
"orng-01",10,2022,21.5827338129496,21.5827338129496
"orng-01",11,2022,27.536231884058,27.536231884058
"orng-01",12,2022,22.463768115942,22.463768115942
"orng-01",13,2022,22.1428571428571,22.1428571428571
"orng-01",14,2022,17.2661870503597,17.2661870503597
"orng-01",15,2022,19.5652173913044,19.5652173913044
"orng-01",16,2022,24.4604316546763,24.4604316546763
"orng-01",17,2022,23.5714285714286,23.5714285714286
"orng-01",18,2022,17.2661870503597,17.2661870503597
"orng-01",19,2022,33.0985915492957,33.0985915492957
"orng-01",20,2022,16.3120567375887,16.3120567375887
"orng-02",1,2022,17.2661870503597,17.2661870503597
"orng-02",2,2022,18.8405797101449,18.8405797101449
"orng-02",3,2022,17.2661870503597,17.2661870503597
"orng-02",4,2022,12.1428571428571,12.1428571428571
"orng-02",5,2022,22.4637681159421,22.4637681159421
"orng-02",6,2022,23.7410071942446,23.7410071942446
"orng-02",7,2022,21.5827338129497,21.5827338129497
"orng-02",8,2022,38.8489208633094,38.8489208633094
"orng-02",9,2022,23.0215827338129,23.021582733813
"orng-02",10,2022,14.2857142857143,14.2857142857143
"orng-02",11,2022,20.2898550724637,20.2898550724638
"orng-02",12,2022,17.5182481751825,17.5182481751825
"orng-02",13,2022,21.0144927536232,21.0144927536232
"orng-02",14,2022,33.8129496402877,33.8129496402877
"orng-02",15,2022,16.4285714285714,16.4285714285714
"orng-02",16,2022,18.5714285714285,18.5714285714285
"orng-02",17,2022,12.7659574468085,12.7659574468085
"orng-02",18,2022,37.2262773722628,37.2262773722628
"orng-02",19,2022,27.536231884058,28.2608695652174
"orng-02",20,2022,16.5467625899281,16.5467625899281
"orng-03",1,2022,36.4963503649635,36.4963503649635
"orng-03",2,2022,27.1428571428571,27.1428571428571
"orng-03",3,2022,32.3741007194244,32.3741007194244
"orng-03",4,2022,32.8571428571429,32.8571428571429
"orng-03",5,2022,18.705035971223,18.705035971223
"orng-03",6,2022,23.9130434782609,23.9130434782609
"orng-03",7,2022,58.5714285714286,58.5714285714286
"orng-03",8,2022,31.25,31.25
"orng-03",9,2022,30.7142857142857,30.7142857142857
"orng-03",10,2022,60.0000000000001,60.0000000000001
"orng-03",11,2022,97.1014492753623,97.8260869565217
"orng-03",12,2022,84.2857142857143,84.2857142857144
"orng-03",13,2022,42.3357664233576,42.3357664233576
"orng-03",14,2022,17.7304964539007,17.7304964539007
"orng-03",15,2022,25,26.4285714285714
"orng-03",16,2022,17.3913043478261,17.3913043478261
"orng-03",17,2022,21.1678832116788,21.1678832116788
"orng-03",18,2022,25.8992805755396,25.8992805755396
"orng-03",19,2022,14.6853146853147,17.4825174825175
"orng-03",20,2022,19.8581560283688,19.8581560283688
"orng-04",1,2022,100,100
"orng-04",2,2022,100,100
"orng-04",3,2022,77.536231884058,77.536231884058
"orng-04",4,2022,90.6474820143885,90.6474820143886
"orng-04",5,2022,83.6879432624114,83.6879432624114
"orng-04",6,2022,100,100
"orng-04",7,2022,77.6978417266188,77.6978417266188
"orng-04",8,2022,80.2816901408451,80.2816901408451
"orng-04",9,2022,60.7142857142857,61.4285714285714
"orng-04",10,2022,45,45
"orng-04",11,2022,17.0212765957447,17.0212765957447
"orng-04",12,2022,18.1159420289855,18.1159420289855
"orng-04",13,2022,34.2857142857143,34.2857142857143
"orng-04",14,2022,28.7769784172662,28.7769784172662
"orng-04",15,2022,40.7142857142857,40.7142857142857
"orng-04",16,2022,51.4492753623189,51.4492753623189
"orng-04",17,2022,16.0583941605839,16.0583941605839
"orng-04",18,2022,17.9856115107914,17.9856115107914
"orng-04",19,2022,21.7391304347826,21.7391304347826
"orng-04",20,2022,20,20
"orng-05",1,2022,15.2173913043478,15.2173913043478
"orng-05",2,2022,17.0212765957447,17.0212765957447
"orng-05",3,2022,31.2056737588652,31.2056737588652
"orng-05",4,2022,22.1428571428571,22.1428571428571
"orng-05",5,2022,22.8571428571429,23.5714285714286
"orng-05",6,2022,34.7826086956522,34.7826086956522
"orng-05",7,2022,32.3741007194245,32.3741007194245
"orng-05",8,2022,26.2773722627737,27.007299270073
"orng-05",9,2022,18.1159420289855,18.1159420289855
"orng-05",10,2022,21.5827338129497,21.5827338129497
"orng-05",11,2022,18.5714285714285,18.5714285714285
"orng-05",12,2022,19.2857142857143,19.2857142857143
"orng-05",13,2022,24.4604316546763,24.4604316546763
"orng-05",14,2022,18.0555555555555,18.0555555555555
"orng-05",15,2022,17.8571428571429,19.2857142857143
"orng-05",16,2022,23.7410071942446,23.7410071942446
"orng-05",17,2022,32.1428571428571,32.1428571428571
"orng-05",18,2022,25.3623188405797,25.3623188405797
"orng-05",19,2022,24.8175182481752,24.8175182481752
"orng-05",20,2022,16.6666666666666,18.1159420289855
"orng-06",1,2022,18.5714285714286,18.5714285714286
"orng-06",2,2022,16.3120567375886,17.0212765957447
"orng-06",3,2022,23.5714285714285,25
"orng-06",4,2022,17.3913043478261,17.3913043478261
"orng-06",5,2022,25,25
"orng-06",6,2022,45.3237410071942,45.3237410071942
"orng-06",7,2022,68.6131386861314,69.3430656934307
"orng-06",8,2022,56.0283687943263,56.0283687943263
"orng-06",9,2022,35,35
"orng-06",10,2022,78.1021897810219,78.1021897810219
"orng-06",11,2022,90.6474820143886,90.6474820143886
"orng-06",12,2022,94.9275362318841,94.9275362318841
"orng-06",13,2022,30.2158273381295,30.2158273381295
"orng-06",14,2022,58.8652482269504,58.8652482269504
"orng-06",15,2022,94.9640287769784,94.9640287769784
"orng-06",16,2022,75.3623188405797,75.3623188405797
"orng-06",17,2022,79.136690647482,79.1366906474821
"orng-06",18,2022,63.3093525179856,63.3093525179856
"orng-06",19,2022,25.5474452554745,25.5474452554745
"orng-06",20,2022,42.8571428571428,43.5714285714285
"orng-07",1,2022,64.748201438849,64.748201438849
"orng-07",2,2022,42.7536231884058,42.7536231884058
"orng-07",3,2022,21.0144927536232,21.0144927536232
"orng-07",4,2022,25.3623188405797,25.3623188405797
"orng-07",5,2022,26.6187050359712,26.6187050359712
"orng-07",6,2022,20.2898550724638,20.2898550724638
"orng-07",7,2022,18.1159420289855,18.8405797101449
"orng-07",8,2022,18.7050359712231,18.7050359712231
"orng-07",9,2022,33.0935251798561,33.0935251798561
"orng-07",10,2022,21.8309859154929,22.5352112676056
"orng-07",11,2022,16.6666666666666,16.6666666666666
"orng-07",12,2022,13.6690647482014,13.6690647482014
"orng-07",13,2022,27.4647887323943,28.1690140845071
"orng-07",14,2022,20.2898550724638,20.2898550724638
"orng-07",15,2022,44.927536231884,49.2753623188406
"orng-07",16,2022,33.5714285714286,34.2857142857142
"orng-07",17,2022,16.6666666666667,16.6666666666667
"orng-07",18,2022,20.863309352518,20.863309352518
"orng-07",19,2022,43.1654676258992,43.1654676258992
"orng-07",20,2022,14.1843971631206,16.3120567375887
"orng-08",1,2022,27.8571428571428,27.8571428571428
"orng-08",2,2022,25.3623188405797,26.0869565217392
"orng-08",3,2022,26.6187050359713,27.3381294964029
"orng-08",4,2022,43.5714285714286,43.5714285714286
"orng-08",5,2022,18.5714285714285,18.5714285714285
"orng-08",6,2022,18.5714285714285,18.5714285714286
"orng-08",7,2022,23.7410071942446,23.7410071942446
"orng-08",8,2022,32.6241134751773,32.6241134751773
"orng-08",9,2022,27.536231884058,27.536231884058
"orng-08",10,2022,35.7142857142857,35.7142857142857
"orng-08",11,2022,15.7142857142857,15.7142857142857
"orng-08",12,2022,17.8571428571429,18.5714285714286
"orng-08",13,2022,16.4285714285714,16.4285714285714
"orng-08",14,2022,20.7142857142857,22.1428571428571
"orng-08",15,2022,22.3021582733813,22.3021582733813
"orng-08",16,2022,18.4397163120568,18.4397163120568
"orng-08",17,2022,19.2857142857143,19.2857142857143
"orng-08",18,2022,18.705035971223,20.1438848920863
"orng-08",19,2022,36.4285714285714,36.4285714285714
"orng-08",20,2022,17.1428571428571,17.1428571428571
"orng-09",1,2022,27.1428571428571,27.1428571428571
"orng-09",2,2022,22.6950354609929,22.6950354609929
"orng-09",3,2022,25,25
"orng-09",4,2022,12.2302158273381,12.2302158273382
"orng-09",5,2022,23.9130434782609,23.9130434782609
"orng-09",6,2022,15.9420289855073,16.6666666666666
"orng-09",7,2022,36.1702127659575,37.5886524822695
"orng-09",8,2022,27.536231884058,27.536231884058
"orng-09",9,2022,20.2898550724637,20.2898550724637
"orng-09",10,2022,26.4285714285714,26.4285714285714
"orng-09",11,2022,17.8571428571429,17.8571428571429
"orng-09",12,2022,17.1428571428571,17.1428571428571
"orng-09",13,2022,20.1438848920864,20.863309352518
"orng-09",14,2022,17.1428571428572,17.1428571428572
"orng-09",15,2022,24.6376811594203,24.6376811594203
"orng-09",16,2022,20.863309352518,21.5827338129497
"orng-09",17,2022,32.8571428571428,33.5714285714286
"orng-09",18,2022,29.2857142857143,29.2857142857143
"orng-09",19,2022,26.4285714285714,26.4285714285714
"orng-09",20,2022,24.822695035461,24.822695035461
"orng-10",1,2022,35.7142857142857,35.7142857142857
"orng-10",2,2022,21.5827338129497,21.5827338129497
"orng-10",3,2022,49.2753623188406,49.2753623188406
"orng-10",4,2022,31.6546762589928,32.3741007194245
"orng-10",5,2022,34.2857142857143,34.2857142857143
"orng-10",6,2022,31.6546762589928,31.6546762589928
"orng-10",7,2022,32.6388888888889,32.6388888888889
"orng-10",8,2022,22.463768115942,22.463768115942
"orng-10",9,2022,25.3623188405797,25.3623188405797
"orng-10",10,2022,71.6312056737588,71.6312056737588
"orng-10",11,2022,68.5714285714286,68.5714285714286
"orng-10",12,2022,66.6666666666667,66.6666666666667
"orng-10",13,2022,43.3566433566434,43.3566433566434
"orng-10",14,2022,22.3021582733813,22.3021582733813
"orng-10",15,2022,34.0425531914893,34.0425531914893
"orng-10",16,2022,30.9352517985612,30.9352517985612
"orng-10",17,2022,27.5362318840579,27.5362318840579
"orng-10",18,2022,20.979020979021,20.979020979021
"orng-10",19,2022,33.5766423357665,33.5766423357665
"orng-10",20,2022,51.4492753623188,52.1739130434783
"orng-11",1,2022,25.8992805755396,25.8992805755396
"orng-11",2,2022,22.1428571428571,22.1428571428571
"orng-11",3,2022,25.8992805755396,25.8992805755396
"orng-11",4,2022,23.0215827338129,23.021582733813
"orng-11",5,2022,40.4255319148937,40.4255319148937
"orng-11",6,2022,39.568345323741,39.568345323741
"orng-11",7,2022,27.536231884058,27.536231884058
"orng-11",8,2022,23.5714285714286,23.5714285714286
"orng-11",9,2022,30,30
"orng-11",10,2022,23.0215827338129,23.0215827338129
"orng-11",11,2022,32.1428571428571,32.1428571428571
"orng-11",12,2022,16.3120567375887,16.3120567375887
"orng-11",13,2022,24.6376811594203,24.6376811594203
"orng-11",14,2022,21.0144927536232,21.7391304347826
"orng-11",15,2022,21.2765957446809,22.6950354609929
"orng-11",16,2022,22.3021582733813,23.021582733813
"orng-11",17,2022,27.7777777777778,29.1666666666666
"orng-11",18,2022,27.3381294964029,28.0575539568345
"orng-11",19,2022,20.1438848920864,20.1438848920864
"orng-11",20,2022,24.822695035461,24.822695035461
"orng-12",1,2022,32.3741007194245,32.3741007194245
"orng-12",2,2022,27.972027972028,28.6713286713287
"orng-12",3,2022,28.0575539568345,28.0575539568345
"orng-12",4,2022,42.1428571428571,42.1428571428571
"orng-12",5,2022,41.3043478260869,41.304347826087
"orng-12",6,2022,75.177304964539,75.177304964539
"orng-12",7,2022,100,100
"orng-12",8,2022,97.2027972027973,97.2027972027973
"orng-12",9,2022,95.7142857142857,95.7142857142858
"orng-12",10,2022,100,100
"orng-12",11,2022,100,100
"orng-12",12,2022,100,100
"orng-12",13,2022,98.5611510791367,98.5611510791367
"orng-12",14,2022,97.8723404255319,97.8723404255319
"orng-12",15,2022,80.4347826086957,80.4347826086957
"orng-12",16,2022,28.0575539568345,28.0575539568345
"orng-12",17,2022,35.2517985611511,35.2517985611511
"orng-12",18,2022,58.5714285714285,59.2857142857143
"orng-12",19,2022,23.9130434782608,23.9130434782608
"orng-12",20,2022,23.5714285714286,23.5714285714286
"cthm-01",1,2023,24.4604316546763,25.1798561151079
"cthm-01",2,2023,18.8405797101449,18.8405797101449
"cthm-01",3,2023,32.8571428571429,32.8571428571429
"cthm-01",4,2023,37.1428571428572,37.1428571428572
"cthm-01",5,2023,50,50.0000000000001
"cthm-01",6,2023,44.5255474452554,45.2554744525547
"cthm-01",7,2023,25.6944444444445,26.3888888888889
"cthm-01",8,2023,19.4444444444445,19.4444444444445
"cthm-01",9,2023,19.1489361702128,19.8581560283688
"cthm-01",10,2023,28.0575539568346,28.0575539568346
"cthm-01",11,2023,41.6058394160584,41.6058394160584
"cthm-01",12,2023,41.304347826087,41.304347826087
"cthm-01",13,2023,38.5714285714286,38.5714285714286
"cthm-01",14,2023,17.3913043478261,18.1159420289855
"cthm-01",15,2023,44.2028985507247,44.2028985507247
"cthm-01",16,2023,42.8571428571429,42.8571428571429
"cthm-01",17,2023,27.3381294964029,28.7769784172662
"cthm-01",18,2023,45.6521739130434,45.6521739130434
"cthm-01",19,2023,34.0425531914894,34.0425531914894
"cthm-01",20,2023,54.6762589928058,54.6762589928058
"cthm-02",1,2023,17.2661870503597,17.2661870503597
"cthm-02",2,2023,16.4285714285714,16.4285714285714
"cthm-02",3,2023,24.2857142857143,24.2857142857143
"cthm-02",4,2023,13.0434782608696,13.0434782608696
"cthm-02",5,2023,90.5109489051094,90.5109489051095
"cthm-02",6,2023,79.8611111111111,79.8611111111111
"cthm-02",7,2023,44.6043165467627,44.6043165467627
"cthm-02",8,2023,58.9928057553957,58.9928057553958
"cthm-02",9,2023,29.7101449275363,29.7101449275363
"cthm-02",10,2023,22.1428571428571,22.1428571428572
"cthm-02",11,2023,32.8467153284671,32.8467153284671
"cthm-02",12,2023,22.463768115942,22.463768115942
"cthm-02",13,2023,7.97101449275362,7.97101449275362
"cthm-02",14,2023,25.8992805755396,27.3381294964028
"cthm-02",15,2023,57.1428571428571,57.1428571428571
"cthm-02",16,2023,21.0144927536231,21.0144927536231
"cthm-02",17,2023,28.5714285714286,28.5714285714286
"cthm-02",18,2023,24.4604316546762,24.4604316546763
"cthm-02",19,2023,49.2753623188406,49.2753623188406
"cthm-02",20,2023,25,25
"cthm-03",1,2023,32.1428571428571,32.1428571428571
"cthm-03",2,2023,25.7142857142857,25.7142857142857
"cthm-03",3,2023,48.951048951049,48.951048951049
"cthm-03",4,2023,42.3611111111111,42.3611111111111
"cthm-03",5,2023,57.5539568345323,57.5539568345324
"cthm-03",6,2023,27.3381294964029,27.3381294964029
"cthm-03",7,2023,90.7142857142857,90.7142857142858
"cthm-03",8,2023,32.8571428571429,33.5714285714286
"cthm-03",9,2023,14.2857142857143,14.2857142857143
"cthm-03",10,2023,18.705035971223,20.1438848920864
"cthm-03",11,2023,21.0144927536232,21.7391304347826
"cthm-03",12,2023,6.47482014388489,17.9856115107914
"cthm-03",13,2023,16.4285714285714,17.1428571428571
"cthm-03",14,2023,19.2857142857143,20
"cthm-03",15,2023,20,23.5714285714286
"cthm-03",16,2023,19.4244604316547,20.1438848920864
"cthm-03",17,2023,25.1798561151079,25.1798561151079
"cthm-03",18,2023,19.1489361702128,19.1489361702128
"cthm-03",19,2023,39.2857142857143,39.2857142857143
"cthm-03",20,2023,20.5673758865248,22.6950354609929
"cthm-04",2,2023,19.1489361702128,19.1489361702128
"cthm-04",3,2023,20.2898550724637,20.2898550724637
"cthm-04",4,2023,9.28571428571429,9.28571428571429
"cthm-04",5,2023,21.4285714285714,21.4285714285714
"cthm-04",6,2023,28.5714285714286,29.2857142857143
"cthm-04",7,2023,13.6690647482014,13.6690647482014
"cthm-04",8,2023,20,20
"cthm-04",9,2023,73.1884057971014,73.1884057971014
"cthm-04",10,2023,47.8260869565218,47.8260869565218
"cthm-04",11,2023,57.5539568345324,57.5539568345324
"cthm-04",12,2023,15.8273381294964,15.8273381294964
"cthm-04",13,2023,17.8571428571428,17.8571428571428
"cthm-04",14,2023,27.8571428571428,27.8571428571428
"cthm-04",15,2023,8.57142857142857,8.57142857142857
"cthm-04",16,2023,4.31654676258993,4.31654676258993
"cthm-04",17,2023,19.5652173913043,19.5652173913043
"cthm-04",18,2023,20,20.7142857142857
"cthm-04",19,2023,21.5827338129496,21.5827338129496
"cthm-04",20,2023,17.2661870503597,17.2661870503597
"cthm-05",1,2023,21.0144927536232,21.0144927536232
"cthm-05",2,2023,23.5714285714285,23.5714285714285
"cthm-05",3,2023,16.5467625899281,16.5467625899281
"cthm-05",4,2023,13.6690647482015,13.6690647482015
"cthm-05",5,2023,12.8571428571429,15
"cthm-05",6,2023,14.3884892086331,14.3884892086331
"cthm-05",7,2023,19.4444444444445,19.4444444444445
"cthm-05",8,2023,17.2661870503597,17.2661870503597
"cthm-05",9,2023,18.5714285714286,18.5714285714286
"cthm-05",10,2023,18.8405797101449,18.8405797101449
"cthm-05",11,2023,24.2857142857143,24.2857142857143
"cthm-05",12,2023,16.5467625899281,16.5467625899281
"cthm-05",13,2023,21.8978102189781,21.8978102189781
"cthm-05",14,2023,15.6028368794326,15.6028368794326
"cthm-05",15,2023,18.8811188811189,18.8811188811189
"cthm-05",16,2023,29.9270072992701,29.9270072992701
"cthm-05",17,2023,20.8333333333333,20.8333333333334
"cthm-05",18,2023,14.1843971631205,15.6028368794326
"cthm-05",19,2023,18.8405797101449,18.8405797101449
"cthm-05",20,2023,24.4604316546763,24.4604316546763
"cthm-06",1,2023,34.0579710144927,34.0579710144927
"cthm-06",2,2023,35,35
"cthm-06",3,2023,18.705035971223,18.705035971223
"cthm-06",4,2023,25.1798561151079,25.1798561151079
"cthm-06",5,2023,15.7142857142857,15.7142857142857
"cthm-06",6,2023,19.4244604316547,19.4244604316547
"cthm-06",7,2023,27.3381294964029,27.3381294964029
"cthm-06",8,2023,29.2857142857143,29.2857142857143
"cthm-06",9,2023,17.1428571428571,19.2857142857143
"cthm-06",10,2023,22.463768115942,22.463768115942
"cthm-06",11,2023,29.4964028776979,29.4964028776979
"cthm-06",12,2023,19.2857142857143,20
"cthm-06",13,2023,42.8571428571428,42.8571428571428
"cthm-06",14,2023,23.0215827338129,23.021582733813
"cthm-06",15,2023,24.822695035461,24.822695035461
"cthm-06",16,2023,24.4604316546763,24.4604316546763
"cthm-06",17,2023,16.5467625899281,16.5467625899281
"cthm-06",18,2023,20.5673758865249,20.5673758865249
"cthm-06",19,2023,20.863309352518,20.863309352518
"cthm-06",20,2023,17.9856115107914,17.9856115107914
"cthm-07",1,2023,21.7391304347826,21.7391304347826
"cthm-07",2,2023,15.7142857142857,19.2857142857143
"cthm-07",3,2023,27.1428571428572,29.2857142857143
"cthm-07",4,2023,5.79710144927536,14.4927536231884
"cthm-07",5,2023,15.1079136690647,16.5467625899281
"cthm-07",6,2023,14.8936170212766,17.0212765957447
"cthm-07",7,2023,16.4285714285714,17.1428571428571
"cthm-07",8,2023,15,17.1428571428571
"cthm-07",9,2023,25.531914893617,26.241134751773
"cthm-07",10,2023,20.1438848920864,20.1438848920864
"cthm-07",11,2023,18.705035971223,18.705035971223
"cthm-07",12,2023,15.1079136690647,15.1079136690647
"cthm-07",13,2023,22.463768115942,22.463768115942
"cthm-07",14,2023,16.6666666666667,16.6666666666667
"cthm-07",15,2023,30.2158273381295,30.2158273381295
"cthm-07",16,2023,18.5714285714286,18.5714285714286
"cthm-07",17,2023,18.1159420289855,18.1159420289855
"cthm-07",18,2023,17.8571428571428,17.8571428571428
"cthm-07",19,2023,16.0583941605839,16.0583941605839
"cthm-07",20,2023,21.5277777777778,21.5277777777778
"cthm-08",1,2023,19.2857142857142,19.2857142857142
"cthm-08",2,2023,48.9361702127659,48.9361702127659
"cthm-08",3,2023,40.7142857142857,40.7142857142857
"cthm-08",4,2023,20.1438848920863,24.4604316546763
"cthm-08",5,2023,25.6944444444444,25.6944444444445
"cthm-08",6,2023,26.6187050359712,26.6187050359712
"cthm-08",7,2023,34.0579710144927,34.0579710144927
"cthm-08",8,2023,27.1428571428571,27.1428571428571
"cthm-08",9,2023,19.2857142857142,19.2857142857142
"cthm-08",10,2023,17.1428571428572,17.1428571428572
"cthm-08",11,2023,31.6546762589928,31.6546762589928
"cthm-08",12,2023,20.1438848920863,20.1438848920863
"cthm-08",13,2023,15.9420289855072,15.9420289855072
"cthm-08",14,2023,22.3021582733813,22.3021582733813
"cthm-08",15,2023,18.705035971223,18.705035971223
"cthm-08",16,2023,15.2173913043478,15.2173913043478
"cthm-08",17,2023,19.2857142857143,19.2857142857143
"cthm-08",18,2023,15.9722222222222,15.9722222222222
"cthm-08",19,2023,18.705035971223,18.705035971223
"cthm-08",20,2023,29.9270072992701,29.9270072992701
"cthm-09",1,2023,20.7142857142857,20.7142857142857
"cthm-09",2,2023,28.0575539568345,28.0575539568345
"cthm-09",3,2023,40.7142857142857,41.4285714285714
"cthm-09",4,2023,35.9154929577465,35.9154929577465
"cthm-09",5,2023,47.4452554744525,47.4452554744525
"cthm-09",6,2023,28.0575539568345,28.0575539568345
"cthm-09",7,2023,21.7391304347826,21.7391304347826
"cthm-09",8,2023,35.2517985611511,35.2517985611511
"cthm-09",9,2023,35.2517985611511,35.2517985611511
"cthm-09",10,2023,37.4100719424461,37.4100719424461
"cthm-09",11,2023,50,50
"cthm-09",12,2023,20.5673758865248,20.5673758865248
"cthm-09",13,2023,29.7101449275362,29.7101449275362
"cthm-09",14,2023,12.8571428571429,12.8571428571429
"cthm-09",15,2023,27.6595744680851,27.6595744680851
"cthm-09",16,2023,17.2661870503597,17.2661870503597
"cthm-09",17,2023,48.9208633093525,48.9208633093525
"cthm-09",18,2023,27.1428571428572,27.1428571428572
"cthm-09",19,2023,17.8571428571428,17.8571428571428
"cthm-09",20,2023,21.0144927536232,21.0144927536232
"cthm-10",1,2023,24.6376811594203,25.3623188405797
"cthm-10",2,2023,30.7142857142857,31.4285714285715
"cthm-10",3,2023,23.021582733813,23.7410071942446
"cthm-10",4,2023,24.2857142857143,27.8571428571429
"cthm-10",5,2023,40,40
"cthm-10",6,2023,37.6811594202898,37.6811594202898
"cthm-10",7,2023,25.1798561151079,25.1798561151079
"cthm-10",8,2023,27.1428571428571,27.1428571428571
"cthm-10",9,2023,30.6569343065693,30.6569343065693
"cthm-10",10,2023,20.1438848920863,20.1438848920864
"cthm-10",11,2023,24.8175182481752,24.8175182481752
"cthm-10",12,2023,31.2056737588653,31.2056737588653
"cthm-10",13,2023,29.4964028776979,29.4964028776979
"cthm-10",14,2023,66.1870503597123,66.1870503597123
"cthm-10",15,2023,29.7101449275362,30.4347826086956
"cthm-10",16,2023,93.4782608695652,93.4782608695653
"cthm-10",17,2023,97.8571428571428,97.8571428571428
"cthm-10",18,2023,35.2112676056338,35.2112676056338
"cthm-10",19,2023,25.7142857142857,25.7142857142857
"cthm-10",20,2023,20.863309352518,20.863309352518
"cthm-11",1,2023,18.8405797101449,20.2898550724637
"cthm-11",2,2023,34.2857142857142,34.2857142857142
"cthm-11",3,2023,26.4285714285714,26.4285714285714
"cthm-11",4,2023,23.021582733813,23.021582733813
"cthm-11",5,2023,15.9420289855072,15.9420289855072
"cthm-11",6,2023,19.2857142857142,19.2857142857142
"cthm-11",7,2023,28.2608695652174,28.2608695652174
"cthm-11",8,2023,16.3120567375887,17.0212765957447
"cthm-11",9,2023,25.7142857142857,25.7142857142857
"cthm-11",10,2023,20.1438848920863,20.1438848920863
"cthm-11",11,2023,38.4615384615385,38.4615384615385
"cthm-11",12,2023,13.986013986014,13.986013986014
"cthm-11",13,2023,21.2765957446809,21.2765957446809
"cthm-11",14,2023,15.2777777777777,18.0555555555556
"cthm-11",15,2023,15,15
"cthm-11",16,2023,29.4964028776979,29.4964028776979
"cthm-11",17,2023,31.6546762589928,31.6546762589928
"cthm-11",18,2023,27.0833333333333,27.0833333333333
"cthm-11",19,2023,18.4397163120567,18.4397163120567
"cthm-11",20,2023,44.9999999999999,45
"cthm-12",1,2023,29.7101449275362,32.6086956521739
"cthm-12",2,2023,15.9722222222222,17.3611111111111
"cthm-12",3,2023,17.2661870503597,17.2661870503597
"cthm-12",4,2023,37.4100719424461,37.4100719424461
"cthm-12",5,2023,18.1159420289855,18.8405797101449
"cthm-12",6,2023,36.8794326241135,36.8794326241135
"cthm-12",7,2023,20,20
"cthm-12",8,2023,16.6666666666667,17.3611111111111
"cthm-12",9,2023,19.8581560283688,19.8581560283688
"cthm-12",10,2023,33.5766423357664,33.5766423357664
"cthm-12",11,2023,21.5827338129496,21.5827338129496
"cthm-12",12,2023,27.5362318840579,27.5362318840579
"cthm-12",13,2023,15.7142857142857,15.7142857142857
"cthm-12",14,2023,15.7142857142857,15.7142857142857
"cthm-12",15,2023,16.4285714285714,16.4285714285714
"cthm-12",16,2023,33.5714285714285,33.5714285714285
"cthm-12",17,2023,17.391304347826,17.391304347826
"cthm-12",18,2023,53.6231884057971,53.6231884057971
"cthm-12",19,2023,23.5714285714285,23.5714285714286
"cthm-12",20,2023,38.5714285714286,39.2857142857143
"cthm-13",1,2023,27.0833333333333,27.0833333333333
"cthm-13",2,2023,23.9130434782609,23.9130434782609
"cthm-13",3,2023,27.3381294964029,27.3381294964029
"cthm-13",4,2023,16.6666666666666,23.6111111111111
"cthm-13",5,2023,31.159420289855,31.159420289855
"cthm-13",6,2023,22.8571428571428,22.8571428571428
"cthm-13",7,2023,48.22695035461,48.936170212766
"cthm-13",8,2023,37.410071942446,37.410071942446
"cthm-13",9,2023,100,100
"cthm-13",10,2023,100,100
"cthm-13",11,2023,100,100
"cthm-13",12,2023,78.1021897810219,78.1021897810219
"cthm-13",13,2023,39.1608391608392,39.1608391608392
"cthm-13",14,2023,23.7410071942446,23.7410071942446
"cthm-13",15,2023,30,30
"cthm-13",16,2023,53.2846715328468,53.2846715328468
"cthm-13",17,2023,34.0277777777777,34.0277777777777
"cthm-13",18,2023,16.5467625899281,18.705035971223
"cthm-13",19,2023,22.463768115942,22.463768115942
"cthm-13",20,2023,17.1428571428571,17.1428571428571
"cthm-14",1,2023,45.6521739130434,45.6521739130435
"cthm-14",2,2023,22.463768115942,23.1884057971015
"cthm-14",3,2023,21.6783216783217,21.6783216783217
"cthm-14",4,2023,32.8671328671329,32.8671328671329
"cthm-14",5,2023,36.8794326241135,36.8794326241135
"cthm-14",6,2023,28.3687943262411,28.3687943262411
"cthm-14",7,2023,18.2481751824817,18.2481751824817
"cthm-14",8,2023,17.2661870503597,17.2661870503597
"cthm-14",9,2023,25,25.7142857142857
"cthm-14",10,2023,27.3381294964029,28.0575539568345
"cthm-14",11,2023,34.0579710144927,34.0579710144927
"cthm-14",12,2023,41.4285714285714,41.4285714285714
"cthm-14",13,2023,33.5714285714286,33.5714285714286
"cthm-14",14,2023,30.7142857142857,30.7142857142857
"cthm-14",15,2023,14.3884892086331,14.3884892086331
"cthm-14",16,2023,30.4347826086956,30.4347826086956
"cthm-14",17,2023,22.3021582733813,22.3021582733813
"cthm-14",18,2023,18.705035971223,19.4244604316547
"cthm-14",19,2023,22.463768115942,22.463768115942
"cthm-14",20,2023,31.2056737588653,31.2056737588653
"drhm-01",1,2023,17.9856115107914,17.9856115107914
"drhm-01",2,2023,22.3021582733813,22.3021582733813
"drhm-01",3,2023,30.2158273381295,30.2158273381295
"drhm-01",4,2023,27.8571428571429,27.8571428571429
"drhm-01",5,2023,22.6950354609929,22.6950354609929
"drhm-01",6,2023,33.3333333333333,33.3333333333333
"drhm-01",7,2023,24.822695035461,24.822695035461
"drhm-01",8,2023,17.9856115107914,17.9856115107914
"drhm-01",9,2023,17.7304964539007,17.7304964539007
"drhm-01",10,2023,24.6376811594203,25.3623188405797
"drhm-01",11,2023,14.2857142857143,15.7142857142857
"drhm-01",12,2023,23.7410071942447,24.4604316546763
"drhm-01",13,2023,13.6690647482014,15.1079136690647
"drhm-01",14,2023,14.5985401459854,14.5985401459854
"drhm-01",15,2023,20.7142857142857,20.7142857142857
"drhm-01",16,2023,19.8581560283688,19.8581560283688
"drhm-01",17,2023,23.0215827338129,23.7410071942446
"drhm-01",18,2023,20,20
"drhm-01",19,2023,21.7391304347826,21.7391304347826
"drhm-01",20,2023,23.9130434782609,23.9130434782609
"drhm-02",1,2023,21.8309859154929,21.830985915493
"drhm-02",2,2023,27.8571428571429,27.8571428571429
"drhm-02",3,2023,39.1304347826087,39.1304347826087
"drhm-02",4,2023,29.2857142857143,29.2857142857143
"drhm-02",5,2023,29.2857142857143,29.2857142857143
"drhm-02",6,2023,24.8175182481751,24.8175182481751
"drhm-02",7,2023,37.410071942446,37.410071942446
"drhm-02",8,2023,20.1388888888889,20.1388888888889
"drhm-02",9,2023,24.113475177305,24.113475177305
"drhm-02",10,2023,11.5107913669065,11.5107913669065
"drhm-02",11,2023,18.1159420289855,18.1159420289855
"drhm-02",12,2023,26.8115942028985,26.8115942028985
"drhm-02",13,2023,17.8571428571428,17.8571428571428
"drhm-02",14,2023,20.2898550724638,20.2898550724638
"drhm-02",15,2023,18.5714285714286,18.5714285714286
"drhm-02",16,2023,23.404255319149,23.404255319149
"drhm-02",17,2023,25.7142857142857,26.4285714285714
"drhm-02",18,2023,20.863309352518,20.863309352518
"drhm-02",19,2023,23.404255319149,23.404255319149
"drhm-02",20,2023,24.6376811594203,24.6376811594203
"drhm-03",1,2023,100,100
"drhm-03",2,2023,100,100
"drhm-03",3,2023,100,100
"drhm-03",4,2023,100,100
"drhm-03",5,2023,99.9999999999999,100
"drhm-03",6,2023,97.1428571428572,97.8571428571429
"drhm-03",7,2023,80.7142857142857,80.7142857142857
"drhm-03",8,2023,100,100
"drhm-03",9,2023,93.5714285714286,93.5714285714286
"drhm-03",10,2023,92.1428571428571,92.8571428571429
"drhm-03",11,2023,18.7050359712231,18.7050359712231
"drhm-03",12,2023,23.7410071942446,23.7410071942446
"drhm-03",13,2023,99.9999999999999,100
"drhm-03",14,2023,99.9999999999999,100
"drhm-03",15,2023,74.3055555555556,74.3055555555556
"drhm-03",16,2023,87.8571428571428,87.8571428571429
"drhm-03",17,2023,97.1428571428571,97.1428571428572
"drhm-03",18,2023,68.3453237410072,68.3453237410072
"drhm-03",19,2023,32.3741007194245,32.3741007194245
"drhm-03",20,2023,25.8992805755395,25.8992805755395
"drhm-04",1,2023,97.2222222222223,97.2222222222223
"drhm-04",2,2023,67.1428571428571,67.1428571428571
"drhm-04",3,2023,40.5797101449276,40.5797101449276
"drhm-04",4,2023,20,20
"drhm-04",5,2023,86.231884057971,86.231884057971
"drhm-04",6,2023,31.4285714285714,31.4285714285714
"drhm-04",7,2023,28.3687943262411,28.3687943262411
"drhm-04",8,2023,44.9275362318841,44.9275362318841
"drhm-04",9,2023,25.7142857142858,25.7142857142858
"drhm-04",10,2023,15.2173913043478,15.2173913043478
"drhm-04",11,2023,17.1428571428571,17.1428571428571
"drhm-04",12,2023,29.2857142857142,29.2857142857143
"drhm-04",13,2023,35.2517985611511,35.9712230215827
"drhm-04",14,2023,17.8571428571429,17.8571428571429
"drhm-04",15,2023,16.1971830985915,16.1971830985915
"drhm-04",16,2023,26.4285714285714,26.4285714285714
"drhm-04",17,2023,46.043165467626,46.043165467626
"drhm-04",18,2023,17.0212765957447,17.0212765957447
"drhm-04",19,2023,21.7391304347826,21.7391304347826
"drhm-04",20,2023,94.9640287769785,94.9640287769785
"drhm-05",1,2023,28.5714285714286,28.5714285714286
"drhm-05",2,2023,28.5714285714286,28.5714285714286
"drhm-05",3,2023,44.6043165467626,44.6043165467626
"drhm-05",4,2023,47.1428571428572,47.1428571428572
"drhm-05",5,2023,81.1594202898551,83.3333333333333
"drhm-05",6,2023,100,100
"drhm-05",7,2023,63.1944444444444,63.1944444444444
"drhm-05",8,2023,81.8840579710146,81.8840579710146
"drhm-05",9,2023,70,71.4285714285715
"drhm-05",10,2023,64.0287769784173,64.748201438849
"drhm-05",11,2023,53.1914893617021,53.1914893617021
"drhm-05",12,2023,65.9420289855072,65.9420289855073
"drhm-05",13,2023,98.5714285714286,98.5714285714286
"drhm-05",14,2023,100,100
"drhm-05",15,2023,100,100
"drhm-05",16,2023,100,100
"drhm-05",17,2023,100,100
"drhm-05",18,2023,65.9574468085106,65.9574468085106
"drhm-05",19,2023,57.2463768115942,57.2463768115942
"drhm-05",20,2023,37.1428571428571,37.1428571428571
"drhm-06",1,2023,90.2777777777778,90.2777777777778
"drhm-06",2,2023,100,100
"drhm-06",3,2023,100,100
"drhm-06",4,2023,100,100
"drhm-06",5,2023,100,100
"drhm-06",6,2023,87.0503597122302,87.0503597122302
"drhm-06",7,2023,87.8571428571429,89.2857142857143
"drhm-06",8,2023,77.8571428571428,77.8571428571429
"drhm-06",9,2023,77.6978417266188,84.8920863309353
"drhm-06",10,2023,84.2857142857143,84.2857142857143
"drhm-06",11,2023,69.5652173913043,69.5652173913043
"drhm-06",12,2023,100,100
"drhm-06",13,2023,73.3812949640288,73.3812949640288
"drhm-06",14,2023,74.4680851063829,74.468085106383
"drhm-06",15,2023,69.5035460992908,69.5035460992908
"drhm-06",16,2023,94.2857142857142,94.2857142857142
"drhm-06",17,2023,86.9565217391304,86.9565217391305
"drhm-06",18,2023,100,100
"drhm-06",19,2023,94.4444444444445,94.4444444444445
"drhm-06",20,2023,95.7142857142857,95.7142857142858
"drhm-07",1,2023,89.2857142857143,90
"drhm-07",2,2023,68.6131386861314,68.6131386861314
"drhm-07",3,2023,46.4285714285714,46.4285714285714
"drhm-07",4,2023,59.1240875912409,59.1240875912409
"drhm-07",5,2023,97.080291970803,97.080291970803
"drhm-07",6,2023,86.1111111111111,86.1111111111111
"drhm-07",7,2023,90,90.0000000000001
"drhm-07",8,2023,64.7482014388489,64.7482014388489
"drhm-07",9,2023,77.536231884058,77.536231884058
"drhm-07",10,2023,15.9420289855073,15.9420289855073
"drhm-07",11,2023,22.1428571428571,22.1428571428571
"drhm-07",12,2023,20.8333333333333,20.8333333333333
"drhm-07",13,2023,16.3120567375887,16.3120567375887
"drhm-07",14,2023,17.8571428571428,18.5714285714285
"drhm-07",15,2023,16.3120567375887,16.3120567375887
"drhm-07",16,2023,22.6277372262774,22.6277372262774
"drhm-07",17,2023,36.4963503649635,36.4963503649635
"drhm-07",18,2023,35.5072463768116,35.5072463768116
"drhm-07",19,2023,27.1428571428572,27.1428571428572
"drhm-07",20,2023,26.4285714285715,26.4285714285715
"drhm-08",1,2023,78.5714285714286,78.5714285714286
"drhm-08",2,2023,33.8129496402877,33.8129496402877
"drhm-08",3,2023,21.4285714285714,21.4285714285714
"drhm-08",4,2023,18.0555555555556,18.0555555555556
"drhm-08",5,2023,20,20.7142857142857
"drhm-08",6,2023,18.8405797101449,18.840579710145
"drhm-08",7,2023,32.8467153284672,32.8467153284672
"drhm-08",8,2023,92.0863309352518,92.0863309352518
"drhm-08",9,2023,75,75
"drhm-08",10,2023,73.3812949640288,73.3812949640288
"drhm-08",11,2023,60.7142857142857,60.7142857142857
"drhm-08",12,2023,80.4347826086957,80.4347826086957
"drhm-08",13,2023,36.231884057971,36.9565217391304
"drhm-08",14,2023,76.6423357664234,76.6423357664234
"drhm-08",15,2023,70.2898550724638,71.0144927536232
"drhm-08",16,2023,33.8129496402878,33.8129496402878
"drhm-08",17,2023,36.231884057971,36.231884057971
"drhm-08",18,2023,30.7142857142857,30.7142857142857
"drhm-08",19,2023,53.9568345323741,56.8345323741007
"drhm-08",20,2023,47.1428571428572,47.1428571428572
"orng-01",1,2023,33.3333333333333,33.3333333333333
"orng-01",2,2023,19.5652173913043,19.5652173913043
"orng-01",3,2023,35.7142857142856,35.7142857142857
"orng-01",4,2023,40.2777777777778,40.2777777777778
"orng-01",5,2023,20.1438848920863,20.1438848920863
"orng-01",6,2023,23.5714285714285,24.2857142857143
"orng-01",7,2023,24.4604316546763,24.4604316546763
"orng-01",8,2023,20.7142857142857,21.4285714285715
"orng-01",9,2023,21.4285714285714,21.4285714285714
"orng-01",10,2023,21.5827338129496,21.5827338129496
"orng-01",11,2023,27.536231884058,27.536231884058
"orng-01",12,2023,22.463768115942,22.463768115942
"orng-01",13,2023,22.1428571428571,22.1428571428571
"orng-01",14,2023,17.2661870503597,17.2661870503597
"orng-01",15,2023,19.5652173913044,19.5652173913044
"orng-01",16,2023,24.4604316546763,24.4604316546763
"orng-01",17,2023,23.5714285714286,23.5714285714286
"orng-01",18,2023,17.2661870503597,17.2661870503597
"orng-01",19,2023,33.0985915492957,33.0985915492957
"orng-01",20,2023,17.0212765957447,17.0212765957447
"orng-02",1,2023,17.2661870503597,17.2661870503597
"orng-02",2,2023,18.8405797101449,18.8405797101449
"orng-02",3,2023,17.2661870503597,17.2661870503597
"orng-02",4,2023,12.1428571428571,12.1428571428571
"orng-02",5,2023,22.4637681159421,22.4637681159421
"orng-02",6,2023,23.7410071942446,23.7410071942446
"orng-02",7,2023,21.5827338129497,21.5827338129497
"orng-02",8,2023,38.8489208633094,38.8489208633094
"orng-02",9,2023,23.7410071942446,23.7410071942446
"orng-02",10,2023,14.2857142857143,14.2857142857143
"orng-02",11,2023,20.2898550724637,20.2898550724638
"orng-02",12,2023,17.5182481751825,17.5182481751825
"orng-02",13,2023,21.0144927536232,21.0144927536232
"orng-02",14,2023,33.8129496402877,33.8129496402877
"orng-02",15,2023,16.4285714285714,16.4285714285714
"orng-02",16,2023,18.5714285714285,18.5714285714285
"orng-02",17,2023,12.7659574468085,12.7659574468085
"orng-02",18,2023,37.2262773722628,37.2262773722628
"orng-02",19,2023,27.536231884058,28.2608695652174
"orng-02",20,2023,16.5467625899281,16.5467625899281
"orng-03",1,2023,36.4963503649635,36.4963503649635
"orng-03",2,2023,27.1428571428571,27.1428571428571
"orng-03",3,2023,32.3741007194244,32.3741007194244
"orng-03",4,2023,32.8571428571429,32.8571428571429
"orng-03",5,2023,18.705035971223,18.705035971223
"orng-03",6,2023,24.6376811594203,24.6376811594203
"orng-03",7,2023,59.2857142857143,59.2857142857143
"orng-03",8,2023,31.9444444444445,31.9444444444445
"orng-03",9,2023,30.7142857142857,30.7142857142857
"orng-03",10,2023,60.0000000000001,60.0000000000001
"orng-03",11,2023,97.1014492753623,97.8260869565217
"orng-03",12,2023,84.2857142857143,84.2857142857144
"orng-03",13,2023,44.5255474452554,44.5255474452554
"orng-03",14,2023,18.4397163120567,18.4397163120567
"orng-03",15,2023,25,26.4285714285714
"orng-03",16,2023,17.3913043478261,17.3913043478261
"orng-03",17,2023,21.1678832116788,21.1678832116788
"orng-03",18,2023,25.8992805755396,25.8992805755396
"orng-03",19,2023,14.6853146853147,17.4825174825175
"orng-03",20,2023,19.8581560283688,19.8581560283688
"orng-04",1,2023,100,100
"orng-04",2,2023,100,100
"orng-04",3,2023,77.536231884058,77.536231884058
"orng-04",4,2023,90.6474820143885,90.6474820143886
"orng-04",5,2023,83.6879432624114,83.6879432624114
"orng-04",6,2023,100,100
"orng-04",7,2023,77.6978417266188,77.6978417266188
"orng-04",8,2023,80.2816901408451,80.2816901408451
"orng-04",9,2023,61.4285714285714,61.4285714285714
"orng-04",10,2023,45,45
"orng-04",11,2023,17.0212765957447,17.0212765957447
"orng-04",12,2023,18.1159420289855,18.1159420289855
"orng-04",13,2023,34.2857142857143,34.2857142857143
"orng-04",14,2023,28.7769784172662,28.7769784172662
"orng-04",15,2023,40.7142857142857,40.7142857142857
"orng-04",16,2023,51.4492753623189,51.4492753623189
"orng-04",17,2023,16.0583941605839,16.0583941605839
"orng-04",18,2023,17.9856115107914,17.9856115107914
"orng-04",19,2023,21.7391304347826,21.7391304347826
"orng-04",20,2023,20,20
"orng-05",1,2023,15.2173913043478,15.2173913043478
"orng-05",2,2023,17.0212765957447,17.0212765957447
"orng-05",3,2023,31.2056737588652,31.2056737588652
"orng-05",4,2023,22.8571428571429,22.8571428571429
"orng-05",5,2023,22.8571428571429,23.5714285714286
"orng-05",6,2023,34.7826086956522,34.7826086956522
"orng-05",7,2023,32.3741007194245,32.3741007194245
"orng-05",8,2023,26.2773722627737,27.007299270073
"orng-05",9,2023,18.8405797101449,18.8405797101449
"orng-05",10,2023,21.5827338129497,21.5827338129497
"orng-05",11,2023,18.5714285714285,18.5714285714285
"orng-05",12,2023,19.2857142857143,19.2857142857143
"orng-05",13,2023,24.4604316546763,24.4604316546763
"orng-05",14,2023,18.0555555555555,18.0555555555555
"orng-05",15,2023,17.8571428571429,19.2857142857143
"orng-05",16,2023,23.7410071942446,23.7410071942446
"orng-05",17,2023,32.1428571428571,32.1428571428571
"orng-05",18,2023,25.3623188405797,25.3623188405797
"orng-05",19,2023,24.8175182481752,24.8175182481752
"orng-05",20,2023,16.6666666666666,18.1159420289855
"orng-06",1,2023,18.5714285714286,18.5714285714286
"orng-06",2,2023,16.3120567375886,17.0212765957447
"orng-06",3,2023,23.5714285714285,25
"orng-06",4,2023,17.3913043478261,17.3913043478261
"orng-06",5,2023,25,25
"orng-06",6,2023,45.3237410071942,45.3237410071942
"orng-06",7,2023,69.3430656934307,69.3430656934307
"orng-06",8,2023,56.0283687943263,56.0283687943263
"orng-06",9,2023,45,45
"orng-06",10,2023,78.1021897810219,78.1021897810219
"orng-06",11,2023,90.6474820143886,90.6474820143886
"orng-06",12,2023,94.9275362318841,94.9275362318841
"orng-06",13,2023,30.2158273381295,30.2158273381295
"orng-06",14,2023,58.8652482269504,58.8652482269504
"orng-06",15,2023,94.9640287769784,94.9640287769784
"orng-06",16,2023,75.3623188405797,75.3623188405797
"orng-06",17,2023,79.136690647482,79.1366906474821
"orng-06",18,2023,63.3093525179856,63.3093525179856
"orng-06",19,2023,25.5474452554745,25.5474452554745
"orng-06",20,2023,43.5714285714285,43.5714285714285
"orng-07",1,2023,64.748201438849,64.748201438849
"orng-07",2,2023,42.7536231884058,42.7536231884058
"orng-07",3,2023,22.463768115942,22.463768115942
"orng-07",4,2023,25.3623188405797,25.3623188405797
"orng-07",5,2023,26.6187050359712,26.6187050359712
"orng-07",6,2023,20.2898550724638,20.2898550724638
"orng-07",7,2023,18.8405797101449,18.8405797101449
"orng-07",8,2023,18.7050359712231,18.7050359712231
"orng-07",9,2023,33.0935251798561,33.0935251798561
"orng-07",10,2023,21.8309859154929,22.5352112676056
"orng-07",11,2023,16.6666666666666,16.6666666666666
"orng-07",12,2023,13.6690647482014,13.6690647482014
"orng-07",13,2023,27.4647887323943,28.1690140845071
"orng-07",14,2023,20.2898550724638,20.2898550724638
"orng-07",15,2023,44.927536231884,49.2753623188406
"orng-07",16,2023,33.5714285714286,34.2857142857142
"orng-07",17,2023,16.6666666666667,16.6666666666667
"orng-07",18,2023,20.863309352518,20.863309352518
"orng-07",19,2023,43.1654676258992,43.1654676258992
"orng-07",20,2023,14.1843971631206,16.3120567375887
"orng-08",1,2023,27.8571428571428,27.8571428571428
"orng-08",2,2023,25.3623188405797,26.0869565217392
"orng-08",3,2023,26.6187050359713,27.3381294964029
"orng-08",4,2023,43.5714285714286,43.5714285714286
"orng-08",5,2023,18.5714285714285,18.5714285714285
"orng-08",6,2023,18.5714285714285,18.5714285714286
"orng-08",7,2023,24.4604316546763,24.4604316546763
"orng-08",8,2023,32.6241134751773,32.6241134751773
"orng-08",9,2023,27.536231884058,27.536231884058
"orng-08",10,2023,35.7142857142857,35.7142857142857
"orng-08",11,2023,15.7142857142857,15.7142857142857
"orng-08",12,2023,17.8571428571429,18.5714285714286
"orng-08",13,2023,16.4285714285714,16.4285714285714
"orng-08",14,2023,20.7142857142857,22.1428571428571
"orng-08",15,2023,22.3021582733813,22.3021582733813
"orng-08",16,2023,18.4397163120568,18.4397163120568
"orng-08",17,2023,19.2857142857143,19.2857142857143
"orng-08",18,2023,18.705035971223,20.1438848920863
"orng-08",19,2023,36.4285714285714,36.4285714285714
"orng-08",20,2023,17.1428571428571,17.1428571428571
"orng-09",1,2023,27.1428571428571,27.1428571428571
"orng-09",2,2023,22.6950354609929,22.6950354609929
"orng-09",3,2023,25,25
"orng-09",4,2023,12.2302158273381,12.2302158273382
"orng-09",5,2023,23.9130434782609,23.9130434782609
"orng-09",6,2023,15.9420289855073,16.6666666666666
"orng-09",7,2023,36.1702127659575,37.5886524822695
"orng-09",8,2023,27.536231884058,27.536231884058
"orng-09",9,2023,20.2898550724637,20.2898550724637
"orng-09",10,2023,26.4285714285714,26.4285714285714
"orng-09",11,2023,17.8571428571429,17.8571428571429
"orng-09",12,2023,17.1428571428571,17.1428571428571
"orng-09",13,2023,20.1438848920864,20.863309352518
"orng-09",14,2023,17.8571428571429,17.8571428571429
"orng-09",15,2023,24.6376811594203,24.6376811594203
"orng-09",16,2023,20.863309352518,21.5827338129497
"orng-09",17,2023,32.8571428571428,33.5714285714286
"orng-09",18,2023,29.2857142857143,29.2857142857143
"orng-09",19,2023,26.4285714285714,26.4285714285714
"orng-09",20,2023,24.822695035461,24.822695035461
"orng-10",1,2023,35.7142857142857,35.7142857142857
"orng-10",2,2023,21.5827338129497,21.5827338129497
"orng-10",3,2023,49.2753623188406,49.2753623188406
"orng-10",4,2023,31.6546762589928,32.3741007194245
"orng-10",5,2023,34.2857142857143,34.2857142857143
"orng-10",6,2023,31.6546762589928,31.6546762589928
"orng-10",7,2023,32.6388888888889,32.6388888888889
"orng-10",8,2023,22.463768115942,22.463768115942
"orng-10",9,2023,25.3623188405797,25.3623188405797
"orng-10",10,2023,71.6312056737588,71.6312056737588
"orng-10",11,2023,68.5714285714286,68.5714285714286
"orng-10",12,2023,66.6666666666667,66.6666666666667
"orng-10",13,2023,44.7552447552448,44.7552447552448
"orng-10",14,2023,22.3021582733813,22.3021582733813
"orng-10",15,2023,36.8794326241134,36.8794326241134
"orng-10",16,2023,30.9352517985612,30.9352517985612
"orng-10",17,2023,27.5362318840579,27.5362318840579
"orng-10",18,2023,20.979020979021,20.979020979021
"orng-10",19,2023,34.3065693430657,34.3065693430657
"orng-10",20,2023,51.4492753623188,52.1739130434783
"orng-11",1,2023,25.8992805755396,25.8992805755396
"orng-11",2,2023,22.1428571428571,22.1428571428571
"orng-11",3,2023,25.8992805755396,25.8992805755396
"orng-11",4,2023,23.0215827338129,23.021582733813
"orng-11",5,2023,40.4255319148937,40.4255319148937
"orng-11",6,2023,40.2877697841727,40.2877697841727
"orng-11",7,2023,27.536231884058,27.536231884058
"orng-11",8,2023,24.2857142857143,24.2857142857143
"orng-11",9,2023,30,30
"orng-11",10,2023,22.3021582733813,23.0215827338129
"orng-11",11,2023,32.1428571428571,32.1428571428571
"orng-11",12,2023,16.3120567375887,16.3120567375887
"orng-11",13,2023,24.6376811594203,24.6376811594203
"orng-11",14,2023,21.0144927536232,21.7391304347826
"orng-11",15,2023,21.2765957446809,22.6950354609929
"orng-11",16,2023,22.3021582733813,23.021582733813
"orng-11",17,2023,27.7777777777778,29.1666666666666
"orng-11",18,2023,27.3381294964029,28.0575539568345
"orng-11",19,2023,20.1438848920864,20.1438848920864
"orng-11",20,2023,24.822695035461,24.822695035461
"orng-12",1,2023,32.3741007194245,32.3741007194245
"orng-12",2,2023,27.972027972028,28.6713286713287
"orng-12",3,2023,28.0575539568345,28.0575539568345
"orng-12",4,2023,42.1428571428571,42.1428571428571
"orng-12",5,2023,41.3043478260869,41.304347826087
"orng-12",6,2023,75.177304964539,75.177304964539
"orng-12",7,2023,100,100
"orng-12",8,2023,97.2027972027973,97.2027972027973
"orng-12",9,2023,95.7142857142857,95.7142857142858
"orng-12",10,2023,100,100
"orng-12",11,2023,100,100
"orng-12",12,2023,100,100
"orng-12",13,2023,98.5611510791367,98.5611510791367
"orng-12",14,2023,97.8723404255319,97.8723404255319
"orng-12",15,2023,81.1594202898551,81.1594202898551
"orng-12",16,2023,28.0575539568345,28.0575539568345
"orng-12",17,2023,35.2517985611511,35.2517985611511
"orng-12",18,2023,58.5714285714285,59.2857142857143
"orng-12",19,2023,23.9130434782608,23.9130434782608
"orng-12",20,2023,23.5714285714286,23.5714285714286
"cthm-01",1,2024,24.4604316546763,25.1798561151079
"cthm-01",2,2024,18.8405797101449,18.8405797101449
"cthm-01",3,2024,32.8571428571429,32.8571428571429
"cthm-01",4,2024,37.1428571428572,37.1428571428572
"cthm-01",5,2024,50,50.0000000000001
"cthm-01",6,2024,44.5255474452554,45.2554744525547
"cthm-01",7,2024,26.3888888888889,26.3888888888889
"cthm-01",8,2024,19.4444444444445,19.4444444444445
"cthm-01",9,2024,19.1489361702128,19.8581560283688
"cthm-01",10,2024,28.0575539568346,28.0575539568346
"cthm-01",11,2024,42.3357664233577,42.3357664233577
"cthm-01",12,2024,41.304347826087,41.304347826087
"cthm-01",13,2024,41.4285714285714,41.4285714285714
"cthm-01",14,2024,17.3913043478261,18.1159420289855
"cthm-01",15,2024,44.2028985507247,44.2028985507247
"cthm-01",16,2024,44.2857142857143,44.2857142857143
"cthm-01",17,2024,27.3381294964029,28.7769784172662
"cthm-01",18,2024,47.1014492753623,47.1014492753623
"cthm-01",19,2024,34.0425531914894,34.0425531914894
"cthm-01",20,2024,54.6762589928058,54.6762589928058
"cthm-02",1,2024,17.2661870503597,17.2661870503597
"cthm-02",2,2024,16.4285714285714,16.4285714285714
"cthm-02",3,2024,24.2857142857143,24.2857142857143
"cthm-02",4,2024,13.0434782608696,13.0434782608696
"cthm-02",5,2024,90.5109489051094,90.5109489051095
"cthm-02",6,2024,79.8611111111111,79.8611111111111
"cthm-02",7,2024,44.6043165467627,44.6043165467627
"cthm-02",8,2024,58.9928057553957,58.9928057553958
"cthm-02",9,2024,31.1594202898551,31.1594202898551
"cthm-02",10,2024,22.1428571428571,22.1428571428572
"cthm-02",11,2024,32.8467153284671,32.8467153284671
"cthm-02",12,2024,22.463768115942,22.463768115942
"cthm-02",13,2024,7.97101449275362,7.97101449275362
"cthm-02",14,2024,25.8992805755396,27.3381294964028
"cthm-02",15,2024,60.7142857142856,60.7142857142856
"cthm-02",16,2024,21.7391304347826,21.7391304347826
"cthm-02",17,2024,29.2857142857143,29.2857142857143
"cthm-02",18,2024,24.4604316546762,24.4604316546763
"cthm-02",19,2024,49.2753623188406,49.2753623188406
"cthm-02",20,2024,25,25
"cthm-03",1,2024,32.1428571428571,32.1428571428571
"cthm-03",2,2024,25.7142857142857,25.7142857142857
"cthm-03",3,2024,49.6503496503497,49.6503496503497
"cthm-03",4,2024,42.3611111111111,42.3611111111111
"cthm-03",5,2024,57.5539568345323,57.5539568345324
"cthm-03",6,2024,27.3381294964029,27.3381294964029
"cthm-03",7,2024,90.7142857142857,90.7142857142858
"cthm-03",8,2024,32.8571428571429,33.5714285714286
"cthm-03",9,2024,15,15
"cthm-03",10,2024,18.705035971223,20.1438848920864
"cthm-03",11,2024,42.0289855072464,42.0289855072464
"cthm-03",12,2024,5.75539568345324,17.9856115107914
"cthm-03",13,2024,17.8571428571429,17.8571428571429
"cthm-03",14,2024,18.5714285714286,20
"cthm-03",15,2024,20,23.5714285714286
"cthm-03",16,2024,19.4244604316547,20.1438848920864
"cthm-03",17,2024,25.1798561151079,25.1798561151079
"cthm-03",18,2024,19.1489361702128,19.1489361702128
"cthm-03",19,2024,39.2857142857143,39.2857142857143
"cthm-03",20,2024,21.2765957446808,22.6950354609929
"cthm-04",2,2024,19.1489361702128,19.1489361702128
"cthm-04",3,2024,20.2898550724637,20.2898550724637
"cthm-04",4,2024,9.28571428571429,9.28571428571429
"cthm-04",5,2024,21.4285714285714,21.4285714285714
"cthm-04",6,2024,28.5714285714286,29.2857142857143
"cthm-04",7,2024,14.3884892086331,14.3884892086331
"cthm-04",8,2024,20,20
"cthm-04",9,2024,73.1884057971014,73.1884057971014
"cthm-04",10,2024,47.8260869565218,47.8260869565218
"cthm-04",11,2024,57.5539568345324,57.5539568345324
"cthm-04",12,2024,15.8273381294964,15.8273381294964
"cthm-04",13,2024,17.8571428571428,17.8571428571428
"cthm-04",14,2024,27.8571428571428,27.8571428571428
"cthm-04",15,2024,8.57142857142857,8.57142857142857
"cthm-04",16,2024,4.31654676258993,4.31654676258993
"cthm-04",17,2024,19.5652173913043,19.5652173913043
"cthm-04",18,2024,20,20.7142857142857
"cthm-04",19,2024,21.5827338129496,21.5827338129496
"cthm-04",20,2024,17.2661870503597,17.2661870503597
"cthm-05",1,2024,21.0144927536232,21.0144927536232
"cthm-05",2,2024,23.5714285714285,23.5714285714285
"cthm-05",3,2024,16.5467625899281,16.5467625899281
"cthm-05",4,2024,13.6690647482015,13.6690647482015
"cthm-05",5,2024,12.8571428571429,15
"cthm-05",6,2024,14.3884892086331,14.3884892086331
"cthm-05",7,2024,19.4444444444445,19.4444444444445
"cthm-05",8,2024,17.9856115107914,17.9856115107914
"cthm-05",9,2024,18.5714285714286,18.5714285714286
"cthm-05",10,2024,18.8405797101449,18.8405797101449
"cthm-05",11,2024,24.2857142857143,24.2857142857143
"cthm-05",12,2024,16.5467625899281,16.5467625899281
"cthm-05",13,2024,21.8978102189781,21.8978102189781
"cthm-05",14,2024,15.6028368794326,15.6028368794326
"cthm-05",15,2024,18.8811188811189,18.8811188811189
"cthm-05",16,2024,29.9270072992701,29.9270072992701
"cthm-05",17,2024,20.8333333333333,20.8333333333334
"cthm-05",18,2024,14.1843971631205,15.6028368794326
"cthm-05",19,2024,18.8405797101449,18.8405797101449
"cthm-05",20,2024,24.4604316546763,24.4604316546763
"cthm-06",1,2024,34.0579710144927,34.0579710144927
"cthm-06",2,2024,35,35
"cthm-06",3,2024,18.705035971223,18.705035971223
"cthm-06",4,2024,25.1798561151079,25.1798561151079
"cthm-06",5,2024,15.7142857142857,15.7142857142857
"cthm-06",6,2024,19.4244604316547,19.4244604316547
"cthm-06",7,2024,27.3381294964029,27.3381294964029
"cthm-06",8,2024,29.2857142857143,29.2857142857143
"cthm-06",9,2024,17.1428571428571,19.2857142857143
"cthm-06",10,2024,22.463768115942,22.463768115942
"cthm-06",11,2024,29.4964028776979,29.4964028776979
"cthm-06",12,2024,19.2857142857143,20
"cthm-06",13,2024,42.8571428571428,42.8571428571428
"cthm-06",14,2024,23.0215827338129,23.021582733813
"cthm-06",15,2024,25.531914893617,25.531914893617
"cthm-06",16,2024,24.4604316546763,24.4604316546763
"cthm-06",17,2024,16.5467625899281,16.5467625899281
"cthm-06",18,2024,20.5673758865249,20.5673758865249
"cthm-06",19,2024,20.863309352518,20.863309352518
"cthm-06",20,2024,17.9856115107914,17.9856115107914
"cthm-07",1,2024,21.7391304347826,21.7391304347826
"cthm-07",2,2024,15.7142857142857,19.2857142857143
"cthm-07",3,2024,27.1428571428572,29.2857142857143
"cthm-07",4,2024,5.79710144927536,14.4927536231884
"cthm-07",5,2024,15.1079136690647,16.5467625899281
"cthm-07",6,2024,14.8936170212766,17.0212765957447
"cthm-07",7,2024,16.4285714285714,17.1428571428571
"cthm-07",8,2024,15,17.1428571428571
"cthm-07",9,2024,25.531914893617,26.241134751773
"cthm-07",10,2024,20.1438848920864,20.1438848920864
"cthm-07",11,2024,18.705035971223,18.705035971223
"cthm-07",12,2024,15.1079136690647,15.1079136690647
"cthm-07",13,2024,22.463768115942,22.463768115942
"cthm-07",14,2024,16.6666666666667,16.6666666666667
"cthm-07",15,2024,30.9352517985612,30.9352517985612
"cthm-07",16,2024,18.5714285714286,18.5714285714286
"cthm-07",17,2024,18.1159420289855,18.1159420289855
"cthm-07",18,2024,18.5714285714286,18.5714285714286
"cthm-07",19,2024,16.0583941605839,16.0583941605839
"cthm-07",20,2024,21.5277777777778,21.5277777777778
"cthm-08",1,2024,19.2857142857142,19.2857142857142
"cthm-08",2,2024,48.936170212766,48.936170212766
"cthm-08",3,2024,41.4285714285714,41.4285714285714
"cthm-08",4,2024,20.1438848920863,24.4604316546763
"cthm-08",5,2024,25,25.6944444444445
"cthm-08",6,2024,26.6187050359712,26.6187050359712
"cthm-08",7,2024,34.0579710144927,34.0579710144927
"cthm-08",8,2024,27.1428571428571,27.1428571428571
"cthm-08",9,2024,19.2857142857142,19.2857142857142
"cthm-08",10,2024,17.1428571428572,17.1428571428572
"cthm-08",11,2024,31.6546762589928,31.6546762589928
"cthm-08",12,2024,20.1438848920863,20.1438848920863
"cthm-08",13,2024,17.3913043478261,17.3913043478261
"cthm-08",14,2024,23.021582733813,23.021582733813
"cthm-08",15,2024,18.705035971223,18.705035971223
"cthm-08",16,2024,15.2173913043478,15.2173913043478
"cthm-08",17,2024,19.2857142857143,19.2857142857143
"cthm-08",18,2024,15.9722222222222,15.9722222222222
"cthm-08",19,2024,17.9856115107913,18.705035971223
"cthm-08",20,2024,29.9270072992701,29.9270072992701
"cthm-09",1,2024,20.7142857142857,20.7142857142857
"cthm-09",2,2024,27.3381294964028,28.0575539568345
"cthm-09",3,2024,40.7142857142857,41.4285714285714
"cthm-09",4,2024,35.9154929577465,35.9154929577465
"cthm-09",5,2024,50.3649635036496,50.3649635036496
"cthm-09",6,2024,28.0575539568345,28.0575539568345
"cthm-09",7,2024,21.7391304347826,21.7391304347826
"cthm-09",8,2024,36.6906474820144,36.6906474820144
"cthm-09",9,2024,36.6906474820144,36.6906474820144
"cthm-09",10,2024,37.4100719424461,37.4100719424461
"cthm-09",11,2024,50,50
"cthm-09",12,2024,20.5673758865248,20.5673758865248
"cthm-09",13,2024,30.4347826086956,30.4347826086956
"cthm-09",14,2024,15.7142857142857,15.7142857142857
"cthm-09",15,2024,27.6595744680851,27.6595744680851
"cthm-09",16,2024,17.2661870503597,17.2661870503597
"cthm-09",17,2024,48.9208633093525,48.9208633093525
"cthm-09",18,2024,27.1428571428572,27.1428571428572
"cthm-09",19,2024,17.8571428571428,17.8571428571428
"cthm-09",20,2024,21.0144927536232,21.0144927536232
"cthm-10",1,2024,24.6376811594203,25.3623188405797
"cthm-10",2,2024,30.7142857142857,31.4285714285715
"cthm-10",3,2024,23.021582733813,23.7410071942446
"cthm-10",4,2024,24.2857142857143,27.8571428571429
"cthm-10",5,2024,40,40
"cthm-10",6,2024,37.6811594202898,37.6811594202898
"cthm-10",7,2024,25.1798561151079,25.1798561151079
"cthm-10",8,2024,27.1428571428571,27.1428571428571
"cthm-10",9,2024,30.6569343065693,30.6569343065693
"cthm-10",10,2024,20.1438848920863,20.1438848920864
"cthm-10",11,2024,24.8175182481752,24.8175182481752
"cthm-10",12,2024,31.2056737588653,31.2056737588653
"cthm-10",13,2024,29.4964028776979,29.4964028776979
"cthm-10",14,2024,65.4676258992806,66.1870503597123
"cthm-10",15,2024,29.7101449275362,30.4347826086956
"cthm-10",16,2024,93.4782608695652,93.4782608695653
"cthm-10",17,2024,97.8571428571428,97.8571428571428
"cthm-10",18,2024,35.2112676056338,35.2112676056338
"cthm-10",19,2024,25.7142857142857,25.7142857142857
"cthm-10",20,2024,20.863309352518,20.863309352518
"cthm-11",1,2024,18.8405797101449,20.2898550724637
"cthm-11",2,2024,34.2857142857142,34.2857142857142
"cthm-11",3,2024,26.4285714285714,26.4285714285714
"cthm-11",4,2024,23.021582733813,23.021582733813
"cthm-11",5,2024,15.9420289855072,15.9420289855072
"cthm-11",6,2024,19.2857142857142,19.2857142857142
"cthm-11",7,2024,28.2608695652174,28.2608695652174
"cthm-11",8,2024,16.3120567375887,17.0212765957447
"cthm-11",9,2024,25.7142857142857,25.7142857142857
"cthm-11",10,2024,20.1438848920863,20.1438848920863
"cthm-11",11,2024,38.4615384615385,38.4615384615385
"cthm-11",12,2024,13.986013986014,13.986013986014
"cthm-11",13,2024,21.9858156028369,21.9858156028369
"cthm-11",14,2024,15.2777777777777,18.0555555555556
"cthm-11",15,2024,15,15
"cthm-11",16,2024,29.4964028776979,29.4964028776979
"cthm-11",17,2024,31.6546762589928,31.6546762589928
"cthm-11",18,2024,27.0833333333333,27.0833333333333
"cthm-11",19,2024,18.4397163120567,18.4397163120567
"cthm-11",20,2024,44.9999999999999,45
"cthm-12",1,2024,30.4347826086956,32.6086956521739
"cthm-12",2,2024,15.9722222222222,17.3611111111111
"cthm-12",3,2024,17.2661870503597,17.2661870503597
"cthm-12",4,2024,37.4100719424461,37.4100719424461
"cthm-12",5,2024,18.1159420289855,18.8405797101449
"cthm-12",6,2024,36.8794326241135,36.8794326241135
"cthm-12",7,2024,20,20
"cthm-12",8,2024,16.6666666666667,17.3611111111111
"cthm-12",9,2024,19.8581560283688,19.8581560283688
"cthm-12",10,2024,33.5766423357664,33.5766423357664
"cthm-12",11,2024,21.5827338129496,21.5827338129496
"cthm-12",12,2024,27.5362318840579,27.5362318840579
"cthm-12",13,2024,16.4285714285714,16.4285714285714
"cthm-12",14,2024,15.7142857142857,15.7142857142857
"cthm-12",15,2024,16.4285714285714,16.4285714285714
"cthm-12",16,2024,33.5714285714285,33.5714285714285
"cthm-12",17,2024,20.2898550724637,20.2898550724637
"cthm-12",18,2024,53.6231884057971,53.6231884057971
"cthm-12",19,2024,23.5714285714285,23.5714285714286
"cthm-12",20,2024,38.5714285714286,39.2857142857143
"cthm-13",1,2024,27.0833333333333,27.0833333333333
"cthm-13",2,2024,24.6376811594203,24.6376811594203
"cthm-13",3,2024,27.3381294964029,27.3381294964029
"cthm-13",4,2024,16.6666666666666,23.6111111111111
"cthm-13",5,2024,31.159420289855,31.159420289855
"cthm-13",6,2024,23.5714285714286,23.5714285714286
"cthm-13",7,2024,48.22695035461,48.936170212766
"cthm-13",8,2024,37.410071942446,37.410071942446
"cthm-13",9,2024,100,100
"cthm-13",10,2024,100,100
"cthm-13",11,2024,100,100
"cthm-13",12,2024,78.1021897810219,78.1021897810219
"cthm-13",13,2024,39.1608391608392,39.1608391608392
"cthm-13",14,2024,23.7410071942446,23.7410071942446
"cthm-13",15,2024,30,30
"cthm-13",16,2024,53.2846715328468,53.2846715328468
"cthm-13",17,2024,34.0277777777778,34.0277777777778
"cthm-13",18,2024,16.5467625899281,18.705035971223
"cthm-13",19,2024,22.463768115942,22.463768115942
"cthm-13",20,2024,17.1428571428571,17.1428571428571
"cthm-14",1,2024,45.6521739130434,45.6521739130435
"cthm-14",2,2024,22.463768115942,23.1884057971015
"cthm-14",3,2024,21.6783216783217,21.6783216783217
"cthm-14",4,2024,33.5664335664336,33.5664335664336
"cthm-14",5,2024,36.8794326241135,36.8794326241135
"cthm-14",6,2024,28.3687943262411,28.3687943262411
"cthm-14",7,2024,18.2481751824817,18.2481751824817
"cthm-14",8,2024,17.2661870503597,17.2661870503597
"cthm-14",9,2024,25,25.7142857142857
"cthm-14",10,2024,27.3381294964029,28.0575539568345
"cthm-14",11,2024,34.0579710144927,34.0579710144927
"cthm-14",12,2024,42.1428571428571,42.1428571428571
"cthm-14",13,2024,33.5714285714286,33.5714285714286
"cthm-14",14,2024,30.7142857142857,30.7142857142857
"cthm-14",15,2024,14.3884892086331,14.3884892086331
"cthm-14",16,2024,30.4347826086956,30.4347826086956
"cthm-14",17,2024,22.3021582733813,22.3021582733813
"cthm-14",18,2024,18.705035971223,19.4244604316547
"cthm-14",19,2024,22.463768115942,22.463768115942
"cthm-14",20,2024,31.2056737588653,31.2056737588653
"drhm-01",1,2024,17.9856115107914,17.9856115107914
"drhm-01",2,2024,23.0215827338129,23.0215827338129
"drhm-01",3,2024,30.2158273381295,30.2158273381295
"drhm-01",4,2024,27.8571428571429,27.8571428571429
"drhm-01",5,2024,22.6950354609929,22.6950354609929
"drhm-01",6,2024,33.3333333333333,33.3333333333333
"drhm-01",7,2024,24.822695035461,24.822695035461
"drhm-01",8,2024,17.9856115107914,17.9856115107914
"drhm-01",9,2024,17.7304964539007,17.7304964539007
"drhm-01",10,2024,24.6376811594203,25.3623188405797
"drhm-01",11,2024,12.8571428571428,15.7142857142857
"drhm-01",12,2024,23.7410071942447,24.4604316546763
"drhm-01",13,2024,13.6690647482014,15.1079136690647
"drhm-01",14,2024,14.5985401459854,14.5985401459854
"drhm-01",15,2024,20.7142857142857,20.7142857142857
"drhm-01",16,2024,19.8581560283688,19.8581560283688
"drhm-01",17,2024,23.0215827338129,23.7410071942446
"drhm-01",18,2024,20,20
"drhm-01",19,2024,21.7391304347826,21.7391304347826
"drhm-01",20,2024,23.9130434782609,23.9130434782609
"drhm-02",1,2024,21.8309859154929,21.830985915493
"drhm-02",2,2024,27.8571428571429,27.8571428571429
"drhm-02",3,2024,39.1304347826087,39.1304347826087
"drhm-02",4,2024,29.2857142857143,29.2857142857143
"drhm-02",5,2024,29.2857142857143,29.2857142857143
"drhm-02",6,2024,24.8175182481751,24.8175182481751
"drhm-02",7,2024,37.410071942446,37.410071942446
"drhm-02",8,2024,20.1388888888889,20.1388888888889
"drhm-02",9,2024,24.113475177305,24.113475177305
"drhm-02",10,2024,11.5107913669065,11.5107913669065
"drhm-02",11,2024,18.8405797101449,18.8405797101449
"drhm-02",12,2024,27.5362318840579,27.5362318840579
"drhm-02",13,2024,17.8571428571428,17.8571428571428
"drhm-02",14,2024,20.2898550724638,20.2898550724638
"drhm-02",15,2024,18.5714285714286,18.5714285714286
"drhm-02",16,2024,23.404255319149,23.404255319149
"drhm-02",17,2024,25.7142857142857,26.4285714285714
"drhm-02",18,2024,20.863309352518,20.863309352518
"drhm-02",19,2024,24.113475177305,24.113475177305
"drhm-02",20,2024,24.6376811594203,24.6376811594203
"drhm-03",1,2024,100,100
"drhm-03",2,2024,100,100
"drhm-03",3,2024,100,100
"drhm-03",4,2024,100,100
"drhm-03",5,2024,99.9999999999999,100
"drhm-03",6,2024,97.1428571428572,97.8571428571429
"drhm-03",7,2024,80.7142857142857,80.7142857142857
"drhm-03",8,2024,100,100
"drhm-03",9,2024,93.5714285714286,93.5714285714286
"drhm-03",10,2024,92.8571428571428,92.8571428571429
"drhm-03",11,2024,18.7050359712231,18.7050359712231
"drhm-03",12,2024,23.7410071942446,23.7410071942446
"drhm-03",13,2024,99.9999999999999,100
"drhm-03",14,2024,99.9999999999999,100
"drhm-03",15,2024,74.3055555555556,74.3055555555556
"drhm-03",16,2024,87.8571428571428,87.8571428571429
"drhm-03",17,2024,97.1428571428571,97.1428571428572
"drhm-03",18,2024,69.0647482014389,69.0647482014389
"drhm-03",19,2024,33.8129496402878,33.8129496402878
"drhm-03",20,2024,25.8992805755395,25.8992805755395
"drhm-04",1,2024,97.2222222222223,97.2222222222223
"drhm-04",2,2024,67.1428571428571,67.1428571428571
"drhm-04",3,2024,40.5797101449276,40.5797101449276
"drhm-04",4,2024,20,20
"drhm-04",5,2024,86.231884057971,86.231884057971
"drhm-04",6,2024,31.4285714285714,31.4285714285714
"drhm-04",7,2024,28.3687943262411,28.3687943262411
"drhm-04",8,2024,44.9275362318841,44.9275362318841
"drhm-04",9,2024,25.7142857142858,25.7142857142858
"drhm-04",10,2024,15.2173913043478,15.2173913043478
"drhm-04",11,2024,17.1428571428571,17.1428571428571
"drhm-04",12,2024,29.2857142857142,29.2857142857143
"drhm-04",13,2024,35.2517985611511,35.9712230215827
"drhm-04",14,2024,17.8571428571429,17.8571428571429
"drhm-04",15,2024,16.1971830985915,16.1971830985915
"drhm-04",16,2024,26.4285714285714,26.4285714285714
"drhm-04",17,2024,46.043165467626,46.043165467626
"drhm-04",18,2024,17.0212765957447,17.0212765957447
"drhm-04",19,2024,21.7391304347826,21.7391304347826
"drhm-04",20,2024,94.9640287769785,94.9640287769785
"drhm-05",1,2024,27.8571428571429,28.5714285714286
"drhm-05",2,2024,28.5714285714286,28.5714285714286
"drhm-05",3,2024,44.6043165467626,44.6043165467626
"drhm-05",4,2024,47.1428571428572,47.1428571428572
"drhm-05",5,2024,81.1594202898551,83.3333333333333
"drhm-05",6,2024,100,100
"drhm-05",7,2024,63.1944444444444,63.1944444444444
"drhm-05",8,2024,84.0579710144928,84.0579710144928
"drhm-05",9,2024,70,71.4285714285715
"drhm-05",10,2024,64.0287769784173,64.748201438849
"drhm-05",11,2024,53.1914893617021,53.1914893617021
"drhm-05",12,2024,65.9420289855072,65.9420289855073
"drhm-05",13,2024,98.5714285714286,98.5714285714286
"drhm-05",14,2024,100,100
"drhm-05",15,2024,100,100
"drhm-05",16,2024,100,100
"drhm-05",17,2024,100,100
"drhm-05",18,2024,65.9574468085106,65.9574468085106
"drhm-05",19,2024,57.2463768115942,57.2463768115942
"drhm-05",20,2024,37.1428571428571,37.1428571428571
"drhm-06",1,2024,90.2777777777778,90.2777777777778
"drhm-06",2,2024,100,100
"drhm-06",3,2024,100,100
"drhm-06",4,2024,100,100
"drhm-06",5,2024,100,100
"drhm-06",6,2024,87.0503597122302,87.0503597122302
"drhm-06",7,2024,88.5714285714286,89.2857142857143
"drhm-06",8,2024,77.8571428571428,77.8571428571429
"drhm-06",9,2024,81.294964028777,84.8920863309353
"drhm-06",10,2024,84.2857142857143,84.2857142857143
"drhm-06",11,2024,69.5652173913043,69.5652173913043
"drhm-06",12,2024,100,100
"drhm-06",13,2024,73.3812949640288,73.3812949640288
"drhm-06",14,2024,74.4680851063829,74.468085106383
"drhm-06",15,2024,69.5035460992908,69.5035460992908
"drhm-06",16,2024,95,95
"drhm-06",17,2024,86.9565217391304,86.9565217391305
"drhm-06",18,2024,100,100
"drhm-06",19,2024,94.4444444444445,94.4444444444445
"drhm-06",20,2024,95.7142857142857,95.7142857142858
"drhm-07",1,2024,89.2857142857143,90
"drhm-07",2,2024,69.3430656934307,69.3430656934307
"drhm-07",3,2024,47.1428571428572,47.1428571428572
"drhm-07",4,2024,70.8029197080292,70.8029197080292
"drhm-07",5,2024,97.080291970803,97.080291970803
"drhm-07",6,2024,86.8055555555555,86.8055555555555
"drhm-07",7,2024,90,90.0000000000001
"drhm-07",8,2024,64.7482014388489,64.7482014388489
"drhm-07",9,2024,77.536231884058,77.536231884058
"drhm-07",10,2024,16.6666666666667,16.6666666666667
"drhm-07",11,2024,22.1428571428571,22.1428571428571
"drhm-07",12,2024,20.1388888888889,20.8333333333333
"drhm-07",13,2024,16.3120567375887,16.3120567375887
"drhm-07",14,2024,17.8571428571428,18.5714285714285
"drhm-07",15,2024,16.3120567375887,16.3120567375887
"drhm-07",16,2024,22.6277372262774,22.6277372262774
"drhm-07",17,2024,36.4963503649635,36.4963503649635
"drhm-07",18,2024,35.5072463768116,35.5072463768116
"drhm-07",19,2024,27.1428571428572,27.1428571428572
"drhm-07",20,2024,26.4285714285715,26.4285714285715
"drhm-08",1,2024,79.2857142857143,79.2857142857143
"drhm-08",2,2024,33.8129496402877,33.8129496402877
"drhm-08",3,2024,22.1428571428571,22.1428571428571
"drhm-08",4,2024,18.0555555555556,18.0555555555556
"drhm-08",5,2024,23.5714285714286,23.5714285714286
"drhm-08",6,2024,27.536231884058,27.536231884058
"drhm-08",7,2024,34.3065693430657,34.3065693430657
"drhm-08",8,2024,93.5251798561151,93.5251798561151
"drhm-08",9,2024,75,75
"drhm-08",10,2024,73.3812949640288,73.3812949640288
"drhm-08",11,2024,60.7142857142857,60.7142857142857
"drhm-08",12,2024,80.4347826086957,80.4347826086957
"drhm-08",13,2024,38.4057971014493,38.4057971014493
"drhm-08",14,2024,77.3722627737227,77.3722627737227
"drhm-08",15,2024,70.2898550724638,71.0144927536232
"drhm-08",16,2024,33.8129496402878,33.8129496402878
"drhm-08",17,2024,36.231884057971,36.231884057971
"drhm-08",18,2024,31.4285714285714,31.4285714285714
"drhm-08",19,2024,56.115107913669,56.8345323741007
"drhm-08",20,2024,49.2857142857143,49.2857142857143
"orng-01",1,2024,33.3333333333333,33.3333333333333
"orng-01",2,2024,19.5652173913043,19.5652173913043
"orng-01",3,2024,35.7142857142857,35.7142857142857
"orng-01",4,2024,40.2777777777778,40.2777777777778
"orng-01",5,2024,20.1438848920863,20.1438848920863
"orng-01",6,2024,24.2857142857143,24.2857142857143
"orng-01",7,2024,24.4604316546763,24.4604316546763
"orng-01",8,2024,20.7142857142857,21.4285714285715
"orng-01",9,2024,21.4285714285714,21.4285714285714
"orng-01",10,2024,21.5827338129496,21.5827338129496
"orng-01",11,2024,27.536231884058,27.536231884058
"orng-01",12,2024,22.463768115942,22.463768115942
"orng-01",13,2024,22.1428571428571,22.1428571428571
"orng-01",14,2024,17.2661870503597,17.2661870503597
"orng-01",15,2024,19.5652173913044,19.5652173913044
"orng-01",16,2024,24.4604316546763,24.4604316546763
"orng-01",17,2024,23.5714285714286,23.5714285714286
"orng-01",18,2024,17.2661870503597,17.2661870503597
"orng-01",19,2024,33.0985915492957,33.0985915492957
"orng-01",20,2024,17.0212765957447,17.0212765957447
"orng-02",1,2024,17.2661870503597,17.2661870503597
"orng-02",2,2024,18.8405797101449,18.8405797101449
"orng-02",3,2024,17.2661870503597,17.2661870503597
"orng-02",4,2024,12.1428571428571,12.1428571428571
"orng-02",5,2024,22.4637681159421,22.4637681159421
"orng-02",6,2024,23.7410071942446,23.7410071942446
"orng-02",7,2024,21.5827338129497,21.5827338129497
"orng-02",8,2024,38.8489208633094,38.8489208633094
"orng-02",9,2024,23.7410071942446,23.7410071942446
"orng-02",10,2024,14.2857142857143,14.2857142857143
"orng-02",11,2024,20.2898550724637,20.2898550724638
"orng-02",12,2024,17.5182481751825,17.5182481751825
"orng-02",13,2024,21.0144927536232,21.0144927536232
"orng-02",14,2024,33.8129496402877,33.8129496402877
"orng-02",15,2024,16.4285714285714,16.4285714285714
"orng-02",16,2024,18.5714285714285,18.5714285714285
"orng-02",17,2024,12.7659574468085,12.7659574468085
"orng-02",18,2024,37.9562043795621,37.9562043795621
"orng-02",19,2024,27.536231884058,28.2608695652174
"orng-02",20,2024,16.5467625899281,16.5467625899281
"orng-03",1,2024,36.4963503649635,36.4963503649635
"orng-03",2,2024,27.1428571428571,27.1428571428571
"orng-03",3,2024,32.3741007194244,32.3741007194244
"orng-03",4,2024,32.8571428571429,32.8571428571429
"orng-03",5,2024,18.705035971223,18.705035971223
"orng-03",6,2024,25.3623188405797,25.3623188405797
"orng-03",7,2024,59.2857142857143,59.2857142857143
"orng-03",8,2024,32.6388888888889,32.6388888888889
"orng-03",9,2024,30.7142857142857,30.7142857142857
"orng-03",10,2024,60.0000000000001,60.0000000000001
"orng-03",11,2024,99.2753623188406,99.2753623188406
"orng-03",12,2024,84.2857142857143,84.2857142857144
"orng-03",13,2024,45.2554744525548,45.2554744525548
"orng-03",14,2024,18.4397163120567,18.4397163120567
"orng-03",15,2024,25,26.4285714285714
"orng-03",16,2024,17.3913043478261,17.3913043478261
"orng-03",17,2024,21.1678832116788,21.1678832116788
"orng-03",18,2024,25.8992805755396,25.8992805755396
"orng-03",19,2024,14.6853146853147,17.4825174825175
"orng-03",20,2024,19.8581560283688,19.8581560283688
"orng-04",1,2024,100,100
"orng-04",2,2024,100,100
"orng-04",3,2024,77.536231884058,77.536231884058
"orng-04",4,2024,90.6474820143885,90.6474820143886
"orng-04",5,2024,83.6879432624114,83.6879432624114
"orng-04",6,2024,100,100
"orng-04",7,2024,77.6978417266188,77.6978417266188
"orng-04",8,2024,80.2816901408451,80.2816901408451
"orng-04",9,2024,61.4285714285714,61.4285714285714
"orng-04",10,2024,45,45
"orng-04",11,2024,17.0212765957447,17.0212765957447
"orng-04",12,2024,18.1159420289855,18.1159420289855
"orng-04",13,2024,34.2857142857143,34.2857142857143
"orng-04",14,2024,28.7769784172662,28.7769784172662
"orng-04",15,2024,40.7142857142857,40.7142857142857
"orng-04",16,2024,51.4492753623189,51.4492753623189
"orng-04",17,2024,16.0583941605839,16.0583941605839
"orng-04",18,2024,17.9856115107914,17.9856115107914
"orng-04",19,2024,21.7391304347826,21.7391304347826
"orng-04",20,2024,20,20
"orng-05",1,2024,15.2173913043478,15.2173913043478
"orng-05",2,2024,17.0212765957447,17.0212765957447
"orng-05",3,2024,31.9148936170212,31.9148936170212
"orng-05",4,2024,22.8571428571429,22.8571428571429
"orng-05",5,2024,22.8571428571429,23.5714285714286
"orng-05",6,2024,34.7826086956522,34.7826086956522
"orng-05",7,2024,32.3741007194245,32.3741007194245
"orng-05",8,2024,23.3576642335767,27.007299270073
"orng-05",9,2024,18.8405797101449,18.8405797101449
"orng-05",10,2024,21.5827338129497,21.5827338129497
"orng-05",11,2024,18.5714285714285,18.5714285714285
"orng-05",12,2024,19.2857142857143,19.2857142857143
"orng-05",13,2024,24.4604316546763,24.4604316546763
"orng-05",14,2024,18.0555555555555,18.0555555555555
"orng-05",15,2024,17.8571428571429,19.2857142857143
"orng-05",16,2024,23.7410071942446,23.7410071942446
"orng-05",17,2024,32.1428571428571,32.1428571428571
"orng-05",18,2024,25.3623188405797,25.3623188405797
"orng-05",19,2024,24.8175182481752,24.8175182481752
"orng-05",20,2024,21.0144927536232,21.0144927536232
"orng-06",1,2024,18.5714285714286,18.5714285714286
"orng-06",2,2024,17.0212765957447,17.0212765957447
"orng-06",3,2024,23.5714285714285,25
"orng-06",4,2024,17.3913043478261,17.3913043478261
"orng-06",5,2024,25,25
"orng-06",6,2024,45.3237410071942,45.3237410071942
"orng-06",7,2024,69.3430656934307,69.3430656934307
"orng-06",8,2024,56.0283687943262,56.0283687943263
"orng-06",9,2024,50.7142857142856,50.7142857142856
"orng-06",10,2024,78.1021897810219,78.1021897810219
"orng-06",11,2024,90.6474820143886,90.6474820143886
"orng-06",12,2024,94.9275362318841,94.9275362318841
"orng-06",13,2024,30.2158273381295,30.2158273381295
"orng-06",14,2024,58.8652482269504,58.8652482269504
"orng-06",15,2024,94.9640287769784,94.9640287769784
"orng-06",16,2024,75.3623188405797,75.3623188405797
"orng-06",17,2024,79.136690647482,79.1366906474821
"orng-06",18,2024,63.3093525179856,63.3093525179856
"orng-06",19,2024,25.5474452554745,25.5474452554745
"orng-06",20,2024,44.2857142857142,44.2857142857142
"orng-07",1,2024,65.4676258992805,65.4676258992805
"orng-07",2,2024,43.4782608695652,43.4782608695652
"orng-07",3,2024,22.463768115942,22.463768115942
"orng-07",4,2024,25.3623188405797,25.3623188405797
"orng-07",5,2024,26.6187050359712,26.6187050359712
"orng-07",6,2024,21.0144927536232,21.0144927536232
"orng-07",7,2024,18.8405797101449,18.8405797101449
"orng-07",8,2024,18.7050359712231,18.7050359712231
"orng-07",9,2024,33.0935251798561,33.0935251798561
"orng-07",10,2024,22.5352112676056,22.5352112676056
"orng-07",11,2024,16.6666666666666,16.6666666666666
"orng-07",12,2024,13.6690647482014,13.6690647482014
"orng-07",13,2024,27.4647887323943,28.1690140845071
"orng-07",14,2024,20.2898550724638,20.2898550724638
"orng-07",15,2024,44.927536231884,49.2753623188406
"orng-07",16,2024,33.5714285714286,34.2857142857142
"orng-07",17,2024,16.6666666666667,16.6666666666667
"orng-07",18,2024,20.863309352518,20.863309352518
"orng-07",19,2024,43.1654676258992,43.1654676258992
"orng-07",20,2024,14.1843971631206,16.3120567375887
"orng-08",1,2024,27.8571428571428,27.8571428571428
"orng-08",2,2024,27.5362318840579,27.5362318840579
"orng-08",3,2024,28.7769784172662,28.7769784172662
"orng-08",4,2024,43.5714285714286,43.5714285714286
"orng-08",5,2024,18.5714285714285,18.5714285714285
"orng-08",6,2024,18.5714285714285,18.5714285714286
"orng-08",7,2024,24.4604316546763,24.4604316546763
"orng-08",8,2024,32.6241134751773,32.6241134751773
"orng-08",9,2024,27.536231884058,27.536231884058
"orng-08",10,2024,35.7142857142857,35.7142857142857
"orng-08",11,2024,15.7142857142857,15.7142857142857
"orng-08",12,2024,17.8571428571429,18.5714285714286
"orng-08",13,2024,16.4285714285714,16.4285714285714
"orng-08",14,2024,20.7142857142857,22.1428571428571
"orng-08",15,2024,22.3021582733813,22.3021582733813
"orng-08",16,2024,18.4397163120568,18.4397163120568
"orng-08",17,2024,19.2857142857143,19.2857142857143
"orng-08",18,2024,18.705035971223,20.1438848920863
"orng-08",19,2024,36.4285714285714,36.4285714285714
"orng-08",20,2024,17.1428571428571,17.1428571428571
"orng-09",1,2024,27.1428571428571,27.1428571428571
"orng-09",2,2024,22.6950354609929,22.6950354609929
"orng-09",3,2024,25,25
"orng-09",4,2024,12.2302158273381,12.2302158273382
"orng-09",5,2024,23.9130434782609,23.9130434782609
"orng-09",6,2024,15.9420289855073,16.6666666666666
"orng-09",7,2024,36.8794326241135,37.5886524822695
"orng-09",8,2024,27.536231884058,27.536231884058
"orng-09",9,2024,20.2898550724637,20.2898550724637
"orng-09",10,2024,26.4285714285714,26.4285714285714
"orng-09",11,2024,17.8571428571429,17.8571428571429
"orng-09",12,2024,17.1428571428571,17.1428571428571
"orng-09",13,2024,20.1438848920864,20.863309352518
"orng-09",14,2024,17.8571428571429,17.8571428571429
"orng-09",15,2024,24.6376811594203,24.6376811594203
"orng-09",16,2024,20.863309352518,21.5827338129497
"orng-09",17,2024,32.8571428571428,33.5714285714286
"orng-09",18,2024,29.2857142857143,29.2857142857143
"orng-09",19,2024,26.4285714285714,26.4285714285714
"orng-09",20,2024,24.822695035461,24.822695035461
"orng-10",1,2024,35.7142857142857,35.7142857142857
"orng-10",2,2024,21.5827338129497,21.5827338129497
"orng-10",3,2024,49.2753623188406,49.2753623188406
"orng-10",4,2024,31.6546762589928,32.3741007194245
"orng-10",5,2024,34.2857142857143,34.2857142857143
"orng-10",6,2024,31.6546762589928,31.6546762589928
"orng-10",7,2024,32.6388888888889,32.6388888888889
"orng-10",8,2024,22.463768115942,22.463768115942
"orng-10",9,2024,25.3623188405797,25.3623188405797
"orng-10",10,2024,71.6312056737588,71.6312056737588
"orng-10",11,2024,69.2857142857143,69.2857142857143
"orng-10",12,2024,66.6666666666667,66.6666666666667
"orng-10",13,2024,46.1538461538462,46.1538461538462
"orng-10",14,2024,22.3021582733813,22.3021582733813
"orng-10",15,2024,36.8794326241134,36.8794326241134
"orng-10",16,2024,30.9352517985612,30.9352517985612
"orng-10",17,2024,27.5362318840579,27.5362318840579
"orng-10",18,2024,20.979020979021,20.979020979021
"orng-10",19,2024,34.3065693430657,34.3065693430657
"orng-10",20,2024,52.1739130434782,52.1739130434783
"orng-11",1,2024,25.8992805755396,25.8992805755396
"orng-11",2,2024,22.1428571428571,22.1428571428571
"orng-11",3,2024,25.8992805755396,25.8992805755396
"orng-11",4,2024,23.0215827338129,23.021582733813
"orng-11",5,2024,40.4255319148937,40.4255319148937
"orng-11",6,2024,40.2877697841727,40.2877697841727
"orng-11",7,2024,27.536231884058,27.536231884058
"orng-11",8,2024,24.2857142857143,24.2857142857143
"orng-11",9,2024,30,30
"orng-11",10,2024,22.3021582733813,23.0215827338129
"orng-11",11,2024,32.1428571428571,32.1428571428571
"orng-11",12,2024,16.3120567375887,16.3120567375887
"orng-11",13,2024,24.6376811594203,24.6376811594203
"orng-11",14,2024,21.0144927536232,21.7391304347826
"orng-11",15,2024,23.4042553191489,23.4042553191489
"orng-11",16,2024,23.021582733813,23.021582733813
"orng-11",17,2024,28.4722222222222,29.1666666666666
"orng-11",18,2024,27.3381294964029,28.0575539568345
"orng-11",19,2024,20.1438848920864,20.1438848920864
"orng-11",20,2024,24.822695035461,24.822695035461
"orng-12",1,2024,32.3741007194245,32.3741007194245
"orng-12",2,2024,27.972027972028,28.6713286713287
"orng-12",3,2024,28.0575539568345,28.0575539568345
"orng-12",4,2024,42.1428571428571,42.1428571428571
"orng-12",5,2024,41.3043478260869,41.304347826087
"orng-12",6,2024,75.177304964539,75.177304964539
"orng-12",7,2024,100,100
"orng-12",8,2024,97.2027972027973,97.2027972027973
"orng-12",9,2024,95.7142857142857,95.7142857142858
"orng-12",10,2024,100,100
"orng-12",11,2024,100,100
"orng-12",12,2024,100,100
"orng-12",13,2024,98.5611510791367,98.5611510791367
"orng-12",14,2024,97.8723404255319,97.8723404255319
"orng-12",15,2024,81.1594202898551,81.1594202898551
"orng-12",16,2024,28.0575539568345,28.0575539568345
"orng-12",17,2024,35.2517985611511,35.2517985611511
"orng-12",18,2024,60,60
"orng-12",19,2024,23.9130434782608,23.9130434782608
"orng-12",20,2024,23.5714285714286,23.5714285714286
"cthm-01",1,2025,24.4604316546763,25.1798561151079
"cthm-01",2,2025,18.8405797101449,18.8405797101449
"cthm-01",3,2025,32.8571428571429,32.8571428571429
"cthm-01",4,2025,37.8571428571429,37.8571428571429
"cthm-01",5,2025,50,50.0000000000001
"cthm-01",6,2025,44.5255474452554,45.2554744525547
"cthm-01",7,2025,26.3888888888889,26.3888888888889
"cthm-01",8,2025,19.4444444444445,19.4444444444445
"cthm-01",9,2025,19.1489361702128,19.8581560283688
"cthm-01",10,2025,28.0575539568346,28.0575539568346
"cthm-01",11,2025,42.3357664233577,42.3357664233577
"cthm-01",12,2025,41.304347826087,41.304347826087
"cthm-01",13,2025,42.1428571428571,42.1428571428571
"cthm-01",14,2025,17.3913043478261,18.1159420289855
"cthm-01",15,2025,44.2028985507247,44.2028985507247
"cthm-01",16,2025,43.5714285714286,44.2857142857143
"cthm-01",17,2025,27.3381294964029,28.7769784172662
"cthm-01",18,2025,47.1014492753623,47.1014492753623
"cthm-01",19,2025,34.0425531914894,34.0425531914894
"cthm-01",20,2025,54.6762589928058,54.6762589928058
"cthm-02",1,2025,17.2661870503597,17.2661870503597
"cthm-02",2,2025,16.4285714285714,16.4285714285714
"cthm-02",3,2025,24.2857142857143,24.2857142857143
"cthm-02",4,2025,13.0434782608696,13.0434782608696
"cthm-02",5,2025,90.5109489051094,90.5109489051095
"cthm-02",6,2025,79.8611111111111,79.8611111111111
"cthm-02",7,2025,44.6043165467627,44.6043165467627
"cthm-02",8,2025,58.9928057553957,58.9928057553958
"cthm-02",9,2025,36.231884057971,36.231884057971
"cthm-02",10,2025,22.8571428571428,22.8571428571428
"cthm-02",11,2025,32.8467153284671,32.8467153284671
"cthm-02",12,2025,22.463768115942,22.463768115942
"cthm-02",13,2025,7.97101449275362,7.97101449275362
"cthm-02",14,2025,25.8992805755396,27.3381294964028
"cthm-02",15,2025,62.1428571428571,62.1428571428571
"cthm-02",16,2025,21.0144927536231,21.7391304347826
"cthm-02",17,2025,30.7142857142857,30.7142857142857
"cthm-02",18,2025,24.4604316546762,24.4604316546763
"cthm-02",19,2025,50.7246376811594,50.7246376811594
"cthm-02",20,2025,25,25
"cthm-03",1,2025,32.1428571428571,32.1428571428571
"cthm-03",2,2025,25.7142857142857,25.7142857142857
"cthm-03",3,2025,47.5524475524476,49.6503496503497
"cthm-03",4,2025,42.3611111111111,42.3611111111111
"cthm-03",5,2025,57.5539568345323,57.5539568345324
"cthm-03",6,2025,27.3381294964029,27.3381294964029
"cthm-03",7,2025,90.7142857142857,90.7142857142858
"cthm-03",8,2025,32.8571428571429,33.5714285714286
"cthm-03",9,2025,15.7142857142857,15.7142857142857
"cthm-03",10,2025,18.705035971223,20.1438848920864
"cthm-03",11,2025,49.2753623188406,49.2753623188406
"cthm-03",12,2025,25.8992805755396,25.8992805755396
"cthm-03",13,2025,17.8571428571429,17.8571428571429
"cthm-03",14,2025,18.5714285714286,20
"cthm-03",15,2025,20,23.5714285714286
"cthm-03",16,2025,19.4244604316547,20.1438848920864
"cthm-03",17,2025,25.1798561151079,25.1798561151079
"cthm-03",18,2025,19.1489361702128,19.1489361702128
"cthm-03",19,2025,39.2857142857143,39.2857142857143
"cthm-03",20,2025,21.2765957446808,22.6950354609929
"cthm-04",2,2025,18.4397163120567,19.1489361702128
"cthm-04",3,2025,20.2898550724637,20.2898550724637
"cthm-04",4,2025,9.28571428571429,9.28571428571429
"cthm-04",5,2025,21.4285714285714,21.4285714285714
"cthm-04",6,2025,28.5714285714286,29.2857142857143
"cthm-04",7,2025,14.3884892086331,14.3884892086331
"cthm-04",8,2025,20,20
"cthm-04",9,2025,73.1884057971014,73.1884057971014
"cthm-04",10,2025,47.8260869565218,47.8260869565218
"cthm-04",11,2025,57.5539568345324,57.5539568345324
"cthm-04",12,2025,15.8273381294964,15.8273381294964
"cthm-04",13,2025,17.8571428571428,17.8571428571428
"cthm-04",14,2025,27.8571428571428,27.8571428571428
"cthm-04",15,2025,8.57142857142857,8.57142857142857
"cthm-04",16,2025,4.31654676258993,4.31654676258993
"cthm-04",17,2025,19.5652173913043,19.5652173913043
"cthm-04",18,2025,20,20.7142857142857
"cthm-04",19,2025,21.5827338129496,21.5827338129496
"cthm-04",20,2025,17.2661870503597,17.2661870503597
"cthm-05",1,2025,21.0144927536232,21.0144927536232
"cthm-05",2,2025,23.5714285714285,23.5714285714285
"cthm-05",3,2025,16.5467625899281,16.5467625899281
"cthm-05",4,2025,13.6690647482015,13.6690647482015
"cthm-05",5,2025,12.8571428571429,15
"cthm-05",6,2025,14.3884892086331,14.3884892086331
"cthm-05",7,2025,19.4444444444445,19.4444444444445
"cthm-05",8,2025,17.9856115107914,17.9856115107914
"cthm-05",9,2025,19.2857142857143,19.2857142857143
"cthm-05",10,2025,18.8405797101449,18.8405797101449
"cthm-05",11,2025,24.2857142857143,24.2857142857143
"cthm-05",12,2025,16.5467625899281,16.5467625899281
"cthm-05",13,2025,21.8978102189781,21.8978102189781
"cthm-05",14,2025,16.3120567375886,16.3120567375886
"cthm-05",15,2025,18.8811188811189,18.8811188811189
"cthm-05",16,2025,29.9270072992701,29.9270072992701
"cthm-05",17,2025,20.8333333333333,20.8333333333334
"cthm-05",18,2025,14.1843971631205,15.6028368794326
"cthm-05",19,2025,18.8405797101449,18.8405797101449
"cthm-05",20,2025,24.4604316546763,24.4604316546763
"cthm-06",1,2025,34.0579710144927,34.0579710144927
"cthm-06",2,2025,35,35
"cthm-06",3,2025,18.705035971223,18.705035971223
"cthm-06",4,2025,25.1798561151079,25.1798561151079
"cthm-06",5,2025,15.7142857142857,15.7142857142857
"cthm-06",6,2025,19.4244604316547,19.4244604316547
"cthm-06",7,2025,27.3381294964029,27.3381294964029
"cthm-06",8,2025,29.2857142857143,29.2857142857143
"cthm-06",9,2025,17.1428571428571,19.2857142857143
"cthm-06",10,2025,22.463768115942,22.463768115942
"cthm-06",11,2025,29.4964028776979,29.4964028776979
"cthm-06",12,2025,19.2857142857143,20
"cthm-06",13,2025,42.8571428571428,42.8571428571428
"cthm-06",14,2025,23.0215827338129,23.021582733813
"cthm-06",15,2025,25.531914893617,25.531914893617
"cthm-06",16,2025,24.4604316546763,24.4604316546763
"cthm-06",17,2025,16.5467625899281,16.5467625899281
"cthm-06",18,2025,20.5673758865249,20.5673758865249
"cthm-06",19,2025,20.863309352518,20.863309352518
"cthm-06",20,2025,19.4244604316547,19.4244604316547
"cthm-07",1,2025,22.463768115942,22.463768115942
"cthm-07",2,2025,15.7142857142857,19.2857142857143
"cthm-07",3,2025,26.4285714285715,29.2857142857143
"cthm-07",4,2025,5.79710144927536,14.4927536231884
"cthm-07",5,2025,11.5107913669065,16.5467625899281
"cthm-07",6,2025,12.7659574468085,17.0212765957447
"cthm-07",7,2025,16.4285714285714,17.1428571428571
"cthm-07",8,2025,15,17.1428571428571
"cthm-07",9,2025,25.531914893617,26.241134751773
"cthm-07",10,2025,20.1438848920864,20.1438848920864
"cthm-07",11,2025,18.705035971223,18.705035971223
"cthm-07",12,2025,15.1079136690647,15.1079136690647
"cthm-07",13,2025,22.463768115942,22.463768115942
"cthm-07",14,2025,16.6666666666667,16.6666666666667
"cthm-07",15,2025,32.3741007194245,32.3741007194245
"cthm-07",16,2025,18.5714285714286,18.5714285714286
"cthm-07",17,2025,18.1159420289855,18.1159420289855
"cthm-07",18,2025,18.5714285714286,18.5714285714286
"cthm-07",19,2025,16.0583941605839,16.0583941605839
"cthm-07",20,2025,21.5277777777778,21.5277777777778
"cthm-08",1,2025,19.2857142857142,19.2857142857142
"cthm-08",2,2025,48.936170212766,48.936170212766
"cthm-08",3,2025,42.1428571428571,42.1428571428571
"cthm-08",4,2025,20.1438848920863,24.4604316546763
"cthm-08",5,2025,25,25.6944444444445
"cthm-08",6,2025,26.6187050359712,26.6187050359712
"cthm-08",7,2025,34.0579710144927,34.0579710144927
"cthm-08",8,2025,27.1428571428571,27.1428571428571
"cthm-08",9,2025,19.2857142857142,19.2857142857142
"cthm-08",10,2025,17.1428571428572,17.1428571428572
"cthm-08",11,2025,31.6546762589928,31.6546762589928
"cthm-08",12,2025,20.863309352518,20.863309352518
"cthm-08",13,2025,16.6666666666667,17.3913043478261
"cthm-08",14,2025,23.021582733813,23.021582733813
"cthm-08",15,2025,18.705035971223,18.705035971223
"cthm-08",16,2025,15.2173913043478,15.2173913043478
"cthm-08",17,2025,19.2857142857143,19.2857142857143
"cthm-08",18,2025,15.9722222222222,15.9722222222222
"cthm-08",19,2025,17.9856115107913,18.705035971223
"cthm-08",20,2025,29.9270072992701,29.9270072992701
"cthm-09",1,2025,20.7142857142857,20.7142857142857
"cthm-09",2,2025,28.7769784172662,28.7769784172662
"cthm-09",3,2025,40.7142857142857,41.4285714285714
"cthm-09",4,2025,35.9154929577465,35.9154929577465
"cthm-09",5,2025,49.6350364963503,50.3649635036496
"cthm-09",6,2025,28.0575539568345,28.0575539568345
"cthm-09",7,2025,21.7391304347826,21.7391304347826
"cthm-09",8,2025,36.6906474820144,36.6906474820144
"cthm-09",9,2025,36.6906474820144,36.6906474820144
"cthm-09",10,2025,37.4100719424461,37.4100719424461
"cthm-09",11,2025,50,50
"cthm-09",12,2025,20.5673758865248,20.5673758865248
"cthm-09",13,2025,31.8840579710145,31.8840579710145
"cthm-09",14,2025,15.7142857142857,15.7142857142857
"cthm-09",15,2025,27.6595744680851,27.6595744680851
"cthm-09",16,2025,17.2661870503597,17.2661870503597
"cthm-09",17,2025,48.9208633093525,48.9208633093525
"cthm-09",18,2025,27.1428571428572,27.1428571428572
"cthm-09",19,2025,17.8571428571428,17.8571428571428
"cthm-09",20,2025,21.0144927536232,21.0144927536232
"cthm-10",1,2025,24.6376811594203,25.3623188405797
"cthm-10",2,2025,30.7142857142857,31.4285714285715
"cthm-10",3,2025,23.021582733813,23.7410071942446
"cthm-10",4,2025,24.2857142857143,27.8571428571429
"cthm-10",5,2025,40,40
"cthm-10",6,2025,37.6811594202898,37.6811594202898
"cthm-10",7,2025,25.1798561151079,25.1798561151079
"cthm-10",8,2025,27.1428571428571,27.1428571428571
"cthm-10",9,2025,30.6569343065693,30.6569343065693
"cthm-10",10,2025,20.863309352518,20.863309352518
"cthm-10",11,2025,24.8175182481752,24.8175182481752
"cthm-10",12,2025,31.2056737588653,31.2056737588653
"cthm-10",13,2025,29.4964028776979,29.4964028776979
"cthm-10",14,2025,66.1870503597123,66.1870503597123
"cthm-10",15,2025,32.6086956521739,32.6086956521739
"cthm-10",16,2025,93.4782608695652,93.4782608695653
"cthm-10",17,2025,97.8571428571428,97.8571428571428
"cthm-10",18,2025,35.2112676056338,35.2112676056338
"cthm-10",19,2025,25.7142857142857,25.7142857142857
"cthm-10",20,2025,20.863309352518,20.863309352518
"cthm-11",1,2025,18.8405797101449,20.2898550724637
"cthm-11",2,2025,34.2857142857142,34.2857142857142
"cthm-11",3,2025,26.4285714285714,26.4285714285714
"cthm-11",4,2025,23.021582733813,23.021582733813
"cthm-11",5,2025,15.9420289855072,15.9420289855072
"cthm-11",6,2025,19.2857142857142,19.2857142857142
"cthm-11",7,2025,28.2608695652174,28.2608695652174
"cthm-11",8,2025,16.3120567375887,17.0212765957447
"cthm-11",9,2025,25.7142857142857,25.7142857142857
"cthm-11",10,2025,20.1438848920863,20.1438848920863
"cthm-11",11,2025,38.4615384615385,38.4615384615385
"cthm-11",12,2025,13.986013986014,13.986013986014
"cthm-11",13,2025,21.9858156028369,21.9858156028369
"cthm-11",14,2025,15.2777777777777,18.0555555555556
"cthm-11",15,2025,15,15
"cthm-11",16,2025,29.4964028776979,29.4964028776979
"cthm-11",17,2025,31.6546762589928,31.6546762589928
"cthm-11",18,2025,27.0833333333333,27.0833333333333
"cthm-11",19,2025,18.4397163120567,18.4397163120567
"cthm-11",20,2025,44.9999999999999,45
"cthm-12",1,2025,31.1594202898551,32.6086956521739
"cthm-12",2,2025,15.9722222222222,17.3611111111111
"cthm-12",3,2025,17.2661870503597,17.2661870503597
"cthm-12",4,2025,37.4100719424461,37.4100719424461
"cthm-12",5,2025,18.1159420289855,18.8405797101449
"cthm-12",6,2025,36.8794326241135,36.8794326241135
"cthm-12",7,2025,20,20
"cthm-12",8,2025,16.6666666666667,17.3611111111111
"cthm-12",9,2025,19.8581560283688,19.8581560283688
"cthm-12",10,2025,34.3065693430657,34.3065693430657
"cthm-12",11,2025,21.5827338129496,21.5827338129496
"cthm-12",12,2025,27.5362318840579,27.5362318840579
"cthm-12",13,2025,16.4285714285714,16.4285714285714
"cthm-12",14,2025,15.7142857142857,15.7142857142857
"cthm-12",15,2025,16.4285714285714,16.4285714285714
"cthm-12",16,2025,32.8571428571428,33.5714285714285
"cthm-12",17,2025,20.2898550724637,20.2898550724637
"cthm-12",18,2025,53.6231884057971,53.6231884057971
"cthm-12",19,2025,23.5714285714285,23.5714285714286
"cthm-12",20,2025,38.5714285714286,39.2857142857143
"cthm-13",1,2025,27.0833333333333,27.0833333333333
"cthm-13",2,2025,24.6376811594203,24.6376811594203
"cthm-13",3,2025,27.3381294964029,27.3381294964029
"cthm-13",4,2025,16.6666666666666,23.6111111111111
"cthm-13",5,2025,31.159420289855,31.159420289855
"cthm-13",6,2025,22.8571428571428,23.5714285714286
"cthm-13",7,2025,48.936170212766,48.936170212766
"cthm-13",8,2025,37.410071942446,37.410071942446
"cthm-13",9,2025,100,100
"cthm-13",10,2025,100,100
"cthm-13",11,2025,100,100
"cthm-13",12,2025,78.1021897810219,78.1021897810219
"cthm-13",13,2025,39.1608391608392,39.1608391608392
"cthm-13",14,2025,23.7410071942446,23.7410071942446
"cthm-13",15,2025,30,30
"cthm-13",16,2025,53.2846715328468,53.2846715328468
"cthm-13",17,2025,34.0277777777778,34.0277777777778
"cthm-13",18,2025,16.5467625899281,18.705035971223
"cthm-13",19,2025,22.463768115942,22.463768115942
"cthm-13",20,2025,17.1428571428571,17.1428571428571
"cthm-14",1,2025,45.6521739130434,45.6521739130435
"cthm-14",2,2025,22.463768115942,23.1884057971015
"cthm-14",3,2025,22.3776223776224,22.3776223776224
"cthm-14",4,2025,33.5664335664336,33.5664335664336
"cthm-14",5,2025,36.8794326241135,36.8794326241135
"cthm-14",6,2025,28.3687943262411,28.3687943262411
"cthm-14",7,2025,18.2481751824817,18.2481751824817
"cthm-14",8,2025,17.2661870503597,17.2661870503597
"cthm-14",9,2025,25.7142857142858,25.7142857142858
"cthm-14",10,2025,27.3381294964029,28.0575539568345
"cthm-14",11,2025,34.0579710144927,34.0579710144927
"cthm-14",12,2025,42.8571428571429,42.8571428571429
"cthm-14",13,2025,33.5714285714286,33.5714285714286
"cthm-14",14,2025,30.7142857142857,30.7142857142857
"cthm-14",15,2025,14.3884892086331,14.3884892086331
"cthm-14",16,2025,30.4347826086956,30.4347826086956
"cthm-14",17,2025,22.3021582733813,22.3021582733813
"cthm-14",18,2025,18.705035971223,19.4244604316547
"cthm-14",19,2025,22.463768115942,22.463768115942
"cthm-14",20,2025,31.2056737588653,31.2056737588653
"drhm-01",1,2025,17.9856115107914,17.9856115107914
"drhm-01",2,2025,23.0215827338129,23.0215827338129
"drhm-01",3,2025,30.2158273381295,30.2158273381295
"drhm-01",4,2025,27.8571428571429,27.8571428571429
"drhm-01",5,2025,22.6950354609929,22.6950354609929
"drhm-01",6,2025,33.3333333333333,33.3333333333333
"drhm-01",7,2025,25.5319148936171,25.5319148936171
"drhm-01",8,2025,17.9856115107914,17.9856115107914
"drhm-01",9,2025,17.0212765957447,17.7304964539007
"drhm-01",10,2025,24.6376811594203,25.3623188405797
"drhm-01",11,2025,12.8571428571428,15.7142857142857
"drhm-01",12,2025,23.7410071942447,24.4604316546763
"drhm-01",13,2025,13.6690647482014,15.1079136690647
"drhm-01",14,2025,14.5985401459854,14.5985401459854
"drhm-01",15,2025,20.7142857142857,20.7142857142857
"drhm-01",16,2025,19.8581560283688,19.8581560283688
"drhm-01",17,2025,23.0215827338129,23.7410071942446
"drhm-01",18,2025,20,20
"drhm-01",19,2025,21.7391304347826,21.7391304347826
"drhm-01",20,2025,23.9130434782609,23.9130434782609
"drhm-02",1,2025,21.8309859154929,21.830985915493
"drhm-02",2,2025,27.8571428571429,27.8571428571429
"drhm-02",3,2025,39.1304347826087,39.1304347826087
"drhm-02",4,2025,29.2857142857143,29.2857142857143
"drhm-02",5,2025,29.2857142857143,29.2857142857143
"drhm-02",6,2025,24.8175182481751,24.8175182481751
"drhm-02",7,2025,37.410071942446,37.410071942446
"drhm-02",8,2025,20.8333333333334,20.8333333333334
"drhm-02",9,2025,24.113475177305,24.113475177305
"drhm-02",10,2025,11.5107913669065,11.5107913669065
"drhm-02",11,2025,18.8405797101449,18.8405797101449
"drhm-02",12,2025,27.536231884058,27.536231884058
"drhm-02",13,2025,17.8571428571428,17.8571428571428
"drhm-02",14,2025,20.2898550724638,20.2898550724638
"drhm-02",15,2025,18.5714285714286,18.5714285714286
"drhm-02",16,2025,23.404255319149,23.404255319149
"drhm-02",17,2025,26.4285714285714,26.4285714285714
"drhm-02",18,2025,20.863309352518,20.863309352518
"drhm-02",19,2025,24.113475177305,24.113475177305
"drhm-02",20,2025,24.6376811594203,24.6376811594203
"drhm-03",1,2025,100,100
"drhm-03",2,2025,100,100
"drhm-03",3,2025,100,100
"drhm-03",4,2025,100,100
"drhm-03",5,2025,99.9999999999999,100
"drhm-03",6,2025,97.1428571428572,97.8571428571429
"drhm-03",7,2025,80.7142857142857,80.7142857142857
"drhm-03",8,2025,100,100
"drhm-03",9,2025,93.5714285714286,93.5714285714286
"drhm-03",10,2025,92.8571428571428,92.8571428571429
"drhm-03",11,2025,18.7050359712231,18.7050359712231
"drhm-03",12,2025,23.7410071942446,23.7410071942446
"drhm-03",13,2025,99.9999999999999,100
"drhm-03",14,2025,99.9999999999999,100
"drhm-03",15,2025,75.6944444444444,75.6944444444444
"drhm-03",16,2025,87.8571428571428,87.8571428571429
"drhm-03",17,2025,97.1428571428571,97.1428571428572
"drhm-03",18,2025,69.0647482014389,69.0647482014389
"drhm-03",19,2025,33.8129496402878,33.8129496402878
"drhm-03",20,2025,25.8992805755395,25.8992805755395
"drhm-04",1,2025,97.2222222222223,97.2222222222223
"drhm-04",2,2025,67.1428571428571,67.1428571428571
"drhm-04",3,2025,40.5797101449276,40.5797101449276
"drhm-04",4,2025,20,20
"drhm-04",5,2025,86.9565217391304,86.9565217391304
"drhm-04",6,2025,31.4285714285714,31.4285714285714
"drhm-04",7,2025,28.3687943262411,28.3687943262411
"drhm-04",8,2025,44.9275362318841,44.9275362318841
"drhm-04",9,2025,25.7142857142858,25.7142857142858
"drhm-04",10,2025,15.2173913043478,15.2173913043478
"drhm-04",11,2025,17.1428571428571,17.1428571428571
"drhm-04",12,2025,29.2857142857142,29.2857142857143
"drhm-04",13,2025,35.2517985611511,35.9712230215827
"drhm-04",14,2025,17.8571428571429,17.8571428571429
"drhm-04",15,2025,16.1971830985915,16.1971830985915
"drhm-04",16,2025,26.4285714285714,26.4285714285714
"drhm-04",17,2025,46.043165467626,46.043165467626
"drhm-04",18,2025,17.0212765957447,17.0212765957447
"drhm-04",19,2025,21.7391304347826,21.7391304347826
"drhm-04",20,2025,94.9640287769785,94.9640287769785
"drhm-05",1,2025,27.8571428571429,28.5714285714286
"drhm-05",2,2025,28.5714285714286,28.5714285714286
"drhm-05",3,2025,44.6043165467626,44.6043165467626
"drhm-05",4,2025,47.1428571428572,47.1428571428572
"drhm-05",5,2025,81.8840579710145,83.3333333333333
"drhm-05",6,2025,100,100
"drhm-05",7,2025,63.1944444444444,63.1944444444444
"drhm-05",8,2025,84.0579710144928,84.0579710144928
"drhm-05",9,2025,70,71.4285714285715
"drhm-05",10,2025,64.0287769784173,64.748201438849
"drhm-05",11,2025,53.1914893617021,53.1914893617021
"drhm-05",12,2025,65.9420289855072,65.9420289855073
"drhm-05",13,2025,98.5714285714286,98.5714285714286
"drhm-05",14,2025,100,100
"drhm-05",15,2025,100,100
"drhm-05",16,2025,100,100
"drhm-05",17,2025,100,100
"drhm-05",18,2025,65.9574468085106,65.9574468085106
"drhm-05",19,2025,57.2463768115942,57.2463768115942
"drhm-05",20,2025,37.1428571428571,37.1428571428571
"drhm-06",1,2025,90.2777777777777,90.2777777777778
"drhm-06",2,2025,100,100
"drhm-06",3,2025,100,100
"drhm-06",4,2025,100,100
"drhm-06",5,2025,100,100
"drhm-06",6,2025,87.0503597122302,87.0503597122302
"drhm-06",7,2025,88.5714285714286,89.2857142857143
"drhm-06",8,2025,77.8571428571428,77.8571428571429
"drhm-06",9,2025,84.1726618705036,84.8920863309353
"drhm-06",10,2025,84.2857142857143,84.2857142857143
"drhm-06",11,2025,69.5652173913043,69.5652173913043
"drhm-06",12,2025,100,100
"drhm-06",13,2025,73.3812949640288,73.3812949640288
"drhm-06",14,2025,74.4680851063829,74.468085106383
"drhm-06",15,2025,69.5035460992908,69.5035460992908
"drhm-06",16,2025,95,95
"drhm-06",17,2025,86.9565217391304,86.9565217391305
"drhm-06",18,2025,100,100
"drhm-06",19,2025,94.4444444444445,94.4444444444445
"drhm-06",20,2025,95.7142857142857,95.7142857142858
"drhm-07",1,2025,89.2857142857143,90
"drhm-07",2,2025,69.3430656934307,69.3430656934307
"drhm-07",3,2025,48.5714285714286,48.5714285714286
"drhm-07",4,2025,71.5328467153285,71.5328467153285
"drhm-07",5,2025,97.080291970803,97.080291970803
"drhm-07",6,2025,86.8055555555555,86.8055555555555
"drhm-07",7,2025,90,90.0000000000001
"drhm-07",8,2025,64.7482014388489,64.7482014388489
"drhm-07",9,2025,77.536231884058,77.536231884058
"drhm-07",10,2025,17.3913043478261,17.3913043478261
"drhm-07",11,2025,22.1428571428571,22.1428571428571
"drhm-07",12,2025,20.8333333333333,20.8333333333333
"drhm-07",13,2025,16.3120567375887,16.3120567375887
"drhm-07",14,2025,17.8571428571428,18.5714285714285
"drhm-07",15,2025,16.3120567375887,16.3120567375887
"drhm-07",16,2025,22.6277372262774,22.6277372262774
"drhm-07",17,2025,35.7664233576642,36.4963503649635
"drhm-07",18,2025,34.7826086956521,35.5072463768116
"drhm-07",19,2025,27.1428571428572,27.1428571428572
"drhm-07",20,2025,26.4285714285715,26.4285714285715
"drhm-08",1,2025,80,80
"drhm-08",2,2025,34.5323741007194,34.5323741007194
"drhm-08",3,2025,22.1428571428571,22.1428571428571
"drhm-08",4,2025,18.75,18.75
"drhm-08",5,2025,28.5714285714286,28.5714285714286
"drhm-08",6,2025,43.4782608695653,43.4782608695653
"drhm-08",7,2025,34.3065693430657,34.3065693430657
"drhm-08",8,2025,93.5251798561151,93.5251798561151
"drhm-08",9,2025,75,75
"drhm-08",10,2025,73.3812949640288,73.3812949640288
"drhm-08",11,2025,60.7142857142857,60.7142857142857
"drhm-08",12,2025,80.4347826086957,80.4347826086957
"drhm-08",13,2025,39.8550724637681,39.8550724637681
"drhm-08",14,2025,77.3722627737227,77.3722627737227
"drhm-08",15,2025,70.2898550724638,71.0144927536232
"drhm-08",16,2025,33.8129496402878,33.8129496402878
"drhm-08",17,2025,38.4057971014492,38.4057971014492
"drhm-08",18,2025,31.4285714285714,31.4285714285714
"drhm-08",19,2025,55.3956834532374,56.8345323741007
"drhm-08",20,2025,49.2857142857143,49.2857142857143
"orng-01",1,2025,33.3333333333333,33.3333333333333
"orng-01",2,2025,20.2898550724637,20.2898550724637
"orng-01",3,2025,35.7142857142857,35.7142857142857
"orng-01",4,2025,40.2777777777778,40.2777777777778
"orng-01",5,2025,20.1438848920863,20.1438848920863
"orng-01",6,2025,24.2857142857143,24.2857142857143
"orng-01",7,2025,24.4604316546763,24.4604316546763
"orng-01",8,2025,20.7142857142857,21.4285714285715
"orng-01",9,2025,21.4285714285714,21.4285714285714
"orng-01",10,2025,21.5827338129496,21.5827338129496
"orng-01",11,2025,27.536231884058,27.536231884058
"orng-01",12,2025,22.463768115942,22.463768115942
"orng-01",13,2025,22.1428571428571,22.1428571428571
"orng-01",14,2025,17.2661870503597,17.2661870503597
"orng-01",15,2025,19.5652173913044,19.5652173913044
"orng-01",16,2025,24.4604316546763,24.4604316546763
"orng-01",17,2025,23.5714285714286,23.5714285714286
"orng-01",18,2025,17.2661870503597,17.2661870503597
"orng-01",19,2025,33.0985915492957,33.0985915492957
"orng-01",20,2025,17.0212765957447,17.0212765957447
"orng-02",1,2025,17.2661870503597,17.2661870503597
"orng-02",2,2025,18.8405797101449,18.8405797101449
"orng-02",3,2025,17.2661870503597,17.2661870503597
"orng-02",4,2025,12.1428571428571,12.1428571428571
"orng-02",5,2025,22.4637681159421,22.4637681159421
"orng-02",6,2025,23.7410071942446,23.7410071942446
"orng-02",7,2025,21.5827338129497,21.5827338129497
"orng-02",8,2025,39.5683453237411,39.5683453237411
"orng-02",9,2025,23.7410071942446,23.7410071942446
"orng-02",10,2025,14.2857142857143,14.2857142857143
"orng-02",11,2025,20.2898550724637,20.2898550724638
"orng-02",12,2025,17.5182481751825,17.5182481751825
"orng-02",13,2025,21.0144927536232,21.0144927536232
"orng-02",14,2025,33.8129496402877,33.8129496402877
"orng-02",15,2025,16.4285714285714,16.4285714285714
"orng-02",16,2025,18.5714285714285,18.5714285714285
"orng-02",17,2025,12.7659574468085,12.7659574468085
"orng-02",18,2025,38.6861313868613,38.6861313868613
"orng-02",19,2025,27.536231884058,28.2608695652174
"orng-02",20,2025,16.5467625899281,16.5467625899281
"orng-03",1,2025,37.2262773722627,37.2262773722627
"orng-03",2,2025,27.1428571428571,27.1428571428571
"orng-03",3,2025,33.8129496402877,33.8129496402877
"orng-03",4,2025,32.8571428571429,32.8571428571429
"orng-03",5,2025,18.705035971223,18.705035971223
"orng-03",6,2025,25.3623188405797,25.3623188405797
"orng-03",7,2025,59.2857142857143,59.2857142857143
"orng-03",8,2025,32.6388888888889,32.6388888888889
"orng-03",9,2025,31.4285714285715,31.4285714285715
"orng-03",10,2025,60.0000000000001,60.0000000000001
"orng-03",11,2025,99.2753623188406,99.2753623188406
"orng-03",12,2025,84.2857142857143,84.2857142857144
"orng-03",13,2025,46.7153284671533,46.7153284671533
"orng-03",14,2025,18.4397163120567,18.4397163120567
"orng-03",15,2025,25,26.4285714285714
"orng-03",16,2025,17.3913043478261,17.3913043478261
"orng-03",17,2025,21.1678832116788,21.1678832116788
"orng-03",18,2025,25.8992805755396,25.8992805755396
"orng-03",19,2025,14.6853146853147,17.4825174825175
"orng-03",20,2025,19.8581560283688,19.8581560283688
"orng-04",1,2025,100,100
"orng-04",2,2025,100,100
"orng-04",3,2025,77.536231884058,77.536231884058
"orng-04",4,2025,90.6474820143885,90.6474820143886
"orng-04",5,2025,83.6879432624114,83.6879432624114
"orng-04",6,2025,100,100
"orng-04",7,2025,77.6978417266188,77.6978417266188
"orng-04",8,2025,81.6901408450704,81.6901408450704
"orng-04",9,2025,61.4285714285714,61.4285714285714
"orng-04",10,2025,45,45
"orng-04",11,2025,17.0212765957447,17.0212765957447
"orng-04",12,2025,18.1159420289855,18.1159420289855
"orng-04",13,2025,34.2857142857143,34.2857142857143
"orng-04",14,2025,28.7769784172662,28.7769784172662
"orng-04",15,2025,41.4285714285714,41.4285714285714
"orng-04",16,2025,50.7246376811595,51.4492753623189
"orng-04",17,2025,16.0583941605839,16.0583941605839
"orng-04",18,2025,17.9856115107914,17.9856115107914
"orng-04",19,2025,21.7391304347826,21.7391304347826
"orng-04",20,2025,20,20
"orng-05",1,2025,15.2173913043478,15.2173913043478
"orng-05",2,2025,17.7304964539008,17.7304964539008
"orng-05",3,2025,31.9148936170212,31.9148936170212
"orng-05",4,2025,23.5714285714286,23.5714285714286
"orng-05",5,2025,23.5714285714286,23.5714285714286
"orng-05",6,2025,34.7826086956522,34.7826086956522
"orng-05",7,2025,32.3741007194245,32.3741007194245
"orng-05",8,2025,24.0875912408759,27.007299270073
"orng-05",9,2025,18.8405797101449,18.8405797101449
"orng-05",10,2025,21.5827338129497,21.5827338129497
"orng-05",11,2025,18.5714285714285,18.5714285714285
"orng-05",12,2025,19.2857142857143,19.2857142857143
"orng-05",13,2025,24.4604316546763,24.4604316546763
"orng-05",14,2025,18.0555555555555,18.0555555555555
"orng-05",15,2025,17.8571428571429,19.2857142857143
"orng-05",16,2025,23.7410071942446,23.7410071942446
"orng-05",17,2025,32.1428571428571,32.1428571428571
"orng-05",18,2025,25.3623188405797,25.3623188405797
"orng-05",19,2025,24.8175182481752,24.8175182481752
"orng-05",20,2025,20.2898550724637,21.0144927536232
"orng-06",1,2025,18.5714285714286,18.5714285714286
"orng-06",2,2025,17.0212765957447,17.0212765957447
"orng-06",3,2025,23.5714285714285,25
"orng-06",4,2025,17.3913043478261,17.3913043478261
"orng-06",5,2025,25,25
"orng-06",6,2025,45.3237410071942,45.3237410071942
"orng-06",7,2025,69.3430656934307,69.3430656934307
"orng-06",8,2025,56.0283687943262,56.0283687943263
"orng-06",9,2025,52.8571428571429,52.8571428571429
"orng-06",10,2025,78.1021897810219,78.1021897810219
"orng-06",11,2025,90.6474820143886,90.6474820143886
"orng-06",12,2025,94.9275362318841,94.9275362318841
"orng-06",13,2025,30.2158273381295,30.2158273381295
"orng-06",14,2025,58.8652482269504,58.8652482269504
"orng-06",15,2025,94.9640287769784,94.9640287769784
"orng-06",16,2025,75.3623188405797,75.3623188405797
"orng-06",17,2025,79.136690647482,79.1366906474821
"orng-06",18,2025,66.1870503597122,66.1870503597122
"orng-06",19,2025,25.5474452554745,25.5474452554745
"orng-06",20,2025,44.2857142857142,44.2857142857142
"orng-07",1,2025,66.9064748201438,66.9064748201438
"orng-07",2,2025,43.4782608695652,43.4782608695652
"orng-07",3,2025,22.463768115942,22.463768115942
"orng-07",4,2025,25.3623188405797,25.3623188405797
"orng-07",5,2025,27.3381294964029,27.3381294964029
"orng-07",6,2025,21.0144927536232,21.0144927536232
"orng-07",7,2025,18.8405797101449,18.8405797101449
"orng-07",8,2025,18.7050359712231,18.7050359712231
"orng-07",9,2025,33.0935251798561,33.0935251798561
"orng-07",10,2025,22.5352112676056,22.5352112676056
"orng-07",11,2025,16.6666666666666,16.6666666666666
"orng-07",12,2025,13.6690647482014,13.6690647482014
"orng-07",13,2025,27.4647887323943,28.1690140845071
"orng-07",14,2025,20.2898550724638,20.2898550724638
"orng-07",15,2025,44.927536231884,49.2753623188406
"orng-07",16,2025,33.5714285714286,34.2857142857142
"orng-07",17,2025,16.6666666666667,16.6666666666667
"orng-07",18,2025,20.863309352518,20.863309352518
"orng-07",19,2025,43.1654676258992,43.1654676258992
"orng-07",20,2025,14.1843971631206,16.3120567375887
"orng-08",1,2025,27.8571428571428,27.8571428571428
"orng-08",2,2025,27.5362318840579,27.5362318840579
"orng-08",3,2025,28.7769784172662,28.7769784172662
"orng-08",4,2025,43.5714285714286,43.5714285714286
"orng-08",5,2025,18.5714285714285,18.5714285714285
"orng-08",6,2025,18.5714285714285,18.5714285714286
"orng-08",7,2025,24.4604316546763,24.4604316546763
"orng-08",8,2025,32.6241134751773,32.6241134751773
"orng-08",9,2025,27.536231884058,27.536231884058
"orng-08",10,2025,35.7142857142857,35.7142857142857
"orng-08",11,2025,15.7142857142857,15.7142857142857
"orng-08",12,2025,17.8571428571429,18.5714285714286
"orng-08",13,2025,16.4285714285714,16.4285714285714
"orng-08",14,2025,20.7142857142857,22.1428571428571
"orng-08",15,2025,22.3021582733813,22.3021582733813
"orng-08",16,2025,18.4397163120568,18.4397163120568
"orng-08",17,2025,19.2857142857143,19.2857142857143
"orng-08",18,2025,18.705035971223,20.1438848920863
"orng-08",19,2025,36.4285714285714,36.4285714285714
"orng-08",20,2025,17.1428571428571,17.1428571428571
"orng-09",1,2025,27.1428571428571,27.1428571428571
"orng-09",2,2025,22.6950354609929,22.6950354609929
"orng-09",3,2025,25,25
"orng-09",4,2025,12.2302158273381,12.2302158273382
"orng-09",5,2025,23.9130434782609,23.9130434782609
"orng-09",6,2025,15.9420289855073,16.6666666666666
"orng-09",7,2025,36.8794326241135,37.5886524822695
"orng-09",8,2025,27.536231884058,27.536231884058
"orng-09",9,2025,20.2898550724637,20.2898550724637
"orng-09",10,2025,26.4285714285714,26.4285714285714
"orng-09",11,2025,17.8571428571429,17.8571428571429
"orng-09",12,2025,17.1428571428571,17.1428571428571
"orng-09",13,2025,20.1438848920864,20.863309352518
"orng-09",14,2025,17.8571428571429,17.8571428571429
"orng-09",15,2025,24.6376811594203,24.6376811594203
"orng-09",16,2025,20.863309352518,21.5827338129497
"orng-09",17,2025,32.8571428571428,33.5714285714286
"orng-09",18,2025,29.2857142857143,29.2857142857143
"orng-09",19,2025,26.4285714285714,26.4285714285714
"orng-09",20,2025,24.822695035461,24.822695035461
"orng-10",1,2025,35.7142857142857,35.7142857142857
"orng-10",2,2025,21.5827338129497,21.5827338129497
"orng-10",3,2025,49.2753623188406,49.2753623188406
"orng-10",4,2025,31.6546762589928,32.3741007194245
"orng-10",5,2025,34.2857142857143,34.2857142857143
"orng-10",6,2025,31.6546762589928,31.6546762589928
"orng-10",7,2025,32.6388888888889,32.6388888888889
"orng-10",8,2025,22.463768115942,22.463768115942
"orng-10",9,2025,25.3623188405797,25.3623188405797
"orng-10",10,2025,71.6312056737588,71.6312056737588
"orng-10",11,2025,67.8571428571429,69.2857142857143
"orng-10",12,2025,66.6666666666667,66.6666666666667
"orng-10",13,2025,46.1538461538462,46.1538461538462
"orng-10",14,2025,22.3021582733813,22.3021582733813
"orng-10",15,2025,37.5886524822695,37.5886524822695
"orng-10",16,2025,30.9352517985612,30.9352517985612
"orng-10",17,2025,27.5362318840579,27.5362318840579
"orng-10",18,2025,20.979020979021,20.979020979021
"orng-10",19,2025,35.036496350365,35.036496350365
"orng-10",20,2025,52.1739130434782,52.1739130434783
"orng-11",1,2025,25.8992805755396,25.8992805755396
"orng-11",2,2025,22.1428571428571,22.1428571428571
"orng-11",3,2025,25.8992805755396,25.8992805755396
"orng-11",4,2025,23.0215827338129,23.021582733813
"orng-11",5,2025,40.4255319148937,40.4255319148937
"orng-11",6,2025,41.0071942446044,41.0071942446044
"orng-11",7,2025,27.536231884058,27.536231884058
"orng-11",8,2025,24.2857142857143,24.2857142857143
"orng-11",9,2025,30,30
"orng-11",10,2025,22.3021582733813,23.0215827338129
"orng-11",11,2025,32.1428571428571,32.1428571428571
"orng-11",12,2025,16.3120567375887,16.3120567375887
"orng-11",13,2025,24.6376811594203,24.6376811594203
"orng-11",14,2025,21.0144927536232,21.7391304347826
"orng-11",15,2025,21.9858156028368,23.4042553191489
"orng-11",16,2025,23.021582733813,23.021582733813
"orng-11",17,2025,28.4722222222222,29.1666666666666
"orng-11",18,2025,27.3381294964029,28.0575539568345
"orng-11",19,2025,20.1438848920864,20.1438848920864
"orng-11",20,2025,24.822695035461,24.822695035461
"orng-12",1,2025,32.3741007194245,32.3741007194245
"orng-12",2,2025,27.972027972028,28.6713286713287
"orng-12",3,2025,28.0575539568345,28.0575539568345
"orng-12",4,2025,42.1428571428571,42.1428571428571
"orng-12",5,2025,41.3043478260869,41.304347826087
"orng-12",6,2025,75.177304964539,75.177304964539
"orng-12",7,2025,100,100
"orng-12",8,2025,97.2027972027973,97.2027972027973
"orng-12",9,2025,95.7142857142857,95.7142857142858
"orng-12",10,2025,100,100
"orng-12",11,2025,100,100
"orng-12",12,2025,100,100
"orng-12",13,2025,98.5611510791367,98.5611510791367
"orng-12",14,2025,97.8723404255319,97.8723404255319
"orng-12",15,2025,81.1594202898551,81.1594202898551
"orng-12",16,2025,28.0575539568345,28.0575539568345
"orng-12",17,2025,35.2517985611511,35.2517985611511
"orng-12",18,2025,60,60
"orng-12",19,2025,23.9130434782608,23.9130434782608
"orng-12",20,2025,23.5714285714286,23.5714285714286
