"route","stop_num","year","perc_forest_stop","quarter_route","perc_forest_quarter"
"cthm-01",1,1999,72.6618705035971,1,57.3646722373654
"cthm-01",1,2000,72.6618705035971,1,57.2218150945082
"cthm-01",1,2001,72.6618705035971,1,55.3543202704917
"cthm-01",1,2002,72.6618705035971,1,53.0375500841563
"cthm-01",1,2003,72.6618705035971,1,52.8946929412991
"cthm-01",1,2004,72.6618705035971,1,52.751835798442
"cthm-01",1,2005,72.6618705035971,1,52.6089786555848
"cthm-01",1,2006,73.3812949640287,1,52.7528635476712
"cthm-01",1,2007,73.3812949640288,1,52.7528635476712
"cthm-01",1,2008,73.3812949640288,1,52.7528635476712
"cthm-01",1,2009,73.3812949640288,1,52.7528635476712
"cthm-01",1,2010,73.3812949640287,1,52.7528635476712
"cthm-01",1,2011,73.3812949640287,1,52.7528635476712
"cthm-01",1,2012,73.3812949640287,1,52.7528635476712
"cthm-01",1,2013,73.3812949640287,1,52.7528635476712
"cthm-01",1,2014,73.3812949640287,1,52.7528635476712
"cthm-01",1,2015,73.3812949640287,1,52.7528635476712
"cthm-01",1,2016,73.3812949640287,1,52.7528635476712
"cthm-01",1,2017,73.3812949640287,1,52.7528635476712
"cthm-01",1,2018,73.3812949640287,1,52.7528635476712
"cthm-01",1,2019,73.3812949640287,1,52.7528635476712
"cthm-01",1,2020,73.3812949640287,1,52.7528635476712
"cthm-01",1,2021,73.3812949640287,1,52.7528635476712
"cthm-01",1,2022,73.3812949640287,1,52.7528635476712
"cthm-01",1,2023,73.3812949640287,1,52.7528635476712
"cthm-01",1,2024,73.3812949640287,1,52.7528635476712
"cthm-01",1,2025,73.3812949640287,1,52.610006404814
"cthm-01",2,1999,41.3043478260869,1,57.3646722373654
"cthm-01",2,2000,41.3043478260869,1,57.2218150945082
"cthm-01",2,2001,37.6811594202898,1,55.3543202704917
"cthm-01",2,2002,26.8115942028985,1,53.0375500841563
"cthm-01",2,2003,26.8115942028985,1,52.8946929412991
"cthm-01",2,2004,26.8115942028985,1,52.751835798442
"cthm-01",2,2005,26.8115942028985,1,52.6089786555848
"cthm-01",2,2006,26.8115942028985,1,52.7528635476712
"cthm-01",2,2007,26.8115942028985,1,52.7528635476712
"cthm-01",2,2008,26.8115942028985,1,52.7528635476712
"cthm-01",2,2009,26.8115942028985,1,52.7528635476712
"cthm-01",2,2010,26.8115942028985,1,52.7528635476712
"cthm-01",2,2011,26.8115942028985,1,52.7528635476712
"cthm-01",2,2012,26.8115942028985,1,52.7528635476712
"cthm-01",2,2013,26.8115942028985,1,52.7528635476712
"cthm-01",2,2014,26.8115942028985,1,52.7528635476712
"cthm-01",2,2015,26.8115942028985,1,52.7528635476712
"cthm-01",2,2016,26.8115942028985,1,52.7528635476712
"cthm-01",2,2017,26.8115942028985,1,52.7528635476712
"cthm-01",2,2018,26.8115942028985,1,52.7528635476712
"cthm-01",2,2019,26.8115942028985,1,52.7528635476712
"cthm-01",2,2020,26.8115942028985,1,52.7528635476712
"cthm-01",2,2021,26.8115942028985,1,52.7528635476712
"cthm-01",2,2022,26.8115942028985,1,52.7528635476712
"cthm-01",2,2023,26.8115942028985,1,52.7528635476712
"cthm-01",2,2024,26.8115942028985,1,52.7528635476712
"cthm-01",2,2025,26.8115942028985,1,52.610006404814
"cthm-01",3,1999,61.4285714285714,1,57.3646722373654
"cthm-01",3,2000,61.4285714285714,1,57.2218150945082
"cthm-01",3,2001,61.4285714285714,1,55.3543202704917
"cthm-01",3,2002,61.4285714285714,1,53.0375500841563
"cthm-01",3,2003,60.7142857142857,1,52.8946929412991
"cthm-01",3,2004,60.7142857142857,1,52.751835798442
"cthm-01",3,2005,60,1,52.6089786555848
"cthm-01",3,2006,60,1,52.7528635476712
"cthm-01",3,2007,60,1,52.7528635476712
"cthm-01",3,2008,60,1,52.7528635476712
"cthm-01",3,2009,60,1,52.7528635476712
"cthm-01",3,2010,60,1,52.7528635476712
"cthm-01",3,2011,60,1,52.7528635476712
"cthm-01",3,2012,60,1,52.7528635476712
"cthm-01",3,2013,60,1,52.7528635476712
"cthm-01",3,2014,60,1,52.7528635476712
"cthm-01",3,2015,60,1,52.7528635476712
"cthm-01",3,2016,60,1,52.7528635476712
"cthm-01",3,2017,60,1,52.7528635476712
"cthm-01",3,2018,60,1,52.7528635476712
"cthm-01",3,2019,60,1,52.7528635476712
"cthm-01",3,2020,60,1,52.7528635476712
"cthm-01",3,2021,60,1,52.7528635476712
"cthm-01",3,2022,60,1,52.7528635476712
"cthm-01",3,2023,60,1,52.7528635476712
"cthm-01",3,2024,60,1,52.7528635476712
"cthm-01",3,2025,60,1,52.610006404814
"cthm-01",4,1999,56.4285714285714,1,57.3646722373654
"cthm-01",4,2000,56.4285714285714,1,57.2218150945082
"cthm-01",4,2001,53.5714285714286,1,55.3543202704917
"cthm-01",4,2002,53.5714285714286,1,53.0375500841563
"cthm-01",4,2003,53.5714285714286,1,52.8946929412991
"cthm-01",4,2004,53.5714285714286,1,52.751835798442
"cthm-01",4,2005,53.5714285714286,1,52.6089786555848
"cthm-01",4,2006,53.5714285714286,1,52.7528635476712
"cthm-01",4,2007,53.5714285714286,1,52.7528635476712
"cthm-01",4,2008,53.5714285714286,1,52.7528635476712
"cthm-01",4,2009,53.5714285714286,1,52.7528635476712
"cthm-01",4,2010,53.5714285714286,1,52.7528635476712
"cthm-01",4,2011,53.5714285714286,1,52.7528635476712
"cthm-01",4,2012,53.5714285714286,1,52.7528635476712
"cthm-01",4,2013,53.5714285714286,1,52.7528635476712
"cthm-01",4,2014,53.5714285714286,1,52.7528635476712
"cthm-01",4,2015,53.5714285714286,1,52.7528635476712
"cthm-01",4,2016,53.5714285714286,1,52.7528635476712
"cthm-01",4,2017,53.5714285714286,1,52.7528635476712
"cthm-01",4,2018,53.5714285714286,1,52.7528635476712
"cthm-01",4,2019,53.5714285714286,1,52.7528635476712
"cthm-01",4,2020,53.5714285714286,1,52.7528635476712
"cthm-01",4,2021,53.5714285714286,1,52.7528635476712
"cthm-01",4,2022,53.5714285714286,1,52.7528635476712
"cthm-01",4,2023,53.5714285714286,1,52.7528635476712
"cthm-01",4,2024,53.5714285714286,1,52.7528635476712
"cthm-01",4,2025,52.8571428571428,1,52.610006404814
"cthm-01",5,1999,55,1,57.3646722373654
"cthm-01",5,2000,54.2857142857142,1,57.2218150945082
"cthm-01",5,2001,51.4285714285715,1,55.3543202704917
"cthm-01",5,2002,50.7142857142857,1,53.0375500841563
"cthm-01",5,2003,50.7142857142857,1,52.8946929412991
"cthm-01",5,2004,50,1,52.751835798442
"cthm-01",5,2005,50,1,52.6089786555848
"cthm-01",5,2006,50,1,52.7528635476712
"cthm-01",5,2007,50,1,52.7528635476712
"cthm-01",5,2008,50,1,52.7528635476712
"cthm-01",5,2009,50,1,52.7528635476712
"cthm-01",5,2010,50,1,52.7528635476712
"cthm-01",5,2011,50,1,52.7528635476712
"cthm-01",5,2012,50,1,52.7528635476712
"cthm-01",5,2013,50,1,52.7528635476712
"cthm-01",5,2014,50,1,52.7528635476712
"cthm-01",5,2015,50,1,52.7528635476712
"cthm-01",5,2016,50,1,52.7528635476712
"cthm-01",5,2017,50,1,52.7528635476712
"cthm-01",5,2018,50,1,52.7528635476712
"cthm-01",5,2019,50,1,52.7528635476712
"cthm-01",5,2020,50,1,52.7528635476712
"cthm-01",5,2021,50,1,52.7528635476712
"cthm-01",5,2022,50,1,52.7528635476712
"cthm-01",5,2023,50,1,52.7528635476712
"cthm-01",5,2024,50,1,52.7528635476712
"cthm-01",5,2025,50,1,52.610006404814
"cthm-01",6,1999,60.5839416058394,2,72.1260575015682
"cthm-01",6,2000,60.5839416058394,2,71.5705019460127
"cthm-01",6,2001,56.9343065693431,2,70.5478091513433
"cthm-01",6,2002,56.2043795620438,2,68.586276187933
"cthm-01",6,2003,56.2043795620438,2,68.3084984101552
"cthm-01",6,2004,56.2043795620438,2,68.1646135180689
"cthm-01",6,2005,56.2043795620438,2,69.6973872990441
"cthm-01",6,2006,56.2043795620438,2,69.6973872990441
"cthm-01",6,2007,56.2043795620438,2,69.5535024069578
"cthm-01",6,2008,56.2043795620438,2,69.5535024069578
"cthm-01",6,2009,56.2043795620438,2,69.836276187933
"cthm-01",6,2010,55.4744525547445,2,69.5514018975843
"cthm-01",6,2011,55.4744525547445,2,69.5514018975843
"cthm-01",6,2012,55.4744525547445,2,69.6902907864732
"cthm-01",6,2013,54.7445255474452,2,69.2615316040381
"cthm-01",6,2014,54.7445255474452,2,68.4104677742508
"cthm-01",6,2015,54.7445255474452,2,68.4104677742508
"cthm-01",6,2016,54.7445255474452,2,68.5523117458821
"cthm-01",6,2017,54.7445255474452,2,68.5523117458821
"cthm-01",6,2018,54.7445255474452,2,68.6941557175132
"cthm-01",6,2019,55.4744525547445,2,68.6962562268868
"cthm-01",6,2020,55.4744525547445,2,68.838100198518
"cthm-01",6,2021,55.4744525547445,2,69.4054760850428
"cthm-01",6,2022,55.4744525547445,2,69.2636321134116
"cthm-01",6,2023,55.4744525547445,2,69.2636321134116
"cthm-01",6,2024,55.4744525547445,2,69.1247432245227
"cthm-01",6,2025,55.4744525547445,2,68.8328915994398
"cthm-01",7,1999,75.6944444444445,2,72.1260575015682
"cthm-01",7,2000,73.6111111111111,2,71.5705019460127
"cthm-01",7,2001,73.6111111111112,2,70.5478091513433
"cthm-01",7,2002,66.6666666666666,2,68.586276187933
"cthm-01",7,2003,65.2777777777778,2,68.3084984101552
"cthm-01",7,2004,65.2777777777778,2,68.1646135180689
"cthm-01",7,2005,72.2222222222222,2,69.6973872990441
"cthm-01",7,2006,72.2222222222222,2,69.6973872990441
"cthm-01",7,2007,72.2222222222222,2,69.5535024069578
"cthm-01",7,2008,72.2222222222222,2,69.5535024069578
"cthm-01",7,2009,72.2222222222222,2,69.836276187933
"cthm-01",7,2010,72.2222222222222,2,69.5514018975843
"cthm-01",7,2011,72.2222222222223,2,69.5514018975843
"cthm-01",7,2012,72.2222222222223,2,69.6902907864732
"cthm-01",7,2013,72.2222222222223,2,69.2615316040381
"cthm-01",7,2014,72.2222222222223,2,68.4104677742508
"cthm-01",7,2015,72.2222222222223,2,68.4104677742508
"cthm-01",7,2016,72.2222222222223,2,68.5523117458821
"cthm-01",7,2017,72.2222222222222,2,68.5523117458821
"cthm-01",7,2018,72.2222222222222,2,68.6941557175132
"cthm-01",7,2019,72.2222222222222,2,68.6962562268868
"cthm-01",7,2020,72.2222222222222,2,68.838100198518
"cthm-01",7,2021,72.2222222222222,2,69.4054760850428
"cthm-01",7,2022,72.2222222222222,2,69.2636321134116
"cthm-01",7,2023,72.2222222222222,2,69.2636321134116
"cthm-01",7,2024,71.5277777777777,2,69.1247432245227
"cthm-01",7,2025,71.5277777777777,2,68.8328915994398
"cthm-01",8,1999,71.5277777777777,2,72.1260575015682
"cthm-01",8,2000,70.8333333333333,2,71.5705019460127
"cthm-01",8,2001,71.5277777777777,2,70.5478091513433
"cthm-01",8,2002,70.8333333333333,2,68.586276187933
"cthm-01",8,2003,70.8333333333333,2,68.3084984101552
"cthm-01",8,2004,70.8333333333333,2,68.1646135180689
"cthm-01",8,2005,70.8333333333333,2,69.6973872990441
"cthm-01",8,2006,70.8333333333333,2,69.6973872990441
"cthm-01",8,2007,70.8333333333333,2,69.5535024069578
"cthm-01",8,2008,70.8333333333333,2,69.5535024069578
"cthm-01",8,2009,71.5277777777777,2,69.836276187933
"cthm-01",8,2010,70.8333333333333,2,69.5514018975843
"cthm-01",8,2011,70.8333333333333,2,69.5514018975843
"cthm-01",8,2012,71.5277777777777,2,69.6902907864732
"cthm-01",8,2013,70.8333333333333,2,69.2615316040381
"cthm-01",8,2014,70.8333333333333,2,68.4104677742508
"cthm-01",8,2015,70.8333333333333,2,68.4104677742508
"cthm-01",8,2016,70.8333333333333,2,68.5523117458821
"cthm-01",8,2017,70.8333333333333,2,68.5523117458821
"cthm-01",8,2018,70.8333333333333,2,68.6941557175132
"cthm-01",8,2019,70.8333333333333,2,68.6962562268868
"cthm-01",8,2020,70.8333333333333,2,68.838100198518
"cthm-01",8,2021,70.8333333333333,2,69.4054760850428
"cthm-01",8,2022,70.8333333333333,2,69.2636321134116
"cthm-01",8,2023,70.8333333333333,2,69.2636321134116
"cthm-01",8,2024,70.8333333333333,2,69.1247432245227
"cthm-01",8,2025,70.8333333333333,2,68.8328915994398
"cthm-01",9,1999,78.7234042553191,2,72.1260575015682
"cthm-01",9,2000,78.7234042553191,2,71.5705019460127
"cthm-01",9,2001,78.7234042553191,2,70.5478091513433
"cthm-01",9,2002,78.7234042553191,2,68.586276187933
"cthm-01",9,2003,78.7234042553191,2,68.3084984101552
"cthm-01",9,2004,78.7234042553191,2,68.1646135180689
"cthm-01",9,2005,78.7234042553191,2,69.6973872990441
"cthm-01",9,2006,78.7234042553191,2,69.6973872990441
"cthm-01",9,2007,78.7234042553191,2,69.5535024069578
"cthm-01",9,2008,78.7234042553191,2,69.5535024069578
"cthm-01",9,2009,78.7234042553191,2,69.836276187933
"cthm-01",9,2010,78.7234042553191,2,69.5514018975843
"cthm-01",9,2011,78.7234042553191,2,69.5514018975843
"cthm-01",9,2012,78.7234042553191,2,69.6902907864732
"cthm-01",9,2013,78.7234042553191,2,69.2615316040381
"cthm-01",9,2014,74.4680851063829,2,68.4104677742508
"cthm-01",9,2015,74.4680851063829,2,68.4104677742508
"cthm-01",9,2016,75.177304964539,2,68.5523117458821
"cthm-01",9,2017,75.177304964539,2,68.5523117458821
"cthm-01",9,2018,75.886524822695,2,68.6941557175132
"cthm-01",9,2019,75.886524822695,2,68.6962562268868
"cthm-01",9,2020,76.595744680851,2,68.838100198518
"cthm-01",9,2021,79.4326241134751,2,69.4054760850428
"cthm-01",9,2022,78.7234042553191,2,69.2636321134116
"cthm-01",9,2023,78.7234042553191,2,69.2636321134116
"cthm-01",9,2024,78.7234042553191,2,69.1247432245227
"cthm-01",9,2025,80.1418439716312,2,68.8328915994398
"cthm-01",10,1999,74.1007194244604,2,72.1260575015682
"cthm-01",10,2000,74.1007194244604,2,71.5705019460127
"cthm-01",10,2001,71.9424460431654,2,70.5478091513433
"cthm-01",10,2002,70.5035971223022,2,68.586276187933
"cthm-01",10,2003,70.5035971223022,2,68.3084984101552
"cthm-01",10,2004,69.7841726618705,2,68.1646135180689
"cthm-01",10,2005,70.5035971223022,2,69.6973872990441
"cthm-01",10,2006,70.5035971223022,2,69.6973872990441
"cthm-01",10,2007,69.7841726618705,2,69.5535024069578
"cthm-01",10,2008,69.7841726618705,2,69.5535024069578
"cthm-01",10,2009,70.5035971223022,2,69.836276187933
"cthm-01",10,2010,70.5035971223022,2,69.5514018975843
"cthm-01",10,2011,70.5035971223021,2,69.5514018975843
"cthm-01",10,2012,70.5035971223021,2,69.6902907864732
"cthm-01",10,2013,69.7841726618705,2,69.2615316040381
"cthm-01",10,2014,69.7841726618704,2,68.4104677742508
"cthm-01",10,2015,69.7841726618704,2,68.4104677742508
"cthm-01",10,2016,69.7841726618704,2,68.5523117458821
"cthm-01",10,2017,69.7841726618704,2,68.5523117458821
"cthm-01",10,2018,69.7841726618704,2,68.6941557175132
"cthm-01",10,2019,69.0647482014388,2,68.6962562268868
"cthm-01",10,2020,69.0647482014388,2,68.838100198518
"cthm-01",10,2021,69.0647482014388,2,69.4054760850428
"cthm-01",10,2022,69.0647482014388,2,69.2636321134116
"cthm-01",10,2023,69.0647482014388,2,69.2636321134116
"cthm-01",10,2024,69.0647482014388,2,69.1247432245227
"cthm-01",10,2025,66.1870503597122,2,68.8328915994398
"cthm-01",11,1999,56.9343065693431,3,61.4862401958562
"cthm-01",11,2000,56.9343065693431,3,61.4862401958562
"cthm-01",11,2001,56.9343065693431,3,61.3413126596243
"cthm-01",11,2002,56.9343065693431,3,61.1963851233925
"cthm-01",11,2003,56.2043795620438,3,61.0503997219326
"cthm-01",11,2004,55.4744525547446,3,60.9044143204728
"cthm-01",11,2005,55.4744525547446,3,60.9044143204728
"cthm-01",11,2006,54.7445255474453,3,60.7584289190129
"cthm-01",11,2007,55.4744525547446,3,60.7594867842409
"cthm-01",11,2008,54.7445255474453,3,59.3091535566941
"cthm-01",11,2009,54.7445255474453,3,55.9758202233607
"cthm-01",11,2010,54.7445255474453,3,52.7874144262592
"cthm-01",11,2011,54.7445255474453,3,53.6569796436505
"cthm-01",11,2012,54.7445255474453,3,54.6735427906485
"cthm-01",11,2013,54.7445255474453,3,54.8184703268804
"cthm-01",11,2014,54.7445255474453,3,54.0938326457209
"cthm-01",11,2015,54.7445255474453,3,54.3836877181847
"cthm-01",11,2016,54.7445255474453,3,55.5431080080398
"cthm-01",11,2017,54.7445255474453,3,57.2843088361971
"cthm-01",11,2018,54.7445255474453,3,58.4437291260522
"cthm-01",11,2019,54.7445255474453,3,58.7335841985159
"cthm-01",11,2020,54.7445255474453,3,56.8743709479983
"cthm-01",11,2021,54.7445255474453,3,56.7315138051412
"cthm-01",11,2022,54.7445255474453,3,56.4395883393027
"cthm-01",11,2023,54.7445255474453,3,54.1497332668389
"cthm-01",11,2024,54.014598540146,3,53.7201039730396
"cthm-01",11,2025,54.014598540146,3,53.5751764368077
"cthm-01",12,1999,36.2318840579711,3,61.4862401958562
"cthm-01",12,2000,36.2318840579711,3,61.4862401958562
"cthm-01",12,2001,35.5072463768116,3,61.3413126596243
"cthm-01",12,2002,34.7826086956522,3,61.1963851233925
"cthm-01",12,2003,34.7826086956522,3,61.0503997219326
"cthm-01",12,2004,34.7826086956522,3,60.9044143204728
"cthm-01",12,2005,34.7826086956522,3,60.9044143204728
"cthm-01",12,2006,34.7826086956522,3,60.7584289190129
"cthm-01",12,2007,34.7826086956522,3,60.7594867842409
"cthm-01",12,2008,34.7826086956522,3,59.3091535566941
"cthm-01",12,2009,34.7826086956522,3,55.9758202233607
"cthm-01",12,2010,34.7826086956522,3,52.7874144262592
"cthm-01",12,2011,36.231884057971,3,53.6569796436505
"cthm-01",12,2012,38.4057971014493,3,54.6735427906485
"cthm-01",12,2013,39.1304347826087,3,54.8184703268804
"cthm-01",12,2014,39.8550724637681,3,54.0938326457209
"cthm-01",12,2015,39.8550724637681,3,54.3836877181847
"cthm-01",12,2016,39.8550724637681,3,55.5431080080398
"cthm-01",12,2017,39.8550724637681,3,57.2843088361971
"cthm-01",12,2018,39.8550724637681,3,58.4437291260522
"cthm-01",12,2019,39.8550724637681,3,58.7335841985159
"cthm-01",12,2020,39.8550724637681,3,56.8743709479983
"cthm-01",12,2021,39.8550724637681,3,56.7315138051412
"cthm-01",12,2022,39.8550724637681,3,56.4395883393027
"cthm-01",12,2023,39.8550724637681,3,54.1497332668389
"cthm-01",12,2024,39.8550724637681,3,53.7201039730396
"cthm-01",12,2025,39.8550724637681,3,53.5751764368077
"cthm-01",13,1999,65.7142857142857,3,61.4862401958562
"cthm-01",13,2000,65.7142857142857,3,61.4862401958562
"cthm-01",13,2001,65.7142857142857,3,61.3413126596243
"cthm-01",13,2002,65.7142857142857,3,61.1963851233925
"cthm-01",13,2003,65.7142857142857,3,61.0503997219326
"cthm-01",13,2004,65.7142857142857,3,60.9044143204728
"cthm-01",13,2005,65.7142857142857,3,60.9044143204728
"cthm-01",13,2006,65.7142857142857,3,60.7584289190129
"cthm-01",13,2007,65.7142857142857,3,60.7594867842409
"cthm-01",13,2008,65.7142857142857,3,59.3091535566941
"cthm-01",13,2009,65.7142857142857,3,55.9758202233607
"cthm-01",13,2010,65.7142857142857,3,52.7874144262592
"cthm-01",13,2011,65.7142857142857,3,53.6569796436505
"cthm-01",13,2012,64.9999999999999,3,54.6735427906485
"cthm-01",13,2013,64.9999999999999,3,54.8184703268804
"cthm-01",13,2014,64.9999999999999,3,54.0938326457209
"cthm-01",13,2015,64.9999999999999,3,54.3836877181847
"cthm-01",13,2016,64.9999999999999,3,55.5431080080398
"cthm-01",13,2017,64.2857142857142,3,57.2843088361971
"cthm-01",13,2018,64.2857142857142,3,58.4437291260522
"cthm-01",13,2019,64.2857142857142,3,58.7335841985159
"cthm-01",13,2020,55.7142857142856,3,56.8743709479983
"cthm-01",13,2021,54.9999999999999,3,56.7315138051412
"cthm-01",13,2022,55.7142857142856,3,56.4395883393027
"cthm-01",13,2023,45.7142857142857,3,54.1497332668389
"cthm-01",13,2024,43.5714285714286,3,53.7201039730396
"cthm-01",13,2025,43.5714285714286,3,53.5751764368077
"cthm-01",14,1999,78.2608695652174,3,61.4862401958562
"cthm-01",14,2000,78.2608695652174,3,61.4862401958562
"cthm-01",14,2001,78.2608695652174,3,61.3413126596243
"cthm-01",14,2002,78.2608695652175,3,61.1963851233925
"cthm-01",14,2003,78.2608695652175,3,61.0503997219326
"cthm-01",14,2004,78.2608695652175,3,60.9044143204728
"cthm-01",14,2005,78.2608695652175,3,60.9044143204728
"cthm-01",14,2006,78.2608695652175,3,60.7584289190129
"cthm-01",14,2007,78.2608695652175,3,60.7594867842409
"cthm-01",14,2008,78.2608695652175,3,59.3091535566941
"cthm-01",14,2009,61.5942028985507,3,55.9758202233607
"cthm-01",14,2010,62.3188405797101,3,52.7874144262592
"cthm-01",14,2011,65.2173913043478,3,53.6569796436505
"cthm-01",14,2012,66.6666666666666,3,54.6735427906485
"cthm-01",14,2013,66.6666666666666,3,54.8184703268804
"cthm-01",14,2014,66.6666666666666,3,54.0938326457209
"cthm-01",14,2015,68.1159420289854,3,54.3836877181847
"cthm-01",14,2016,72.463768115942,3,55.5431080080398
"cthm-01",14,2017,76.8115942028985,3,57.2843088361971
"cthm-01",14,2018,78.2608695652174,3,58.4437291260522
"cthm-01",14,2019,78.2608695652173,3,58.7335841985159
"cthm-01",14,2020,78.2608695652173,3,56.8743709479983
"cthm-01",14,2021,78.2608695652173,3,56.7315138051412
"cthm-01",14,2022,78.2608695652173,3,56.4395883393027
"cthm-01",14,2023,76.8115942028985,3,54.1497332668389
"cthm-01",14,2024,77.536231884058,3,53.7201039730396
"cthm-01",14,2025,76.8115942028985,3,53.5751764368077
"cthm-01",15,1999,70.2898550724637,3,61.4862401958562
"cthm-01",15,2000,70.2898550724638,3,61.4862401958562
"cthm-01",15,2001,70.2898550724638,3,61.3413126596243
"cthm-01",15,2002,70.2898550724638,3,61.1963851233925
"cthm-01",15,2003,70.2898550724638,3,61.0503997219326
"cthm-01",15,2004,70.2898550724638,3,60.9044143204728
"cthm-01",15,2005,70.2898550724638,3,60.9044143204728
"cthm-01",15,2006,70.2898550724638,3,60.7584289190129
"cthm-01",15,2007,69.5652173913044,3,60.7594867842409
"cthm-01",15,2008,63.0434782608696,3,59.3091535566941
"cthm-01",15,2009,63.0434782608696,3,55.9758202233607
"cthm-01",15,2010,46.3768115942028,3,52.7874144262592
"cthm-01",15,2011,46.3768115942028,3,53.6569796436505
"cthm-01",15,2012,48.5507246376812,3,54.6735427906485
"cthm-01",15,2013,48.5507246376812,3,54.8184703268804
"cthm-01",15,2014,44.2028985507246,3,54.0938326457209
"cthm-01",15,2015,44.2028985507246,3,54.3836877181847
"cthm-01",15,2016,45.6521739130435,3,55.5431080080398
"cthm-01",15,2017,50.7246376811594,3,57.2843088361971
"cthm-01",15,2018,55.0724637681159,3,58.4437291260522
"cthm-01",15,2019,56.5217391304347,3,58.7335841985159
"cthm-01",15,2020,55.7971014492753,3,56.8743709479983
"cthm-01",15,2021,55.7971014492753,3,56.7315138051412
"cthm-01",15,2022,53.6231884057971,3,56.4395883393027
"cthm-01",15,2023,53.6231884057971,3,54.1497332668389
"cthm-01",15,2024,53.6231884057971,3,53.7201039730396
"cthm-01",15,2025,53.6231884057971,3,53.5751764368077
"cthm-01",16,1999,72.1428571428572,4,55.0167558301713
"cthm-01",16,2000,72.1428571428572,4,54.7289860459987
"cthm-01",16,2001,72.1428571428572,4,55.0167558301713
"cthm-01",16,2002,71.4285714285715,4,54.2921032540956
"cthm-01",16,2003,67.1428571428572,4,53.2910755048664
"cthm-01",16,2004,56.4285714285715,4,51.5798730382682
"cthm-01",16,2005,56.4285714285715,4,53.1626068512179
"cthm-01",16,2006,56.4285714285714,4,54.0259162037358
"cthm-01",16,2007,56.4285714285713,4,53.7401873400183
"cthm-01",16,2008,56.4285714285713,4,53.0288821935711
"cthm-01",16,2009,56.4285714285713,4,52.7411124093985
"cthm-01",16,2010,56.4285714285713,4,52.7411124093985
"cthm-01",16,2011,56.4285714285713,4,53.1727670856575
"cthm-01",16,2012,56.4285714285713,4,53.1727670856575
"cthm-01",16,2013,56.4285714285713,4,53.1727670856575
"cthm-01",16,2014,56.4285714285713,4,52.8849973014848
"cthm-01",16,2015,56.4285714285713,4,52.595142229021
"cthm-01",16,2016,56.4285714285713,4,52.3052871565573
"cthm-01",16,2017,56.4285714285713,4,52.3052871565573
"cthm-01",16,2018,56.4285714285713,4,52.3052871565573
"cthm-01",16,2019,56.4285714285713,4,52.3052871565573
"cthm-01",16,2020,56.4285714285713,4,51.8725898361527
"cthm-01",16,2021,56.4285714285713,4,52.0164747282391
"cthm-01",16,2022,56.4285714285713,4,51.582734763689
"cthm-01",16,2023,55,4,50.862237869279
"cthm-01",16,2024,55,4,50.862237869279
"cthm-01",16,2025,55,4,51.0061227613654
"cthm-01",17,1999,42.4460431654676,4,55.0167558301713
"cthm-01",17,2000,41.0071942446043,4,54.7289860459987
"cthm-01",17,2001,42.4460431654676,4,55.0167558301713
"cthm-01",17,2002,43.884892086331,4,54.2921032540956
"cthm-01",17,2003,44.6043165467626,4,53.2910755048664
"cthm-01",17,2004,46.7625899280576,4,51.5798730382682
"cthm-01",17,2005,54.6762589928057,4,53.1626068512179
"cthm-01",17,2006,58.9928057553957,4,54.0259162037358
"cthm-01",17,2007,58.2733812949641,4,53.7401873400183
"cthm-01",17,2008,59.7122302158274,4,53.0288821935711
"cthm-01",17,2009,58.2733812949641,4,52.7411124093985
"cthm-01",17,2010,58.2733812949641,4,52.7411124093985
"cthm-01",17,2011,60.431654676259,4,53.1727670856575
"cthm-01",17,2012,60.431654676259,4,53.1727670856575
"cthm-01",17,2013,60.431654676259,4,53.1727670856575
"cthm-01",17,2014,58.9928057553957,4,52.8849973014848
"cthm-01",17,2015,58.9928057553957,4,52.595142229021
"cthm-01",17,2016,58.9928057553957,4,52.3052871565573
"cthm-01",17,2017,58.9928057553957,4,52.3052871565573
"cthm-01",17,2018,58.9928057553957,4,52.3052871565573
"cthm-01",17,2019,58.9928057553957,4,52.3052871565573
"cthm-01",17,2020,57.5539568345324,4,51.8725898361527
"cthm-01",17,2021,58.273381294964,4,52.0164747282391
"cthm-01",17,2022,57.5539568345324,4,51.582734763689
"cthm-01",17,2023,57.5539568345324,4,50.862237869279
"cthm-01",17,2024,57.5539568345324,4,50.862237869279
"cthm-01",17,2025,58.273381294964,4,51.0061227613654
"cthm-01",18,1999,46.3768115942029,4,55.0167558301713
"cthm-01",18,2000,46.3768115942029,4,54.7289860459987
"cthm-01",18,2001,46.3768115942029,4,55.0167558301713
"cthm-01",18,2002,42.0289855072463,4,54.2921032540956
"cthm-01",18,2003,42.0289855072463,4,53.2910755048664
"cthm-01",18,2004,42.0289855072463,4,51.5798730382682
"cthm-01",18,2005,42.0289855072463,4,53.1626068512179
"cthm-01",18,2006,42.0289855072463,4,54.0259162037358
"cthm-01",18,2007,42.0289855072463,4,53.7401873400183
"cthm-01",18,2008,40.5797101449275,4,53.0288821935711
"cthm-01",18,2009,40.5797101449275,4,52.7411124093985
"cthm-01",18,2010,40.5797101449275,4,52.7411124093985
"cthm-01",18,2011,40.5797101449275,4,53.1727670856575
"cthm-01",18,2012,40.5797101449275,4,53.1727670856575
"cthm-01",18,2013,40.5797101449275,4,53.1727670856575
"cthm-01",18,2014,40.5797101449275,4,52.8849973014848
"cthm-01",18,2015,39.1304347826086,4,52.595142229021
"cthm-01",18,2016,37.6811594202898,4,52.3052871565573
"cthm-01",18,2017,37.6811594202898,4,52.3052871565573
"cthm-01",18,2018,37.6811594202898,4,52.3052871565573
"cthm-01",18,2019,37.6811594202898,4,52.3052871565573
"cthm-01",18,2020,36.9565217391304,4,51.8725898361527
"cthm-01",18,2021,36.9565217391304,4,52.0164747282391
"cthm-01",18,2022,35.5072463768116,4,51.582734763689
"cthm-01",18,2023,33.3333333333333,4,50.862237869279
"cthm-01",18,2024,33.3333333333333,4,50.862237869279
"cthm-01",18,2025,33.3333333333333,4,51.0061227613654
"cthm-01",19,1999,68.7943262411348,4,55.0167558301713
"cthm-01",19,2000,68.7943262411348,4,54.7289860459987
"cthm-01",19,2001,68.7943262411348,4,55.0167558301713
"cthm-01",19,2002,68.7943262411348,4,54.2921032540956
"cthm-01",19,2003,68.7943262411348,4,53.2910755048664
"cthm-01",19,2004,68.7943262411348,4,51.5798730382682
"cthm-01",19,2005,68.7943262411348,4,53.1626068512179
"cthm-01",19,2006,68.7943262411348,4,54.0259162037358
"cthm-01",19,2007,68.0851063829787,4,53.7401873400183
"cthm-01",19,2008,64.5390070921986,4,53.0288821935711
"cthm-01",19,2009,64.5390070921986,4,52.7411124093985
"cthm-01",19,2010,64.5390070921986,4,52.7411124093985
"cthm-01",19,2011,64.5390070921986,4,53.1727670856575
"cthm-01",19,2012,64.5390070921986,4,53.1727670856575
"cthm-01",19,2013,64.5390070921986,4,53.1727670856575
"cthm-01",19,2014,64.5390070921986,4,52.8849973014848
"cthm-01",19,2015,64.5390070921986,4,52.595142229021
"cthm-01",19,2016,64.5390070921986,4,52.3052871565573
"cthm-01",19,2017,64.5390070921986,4,52.3052871565573
"cthm-01",19,2018,64.5390070921986,4,52.3052871565573
"cthm-01",19,2019,64.5390070921986,4,52.3052871565573
"cthm-01",19,2020,64.5390070921986,4,51.8725898361527
"cthm-01",19,2021,64.5390070921986,4,52.0164747282391
"cthm-01",19,2022,64.5390070921986,4,51.582734763689
"cthm-01",19,2023,64.5390070921986,4,50.862237869279
"cthm-01",19,2024,64.5390070921986,4,50.862237869279
"cthm-01",19,2025,64.5390070921986,4,51.0061227613654
"cthm-01",20,1999,45.3237410071942,4,55.0167558301713
"cthm-01",20,2000,45.3237410071942,4,54.7289860459987
"cthm-01",20,2001,45.3237410071942,4,55.0167558301713
"cthm-01",20,2002,45.3237410071943,4,54.2921032540956
"cthm-01",20,2003,43.8848920863309,4,53.2910755048664
"cthm-01",20,2004,43.8848920863309,4,51.5798730382682
"cthm-01",20,2005,43.8848920863309,4,53.1626068512179
"cthm-01",20,2006,43.8848920863309,4,54.0259162037358
"cthm-01",20,2007,43.884892086331,4,53.7401873400183
"cthm-01",20,2008,43.884892086331,4,53.0288821935711
"cthm-01",20,2009,43.884892086331,4,52.7411124093985
"cthm-01",20,2010,43.884892086331,4,52.7411124093985
"cthm-01",20,2011,43.884892086331,4,53.1727670856575
"cthm-01",20,2012,43.884892086331,4,53.1727670856575
"cthm-01",20,2013,43.884892086331,4,53.1727670856575
"cthm-01",20,2014,43.884892086331,4,52.8849973014848
"cthm-01",20,2015,43.884892086331,4,52.595142229021
"cthm-01",20,2016,43.884892086331,4,52.3052871565573
"cthm-01",20,2017,43.884892086331,4,52.3052871565573
"cthm-01",20,2018,43.884892086331,4,52.3052871565573
"cthm-01",20,2019,43.884892086331,4,52.3052871565573
"cthm-01",20,2020,43.884892086331,4,51.8725898361527
"cthm-01",20,2021,43.884892086331,4,52.0164747282391
"cthm-01",20,2022,43.884892086331,4,51.582734763689
"cthm-01",20,2023,43.884892086331,4,50.862237869279
"cthm-01",20,2024,43.884892086331,4,50.862237869279
"cthm-01",20,2025,43.884892086331,4,51.0061227613654
"cthm-02",1,1999,66.1870503597122,1,73.2229878245475
"cthm-02",1,2000,66.1870503597122,1,73.2229878245475
"cthm-02",1,2001,66.1870503597122,1,68.6492130591668
"cthm-02",1,2002,66.1870503597122,1,67.0029669694901
"cthm-02",1,2003,66.1870503597122,1,66.4516113907623
"cthm-02",1,2004,66.1870503597122,1,66.2691296389374
"cthm-02",1,2005,66.1870503597122,1,66.0827375638592
"cthm-02",1,2006,65.4676258992806,1,65.9028814487513
"cthm-02",1,2007,65.4676258992806,1,65.9028814487513
"cthm-02",1,2008,65.4676258992806,1,65.9028814487513
"cthm-02",1,2009,65.4676258992806,1,65.9028814487513
"cthm-02",1,2010,65.4676258992806,1,65.9028814487513
"cthm-02",1,2011,65.4676258992806,1,56.5963121056856
"cthm-02",1,2012,65.4676258992806,1,56.5963121056856
"cthm-02",1,2013,65.4676258992806,1,56.5963121056856
"cthm-02",1,2014,65.4676258992805,1,56.5963121056856
"cthm-02",1,2015,65.4676258992805,1,56.5963121056856
"cthm-02",1,2016,64.7482014388489,1,56.4164559905777
"cthm-02",1,2017,64.7482014388489,1,56.4164559905777
"cthm-02",1,2018,59.7122302158274,1,55.1574631848223
"cthm-02",1,2019,59.7122302158274,1,55.1574631848223
"cthm-02",1,2020,57.5539568345324,1,54.6178948394986
"cthm-02",1,2021,56.8345323741007,1,54.4380387243906
"cthm-02",1,2022,56.1151079136691,1,54.2581826092827
"cthm-02",1,2023,56.1151079136691,1,54.2581826092827
"cthm-02",1,2024,56.8345323741007,1,54.4380387243906
"cthm-02",1,2025,57.5539568345324,1,54.6178948394986
"cthm-02",2,1999,79.2857142857143,1,73.2229878245475
"cthm-02",2,2000,79.2857142857143,1,73.2229878245475
"cthm-02",2,2001,81.4285714285714,1,68.6492130591668
"cthm-02",2,2002,82.1428571428572,1,67.0029669694901
"cthm-02",2,2003,82.8571428571429,1,66.4516113907623
"cthm-02",2,2004,82.8571428571429,1,66.2691296389374
"cthm-02",2,2005,83.5714285714286,1,66.0827375638592
"cthm-02",2,2006,83.5714285714286,1,65.9028814487513
"cthm-02",2,2007,83.5714285714286,1,65.9028814487513
"cthm-02",2,2008,83.5714285714286,1,65.9028814487513
"cthm-02",2,2009,83.5714285714286,1,65.9028814487513
"cthm-02",2,2010,83.5714285714286,1,65.9028814487513
"cthm-02",2,2011,83.5714285714286,1,56.5963121056856
"cthm-02",2,2012,83.5714285714286,1,56.5963121056856
"cthm-02",2,2013,83.5714285714286,1,56.5963121056856
"cthm-02",2,2014,83.5714285714286,1,56.5963121056856
"cthm-02",2,2015,83.5714285714286,1,56.5963121056856
"cthm-02",2,2016,83.5714285714286,1,56.4164559905777
"cthm-02",2,2017,83.5714285714286,1,56.4164559905777
"cthm-02",2,2018,83.5714285714286,1,55.1574631848223
"cthm-02",2,2019,83.5714285714286,1,55.1574631848223
"cthm-02",2,2020,83.5714285714286,1,54.6178948394986
"cthm-02",2,2021,83.5714285714286,1,54.4380387243906
"cthm-02",2,2022,83.5714285714286,1,54.2581826092827
"cthm-02",2,2023,83.5714285714286,1,54.2581826092827
"cthm-02",2,2024,83.5714285714286,1,54.4380387243906
"cthm-02",2,2025,83.5714285714286,1,54.6178948394986
"cthm-02",3,1999,67.8571428571428,1,73.2229878245475
"cthm-02",3,2000,67.8571428571428,1,73.2229878245475
"cthm-02",3,2001,67.8571428571428,1,68.6492130591668
"cthm-02",3,2002,67.8571428571428,1,67.0029669694901
"cthm-02",3,2003,67.8571428571428,1,66.4516113907623
"cthm-02",3,2004,67.8571428571428,1,66.2691296389374
"cthm-02",3,2005,67.8571428571428,1,66.0827375638592
"cthm-02",3,2006,67.8571428571428,1,65.9028814487513
"cthm-02",3,2007,67.8571428571428,1,65.9028814487513
"cthm-02",3,2008,67.8571428571428,1,65.9028814487513
"cthm-02",3,2009,67.8571428571428,1,65.9028814487513
"cthm-02",3,2010,67.8571428571428,1,65.9028814487513
"cthm-02",3,2011,67.8571428571428,1,56.5963121056856
"cthm-02",3,2012,67.8571428571428,1,56.5963121056856
"cthm-02",3,2013,67.8571428571428,1,56.5963121056856
"cthm-02",3,2014,67.8571428571428,1,56.5963121056856
"cthm-02",3,2015,67.8571428571428,1,56.5963121056856
"cthm-02",3,2016,67.8571428571428,1,56.4164559905777
"cthm-02",3,2017,67.8571428571428,1,56.4164559905777
"cthm-02",3,2018,67.8571428571428,1,55.1574631848223
"cthm-02",3,2019,67.8571428571428,1,55.1574631848223
"cthm-02",3,2020,67.8571428571428,1,54.6178948394986
"cthm-02",3,2021,67.8571428571428,1,54.4380387243906
"cthm-02",3,2022,67.8571428571428,1,54.2581826092827
"cthm-02",3,2023,67.8571428571428,1,54.2581826092827
"cthm-02",3,2024,67.8571428571428,1,54.4380387243906
"cthm-02",3,2025,67.8571428571428,1,54.6178948394986
"cthm-02",5,1999,79.5620437956205,1,73.2229878245475
"cthm-02",5,2000,79.5620437956205,1,73.2229878245475
"cthm-02",5,2001,59.1240875912409,1,68.6492130591668
"cthm-02",5,2002,51.8248175182481,1,67.0029669694901
"cthm-02",5,2003,48.9051094890511,1,66.4516113907623
"cthm-02",5,2004,48.1751824817519,1,66.2691296389374
"cthm-02",5,2005,46.7153284671533,1,66.0827375638592
"cthm-02",5,2006,46.7153284671533,1,65.9028814487513
"cthm-02",5,2007,46.7153284671533,1,65.9028814487513
"cthm-02",5,2008,46.7153284671533,1,65.9028814487513
"cthm-02",5,2009,46.7153284671533,1,65.9028814487513
"cthm-02",5,2010,46.7153284671533,1,65.9028814487513
"cthm-02",5,2011,9.48905109489051,1,56.5963121056856
"cthm-02",5,2012,9.48905109489051,1,56.5963121056856
"cthm-02",5,2013,9.48905109489051,1,56.5963121056856
"cthm-02",5,2014,9.48905109489051,1,56.5963121056856
"cthm-02",5,2015,9.48905109489051,1,56.5963121056856
"cthm-02",5,2016,9.48905109489051,1,56.4164559905777
"cthm-02",5,2017,9.48905109489051,1,56.4164559905777
"cthm-02",5,2018,9.48905109489051,1,55.1574631848223
"cthm-02",5,2019,9.48905109489051,1,55.1574631848223
"cthm-02",5,2020,9.48905109489051,1,54.6178948394986
"cthm-02",5,2021,9.48905109489051,1,54.4380387243906
"cthm-02",5,2022,9.48905109489051,1,54.2581826092827
"cthm-02",5,2023,9.48905109489051,1,54.2581826092827
"cthm-02",5,2024,9.48905109489051,1,54.4380387243906
"cthm-02",5,2025,9.48905109489051,1,54.6178948394986
"cthm-02",6,1999,22.2222222222222,2,43.6692832069748
"cthm-02",6,2000,22.2222222222222,2,43.8142107432067
"cthm-02",6,2001,19.4444444444444,2,42.9708854034785
"cthm-02",6,2002,19.4444444444444,2,39.3994568320499
"cthm-02",6,2003,19.4444444444444,2,38.9678021557909
"cthm-02",6,2004,18.75,2,38.3982863398722
"cthm-02",6,2005,18.75,2,38.1084461623248
"cthm-02",6,2006,17.3611111111112,2,37.8327387779218
"cthm-02",6,2007,16.6666666666667,2,38.2673488538362
"cthm-02",6,2008,16.6666666666667,2,37.2673488538362
"cthm-02",6,2009,16.6666666666667,2,37.2673488538362
"cthm-02",6,2010,16.6666666666667,2,37.4122763900681
"cthm-02",6,2011,15.2777777777778,2,36.990613720204
"cthm-02",6,2012,13.8888888888889,2,36.7128359424262
"cthm-02",6,2013,13.8888888888889,2,36.7128359424262
"cthm-02",6,2014,13.8888888888889,2,36.2842645138548
"cthm-02",6,2015,13.8888888888889,2,36.2842645138548
"cthm-02",6,2016,13.8888888888889,2,36.4281494059411
"cthm-02",6,2017,13.8888888888889,2,36.5720342980274
"cthm-02",6,2018,13.8888888888889,2,36.5720342980274
"cthm-02",6,2019,13.8888888888889,2,36.7148914408846
"cthm-02",6,2020,13.8888888888889,2,37.0006057265989
"cthm-02",6,2021,13.8888888888889,2,37.2863200123131
"cthm-02",6,2022,13.8888888888889,2,37.4291771551703
"cthm-02",6,2023,13.8888888888889,2,37.4291771551703
"cthm-02",6,2024,13.8888888888889,2,37.5720342980274
"cthm-02",6,2025,13.8888888888889,2,37.5699639046527
"cthm-02",7,1999,37.410071942446,2,43.6692832069748
"cthm-02",7,2000,37.410071942446,2,43.8142107432067
"cthm-02",7,2001,36.6906474820144,2,42.9708854034785
"cthm-02",7,2002,36.6906474820144,2,39.3994568320499
"cthm-02",7,2003,34.5323741007195,2,38.9678021557909
"cthm-02",7,2004,33.0935251798561,2,38.3982863398722
"cthm-02",7,2005,33.0935251798561,2,38.1084461623248
"cthm-02",7,2006,33.0935251798561,2,37.8327387779218
"cthm-02",7,2007,33.0935251798561,2,38.2673488538362
"cthm-02",7,2008,33.0935251798561,2,37.2673488538362
"cthm-02",7,2009,33.0935251798561,2,37.2673488538362
"cthm-02",7,2010,33.0935251798561,2,37.4122763900681
"cthm-02",7,2011,32.3741007194245,2,36.990613720204
"cthm-02",7,2012,32.3741007194245,2,36.7128359424262
"cthm-02",7,2013,32.3741007194245,2,36.7128359424262
"cthm-02",7,2014,32.3741007194245,2,36.2842645138548
"cthm-02",7,2015,32.3741007194245,2,36.2842645138548
"cthm-02",7,2016,33.0935251798561,2,36.4281494059411
"cthm-02",7,2017,33.8129496402878,2,36.5720342980274
"cthm-02",7,2018,33.8129496402878,2,36.5720342980274
"cthm-02",7,2019,33.8129496402878,2,36.7148914408846
"cthm-02",7,2020,33.8129496402878,2,37.0006057265989
"cthm-02",7,2021,33.8129496402878,2,37.2863200123131
"cthm-02",7,2022,33.8129496402878,2,37.4291771551703
"cthm-02",7,2023,33.8129496402878,2,37.4291771551703
"cthm-02",7,2024,33.8129496402878,2,37.5720342980274
"cthm-02",7,2025,33.8129496402878,2,37.5699639046527
"cthm-02",8,1999,43.1654676258993,2,43.6692832069748
"cthm-02",8,2000,43.1654676258993,2,43.8142107432067
"cthm-02",8,2001,42.4460431654677,2,42.9708854034785
"cthm-02",8,2002,42.4460431654677,2,39.3994568320499
"cthm-02",8,2003,42.4460431654677,2,38.9678021557909
"cthm-02",8,2004,42.4460431654677,2,38.3982863398722
"cthm-02",8,2005,41.0071942446044,2,38.1084461623248
"cthm-02",8,2006,41.0071942446044,2,37.8327387779218
"cthm-02",8,2007,41.0071942446044,2,38.2673488538362
"cthm-02",8,2008,41.0071942446044,2,37.2673488538362
"cthm-02",8,2009,41.0071942446044,2,37.2673488538362
"cthm-02",8,2010,41.0071942446044,2,37.4122763900681
"cthm-02",8,2011,41.0071942446044,2,36.990613720204
"cthm-02",8,2012,41.0071942446044,2,36.7128359424262
"cthm-02",8,2013,41.0071942446044,2,36.7128359424262
"cthm-02",8,2014,41.0071942446044,2,36.2842645138548
"cthm-02",8,2015,41.0071942446044,2,36.2842645138548
"cthm-02",8,2016,41.0071942446044,2,36.4281494059411
"cthm-02",8,2017,41.0071942446044,2,36.5720342980274
"cthm-02",8,2018,41.0071942446044,2,36.5720342980274
"cthm-02",8,2019,41.0071942446044,2,36.7148914408846
"cthm-02",8,2020,41.0071942446044,2,37.0006057265989
"cthm-02",8,2021,41.0071942446044,2,37.2863200123131
"cthm-02",8,2022,41.0071942446044,2,37.4291771551703
"cthm-02",8,2023,41.0071942446044,2,37.4291771551703
"cthm-02",8,2024,41.0071942446044,2,37.5720342980274
"cthm-02",8,2025,41.0071942446044,2,37.5699639046527
"cthm-02",9,1999,38.4057971014492,2,43.6692832069748
"cthm-02",9,2000,39.1304347826086,2,43.8142107432067
"cthm-02",9,2001,39.1304347826086,2,42.9708854034785
"cthm-02",9,2002,39.1304347826086,2,39.3994568320499
"cthm-02",9,2003,39.1304347826086,2,38.9678021557909
"cthm-02",9,2004,39.1304347826086,2,38.3982863398722
"cthm-02",9,2005,38.4057971014492,2,38.1084461623248
"cthm-02",9,2006,39.1304347826086,2,37.8327387779218
"cthm-02",9,2007,39.855072463768,2,38.2673488538362
"cthm-02",9,2008,39.855072463768,2,37.2673488538362
"cthm-02",9,2009,39.855072463768,2,37.2673488538362
"cthm-02",9,2010,40.5797101449275,2,37.4122763900681
"cthm-02",9,2011,40.5797101449275,2,36.990613720204
"cthm-02",9,2012,40.5797101449275,2,36.7128359424262
"cthm-02",9,2013,40.5797101449275,2,36.7128359424262
"cthm-02",9,2014,40.5797101449275,2,36.2842645138548
"cthm-02",9,2015,40.5797101449275,2,36.2842645138548
"cthm-02",9,2016,40.5797101449275,2,36.4281494059411
"cthm-02",9,2017,40.5797101449275,2,36.5720342980274
"cthm-02",9,2018,40.5797101449275,2,36.5720342980274
"cthm-02",9,2019,40.5797101449275,2,36.7148914408846
"cthm-02",9,2020,40.5797101449275,2,37.0006057265989
"cthm-02",9,2021,40.5797101449275,2,37.2863200123131
"cthm-02",9,2022,40.5797101449275,2,37.4291771551703
"cthm-02",9,2023,40.5797101449275,2,37.4291771551703
"cthm-02",9,2024,40.5797101449275,2,37.5720342980274
"cthm-02",9,2025,39.8550724637681,2,37.5699639046527
"cthm-02",10,1999,77.1428571428571,2,43.6692832069748
"cthm-02",10,2000,77.1428571428571,2,43.8142107432067
"cthm-02",10,2001,77.1428571428571,2,42.9708854034785
"cthm-02",10,2002,59.2857142857142,2,39.3994568320499
"cthm-02",10,2003,59.2857142857142,2,38.9678021557909
"cthm-02",10,2004,58.5714285714285,2,38.3982863398722
"cthm-02",10,2005,59.2857142857142,2,38.1084461623248
"cthm-02",10,2006,58.5714285714285,2,37.8327387779218
"cthm-02",10,2007,60.7142857142857,2,38.2673488538362
"cthm-02",10,2008,55.7142857142857,2,37.2673488538362
"cthm-02",10,2009,55.7142857142857,2,37.2673488538362
"cthm-02",10,2010,55.7142857142857,2,37.4122763900681
"cthm-02",10,2011,55.7142857142857,2,36.990613720204
"cthm-02",10,2012,55.7142857142857,2,36.7128359424262
"cthm-02",10,2013,55.7142857142857,2,36.7128359424262
"cthm-02",10,2014,53.5714285714286,2,36.2842645138548
"cthm-02",10,2015,53.5714285714286,2,36.2842645138548
"cthm-02",10,2016,53.5714285714286,2,36.4281494059411
"cthm-02",10,2017,53.5714285714286,2,36.5720342980274
"cthm-02",10,2018,53.5714285714286,2,36.5720342980274
"cthm-02",10,2019,54.2857142857143,2,36.7148914408846
"cthm-02",10,2020,55.7142857142857,2,37.0006057265989
"cthm-02",10,2021,57.1428571428571,2,37.2863200123131
"cthm-02",10,2022,57.8571428571428,2,37.4291771551703
"cthm-02",10,2023,57.8571428571428,2,37.4291771551703
"cthm-02",10,2024,58.5714285714285,2,37.5720342980274
"cthm-02",10,2025,59.2857142857143,2,37.5699639046527
"cthm-02",11,1999,69.3430656934307,3,72.8016158048761
"cthm-02",11,2000,69.3430656934307,3,72.8016158048762
"cthm-02",11,2001,69.3430656934307,3,72.0852745921321
"cthm-02",11,2002,69.3430656934307,3,72.3730592712211
"cthm-02",11,2003,67.8832116788321,3,71.7933037892123
"cthm-02",11,2004,67.8832116788321,3,72.2218752177838
"cthm-02",11,2005,67.8832116788321,3,72.0769476815519
"cthm-02",11,2006,67.8832116788321,3,71.5055191101233
"cthm-02",11,2007,67.1532846715329,3,68.2166765658064
"cthm-02",11,2008,64.963503649635,3,67.6358632185696
"cthm-02",11,2009,64.963503649635,3,67.7787203614268
"cthm-02",11,2010,64.963503649635,3,67.7787203614268
"cthm-02",11,2011,64.963503649635,3,67.7787203614268
"cthm-02",11,2012,64.963503649635,3,67.6358632185696
"cthm-02",11,2013,64.963503649635,3,67.7807907548015
"cthm-02",11,2014,59.1240875912408,3,63.6066963629984
"cthm-02",11,2015,59.1240875912408,3,62.8944810420875
"cthm-02",11,2016,59.1240875912408,3,60.3096917306795
"cthm-02",11,2017,59.1240875912408,3,56.0188386988192
"cthm-02",11,2018,59.1240875912408,3,55.8759815559621
"cthm-02",11,2019,59.8540145985401,3,56.0219669574219
"cthm-02",11,2020,62.0437956204379,3,56.4599231618015
"cthm-02",11,2021,64.963503649635,3,57.3306068025844
"cthm-02",11,2022,64.963503649635,3,57.6163210882987
"cthm-02",11,2023,64.963503649635,3,58.3316345518136
"cthm-02",11,2024,64.963503649635,3,60.3460230410222
"cthm-02",11,2025,64.963503649635,3,61.7787054665104
"cthm-02",12,1999,59.4202898550725,3,72.8016158048761
"cthm-02",12,2000,59.4202898550725,3,72.8016158048762
"cthm-02",12,2001,59.4202898550725,3,72.0852745921321
"cthm-02",12,2002,60.1449275362319,3,72.3730592712211
"cthm-02",12,2003,59.4202898550725,3,71.7933037892123
"cthm-02",12,2004,59.4202898550725,3,72.2218752177838
"cthm-02",12,2005,58.6956521739131,3,72.0769476815519
"cthm-02",12,2006,58.6956521739131,3,71.5055191101233
"cthm-02",12,2007,58.6956521739131,3,68.2166765658064
"cthm-02",12,2008,58.6956521739131,3,67.6358632185696
"cthm-02",12,2009,58.6956521739131,3,67.7787203614268
"cthm-02",12,2010,58.6956521739131,3,67.7787203614268
"cthm-02",12,2011,58.6956521739131,3,67.7787203614268
"cthm-02",12,2012,58.6956521739131,3,67.6358632185696
"cthm-02",12,2013,59.4202898550725,3,67.7807907548015
"cthm-02",12,2014,57.2463768115942,3,63.6066963629984
"cthm-02",12,2015,57.9710144927536,3,62.8944810420875
"cthm-02",12,2016,57.9710144927536,3,60.3096917306795
"cthm-02",12,2017,57.9710144927536,3,56.0188386988192
"cthm-02",12,2018,57.9710144927536,3,55.8759815559621
"cthm-02",12,2019,57.9710144927536,3,56.0219669574219
"cthm-02",12,2020,57.9710144927536,3,56.4599231618015
"cthm-02",12,2021,57.9710144927536,3,57.3306068025844
"cthm-02",12,2022,57.9710144927536,3,57.6163210882987
"cthm-02",12,2023,57.9710144927536,3,58.3316345518136
"cthm-02",12,2024,57.9710144927536,3,60.3460230410222
"cthm-02",12,2025,57.9710144927536,3,61.7787054665104
"cthm-02",13,1999,81.159420289855,3,72.8016158048761
"cthm-02",13,2000,81.159420289855,3,72.8016158048762
"cthm-02",13,2001,81.159420289855,3,72.0852745921321
"cthm-02",13,2002,81.159420289855,3,72.3730592712211
"cthm-02",13,2003,81.159420289855,3,71.7933037892123
"cthm-02",13,2004,81.159420289855,3,72.2218752177838
"cthm-02",13,2005,81.159420289855,3,72.0769476815519
"cthm-02",13,2006,81.159420289855,3,71.5055191101233
"cthm-02",13,2007,81.159420289855,3,68.2166765658064
"cthm-02",13,2008,81.159420289855,3,67.6358632185696
"cthm-02",13,2009,81.159420289855,3,67.7787203614268
"cthm-02",13,2010,81.159420289855,3,67.7787203614268
"cthm-02",13,2011,81.159420289855,3,67.7787203614268
"cthm-02",13,2012,81.159420289855,3,67.6358632185696
"cthm-02",13,2013,81.159420289855,3,67.7807907548015
"cthm-02",13,2014,81.159420289855,3,63.6066963629984
"cthm-02",13,2015,81.159420289855,3,62.8944810420875
"cthm-02",13,2016,81.159420289855,3,60.3096917306795
"cthm-02",13,2017,81.159420289855,3,56.0188386988192
"cthm-02",13,2018,81.159420289855,3,55.8759815559621
"cthm-02",13,2019,81.159420289855,3,56.0219669574219
"cthm-02",13,2020,81.159420289855,3,56.4599231618015
"cthm-02",13,2021,81.159420289855,3,57.3306068025844
"cthm-02",13,2022,81.159420289855,3,57.6163210882987
"cthm-02",13,2023,81.159420289855,3,58.3316345518136
"cthm-02",13,2024,81.159420289855,3,60.3460230410222
"cthm-02",13,2025,81.159420289855,3,61.7787054665104
"cthm-02",14,1999,71.9424460431654,3,72.8016158048761
"cthm-02",14,2000,71.9424460431655,3,72.8016158048762
"cthm-02",14,2001,70.5035971223022,3,72.0852745921321
"cthm-02",14,2002,70.5035971223021,3,72.3730592712211
"cthm-02",14,2003,70.5035971223022,3,71.7933037892123
"cthm-02",14,2004,70.5035971223022,3,72.2218752177838
"cthm-02",14,2005,70.5035971223022,3,72.0769476815519
"cthm-02",14,2006,70.5035971223022,3,71.5055191101233
"cthm-02",14,2007,70.5035971223022,3,68.2166765658064
"cthm-02",14,2008,70.5035971223022,3,67.6358632185696
"cthm-02",14,2009,70.5035971223022,3,67.7787203614268
"cthm-02",14,2010,70.5035971223022,3,67.7787203614268
"cthm-02",14,2011,70.5035971223022,3,67.7787203614268
"cthm-02",14,2012,70.5035971223022,3,67.6358632185696
"cthm-02",14,2013,70.5035971223022,3,67.7807907548015
"cthm-02",14,2014,70.5035971223022,3,63.6066963629984
"cthm-02",14,2015,70.5035971223022,3,62.8944810420875
"cthm-02",14,2016,61.1510791366907,3,60.3096917306795
"cthm-02",14,2017,57.5539568345324,3,56.0188386988192
"cthm-02",14,2018,57.5539568345324,3,55.8759815559621
"cthm-02",14,2019,57.5539568345324,3,56.0219669574219
"cthm-02",14,2020,57.5539568345324,3,56.4599231618015
"cthm-02",14,2021,58.2733812949641,3,57.3306068025844
"cthm-02",14,2022,58.2733812949641,3,57.6163210882987
"cthm-02",14,2023,58.9928057553957,3,58.3316345518136
"cthm-02",14,2024,69.0647482014388,3,60.3460230410222
"cthm-02",14,2025,71.9424460431654,3,61.7787054665104
"cthm-02",15,1999,82.1428571428571,3,72.8016158048761
"cthm-02",15,2000,82.1428571428572,3,72.8016158048762
"cthm-02",15,2001,79.9999999999999,3,72.0852745921321
"cthm-02",15,2002,80.7142857142857,3,72.3730592712211
"cthm-02",15,2003,79.9999999999999,3,71.7933037892123
"cthm-02",15,2004,82.1428571428571,3,72.2218752177838
"cthm-02",15,2005,82.1428571428571,3,72.0769476815519
"cthm-02",15,2006,79.2857142857142,3,71.5055191101233
"cthm-02",15,2007,63.5714285714286,3,68.2166765658064
"cthm-02",15,2008,62.8571428571429,3,67.6358632185696
"cthm-02",15,2009,63.5714285714286,3,67.7787203614268
"cthm-02",15,2010,63.5714285714286,3,67.7787203614268
"cthm-02",15,2011,63.5714285714286,3,67.7787203614268
"cthm-02",15,2012,62.8571428571428,3,67.6358632185696
"cthm-02",15,2013,62.8571428571428,3,67.7807907548015
"cthm-02",15,2014,50,3,63.6066963629984
"cthm-02",15,2015,45.7142857142857,3,62.8944810420875
"cthm-02",15,2016,42.1428571428572,3,60.3096917306795
"cthm-02",15,2017,24.2857142857143,3,56.0188386988192
"cthm-02",15,2018,23.5714285714285,3,55.8759815559621
"cthm-02",15,2019,23.5714285714285,3,56.0219669574219
"cthm-02",15,2020,23.5714285714285,3,56.4599231618015
"cthm-02",15,2021,24.2857142857142,3,57.3306068025844
"cthm-02",15,2022,25.7142857142858,3,57.6163210882987
"cthm-02",15,2023,28.5714285714286,3,58.3316345518136
"cthm-02",15,2024,28.5714285714286,3,60.3460230410222
"cthm-02",15,2025,32.8571428571429,3,61.7787054665104
"cthm-02",16,1999,78.9855072463768,4,52.8866198966293
"cthm-02",16,2000,78.9855072463768,4,52.8866198966293
"cthm-02",16,2001,78.9855072463768,4,52.5978074683111
"cthm-02",16,2002,78.9855072463768,4,52.7416923603974
"cthm-02",16,2003,78.9855072463768,4,52.5978074683111
"cthm-02",16,2004,78.9855072463768,4,52.5978074683111
"cthm-02",16,2005,79.7101449275362,4,52.5998778616858
"cthm-02",16,2006,79.7101449275362,4,52.7437627537721
"cthm-02",16,2007,79.7101449275362,4,52.7437627537721
"cthm-02",16,2008,79.7101449275362,4,52.7437627537721
"cthm-02",16,2009,79.7101449275362,4,52.7437627537721
"cthm-02",16,2010,79.7101449275362,4,52.5988352175402
"cthm-02",16,2011,78.9855072463768,4,52.3110505384512
"cthm-02",16,2012,79.7101449275362,4,52.4559780746831
"cthm-02",16,2013,79.7101449275362,4,51.7313403935237
"cthm-02",16,2014,78.9855072463768,4,51.5864128572918
"cthm-02",16,2015,78.9855072463768,4,49.1403696918242
"cthm-02",16,2016,78.2608695652174,4,47.8443630189017
"cthm-02",16,2017,78.2608695652174,4,47.556593234729
"cthm-02",16,2018,78.2608695652174,4,47.556593234729
"cthm-02",16,2019,78.9855072463768,4,47.556593234729
"cthm-02",16,2020,78.9855072463768,4,47.2698511997855
"cthm-02",16,2021,78.9855072463768,4,47.2719066982439
"cthm-02",16,2022,78.9855072463768,4,48.8515125787569
"cthm-02",16,2023,78.9855072463768,4,50.1464766075338
"cthm-02",16,2024,72.4637681159421,4,48.9870414227624
"cthm-02",16,2025,73.1884057971015,4,48.9880691719916
"cthm-02",17,1999,69.2857142857143,4,52.8866198966293
"cthm-02",17,2000,69.2857142857143,4,52.8866198966293
"cthm-02",17,2001,69.2857142857143,4,52.5978074683111
"cthm-02",17,2002,69.2857142857143,4,52.7416923603974
"cthm-02",17,2003,69.2857142857143,4,52.5978074683111
"cthm-02",17,2004,69.2857142857143,4,52.5978074683111
"cthm-02",17,2005,68.5714285714286,4,52.5998778616858
"cthm-02",17,2006,68.5714285714286,4,52.7437627537721
"cthm-02",17,2007,68.5714285714286,4,52.7437627537721
"cthm-02",17,2008,68.5714285714286,4,52.7437627537721
"cthm-02",17,2009,68.5714285714286,4,52.7437627537721
"cthm-02",17,2010,68.5714285714286,4,52.5988352175402
"cthm-02",17,2011,67.8571428571429,4,52.3110505384512
"cthm-02",17,2012,67.8571428571429,4,52.4559780746831
"cthm-02",17,2013,67.8571428571429,4,51.7313403935237
"cthm-02",17,2014,67.8571428571429,4,51.5864128572918
"cthm-02",17,2015,67.8571428571429,4,49.1403696918242
"cthm-02",17,2016,67.8571428571429,4,47.8443630189017
"cthm-02",17,2017,67.8571428571429,4,47.556593234729
"cthm-02",17,2018,67.8571428571429,4,47.556593234729
"cthm-02",17,2019,67.8571428571429,4,47.556593234729
"cthm-02",17,2020,67.1428571428572,4,47.2698511997855
"cthm-02",17,2021,65.7142857142857,4,47.2719066982439
"cthm-02",17,2022,65.7142857142857,4,48.8515125787569
"cthm-02",17,2023,65.7142857142857,4,50.1464766075338
"cthm-02",17,2024,65,4,48.9870414227624
"cthm-02",17,2025,64.2857142857143,4,48.9880691719916
"cthm-02",18,1999,52.5179856115108,4,52.8866198966293
"cthm-02",18,2000,52.5179856115108,4,52.8866198966293
"cthm-02",18,2001,51.7985611510792,4,52.5978074683111
"cthm-02",18,2002,52.5179856115109,4,52.7416923603974
"cthm-02",18,2003,51.7985611510791,4,52.5978074683111
"cthm-02",18,2004,51.7985611510791,4,52.5978074683111
"cthm-02",18,2005,51.7985611510791,4,52.5998778616858
"cthm-02",18,2006,52.5179856115107,4,52.7437627537721
"cthm-02",18,2007,52.5179856115107,4,52.7437627537721
"cthm-02",18,2008,52.5179856115107,4,52.7437627537721
"cthm-02",18,2009,52.5179856115107,4,52.7437627537721
"cthm-02",18,2010,52.5179856115107,4,52.5988352175402
"cthm-02",18,2011,52.5179856115107,4,52.3110505384512
"cthm-02",18,2012,52.5179856115107,4,52.4559780746831
"cthm-02",18,2013,52.5179856115107,4,51.7313403935237
"cthm-02",18,2014,52.5179856115107,4,51.5864128572918
"cthm-02",18,2015,40.2877697841727,4,49.1403696918242
"cthm-02",18,2016,34.5323741007194,4,47.8443630189017
"cthm-02",18,2017,33.0935251798561,4,47.556593234729
"cthm-02",18,2018,33.0935251798561,4,47.556593234729
"cthm-02",18,2019,33.0935251798561,4,47.556593234729
"cthm-02",18,2020,32.3741007194244,4,47.2698511997855
"cthm-02",18,2021,33.8129496402877,4,47.2719066982439
"cthm-02",18,2022,43.884892086331,4,48.8515125787569
"cthm-02",18,2023,50.3597122302158,4,50.1464766075338
"cthm-02",18,2024,51.7985611510791,4,48.9870414227624
"cthm-02",18,2025,52.5179856115108,4,48.9880691719916
"cthm-02",19,1999,55.0724637681159,4,52.8866198966293
"cthm-02",19,2000,55.0724637681159,4,52.8866198966293
"cthm-02",19,2001,54.3478260869565,4,52.5978074683111
"cthm-02",19,2002,54.3478260869565,4,52.7416923603974
"cthm-02",19,2003,54.3478260869565,4,52.5978074683111
"cthm-02",19,2004,54.3478260869565,4,52.5978074683111
"cthm-02",19,2005,54.3478260869565,4,52.5998778616858
"cthm-02",19,2006,54.3478260869565,4,52.7437627537721
"cthm-02",19,2007,54.3478260869565,4,52.7437627537721
"cthm-02",19,2008,54.3478260869565,4,52.7437627537721
"cthm-02",19,2009,54.3478260869565,4,52.7437627537721
"cthm-02",19,2010,53.6231884057971,4,52.5988352175402
"cthm-02",19,2011,53.6231884057971,4,52.3110505384512
"cthm-02",19,2012,53.6231884057971,4,52.4559780746831
"cthm-02",19,2013,50,4,51.7313403935237
"cthm-02",19,2014,50,4,51.5864128572918
"cthm-02",19,2015,50,4,49.1403696918242
"cthm-02",19,2016,50,4,47.8443630189017
"cthm-02",19,2017,50,4,47.556593234729
"cthm-02",19,2018,50,4,47.556593234729
"cthm-02",19,2019,49.2753623188406,4,47.556593234729
"cthm-02",19,2020,49.2753623188406,4,47.2698511997855
"cthm-02",19,2021,49.2753623188406,4,47.2719066982439
"cthm-02",19,2022,47.1014492753623,4,48.8515125787569
"cthm-02",19,2023,47.1014492753623,4,50.1464766075338
"cthm-02",19,2024,47.1014492753623,4,48.9870414227624
"cthm-02",19,2025,46.3768115942028,4,48.9880691719916
"cthm-02",20,1999,8.57142857142857,4,52.8866198966293
"cthm-02",20,2000,8.57142857142857,4,52.8866198966293
"cthm-02",20,2001,8.57142857142857,4,52.5978074683111
"cthm-02",20,2002,8.57142857142857,4,52.7416923603974
"cthm-02",20,2003,8.57142857142857,4,52.5978074683111
"cthm-02",20,2004,8.57142857142857,4,52.5978074683111
"cthm-02",20,2005,8.57142857142857,4,52.5998778616858
"cthm-02",20,2006,8.57142857142857,4,52.7437627537721
"cthm-02",20,2007,8.57142857142857,4,52.7437627537721
"cthm-02",20,2008,8.57142857142857,4,52.7437627537721
"cthm-02",20,2009,8.57142857142857,4,52.7437627537721
"cthm-02",20,2010,8.57142857142857,4,52.5988352175402
"cthm-02",20,2011,8.57142857142857,4,52.3110505384512
"cthm-02",20,2012,8.57142857142857,4,52.4559780746831
"cthm-02",20,2013,8.57142857142857,4,51.7313403935237
"cthm-02",20,2014,8.57142857142857,4,51.5864128572918
"cthm-02",20,2015,8.57142857142857,4,49.1403696918242
"cthm-02",20,2016,8.57142857142857,4,47.8443630189017
"cthm-02",20,2017,8.57142857142857,4,47.556593234729
"cthm-02",20,2018,8.57142857142857,4,47.556593234729
"cthm-02",20,2019,8.57142857142857,4,47.556593234729
"cthm-02",20,2020,8.57142857142857,4,47.2698511997855
"cthm-02",20,2021,8.57142857142857,4,47.2719066982439
"cthm-02",20,2022,8.57142857142857,4,48.8515125787569
"cthm-02",20,2023,8.57142857142857,4,50.1464766075338
"cthm-02",20,2024,8.57142857142857,4,48.9870414227624
"cthm-02",20,2025,8.57142857142857,4,48.9880691719916
"cthm-03",1,1999,73.5714285714286,1,56.7629209319857
"cthm-03",1,2000,73.5714285714286,1,52.2484354175002
"cthm-03",1,2001,73.5714285714286,1,52.3953173125835
"cthm-03",1,2002,67.8571428571428,1,50.5521317211965
"cthm-03",1,2003,67.8571428571428,1,50.2784054474702
"cthm-03",1,2004,67.8571428571428,1,50.4182655873303
"cthm-03",1,2005,67.8571428571428,1,50.2784054474702
"cthm-03",1,2006,65.7142857142857,1,49.8467507712112
"cthm-03",1,2007,65.7142857142857,1,49.4568906313511
"cthm-03",1,2008,64.9999999999999,1,48.4757606502211
"cthm-03",1,2009,63.5714285714286,1,48.4778161486795
"cthm-03",1,2010,64.2857142857143,1,46.4623999102416
"cthm-03",1,2011,64.2857142857143,1,46.3185150181553
"cthm-03",1,2012,64.2857142857143,1,46.3185150181553
"cthm-03",1,2013,62.8571428571428,1,46.7322411800829
"cthm-03",1,2014,58.5714285714286,1,45.4534356530759
"cthm-03",1,2015,58.5714285714286,1,45.7412054372486
"cthm-03",1,2016,58.5714285714286,1,46.448582392827
"cthm-03",1,2017,58.5714285714286,1,46.5945227833717
"cthm-03",1,2018,58.5714285714286,1,47.8894868121487
"cthm-03",1,2019,58.5714285714286,1,48.1772565963214
"cthm-03",1,2020,58.5714285714286,1,48.6039152693829
"cthm-03",1,2021,55.7142857142857,1,48.3142327297004
"cthm-03",1,2022,55.7142857142857,1,48.8697882852559
"cthm-03",1,2023,57.1428571428571,1,49.1555025709702
"cthm-03",1,2024,57.1428571428571,1,49.1555025709702
"cthm-03",1,2025,57.1428571428571,1,47.9093875748552
"cthm-03",2,1999,65,1,56.7629209319857
"cthm-03",2,2000,55.7142857142858,1,52.2484354175002
"cthm-03",2,2001,56.4285714285715,1,52.3953173125835
"cthm-03",2,2002,57.1428571428572,1,50.5521317211965
"cthm-03",2,2003,58.5714285714286,1,50.2784054474702
"cthm-03",2,2004,58.5714285714286,1,50.4182655873303
"cthm-03",2,2005,58.5714285714286,1,50.2784054474702
"cthm-03",2,2006,60.7142857142857,1,49.8467507712112
"cthm-03",2,2007,65.7142857142857,1,49.4568906313511
"cthm-03",2,2008,65,1,48.4757606502211
"cthm-03",2,2009,65,1,48.4778161486795
"cthm-03",2,2010,65,1,46.4623999102416
"cthm-03",2,2011,65,1,46.3185150181553
"cthm-03",2,2012,65,1,46.3185150181553
"cthm-03",2,2013,65,1,46.7322411800829
"cthm-03",2,2014,65,1,45.4534356530759
"cthm-03",2,2015,65,1,45.7412054372486
"cthm-03",2,2016,66.4285714285715,1,46.448582392827
"cthm-03",2,2017,65,1,46.5945227833717
"cthm-03",2,2018,65,1,47.8894868121487
"cthm-03",2,2019,65,1,48.1772565963214
"cthm-03",2,2020,65,1,48.6039152693829
"cthm-03",2,2021,65.7142857142857,1,48.3142327297004
"cthm-03",2,2022,65.7142857142857,1,48.8697882852559
"cthm-03",2,2023,65.7142857142857,1,49.1555025709702
"cthm-03",2,2024,65.7142857142857,1,49.1555025709702
"cthm-03",2,2025,65.7142857142857,1,47.9093875748552
"cthm-03",3,1999,53.1468531468532,1,56.7629209319857
"cthm-03",3,2000,39.8601398601399,1,52.2484354175002
"cthm-03",3,2001,39.1608391608392,1,52.3953173125835
"cthm-03",3,2002,35.6643356643357,1,50.5521317211965
"cthm-03",3,2003,32.8671328671329,1,50.2784054474702
"cthm-03",3,2004,33.5664335664336,1,50.4182655873303
"cthm-03",3,2005,32.8671328671329,1,50.2784054474702
"cthm-03",3,2006,32.8671328671329,1,49.8467507712112
"cthm-03",3,2007,32.1678321678322,1,49.4568906313511
"cthm-03",3,2008,31.4685314685315,1,48.4757606502211
"cthm-03",3,2009,31.4685314685315,1,48.4778161486795
"cthm-03",3,2010,31.4685314685315,1,46.4623999102416
"cthm-03",3,2011,31.4685314685315,1,46.3185150181553
"cthm-03",3,2012,31.4685314685315,1,46.3185150181553
"cthm-03",3,2013,31.4685314685315,1,46.7322411800829
"cthm-03",3,2014,31.4685314685315,1,45.4534356530759
"cthm-03",3,2015,31.4685314685315,1,45.7412054372486
"cthm-03",3,2016,31.4685314685315,1,46.448582392827
"cthm-03",3,2017,31.4685314685315,1,46.5945227833717
"cthm-03",3,2018,31.4685314685315,1,47.8894868121487
"cthm-03",3,2019,31.4685314685315,1,48.1772565963214
"cthm-03",3,2020,31.4685314685315,1,48.6039152693829
"cthm-03",3,2021,31.4685314685315,1,48.3142327297004
"cthm-03",3,2022,31.4685314685315,1,48.8697882852559
"cthm-03",3,2023,31.4685314685315,1,49.1555025709702
"cthm-03",3,2024,31.4685314685315,1,49.1555025709702
"cthm-03",3,2025,34.2657342657343,1,47.9093875748552
"cthm-03",4,1999,59.7222222222222,1,56.7629209319857
"cthm-03",4,2000,59.7222222222222,1,52.2484354175002
"cthm-03",4,2001,59.7222222222222,1,52.3953173125835
"cthm-03",4,2002,59.7222222222222,1,50.5521317211965
"cthm-03",4,2003,59.7222222222222,1,50.2784054474702
"cthm-03",4,2004,59.7222222222222,1,50.4182655873303
"cthm-03",4,2005,59.7222222222222,1,50.2784054474702
"cthm-03",4,2006,59.7222222222222,1,49.8467507712112
"cthm-03",4,2007,53.4722222222222,1,49.4568906313511
"cthm-03",4,2008,50.6944444444444,1,48.4757606502211
"cthm-03",4,2009,50.6944444444444,1,48.4778161486795
"cthm-03",4,2010,50.6944444444444,1,46.4623999102416
"cthm-03",4,2011,50.6944444444444,1,46.3185150181553
"cthm-03",4,2012,50.6944444444444,1,46.3185150181553
"cthm-03",4,2013,53.4722222222222,1,46.7322411800829
"cthm-03",4,2014,52.0833333333333,1,45.4534356530759
"cthm-03",4,2015,52.0833333333333,1,45.7412054372486
"cthm-03",4,2016,53.4722222222222,1,46.448582392827
"cthm-03",4,2017,53.4722222222222,1,46.5945227833717
"cthm-03",4,2018,53.4722222222222,1,47.8894868121487
"cthm-03",4,2019,53.4722222222222,1,48.1772565963214
"cthm-03",4,2020,54.1666666666666,1,48.6039152693829
"cthm-03",4,2021,54.8611111111111,1,48.3142327297004
"cthm-03",4,2022,57.6388888888889,1,48.8697882852559
"cthm-03",4,2023,57.6388888888889,1,49.1555025709702
"cthm-03",4,2024,57.6388888888889,1,49.1555025709702
"cthm-03",4,2025,48.6111111111111,1,47.9093875748552
"cthm-03",5,1999,32.3741007194244,1,56.7629209319857
"cthm-03",5,2000,32.3741007194244,1,52.2484354175002
"cthm-03",5,2001,33.0935251798561,1,52.3953173125835
"cthm-03",5,2002,32.3741007194244,1,50.5521317211965
"cthm-03",5,2003,32.3741007194244,1,50.2784054474702
"cthm-03",5,2004,32.3741007194244,1,50.4182655873303
"cthm-03",5,2005,32.3741007194244,1,50.2784054474702
"cthm-03",5,2006,30.2158273381295,1,49.8467507712112
"cthm-03",5,2007,30.2158273381295,1,49.4568906313511
"cthm-03",5,2008,30.2158273381295,1,48.4757606502211
"cthm-03",5,2009,31.6546762589928,1,48.4778161486795
"cthm-03",5,2010,20.8633093525179,1,46.4623999102416
"cthm-03",5,2011,20.1438848920863,1,46.3185150181553
"cthm-03",5,2012,20.1438848920863,1,46.3185150181553
"cthm-03",5,2013,20.8633093525179,1,46.7322411800829
"cthm-03",5,2014,20.1438848920863,1,45.4534356530759
"cthm-03",5,2015,21.5827338129496,1,45.7412054372486
"cthm-03",5,2016,22.3021582733813,1,46.448582392827
"cthm-03",5,2017,24.4604316546762,1,46.5945227833717
"cthm-03",5,2018,30.9352517985611,1,47.8894868121487
"cthm-03",5,2019,32.3741007194244,1,48.1772565963214
"cthm-03",5,2020,33.8129496402877,1,48.6039152693829
"cthm-03",5,2021,33.8129496402877,1,48.3142327297004
"cthm-03",5,2022,33.8129496402877,1,48.8697882852559
"cthm-03",5,2023,33.8129496402878,1,49.1555025709702
"cthm-03",5,2024,33.8129496402878,1,49.1555025709702
"cthm-03",5,2025,33.8129496402878,1,47.9093875748552
"cthm-03",6,1999,71.9424460431655,2,51.6002055498458
"cthm-03",6,2000,71.9424460431655,2,51.0246659815005
"cthm-03",6,2001,71.9424460431655,2,51.7410071942446
"cthm-03",6,2002,71.9424460431655,2,52.0267214799589
"cthm-03",6,2003,71.9424460431655,2,52.0267214799589
"cthm-03",6,2004,71.9424460431655,2,50.4552929085303
"cthm-03",6,2005,71.9424460431655,2,51.5981500513874
"cthm-03",6,2006,71.9424460431655,2,53.7451181911614
"cthm-03",6,2007,71.2230215827338,2,54.1736896197328
"cthm-03",6,2008,71.2230215827338,2,52.1603288797533
"cthm-03",6,2009,71.2230215827338,2,49.7338129496403
"cthm-03",6,2010,71.2230215827338,2,50.1654676258993
"cthm-03",6,2011,71.2230215827338,2,50.0226104830421
"cthm-03",6,2012,71.2230215827338,2,50.3093525179856
"cthm-03",6,2013,71.2230215827338,2,50.7410071942446
"cthm-03",6,2014,71.2230215827338,2,47
"cthm-03",6,2015,71.2230215827338,2,47.2877697841727
"cthm-03",6,2016,71.2230215827338,2,47.7194244604317
"cthm-03",6,2017,71.2230215827338,2,47.863309352518
"cthm-03",6,2018,71.2230215827338,2,48.0071942446043
"cthm-03",6,2019,71.2230215827338,2,48.1500513874615
"cthm-03",6,2020,71.2230215827338,2,49.4439876670092
"cthm-03",6,2021,71.2230215827338,2,47.7533401849948
"cthm-03",6,2022,71.2230215827338,2,43.754367934224
"cthm-03",6,2023,71.2230215827338,2,43.754367934224
"cthm-03",6,2024,71.2230215827338,2,44.0421377183967
"cthm-03",6,2025,71.2230215827338,2,44.1849948612539
"cthm-03",7,1999,17.1428571428571,2,51.6002055498458
"cthm-03",7,2000,17.1428571428571,2,51.0246659815005
"cthm-03",7,2001,17.1428571428571,2,51.7410071942446
"cthm-03",7,2002,17.1428571428571,2,52.0267214799589
"cthm-03",7,2003,17.1428571428571,2,52.0267214799589
"cthm-03",7,2004,9.28571428571428,2,50.4552929085303
"cthm-03",7,2005,9.28571428571428,2,51.5981500513874
"cthm-03",7,2006,9.28571428571428,2,53.7451181911614
"cthm-03",7,2007,9.28571428571428,2,54.1736896197328
"cthm-03",7,2008,9.28571428571428,2,52.1603288797533
"cthm-03",7,2009,9.28571428571428,2,49.7338129496403
"cthm-03",7,2010,9.28571428571428,2,50.1654676258993
"cthm-03",7,2011,9.28571428571428,2,50.0226104830421
"cthm-03",7,2012,9.28571428571428,2,50.3093525179856
"cthm-03",7,2013,9.28571428571428,2,50.7410071942446
"cthm-03",7,2014,9.28571428571428,2,47
"cthm-03",7,2015,9.28571428571428,2,47.2877697841727
"cthm-03",7,2016,9.28571428571428,2,47.7194244604317
"cthm-03",7,2017,9.28571428571428,2,47.863309352518
"cthm-03",7,2018,9.28571428571428,2,48.0071942446043
"cthm-03",7,2019,9.28571428571428,2,48.1500513874615
"cthm-03",7,2020,9.28571428571428,2,49.4439876670092
"cthm-03",7,2021,9.28571428571428,2,47.7533401849948
"cthm-03",7,2022,9.28571428571428,2,43.754367934224
"cthm-03",7,2023,9.28571428571428,2,43.754367934224
"cthm-03",7,2024,9.28571428571428,2,44.0421377183967
"cthm-03",7,2025,9.28571428571428,2,44.1849948612539
"cthm-03",8,1999,56.4285714285714,2,51.6002055498458
"cthm-03",8,2000,56.4285714285714,2,51.0246659815005
"cthm-03",8,2001,56.4285714285714,2,51.7410071942446
"cthm-03",8,2002,56.4285714285714,2,52.0267214799589
"cthm-03",8,2003,56.4285714285714,2,52.0267214799589
"cthm-03",8,2004,56.4285714285714,2,50.4552929085303
"cthm-03",8,2005,56.4285714285714,2,51.5981500513874
"cthm-03",8,2006,53.5714285714285,2,53.7451181911614
"cthm-03",8,2007,54.2857142857142,2,54.1736896197328
"cthm-03",8,2008,53.5714285714285,2,52.1603288797533
"cthm-03",8,2009,40,2,49.7338129496403
"cthm-03",8,2010,40,2,50.1654676258993
"cthm-03",8,2011,39.2857142857142,2,50.0226104830421
"cthm-03",8,2012,40,2,50.3093525179856
"cthm-03",8,2013,40,2,50.7410071942446
"cthm-03",8,2014,40,2,47
"cthm-03",8,2015,40,2,47.2877697841727
"cthm-03",8,2016,40,2,47.7194244604317
"cthm-03",8,2017,40,2,47.863309352518
"cthm-03",8,2018,40,2,48.0071942446043
"cthm-03",8,2019,40.7142857142857,2,48.1500513874615
"cthm-03",8,2020,41.4285714285714,2,49.4439876670092
"cthm-03",8,2021,37.8571428571428,2,47.7533401849948
"cthm-03",8,2022,31.4285714285714,2,43.754367934224
"cthm-03",8,2023,31.4285714285714,2,43.754367934224
"cthm-03",8,2024,32.8571428571428,2,44.0421377183967
"cthm-03",8,2025,32.8571428571428,2,44.1849948612539
"cthm-03",9,1999,64.2857142857142,2,51.6002055498458
"cthm-03",9,2000,64.2857142857142,2,51.0246659815005
"cthm-03",9,2001,66.4285714285714,2,51.7410071942446
"cthm-03",9,2002,67.8571428571429,2,52.0267214799589
"cthm-03",9,2003,67.8571428571429,2,52.0267214799589
"cthm-03",9,2004,67.8571428571429,2,50.4552929085303
"cthm-03",9,2005,73.5714285714286,2,51.5981500513874
"cthm-03",9,2006,84.2857142857143,2,53.7451181911614
"cthm-03",9,2007,85.7142857142857,2,54.1736896197328
"cthm-03",9,2008,85.7142857142857,2,52.1603288797533
"cthm-03",9,2009,85.7142857142857,2,49.7338129496403
"cthm-03",9,2010,85.7142857142857,2,50.1654676258993
"cthm-03",9,2011,85.7142857142857,2,50.0226104830421
"cthm-03",9,2012,85.7142857142857,2,50.3093525179856
"cthm-03",9,2013,85.7142857142857,2,50.7410071942446
"cthm-03",9,2014,85.7142857142857,2,47
"cthm-03",9,2015,85.7142857142857,2,47.2877697841727
"cthm-03",9,2016,85.7142857142857,2,47.7194244604317
"cthm-03",9,2017,85.7142857142857,2,47.863309352518
"cthm-03",9,2018,85.7142857142857,2,48.0071942446043
"cthm-03",9,2019,85.7142857142857,2,48.1500513874615
"cthm-03",9,2020,85.7142857142857,2,49.4439876670092
"cthm-03",9,2021,64.2857142857143,2,47.7533401849948
"cthm-03",9,2022,50,2,43.754367934224
"cthm-03",9,2023,50,2,43.754367934224
"cthm-03",9,2024,48.5714285714286,2,44.0421377183967
"cthm-03",9,2025,49.2857142857143,2,44.1849948612539
"cthm-03",10,1999,48.2014388489208,2,51.6002055498458
"cthm-03",10,2000,45.3237410071942,2,51.0246659815005
"cthm-03",10,2001,46.7625899280575,2,51.7410071942446
"cthm-03",10,2002,46.7625899280575,2,52.0267214799589
"cthm-03",10,2003,46.7625899280575,2,52.0267214799589
"cthm-03",10,2004,46.7625899280575,2,50.4552929085303
"cthm-03",10,2005,46.7625899280575,2,51.5981500513874
"cthm-03",10,2006,49.6402877697842,2,53.7451181911614
"cthm-03",10,2007,50.3597122302159,2,54.1736896197328
"cthm-03",10,2008,41.0071942446043,2,52.1603288797533
"cthm-03",10,2009,42.4460431654677,2,49.7338129496403
"cthm-03",10,2010,44.6043165467626,2,50.1654676258993
"cthm-03",10,2011,44.6043165467626,2,50.0226104830421
"cthm-03",10,2012,45.3237410071942,2,50.3093525179856
"cthm-03",10,2013,47.4820143884892,2,50.7410071942446
"cthm-03",10,2014,28.7769784172662,2,47
"cthm-03",10,2015,30.2158273381295,2,47.2877697841727
"cthm-03",10,2016,32.3741007194245,2,47.7194244604317
"cthm-03",10,2017,33.0935251798561,2,47.863309352518
"cthm-03",10,2018,33.8129496402878,2,48.0071942446043
"cthm-03",10,2019,33.8129496402878,2,48.1500513874615
"cthm-03",10,2020,39.568345323741,2,49.4439876670092
"cthm-03",10,2021,56.1151079136691,2,47.7533401849948
"cthm-03",10,2022,56.8345323741007,2,43.754367934224
"cthm-03",10,2023,56.8345323741007,2,43.754367934224
"cthm-03",10,2024,58.2733812949641,2,44.0421377183967
"cthm-03",10,2025,58.2733812949641,2,44.1849948612539
"cthm-03",11,1999,76.8115942028985,3,75.3376528590792
"cthm-03",11,2000,76.8115942028985,3,75.3376528590792
"cthm-03",11,2001,76.8115942028985,3,76.0519385733649
"cthm-03",11,2002,76.8115942028985,3,76.0519385733649
"cthm-03",11,2003,76.8115942028985,3,76.0519385733649
"cthm-03",11,2004,76.0869565217391,3,75.7631261450467
"cthm-03",11,2005,75.3623188405797,3,75.7610557516719
"cthm-03",11,2006,75.3623188405797,3,75.7610557516719
"cthm-03",11,2007,75.3623188405797,3,75.6181986088148
"cthm-03",11,2008,75.3623188405797,3,73.6181986088148
"cthm-03",11,2009,75.3623188405797,3,73.4753414659577
"cthm-03",11,2010,75.3623188405797,3,73.4763692151868
"cthm-03",11,2011,75.3623188405797,3,73.4763692151868
"cthm-03",11,2012,75.3623188405797,3,73.4763692151868
"cthm-03",11,2013,74.6376811594203,3,73.1885845360978
"cthm-03",11,2014,73.9130434782609,3,73.3293712855802
"cthm-03",11,2015,73.9130434782609,3,73.043656999866
"cthm-03",11,2016,74.6376811594203,3,66.331441678955
"cthm-03",11,2017,74.6376811594203,3,63.7600131075264
"cthm-03",11,2018,55.0724637681159,3,53.8212758985358
"cthm-03",11,2019,10.8695652173913,3,33.178024040395
"cthm-03",11,2020,10.1449275362319,3,40.9290890269152
"cthm-03",11,2021,10.1449275362319,3,32.1728703993327
"cthm-03",11,2022,10.1449275362319,3,35.9046278505146
"cthm-03",11,2023,12.3188405797101,3,42.7225672877846
"cthm-03",11,2024,12.3188405797101,3,46.1154244306418
"cthm-03",11,2025,16.6666666666666,3,47.5595238095238
"cthm-03",12,1999,82.7338129496403,3,75.3376528590792
"cthm-03",12,2000,82.7338129496403,3,75.3376528590792
"cthm-03",12,2001,82.7338129496403,3,76.0519385733649
"cthm-03",12,2002,82.7338129496403,3,76.0519385733649
"cthm-03",12,2003,82.7338129496403,3,76.0519385733649
"cthm-03",12,2004,82.0143884892086,3,75.7631261450467
"cthm-03",12,2005,82.0143884892086,3,75.7610557516719
"cthm-03",12,2006,82.0143884892086,3,75.7610557516719
"cthm-03",12,2007,82.0143884892086,3,75.6181986088148
"cthm-03",12,2008,82.0143884892086,3,73.6181986088148
"cthm-03",12,2009,82.0143884892086,3,73.4753414659577
"cthm-03",12,2010,82.7338129496403,3,73.4763692151868
"cthm-03",12,2011,82.7338129496403,3,73.4763692151868
"cthm-03",12,2012,82.7338129496403,3,73.4763692151868
"cthm-03",12,2013,82.7338129496403,3,73.1885845360978
"cthm-03",12,2014,82.7338129496403,3,73.3293712855802
"cthm-03",12,2015,82.7338129496403,3,73.043656999866
"cthm-03",12,2016,82.7338129496403,3,66.331441678955
"cthm-03",12,2017,82.7338129496403,3,63.7600131075264
"cthm-03",12,2018,64.7482014388489,3,53.8212758985358
"cthm-03",12,2019,2.87769784172662,3,33.178024040395
"cthm-03",12,2021,0.719424460431655,3,32.1728703993327
"cthm-03",12,2022,12.9496402877698,3,35.9046278505146
"cthm-03",13,1999,82.1428571428571,3,75.3376528590792
"cthm-03",13,2000,82.1428571428571,3,75.3376528590792
"cthm-03",13,2001,82.1428571428571,3,76.0519385733649
"cthm-03",13,2002,82.1428571428571,3,76.0519385733649
"cthm-03",13,2003,82.1428571428571,3,76.0519385733649
"cthm-03",13,2004,82.1428571428571,3,75.7631261450467
"cthm-03",13,2005,82.1428571428571,3,75.7610557516719
"cthm-03",13,2006,82.1428571428571,3,75.7610557516719
"cthm-03",13,2007,80.7142857142857,3,75.6181986088148
"cthm-03",13,2008,80.7142857142857,3,73.6181986088148
"cthm-03",13,2009,80.7142857142857,3,73.4753414659577
"cthm-03",13,2010,80.7142857142857,3,73.4763692151868
"cthm-03",13,2011,80.7142857142857,3,73.4763692151868
"cthm-03",13,2012,80.7142857142857,3,73.4763692151868
"cthm-03",13,2013,80.7142857142857,3,73.1885845360978
"cthm-03",13,2014,81.4285714285714,3,73.3293712855802
"cthm-03",13,2015,79.2857142857143,3,73.043656999866
"cthm-03",13,2016,44.2857142857143,3,66.331441678955
"cthm-03",13,2017,40.7142857142857,3,63.7600131075264
"cthm-03",13,2018,31.4285714285714,3,53.8212758985358
"cthm-03",13,2019,32.8571428571429,3,33.178024040395
"cthm-03",13,2020,32.8571428571429,3,40.9290890269152
"cthm-03",13,2021,34.2857142857143,3,32.1728703993327
"cthm-03",13,2022,40.7142857142858,3,35.9046278505146
"cthm-03",13,2023,42.8571428571428,3,42.7225672877846
"cthm-03",13,2024,56.4285714285714,3,46.1154244306418
"cthm-03",13,2025,57.8571428571429,3,47.5595238095238
"cthm-03",14,1999,75.7142857142857,3,75.3376528590792
"cthm-03",14,2000,75.7142857142857,3,75.3376528590792
"cthm-03",14,2001,75.7142857142857,3,76.0519385733649
"cthm-03",14,2002,75.7142857142857,3,76.0519385733649
"cthm-03",14,2003,75.7142857142857,3,76.0519385733649
"cthm-03",14,2004,75.7142857142857,3,75.7631261450467
"cthm-03",14,2005,75.7142857142857,3,75.7610557516719
"cthm-03",14,2006,75.7142857142857,3,75.7610557516719
"cthm-03",14,2007,75.7142857142857,3,75.6181986088148
"cthm-03",14,2008,75.7142857142857,3,73.6181986088148
"cthm-03",14,2009,75.7142857142857,3,73.4753414659577
"cthm-03",14,2010,75.7142857142857,3,73.4763692151868
"cthm-03",14,2011,75.7142857142857,3,73.4763692151868
"cthm-03",14,2012,75.7142857142857,3,73.4763692151868
"cthm-03",14,2013,75,3,73.1885845360978
"cthm-03",14,2014,75,3,73.3293712855802
"cthm-03",14,2015,75,3,73.043656999866
"cthm-03",14,2016,75,3,66.331441678955
"cthm-03",14,2017,67.1428571428572,3,63.7600131075264
"cthm-03",14,2018,64.2857142857143,3,53.8212758985358
"cthm-03",14,2019,65,3,33.178024040395
"cthm-03",14,2020,66.4285714285715,3,40.9290890269152
"cthm-03",14,2021,60.7142857142857,3,32.1728703993327
"cthm-03",14,2022,60.7142857142857,3,35.9046278505146
"cthm-03",14,2023,60.7142857142857,3,42.7225672877846
"cthm-03",14,2024,60.7142857142857,3,46.1154244306418
"cthm-03",14,2025,60.7142857142857,3,47.5595238095238
"cthm-03",15,1999,59.2857142857143,3,75.3376528590792
"cthm-03",15,2000,59.2857142857143,3,75.3376528590792
"cthm-03",15,2001,62.8571428571429,3,76.0519385733649
"cthm-03",15,2002,62.8571428571428,3,76.0519385733649
"cthm-03",15,2003,62.8571428571428,3,76.0519385733649
"cthm-03",15,2004,62.8571428571428,3,75.7631261450467
"cthm-03",15,2005,63.5714285714286,3,75.7610557516719
"cthm-03",15,2006,63.5714285714286,3,75.7610557516719
"cthm-03",15,2007,64.2857142857143,3,75.6181986088148
"cthm-03",15,2008,54.2857142857143,3,73.6181986088148
"cthm-03",15,2009,53.5714285714286,3,73.4753414659577
"cthm-03",15,2010,52.8571428571428,3,73.4763692151868
"cthm-03",15,2011,52.8571428571428,3,73.4763692151868
"cthm-03",15,2012,52.8571428571428,3,73.4763692151868
"cthm-03",15,2013,52.8571428571428,3,73.1885845360978
"cthm-03",15,2014,53.5714285714286,3,73.3293712855802
"cthm-03",15,2015,54.2857142857143,3,73.043656999866
"cthm-03",15,2016,55,3,66.331441678955
"cthm-03",15,2017,53.5714285714286,3,63.7600131075264
"cthm-03",15,2018,53.5714285714286,3,53.8212758985358
"cthm-03",15,2019,54.2857142857143,3,33.178024040395
"cthm-03",15,2020,54.2857142857143,3,40.9290890269152
"cthm-03",15,2021,55,3,32.1728703993327
"cthm-03",15,2022,55,3,35.9046278505146
"cthm-03",15,2023,55,3,42.7225672877846
"cthm-03",15,2024,55,3,46.1154244306418
"cthm-03",15,2025,55,3,47.5595238095238
"cthm-03",16,1999,63.3093525179856,4,27.4817738514356
"cthm-03",16,2000,63.3093525179856,4,27.3368757881233
"cthm-03",16,2001,63.3093525179856,4,27.4787197597545
"cthm-03",16,2002,64.0287769784172,4,27.6226046518409
"cthm-03",16,2003,64.7482014388489,4,27.7664895439272
"cthm-03",16,2004,64.7482014388489,4,27.9093466867843
"cthm-03",16,2005,64.7482014388489,4,28.0532315788707
"cthm-03",16,2006,65.4676258992805,4,28.0532315788707
"cthm-03",16,2007,65.4676258992805,4,28.0532315788707
"cthm-03",16,2008,65.4676258992805,4,28.0532315788707
"cthm-03",16,2009,65.4676258992805,4,28.0532315788707
"cthm-03",16,2010,65.4676258992805,4,28.197116470957
"cthm-03",16,2011,65.4676258992805,4,28.3410013630433
"cthm-03",16,2012,65.4676258992805,4,28.3410013630433
"cthm-03",16,2013,65.4676258992805,4,28.3389604425882
"cthm-03",16,2014,61.8705035971222,4,27.6195359821565
"cthm-03",16,2015,61.1510791366906,4,27.4756510900702
"cthm-03",16,2016,61.1510791366906,4,27.6195359821565
"cthm-03",16,2017,61.8705035971222,4,27.9052648458741
"cthm-03",16,2018,62.5899280575539,4,28.0491497379604
"cthm-03",16,2019,64.0287769784173,4,28.3369195221331
"cthm-03",16,2020,66.9064748201438,4,28.4889680960399
"cthm-03",16,2021,66.9064748201438,4,28.2073210732326
"cthm-03",16,2022,66.9064748201438,4,24.9449097257149
"cthm-03",16,2023,67.6258992805755,4,24.94695064617
"cthm-03",16,2024,67.6258992805755,4,24.94695064617
"cthm-03",16,2025,67.6258992805755,4,24.8040935033129
"cthm-03",17,1999,12.2302158273381,4,27.4817738514356
"cthm-03",17,2000,11.5107913669065,4,27.3368757881233
"cthm-03",17,2001,11.5107913669065,4,27.4787197597545
"cthm-03",17,2002,11.5107913669065,4,27.6226046518409
"cthm-03",17,2003,11.5107913669065,4,27.7664895439272
"cthm-03",17,2004,11.5107913669065,4,27.9093466867843
"cthm-03",17,2005,12.2302158273381,4,28.0532315788707
"cthm-03",17,2006,11.5107913669065,4,28.0532315788707
"cthm-03",17,2007,11.5107913669065,4,28.0532315788707
"cthm-03",17,2008,11.5107913669065,4,28.0532315788707
"cthm-03",17,2009,11.5107913669065,4,28.0532315788707
"cthm-03",17,2010,12.2302158273381,4,28.197116470957
"cthm-03",17,2011,12.9496402877698,4,28.3410013630433
"cthm-03",17,2012,12.9496402877698,4,28.3410013630433
"cthm-03",17,2013,12.2302158273381,4,28.3389604425882
"cthm-03",17,2014,12.2302158273381,4,27.6195359821565
"cthm-03",17,2015,12.2302158273381,4,27.4756510900702
"cthm-03",17,2016,12.9496402877698,4,27.6195359821565
"cthm-03",17,2017,12.9496402877698,4,27.9052648458741
"cthm-03",17,2018,12.9496402877698,4,28.0491497379604
"cthm-03",17,2019,12.9496402877698,4,28.3369195221331
"cthm-03",17,2020,13.6690647482014,4,28.4889680960399
"cthm-03",17,2021,14.3884892086331,4,28.2073210732326
"cthm-03",17,2022,14.3884892086331,4,24.9449097257149
"cthm-03",17,2023,14.3884892086331,4,24.94695064617
"cthm-03",17,2024,14.3884892086331,4,24.94695064617
"cthm-03",17,2025,14.3884892086331,4,24.8040935033129
"cthm-03",18,1999,3.54609929078015,4,27.4817738514356
"cthm-03",18,2000,3.54609929078015,4,27.3368757881233
"cthm-03",18,2001,3.54609929078015,4,27.4787197597545
"cthm-03",18,2002,3.54609929078015,4,27.6226046518409
"cthm-03",18,2003,3.54609929078015,4,27.7664895439272
"cthm-03",18,2004,3.54609929078015,4,27.9093466867843
"cthm-03",18,2005,3.54609929078015,4,28.0532315788707
"cthm-03",18,2006,3.54609929078015,4,28.0532315788707
"cthm-03",18,2007,3.54609929078015,4,28.0532315788707
"cthm-03",18,2008,3.54609929078015,4,28.0532315788707
"cthm-03",18,2009,3.54609929078015,4,28.0532315788707
"cthm-03",18,2010,3.54609929078015,4,28.197116470957
"cthm-03",18,2011,3.54609929078015,4,28.3410013630433
"cthm-03",18,2012,3.54609929078015,4,28.3410013630433
"cthm-03",18,2013,3.54609929078015,4,28.3389604425882
"cthm-03",18,2014,3.54609929078015,4,27.6195359821565
"cthm-03",18,2015,3.54609929078015,4,27.4756510900702
"cthm-03",18,2016,3.54609929078015,4,27.6195359821565
"cthm-03",18,2017,4.25531914893618,4,27.9052648458741
"cthm-03",18,2018,4.25531914893618,4,28.0491497379604
"cthm-03",18,2019,4.25531914893618,4,28.3369195221331
"cthm-03",18,2020,2.12765957446809,4,28.4889680960399
"cthm-03",18,2021,2.12765957446809,4,28.2073210732326
"cthm-03",18,2022,2.12765957446809,4,24.9449097257149
"cthm-03",18,2023,2.12765957446809,4,24.94695064617
"cthm-03",18,2024,2.12765957446809,4,24.94695064617
"cthm-03",18,2025,2.12765957446809,4,24.8040935033129
"cthm-03",19,1999,23.5714285714286,4,27.4817738514356
"cthm-03",19,2000,22.8571428571429,4,27.3368757881233
"cthm-03",19,2001,22.8571428571429,4,27.4787197597545
"cthm-03",19,2002,22.8571428571429,4,27.6226046518409
"cthm-03",19,2003,22.8571428571429,4,27.7664895439272
"cthm-03",19,2004,23.5714285714286,4,27.9093466867843
"cthm-03",19,2005,23.5714285714286,4,28.0532315788707
"cthm-03",19,2006,23.5714285714286,4,28.0532315788707
"cthm-03",19,2007,23.5714285714286,4,28.0532315788707
"cthm-03",19,2008,23.5714285714286,4,28.0532315788707
"cthm-03",19,2009,23.5714285714286,4,28.0532315788707
"cthm-03",19,2010,23.5714285714286,4,28.197116470957
"cthm-03",19,2011,23.5714285714286,4,28.3410013630433
"cthm-03",19,2012,23.5714285714286,4,28.3410013630433
"cthm-03",19,2013,23.5714285714286,4,28.3389604425882
"cthm-03",19,2014,23.5714285714286,4,27.6195359821565
"cthm-03",19,2015,23.5714285714286,4,27.4756510900702
"cthm-03",19,2016,23.5714285714286,4,27.6195359821565
"cthm-03",19,2017,23.5714285714286,4,27.9052648458741
"cthm-03",19,2018,23.5714285714286,4,28.0491497379604
"cthm-03",19,2019,23.5714285714286,4,28.3369195221331
"cthm-03",19,2020,23.5714285714286,4,28.4889680960399
"cthm-03",19,2021,23.5714285714286,4,28.2073210732326
"cthm-03",19,2022,23.5714285714286,4,24.9449097257149
"cthm-03",19,2023,23.5714285714286,4,24.94695064617
"cthm-03",19,2024,23.5714285714286,4,24.94695064617
"cthm-03",19,2025,22.8571428571429,4,24.8040935033129
"cthm-03",20,1999,34.7517730496454,4,27.4817738514356
"cthm-03",20,2000,35.4609929078015,4,27.3368757881233
"cthm-03",20,2001,36.1702127659575,4,27.4787197597545
"cthm-03",20,2002,36.1702127659575,4,27.6226046518409
"cthm-03",20,2003,36.1702127659575,4,27.7664895439272
"cthm-03",20,2004,36.1702127659575,4,27.9093466867843
"cthm-03",20,2005,36.1702127659575,4,28.0532315788707
"cthm-03",20,2006,36.1702127659575,4,28.0532315788707
"cthm-03",20,2007,36.1702127659575,4,28.0532315788707
"cthm-03",20,2008,36.1702127659575,4,28.0532315788707
"cthm-03",20,2009,36.1702127659575,4,28.0532315788707
"cthm-03",20,2010,36.1702127659575,4,28.197116470957
"cthm-03",20,2011,36.1702127659575,4,28.3410013630433
"cthm-03",20,2012,36.1702127659575,4,28.3410013630433
"cthm-03",20,2013,36.8794326241135,4,28.3389604425882
"cthm-03",20,2014,36.8794326241135,4,27.6195359821565
"cthm-03",20,2015,36.8794326241135,4,27.4756510900702
"cthm-03",20,2016,36.8794326241135,4,27.6195359821565
"cthm-03",20,2017,36.8794326241135,4,27.9052648458741
"cthm-03",20,2018,36.8794326241135,4,28.0491497379604
"cthm-03",20,2019,36.8794326241135,4,28.3369195221331
"cthm-03",20,2020,36.1702127659575,4,28.4889680960399
"cthm-03",20,2021,34.0425531914894,4,28.2073210732326
"cthm-03",20,2022,17.7304964539008,4,24.9449097257149
"cthm-03",20,2023,17.0212765957447,4,24.94695064617
"cthm-03",20,2024,17.0212765957447,4,24.94695064617
"cthm-03",20,2025,17.0212765957447,4,24.8040935033129
"cthm-04",1,1999,100,1,67.1701246641117
"cthm-04",1,2000,100,1,65.1442227214661
"cthm-04",1,2001,100,1,65.2829831284966
"cthm-04",1,2002,100,1,66.1340469582838
"cthm-04",1,2003,100,1,68.9770054182635
"cthm-04",1,2004,100,1,73.8139729527334
"cthm-04",1,2005,100,1,74.8109334390556
"cthm-04",1,2006,100,1,76.8109334390556
"cthm-04",1,2007,100,1,78.6680762961984
"cthm-04",1,2008,100,1,80.5335007268402
"cthm-04",1,2009,100,1,81.3989251574821
"cthm-04",1,2010,100,1,81.6887802299458
"cthm-04",1,2011,100,1,81.831637372803
"cthm-04",1,2012,100,1,81.9744945156601
"cthm-04",1,2013,100,1,81.9744945156601
"cthm-04",1,2014,100,1,82.5449099158627
"cthm-04",1,2015,100,1,82.5449099158627
"cthm-04",1,2016,100,1,82.830624201577
"cthm-04",1,2017,100,1,82.9734813444342
"cthm-04",1,2018,100,1,83.542839522488
"cthm-04",1,2019,100,1,81.1335183472094
"cthm-04",1,2020,44.2857142857143,1,69.5651292894586
"cthm-04",1,2021,44.2857142857143,1,69.5651292894586
"cthm-04",1,2022,44.2857142857143,1,65.2481388485089
"cthm-04",1,2023,44.2857142857143,1,65.2481388485089
"cthm-04",1,2024,44.2857142857143,1,65.2481388485089
"cthm-04",1,2025,45,1,65.390995991366
"cthm-04",2,1999,44.6808510638298,1,67.1701246641117
"cthm-04",2,2000,43.9716312056738,1,65.1442227214661
"cthm-04",2,2001,45.3900709219858,1,65.2829831284966
"cthm-04",2,2002,49.645390070922,1,66.1340469582838
"cthm-04",2,2003,59.5744680851064,1,68.9770054182635
"cthm-04",2,2004,76.5957446808511,1,73.8139729527334
"cthm-04",2,2005,78.7234042553192,1,74.8109334390556
"cthm-04",2,2006,78.7234042553192,1,76.8109334390556
"cthm-04",2,2007,78.7234042553192,1,78.6680762961984
"cthm-04",2,2008,78.7234042553192,1,80.5335007268402
"cthm-04",2,2009,78.7234042553192,1,81.3989251574821
"cthm-04",2,2010,78.7234042553192,1,81.6887802299458
"cthm-04",2,2011,78.7234042553192,1,81.831637372803
"cthm-04",2,2012,78.7234042553192,1,81.9744945156601
"cthm-04",2,2013,78.7234042553192,1,81.9744945156601
"cthm-04",2,2014,79.4326241134752,1,82.5449099158627
"cthm-04",2,2015,79.4326241134752,1,82.5449099158627
"cthm-04",2,2016,79.4326241134752,1,82.830624201577
"cthm-04",2,2017,79.4326241134752,1,82.9734813444342
"cthm-04",2,2018,79.4326241134752,1,83.542839522488
"cthm-04",2,2019,65.9574468085106,1,81.1335183472094
"cthm-04",2,2020,63.8297872340426,1,69.5651292894586
"cthm-04",2,2021,63.8297872340426,1,69.5651292894586
"cthm-04",2,2022,56.7375886524823,1,65.2481388485089
"cthm-04",2,2023,56.7375886524823,1,65.2481388485089
"cthm-04",2,2024,56.7375886524823,1,65.2481388485089
"cthm-04",2,2025,56.7375886524823,1,65.390995991366
"cthm-04",3,1999,81.8840579710145,1,67.1701246641117
"cthm-04",3,2000,72.4637681159421,1,65.1442227214661
"cthm-04",3,2001,71.7391304347826,1,65.2829831284966
"cthm-04",3,2002,71.7391304347826,1,66.1340469582838
"cthm-04",3,2003,71.7391304347826,1,68.9770054182635
"cthm-04",3,2004,73.1884057971015,1,73.8139729527334
"cthm-04",3,2005,73.1884057971015,1,74.8109334390556
"cthm-04",3,2006,73.1884057971015,1,76.8109334390556
"cthm-04",3,2007,73.1884057971015,1,78.6680762961984
"cthm-04",3,2008,76.0869565217392,1,80.5335007268402
"cthm-04",3,2009,78.9855072463769,1,81.3989251574821
"cthm-04",3,2010,80.4347826086957,1,81.6887802299458
"cthm-04",3,2011,80.4347826086957,1,81.831637372803
"cthm-04",3,2012,80.4347826086957,1,81.9744945156601
"cthm-04",3,2013,80.4347826086957,1,81.9744945156601
"cthm-04",3,2014,80.4347826086957,1,82.5449099158627
"cthm-04",3,2015,80.4347826086956,1,82.5449099158627
"cthm-04",3,2016,80.4347826086956,1,82.830624201577
"cthm-04",3,2017,80.4347826086956,1,82.9734813444342
"cthm-04",3,2018,79.7101449275362,1,83.542839522488
"cthm-04",3,2019,79.7101449275362,1,81.1335183472094
"cthm-04",3,2020,79.7101449275362,1,69.5651292894586
"cthm-04",3,2021,79.7101449275362,1,69.5651292894586
"cthm-04",3,2022,65.2173913043478,1,65.2481388485089
"cthm-04",3,2023,65.2173913043478,1,65.2481388485089
"cthm-04",3,2024,65.2173913043478,1,65.2481388485089
"cthm-04",3,2025,65.2173913043478,1,65.390995991366
"cthm-04",4,1999,62.1428571428572,1,67.1701246641117
"cthm-04",4,2000,62.1428571428572,1,65.1442227214661
"cthm-04",4,2001,62.1428571428572,1,65.2829831284966
"cthm-04",4,2002,62.1428571428572,1,66.1340469582838
"cthm-04",4,2003,62.8571428571429,1,68.9770054182635
"cthm-04",4,2004,64.2857142857143,1,73.8139729527334
"cthm-04",4,2005,65,1,74.8109334390556
"cthm-04",4,2006,74.2857142857143,1,76.8109334390556
"cthm-04",4,2007,84.2857142857143,1,78.6680762961984
"cthm-04",4,2008,90.7142857142857,1,80.5335007268402
"cthm-04",4,2009,90.7142857142857,1,81.3989251574821
"cthm-04",4,2010,90.7142857142857,1,81.6887802299458
"cthm-04",4,2011,90.7142857142857,1,81.831637372803
"cthm-04",4,2012,90.7142857142858,1,81.9744945156601
"cthm-04",4,2013,90.7142857142858,1,81.9744945156601
"cthm-04",4,2014,90.7142857142858,1,82.5449099158627
"cthm-04",4,2015,90.7142857142858,1,82.5449099158627
"cthm-04",4,2016,90.7142857142858,1,82.830624201577
"cthm-04",4,2017,90.7142857142858,1,82.9734813444342
"cthm-04",4,2018,90.7142857142858,1,83.542839522488
"cthm-04",4,2019,90.7142857142858,1,81.1335183472094
"cthm-04",4,2020,90.7142857142858,1,69.5651292894586
"cthm-04",4,2021,90.7142857142858,1,69.5651292894586
"cthm-04",4,2022,90.7142857142858,1,65.2481388485089
"cthm-04",4,2023,90.7142857142858,1,65.2481388485089
"cthm-04",4,2024,90.7142857142858,1,65.2481388485089
"cthm-04",4,2025,90.7142857142858,1,65.390995991366
"cthm-04",5,1999,47.1428571428572,1,67.1701246641117
"cthm-04",5,2000,47.1428571428572,1,65.1442227214661
"cthm-04",5,2001,47.1428571428572,1,65.2829831284966
"cthm-04",5,2002,47.1428571428572,1,66.1340469582838
"cthm-04",5,2003,50.7142857142857,1,68.9770054182635
"cthm-04",5,2004,55,1,73.8139729527334
"cthm-04",5,2005,57.1428571428572,1,74.8109334390556
"cthm-04",5,2006,57.8571428571429,1,76.8109334390556
"cthm-04",5,2007,57.1428571428572,1,78.6680762961984
"cthm-04",5,2008,57.1428571428572,1,80.5335007268402
"cthm-04",5,2009,58.5714285714286,1,81.3989251574821
"cthm-04",5,2010,58.5714285714286,1,81.6887802299458
"cthm-04",5,2011,59.2857142857143,1,81.831637372803
"cthm-04",5,2012,60,1,81.9744945156601
"cthm-04",5,2013,60,1,81.9744945156601
"cthm-04",5,2014,62.1428571428571,1,82.5449099158627
"cthm-04",5,2015,62.1428571428571,1,82.5449099158627
"cthm-04",5,2016,63.5714285714286,1,82.830624201577
"cthm-04",5,2017,64.2857142857143,1,82.9734813444342
"cthm-04",5,2018,67.8571428571428,1,83.542839522488
"cthm-04",5,2019,69.2857142857143,1,81.1335183472094
"cthm-04",5,2020,69.2857142857143,1,69.5651292894586
"cthm-04",5,2021,69.2857142857143,1,69.5651292894586
"cthm-04",5,2022,69.2857142857143,1,65.2481388485089
"cthm-04",5,2023,69.2857142857143,1,65.2481388485089
"cthm-04",5,2024,69.2857142857143,1,65.2481388485089
"cthm-04",5,2025,69.2857142857143,1,65.390995991366
"cthm-04",6,1999,55,2,44.6565679133712
"cthm-04",6,2000,55,2,44.6565679133712
"cthm-04",6,2001,54.2857142857143,2,44.3687832342821
"cthm-04",6,2002,54.2857142857143,2,44.2238556980503
"cthm-04",6,2003,54.2857142857143,2,43.6441455531227
"cthm-04",6,2004,54.2857142857143,2,42.6306954436451
"cthm-04",6,2005,54.2857142857143,2,40.0219997914712
"cthm-04",6,2006,54.2857142857143,2,39.8781148993848
"cthm-04",6,2007,54.2857142857143,2,39.8781148993848
"cthm-04",6,2008,54.2857142857143,2,39.8781148993848
"cthm-04",6,2009,52.8571428571429,2,40.0261405782206
"cthm-04",6,2010,52.1428571428572,2,40.6079211165229
"cthm-04",6,2011,52.8571428571429,2,40.7507782593801
"cthm-04",6,2012,52.8571428571429,2,41.3304884043076
"cthm-04",6,2013,52.8571428571429,2,41.1866035122213
"cthm-04",6,2014,52.8571428571429,2,39.1576180049749
"cthm-04",6,2015,52.8571428571429,2,39.0126904687431
"cthm-04",6,2016,52.8571428571429,2,38.7249206845704
"cthm-04",6,2017,52.8571428571429,2,38.7249206845704
"cthm-04",6,2018,52.8571428571429,2,39.0147757570341
"cthm-04",6,2019,52.8571428571429,2,39.5944859019617
"cthm-04",6,2020,52.8571428571429,2,39.7394134381935
"cthm-04",6,2021,52.8571428571429,2,39.7394134381935
"cthm-04",6,2022,52.8571428571429,2,39.8832983302799
"cthm-04",6,2023,52.8571428571429,2,39.8832983302799
"cthm-04",6,2024,52.8571428571429,2,39.8822556861343
"cthm-04",6,2025,52.8571428571429,2,39.8822556861343
"cthm-04",7,1999,75.5395683453237,2,44.6565679133712
"cthm-04",7,2000,75.5395683453237,2,44.6565679133712
"cthm-04",7,2001,75.5395683453237,2,44.3687832342821
"cthm-04",7,2002,75.5395683453237,2,44.2238556980503
"cthm-04",7,2003,75.5395683453237,2,43.6441455531227
"cthm-04",7,2004,74.8201438848922,2,42.6306954436451
"cthm-04",7,2005,74.8201438848922,2,40.0219997914712
"cthm-04",7,2006,74.1007194244605,2,39.8781148993848
"cthm-04",7,2007,74.1007194244605,2,39.8781148993848
"cthm-04",7,2008,74.1007194244605,2,39.8781148993848
"cthm-04",7,2009,74.8201438848921,2,40.0261405782206
"cthm-04",7,2010,74.8201438848921,2,40.6079211165229
"cthm-04",7,2011,74.8201438848921,2,40.7507782593801
"cthm-04",7,2012,74.8201438848921,2,41.3304884043076
"cthm-04",7,2013,74.1007194244605,2,41.1866035122213
"cthm-04",7,2014,74.1007194244605,2,39.1576180049749
"cthm-04",7,2015,74.1007194244605,2,39.0126904687431
"cthm-04",7,2016,72.6618705035971,2,38.7249206845704
"cthm-04",7,2017,72.6618705035971,2,38.7249206845704
"cthm-04",7,2018,72.6618705035971,2,39.0147757570341
"cthm-04",7,2019,72.6618705035971,2,39.5944859019617
"cthm-04",7,2020,72.6618705035971,2,39.7394134381935
"cthm-04",7,2021,72.6618705035971,2,39.7394134381935
"cthm-04",7,2022,73.3812949640288,2,39.8832983302799
"cthm-04",7,2023,73.3812949640288,2,39.8832983302799
"cthm-04",7,2024,74.1007194244604,2,39.8822556861343
"cthm-04",7,2025,74.1007194244604,2,39.8822556861343
"cthm-04",8,1999,0.714285714285714,2,44.6565679133712
"cthm-04",8,2000,0.714285714285714,2,44.6565679133712
"cthm-04",8,2001,0.714285714285714,2,44.3687832342821
"cthm-04",8,2002,0.714285714285714,2,44.2238556980503
"cthm-04",8,2003,0.714285714285714,2,43.6441455531227
"cthm-04",8,2004,0.714285714285714,2,42.6306954436451
"cthm-04",8,2005,0.714285714285714,2,40.0219997914712
"cthm-04",8,2006,0.714285714285714,2,39.8781148993848
"cthm-04",8,2007,0.714285714285714,2,39.8781148993848
"cthm-04",8,2008,0.714285714285714,2,39.8781148993848
"cthm-04",8,2009,0.714285714285714,2,40.0261405782206
"cthm-04",8,2010,0.714285714285714,2,40.6079211165229
"cthm-04",8,2011,0.714285714285714,2,40.7507782593801
"cthm-04",8,2012,0.714285714285714,2,41.3304884043076
"cthm-04",8,2013,0.714285714285714,2,41.1866035122213
"cthm-04",8,2014,0.714285714285714,2,39.1576180049749
"cthm-04",8,2015,0.714285714285714,2,39.0126904687431
"cthm-04",8,2016,0.714285714285714,2,38.7249206845704
"cthm-04",8,2017,0.714285714285714,2,38.7249206845704
"cthm-04",8,2018,0.714285714285714,2,39.0147757570341
"cthm-04",8,2019,0.714285714285714,2,39.5944859019617
"cthm-04",8,2020,0.714285714285714,2,39.7394134381935
"cthm-04",8,2021,0.714285714285714,2,39.7394134381935
"cthm-04",8,2022,0.714285714285714,2,39.8832983302799
"cthm-04",8,2023,0.714285714285714,2,39.8832983302799
"cthm-04",8,2024,0.714285714285714,2,39.8822556861343
"cthm-04",8,2025,0.714285714285714,2,39.8822556861343
"cthm-04",9,1999,39.1304347826087,2,44.6565679133712
"cthm-04",9,2000,39.1304347826087,2,44.6565679133712
"cthm-04",9,2001,39.1304347826087,2,44.3687832342821
"cthm-04",9,2002,36.9565217391305,2,44.2238556980503
"cthm-04",9,2003,34.7826086956522,2,43.6441455531227
"cthm-04",9,2004,30.4347826086956,2,42.6306954436451
"cthm-04",9,2005,30.4347826086957,2,40.0219997914712
"cthm-04",9,2006,30.4347826086957,2,39.8781148993848
"cthm-04",9,2007,30.4347826086957,2,39.8781148993848
"cthm-04",9,2008,30.4347826086957,2,39.8781148993848
"cthm-04",9,2009,26.8115942028985,2,40.0261405782206
"cthm-04",9,2010,26.8115942028985,2,40.6079211165229
"cthm-04",9,2011,26.8115942028985,2,40.7507782593801
"cthm-04",9,2012,26.8115942028985,2,41.3304884043076
"cthm-04",9,2013,26.8115942028985,2,41.1866035122213
"cthm-04",9,2014,26.8115942028986,2,39.1576180049749
"cthm-04",9,2015,26.8115942028986,2,39.0126904687431
"cthm-04",9,2016,26.8115942028986,2,38.7249206845704
"cthm-04",9,2017,26.8115942028986,2,38.7249206845704
"cthm-04",9,2018,26.8115942028986,2,39.0147757570341
"cthm-04",9,2019,26.8115942028986,2,39.5944859019617
"cthm-04",9,2020,26.8115942028986,2,39.7394134381935
"cthm-04",9,2021,26.8115942028986,2,39.7394134381935
"cthm-04",9,2022,26.0869565217392,2,39.8832983302799
"cthm-04",9,2023,26.0869565217392,2,39.8832983302799
"cthm-04",9,2024,26.0869565217392,2,39.8822556861343
"cthm-04",9,2025,26.0869565217392,2,39.8822556861343
"cthm-04",10,1999,52.8985507246376,2,44.6565679133712
"cthm-04",10,2000,52.8985507246376,2,44.6565679133712
"cthm-04",10,2001,52.1739130434782,2,44.3687832342821
"cthm-04",10,2002,53.6231884057971,2,44.2238556980503
"cthm-04",10,2003,52.8985507246376,2,43.6441455531227
"cthm-04",10,2004,52.8985507246376,2,42.6306954436451
"cthm-04",10,2005,39.855072463768,2,40.0219997914712
"cthm-04",10,2006,39.855072463768,2,39.8781148993848
"cthm-04",10,2007,39.855072463768,2,39.8781148993848
"cthm-04",10,2008,39.8550724637681,2,39.8781148993848
"cthm-04",10,2009,44.927536231884,2,40.0261405782206
"cthm-04",10,2010,48.5507246376811,2,40.6079211165229
"cthm-04",10,2011,48.5507246376811,2,40.7507782593801
"cthm-04",10,2012,51.4492753623188,2,41.3304884043076
"cthm-04",10,2013,51.4492753623188,2,41.1866035122213
"cthm-04",10,2014,41.304347826087,2,39.1576180049749
"cthm-04",10,2015,40.5797101449276,2,39.0126904687431
"cthm-04",10,2016,40.5797101449275,2,38.7249206845704
"cthm-04",10,2017,40.5797101449275,2,38.7249206845704
"cthm-04",10,2018,42.0289855072463,2,39.0147757570341
"cthm-04",10,2019,44.927536231884,2,39.5944859019617
"cthm-04",10,2020,45.6521739130434,2,39.7394134381935
"cthm-04",10,2021,45.6521739130434,2,39.7394134381935
"cthm-04",10,2022,46.3768115942029,2,39.8832983302799
"cthm-04",10,2023,46.3768115942029,2,39.8832983302799
"cthm-04",10,2024,45.6521739130434,2,39.8822556861343
"cthm-04",10,2025,45.6521739130434,2,39.8822556861343
"cthm-04",11,1999,19.4244604316547,3,48.393627954779
"cthm-04",11,2000,19.4244604316547,3,48.5364850976362
"cthm-04",11,2001,23.021582733813,3,49.2559095580678
"cthm-04",11,2002,34.5323741007194,3,51.7009249743062
"cthm-04",11,2003,35.9712230215827,3,51.9886947584789
"cthm-04",11,2004,35.9712230215827,3,51.9886947584789
"cthm-04",11,2005,35.9712230215827,3,51.9886947584789
"cthm-04",11,2006,35.9712230215827,3,51.9886947584789
"cthm-04",11,2007,35.9712230215828,3,50.5601233299075
"cthm-04",11,2008,35.9712230215828,3,50.4172661870504
"cthm-04",11,2009,35.9712230215828,3,50.2744090441932
"cthm-04",11,2010,35.9712230215828,3,50.2744090441932
"cthm-04",11,2011,35.9712230215828,3,50.2744090441932
"cthm-04",11,2012,35.9712230215828,3,50.4172661870504
"cthm-04",11,2013,35.9712230215828,3,50.2744090441932
"cthm-04",11,2014,35.9712230215828,3,51.8458376156218
"cthm-04",11,2015,35.9712230215828,3,52.5601233299075
"cthm-04",11,2016,35.9712230215828,3,52.2744090441932
"cthm-04",11,2017,35.9712230215827,3,44.9362795477903
"cthm-04",11,2018,35.9712230215827,3,44.6485097636177
"cthm-04",11,2019,35.9712230215827,3,44.6485097636177
"cthm-04",11,2020,35.9712230215827,3,44.6485097636177
"cthm-04",11,2021,35.9712230215827,3,44.6485097636177
"cthm-04",11,2022,35.9712230215827,3,44.6485097636177
"cthm-04",11,2023,35.9712230215827,3,44.6485097636177
"cthm-04",11,2024,35.9712230215827,3,44.6485097636177
"cthm-04",11,2025,35.9712230215827,3,46.3751284686536
"cthm-04",12,1999,56.1151079136691,3,48.393627954779
"cthm-04",12,2000,56.1151079136691,3,48.5364850976362
"cthm-04",12,2001,56.1151079136691,3,49.2559095580678
"cthm-04",12,2002,56.1151079136691,3,51.7009249743062
"cthm-04",12,2003,56.1151079136691,3,51.9886947584789
"cthm-04",12,2004,56.1151079136691,3,51.9886947584789
"cthm-04",12,2005,56.1151079136691,3,51.9886947584789
"cthm-04",12,2006,56.1151079136691,3,51.9886947584789
"cthm-04",12,2007,56.1151079136691,3,50.5601233299075
"cthm-04",12,2008,56.1151079136691,3,50.4172661870504
"cthm-04",12,2009,56.1151079136691,3,50.2744090441932
"cthm-04",12,2010,56.1151079136691,3,50.2744090441932
"cthm-04",12,2011,56.1151079136691,3,50.2744090441932
"cthm-04",12,2012,56.1151079136691,3,50.4172661870504
"cthm-04",12,2013,56.1151079136691,3,50.2744090441932
"cthm-04",12,2014,56.1151079136691,3,51.8458376156218
"cthm-04",12,2015,56.1151079136691,3,52.5601233299075
"cthm-04",12,2016,56.1151079136691,3,52.2744090441932
"cthm-04",12,2017,19.4244604316546,3,44.9362795477903
"cthm-04",12,2018,17.9856115107913,3,44.6485097636177
"cthm-04",12,2019,17.9856115107913,3,44.6485097636177
"cthm-04",12,2020,17.9856115107913,3,44.6485097636177
"cthm-04",12,2021,17.9856115107913,3,44.6485097636177
"cthm-04",12,2022,17.9856115107913,3,44.6485097636177
"cthm-04",12,2023,17.9856115107913,3,44.6485097636177
"cthm-04",12,2024,17.9856115107913,3,44.6485097636177
"cthm-04",12,2025,26.6187050359712,3,46.3751284686536
"cthm-04",13,1999,67.8571428571428,3,48.393627954779
"cthm-04",13,2000,69.2857142857143,3,48.5364850976362
"cthm-04",13,2001,69.2857142857143,3,49.2559095580678
"cthm-04",13,2002,70,3,51.7009249743062
"cthm-04",13,2003,70,3,51.9886947584789
"cthm-04",13,2004,70,3,51.9886947584789
"cthm-04",13,2005,70,3,51.9886947584789
"cthm-04",13,2006,70,3,51.9886947584789
"cthm-04",13,2007,62.8571428571428,3,50.5601233299075
"cthm-04",13,2008,61.4285714285714,3,50.4172661870504
"cthm-04",13,2009,60.7142857142857,3,50.2744090441932
"cthm-04",13,2010,60.7142857142857,3,50.2744090441932
"cthm-04",13,2011,60.7142857142857,3,50.2744090441932
"cthm-04",13,2012,61.4285714285715,3,50.4172661870504
"cthm-04",13,2013,62.1428571428572,3,50.2744090441932
"cthm-04",13,2014,69.2857142857143,3,51.8458376156218
"cthm-04",13,2015,73.5714285714286,3,52.5601233299075
"cthm-04",13,2016,73.5714285714286,3,52.2744090441932
"cthm-04",13,2017,74.2857142857143,3,44.9362795477903
"cthm-04",13,2018,74.2857142857143,3,44.6485097636177
"cthm-04",13,2019,74.2857142857143,3,44.6485097636177
"cthm-04",13,2020,74.2857142857143,3,44.6485097636177
"cthm-04",13,2021,74.2857142857143,3,44.6485097636177
"cthm-04",13,2022,74.2857142857143,3,44.6485097636177
"cthm-04",13,2023,74.2857142857143,3,44.6485097636177
"cthm-04",13,2024,74.2857142857143,3,44.6485097636177
"cthm-04",13,2025,74.2857142857143,3,46.3751284686536
"cthm-04",14,1999,32.1428571428571,3,48.393627954779
"cthm-04",14,2000,32.1428571428571,3,48.5364850976362
"cthm-04",14,2001,32.1428571428571,3,49.2559095580678
"cthm-04",14,2002,32.1428571428571,3,51.7009249743062
"cthm-04",14,2003,32.1428571428571,3,51.9886947584789
"cthm-04",14,2004,32.1428571428571,3,51.9886947584789
"cthm-04",14,2005,32.1428571428571,3,51.9886947584789
"cthm-04",14,2006,32.1428571428571,3,51.9886947584789
"cthm-04",14,2007,32.1428571428571,3,50.5601233299075
"cthm-04",14,2008,32.1428571428571,3,50.4172661870504
"cthm-04",14,2009,32.1428571428571,3,50.2744090441932
"cthm-04",14,2010,32.1428571428571,3,50.2744090441932
"cthm-04",14,2011,32.1428571428571,3,50.2744090441932
"cthm-04",14,2012,32.1428571428571,3,50.4172661870504
"cthm-04",14,2013,32.1428571428571,3,50.2744090441932
"cthm-04",14,2014,32.1428571428571,3,51.8458376156218
"cthm-04",14,2015,31.4285714285714,3,52.5601233299075
"cthm-04",14,2016,30,3,52.2744090441932
"cthm-04",14,2017,29.2857142857143,3,44.9362795477903
"cthm-04",14,2018,29.2857142857143,3,44.6485097636177
"cthm-04",14,2019,29.2857142857143,3,44.6485097636177
"cthm-04",14,2020,29.2857142857143,3,44.6485097636177
"cthm-04",14,2021,29.2857142857143,3,44.6485097636177
"cthm-04",14,2022,29.2857142857143,3,44.6485097636177
"cthm-04",14,2023,29.2857142857143,3,44.6485097636177
"cthm-04",14,2024,29.2857142857143,3,44.6485097636177
"cthm-04",14,2025,29.2857142857143,3,46.3751284686536
"cthm-04",15,1999,66.4285714285714,3,48.393627954779
"cthm-04",15,2000,65.7142857142857,3,48.5364850976362
"cthm-04",15,2001,65.7142857142857,3,49.2559095580678
"cthm-04",15,2002,65.7142857142857,3,51.7009249743062
"cthm-04",15,2003,65.7142857142857,3,51.9886947584789
"cthm-04",15,2004,65.7142857142857,3,51.9886947584789
"cthm-04",15,2005,65.7142857142857,3,51.9886947584789
"cthm-04",15,2006,65.7142857142857,3,51.9886947584789
"cthm-04",15,2007,65.7142857142857,3,50.5601233299075
"cthm-04",15,2008,66.4285714285714,3,50.4172661870504
"cthm-04",15,2009,66.4285714285714,3,50.2744090441932
"cthm-04",15,2010,66.4285714285714,3,50.2744090441932
"cthm-04",15,2011,66.4285714285714,3,50.2744090441932
"cthm-04",15,2012,66.4285714285714,3,50.4172661870504
"cthm-04",15,2013,65,3,50.2744090441932
"cthm-04",15,2014,65.7142857142858,3,51.8458376156218
"cthm-04",15,2015,65.7142857142858,3,52.5601233299075
"cthm-04",15,2016,65.7142857142858,3,52.2744090441932
"cthm-04",15,2017,65.7142857142858,3,44.9362795477903
"cthm-04",15,2018,65.7142857142858,3,44.6485097636177
"cthm-04",15,2019,65.7142857142858,3,44.6485097636177
"cthm-04",15,2020,65.7142857142858,3,44.6485097636177
"cthm-04",15,2021,65.7142857142858,3,44.6485097636177
"cthm-04",15,2022,65.7142857142858,3,44.6485097636177
"cthm-04",15,2023,65.7142857142858,3,44.6485097636177
"cthm-04",15,2024,65.7142857142858,3,44.6485097636177
"cthm-04",15,2025,65.7142857142858,3,46.3751284686536
"cthm-04",16,1999,87.7697841726619,4,50.1212446192115
"cthm-04",16,2000,73.3812949640288,4,47.2414763841101
"cthm-04",16,2001,73.3812949640288,4,46.9536917050211
"cthm-04",16,2002,74.1007194244604,4,47.0955062037327
"cthm-04",16,2003,74.820143884892,4,47.2414614891937
"cthm-04",16,2004,75.5395683453237,4,47.6720884162236
"cthm-04",16,2005,79.8561151079136,4,48.9681099840625
"cthm-04",16,2006,88.4892086330935,4,50.6947286890984
"cthm-04",16,2007,95.6834532374101,4,49.9773597271252
"cthm-04",16,2008,95.6834532374101,4,48.2517687713184
"cthm-04",16,2009,95.6834532374101,4,45.6608129645352
"cthm-04",16,2010,95.6834532374101,4,45.8046978566216
"cthm-04",16,2011,95.6834532374101,4,46.2363525328805
"cthm-04",16,2012,95.6834532374101,4,45.9485827487079
"cthm-04",16,2013,95.6834532374101,4,46.0924676407942
"cthm-04",16,2014,95.6834532374101,4,46.3802374249669
"cthm-04",16,2015,95.6834532374101,4,47.5313165616575
"cthm-04",16,2016,95.6834532374101,4,49.2579352666935
"cthm-04",16,2017,95.6834532374101,4,49.2579352666935
"cthm-04",16,2018,95.68345323741,4,49.5457050508661
"cthm-04",16,2019,95.68345323741,4,49.6895899429525
"cthm-04",16,2020,95.68345323741,4,49.6895899429525
"cthm-04",16,2021,95.68345323741,4,49.5457050508661
"cthm-04",16,2022,92.8057553956835,4,49.1140503746072
"cthm-04",16,2023,37.410071942446,4,37.3134039352369
"cthm-04",16,2024,38.8489208633094,4,37.3144316844661
"cthm-04",16,2025,38.1294964028777,4,37.3144316844661
"cthm-04",17,1999,48.5507246376811,4,50.1212446192115
"cthm-04",17,2000,47.8260869565217,4,47.2414763841101
"cthm-04",17,2001,47.1014492753623,4,46.9536917050211
"cthm-04",17,2002,46.3768115942029,4,47.0955062037327
"cthm-04",17,2003,47.1014492753623,4,47.2414614891937
"cthm-04",17,2004,47.1014492753623,4,47.6720884162236
"cthm-04",17,2005,48.5507246376812,4,48.9681099840625
"cthm-04",17,2006,48.5507246376812,4,50.6947286890984
"cthm-04",17,2007,48.5507246376812,4,49.9773597271252
"cthm-04",17,2008,48.5507246376812,4,48.2517687713184
"cthm-04",17,2009,48.5507246376812,4,45.6608129645352
"cthm-04",17,2010,48.5507246376812,4,45.8046978566216
"cthm-04",17,2011,48.5507246376812,4,46.2363525328805
"cthm-04",17,2012,48.5507246376812,4,45.9485827487079
"cthm-04",17,2013,48.5507246376812,4,46.0924676407942
"cthm-04",17,2014,48.5507246376812,4,46.3802374249669
"cthm-04",17,2015,48.5507246376812,4,47.5313165616575
"cthm-04",17,2016,48.5507246376812,4,49.2579352666935
"cthm-04",17,2017,48.5507246376812,4,49.2579352666935
"cthm-04",17,2018,48.5507246376812,4,49.5457050508661
"cthm-04",17,2019,48.5507246376812,4,49.6895899429525
"cthm-04",17,2020,48.5507246376812,4,49.6895899429525
"cthm-04",17,2021,48.5507246376812,4,49.5457050508661
"cthm-04",17,2022,48.5507246376812,4,49.1140503746072
"cthm-04",17,2023,47.1014492753623,4,37.3134039352369
"cthm-04",17,2024,47.1014492753623,4,37.3144316844661
"cthm-04",17,2025,47.1014492753623,4,37.3144316844661
"cthm-04",18,1999,14.2857142857143,4,50.1212446192115
"cthm-04",18,2000,15,4,47.2414763841101
"cthm-04",18,2001,14.2857142857143,4,46.9536917050211
"cthm-04",18,2002,15,4,47.0955062037327
"cthm-04",18,2003,14.2857142857143,4,47.2414614891937
"cthm-04",18,2004,15,4,47.6720884162236
"cthm-04",18,2005,15.7142857142857,4,48.9681099840625
"cthm-04",18,2006,15.7142857142857,4,50.6947286890984
"cthm-04",18,2007,14.2857142857143,4,49.9773597271252
"cthm-04",18,2008,13.5714285714286,4,48.2517687713184
"cthm-04",18,2009,14.2857142857143,4,45.6608129645352
"cthm-04",18,2010,14.2857142857143,4,45.8046978566216
"cthm-04",18,2011,14.2857142857143,4,46.2363525328805
"cthm-04",18,2012,14.2857142857143,4,45.9485827487079
"cthm-04",18,2013,14.2857142857143,4,46.0924676407942
"cthm-04",18,2014,14.2857142857143,4,46.3802374249669
"cthm-04",18,2015,14.2857142857143,4,47.5313165616575
"cthm-04",18,2016,14.2857142857143,4,49.2579352666935
"cthm-04",18,2017,14.2857142857143,4,49.2579352666935
"cthm-04",18,2018,14.2857142857143,4,49.5457050508661
"cthm-04",18,2019,14.2857142857143,4,49.6895899429525
"cthm-04",18,2020,14.2857142857143,4,49.6895899429525
"cthm-04",18,2021,14.2857142857143,4,49.5457050508661
"cthm-04",18,2022,14.2857142857143,4,49.1140503746072
"cthm-04",18,2023,14.2857142857143,4,37.3134039352369
"cthm-04",18,2024,13.5714285714286,4,37.3144316844661
"cthm-04",18,2025,13.5714285714286,4,37.3144316844661
"cthm-04",19,1999,61.1510791366907,4,50.1212446192115
"cthm-04",19,2000,61.1510791366907,4,47.2414763841101
"cthm-04",19,2001,61.1510791366907,4,46.9536917050211
"cthm-04",19,2002,61.1510791366907,4,47.0955062037327
"cthm-04",19,2003,61.1510791366907,4,47.2414614891937
"cthm-04",19,2004,61.8705035971224,4,47.6720884162236
"cthm-04",19,2005,61.8705035971224,4,48.9681099840625
"cthm-04",19,2006,61.8705035971224,4,50.6947286890984
"cthm-04",19,2007,52.5179856115109,4,49.9773597271252
"cthm-04",19,2008,51.7985611510792,4,48.2517687713184
"cthm-04",19,2009,38.1294964028778,4,45.6608129645352
"cthm-04",19,2010,38.1294964028778,4,45.8046978566216
"cthm-04",19,2011,40.2877697841727,4,46.2363525328805
"cthm-04",19,2012,41.0071942446044,4,45.9485827487079
"cthm-04",19,2013,41.726618705036,4,46.0924676407942
"cthm-04",19,2014,43.1654676258993,4,46.3802374249669
"cthm-04",19,2015,48.9208633093526,4,47.5313165616575
"cthm-04",19,2016,57.5539568345324,4,49.2579352666935
"cthm-04",19,2017,57.5539568345324,4,49.2579352666935
"cthm-04",19,2018,58.9928057553956,4,49.5457050508661
"cthm-04",19,2019,59.7122302158273,4,49.6895899429525
"cthm-04",19,2020,59.7122302158273,4,49.6895899429525
"cthm-04",19,2021,59.7122302158273,4,49.5457050508661
"cthm-04",19,2022,59.7122302158273,4,49.1140503746072
"cthm-04",19,2023,59.7122302158273,4,37.3134039352369
"cthm-04",19,2024,58.9928057553956,4,37.3144316844661
"cthm-04",19,2025,59.7122302158273,4,37.3144316844661
"cthm-04",20,1999,38.8489208633094,4,50.1212446192115
"cthm-04",20,2000,38.8489208633094,4,47.2414763841101
"cthm-04",20,2001,38.8489208633094,4,46.9536917050211
"cthm-04",20,2002,38.8489208633094,4,47.0955062037327
"cthm-04",20,2003,38.8489208633094,4,47.2414614891937
"cthm-04",20,2004,38.8489208633094,4,47.6720884162236
"cthm-04",20,2005,38.8489208633094,4,48.9681099840625
"cthm-04",20,2006,38.8489208633094,4,50.6947286890984
"cthm-04",20,2007,38.8489208633094,4,49.9773597271252
"cthm-04",20,2008,31.6546762589928,4,48.2517687713184
"cthm-04",20,2009,31.6546762589928,4,45.6608129645352
"cthm-04",20,2010,32.3741007194244,4,45.8046978566216
"cthm-04",20,2011,32.3741007194244,4,46.2363525328805
"cthm-04",20,2012,30.2158273381295,4,45.9485827487079
"cthm-04",20,2013,30.2158273381295,4,46.0924676407942
"cthm-04",20,2014,30.2158273381295,4,46.3802374249669
"cthm-04",20,2015,30.2158273381295,4,47.5313165616575
"cthm-04",20,2016,30.2158273381295,4,49.2579352666935
"cthm-04",20,2017,30.2158273381295,4,49.2579352666935
"cthm-04",20,2018,30.2158273381295,4,49.5457050508661
"cthm-04",20,2019,30.2158273381295,4,49.6895899429525
"cthm-04",20,2020,30.2158273381295,4,49.6895899429525
"cthm-04",20,2021,29.4964028776978,4,49.5457050508661
"cthm-04",20,2022,30.2158273381295,4,49.1140503746072
"cthm-04",20,2023,28.0575539568346,4,37.3134039352369
"cthm-04",20,2024,28.0575539568346,4,37.3144316844661
"cthm-04",20,2025,28.0575539568346,4,37.3144316844661
"cthm-05",1,1999,40.5797101449275,1,39.8651712170636
"cthm-05",1,2000,34.7826086956522,1,38.7067786764377
"cthm-05",1,2001,34.0579710144928,1,38.5618511402059
"cthm-05",1,2002,34.0579710144928,1,38.5618511402059
"cthm-05",1,2003,34.0579710144928,1,38.5618511402059
"cthm-05",1,2004,34.0579710144928,1,38.7057360322922
"cthm-05",1,2005,34.0579710144928,1,38.7057360322922
"cthm-05",1,2006,34.0579710144928,1,38.2740813560332
"cthm-05",1,2007,34.7826086956522,1,36.9801599714018
"cthm-05",1,2008,34.7826086956522,1,35.5413110505385
"cthm-05",1,2009,34.7826086956522,1,35.3974261584521
"cthm-05",1,2010,34.7826086956522,1,35.3974261584521
"cthm-05",1,2011,34.7826086956522,1,35.1096563742795
"cthm-05",1,2012,34.7826086956522,1,34.9657714821931
"cthm-05",1,2013,34.7826086956522,1,34.9657714821931
"cthm-05",1,2014,34.7826086956522,1,34.9657714821931
"cthm-05",1,2015,34.7826086956522,1,34.9657714821931
"cthm-05",1,2016,34.7826086956522,1,34.9657714821931
"cthm-05",1,2017,34.7826086956522,1,34.9657714821931
"cthm-05",1,2018,34.7826086956522,1,34.9657714821931
"cthm-05",1,2019,34.7826086956522,1,34.9657714821931
"cthm-05",1,2020,34.7826086956522,1,35.1086286250503
"cthm-05",1,2021,34.7826086956522,1,35.1086286250503
"cthm-05",1,2022,34.7826086956522,1,35.1086286250503
"cthm-05",1,2023,34.7826086956522,1,34.8208588408776
"cthm-05",1,2024,34.7826086956522,1,34.8208588408776
"cthm-05",1,2025,34.7826086956522,1,34.8208588408776
"cthm-05",2,1999,15.7142857142857,1,39.8651712170636
"cthm-05",2,2000,15,1,38.7067786764377
"cthm-05",2,2001,15,1,38.5618511402059
"cthm-05",2,2002,15,1,38.5618511402059
"cthm-05",2,2003,15,1,38.5618511402059
"cthm-05",2,2004,15,1,38.7057360322922
"cthm-05",2,2005,15,1,38.7057360322922
"cthm-05",2,2006,15,1,38.2740813560332
"cthm-05",2,2007,15,1,36.9801599714018
"cthm-05",2,2008,15,1,35.5413110505385
"cthm-05",2,2009,15,1,35.3974261584521
"cthm-05",2,2010,15,1,35.3974261584521
"cthm-05",2,2011,15,1,35.1096563742795
"cthm-05",2,2012,15,1,34.9657714821931
"cthm-05",2,2013,15,1,34.9657714821931
"cthm-05",2,2014,15,1,34.9657714821931
"cthm-05",2,2015,15,1,34.9657714821931
"cthm-05",2,2016,15,1,34.9657714821931
"cthm-05",2,2017,15,1,34.9657714821931
"cthm-05",2,2018,15,1,34.9657714821931
"cthm-05",2,2019,15,1,34.9657714821931
"cthm-05",2,2020,15.7142857142857,1,35.1086286250503
"cthm-05",2,2021,15.7142857142857,1,35.1086286250503
"cthm-05",2,2022,15.7142857142857,1,35.1086286250503
"cthm-05",2,2023,15.7142857142857,1,34.8208588408776
"cthm-05",2,2024,15.7142857142857,1,34.8208588408776
"cthm-05",2,2025,15.7142857142857,1,34.8208588408776
"cthm-05",3,1999,43.1654676258993,1,39.8651712170636
"cthm-05",3,2000,43.1654676258993,1,38.7067786764377
"cthm-05",3,2001,43.1654676258993,1,38.5618511402059
"cthm-05",3,2002,43.1654676258993,1,38.5618511402059
"cthm-05",3,2003,43.1654676258993,1,38.5618511402059
"cthm-05",3,2004,43.8848920863309,1,38.7057360322922
"cthm-05",3,2005,43.8848920863309,1,38.7057360322922
"cthm-05",3,2006,43.8848920863309,1,38.2740813560332
"cthm-05",3,2007,43.8848920863309,1,36.9801599714018
"cthm-05",3,2008,43.8848920863309,1,35.5413110505385
"cthm-05",3,2009,43.8848920863309,1,35.3974261584521
"cthm-05",3,2010,43.8848920863309,1,35.3974261584521
"cthm-05",3,2011,43.8848920863309,1,35.1096563742795
"cthm-05",3,2012,43.8848920863309,1,34.9657714821931
"cthm-05",3,2013,43.8848920863309,1,34.9657714821931
"cthm-05",3,2014,43.8848920863309,1,34.9657714821931
"cthm-05",3,2015,43.8848920863309,1,34.9657714821931
"cthm-05",3,2016,43.8848920863309,1,34.9657714821931
"cthm-05",3,2017,43.8848920863309,1,34.9657714821931
"cthm-05",3,2018,43.8848920863309,1,34.9657714821931
"cthm-05",3,2019,43.8848920863309,1,34.9657714821931
"cthm-05",3,2020,43.8848920863309,1,35.1086286250503
"cthm-05",3,2021,43.8848920863309,1,35.1086286250503
"cthm-05",3,2022,43.8848920863309,1,35.1086286250503
"cthm-05",3,2023,43.8848920863309,1,34.8208588408776
"cthm-05",3,2024,43.8848920863309,1,34.8208588408776
"cthm-05",3,2025,43.8848920863309,1,34.8208588408776
"cthm-05",4,1999,81.294964028777,1,39.8651712170636
"cthm-05",4,2000,82.0143884892087,1,38.7067786764377
"cthm-05",4,2001,82.0143884892087,1,38.5618511402059
"cthm-05",4,2002,82.0143884892087,1,38.5618511402059
"cthm-05",4,2003,82.0143884892087,1,38.5618511402059
"cthm-05",4,2004,82.0143884892087,1,38.7057360322922
"cthm-05",4,2005,82.0143884892087,1,38.7057360322922
"cthm-05",4,2006,79.8561151079137,1,38.2740813560332
"cthm-05",4,2007,72.6618705035972,1,36.9801599714018
"cthm-05",4,2008,65.4676258992806,1,35.5413110505385
"cthm-05",4,2009,64.748201438849,1,35.3974261584521
"cthm-05",4,2010,64.7482014388489,1,35.3974261584521
"cthm-05",4,2011,63.3093525179856,1,35.1096563742795
"cthm-05",4,2012,62.589928057554,1,34.9657714821931
"cthm-05",4,2013,62.589928057554,1,34.9657714821931
"cthm-05",4,2014,62.589928057554,1,34.9657714821931
"cthm-05",4,2015,62.589928057554,1,34.9657714821931
"cthm-05",4,2016,62.589928057554,1,34.9657714821931
"cthm-05",4,2017,62.589928057554,1,34.9657714821931
"cthm-05",4,2018,62.589928057554,1,34.9657714821931
"cthm-05",4,2019,62.589928057554,1,34.9657714821931
"cthm-05",4,2020,62.589928057554,1,35.1086286250503
"cthm-05",4,2021,62.589928057554,1,35.1086286250503
"cthm-05",4,2022,62.589928057554,1,35.1086286250503
"cthm-05",4,2023,61.1510791366906,1,34.8208588408776
"cthm-05",4,2024,61.1510791366906,1,34.8208588408776
"cthm-05",4,2025,61.1510791366906,1,34.8208588408776
"cthm-05",5,1999,18.5714285714286,1,39.8651712170636
"cthm-05",5,2000,18.5714285714286,1,38.7067786764377
"cthm-05",5,2001,18.5714285714286,1,38.5618511402059
"cthm-05",5,2002,18.5714285714286,1,38.5618511402059
"cthm-05",5,2003,18.5714285714286,1,38.5618511402059
"cthm-05",5,2004,18.5714285714286,1,38.7057360322922
"cthm-05",5,2005,18.5714285714286,1,38.7057360322922
"cthm-05",5,2006,18.5714285714286,1,38.2740813560332
"cthm-05",5,2007,18.5714285714286,1,36.9801599714018
"cthm-05",5,2008,18.5714285714286,1,35.5413110505385
"cthm-05",5,2009,18.5714285714286,1,35.3974261584521
"cthm-05",5,2010,18.5714285714286,1,35.3974261584521
"cthm-05",5,2011,18.5714285714286,1,35.1096563742795
"cthm-05",5,2012,18.5714285714286,1,34.9657714821931
"cthm-05",5,2013,18.5714285714286,1,34.9657714821931
"cthm-05",5,2014,18.5714285714286,1,34.9657714821931
"cthm-05",5,2015,18.5714285714286,1,34.9657714821931
"cthm-05",5,2016,18.5714285714286,1,34.9657714821931
"cthm-05",5,2017,18.5714285714286,1,34.9657714821931
"cthm-05",5,2018,18.5714285714286,1,34.9657714821931
"cthm-05",5,2019,18.5714285714286,1,34.9657714821931
"cthm-05",5,2020,18.5714285714286,1,35.1086286250503
"cthm-05",5,2021,18.5714285714286,1,35.1086286250503
"cthm-05",5,2022,18.5714285714286,1,35.1086286250503
"cthm-05",5,2023,18.5714285714286,1,34.8208588408776
"cthm-05",5,2024,18.5714285714286,1,34.8208588408776
"cthm-05",5,2025,18.5714285714286,1,34.8208588408776
"cthm-05",6,1999,45.3237410071943,2,39.3194984385163
"cthm-05",6,2000,45.3237410071943,2,39.3194984385163
"cthm-05",6,2001,45.3237410071943,2,39.3194984385163
"cthm-05",6,2002,45.3237410071943,2,39.6072831176053
"cthm-05",6,2003,45.3237410071943,2,39.6072831176053
"cthm-05",6,2004,45.3237410071943,2,39.1766412956591
"cthm-05",6,2005,46.7625899280576,2,39.4644110798318
"cthm-05",6,2006,47.4820143884892,2,39.6082959719181
"cthm-05",6,2007,47.4820143884892,2,39.7511531147753
"cthm-05",6,2008,47.4820143884892,2,40.0249626385848
"cthm-05",6,2009,47.4820143884892,2,38.5756872762659
"cthm-05",6,2010,47.4820143884892,2,38.2879025971769
"cthm-05",6,2011,47.4820143884892,2,38.5756872762659
"cthm-05",6,2012,47.4820143884892,2,38.5756872762659
"cthm-05",6,2013,47.4820143884892,2,38.5756872762659
"cthm-05",6,2014,47.4820143884892,2,38.5756872762659
"cthm-05",6,2015,47.4820143884892,2,38.7185444191231
"cthm-05",6,2016,47.4820143884892,2,39.0083994915868
"cthm-05",6,2017,47.4820143884892,2,39.5881096365144
"cthm-05",6,2018,47.4820143884892,2,39.8779647089782
"cthm-05",6,2019,47.4820143884892,2,40.1678197814419
"cthm-05",6,2020,47.4820143884892,2,35.5844864481086
"cthm-05",6,2021,47.4820143884892,2,35.5844864481086
"cthm-05",6,2022,47.4820143884892,2,35.5844864481086
"cthm-05",6,2023,39.568345323741,2,33.569040419838
"cthm-05",6,2024,39.568345323741,2,30.2596879018524
"cthm-05",6,2025,39.568345323741,2,29.9719181176798
"cthm-05",7,1999,43.0555555555556,2,39.3194984385163
"cthm-05",7,2000,43.0555555555556,2,39.3194984385163
"cthm-05",7,2001,43.0555555555556,2,39.3194984385163
"cthm-05",7,2002,43.0555555555556,2,39.6072831176053
"cthm-05",7,2003,43.0555555555556,2,39.6072831176053
"cthm-05",7,2004,43.0555555555556,2,39.1766412956591
"cthm-05",7,2005,43.0555555555556,2,39.4644110798318
"cthm-05",7,2006,43.0555555555556,2,39.6082959719181
"cthm-05",7,2007,43.0555555555555,2,39.7511531147753
"cthm-05",7,2008,45.1388888888889,2,40.0249626385848
"cthm-05",7,2009,45.1388888888889,2,38.5756872762659
"cthm-05",7,2010,45.1388888888889,2,38.2879025971769
"cthm-05",7,2011,45.1388888888889,2,38.5756872762659
"cthm-05",7,2012,45.1388888888889,2,38.5756872762659
"cthm-05",7,2013,45.1388888888889,2,38.5756872762659
"cthm-05",7,2014,45.1388888888889,2,38.5756872762659
"cthm-05",7,2015,45.1388888888889,2,38.7185444191231
"cthm-05",7,2016,45.1388888888889,2,39.0083994915868
"cthm-05",7,2017,45.1388888888889,2,39.5881096365144
"cthm-05",7,2018,45.1388888888889,2,39.8779647089782
"cthm-05",7,2019,45.1388888888889,2,40.1678197814419
"cthm-05",7,2020,22.2222222222222,2,35.5844864481086
"cthm-05",7,2021,22.2222222222222,2,35.5844864481086
"cthm-05",7,2022,22.2222222222222,2,35.5844864481086
"cthm-05",7,2023,22.2222222222222,2,33.569040419838
"cthm-05",7,2024,22.2222222222222,2,30.2596879018524
"cthm-05",7,2025,22.2222222222222,2,29.9719181176798
"cthm-05",8,1999,24.4604316546763,2,39.3194984385163
"cthm-05",8,2000,24.4604316546763,2,39.3194984385163
"cthm-05",8,2001,24.4604316546763,2,39.3194984385163
"cthm-05",8,2002,24.4604316546763,2,39.6072831176053
"cthm-05",8,2003,24.4604316546763,2,39.6072831176053
"cthm-05",8,2004,24.4604316546763,2,39.1766412956591
"cthm-05",8,2005,24.4604316546763,2,39.4644110798318
"cthm-05",8,2006,24.4604316546763,2,39.6082959719181
"cthm-05",8,2007,24.4604316546763,2,39.7511531147753
"cthm-05",8,2008,24.4604316546763,2,40.0249626385848
"cthm-05",8,2009,24.4604316546763,2,38.5756872762659
"cthm-05",8,2010,24.4604316546763,2,38.2879025971769
"cthm-05",8,2011,24.4604316546763,2,38.5756872762659
"cthm-05",8,2012,24.4604316546763,2,38.5756872762659
"cthm-05",8,2013,24.4604316546763,2,38.5756872762659
"cthm-05",8,2014,24.4604316546763,2,38.5756872762659
"cthm-05",8,2015,24.4604316546763,2,38.7185444191231
"cthm-05",8,2016,24.4604316546763,2,39.0083994915868
"cthm-05",8,2017,24.4604316546763,2,39.5881096365144
"cthm-05",8,2018,24.4604316546763,2,39.8779647089782
"cthm-05",8,2019,24.4604316546763,2,40.1678197814419
"cthm-05",8,2020,24.4604316546763,2,35.5844864481086
"cthm-05",8,2021,24.4604316546763,2,35.5844864481086
"cthm-05",8,2022,24.4604316546763,2,35.5844864481086
"cthm-05",8,2023,24.4604316546763,2,33.569040419838
"cthm-05",8,2024,7.9136690647482,2,30.2596879018524
"cthm-05",8,2025,6.47482014388489,2,29.9719181176798
"cthm-05",9,1999,20.7142857142858,2,39.3194984385163
"cthm-05",9,2000,20.7142857142858,2,39.3194984385163
"cthm-05",9,2001,20.7142857142858,2,39.3194984385163
"cthm-05",9,2002,21.4285714285715,2,39.6072831176053
"cthm-05",9,2003,21.4285714285715,2,39.6072831176053
"cthm-05",9,2004,20,2,39.1766412956591
"cthm-05",9,2005,20,2,39.4644110798318
"cthm-05",9,2006,20,2,39.6082959719181
"cthm-05",9,2007,20.7142857142858,2,39.7511531147753
"cthm-05",9,2008,20,2,40.0249626385848
"cthm-05",9,2009,20,2,38.5756872762659
"cthm-05",9,2010,19.2857142857143,2,38.2879025971769
"cthm-05",9,2011,20,2,38.5756872762659
"cthm-05",9,2012,20,2,38.5756872762659
"cthm-05",9,2013,20,2,38.5756872762659
"cthm-05",9,2014,20,2,38.5756872762659
"cthm-05",9,2015,20.7142857142857,2,38.7185444191231
"cthm-05",9,2016,20.7142857142857,2,39.0083994915868
"cthm-05",9,2017,20.7142857142857,2,39.5881096365144
"cthm-05",9,2018,20.7142857142857,2,39.8779647089782
"cthm-05",9,2019,20.7142857142857,2,40.1678197814419
"cthm-05",9,2020,20.7142857142857,2,35.5844864481086
"cthm-05",9,2021,20.7142857142857,2,35.5844864481086
"cthm-05",9,2022,20.7142857142857,2,35.5844864481086
"cthm-05",9,2023,20,2,33.569040419838
"cthm-05",9,2024,20,2,30.2596879018524
"cthm-05",9,2025,20,2,29.9719181176798
"cthm-05",10,1999,63.0434782608696,2,39.3194984385163
"cthm-05",10,2000,63.0434782608696,2,39.3194984385163
"cthm-05",10,2001,63.0434782608696,2,39.3194984385163
"cthm-05",10,2002,63.768115942029,2,39.6072831176053
"cthm-05",10,2003,63.768115942029,2,39.6072831176053
"cthm-05",10,2004,63.0434782608696,2,39.1766412956591
"cthm-05",10,2005,63.0434782608696,2,39.4644110798318
"cthm-05",10,2006,63.0434782608696,2,39.6082959719181
"cthm-05",10,2007,63.0434782608696,2,39.7511531147753
"cthm-05",10,2008,63.0434782608696,2,40.0249626385848
"cthm-05",10,2009,55.7971014492754,2,38.5756872762659
"cthm-05",10,2010,55.072463768116,2,38.2879025971769
"cthm-05",10,2011,55.7971014492754,2,38.5756872762659
"cthm-05",10,2012,55.7971014492754,2,38.5756872762659
"cthm-05",10,2013,55.7971014492754,2,38.5756872762659
"cthm-05",10,2014,55.7971014492754,2,38.5756872762659
"cthm-05",10,2015,55.7971014492754,2,38.7185444191231
"cthm-05",10,2016,57.2463768115942,2,39.0083994915868
"cthm-05",10,2017,60.1449275362319,2,39.5881096365144
"cthm-05",10,2018,61.5942028985508,2,39.8779647089782
"cthm-05",10,2019,63.0434782608696,2,40.1678197814419
"cthm-05",10,2020,63.0434782608696,2,35.5844864481086
"cthm-05",10,2021,63.0434782608696,2,35.5844864481086
"cthm-05",10,2022,63.0434782608696,2,35.5844864481086
"cthm-05",10,2023,61.5942028985508,2,33.569040419838
"cthm-05",10,2024,61.5942028985508,2,30.2596879018524
"cthm-05",10,2025,61.5942028985508,2,29.9719181176798
"cthm-05",11,1999,75,3,45.6544476672552
"cthm-05",11,2000,75,3,46.4972286373851
"cthm-05",11,2001,73.5714285714285,3,48.9106912424924
"cthm-05",11,2002,73.5714285714285,3,50.3189263565288
"cthm-05",11,2003,73.5714285714285,3,52.4631516503115
"cthm-05",11,2004,73.5714285714285,3,53.0429518263223
"cthm-05",11,2005,73.5714285714285,3,55.5247036511398
"cthm-05",11,2006,73.5714285714285,3,56.1086452569792
"cthm-05",11,2007,73.5714285714285,3,56.5527267229585
"cthm-05",11,2008,73.5714285714285,3,56.4067413214986
"cthm-05",11,2009,73.5714285714285,3,56.4067413214986
"cthm-05",11,2010,73.5714285714285,3,56.6987121244183
"cthm-05",11,2011,73.5714285714285,3,56.6987121244183
"cthm-05",11,2012,73.5714285714285,3,56.6987121244183
"cthm-05",11,2013,73.5714285714285,3,56.6987121244183
"cthm-05",11,2014,73.5714285714285,3,56.6987121244183
"cthm-05",11,2015,73.5714285714285,3,56.6987121244183
"cthm-05",11,2016,73.5714285714285,3,56.6987121244183
"cthm-05",11,2017,63.5714285714286,3,54.6987121244183
"cthm-05",11,2018,63.5714285714286,3,54.6987121244183
"cthm-05",11,2019,65,3,54.9844264101326
"cthm-05",11,2020,65,3,54.9844264101326
"cthm-05",11,2021,65.7142857142857,3,55.1272835529898
"cthm-05",11,2022,65.7142857142857,3,55.1272835529898
"cthm-05",11,2023,67.8571428571428,3,55.415994841701
"cthm-05",11,2024,70,3,55.7027222986413
"cthm-05",11,2025,73.5714285714285,3,55.9874513458072
"cthm-05",12,1999,40.2877697841727,3,45.6544476672552
"cthm-05",12,2000,40.2877697841727,3,46.4972286373851
"cthm-05",12,2001,40.2877697841727,3,48.9106912424924
"cthm-05",12,2002,36.6906474820144,3,50.3189263565288
"cthm-05",12,2003,36.6906474820144,3,52.4631516503115
"cthm-05",12,2004,36.6906474820144,3,53.0429518263223
"cthm-05",12,2005,36.6906474820144,3,55.5247036511398
"cthm-05",12,2006,36.6906474820144,3,56.1086452569792
"cthm-05",12,2007,36.6906474820144,3,56.5527267229585
"cthm-05",12,2008,36.6906474820144,3,56.4067413214986
"cthm-05",12,2009,36.6906474820144,3,56.4067413214986
"cthm-05",12,2010,36.6906474820144,3,56.6987121244183
"cthm-05",12,2011,36.6906474820144,3,56.6987121244183
"cthm-05",12,2012,36.6906474820144,3,56.6987121244183
"cthm-05",12,2013,36.6906474820144,3,56.6987121244183
"cthm-05",12,2014,36.6906474820144,3,56.6987121244183
"cthm-05",12,2015,36.6906474820144,3,56.6987121244183
"cthm-05",12,2016,36.6906474820144,3,56.6987121244183
"cthm-05",12,2017,36.6906474820144,3,54.6987121244183
"cthm-05",12,2018,36.6906474820144,3,54.6987121244183
"cthm-05",12,2019,36.6906474820144,3,54.9844264101326
"cthm-05",12,2020,36.6906474820144,3,54.9844264101326
"cthm-05",12,2021,36.6906474820144,3,55.1272835529898
"cthm-05",12,2022,36.6906474820144,3,55.1272835529898
"cthm-05",12,2023,36.6906474820144,3,55.415994841701
"cthm-05",12,2024,36.6906474820144,3,55.7027222986413
"cthm-05",12,2025,35.9712230215827,3,55.9874513458072
"cthm-05",13,1999,33.5766423357664,3,45.6544476672552
"cthm-05",13,2000,32.1167883211679,3,46.4972286373851
"cthm-05",13,2001,32.8467153284671,3,48.9106912424924
"cthm-05",13,2002,32.8467153284671,3,50.3189263565288
"cthm-05",13,2003,35.7664233576642,3,52.4631516503115
"cthm-05",13,2004,37.9562043795621,3,53.0429518263223
"cthm-05",13,2005,50.3649635036496,3,55.5247036511398
"cthm-05",13,2006,53.2846715328467,3,56.1086452569792
"cthm-05",13,2007,56.2043795620438,3,56.5527267229585
"cthm-05",13,2008,55.4744525547445,3,56.4067413214986
"cthm-05",13,2009,55.4744525547445,3,56.4067413214986
"cthm-05",13,2010,56.934306569343,3,56.6987121244183
"cthm-05",13,2011,56.934306569343,3,56.6987121244183
"cthm-05",13,2012,56.934306569343,3,56.6987121244183
"cthm-05",13,2013,56.934306569343,3,56.6987121244183
"cthm-05",13,2014,56.934306569343,3,56.6987121244183
"cthm-05",13,2015,56.934306569343,3,56.6987121244183
"cthm-05",13,2016,56.934306569343,3,56.6987121244183
"cthm-05",13,2017,56.934306569343,3,54.6987121244183
"cthm-05",13,2018,56.934306569343,3,54.6987121244183
"cthm-05",13,2019,56.934306569343,3,54.9844264101326
"cthm-05",13,2020,56.934306569343,3,54.9844264101326
"cthm-05",13,2021,56.934306569343,3,55.1272835529898
"cthm-05",13,2022,56.934306569343,3,55.1272835529898
"cthm-05",13,2023,56.934306569343,3,55.415994841701
"cthm-05",13,2024,56.934306569343,3,55.7027222986413
"cthm-05",13,2025,56.934306569343,3,55.9874513458072
"cthm-05",14,1999,27.6595744680851,3,45.6544476672552
"cthm-05",14,2000,33.3333333333333,3,46.4972286373851
"cthm-05",14,2001,46.0992907801418,3,48.9106912424924
"cthm-05",14,2002,56.7375886524823,3,50.3189263565288
"cthm-05",14,2003,64.5390070921986,3,52.4631516503115
"cthm-05",14,2004,65.2482269503546,3,53.0429518263223
"cthm-05",14,2005,65.2482269503546,3,55.5247036511398
"cthm-05",14,2006,65.2482269503546,3,56.1086452569792
"cthm-05",14,2007,65.2482269503546,3,56.5527267229585
"cthm-05",14,2008,65.2482269503546,3,56.4067413214986
"cthm-05",14,2009,65.2482269503546,3,56.4067413214986
"cthm-05",14,2010,65.2482269503546,3,56.6987121244183
"cthm-05",14,2011,65.2482269503546,3,56.6987121244183
"cthm-05",14,2012,65.2482269503546,3,56.6987121244183
"cthm-05",14,2013,65.2482269503546,3,56.6987121244183
"cthm-05",14,2014,65.2482269503546,3,56.6987121244183
"cthm-05",14,2015,65.2482269503546,3,56.6987121244183
"cthm-05",14,2016,65.2482269503546,3,56.6987121244183
"cthm-05",14,2017,65.2482269503546,3,54.6987121244183
"cthm-05",14,2018,65.2482269503546,3,54.6987121244183
"cthm-05",14,2019,65.2482269503546,3,54.9844264101326
"cthm-05",14,2020,65.2482269503546,3,54.9844264101326
"cthm-05",14,2021,65.2482269503546,3,55.1272835529898
"cthm-05",14,2022,65.2482269503546,3,55.1272835529898
"cthm-05",14,2023,65.2482269503546,3,55.415994841701
"cthm-05",14,2024,64.5390070921986,3,55.7027222986413
"cthm-05",14,2025,62.4113475177306,3,55.9874513458072
"cthm-05",15,1999,51.7482517482518,3,45.6544476672552
"cthm-05",15,2000,51.7482517482518,3,46.4972286373851
"cthm-05",15,2001,51.7482517482518,3,48.9106912424924
"cthm-05",15,2002,51.7482517482518,3,50.3189263565288
"cthm-05",15,2003,51.7482517482518,3,52.4631516503115
"cthm-05",15,2004,51.7482517482518,3,53.0429518263223
"cthm-05",15,2005,51.7482517482518,3,55.5247036511398
"cthm-05",15,2006,51.7482517482518,3,56.1086452569792
"cthm-05",15,2007,51.0489510489511,3,56.5527267229585
"cthm-05",15,2008,51.0489510489511,3,56.4067413214986
"cthm-05",15,2009,51.0489510489511,3,56.4067413214986
"cthm-05",15,2010,51.0489510489511,3,56.6987121244183
"cthm-05",15,2011,51.0489510489511,3,56.6987121244183
"cthm-05",15,2012,51.0489510489511,3,56.6987121244183
"cthm-05",15,2013,51.0489510489511,3,56.6987121244183
"cthm-05",15,2014,51.0489510489511,3,56.6987121244183
"cthm-05",15,2015,51.0489510489511,3,56.6987121244183
"cthm-05",15,2016,51.0489510489511,3,56.6987121244183
"cthm-05",15,2017,51.0489510489511,3,54.6987121244183
"cthm-05",15,2018,51.0489510489511,3,54.6987121244183
"cthm-05",15,2019,51.0489510489511,3,54.9844264101326
"cthm-05",15,2020,51.0489510489511,3,54.9844264101326
"cthm-05",15,2021,51.0489510489511,3,55.1272835529898
"cthm-05",15,2022,51.0489510489511,3,55.1272835529898
"cthm-05",15,2023,50.3496503496504,3,55.415994841701
"cthm-05",15,2024,50.3496503496504,3,55.7027222986413
"cthm-05",15,2025,51.0489510489511,3,55.9874513458072
"cthm-05",16,1999,41.6058394160584,4,30.9386123180431
"cthm-05",16,2000,20.4379562043796,4,26.7050356757073
"cthm-05",16,2001,18.2481751824818,4,26.2670794713278
"cthm-05",16,2002,18.2481751824818,4,26.2670794713278
"cthm-05",16,2003,18.2481751824818,4,26.4109643634141
"cthm-05",16,2004,18.2481751824818,4,26.5548492555004
"cthm-05",16,2005,18.2481751824818,4,27.9936981763637
"cthm-05",16,2006,13.1386861313869,4,27.5473399344901
"cthm-05",16,2007,13.1386861313869,4,27.4054959628589
"cthm-05",16,2008,13.1386861313869,4,27.4054959628589
"cthm-05",16,2009,13.1386861313869,4,27.4054959628589
"cthm-05",16,2010,13.1386861313869,4,27.4054959628589
"cthm-05",16,2011,13.1386861313869,4,27.2636519912277
"cthm-05",16,2012,13.1386861313869,4,27.2636519912277
"cthm-05",16,2013,13.1386861313869,4,27.1187244549958
"cthm-05",16,2014,13.1386861313869,4,27.1187244549958
"cthm-05",16,2015,13.1386861313869,4,27.1187244549958
"cthm-05",16,2016,13.1386861313869,4,27.1187244549958
"cthm-05",16,2017,8.75912408759124,4,25.808029437541
"cthm-05",16,2018,8.75912408759124,4,25.6631019013091
"cthm-05",16,2019,8.75912408759124,4,25.6631019013091
"cthm-05",16,2020,8.75912408759124,4,25.6631019013091
"cthm-05",16,2021,8.75912408759124,4,25.5181743650772
"cthm-05",16,2022,8.75912408759124,4,25.5181743650772
"cthm-05",16,2023,8.75912408759124,4,25.808029437541
"cthm-05",16,2024,8.75912408759124,4,25.6691405486521
"cthm-05",16,2025,8.75912408759124,4,25.6691405486521
"cthm-05",17,1999,18.75,4,30.9386123180431
"cthm-05",17,2000,18.75,4,26.7050356757073
"cthm-05",17,2001,18.75,4,26.2670794713278
"cthm-05",17,2002,18.75,4,26.2670794713278
"cthm-05",17,2003,18.75,4,26.4109643634141
"cthm-05",17,2004,18.75,4,26.5548492555004
"cthm-05",17,2005,18.75,4,27.9936981763637
"cthm-05",17,2006,18.75,4,27.5473399344901
"cthm-05",17,2007,18.75,4,27.4054959628589
"cthm-05",17,2008,18.75,4,27.4054959628589
"cthm-05",17,2009,18.75,4,27.4054959628589
"cthm-05",17,2010,18.75,4,27.4054959628589
"cthm-05",17,2011,18.75,4,27.2636519912277
"cthm-05",17,2012,18.75,4,27.2636519912277
"cthm-05",17,2013,18.75,4,27.1187244549958
"cthm-05",17,2014,18.75,4,27.1187244549958
"cthm-05",17,2015,18.75,4,27.1187244549958
"cthm-05",17,2016,18.75,4,27.1187244549958
"cthm-05",17,2017,18.75,4,25.808029437541
"cthm-05",17,2018,18.75,4,25.6631019013091
"cthm-05",17,2019,18.75,4,25.6631019013091
"cthm-05",17,2020,18.75,4,25.6631019013091
"cthm-05",17,2021,18.75,4,25.5181743650772
"cthm-05",17,2022,18.75,4,25.5181743650772
"cthm-05",17,2023,18.75,4,25.808029437541
"cthm-05",17,2024,18.0555555555556,4,25.6691405486521
"cthm-05",17,2025,18.0555555555556,4,25.6691405486521
"cthm-05",18,1999,12.7659574468085,4,30.9386123180431
"cthm-05",18,2000,12.7659574468085,4,26.7050356757073
"cthm-05",18,2001,12.7659574468085,4,26.2670794713278
"cthm-05",18,2002,12.7659574468085,4,26.2670794713278
"cthm-05",18,2003,12.7659574468085,4,26.4109643634141
"cthm-05",18,2004,12.7659574468085,4,26.5548492555004
"cthm-05",18,2005,12.7659574468085,4,27.9936981763637
"cthm-05",18,2006,12.7659574468085,4,27.5473399344901
"cthm-05",18,2007,12.0567375886525,4,27.4054959628589
"cthm-05",18,2008,12.0567375886525,4,27.4054959628589
"cthm-05",18,2009,12.0567375886525,4,27.4054959628589
"cthm-05",18,2010,12.0567375886525,4,27.4054959628589
"cthm-05",18,2011,11.3475177304965,4,27.2636519912277
"cthm-05",18,2012,11.3475177304965,4,27.2636519912277
"cthm-05",18,2013,11.3475177304965,4,27.1187244549958
"cthm-05",18,2014,11.3475177304965,4,27.1187244549958
"cthm-05",18,2015,11.3475177304965,4,27.1187244549958
"cthm-05",18,2016,11.3475177304965,4,27.1187244549958
"cthm-05",18,2017,11.3475177304965,4,25.808029437541
"cthm-05",18,2018,11.3475177304965,4,25.6631019013091
"cthm-05",18,2019,11.3475177304965,4,25.6631019013091
"cthm-05",18,2020,11.3475177304965,4,25.6631019013091
"cthm-05",18,2021,11.3475177304965,4,25.5181743650772
"cthm-05",18,2022,11.3475177304965,4,25.5181743650772
"cthm-05",18,2023,11.3475177304965,4,25.808029437541
"cthm-05",18,2024,11.3475177304965,4,25.6691405486521
"cthm-05",18,2025,11.3475177304965,4,25.6691405486521
"cthm-05",19,1999,38.4057971014492,4,30.9386123180431
"cthm-05",19,2000,38.4057971014492,4,26.7050356757073
"cthm-05",19,2001,38.4057971014492,4,26.2670794713278
"cthm-05",19,2002,38.4057971014492,4,26.2670794713278
"cthm-05",19,2003,38.4057971014492,4,26.4109643634141
"cthm-05",19,2004,38.4057971014492,4,26.5548492555004
"cthm-05",19,2005,38.4057971014492,4,27.9936981763637
"cthm-05",19,2006,38.4057971014492,4,27.5473399344901
"cthm-05",19,2007,38.4057971014492,4,27.4054959628589
"cthm-05",19,2008,38.4057971014492,4,27.4054959628589
"cthm-05",19,2009,38.4057971014492,4,27.4054959628589
"cthm-05",19,2010,38.4057971014492,4,27.4054959628589
"cthm-05",19,2011,38.4057971014492,4,27.2636519912277
"cthm-05",19,2012,38.4057971014492,4,27.2636519912277
"cthm-05",19,2013,37.6811594202898,4,27.1187244549958
"cthm-05",19,2014,37.6811594202898,4,27.1187244549958
"cthm-05",19,2015,37.6811594202898,4,27.1187244549958
"cthm-05",19,2016,37.6811594202898,4,27.1187244549958
"cthm-05",19,2017,35.5072463768115,4,25.808029437541
"cthm-05",19,2018,34.7826086956521,4,25.6631019013091
"cthm-05",19,2019,34.7826086956521,4,25.6631019013091
"cthm-05",19,2020,34.7826086956521,4,25.6631019013091
"cthm-05",19,2021,34.0579710144927,4,25.5181743650772
"cthm-05",19,2022,34.0579710144927,4,25.5181743650772
"cthm-05",19,2023,35.5072463768115,4,25.808029437541
"cthm-05",19,2024,35.5072463768115,4,25.6691405486521
"cthm-05",19,2025,35.5072463768115,4,25.6691405486521
"cthm-05",20,1999,43.1654676258993,4,30.9386123180431
"cthm-05",20,2000,43.1654676258993,4,26.7050356757073
"cthm-05",20,2001,43.1654676258993,4,26.2670794713278
"cthm-05",20,2002,43.1654676258993,4,26.2670794713278
"cthm-05",20,2003,43.8848920863309,4,26.4109643634141
"cthm-05",20,2004,44.6043165467626,4,26.5548492555004
"cthm-05",20,2005,51.7985611510791,4,27.9936981763637
"cthm-05",20,2006,54.6762589928058,4,27.5473399344901
"cthm-05",20,2007,54.6762589928058,4,27.4054959628589
"cthm-05",20,2008,54.6762589928058,4,27.4054959628589
"cthm-05",20,2009,54.6762589928058,4,27.4054959628589
"cthm-05",20,2010,54.6762589928058,4,27.4054959628589
"cthm-05",20,2011,54.6762589928058,4,27.2636519912277
"cthm-05",20,2012,54.6762589928058,4,27.2636519912277
"cthm-05",20,2013,54.6762589928058,4,27.1187244549958
"cthm-05",20,2014,54.6762589928058,4,27.1187244549958
"cthm-05",20,2015,54.6762589928058,4,27.1187244549958
"cthm-05",20,2016,54.6762589928058,4,27.1187244549958
"cthm-05",20,2017,54.6762589928058,4,25.808029437541
"cthm-05",20,2018,54.6762589928058,4,25.6631019013091
"cthm-05",20,2019,54.6762589928058,4,25.6631019013091
"cthm-05",20,2020,54.6762589928058,4,25.6631019013091
"cthm-05",20,2021,54.6762589928058,4,25.5181743650772
"cthm-05",20,2022,54.6762589928058,4,25.5181743650772
"cthm-05",20,2023,54.6762589928058,4,25.808029437541
"cthm-05",20,2024,54.6762589928058,4,25.6691405486521
"cthm-05",20,2025,54.6762589928058,4,25.6691405486521
"cthm-06",1,1999,50.0000000000001,1,40.9424460431655
"cthm-06",1,2000,50.0000000000001,1,40.9424460431655
"cthm-06",1,2001,50.0000000000001,1,38.6402877697842
"cthm-06",1,2002,49.2753623188406,1,38.4963879827815
"cthm-06",1,2003,49.2753623188405,1,38.6402728748678
"cthm-06",1,2004,49.2753623188405,1,38.7841577669541
"cthm-06",1,2005,49.2753623188405,1,38.7841577669541
"cthm-06",1,2006,49.2753623188405,1,35.641300624097
"cthm-06",1,2007,48.5507246376811,1,35.4974008370943
"cthm-06",1,2008,48.5507246376811,1,35.9290555133533
"cthm-06",1,2009,48.5507246376811,1,35.6443689768682
"cthm-06",1,2010,48.5507246376811,1,36.2199085452135
"cthm-06",1,2011,48.5507246376811,1,36.2199085452135
"cthm-06",1,2012,48.5507246376811,1,36.2199085452135
"cthm-06",1,2013,48.5507246376811,1,36.2199085452135
"cthm-06",1,2014,48.5507246376811,1,36.2199085452135
"cthm-06",1,2015,48.5507246376811,1,36.2199085452135
"cthm-06",1,2016,48.5507246376811,1,36.2199085452135
"cthm-06",1,2017,48.5507246376811,1,36.0770514023564
"cthm-06",1,2018,48.5507246376811,1,36.0770514023564
"cthm-06",1,2019,48.5507246376811,1,36.0770514023564
"cthm-06",1,2020,48.5507246376811,1,36.0770514023564
"cthm-06",1,2021,48.5507246376811,1,36.0770514023564
"cthm-06",1,2022,48.5507246376811,1,36.0770514023564
"cthm-06",1,2023,48.5507246376811,1,36.0770514023564
"cthm-06",1,2024,48.5507246376811,1,36.2199085452135
"cthm-06",1,2025,44.9275362318841,1,35.6381280069112
"cthm-06",2,1999,37.8571428571429,1,40.9424460431655
"cthm-06",2,2000,37.8571428571429,1,40.9424460431655
"cthm-06",2,2001,37.8571428571429,1,38.6402877697842
"cthm-06",2,2002,37.1428571428572,1,38.4963879827815
"cthm-06",2,2003,37.1428571428572,1,38.6402728748678
"cthm-06",2,2004,37.1428571428572,1,38.7841577669541
"cthm-06",2,2005,37.1428571428572,1,38.7841577669541
"cthm-06",2,2006,37.1428571428572,1,35.641300624097
"cthm-06",2,2007,36.4285714285715,1,35.4974008370943
"cthm-06",2,2008,36.4285714285715,1,35.9290555133533
"cthm-06",2,2009,36.4285714285715,1,35.6443689768682
"cthm-06",2,2010,36.4285714285715,1,36.2199085452135
"cthm-06",2,2011,36.4285714285715,1,36.2199085452135
"cthm-06",2,2012,36.4285714285715,1,36.2199085452135
"cthm-06",2,2013,36.4285714285715,1,36.2199085452135
"cthm-06",2,2014,36.4285714285715,1,36.2199085452135
"cthm-06",2,2015,36.4285714285715,1,36.2199085452135
"cthm-06",2,2016,36.4285714285715,1,36.2199085452135
"cthm-06",2,2017,35,1,36.0770514023564
"cthm-06",2,2018,35,1,36.0770514023564
"cthm-06",2,2019,35,1,36.0770514023564
"cthm-06",2,2020,35,1,36.0770514023564
"cthm-06",2,2021,35,1,36.0770514023564
"cthm-06",2,2022,35,1,36.0770514023564
"cthm-06",2,2023,35,1,36.0770514023564
"cthm-06",2,2024,35,1,36.2199085452135
"cthm-06",2,2025,35,1,35.6381280069112
"cthm-06",3,1999,10.0719424460432,1,40.9424460431655
"cthm-06",3,2000,10.0719424460432,1,40.9424460431655
"cthm-06",3,2001,7.19424460431654,1,38.6402877697842
"cthm-06",3,2002,7.19424460431654,1,38.4963879827815
"cthm-06",3,2003,7.19424460431654,1,38.6402728748678
"cthm-06",3,2004,7.19424460431654,1,38.7841577669541
"cthm-06",3,2005,7.19424460431654,1,38.7841577669541
"cthm-06",3,2006,7.19424460431654,1,35.641300624097
"cthm-06",3,2007,7.19424460431654,1,35.4974008370943
"cthm-06",3,2008,7.19424460431654,1,35.9290555133533
"cthm-06",3,2009,7.19424460431654,1,35.6443689768682
"cthm-06",3,2010,7.19424460431654,1,36.2199085452135
"cthm-06",3,2011,7.19424460431654,1,36.2199085452135
"cthm-06",3,2012,7.19424460431654,1,36.2199085452135
"cthm-06",3,2013,7.19424460431654,1,36.2199085452135
"cthm-06",3,2014,7.19424460431654,1,36.2199085452135
"cthm-06",3,2015,7.19424460431654,1,36.2199085452135
"cthm-06",3,2016,7.19424460431654,1,36.2199085452135
"cthm-06",3,2017,7.19424460431654,1,36.0770514023564
"cthm-06",3,2018,7.19424460431654,1,36.0770514023564
"cthm-06",3,2019,7.19424460431654,1,36.0770514023564
"cthm-06",3,2020,7.19424460431654,1,36.0770514023564
"cthm-06",3,2021,7.19424460431654,1,36.0770514023564
"cthm-06",3,2022,7.19424460431654,1,36.0770514023564
"cthm-06",3,2023,7.19424460431654,1,36.0770514023564
"cthm-06",3,2024,7.19424460431654,1,36.2199085452135
"cthm-06",3,2025,7.19424460431654,1,35.6381280069112
"cthm-06",4,1999,49.6402877697842,1,40.9424460431655
"cthm-06",4,2000,49.6402877697842,1,40.9424460431655
"cthm-06",4,2001,41.0071942446043,1,38.6402877697842
"cthm-06",4,2002,41.726618705036,1,38.4963879827815
"cthm-06",4,2003,42.4460431654676,1,38.6402728748678
"cthm-06",4,2004,43.1654676258993,1,38.7841577669541
"cthm-06",4,2005,43.1654676258993,1,38.7841577669541
"cthm-06",4,2006,43.1654676258993,1,35.641300624097
"cthm-06",4,2007,43.8848920863309,1,35.4974008370943
"cthm-06",4,2008,46.0431654676259,1,35.9290555133533
"cthm-06",4,2009,46.7625899280575,1,35.6443689768682
"cthm-06",4,2010,49.6402877697842,1,36.2199085452135
"cthm-06",4,2011,49.6402877697842,1,36.2199085452135
"cthm-06",4,2012,49.6402877697842,1,36.2199085452135
"cthm-06",4,2013,49.6402877697842,1,36.2199085452135
"cthm-06",4,2014,49.6402877697842,1,36.2199085452135
"cthm-06",4,2015,49.6402877697842,1,36.2199085452135
"cthm-06",4,2016,49.6402877697842,1,36.2199085452135
"cthm-06",4,2017,49.6402877697842,1,36.0770514023564
"cthm-06",4,2018,49.6402877697842,1,36.0770514023564
"cthm-06",4,2019,49.6402877697842,1,36.0770514023564
"cthm-06",4,2020,49.6402877697842,1,36.0770514023564
"cthm-06",4,2021,49.6402877697842,1,36.0770514023564
"cthm-06",4,2022,49.6402877697842,1,36.0770514023564
"cthm-06",4,2023,49.6402877697842,1,36.0770514023564
"cthm-06",4,2024,49.6402877697842,1,36.2199085452135
"cthm-06",4,2025,49.6402877697842,1,35.6381280069112
"cthm-06",5,1999,57.1428571428572,1,40.9424460431655
"cthm-06",5,2000,57.1428571428572,1,40.9424460431655
"cthm-06",5,2001,57.1428571428572,1,38.6402877697842
"cthm-06",5,2002,57.1428571428572,1,38.4963879827815
"cthm-06",5,2003,57.1428571428572,1,38.6402728748678
"cthm-06",5,2004,57.1428571428572,1,38.7841577669541
"cthm-06",5,2005,57.1428571428572,1,38.7841577669541
"cthm-06",5,2006,41.4285714285714,1,35.641300624097
"cthm-06",5,2007,41.4285714285714,1,35.4974008370943
"cthm-06",5,2008,41.4285714285714,1,35.9290555133533
"cthm-06",5,2009,39.2857142857143,1,35.6443689768682
"cthm-06",5,2010,39.2857142857143,1,36.2199085452135
"cthm-06",5,2011,39.2857142857143,1,36.2199085452135
"cthm-06",5,2012,39.2857142857143,1,36.2199085452135
"cthm-06",5,2013,39.2857142857143,1,36.2199085452135
"cthm-06",5,2014,39.2857142857143,1,36.2199085452135
"cthm-06",5,2015,39.2857142857143,1,36.2199085452135
"cthm-06",5,2016,39.2857142857143,1,36.2199085452135
"cthm-06",5,2017,40,1,36.0770514023564
"cthm-06",5,2018,40,1,36.0770514023564
"cthm-06",5,2019,40,1,36.0770514023564
"cthm-06",5,2020,40,1,36.0770514023564
"cthm-06",5,2021,40,1,36.0770514023564
"cthm-06",5,2022,40,1,36.0770514023564
"cthm-06",5,2023,40,1,36.0770514023564
"cthm-06",5,2024,40.7142857142857,1,36.2199085452135
"cthm-06",5,2025,41.4285714285714,1,35.6381280069112
"cthm-06",6,1999,15.8273381294964,2,29.6433859123881
"cthm-06",6,2000,15.8273381294964,2,29.6433859123881
"cthm-06",6,2001,15.8273381294964,2,29.6433859123881
"cthm-06",6,2002,15.8273381294964,2,29.6433859123881
"cthm-06",6,2003,15.8273381294964,2,29.6433859123881
"cthm-06",6,2004,15.8273381294964,2,29.6433859123881
"cthm-06",6,2005,15.8273381294964,2,29.6433859123881
"cthm-06",6,2006,15.8273381294964,2,29.6433859123881
"cthm-06",6,2007,15.8273381294964,2,29.6433859123881
"cthm-06",6,2008,15.8273381294964,2,29.6433859123881
"cthm-06",6,2009,15.8273381294964,2,29.6433859123881
"cthm-06",6,2010,15.8273381294964,2,29.6433859123881
"cthm-06",6,2011,15.8273381294964,2,29.6433859123881
"cthm-06",6,2012,15.8273381294964,2,27.9291001981024
"cthm-06",6,2013,15.8273381294964,2,28.3648658712781
"cthm-06",6,2014,15.8273381294964,2,28.2261197253377
"cthm-06",6,2015,15.8273381294964,2,28.8026870429122
"cthm-06",6,2016,15.8273381294964,2,29.3782266112576
"cthm-06",6,2017,15.8273381294964,2,29.3782266112576
"cthm-06",6,2018,15.8273381294964,2,29.3782266112576
"cthm-06",6,2019,15.8273381294964,2,29.6639408969718
"cthm-06",6,2020,15.8273381294964,2,31.9506829319153
"cthm-06",6,2021,15.8273381294964,2,32.8098812875166
"cthm-06",6,2022,15.8273381294964,2,33.3813098589451
"cthm-06",6,2023,15.8273381294964,2,32.6608427543679
"cthm-06",6,2024,15.8273381294964,2,32.6608427543679
"cthm-06",6,2025,15.8273381294964,2,32.6608427543679
"cthm-06",7,1999,33.0935251798561,2,29.6433859123881
"cthm-06",7,2000,33.0935251798561,2,29.6433859123881
"cthm-06",7,2001,33.0935251798561,2,29.6433859123881
"cthm-06",7,2002,33.0935251798561,2,29.6433859123881
"cthm-06",7,2003,33.0935251798561,2,29.6433859123881
"cthm-06",7,2004,33.0935251798561,2,29.6433859123881
"cthm-06",7,2005,33.0935251798561,2,29.6433859123881
"cthm-06",7,2006,33.0935251798561,2,29.6433859123881
"cthm-06",7,2007,33.0935251798561,2,29.6433859123881
"cthm-06",7,2008,33.0935251798561,2,29.6433859123881
"cthm-06",7,2009,33.0935251798561,2,29.6433859123881
"cthm-06",7,2010,33.0935251798561,2,29.6433859123881
"cthm-06",7,2011,33.0935251798561,2,29.6433859123881
"cthm-06",7,2012,33.0935251798561,2,27.9291001981024
"cthm-06",7,2013,38.1294964028776,2,28.3648658712781
"cthm-06",7,2014,41.0071942446044,2,28.2261197253377
"cthm-06",7,2015,44.6043165467625,2,28.8026870429122
"cthm-06",7,2016,47.4820143884892,2,29.3782266112576
"cthm-06",7,2017,47.4820143884892,2,29.3782266112576
"cthm-06",7,2018,47.4820143884892,2,29.3782266112576
"cthm-06",7,2019,47.4820143884892,2,29.6639408969718
"cthm-06",7,2020,48.2014388489209,2,31.9506829319153
"cthm-06",7,2021,49.6402877697842,2,32.8098812875166
"cthm-06",7,2022,49.6402877697842,2,33.3813098589451
"cthm-06",7,2023,46.7625899280576,2,32.6608427543679
"cthm-06",7,2024,46.7625899280576,2,32.6608427543679
"cthm-06",7,2025,46.7625899280576,2,32.6608427543679
"cthm-06",8,1999,7.85714285714286,2,29.6433859123881
"cthm-06",8,2000,7.85714285714286,2,29.6433859123881
"cthm-06",8,2001,7.85714285714286,2,29.6433859123881
"cthm-06",8,2002,7.85714285714285,2,29.6433859123881
"cthm-06",8,2003,7.85714285714285,2,29.6433859123881
"cthm-06",8,2004,7.85714285714285,2,29.6433859123881
"cthm-06",8,2005,7.85714285714285,2,29.6433859123881
"cthm-06",8,2006,7.85714285714285,2,29.6433859123881
"cthm-06",8,2007,7.85714285714285,2,29.6433859123881
"cthm-06",8,2008,7.85714285714285,2,29.6433859123881
"cthm-06",8,2009,7.85714285714285,2,29.6433859123881
"cthm-06",8,2010,7.85714285714285,2,29.6433859123881
"cthm-06",8,2011,7.85714285714285,2,29.6433859123881
"cthm-06",8,2012,7.85714285714285,2,27.9291001981024
"cthm-06",8,2013,7.85714285714285,2,28.3648658712781
"cthm-06",8,2014,7.85714285714285,2,28.2261197253377
"cthm-06",8,2015,7.85714285714285,2,28.8026870429122
"cthm-06",8,2016,7.85714285714285,2,29.3782266112576
"cthm-06",8,2017,7.85714285714285,2,29.3782266112576
"cthm-06",8,2018,7.85714285714285,2,29.3782266112576
"cthm-06",8,2019,7.85714285714285,2,29.6639408969718
"cthm-06",8,2020,7.85714285714285,2,31.9506829319153
"cthm-06",8,2021,7.85714285714285,2,32.8098812875166
"cthm-06",8,2022,7.85714285714285,2,33.3813098589451
"cthm-06",8,2023,7.85714285714285,2,32.6608427543679
"cthm-06",8,2024,7.85714285714285,2,32.6608427543679
"cthm-06",8,2025,7.85714285714285,2,32.6608427543679
"cthm-06",9,1999,40.7142857142857,2,29.6433859123881
"cthm-06",9,2000,40.7142857142857,2,29.6433859123881
"cthm-06",9,2001,40.7142857142857,2,29.6433859123881
"cthm-06",9,2002,40.7142857142857,2,29.6433859123881
"cthm-06",9,2003,40.7142857142857,2,29.6433859123881
"cthm-06",9,2004,40.7142857142857,2,29.6433859123881
"cthm-06",9,2005,40.7142857142857,2,29.6433859123881
"cthm-06",9,2006,40.7142857142857,2,29.6433859123881
"cthm-06",9,2007,40.7142857142857,2,29.6433859123881
"cthm-06",9,2008,40.7142857142857,2,29.6433859123881
"cthm-06",9,2009,40.7142857142857,2,29.6433859123881
"cthm-06",9,2010,40.7142857142857,2,29.6433859123881
"cthm-06",9,2011,40.7142857142857,2,29.6433859123881
"cthm-06",9,2012,32.1428571428571,2,27.9291001981024
"cthm-06",9,2013,29.2857142857143,2,28.3648658712781
"cthm-06",9,2014,25.7142857142857,2,28.2261197253377
"cthm-06",9,2015,25,2,28.8026870429122
"cthm-06",9,2016,25,2,29.3782266112576
"cthm-06",9,2017,25,2,29.3782266112576
"cthm-06",9,2018,25,2,29.3782266112576
"cthm-06",9,2019,26.4285714285714,2,29.6639408969718
"cthm-06",9,2020,37.1428571428571,2,31.9506829319153
"cthm-06",9,2021,40,2,32.8098812875166
"cthm-06",9,2022,42.8571428571428,2,33.3813098589451
"cthm-06",9,2023,42.8571428571428,2,32.6608427543679
"cthm-06",9,2024,42.8571428571428,2,32.6608427543679
"cthm-06",9,2025,42.8571428571428,2,32.6608427543679
"cthm-06",10,1999,50.7246376811594,2,29.6433859123881
"cthm-06",10,2000,50.7246376811594,2,29.6433859123881
"cthm-06",10,2001,50.7246376811594,2,29.6433859123881
"cthm-06",10,2002,50.7246376811594,2,29.6433859123881
"cthm-06",10,2003,50.7246376811594,2,29.6433859123881
"cthm-06",10,2004,50.7246376811594,2,29.6433859123881
"cthm-06",10,2005,50.7246376811594,2,29.6433859123881
"cthm-06",10,2006,50.7246376811594,2,29.6433859123881
"cthm-06",10,2007,50.7246376811594,2,29.6433859123881
"cthm-06",10,2008,50.7246376811594,2,29.6433859123881
"cthm-06",10,2009,50.7246376811594,2,29.6433859123881
"cthm-06",10,2010,50.7246376811594,2,29.6433859123881
"cthm-06",10,2011,50.7246376811594,2,29.6433859123881
"cthm-06",10,2012,50.7246376811594,2,27.9291001981024
"cthm-06",10,2013,50.7246376811594,2,28.3648658712781
"cthm-06",10,2014,50.7246376811594,2,28.2261197253377
"cthm-06",10,2015,50.7246376811594,2,28.8026870429122
"cthm-06",10,2016,50.7246376811594,2,29.3782266112576
"cthm-06",10,2017,50.7246376811594,2,29.3782266112576
"cthm-06",10,2018,50.7246376811594,2,29.3782266112576
"cthm-06",10,2019,50.7246376811594,2,29.6639408969718
"cthm-06",10,2020,50.7246376811594,2,31.9506829319153
"cthm-06",10,2021,50.7246376811594,2,32.8098812875166
"cthm-06",10,2022,50.7246376811594,2,33.3813098589451
"cthm-06",10,2023,50,2,32.6608427543679
"cthm-06",10,2024,50,2,32.6608427543679
"cthm-06",10,2025,50,2,32.6608427543679
"cthm-06",11,1999,41.0071942446043,3,31.7833052706771
"cthm-06",11,2000,41.0071942446043,3,31.7833052706771
"cthm-06",11,2001,41.0071942446043,3,31.7833052706771
"cthm-06",11,2002,41.0071942446043,3,31.7833052706771
"cthm-06",11,2003,41.0071942446043,3,31.7833052706771
"cthm-06",11,2004,41.0071942446044,3,31.7833052706771
"cthm-06",11,2005,41.0071942446044,3,31.7833052706771
"cthm-06",11,2006,41.0071942446044,3,31.7833052706771
"cthm-06",11,2007,41.0071942446044,3,31.9251492423083
"cthm-06",11,2008,41.0071942446044,3,31.9251492423083
"cthm-06",11,2009,41.0071942446044,3,31.9251492423083
"cthm-06",11,2010,37.4100719424461,3,31.2057247818766
"cthm-06",11,2011,36.6906474820144,3,31.0618398897903
"cthm-06",11,2012,37.4100719424461,3,31.2057247818766
"cthm-06",11,2013,37.4100719424461,3,31.2057247818766
"cthm-06",11,2014,37.4100719424461,3,31.2057247818766
"cthm-06",11,2015,37.4100719424461,3,31.2057247818766
"cthm-06",11,2016,37.4100719424461,3,30.7740701056176
"cthm-06",11,2017,37.4100719424461,3,30.4883558199033
"cthm-06",11,2018,37.4100719424461,3,26.4883558199033
"cthm-06",11,2019,37.4100719424461,3,26.2026415341891
"cthm-06",11,2020,37.4100719424461,3,26.3454986770462
"cthm-06",11,2021,37.4100719424461,3,26.3454986770462
"cthm-06",11,2022,37.4100719424461,3,26.3454986770462
"cthm-06",11,2023,37.4100719424461,3,26.3454986770462
"cthm-06",11,2024,37.4100719424461,3,26.4883558199033
"cthm-06",11,2025,36.6906474820144,3,26.0587566421027
"cthm-06",12,1999,68.5714285714286,3,31.7833052706771
"cthm-06",12,2000,68.5714285714286,3,31.7833052706771
"cthm-06",12,2001,68.5714285714286,3,31.7833052706771
"cthm-06",12,2002,68.5714285714286,3,31.7833052706771
"cthm-06",12,2003,68.5714285714286,3,31.7833052706771
"cthm-06",12,2004,68.5714285714286,3,31.7833052706771
"cthm-06",12,2005,68.5714285714286,3,31.7833052706771
"cthm-06",12,2006,68.5714285714286,3,31.7833052706771
"cthm-06",12,2007,68.5714285714286,3,31.9251492423083
"cthm-06",12,2008,68.5714285714286,3,31.9251492423083
"cthm-06",12,2009,68.5714285714286,3,31.9251492423083
"cthm-06",12,2010,68.5714285714286,3,31.2057247818766
"cthm-06",12,2011,68.5714285714286,3,31.0618398897903
"cthm-06",12,2012,68.5714285714286,3,31.2057247818766
"cthm-06",12,2013,68.5714285714286,3,31.2057247818766
"cthm-06",12,2014,68.5714285714286,3,31.2057247818766
"cthm-06",12,2015,68.5714285714286,3,31.2057247818766
"cthm-06",12,2016,68.5714285714286,3,30.7740701056176
"cthm-06",12,2017,68.5714285714286,3,30.4883558199033
"cthm-06",12,2018,48.5714285714285,3,26.4883558199033
"cthm-06",12,2019,47.1428571428571,3,26.2026415341891
"cthm-06",12,2020,47.8571428571428,3,26.3454986770462
"cthm-06",12,2021,47.8571428571428,3,26.3454986770462
"cthm-06",12,2022,47.8571428571428,3,26.3454986770462
"cthm-06",12,2023,47.8571428571428,3,26.3454986770462
"cthm-06",12,2024,48.5714285714285,3,26.4883558199033
"cthm-06",12,2025,47.1428571428571,3,26.0587566421027
"cthm-06",13,1999,26.4285714285714,3,31.7833052706771
"cthm-06",13,2000,26.4285714285714,3,31.7833052706771
"cthm-06",13,2001,26.4285714285715,3,31.7833052706771
"cthm-06",13,2002,26.4285714285715,3,31.7833052706771
"cthm-06",13,2003,26.4285714285715,3,31.7833052706771
"cthm-06",13,2004,26.4285714285715,3,31.7833052706771
"cthm-06",13,2005,26.4285714285715,3,31.7833052706771
"cthm-06",13,2006,26.4285714285715,3,31.7833052706771
"cthm-06",13,2007,26.4285714285715,3,31.9251492423083
"cthm-06",13,2008,26.4285714285715,3,31.9251492423083
"cthm-06",13,2009,26.4285714285715,3,31.9251492423083
"cthm-06",13,2010,26.4285714285715,3,31.2057247818766
"cthm-06",13,2011,26.4285714285715,3,31.0618398897903
"cthm-06",13,2012,26.4285714285715,3,31.2057247818766
"cthm-06",13,2013,26.4285714285715,3,31.2057247818766
"cthm-06",13,2014,26.4285714285715,3,31.2057247818766
"cthm-06",13,2015,26.4285714285715,3,31.2057247818766
"cthm-06",13,2016,26.4285714285715,3,30.7740701056176
"cthm-06",13,2017,25,3,30.4883558199033
"cthm-06",13,2018,25,3,26.4883558199033
"cthm-06",13,2019,25,3,26.2026415341891
"cthm-06",13,2020,25,3,26.3454986770462
"cthm-06",13,2021,25,3,26.3454986770462
"cthm-06",13,2022,25,3,26.3454986770462
"cthm-06",13,2023,25,3,26.3454986770462
"cthm-06",13,2024,25,3,26.4883558199033
"cthm-06",13,2025,25,3,26.0587566421027
"cthm-06",14,1999,15.1079136690647,3,31.7833052706771
"cthm-06",14,2000,15.1079136690647,3,31.7833052706771
"cthm-06",14,2001,15.1079136690647,3,31.7833052706771
"cthm-06",14,2002,15.1079136690647,3,31.7833052706771
"cthm-06",14,2003,15.1079136690647,3,31.7833052706771
"cthm-06",14,2004,15.1079136690647,3,31.7833052706771
"cthm-06",14,2005,15.1079136690647,3,31.7833052706771
"cthm-06",14,2006,15.1079136690647,3,31.7833052706771
"cthm-06",14,2007,15.1079136690647,3,31.9251492423083
"cthm-06",14,2008,15.1079136690647,3,31.9251492423083
"cthm-06",14,2009,15.1079136690647,3,31.9251492423083
"cthm-06",14,2010,15.1079136690647,3,31.2057247818766
"cthm-06",14,2011,15.1079136690647,3,31.0618398897903
"cthm-06",14,2012,15.1079136690647,3,31.2057247818766
"cthm-06",14,2013,15.1079136690647,3,31.2057247818766
"cthm-06",14,2014,15.1079136690647,3,31.2057247818766
"cthm-06",14,2015,15.1079136690647,3,31.2057247818766
"cthm-06",14,2016,12.9496402877698,3,30.7740701056176
"cthm-06",14,2017,12.9496402877698,3,30.4883558199033
"cthm-06",14,2018,12.9496402877698,3,26.4883558199033
"cthm-06",14,2019,12.9496402877698,3,26.2026415341891
"cthm-06",14,2020,12.9496402877698,3,26.3454986770462
"cthm-06",14,2021,12.9496402877698,3,26.3454986770462
"cthm-06",14,2022,12.9496402877698,3,26.3454986770462
"cthm-06",14,2023,12.9496402877698,3,26.3454986770462
"cthm-06",14,2024,12.9496402877698,3,26.4883558199033
"cthm-06",14,2025,12.9496402877698,3,26.0587566421027
"cthm-06",15,1999,7.80141843971631,3,31.7833052706771
"cthm-06",15,2000,7.80141843971631,3,31.7833052706771
"cthm-06",15,2001,7.80141843971631,3,31.7833052706771
"cthm-06",15,2002,7.80141843971631,3,31.7833052706771
"cthm-06",15,2003,7.80141843971631,3,31.7833052706771
"cthm-06",15,2004,7.80141843971631,3,31.7833052706771
"cthm-06",15,2005,7.80141843971631,3,31.7833052706771
"cthm-06",15,2006,7.80141843971631,3,31.7833052706771
"cthm-06",15,2007,8.51063829787234,3,31.9251492423083
"cthm-06",15,2008,8.51063829787234,3,31.9251492423083
"cthm-06",15,2009,8.51063829787234,3,31.9251492423083
"cthm-06",15,2010,8.51063829787234,3,31.2057247818766
"cthm-06",15,2011,8.51063829787234,3,31.0618398897903
"cthm-06",15,2012,8.51063829787234,3,31.2057247818766
"cthm-06",15,2013,8.51063829787234,3,31.2057247818766
"cthm-06",15,2014,8.51063829787234,3,31.2057247818766
"cthm-06",15,2015,8.51063829787234,3,31.2057247818766
"cthm-06",15,2016,8.51063829787234,3,30.7740701056176
"cthm-06",15,2017,8.51063829787234,3,30.4883558199033
"cthm-06",15,2018,8.51063829787234,3,26.4883558199033
"cthm-06",15,2019,8.51063829787234,3,26.2026415341891
"cthm-06",15,2020,8.51063829787234,3,26.3454986770462
"cthm-06",15,2021,8.51063829787234,3,26.3454986770462
"cthm-06",15,2022,8.51063829787234,3,26.3454986770462
"cthm-06",15,2023,8.51063829787234,3,26.3454986770462
"cthm-06",15,2024,8.51063829787234,3,26.4883558199033
"cthm-06",15,2025,8.51063829787234,3,26.0587566421027
"cthm-06",16,1999,13.6690647482014,4,34.3007296290627
"cthm-06",16,2000,13.6690647482014,4,34.3007296290627
"cthm-06",16,2001,13.6690647482014,4,34.3007296290627
"cthm-06",16,2002,13.6690647482014,4,34.3007296290627
"cthm-06",16,2003,13.6690647482014,4,34.3007296290627
"cthm-06",16,2004,10.7913669064748,4,30.8474922189908
"cthm-06",16,2005,10.7913669064748,4,29.4086432981275
"cthm-06",16,2006,10.7913669064748,4,29.1208735139548
"cthm-06",16,2007,10.7913669064748,4,28.9790295423236
"cthm-06",16,2008,10.7913669064748,4,29.1208735139548
"cthm-06",16,2009,10.7913669064748,4,29.1208735139548
"cthm-06",16,2010,10.7913669064748,4,29.4086432981275
"cthm-06",16,2011,10.7913669064748,4,30.5617633552732
"cthm-06",16,2012,10.7913669064748,4,34.01295984489
"cthm-06",16,2013,10.7913669064748,4,33.8711158732588
"cthm-06",16,2014,10.7913669064748,4,33.8711158732588
"cthm-06",16,2015,10.7913669064748,4,33.8711158732588
"cthm-06",16,2016,10.7913669064748,4,34.01295984489
"cthm-06",16,2017,10.7913669064748,4,34.01295984489
"cthm-06",16,2018,10.7913669064748,4,33.8711158732588
"cthm-06",16,2019,10.7913669064748,4,33.8711158732588
"cthm-06",16,2020,10.7913669064748,4,33.8711158732588
"cthm-06",16,2021,10.7913669064748,4,33.8711158732588
"cthm-06",16,2022,10.7913669064748,4,31.3179243838971
"cthm-06",16,2023,10.7913669064748,4,31.0301545997245
"cthm-06",16,2024,10.7913669064748,4,31.0301545997245
"cthm-06",16,2025,10.7913669064748,4,31.0301545997245
"cthm-06",17,1999,66.9064748201439,4,34.3007296290627
"cthm-06",17,2000,66.9064748201439,4,34.3007296290627
"cthm-06",17,2001,66.9064748201439,4,34.3007296290627
"cthm-06",17,2002,66.9064748201439,4,34.3007296290627
"cthm-06",17,2003,66.9064748201439,4,34.3007296290627
"cthm-06",17,2004,52.5179856115108,4,30.8474922189908
"cthm-06",17,2005,45.3237410071943,4,29.4086432981275
"cthm-06",17,2006,43.884892086331,4,29.1208735139548
"cthm-06",17,2007,43.884892086331,4,28.9790295423236
"cthm-06",17,2008,43.884892086331,4,29.1208735139548
"cthm-06",17,2009,43.884892086331,4,29.1208735139548
"cthm-06",17,2010,45.3237410071943,4,29.4086432981275
"cthm-06",17,2011,51.7985611510791,4,30.5617633552732
"cthm-06",17,2012,66.9064748201439,4,34.01295984489
"cthm-06",17,2013,66.9064748201439,4,33.8711158732588
"cthm-06",17,2014,66.9064748201438,4,33.8711158732588
"cthm-06",17,2015,66.9064748201438,4,33.8711158732588
"cthm-06",17,2016,66.9064748201438,4,34.01295984489
"cthm-06",17,2017,66.9064748201438,4,34.01295984489
"cthm-06",17,2018,66.9064748201438,4,33.8711158732588
"cthm-06",17,2019,66.9064748201438,4,33.8711158732588
"cthm-06",17,2020,66.9064748201438,4,33.8711158732588
"cthm-06",17,2021,66.9064748201438,4,33.8711158732588
"cthm-06",17,2022,66.9064748201438,4,31.3179243838971
"cthm-06",17,2023,66.9064748201438,4,31.0301545997245
"cthm-06",17,2024,66.9064748201438,4,31.0301545997245
"cthm-06",17,2025,66.9064748201438,4,31.0301545997245
"cthm-06",18,1999,30.4964539007092,4,34.3007296290627
"cthm-06",18,2000,30.4964539007092,4,34.3007296290627
"cthm-06",18,2001,30.4964539007092,4,34.3007296290627
"cthm-06",18,2002,30.4964539007092,4,34.3007296290627
"cthm-06",18,2003,30.4964539007092,4,34.3007296290627
"cthm-06",18,2004,30.4964539007092,4,30.8474922189908
"cthm-06",18,2005,30.4964539007092,4,29.4086432981275
"cthm-06",18,2006,30.4964539007092,4,29.1208735139548
"cthm-06",18,2007,29.7872340425532,4,28.9790295423236
"cthm-06",18,2008,30.4964539007092,4,29.1208735139548
"cthm-06",18,2009,30.4964539007092,4,29.1208735139548
"cthm-06",18,2010,30.4964539007092,4,29.4086432981275
"cthm-06",18,2011,29.7872340425531,4,30.5617633552732
"cthm-06",18,2012,30.4964539007092,4,34.01295984489
"cthm-06",18,2013,29.7872340425531,4,33.8711158732588
"cthm-06",18,2014,29.7872340425531,4,33.8711158732588
"cthm-06",18,2015,29.7872340425531,4,33.8711158732588
"cthm-06",18,2016,30.4964539007092,4,34.01295984489
"cthm-06",18,2017,30.4964539007092,4,34.01295984489
"cthm-06",18,2018,29.7872340425531,4,33.8711158732588
"cthm-06",18,2019,29.7872340425531,4,33.8711158732588
"cthm-06",18,2020,29.7872340425531,4,33.8711158732588
"cthm-06",18,2021,29.7872340425531,4,33.8711158732588
"cthm-06",18,2022,17.0212765957447,4,31.3179243838971
"cthm-06",18,2023,17.0212765957447,4,31.0301545997245
"cthm-06",18,2024,17.0212765957447,4,31.0301545997245
"cthm-06",18,2025,17.0212765957447,4,31.0301545997245
"cthm-06",19,1999,51.0791366906476,4,34.3007296290627
"cthm-06",19,2000,51.0791366906476,4,34.3007296290627
"cthm-06",19,2001,51.0791366906476,4,34.3007296290627
"cthm-06",19,2002,51.0791366906476,4,34.3007296290627
"cthm-06",19,2003,51.0791366906476,4,34.3007296290627
"cthm-06",19,2004,51.0791366906476,4,30.8474922189908
"cthm-06",19,2005,51.0791366906475,4,29.4086432981275
"cthm-06",19,2006,51.0791366906475,4,29.1208735139548
"cthm-06",19,2007,51.0791366906475,4,28.9790295423236
"cthm-06",19,2008,51.0791366906475,4,29.1208735139548
"cthm-06",19,2009,51.0791366906475,4,29.1208735139548
"cthm-06",19,2010,51.0791366906475,4,29.4086432981275
"cthm-06",19,2011,51.0791366906475,4,30.5617633552732
"cthm-06",19,2012,51.0791366906475,4,34.01295984489
"cthm-06",19,2013,51.0791366906475,4,33.8711158732588
"cthm-06",19,2014,51.0791366906475,4,33.8711158732588
"cthm-06",19,2015,51.0791366906475,4,33.8711158732588
"cthm-06",19,2016,51.0791366906475,4,34.01295984489
"cthm-06",19,2017,51.0791366906475,4,34.01295984489
"cthm-06",19,2018,51.0791366906475,4,33.8711158732588
"cthm-06",19,2019,51.0791366906475,4,33.8711158732588
"cthm-06",19,2020,51.0791366906475,4,33.8711158732588
"cthm-06",19,2021,51.0791366906475,4,33.8711158732588
"cthm-06",19,2022,51.0791366906475,4,31.3179243838971
"cthm-06",19,2023,51.0791366906475,4,31.0301545997245
"cthm-06",19,2024,51.0791366906475,4,31.0301545997245
"cthm-06",19,2025,51.0791366906475,4,31.0301545997245
"cthm-06",20,1999,9.35251798561151,4,34.3007296290627
"cthm-06",20,2000,9.35251798561151,4,34.3007296290627
"cthm-06",20,2001,9.35251798561151,4,34.3007296290627
"cthm-06",20,2002,9.35251798561151,4,34.3007296290627
"cthm-06",20,2003,9.35251798561151,4,34.3007296290627
"cthm-06",20,2004,9.35251798561151,4,30.8474922189908
"cthm-06",20,2005,9.35251798561151,4,29.4086432981275
"cthm-06",20,2006,9.35251798561151,4,29.1208735139548
"cthm-06",20,2007,9.35251798561151,4,28.9790295423236
"cthm-06",20,2008,9.35251798561151,4,29.1208735139548
"cthm-06",20,2009,9.35251798561151,4,29.1208735139548
"cthm-06",20,2010,9.35251798561151,4,29.4086432981275
"cthm-06",20,2011,9.35251798561151,4,30.5617633552732
"cthm-06",20,2012,10.7913669064748,4,34.01295984489
"cthm-06",20,2013,10.7913669064748,4,33.8711158732588
"cthm-06",20,2014,10.7913669064748,4,33.8711158732588
"cthm-06",20,2015,10.7913669064748,4,33.8711158732588
"cthm-06",20,2016,10.7913669064748,4,34.01295984489
"cthm-06",20,2017,10.7913669064748,4,34.01295984489
"cthm-06",20,2018,10.7913669064748,4,33.8711158732588
"cthm-06",20,2019,10.7913669064748,4,33.8711158732588
"cthm-06",20,2020,10.7913669064748,4,33.8711158732588
"cthm-06",20,2021,10.7913669064748,4,33.8711158732588
"cthm-06",20,2022,10.7913669064748,4,31.3179243838971
"cthm-06",20,2023,9.35251798561151,4,31.0301545997245
"cthm-06",20,2024,9.35251798561151,4,31.0301545997245
"cthm-06",20,2025,9.35251798561151,4,31.0301545997245
"cthm-07",1,1999,61.5942028985506,1,74.6700031279324
"cthm-07",1,2000,61.5942028985506,1,75.9649671567093
"cthm-07",1,2001,61.5942028985506,1,75.9649671567093
"cthm-07",1,2002,61.5942028985506,1,75.821082264623
"cthm-07",1,2003,61.5942028985506,1,75.821082264623
"cthm-07",1,2004,61.5942028985506,1,75.821082264623
"cthm-07",1,2005,61.5942028985506,1,75.821082264623
"cthm-07",1,2006,61.5942028985506,1,75.821082264623
"cthm-07",1,2007,61.5942028985506,1,75.821082264623
"cthm-07",1,2008,63.768115942029,1,76.2558648733187
"cthm-07",1,2009,63.0434782608695,1,76.3987071212595
"cthm-07",1,2010,63.0434782608695,1,76.3987071212595
"cthm-07",1,2011,63.0434782608695,1,76.3987071212595
"cthm-07",1,2012,63.0434782608695,1,70.5250011171187
"cthm-07",1,2013,63.0434782608695,1,70.5250011171187
"cthm-07",1,2014,63.0434782608695,1,66.9494317589406
"cthm-07",1,2015,63.0434782608695,1,63.4877340363734
"cthm-07",1,2016,63.0434782608695,1,62.4795120425399
"cthm-07",1,2017,63.0434782608695,1,62.910153864486
"cthm-07",1,2018,63.0434782608695,1,64.9184205430686
"cthm-07",1,2019,63.0434782608695,1,65.4919195078719
"cthm-07",1,2020,63.0434782608695,1,68.5105381533283
"cthm-07",1,2021,63.0434782608695,1,74.698914160597
"cthm-07",1,2022,63.0434782608695,1,68.7903987369111
"cthm-07",1,2023,63.0434782608695,1,70.6454712006792
"cthm-07",1,2024,63.0434782608695,1,71.0750703784798
"cthm-07",1,2025,63.0434782608695,1,71.5067399496552
"cthm-07",2,1999,80.7142857142857,1,74.6700031279324
"cthm-07",2,2000,80.7142857142857,1,75.9649671567093
"cthm-07",2,2001,80.7142857142857,1,75.9649671567093
"cthm-07",2,2002,80.7142857142857,1,75.821082264623
"cthm-07",2,2003,80.7142857142858,1,75.821082264623
"cthm-07",2,2004,80.7142857142858,1,75.821082264623
"cthm-07",2,2005,80.7142857142858,1,75.821082264623
"cthm-07",2,2006,80.7142857142858,1,75.821082264623
"cthm-07",2,2007,80.7142857142858,1,75.821082264623
"cthm-07",2,2008,80.7142857142857,1,76.2558648733187
"cthm-07",2,2009,80.7142857142857,1,76.3987071212595
"cthm-07",2,2010,80.7142857142857,1,76.3987071212595
"cthm-07",2,2011,80.7142857142857,1,76.3987071212595
"cthm-07",2,2012,57.1428571428571,1,70.5250011171187
"cthm-07",2,2013,57.1428571428571,1,70.5250011171187
"cthm-07",2,2014,42.1428571428571,1,66.9494317589406
"cthm-07",2,2015,38.5714285714285,1,63.4877340363734
"cthm-07",2,2016,39.2857142857143,1,62.4795120425399
"cthm-07",2,2017,40,1,62.910153864486
"cthm-07",2,2018,46.4285714285714,1,64.9184205430686
"cthm-07",2,2019,47.8571428571428,1,65.4919195078719
"cthm-07",2,2020,53.5714285714286,1,68.5105381533283
"cthm-07",2,2021,66.4285714285714,1,74.698914160597
"cthm-07",2,2022,72.1428571428572,1,68.7903987369111
"cthm-07",2,2023,80.7142857142857,1,70.6454712006792
"cthm-07",2,2024,82.1428571428571,1,71.0750703784798
"cthm-07",2,2025,82.8571428571428,1,71.5067399496552
"cthm-07",3,1999,69.2857142857143,1,74.6700031279324
"cthm-07",3,2000,69.2857142857143,1,75.9649671567093
"cthm-07",3,2001,69.2857142857143,1,75.9649671567093
"cthm-07",3,2002,69.2857142857143,1,75.821082264623
"cthm-07",3,2003,69.2857142857143,1,75.821082264623
"cthm-07",3,2004,69.2857142857143,1,75.821082264623
"cthm-07",3,2005,69.2857142857143,1,75.821082264623
"cthm-07",3,2006,69.2857142857143,1,75.821082264623
"cthm-07",3,2007,69.2857142857143,1,75.821082264623
"cthm-07",3,2008,69.2857142857143,1,76.2558648733187
"cthm-07",3,2009,69.2857142857143,1,76.3987071212595
"cthm-07",3,2010,69.2857142857143,1,76.3987071212595
"cthm-07",3,2011,69.2857142857143,1,76.3987071212595
"cthm-07",3,2012,69.2857142857143,1,70.5250011171187
"cthm-07",3,2013,69.2857142857143,1,70.5250011171187
"cthm-07",3,2014,67.8571428571428,1,66.9494317589406
"cthm-07",3,2015,65.7142857142857,1,63.4877340363734
"cthm-07",3,2016,65.7142857142858,1,62.4795120425399
"cthm-07",3,2017,66.4285714285714,1,62.910153864486
"cthm-07",3,2018,66.4285714285714,1,64.9184205430686
"cthm-07",3,2019,67.1428571428571,1,65.4919195078719
"cthm-07",3,2020,69.2857142857143,1,68.5105381533283
"cthm-07",3,2021,70,1,74.698914160597
"cthm-07",3,2022,71.4285714285715,1,68.7903987369111
"cthm-07",3,2023,72.8571428571429,1,70.6454712006792
"cthm-07",3,2024,72.8571428571429,1,71.0750703784798
"cthm-07",3,2025,72.8571428571429,1,71.5067399496552
"cthm-07",4,1999,84.0579710144927,1,74.6700031279324
"cthm-07",4,2000,84.0579710144927,1,75.9649671567093
"cthm-07",4,2001,84.0579710144927,1,75.9649671567093
"cthm-07",4,2002,84.0579710144927,1,75.821082264623
"cthm-07",4,2003,84.0579710144927,1,75.821082264623
"cthm-07",4,2004,84.0579710144927,1,75.821082264623
"cthm-07",4,2005,84.0579710144927,1,75.821082264623
"cthm-07",4,2006,84.0579710144927,1,75.821082264623
"cthm-07",4,2007,84.0579710144927,1,75.821082264623
"cthm-07",4,2008,84.0579710144927,1,76.2558648733187
"cthm-07",4,2009,84.0579710144927,1,76.3987071212595
"cthm-07",4,2010,84.0579710144927,1,76.3987071212595
"cthm-07",4,2011,84.0579710144927,1,76.3987071212595
"cthm-07",4,2012,78.2608695652173,1,70.5250011171187
"cthm-07",4,2013,78.2608695652173,1,70.5250011171187
"cthm-07",4,2014,76.8115942028985,1,66.9494317589406
"cthm-07",4,2015,65.2173913043478,1,63.4877340363734
"cthm-07",4,2016,65.2173913043478,1,62.4795120425399
"cthm-07",4,2017,65.9420289855072,1,62.910153864486
"cthm-07",4,2018,68.1159420289855,1,64.9184205430686
"cthm-07",4,2019,68.8405797101449,1,65.4919195078719
"cthm-07",4,2020,74.6376811594203,1,68.5105381533283
"cthm-07",4,2021,89.1304347826087,1,74.698914160597
"cthm-07",4,2022,89.8550724637681,1,68.7903987369111
"cthm-07",4,2023,89.1304347826087,1,70.6454712006792
"cthm-07",4,2024,89.1304347826087,1,71.0750703784798
"cthm-07",4,2025,89.8550724637681,1,71.5067399496552
"cthm-07",5,1999,77.6978417266187,1,74.6700031279324
"cthm-07",5,2000,84.1726618705035,1,75.9649671567093
"cthm-07",5,2001,84.1726618705035,1,75.9649671567093
"cthm-07",5,2002,83.4532374100719,1,75.821082264623
"cthm-07",5,2003,83.4532374100719,1,75.821082264623
"cthm-07",5,2004,83.4532374100719,1,75.821082264623
"cthm-07",5,2005,83.4532374100719,1,75.821082264623
"cthm-07",5,2006,83.4532374100719,1,75.821082264623
"cthm-07",5,2007,83.4532374100719,1,75.821082264623
"cthm-07",5,2008,83.4532374100719,1,76.2558648733187
"cthm-07",5,2009,84.8920863309353,1,76.3987071212595
"cthm-07",5,2010,84.8920863309353,1,76.3987071212595
"cthm-07",5,2011,84.8920863309353,1,76.3987071212595
"cthm-07",5,2012,84.8920863309352,1,70.5250011171187
"cthm-07",5,2013,84.8920863309352,1,70.5250011171187
"cthm-07",5,2014,84.8920863309352,1,66.9494317589406
"cthm-07",5,2015,84.8920863309352,1,63.4877340363734
"cthm-07",5,2016,79.1366906474821,1,62.4795120425399
"cthm-07",5,2017,79.136690647482,1,62.910153864486
"cthm-07",5,2018,80.5755395683453,1,64.9184205430686
"cthm-07",5,2019,80.5755395683453,1,65.4919195078719
"cthm-07",5,2020,82.0143884892087,1,68.5105381533283
"cthm-07",5,2021,84.8920863309353,1,74.698914160597
"cthm-07",5,2022,47.4820143884893,1,68.7903987369111
"cthm-07",5,2023,47.4820143884893,1,70.6454712006792
"cthm-07",5,2024,48.2014388489209,1,71.0750703784798
"cthm-07",5,2025,48.9208633093526,1,71.5067399496552
"cthm-07",6,1999,82.2695035460993,2,73.6257316335382
"cthm-07",6,2000,82.2695035460993,2,74.1971602049667
"cthm-07",6,2001,82.2695035460993,2,76.0532898908836
"cthm-07",6,2002,82.2695035460993,2,77.6135735788269
"cthm-07",6,2003,82.2695035460993,2,78.4605555677039
"cthm-07",6,2004,82.2695035460993,2,78.603412710561
"cthm-07",6,2005,82.2695035460993,2,78.7462698534182
"cthm-07",6,2006,82.2695035460993,2,79.4626110661623
"cthm-07",6,2007,82.9787234042553,2,80.6044550377935
"cthm-07",6,2008,82.9787234042553,2,80.6044550377935
"cthm-07",6,2009,84.3971631205674,2,80.8881429810559
"cthm-07",6,2010,84.3971631205674,2,80.8881429810559
"cthm-07",6,2011,84.3971631205674,2,80.7452858381987
"cthm-07",6,2012,84.3971631205673,2,80.7452858381987
"cthm-07",6,2013,84.3971631205673,2,80.7452858381987
"cthm-07",6,2014,85.1063829787234,2,79.3227934369829
"cthm-07",6,2015,85.1063829787234,2,77.75744389291
"cthm-07",6,2016,85.1063829787234,2,77.75744389291
"cthm-07",6,2017,85.1063829787234,2,78.1839889790296
"cthm-07",6,2018,85.1063829787234,2,78.1839889790296
"cthm-07",6,2019,85.1063829787234,2,78.3268461218867
"cthm-07",6,2020,85.1063829787234,2,79.0360659800427
"cthm-07",6,2021,85.1063829787234,2,80.0289737814612
"cthm-07",6,2022,64.5390070921986,2,76.2012128898705
"cthm-07",6,2023,46.8085106382979,2,69.2265421705189
"cthm-07",6,2024,46.8085106382978,2,69.369399313376
"cthm-07",6,2025,48.2269503546099,2,63.2234880788379
"cthm-07",7,1999,83.5714285714285,2,73.6257316335382
"cthm-07",7,2000,83.5714285714285,2,74.1971602049667
"cthm-07",7,2001,83.5714285714285,2,76.0532898908836
"cthm-07",7,2002,83.5714285714285,2,77.6135735788269
"cthm-07",7,2003,83.5714285714285,2,78.4605555677039
"cthm-07",7,2004,83.5714285714285,2,78.603412710561
"cthm-07",7,2005,83.5714285714285,2,78.7462698534182
"cthm-07",7,2006,83.5714285714285,2,79.4626110661623
"cthm-07",7,2007,83.5714285714286,2,80.6044550377935
"cthm-07",7,2008,83.5714285714286,2,80.6044550377935
"cthm-07",7,2009,83.5714285714286,2,80.8881429810559
"cthm-07",7,2010,83.5714285714286,2,80.8881429810559
"cthm-07",7,2011,82.8571428571428,2,80.7452858381987
"cthm-07",7,2012,82.8571428571428,2,80.7452858381987
"cthm-07",7,2013,82.8571428571428,2,80.7452858381987
"cthm-07",7,2014,82.8571428571428,2,79.3227934369829
"cthm-07",7,2015,82.8571428571428,2,77.75744389291
"cthm-07",7,2016,82.8571428571428,2,77.75744389291
"cthm-07",7,2017,82.8571428571428,2,78.1839889790296
"cthm-07",7,2018,82.8571428571428,2,78.1839889790296
"cthm-07",7,2019,83.5714285714286,2,78.3268461218867
"cthm-07",7,2020,83.5714285714286,2,79.0360659800427
"cthm-07",7,2021,83.5714285714286,2,80.0289737814612
"cthm-07",7,2022,83.5714285714286,2,76.2012128898705
"cthm-07",7,2023,63.5714285714285,2,69.2265421705189
"cthm-07",7,2024,63.5714285714285,2,69.369399313376
"cthm-07",7,2025,40.7142857142858,2,63.2234880788379
"cthm-07",8,1999,62.8571428571429,2,73.6257316335382
"cthm-07",8,2000,65.7142857142858,2,74.1971602049667
"cthm-07",8,2001,74.2857142857143,2,76.0532898908836
"cthm-07",8,2002,74.2857142857143,2,77.6135735788269
"cthm-07",8,2003,74.2857142857143,2,78.4605555677039
"cthm-07",8,2004,75,2,78.603412710561
"cthm-07",8,2005,75.7142857142858,2,78.7462698534182
"cthm-07",8,2006,77.8571428571429,2,79.4626110661623
"cthm-07",8,2007,82.8571428571429,2,80.6044550377935
"cthm-07",8,2008,82.8571428571429,2,80.6044550377935
"cthm-07",8,2009,82.8571428571429,2,80.8881429810559
"cthm-07",8,2010,82.8571428571429,2,80.8881429810559
"cthm-07",8,2011,82.8571428571429,2,80.7452858381987
"cthm-07",8,2012,82.8571428571429,2,80.7452858381987
"cthm-07",8,2013,82.8571428571429,2,80.7452858381987
"cthm-07",8,2014,80,2,79.3227934369829
"cthm-07",8,2015,76.4285714285714,2,77.75744389291
"cthm-07",8,2016,76.4285714285714,2,77.75744389291
"cthm-07",8,2017,77.1428571428572,2,78.1839889790296
"cthm-07",8,2018,77.1428571428572,2,78.1839889790296
"cthm-07",8,2019,77.1428571428572,2,78.3268461218867
"cthm-07",8,2020,77.1428571428572,2,79.0360659800427
"cthm-07",8,2021,77.1428571428572,2,80.0289737814612
"cthm-07",8,2022,78.5714285714286,2,76.2012128898705
"cthm-07",8,2023,81.4285714285714,2,69.2265421705189
"cthm-07",8,2024,82.1428571428571,2,69.369399313376
"cthm-07",8,2025,73.5714285714286,2,63.2234880788379
"cthm-07",9,1999,59.5744680851063,2,73.6257316335382
"cthm-07",9,2000,59.5744680851063,2,74.1971602049667
"cthm-07",9,2001,60.2836879432623,2,76.0532898908836
"cthm-07",9,2002,68.0851063829787,2,77.6135735788269
"cthm-07",9,2003,73.7588652482269,2,78.4605555677039
"cthm-07",9,2004,73.7588652482269,2,78.603412710561
"cthm-07",9,2005,73.7588652482269,2,78.7462698534182
"cthm-07",9,2006,73.7588652482269,2,79.4626110661623
"cthm-07",9,2007,73.7588652482269,2,80.6044550377935
"cthm-07",9,2008,73.7588652482269,2,80.6044550377935
"cthm-07",9,2009,73.7588652482269,2,80.8881429810559
"cthm-07",9,2010,73.7588652482269,2,80.8881429810559
"cthm-07",9,2011,73.7588652482269,2,80.7452858381987
"cthm-07",9,2012,73.7588652482269,2,80.7452858381987
"cthm-07",9,2013,73.7588652482269,2,80.7452858381987
"cthm-07",9,2014,68.7943262411347,2,79.3227934369829
"cthm-07",9,2015,64.5390070921986,2,77.75744389291
"cthm-07",9,2016,64.5390070921986,2,77.75744389291
"cthm-07",9,2017,65.9574468085106,2,78.1839889790296
"cthm-07",9,2018,65.9574468085106,2,78.1839889790296
"cthm-07",9,2019,65.9574468085106,2,78.3268461218867
"cthm-07",9,2020,69.5035460992908,2,79.0360659800427
"cthm-07",9,2021,74.468085106383,2,80.0289737814612
"cthm-07",9,2022,74.468085106383,2,76.2012128898705
"cthm-07",9,2023,74.468085106383,2,69.2265421705189
"cthm-07",9,2024,74.468085106383,2,69.369399313376
"cthm-07",9,2025,74.468085106383,2,63.2234880788379
"cthm-07",10,1999,79.8561151079137,2,73.6257316335382
"cthm-07",10,2000,79.8561151079137,2,74.1971602049667
"cthm-07",10,2001,79.8561151079137,2,76.0532898908836
"cthm-07",10,2002,79.8561151079137,2,77.6135735788269
"cthm-07",10,2003,78.4172661870504,2,78.4605555677039
"cthm-07",10,2004,78.4172661870504,2,78.603412710561
"cthm-07",10,2005,78.4172661870504,2,78.7462698534182
"cthm-07",10,2006,79.8561151079137,2,79.4626110661623
"cthm-07",10,2007,79.8561151079137,2,80.6044550377935
"cthm-07",10,2008,79.8561151079137,2,80.6044550377935
"cthm-07",10,2009,79.8561151079137,2,80.8881429810559
"cthm-07",10,2010,79.8561151079137,2,80.8881429810559
"cthm-07",10,2011,79.8561151079137,2,80.7452858381987
"cthm-07",10,2012,79.8561151079137,2,80.7452858381987
"cthm-07",10,2013,79.8561151079137,2,80.7452858381987
"cthm-07",10,2014,79.8561151079137,2,79.3227934369829
"cthm-07",10,2015,79.8561151079137,2,77.75744389291
"cthm-07",10,2016,79.8561151079137,2,77.75744389291
"cthm-07",10,2017,79.8561151079137,2,78.1839889790296
"cthm-07",10,2018,79.8561151079137,2,78.1839889790296
"cthm-07",10,2019,79.8561151079137,2,78.3268461218867
"cthm-07",10,2020,79.8561151079137,2,79.0360659800427
"cthm-07",10,2021,79.8561151079137,2,80.0289737814612
"cthm-07",10,2022,79.8561151079137,2,76.2012128898705
"cthm-07",10,2023,79.8561151079137,2,69.2265421705189
"cthm-07",10,2024,79.8561151079137,2,69.369399313376
"cthm-07",10,2025,79.136690647482,2,63.2234880788379
"cthm-07",11,1999,56.8345323741007,3,29.8123240538004
"cthm-07",11,2000,56.8345323741007,3,29.8123240538004
"cthm-07",11,2001,56.1151079136691,3,29.3806693775415
"cthm-07",11,2002,56.1151079136691,3,29.3806693775415
"cthm-07",11,2003,56.1151079136691,3,29.3806693775415
"cthm-07",11,2004,56.1151079136691,3,29.3806693775415
"cthm-07",11,2005,56.1151079136691,3,29.3806693775415
"cthm-07",11,2006,56.1151079136691,3,29.3806693775415
"cthm-07",11,2007,56.1151079136691,3,26.9346262120738
"cthm-07",11,2008,56.1151079136691,3,26.9346262120738
"cthm-07",11,2009,56.8345323741007,3,27.5101657804192
"cthm-07",11,2010,56.8345323741007,3,27.6540506725055
"cthm-07",11,2011,56.8345323741007,3,27.2223959962465
"cthm-07",11,2012,56.8345323741007,3,27.0785111041601
"cthm-07",11,2013,56.8345323741007,3,27.0785111041601
"cthm-07",11,2014,56.8345323741007,3,28.3734751329371
"cthm-07",11,2015,56.8345323741007,3,29.0928995933688
"cthm-07",11,2016,56.8345323741007,3,29.2367844854551
"cthm-07",11,2017,56.8345323741007,3,29.3806693775415
"cthm-07",11,2018,56.8345323741007,3,29.5245542696278
"cthm-07",11,2019,56.8345323741007,3,29.5245542696278
"cthm-07",11,2020,56.8345323741007,3,29.5245542696278
"cthm-07",11,2021,56.8345323741007,3,29.5245542696278
"cthm-07",11,2022,56.8345323741007,3,29.5245542696278
"cthm-07",11,2023,56.8345323741007,3,29.3796267333959
"cthm-07",11,2024,56.8345323741007,3,29.3796267333959
"cthm-07",11,2025,56.8345323741007,3,29.3796267333959
"cthm-07",12,1999,47.4820143884892,3,29.8123240538004
"cthm-07",12,2000,47.4820143884892,3,29.8123240538004
"cthm-07",12,2001,47.4820143884892,3,29.3806693775415
"cthm-07",12,2002,47.4820143884892,3,29.3806693775415
"cthm-07",12,2003,47.4820143884892,3,29.3806693775415
"cthm-07",12,2004,47.4820143884892,3,29.3806693775415
"cthm-07",12,2005,47.4820143884892,3,29.3806693775415
"cthm-07",12,2006,47.4820143884892,3,29.3806693775415
"cthm-07",12,2007,47.4820143884892,3,26.9346262120738
"cthm-07",12,2008,47.4820143884892,3,26.9346262120738
"cthm-07",12,2009,47.4820143884892,3,27.5101657804192
"cthm-07",12,2010,47.4820143884892,3,27.6540506725055
"cthm-07",12,2011,45.3237410071943,3,27.2223959962465
"cthm-07",12,2012,45.3237410071942,3,27.0785111041601
"cthm-07",12,2013,45.3237410071942,3,27.0785111041601
"cthm-07",12,2014,46.7625899280576,3,28.3734751329371
"cthm-07",12,2015,46.7625899280576,3,29.0928995933688
"cthm-07",12,2016,46.7625899280576,3,29.2367844854551
"cthm-07",12,2017,46.7625899280576,3,29.3806693775415
"cthm-07",12,2018,47.4820143884892,3,29.5245542696278
"cthm-07",12,2019,47.4820143884892,3,29.5245542696278
"cthm-07",12,2020,47.4820143884892,3,29.5245542696278
"cthm-07",12,2021,47.4820143884892,3,29.5245542696278
"cthm-07",12,2022,47.4820143884892,3,29.5245542696278
"cthm-07",12,2023,47.4820143884892,3,29.3796267333959
"cthm-07",12,2024,47.4820143884892,3,29.3796267333959
"cthm-07",12,2025,47.4820143884892,3,29.3796267333959
"cthm-07",13,1999,18.1159420289855,3,29.8123240538004
"cthm-07",13,2000,18.1159420289855,3,29.8123240538004
"cthm-07",13,2001,18.1159420289855,3,29.3806693775415
"cthm-07",13,2002,18.1159420289855,3,29.3806693775415
"cthm-07",13,2003,18.1159420289855,3,29.3806693775415
"cthm-07",13,2004,18.1159420289855,3,29.3806693775415
"cthm-07",13,2005,18.1159420289855,3,29.3806693775415
"cthm-07",13,2006,18.1159420289855,3,29.3806693775415
"cthm-07",13,2007,18.1159420289855,3,26.9346262120738
"cthm-07",13,2008,18.1159420289855,3,26.9346262120738
"cthm-07",13,2009,18.1159420289855,3,27.5101657804192
"cthm-07",13,2010,18.1159420289855,3,27.6540506725055
"cthm-07",13,2011,18.1159420289855,3,27.2223959962465
"cthm-07",13,2012,18.1159420289855,3,27.0785111041601
"cthm-07",13,2013,18.1159420289855,3,27.0785111041601
"cthm-07",13,2014,18.1159420289855,3,28.3734751329371
"cthm-07",13,2015,18.1159420289855,3,29.0928995933688
"cthm-07",13,2016,18.1159420289855,3,29.2367844854551
"cthm-07",13,2017,18.1159420289855,3,29.3806693775415
"cthm-07",13,2018,18.1159420289855,3,29.5245542696278
"cthm-07",13,2019,18.1159420289855,3,29.5245542696278
"cthm-07",13,2020,18.1159420289855,3,29.5245542696278
"cthm-07",13,2021,18.1159420289855,3,29.5245542696278
"cthm-07",13,2022,18.1159420289855,3,29.5245542696278
"cthm-07",13,2023,17.3913043478261,3,29.3796267333959
"cthm-07",13,2024,17.3913043478261,3,29.3796267333959
"cthm-07",13,2025,17.3913043478261,3,29.3796267333959
"cthm-07",14,1999,1.44927536231884,3,29.8123240538004
"cthm-07",14,2000,1.44927536231884,3,29.8123240538004
"cthm-07",14,2001,1.44927536231884,3,29.3806693775415
"cthm-07",14,2002,1.44927536231884,3,29.3806693775415
"cthm-07",14,2003,1.44927536231884,3,29.3806693775415
"cthm-07",14,2004,1.44927536231884,3,29.3806693775415
"cthm-07",14,2005,1.44927536231884,3,29.3806693775415
"cthm-07",14,2006,1.44927536231884,3,29.3806693775415
"cthm-07",14,2007,1.44927536231884,3,26.9346262120738
"cthm-07",14,2008,1.44927536231884,3,26.9346262120738
"cthm-07",14,2009,1.44927536231884,3,27.5101657804192
"cthm-07",14,2010,1.44927536231884,3,27.6540506725055
"cthm-07",14,2011,1.44927536231884,3,27.2223959962465
"cthm-07",14,2012,1.44927536231884,3,27.0785111041601
"cthm-07",14,2013,1.44927536231884,3,27.0785111041601
"cthm-07",14,2014,1.44927536231884,3,28.3734751329371
"cthm-07",14,2015,1.44927536231884,3,29.0928995933688
"cthm-07",14,2016,1.44927536231884,3,29.2367844854551
"cthm-07",14,2017,1.44927536231884,3,29.3806693775415
"cthm-07",14,2018,1.44927536231884,3,29.5245542696278
"cthm-07",14,2019,1.44927536231884,3,29.5245542696278
"cthm-07",14,2020,1.44927536231884,3,29.5245542696278
"cthm-07",14,2021,1.44927536231884,3,29.5245542696278
"cthm-07",14,2022,1.44927536231884,3,29.5245542696278
"cthm-07",14,2023,1.44927536231884,3,29.3796267333959
"cthm-07",14,2024,1.44927536231884,3,29.3796267333959
"cthm-07",14,2025,1.44927536231884,3,29.3796267333959
"cthm-07",15,1999,25.1798561151079,3,29.8123240538004
"cthm-07",15,2000,25.1798561151079,3,29.8123240538004
"cthm-07",15,2001,23.7410071942446,3,29.3806693775415
"cthm-07",15,2002,23.7410071942446,3,29.3806693775415
"cthm-07",15,2003,23.7410071942446,3,29.3806693775415
"cthm-07",15,2004,23.7410071942446,3,29.3806693775415
"cthm-07",15,2005,23.7410071942446,3,29.3806693775415
"cthm-07",15,2006,23.7410071942446,3,29.3806693775415
"cthm-07",15,2007,11.5107913669065,3,26.9346262120738
"cthm-07",15,2008,11.5107913669065,3,26.9346262120738
"cthm-07",15,2009,13.6690647482014,3,27.5101657804192
"cthm-07",15,2010,14.3884892086331,3,27.6540506725055
"cthm-07",15,2011,14.3884892086331,3,27.2223959962465
"cthm-07",15,2012,13.6690647482014,3,27.0785111041601
"cthm-07",15,2013,13.6690647482014,3,27.0785111041601
"cthm-07",15,2014,18.705035971223,3,28.3734751329371
"cthm-07",15,2015,22.3021582733813,3,29.0928995933688
"cthm-07",15,2016,23.0215827338129,3,29.2367844854551
"cthm-07",15,2017,23.7410071942446,3,29.3806693775415
"cthm-07",15,2018,23.7410071942446,3,29.5245542696278
"cthm-07",15,2019,23.7410071942446,3,29.5245542696278
"cthm-07",15,2020,23.7410071942446,3,29.5245542696278
"cthm-07",15,2021,23.7410071942446,3,29.5245542696278
"cthm-07",15,2022,23.7410071942446,3,29.5245542696278
"cthm-07",15,2023,23.7410071942446,3,29.3796267333959
"cthm-07",15,2024,23.7410071942446,3,29.3796267333959
"cthm-07",15,2025,23.7410071942446,3,29.3796267333959
"cthm-07",16,1999,79.2857142857142,4,61.9552019263222
"cthm-07",16,2000,79.2857142857142,4,63.1199568793983
"cthm-07",16,2001,79.2857142857142,4,63.7038984852378
"cthm-07",16,2002,79.2857142857142,4,62.7331245308871
"cthm-07",16,2003,79.2857142857142,4,58.5766826353941
"cthm-07",16,2004,79.2857142857142,4,58.7195397782513
"cthm-07",16,2005,79.2857142857142,4,58.7195397782513
"cthm-07",16,2006,79.2857142857142,4,58.7195397782513
"cthm-07",16,2007,79.2857142857142,4,58.433825492537
"cthm-07",16,2008,79.2857142857142,4,58.1481112068227
"cthm-07",16,2009,79.2857142857142,4,58.8385873972989
"cthm-07",16,2010,78.5714285714285,4,60.3663651750767
"cthm-07",16,2011,78.5714285714285,4,61.8941429528545
"cthm-07",16,2012,78.5714285714285,4,62.4536667623783
"cthm-07",16,2013,78.5714285714285,4,62.4536667623783
"cthm-07",16,2014,77.8571428571428,4,62.5965239052354
"cthm-07",16,2015,77.8571428571428,4,58.5965239052354
"cthm-07",16,2016,78.5714285714285,4,58.7393810480926
"cthm-07",16,2017,78.5714285714285,4,58.7393810480926
"cthm-07",16,2018,78.5714285714285,4,58.8822381909497
"cthm-07",16,2019,78.5714285714285,4,58.8822381909497
"cthm-07",16,2020,78.5714285714285,4,58.8822381909497
"cthm-07",16,2021,78.5714285714285,4,59.0250953338068
"cthm-07",16,2022,78.5714285714285,4,61.8760270108255
"cthm-07",16,2023,77.8571428571428,4,62.3045984393969
"cthm-07",16,2024,77.8571428571428,4,62.3045984393969
"cthm-07",16,2025,77.8571428571428,4,62.0268206616191
"cthm-07",17,1999,36.9565217391304,4,61.9552019263222
"cthm-07",17,2000,36.9565217391304,4,63.1199568793983
"cthm-07",17,2001,36.9565217391304,4,63.7038984852378
"cthm-07",17,2002,36.9565217391304,4,62.7331245308871
"cthm-07",17,2003,36.9565217391304,4,58.5766826353941
"cthm-07",17,2004,36.9565217391304,4,58.7195397782513
"cthm-07",17,2005,36.9565217391304,4,58.7195397782513
"cthm-07",17,2006,36.9565217391304,4,58.7195397782513
"cthm-07",17,2007,36.9565217391304,4,58.433825492537
"cthm-07",17,2008,36.9565217391304,4,58.1481112068227
"cthm-07",17,2009,36.9565217391304,4,58.8385873972989
"cthm-07",17,2010,36.9565217391304,4,60.3663651750767
"cthm-07",17,2011,36.9565217391304,4,61.8941429528545
"cthm-07",17,2012,36.9565217391304,4,62.4536667623783
"cthm-07",17,2013,36.9565217391304,4,62.4536667623783
"cthm-07",17,2014,36.9565217391304,4,62.5965239052354
"cthm-07",17,2015,36.9565217391304,4,58.5965239052354
"cthm-07",17,2016,36.9565217391304,4,58.7393810480926
"cthm-07",17,2017,36.9565217391304,4,58.7393810480926
"cthm-07",17,2018,36.9565217391304,4,58.8822381909497
"cthm-07",17,2019,36.9565217391304,4,58.8822381909497
"cthm-07",17,2020,36.9565217391304,4,58.8822381909497
"cthm-07",17,2021,36.9565217391304,4,59.0250953338068
"cthm-07",17,2022,34.7826086956522,4,61.8760270108255
"cthm-07",17,2023,34.7826086956522,4,62.3045984393969
"cthm-07",17,2024,34.7826086956522,4,62.3045984393969
"cthm-07",17,2025,34.7826086956522,4,62.0268206616191
"cthm-07",18,1999,72.1428571428572,4,61.9552019263222
"cthm-07",18,2000,72.8571428571429,4,63.1199568793983
"cthm-07",18,2001,72.8571428571429,4,63.7038984852378
"cthm-07",18,2002,69.2857142857143,4,62.7331245308871
"cthm-07",18,2003,68.5714285714286,4,58.5766826353941
"cthm-07",18,2004,69.2857142857143,4,58.7195397782513
"cthm-07",18,2005,69.2857142857143,4,58.7195397782513
"cthm-07",18,2006,69.2857142857143,4,58.7195397782513
"cthm-07",18,2007,67.8571428571429,4,58.433825492537
"cthm-07",18,2008,66.4285714285715,4,58.1481112068227
"cthm-07",18,2009,65.7142857142857,4,58.8385873972989
"cthm-07",18,2010,66.4285714285715,4,60.3663651750767
"cthm-07",18,2011,66.4285714285715,4,61.8941429528545
"cthm-07",18,2012,67.1428571428572,4,62.4536667623783
"cthm-07",18,2013,67.1428571428572,4,62.4536667623783
"cthm-07",18,2014,68.5714285714286,4,62.5965239052354
"cthm-07",18,2015,48.5714285714286,4,58.5965239052354
"cthm-07",18,2016,48.5714285714286,4,58.7393810480926
"cthm-07",18,2017,48.5714285714286,4,58.7393810480926
"cthm-07",18,2018,49.2857142857143,4,58.8822381909497
"cthm-07",18,2019,49.2857142857143,4,58.8822381909497
"cthm-07",18,2020,49.2857142857143,4,58.8822381909497
"cthm-07",18,2021,50,4,59.0250953338068
"cthm-07",18,2022,66.4285714285715,4,61.8760270108255
"cthm-07",18,2023,69.2857142857143,4,62.3045984393969
"cthm-07",18,2024,69.2857142857143,4,62.3045984393969
"cthm-07",18,2025,69.2857142857143,4,62.0268206616191
"cthm-07",19,1999,68.6131386861314,4,61.9552019263222
"cthm-07",19,2000,73.7226277372263,4,63.1199568793983
"cthm-07",19,2001,76.6423357664234,4,63.7038984852378
"cthm-07",19,2002,78.8321167883211,4,62.7331245308871
"cthm-07",19,2003,80.2919708029197,4,58.5766826353941
"cthm-07",19,2004,80.2919708029197,4,58.7195397782513
"cthm-07",19,2005,80.2919708029197,4,58.7195397782513
"cthm-07",19,2006,80.2919708029197,4,58.7195397782513
"cthm-07",19,2007,80.2919708029197,4,58.433825492537
"cthm-07",19,2008,80.2919708029197,4,58.1481112068227
"cthm-07",19,2009,80.2919708029197,4,58.8385873972989
"cthm-07",19,2010,80.2919708029197,4,60.3663651750767
"cthm-07",19,2011,80.2919708029197,4,61.8941429528545
"cthm-07",19,2012,80.2919708029197,4,62.4536667623783
"cthm-07",19,2013,80.2919708029197,4,62.4536667623783
"cthm-07",19,2014,80.2919708029197,4,62.5965239052354
"cthm-07",19,2015,80.2919708029197,4,58.5965239052354
"cthm-07",19,2016,80.2919708029197,4,58.7393810480926
"cthm-07",19,2017,80.2919708029197,4,58.7393810480926
"cthm-07",19,2018,80.2919708029197,4,58.8822381909497
"cthm-07",19,2019,80.2919708029197,4,58.8822381909497
"cthm-07",19,2020,80.2919708029197,4,58.8822381909497
"cthm-07",19,2021,80.2919708029197,4,59.0250953338068
"cthm-07",19,2022,80.2919708029197,4,61.8760270108255
"cthm-07",19,2023,80.2919708029197,4,62.3045984393969
"cthm-07",19,2024,80.2919708029197,4,62.3045984393969
"cthm-07",19,2025,80.2919708029197,4,62.0268206616191
"cthm-07",20,1999,52.7777777777778,4,61.9552019263222
"cthm-07",20,2000,52.7777777777778,4,63.1199568793983
"cthm-07",20,2001,52.7777777777778,4,63.7038984852378
"cthm-07",20,2002,49.3055555555556,4,62.7331245308871
"cthm-07",20,2003,27.7777777777778,4,58.5766826353941
"cthm-07",20,2004,27.7777777777778,4,58.7195397782513
"cthm-07",20,2005,27.7777777777778,4,58.7195397782513
"cthm-07",20,2006,27.7777777777778,4,58.7195397782513
"cthm-07",20,2007,27.7777777777778,4,58.433825492537
"cthm-07",20,2008,27.7777777777778,4,58.1481112068227
"cthm-07",20,2009,31.9444444444445,4,58.8385873972989
"cthm-07",20,2010,39.5833333333333,4,60.3663651750767
"cthm-07",20,2011,47.2222222222222,4,61.8941429528545
"cthm-07",20,2012,49.3055555555556,4,62.4536667623783
"cthm-07",20,2013,49.3055555555556,4,62.4536667623783
"cthm-07",20,2014,49.3055555555556,4,62.5965239052354
"cthm-07",20,2015,49.3055555555556,4,58.5965239052354
"cthm-07",20,2016,49.3055555555556,4,58.7393810480926
"cthm-07",20,2017,49.3055555555556,4,58.7393810480926
"cthm-07",20,2018,49.3055555555556,4,58.8822381909497
"cthm-07",20,2019,49.3055555555556,4,58.8822381909497
"cthm-07",20,2020,49.3055555555556,4,58.8822381909497
"cthm-07",20,2021,49.3055555555556,4,59.0250953338068
"cthm-07",20,2022,49.3055555555556,4,61.8760270108255
"cthm-07",20,2023,49.3055555555556,4,62.3045984393969
"cthm-07",20,2024,49.3055555555556,4,62.3045984393969
"cthm-07",20,2025,47.9166666666667,4,62.0268206616191
"cthm-08",1,1999,12.1428571428571,1,56.1254777333149
"cthm-08",1,2000,12.1428571428571,1,49.9330274382318
"cthm-08",1,2001,12.1428571428571,1,45.9102456636514
"cthm-08",1,2002,12.8571428571429,1,46.7645761810005
"cthm-08",1,2003,12.1428571428571,1,49.0004968669441
"cthm-08",1,2004,13.5714285714286,1,53.0902530255431
"cthm-08",1,2005,13.5714285714286,1,52.6599377033328
"cthm-08",1,2006,13.5714285714286,1,52.7958715094793
"cthm-08",1,2007,13.5714285714286,1,52.5655700363721
"cthm-08",1,2008,13.5714285714286,1,54.3361535695456
"cthm-08",1,2009,13.5714285714286,1,54.8977328775278
"cthm-08",1,2010,13.5714285714286,1,55.4632804394782
"cthm-08",1,2011,13.5714285714286,1,55.6071653315645
"cthm-08",1,2012,13.5714285714286,1,55.6071653315645
"cthm-08",1,2013,13.5714285714286,1,55.8928941952821
"cthm-08",1,2014,12.8571428571429,1,56.1816917286839
"cthm-08",1,2015,13.5714285714286,1,55.4912155382077
"cthm-08",1,2016,13.5714285714286,1,54.3771639223576
"cthm-08",1,2017,13.5714285714286,1,50.4853199507263
"cthm-08",1,2018,13.5714285714286,1,49.3742088396152
"cthm-08",1,2019,13.5714285714286,1,48.0802725600674
"cthm-08",1,2020,13.5714285714286,1,47.6527288807252
"cthm-08",1,2021,13.5714285714286,1,46.7925027758948
"cthm-08",1,2022,13.5714285714286,1,46.5047329917221
"cthm-08",1,2023,13.5714285714286,1,44.5168764684301
"cthm-08",1,2024,13.5714285714286,1,45.0791573428188
"cthm-08",1,2025,13.5714285714286,1,36.9156316284358
"cthm-08",2,1999,82.2695035460994,1,56.1254777333149
"cthm-08",2,2000,72.3404255319149,1,49.9330274382318
"cthm-08",2,2001,72.3404255319149,1,45.9102456636514
"cthm-08",2,2002,71.6312056737588,1,46.7645761810005
"cthm-08",2,2003,60.2836879432624,1,49.0004968669441
"cthm-08",2,2004,58.8652482269503,1,53.0902530255431
"cthm-08",2,2005,53.1914893617021,1,52.6599377033328
"cthm-08",2,2006,52.4822695035461,1,52.7958715094793
"cthm-08",2,2007,52.4822695035461,1,52.5655700363721
"cthm-08",2,2008,52.4822695035461,1,54.3361535695456
"cthm-08",2,2009,52.4822695035461,1,54.8977328775278
"cthm-08",2,2010,52.4822695035461,1,55.4632804394782
"cthm-08",2,2011,52.4822695035461,1,55.6071653315645
"cthm-08",2,2012,52.4822695035461,1,55.6071653315645
"cthm-08",2,2013,53.1914893617021,1,55.8928941952821
"cthm-08",2,2014,53.1914893617021,1,56.1816917286839
"cthm-08",2,2015,53.1914893617021,1,55.4912155382077
"cthm-08",2,2016,53.1914893617021,1,54.3771639223576
"cthm-08",2,2017,52.4822695035461,1,50.4853199507263
"cthm-08",2,2018,52.4822695035461,1,49.3742088396152
"cthm-08",2,2019,52.4822695035461,1,48.0802725600674
"cthm-08",2,2020,52.4822695035461,1,47.6527288807252
"cthm-08",2,2021,52.4822695035461,1,46.7925027758948
"cthm-08",2,2022,52.4822695035461,1,46.5047329917221
"cthm-08",2,2023,43.2624113475178,1,44.5168764684301
"cthm-08",2,2024,48.22695035461,1,45.0791573428188
"cthm-08",2,2025,49.645390070922,1,36.9156316284358
"cthm-08",3,1999,80,1,56.1254777333149
"cthm-08",3,2000,80,1,49.9330274382318
"cthm-08",3,2001,80,1,45.9102456636514
"cthm-08",3,2002,80,1,46.7645761810005
"cthm-08",3,2003,80,1,49.0004968669441
"cthm-08",3,2004,80,1,53.0902530255431
"cthm-08",3,2005,80,1,52.6599377033328
"cthm-08",3,2006,80,1,52.7958715094793
"cthm-08",3,2007,67.1428571428571,1,52.5655700363721
"cthm-08",3,2008,67.1428571428571,1,54.3361535695456
"cthm-08",3,2009,66.4285714285714,1,54.8977328775278
"cthm-08",3,2010,66.4285714285714,1,55.4632804394782
"cthm-08",3,2011,66.4285714285714,1,55.6071653315645
"cthm-08",3,2012,66.4285714285714,1,55.6071653315645
"cthm-08",3,2013,66.4285714285714,1,55.8928941952821
"cthm-08",3,2014,66.4285714285714,1,56.1816917286839
"cthm-08",3,2015,66.4285714285714,1,55.4912155382077
"cthm-08",3,2016,65,1,54.3771639223576
"cthm-08",3,2017,65,1,50.4853199507263
"cthm-08",3,2018,65,1,49.3742088396152
"cthm-08",3,2019,64.2857142857143,1,48.0802725600674
"cthm-08",3,2020,61.4285714285714,1,47.6527288807252
"cthm-08",3,2021,59.2857142857143,1,46.7925027758948
"cthm-08",3,2022,59.2857142857143,1,46.5047329917221
"cthm-08",3,2023,59.2857142857143,1,44.5168764684301
"cthm-08",3,2024,58.5714285714286,1,45.0791573428188
"cthm-08",3,2025,57.8571428571429,1,36.9156316284358
"cthm-08",4,1999,58.9928057553957,1,56.1254777333149
"cthm-08",4,2000,53.2374100719424,1,49.9330274382318
"cthm-08",4,2001,53.956834532374,1,45.9102456636514
"cthm-08",4,2002,56.8345323741006,1,46.7645761810005
"cthm-08",4,2003,66.1870503597123,1,49.0004968669441
"cthm-08",4,2004,74.8201438848921,1,53.0902530255431
"cthm-08",4,2005,76.2589928057554,1,52.6599377033328
"cthm-08",4,2006,76.2589928057554,1,52.7958715094793
"cthm-08",4,2007,73.3812949640288,1,52.5655700363721
"cthm-08",4,2008,68.3453237410071,1,54.3361535695456
"cthm-08",4,2009,69.7841726618705,1,54.8977328775278
"cthm-08",4,2010,71.2230215827338,1,55.4632804394782
"cthm-08",4,2011,71.9424460431654,1,55.6071653315645
"cthm-08",4,2012,71.9424460431654,1,55.6071653315645
"cthm-08",4,2013,72.6618705035971,1,55.8928941952821
"cthm-08",4,2014,74.820143884892,1,56.1816917286839
"cthm-08",4,2015,74.820143884892,1,55.4912155382077
"cthm-08",4,2016,75.5395683453237,1,54.3771639223576
"cthm-08",4,2017,75.5395683453237,1,50.4853199507263
"cthm-08",4,2018,75.5395683453237,1,49.3742088396152
"cthm-08",4,2019,69.7841726618704,1,48.0802725600674
"cthm-08",4,2020,70.5035971223021,1,47.6527288807252
"cthm-08",4,2021,68.3453237410072,1,46.7925027758948
"cthm-08",4,2022,66.9064748201439,1,46.5047329917221
"cthm-08",4,2023,66.1870503597122,1,44.5168764684301
"cthm-08",4,2024,64.7482014388489,1,45.0791573428188
"cthm-08",4,2025,48.9208633093524,1,36.9156316284358
"cthm-08",5,1999,47.2222222222222,1,56.1254777333149
"cthm-08",5,2000,31.9444444444445,1,49.9330274382318
"cthm-08",5,2001,11.1111111111111,1,45.9102456636514
"cthm-08",5,2002,12.5,1,46.7645761810005
"cthm-08",5,2003,26.3888888888888,1,49.0004968669441
"cthm-08",5,2004,38.1944444444444,1,53.0902530255431
"cthm-08",5,2005,40.2777777777777,1,52.6599377033328
"cthm-08",5,2006,41.6666666666666,1,52.7958715094793
"cthm-08",5,2007,56.25,1,52.5655700363721
"cthm-08",5,2008,70.1388888888889,1,54.3361535695456
"cthm-08",5,2009,72.2222222222223,1,54.8977328775278
"cthm-08",5,2010,73.6111111111111,1,55.4632804394782
"cthm-08",5,2011,73.6111111111111,1,55.6071653315645
"cthm-08",5,2012,73.6111111111111,1,55.6071653315645
"cthm-08",5,2013,73.6111111111111,1,55.8928941952821
"cthm-08",5,2014,73.6111111111111,1,56.1816917286839
"cthm-08",5,2015,69.4444444444445,1,55.4912155382077
"cthm-08",5,2016,64.5833333333334,1,54.3771639223576
"cthm-08",5,2017,45.8333333333334,1,50.4853199507263
"cthm-08",5,2018,40.2777777777777,1,49.3742088396152
"cthm-08",5,2019,40.2777777777778,1,48.0802725600674
"cthm-08",5,2020,40.2777777777778,1,47.6527288807252
"cthm-08",5,2021,40.2777777777778,1,46.7925027758948
"cthm-08",5,2022,40.2777777777778,1,46.5047329917221
"cthm-08",5,2023,40.2777777777778,1,44.5168764684301
"cthm-08",5,2024,40.2777777777778,1,45.0791573428188
"cthm-08",5,2025,14.5833333333333,1,36.9156316284358
"cthm-08",6,1999,72.6618705035971,2,61.5572188212163
"cthm-08",6,2000,72.6618705035971,2,61.5572188212163
"cthm-08",6,2001,72.6618705035971,2,61.4143616783592
"cthm-08",6,2002,72.6618705035971,2,61.2694341421273
"cthm-08",6,2003,72.6618705035971,2,59.8346515334317
"cthm-08",6,2004,56.1151079136691,2,56.3824418725889
"cthm-08",6,2005,46.0431654676259,2,54.3680533833802
"cthm-08",6,2006,42.4460431654676,2,53.3629146372343
"cthm-08",6,2007,42.4460431654676,2,53.3629146372343
"cthm-08",6,2008,42.4460431654676,2,53.6486289229486
"cthm-08",6,2009,44.6043165467626,2,52.7945693134933
"cthm-08",6,2010,45.3237410071942,2,46.3670256341511
"cthm-08",6,2011,52.5179856115108,2,48.0915888407287
"cthm-08",6,2012,72.661870503597,2,52.1203658191459
"cthm-08",6,2013,72.661870503597,2,52.1203658191459
"cthm-08",6,2014,72.661870503597,2,52.2652933553778
"cthm-08",6,2015,72.661870503597,2,52.2652933553778
"cthm-08",6,2016,72.661870503597,2,51.6938647839492
"cthm-08",6,2017,72.661870503597,2,53.5530780344668
"cthm-08",6,2018,72.661870503597,2,56.695935177324
"cthm-08",6,2019,72.661870503597,2,59.1265769992701
"cthm-08",6,2020,72.661870503597,2,59.1286473926449
"cthm-08",6,2021,72.661870503597,2,59.2735749288767
"cthm-08",6,2022,72.661870503597,2,59.4164320717339
"cthm-08",6,2023,72.661870503597,2,59.4164320717339
"cthm-08",6,2024,72.661870503597,2,59.4164320717339
"cthm-08",6,2025,72.661870503597,2,59.8450035003053
"cthm-08",7,1999,58.6956521739131,2,61.5572188212163
"cthm-08",7,2000,58.6956521739131,2,61.5572188212163
"cthm-08",7,2001,58.6956521739131,2,61.4143616783592
"cthm-08",7,2002,57.9710144927536,2,61.2694341421273
"cthm-08",7,2003,55.7971014492754,2,59.8346515334317
"cthm-08",7,2004,55.7971014492754,2,56.3824418725889
"cthm-08",7,2005,55.7971014492754,2,54.3680533833802
"cthm-08",7,2006,55.7971014492754,2,53.3629146372343
"cthm-08",7,2007,55.7971014492754,2,53.3629146372343
"cthm-08",7,2008,55.7971014492754,2,53.6486289229486
"cthm-08",7,2009,55.7971014492754,2,52.7945693134933
"cthm-08",7,2010,55.7971014492754,2,46.3670256341511
"cthm-08",7,2011,55.7971014492754,2,48.0915888407287
"cthm-08",7,2012,55.7971014492754,2,52.1203658191459
"cthm-08",7,2013,55.7971014492754,2,52.1203658191459
"cthm-08",7,2014,56.5217391304348,2,52.2652933553778
"cthm-08",7,2015,56.5217391304348,2,52.2652933553778
"cthm-08",7,2016,56.5217391304348,2,51.6938647839492
"cthm-08",7,2017,57.2463768115942,2,53.5530780344668
"cthm-08",7,2018,57.2463768115942,2,56.695935177324
"cthm-08",7,2019,57.9710144927536,2,59.1265769992701
"cthm-08",7,2020,58.695652173913,2,59.1286473926449
"cthm-08",7,2021,59.4202898550725,2,59.2735749288767
"cthm-08",7,2022,59.4202898550725,2,59.4164320717339
"cthm-08",7,2023,59.4202898550725,2,59.4164320717339
"cthm-08",7,2024,59.4202898550725,2,59.4164320717339
"cthm-08",7,2025,59.4202898550725,2,59.8450035003053
"cthm-08",8,1999,63.5714285714286,2,61.5572188212163
"cthm-08",8,2000,63.5714285714286,2,61.5572188212163
"cthm-08",8,2001,62.8571428571429,2,61.4143616783592
"cthm-08",8,2002,62.8571428571429,2,61.2694341421273
"cthm-08",8,2003,62.8571428571429,2,59.8346515334317
"cthm-08",8,2004,62.8571428571429,2,56.3824418725889
"cthm-08",8,2005,62.8571428571429,2,54.3680533833802
"cthm-08",8,2006,62.8571428571429,2,53.3629146372343
"cthm-08",8,2007,62.8571428571429,2,53.3629146372343
"cthm-08",8,2008,62.8571428571429,2,53.6486289229486
"cthm-08",8,2009,56.4285714285714,2,52.7945693134933
"cthm-08",8,2010,23.5714285714286,2,46.3670256341511
"cthm-08",8,2011,23.5714285714286,2,48.0915888407287
"cthm-08",8,2012,23.5714285714286,2,52.1203658191459
"cthm-08",8,2013,23.5714285714286,2,52.1203658191459
"cthm-08",8,2014,23.5714285714286,2,52.2652933553778
"cthm-08",8,2015,23.5714285714286,2,52.2652933553778
"cthm-08",8,2016,23.5714285714286,2,51.6938647839492
"cthm-08",8,2017,34.2857142857143,2,53.5530780344668
"cthm-08",8,2018,50.7142857142858,2,56.695935177324
"cthm-08",8,2019,62.1428571428572,2,59.1265769992701
"cthm-08",8,2020,62.8571428571429,2,59.1286473926449
"cthm-08",8,2021,62.8571428571429,2,59.2735749288767
"cthm-08",8,2022,62.8571428571429,2,59.4164320717339
"cthm-08",8,2023,62.8571428571429,2,59.4164320717339
"cthm-08",8,2024,62.8571428571429,2,59.4164320717339
"cthm-08",8,2025,62.8571428571429,2,59.8450035003053
"cthm-08",9,1999,41.4285714285714,2,61.5572188212163
"cthm-08",9,2000,41.4285714285714,2,61.5572188212163
"cthm-08",9,2001,41.4285714285714,2,61.4143616783592
"cthm-08",9,2002,41.4285714285714,2,61.2694341421273
"cthm-08",9,2003,41.4285714285714,2,59.8346515334317
"cthm-08",9,2004,41.4285714285714,2,56.3824418725889
"cthm-08",9,2005,41.4285714285714,2,54.3680533833802
"cthm-08",9,2006,41.4285714285714,2,53.3629146372343
"cthm-08",9,2007,41.4285714285714,2,53.3629146372343
"cthm-08",9,2008,41.4285714285714,2,53.6486289229486
"cthm-08",9,2009,41.4285714285714,2,52.7945693134933
"cthm-08",9,2010,41.4285714285714,2,46.3670256341511
"cthm-08",9,2011,41.4285714285714,2,48.0915888407287
"cthm-08",9,2012,41.4285714285714,2,52.1203658191459
"cthm-08",9,2013,41.4285714285714,2,52.1203658191459
"cthm-08",9,2014,41.4285714285714,2,52.2652933553778
"cthm-08",9,2015,41.4285714285714,2,52.2652933553778
"cthm-08",9,2016,39.2857142857142,2,51.6938647839492
"cthm-08",9,2017,37.1428571428571,2,53.5530780344668
"cthm-08",9,2018,36.4285714285714,2,56.695935177324
"cthm-08",9,2019,36.4285714285714,2,59.1265769992701
"cthm-08",9,2020,34.9999999999999,2,59.1286473926449
"cthm-08",9,2021,34.9999999999999,2,59.2735749288767
"cthm-08",9,2022,35.7142857142856,2,59.4164320717339
"cthm-08",9,2023,35.7142857142856,2,59.4164320717339
"cthm-08",9,2024,35.7142857142856,2,59.4164320717339
"cthm-08",9,2025,37.8571428571429,2,59.8450035003053
"cthm-08",10,1999,71.4285714285714,2,61.5572188212163
"cthm-08",10,2000,71.4285714285714,2,61.5572188212163
"cthm-08",10,2001,71.4285714285714,2,61.4143616783592
"cthm-08",10,2002,71.4285714285714,2,61.2694341421273
"cthm-08",10,2003,66.4285714285714,2,59.8346515334317
"cthm-08",10,2004,65.7142857142857,2,56.3824418725889
"cthm-08",10,2005,65.7142857142857,2,54.3680533833802
"cthm-08",10,2006,64.2857142857143,2,53.3629146372343
"cthm-08",10,2007,64.2857142857143,2,53.3629146372343
"cthm-08",10,2008,65.7142857142857,2,53.6486289229486
"cthm-08",10,2009,65.7142857142857,2,52.7945693134933
"cthm-08",10,2010,65.7142857142857,2,46.3670256341511
"cthm-08",10,2011,67.1428571428571,2,48.0915888407287
"cthm-08",10,2012,67.1428571428571,2,52.1203658191459
"cthm-08",10,2013,67.1428571428571,2,52.1203658191459
"cthm-08",10,2014,67.1428571428571,2,52.2652933553778
"cthm-08",10,2015,67.1428571428571,2,52.2652933553778
"cthm-08",10,2016,66.4285714285714,2,51.6938647839492
"cthm-08",10,2017,66.4285714285714,2,53.5530780344668
"cthm-08",10,2018,66.4285714285714,2,56.695935177324
"cthm-08",10,2019,66.4285714285714,2,59.1265769992701
"cthm-08",10,2020,66.4285714285714,2,59.1286473926449
"cthm-08",10,2021,66.4285714285714,2,59.2735749288767
"cthm-08",10,2022,66.4285714285714,2,59.4164320717339
"cthm-08",10,2023,66.4285714285714,2,59.4164320717339
"cthm-08",10,2024,66.4285714285714,2,59.4164320717339
"cthm-08",10,2025,66.4285714285714,2,59.8450035003053
"cthm-08",11,1999,51.7985611510791,3,51.7672818267125
"cthm-08",11,2000,51.7985611510791,3,51.4805546866854
"cthm-08",11,2001,51.7985611510791,3,51.4805546866854
"cthm-08",11,2002,52.5179856115108,3,51.7693671150036
"cthm-08",11,2003,52.5179856115108,3,51.6244395787718
"cthm-08",11,2004,45.3237410071943,3,50.1855906579085
"cthm-08",11,2005,43.884892086331,3,49.8978208737358
"cthm-08",11,2006,44.6043165467626,3,50.186633302054
"cthm-08",11,2007,46.7625899280576,3,51.0489000104264
"cthm-08",11,2008,46.0431654676259,3,50.7611302262538
"cthm-08",11,2009,46.7625899280575,3,41.8246272547179
"cthm-08",11,2010,51.0791366906474,3,42.8328641434678
"cthm-08",11,2011,51.0791366906474,3,42.8328641434678
"cthm-08",11,2012,50.3597122302158,3,38.6602022729642
"cthm-08",11,2013,50.3597122302158,3,38.5163173808779
"cthm-08",11,2014,50.3597122302158,3,38.8061724533417
"cthm-08",11,2015,50.3597122302158,3,38.8082577416328
"cthm-08",11,2016,51.7985611510791,3,43.1331456573871
"cthm-08",11,2017,51.7985611510791,3,46.1568136794912
"cthm-08",11,2018,51.7985611510791,3,47.4517777082682
"cthm-08",11,2019,51.7985611510791,3,49.6100510895631
"cthm-08",11,2020,51.7985611510791,3,52.344906683349
"cthm-08",11,2021,51.7985611510791,3,52.0550516108852
"cthm-08",11,2022,51.7985611510791,3,51.9111667187989
"cthm-08",11,2023,51.7985611510791,3,52.0560942550308
"cthm-08",11,2024,51.7985611510791,3,52.1989365029715
"cthm-08",11,2025,51.7985611510791,3,52.3428213950579
"cthm-08",12,1999,41.0071942446043,3,51.7672818267125
"cthm-08",12,2000,41.0071942446043,3,51.4805546866854
"cthm-08",12,2001,41.0071942446043,3,51.4805546866854
"cthm-08",12,2002,41.0071942446043,3,51.7693671150036
"cthm-08",12,2003,41.0071942446043,3,51.6244395787718
"cthm-08",12,2004,41.0071942446043,3,50.1855906579085
"cthm-08",12,2005,41.0071942446043,3,49.8978208737358
"cthm-08",12,2006,41.0071942446043,3,50.186633302054
"cthm-08",12,2007,41.0071942446043,3,51.0489000104264
"cthm-08",12,2008,40.2877697841727,3,50.7611302262538
"cthm-08",12,2009,5.75539568345323,3,41.8246272547179
"cthm-08",12,2010,5.75539568345323,3,42.8328641434678
"cthm-08",12,2011,5.75539568345323,3,42.8328641434678
"cthm-08",12,2012,6.47482014388489,3,38.6602022729642
"cthm-08",12,2013,6.47482014388489,3,38.5163173808779
"cthm-08",12,2014,6.47482014388489,3,38.8061724533417
"cthm-08",12,2015,7.9136690647482,3,38.8082577416328
"cthm-08",12,2016,22.3021582733813,3,43.1331456573871
"cthm-08",12,2017,35.2517985611511,3,46.1568136794912
"cthm-08",12,2018,41.726618705036,3,47.4517777082682
"cthm-08",12,2019,43.1654676258993,3,49.6100510895631
"cthm-08",12,2020,43.1654676258993,3,52.344906683349
"cthm-08",12,2021,43.1654676258993,3,52.0550516108852
"cthm-08",12,2022,43.1654676258993,3,51.9111667187989
"cthm-08",12,2023,43.1654676258993,3,52.0560942550308
"cthm-08",12,2024,43.1654676258993,3,52.1989365029715
"cthm-08",12,2025,43.1654676258993,3,52.3428213950579
"cthm-08",13,1999,78.2608695652174,3,51.7672818267125
"cthm-08",13,2000,78.9855072463768,3,51.4805546866854
"cthm-08",13,2001,78.9855072463768,3,51.4805546866854
"cthm-08",13,2002,79.7101449275362,3,51.7693671150036
"cthm-08",13,2003,78.9855072463768,3,51.6244395787718
"cthm-08",13,2004,78.9855072463768,3,50.1855906579085
"cthm-08",13,2005,78.9855072463768,3,49.8978208737358
"cthm-08",13,2006,79.7101449275362,3,50.186633302054
"cthm-08",13,2007,78.9855072463768,3,51.0489000104264
"cthm-08",13,2008,78.9855072463768,3,50.7611302262538
"cthm-08",13,2009,68.1159420289854,3,41.8246272547179
"cthm-08",13,2010,68.8405797101449,3,42.8328641434678
"cthm-08",13,2011,68.8405797101449,3,42.8328641434678
"cthm-08",13,2012,68.8405797101449,3,38.6602022729642
"cthm-08",13,2013,68.8405797101449,3,38.5163173808779
"cthm-08",13,2014,70.2898550724638,3,38.8061724533417
"cthm-08",13,2015,71.7391304347825,3,38.8082577416328
"cthm-08",13,2016,77.5362318840579,3,43.1331456573871
"cthm-08",13,2017,78.9855072463768,3,46.1568136794912
"cthm-08",13,2018,78.9855072463768,3,47.4517777082682
"cthm-08",13,2019,78.9855072463768,3,49.6100510895631
"cthm-08",13,2020,79.7101449275362,3,52.344906683349
"cthm-08",13,2021,78.2608695652174,3,52.0550516108852
"cthm-08",13,2022,78.2608695652174,3,51.9111667187989
"cthm-08",13,2023,78.9855072463769,3,52.0560942550308
"cthm-08",13,2024,78.2608695652174,3,52.1989365029715
"cthm-08",13,2025,78.2608695652174,3,52.3428213950579
"cthm-08",14,1999,58.273381294964,3,51.7672818267125
"cthm-08",14,2000,56.115107913669,3,51.4805546866854
"cthm-08",14,2001,56.115107913669,3,51.4805546866854
"cthm-08",14,2002,56.115107913669,3,51.7693671150036
"cthm-08",14,2003,56.115107913669,3,51.6244395787718
"cthm-08",14,2004,56.115107913669,3,50.1855906579085
"cthm-08",14,2005,56.115107913669,3,49.8978208737358
"cthm-08",14,2006,56.115107913669,3,50.186633302054
"cthm-08",14,2007,58.9928057553957,3,51.0489000104264
"cthm-08",14,2008,58.9928057553957,3,50.7611302262538
"cthm-08",14,2009,58.9928057553957,3,41.8246272547179
"cthm-08",14,2010,58.9928057553957,3,42.8328641434678
"cthm-08",14,2011,58.9928057553957,3,42.8328641434678
"cthm-08",14,2012,38.1294964028777,3,38.6602022729642
"cthm-08",14,2013,37.4100719424461,3,38.5163173808779
"cthm-08",14,2014,37.4100719424461,3,38.8061724533417
"cthm-08",14,2015,34.5323741007195,3,38.8082577416328
"cthm-08",14,2016,34.5323741007195,3,43.1331456573871
"cthm-08",14,2017,35.2517985611511,3,46.1568136794912
"cthm-08",14,2018,35.2517985611511,3,47.4517777082682
"cthm-08",14,2019,44.6043165467626,3,49.6100510895631
"cthm-08",14,2020,57.5539568345324,3,52.344906683349
"cthm-08",14,2021,57.5539568345324,3,52.0550516108852
"cthm-08",14,2022,57.5539568345324,3,51.9111667187989
"cthm-08",14,2023,57.5539568345324,3,52.0560942550308
"cthm-08",14,2024,58.9928057553957,3,52.1989365029715
"cthm-08",14,2025,59.7122302158274,3,52.3428213950579
"cthm-08",15,1999,29.4964028776978,3,51.7672818267125
"cthm-08",15,2000,29.4964028776978,3,51.4805546866854
"cthm-08",15,2001,29.4964028776978,3,51.4805546866854
"cthm-08",15,2002,29.4964028776978,3,51.7693671150036
"cthm-08",15,2003,29.4964028776978,3,51.6244395787718
"cthm-08",15,2004,29.4964028776978,3,50.1855906579085
"cthm-08",15,2005,29.4964028776978,3,49.8978208737358
"cthm-08",15,2006,29.4964028776978,3,50.186633302054
"cthm-08",15,2007,29.4964028776978,3,51.0489000104264
"cthm-08",15,2008,29.4964028776978,3,50.7611302262538
"cthm-08",15,2009,29.4964028776978,3,41.8246272547179
"cthm-08",15,2010,29.4964028776978,3,42.8328641434678
"cthm-08",15,2011,29.4964028776978,3,42.8328641434678
"cthm-08",15,2012,29.4964028776978,3,38.6602022729642
"cthm-08",15,2013,29.4964028776978,3,38.5163173808779
"cthm-08",15,2014,29.4964028776978,3,38.8061724533417
"cthm-08",15,2015,29.4964028776978,3,38.8082577416328
"cthm-08",15,2016,29.4964028776978,3,43.1331456573871
"cthm-08",15,2017,29.4964028776978,3,46.1568136794912
"cthm-08",15,2018,29.4964028776978,3,47.4517777082682
"cthm-08",15,2019,29.4964028776978,3,49.6100510895631
"cthm-08",15,2020,29.4964028776978,3,52.344906683349
"cthm-08",15,2021,29.4964028776978,3,52.0550516108852
"cthm-08",15,2022,28.7769784172662,3,51.9111667187989
"cthm-08",15,2023,28.7769784172662,3,52.0560942550308
"cthm-08",15,2024,28.7769784172662,3,52.1989365029715
"cthm-08",15,2025,28.7769784172662,3,52.3428213950579
"cthm-08",16,1999,34.7826086956521,4,47.6671005128164
"cthm-08",16,2000,34.7826086956521,4,47.6671005128164
"cthm-08",16,2001,34.7826086956521,4,48.0956719413878
"cthm-08",16,2002,34.7826086956521,4,48.0956719413878
"cthm-08",16,2003,34.7826086956521,4,48.0956719413878
"cthm-08",16,2004,34.7826086956521,4,48.0956719413878
"cthm-08",16,2005,34.7826086956521,4,48.0956719413878
"cthm-08",16,2006,34.7826086956521,4,47.9528147985307
"cthm-08",16,2007,34.7826086956521,4,47.5211601222717
"cthm-08",16,2008,34.7826086956521,4,47.233390338099
"cthm-08",16,2009,34.7826086956521,4,47.233390338099
"cthm-08",16,2010,34.7826086956521,4,47.665045014358
"cthm-08",16,2011,34.7826086956521,4,47.9528147985307
"cthm-08",16,2012,34.7826086956521,4,48.2395568334741
"cthm-08",16,2013,34.7826086956521,4,48.3834417255605
"cthm-08",16,2014,34.7826086956521,4,48.3834417255605
"cthm-08",16,2015,34.7826086956521,4,48.3834417255605
"cthm-08",16,2016,34.7826086956521,4,45.5057438838339
"cthm-08",16,2017,34.7826086956521,4,45.5057438838339
"cthm-08",16,2018,34.7826086956521,4,45.5057438838339
"cthm-08",16,2019,34.7826086956521,4,45.6496287759202
"cthm-08",16,2020,34.7826086956521,4,45.6496287759202
"cthm-08",16,2021,34.7826086956521,4,45.7935136680065
"cthm-08",16,2022,34.7826086956521,4,45.6496287759202
"cthm-08",16,2023,34.7826086956521,4,45.3618589917475
"cthm-08",16,2024,34.7826086956521,4,45.3618589917475
"cthm-08",16,2025,34.7826086956521,4,45.3618589917475
"cthm-08",17,1999,51.4285714285715,4,47.6671005128164
"cthm-08",17,2000,51.4285714285715,4,47.6671005128164
"cthm-08",17,2001,53.5714285714286,4,48.0956719413878
"cthm-08",17,2002,53.5714285714286,4,48.0956719413878
"cthm-08",17,2003,53.5714285714286,4,48.0956719413878
"cthm-08",17,2004,53.5714285714286,4,48.0956719413878
"cthm-08",17,2005,53.5714285714286,4,48.0956719413878
"cthm-08",17,2006,52.8571428571429,4,47.9528147985307
"cthm-08",17,2007,52.8571428571429,4,47.5211601222717
"cthm-08",17,2008,52.8571428571429,4,47.233390338099
"cthm-08",17,2009,52.8571428571429,4,47.233390338099
"cthm-08",17,2010,52.8571428571429,4,47.665045014358
"cthm-08",17,2011,52.8571428571429,4,47.9528147985307
"cthm-08",17,2012,53.5714285714286,4,48.2395568334741
"cthm-08",17,2013,53.5714285714286,4,48.3834417255605
"cthm-08",17,2014,53.5714285714286,4,48.3834417255605
"cthm-08",17,2015,53.5714285714286,4,48.3834417255605
"cthm-08",17,2016,53.5714285714286,4,45.5057438838339
"cthm-08",17,2017,53.5714285714286,4,45.5057438838339
"cthm-08",17,2018,53.5714285714286,4,45.5057438838339
"cthm-08",17,2019,53.5714285714286,4,45.6496287759202
"cthm-08",17,2020,53.5714285714286,4,45.6496287759202
"cthm-08",17,2021,53.5714285714286,4,45.7935136680065
"cthm-08",17,2022,53.5714285714286,4,45.6496287759202
"cthm-08",17,2023,53.5714285714286,4,45.3618589917475
"cthm-08",17,2024,53.5714285714286,4,45.3618589917475
"cthm-08",17,2025,53.5714285714286,4,45.3618589917475
"cthm-08",18,1999,71.5277777777778,4,47.6671005128164
"cthm-08",18,2000,71.5277777777778,4,47.6671005128164
"cthm-08",18,2001,71.5277777777778,4,48.0956719413878
"cthm-08",18,2002,71.5277777777778,4,48.0956719413878
"cthm-08",18,2003,71.5277777777778,4,48.0956719413878
"cthm-08",18,2004,71.5277777777778,4,48.0956719413878
"cthm-08",18,2005,71.5277777777778,4,48.0956719413878
"cthm-08",18,2006,71.5277777777778,4,47.9528147985307
"cthm-08",18,2007,71.5277777777778,4,47.5211601222717
"cthm-08",18,2008,71.5277777777778,4,47.233390338099
"cthm-08",18,2009,71.5277777777778,4,47.233390338099
"cthm-08",18,2010,71.5277777777778,4,47.665045014358
"cthm-08",18,2011,71.5277777777778,4,47.9528147985307
"cthm-08",18,2012,71.5277777777778,4,48.2395568334741
"cthm-08",18,2013,71.5277777777778,4,48.3834417255605
"cthm-08",18,2014,71.5277777777778,4,48.3834417255605
"cthm-08",18,2015,71.5277777777778,4,48.3834417255605
"cthm-08",18,2016,71.5277777777778,4,45.5057438838339
"cthm-08",18,2017,71.5277777777778,4,45.5057438838339
"cthm-08",18,2018,71.5277777777778,4,45.5057438838339
"cthm-08",18,2019,71.5277777777778,4,45.6496287759202
"cthm-08",18,2020,71.5277777777778,4,45.6496287759202
"cthm-08",18,2021,71.5277777777778,4,45.7935136680065
"cthm-08",18,2022,71.5277777777778,4,45.6496287759202
"cthm-08",18,2023,71.5277777777778,4,45.3618589917475
"cthm-08",18,2024,71.5277777777778,4,45.3618589917475
"cthm-08",18,2025,71.5277777777778,4,45.3618589917475
"cthm-08",19,1999,79.136690647482,4,47.6671005128164
"cthm-08",19,2000,79.136690647482,4,47.6671005128164
"cthm-08",19,2001,79.136690647482,4,48.0956719413878
"cthm-08",19,2002,79.136690647482,4,48.0956719413878
"cthm-08",19,2003,79.136690647482,4,48.0956719413878
"cthm-08",19,2004,79.136690647482,4,48.0956719413878
"cthm-08",19,2005,79.136690647482,4,48.0956719413878
"cthm-08",19,2006,79.136690647482,4,47.9528147985307
"cthm-08",19,2007,76.978417266187,4,47.5211601222717
"cthm-08",19,2008,75.5395683453237,4,47.233390338099
"cthm-08",19,2009,75.5395683453237,4,47.233390338099
"cthm-08",19,2010,77.6978417266187,4,47.665045014358
"cthm-08",19,2011,79.136690647482,4,47.9528147985307
"cthm-08",19,2012,79.8561151079136,4,48.2395568334741
"cthm-08",19,2013,80.5755395683453,4,48.3834417255605
"cthm-08",19,2014,80.5755395683453,4,48.3834417255605
"cthm-08",19,2015,80.5755395683453,4,48.3834417255605
"cthm-08",19,2016,66.1870503597123,4,45.5057438838339
"cthm-08",19,2017,66.1870503597123,4,45.5057438838339
"cthm-08",19,2018,66.1870503597123,4,45.5057438838339
"cthm-08",19,2019,66.9064748201439,4,45.6496287759202
"cthm-08",19,2020,66.9064748201439,4,45.6496287759202
"cthm-08",19,2021,67.6258992805756,4,45.7935136680065
"cthm-08",19,2022,66.906474820144,4,45.6496287759202
"cthm-08",19,2023,65.4676258992806,4,45.3618589917475
"cthm-08",19,2024,65.4676258992806,4,45.3618589917475
"cthm-08",19,2025,65.4676258992806,4,45.3618589917475
"cthm-08",20,1999,1.45985401459854,4,47.6671005128164
"cthm-08",20,2000,1.45985401459854,4,47.6671005128164
"cthm-08",20,2001,1.45985401459854,4,48.0956719413878
"cthm-08",20,2002,1.45985401459854,4,48.0956719413878
"cthm-08",20,2003,1.45985401459854,4,48.0956719413878
"cthm-08",20,2004,1.45985401459854,4,48.0956719413878
"cthm-08",20,2005,1.45985401459854,4,48.0956719413878
"cthm-08",20,2006,1.45985401459854,4,47.9528147985307
"cthm-08",20,2007,1.45985401459854,4,47.5211601222717
"cthm-08",20,2008,1.45985401459854,4,47.233390338099
"cthm-08",20,2009,1.45985401459854,4,47.233390338099
"cthm-08",20,2010,1.45985401459854,4,47.665045014358
"cthm-08",20,2011,1.45985401459854,4,47.9528147985307
"cthm-08",20,2012,1.45985401459854,4,48.2395568334741
"cthm-08",20,2013,1.45985401459854,4,48.3834417255605
"cthm-08",20,2014,1.45985401459854,4,48.3834417255605
"cthm-08",20,2015,1.45985401459854,4,48.3834417255605
"cthm-08",20,2016,1.45985401459854,4,45.5057438838339
"cthm-08",20,2017,1.45985401459854,4,45.5057438838339
"cthm-08",20,2018,1.45985401459854,4,45.5057438838339
"cthm-08",20,2019,1.45985401459854,4,45.6496287759202
"cthm-08",20,2020,1.45985401459854,4,45.6496287759202
"cthm-08",20,2021,1.45985401459854,4,45.7935136680065
"cthm-08",20,2022,1.45985401459854,4,45.6496287759202
"cthm-08",20,2023,1.45985401459854,4,45.3618589917475
"cthm-08",20,2024,1.45985401459854,4,45.3618589917475
"cthm-08",20,2025,1.45985401459854,4,45.3618589917475
"cthm-09",1,1999,41.4285714285715,1,52.0284310494591
"cthm-09",1,2000,40.7142857142858,1,51.8855739066019
"cthm-09",1,2001,40.7142857142858,1,50.8996584136442
"cthm-09",1,2002,40.7142857142858,1,50.8996584136442
"cthm-09",1,2003,41.4285714285715,1,51.0425155565013
"cthm-09",1,2004,41.4285714285715,1,51.0425155565013
"cthm-09",1,2005,41.4285714285715,1,51.1833606269239
"cthm-09",1,2006,40.7142857142858,1,51.0405034840667
"cthm-09",1,2007,41.4285714285715,1,48.4735559288621
"cthm-09",1,2008,40.7142857142858,1,48.1868138939186
"cthm-09",1,2009,41.4285714285715,1,48.1888259663532
"cthm-09",1,2010,41.4285714285715,1,48.1888259663532
"cthm-09",1,2011,41.4285714285715,1,48.1888259663532
"cthm-09",1,2012,41.4285714285715,1,48.1888259663532
"cthm-09",1,2013,41.4285714285715,1,48.4705161071983
"cthm-09",1,2014,41.4285714285715,1,48.4644364638707
"cthm-09",1,2015,40.7142857142858,1,48.3185394993498
"cthm-09",1,2016,40.7142857142858,1,48.4563447481085
"cthm-09",1,2017,40.7142857142858,1,48.4563447481085
"cthm-09",1,2018,40.7142857142858,1,48.3124598560222
"cthm-09",1,2019,40.7142857142858,1,48.3094200343584
"cthm-09",1,2020,40.7142857142858,1,48.3094200343584
"cthm-09",1,2021,40.7142857142858,1,48.3094200343584
"cthm-09",1,2022,40.7142857142858,1,48.1634346328985
"cthm-09",1,2023,40.7142857142858,1,48.1634346328985
"cthm-09",1,2024,41.4285714285715,1,47.7223501699162
"cthm-09",1,2025,39.2857142857143,1,47.2937787413448
"cthm-09",2,1999,71.9424460431654,1,52.0284310494591
"cthm-09",2,2000,71.9424460431654,1,51.8855739066019
"cthm-09",2,2001,71.9424460431654,1,50.8996584136442
"cthm-09",2,2002,71.9424460431654,1,50.8996584136442
"cthm-09",2,2003,71.9424460431655,1,51.0425155565013
"cthm-09",2,2004,71.9424460431655,1,51.0425155565013
"cthm-09",2,2005,71.9424460431655,1,51.1833606269239
"cthm-09",2,2006,71.9424460431655,1,51.0405034840667
"cthm-09",2,2007,68.3453237410072,1,48.4735559288621
"cthm-09",2,2008,67.6258992805755,1,48.1868138939186
"cthm-09",2,2009,67.6258992805755,1,48.1888259663532
"cthm-09",2,2010,67.6258992805755,1,48.1888259663532
"cthm-09",2,2011,67.6258992805755,1,48.1888259663532
"cthm-09",2,2012,67.6258992805755,1,48.1888259663532
"cthm-09",2,2013,67.6258992805755,1,48.4705161071983
"cthm-09",2,2014,66.1870503597122,1,48.4644364638707
"cthm-09",2,2015,65.4676258992806,1,48.3185394993498
"cthm-09",2,2016,64.7482014388489,1,48.4563447481085
"cthm-09",2,2017,64.7482014388489,1,48.4563447481085
"cthm-09",2,2018,64.0287769784173,1,48.3124598560222
"cthm-09",2,2019,63.3093525179856,1,48.3094200343584
"cthm-09",2,2020,63.3093525179856,1,48.3094200343584
"cthm-09",2,2021,63.3093525179856,1,48.3094200343584
"cthm-09",2,2022,63.3093525179856,1,48.1634346328985
"cthm-09",2,2023,63.3093525179856,1,48.1634346328985
"cthm-09",2,2024,63.3093525179856,1,47.7223501699162
"cthm-09",2,2025,63.3093525179856,1,47.2937787413448
"cthm-09",3,1999,35.7142857142858,1,52.0284310494591
"cthm-09",3,2000,35.7142857142857,1,51.8855739066019
"cthm-09",3,2001,35.7142857142857,1,50.8996584136442
"cthm-09",3,2002,35.7142857142857,1,50.8996584136442
"cthm-09",3,2003,35.7142857142857,1,51.0425155565013
"cthm-09",3,2004,35.7142857142857,1,51.0425155565013
"cthm-09",3,2005,35.7142857142857,1,51.1833606269239
"cthm-09",3,2006,35.7142857142857,1,51.0405034840667
"cthm-09",3,2007,36.4285714285714,1,48.4735559288621
"cthm-09",3,2008,36.4285714285714,1,48.1868138939186
"cthm-09",3,2009,36.4285714285714,1,48.1888259663532
"cthm-09",3,2010,36.4285714285714,1,48.1888259663532
"cthm-09",3,2011,36.4285714285714,1,48.1888259663532
"cthm-09",3,2012,36.4285714285714,1,48.1888259663532
"cthm-09",3,2013,36.4285714285714,1,48.4705161071983
"cthm-09",3,2014,36.4285714285714,1,48.4644364638707
"cthm-09",3,2015,36.4285714285714,1,48.3185394993498
"cthm-09",3,2016,36.4285714285714,1,48.4563447481085
"cthm-09",3,2017,36.4285714285714,1,48.4563447481085
"cthm-09",3,2018,36.4285714285714,1,48.3124598560222
"cthm-09",3,2019,36.4285714285714,1,48.3094200343584
"cthm-09",3,2020,36.4285714285714,1,48.3094200343584
"cthm-09",3,2021,36.4285714285714,1,48.3094200343584
"cthm-09",3,2022,36.4285714285714,1,48.1634346328985
"cthm-09",3,2023,36.4285714285714,1,48.1634346328985
"cthm-09",3,2024,36.4285714285714,1,47.7223501699162
"cthm-09",3,2025,36.4285714285714,1,47.2937787413448
"cthm-09",4,1999,57.0422535211268,1,52.0284310494591
"cthm-09",4,2000,57.0422535211268,1,51.8855739066019
"cthm-09",4,2001,52.112676056338,1,50.8996584136442
"cthm-09",4,2002,52.112676056338,1,50.8996584136442
"cthm-09",4,2003,52.112676056338,1,51.0425155565013
"cthm-09",4,2004,52.112676056338,1,51.0425155565013
"cthm-09",4,2005,52.8169014084507,1,51.1833606269239
"cthm-09",4,2006,52.8169014084507,1,51.0405034840667
"cthm-09",4,2007,45.0704225352113,1,48.4735559288621
"cthm-09",4,2008,45.0704225352113,1,48.1868138939186
"cthm-09",4,2009,44.3661971830986,1,48.1888259663532
"cthm-09",4,2010,44.3661971830986,1,48.1888259663532
"cthm-09",4,2011,44.3661971830985,1,48.1888259663532
"cthm-09",4,2012,44.3661971830985,1,48.1888259663532
"cthm-09",4,2013,45.7746478873239,1,48.4705161071983
"cthm-09",4,2014,47.1830985915493,1,48.4644364638707
"cthm-09",4,2015,47.887323943662,1,48.3185394993498
"cthm-09",4,2016,49.2957746478873,1,48.4563447481085
"cthm-09",4,2017,49.2957746478873,1,48.4563447481085
"cthm-09",4,2018,49.2957746478873,1,48.3124598560222
"cthm-09",4,2019,50,1,48.3094200343584
"cthm-09",4,2020,50,1,48.3094200343584
"cthm-09",4,2021,50,1,48.3094200343584
"cthm-09",4,2022,50,1,48.1634346328985
"cthm-09",4,2023,50,1,48.1634346328985
"cthm-09",4,2024,50,1,47.7223501699162
"cthm-09",4,2025,50,1,47.2937787413448
"cthm-09",5,1999,54.014598540146,1,52.0284310494591
"cthm-09",5,2000,54.014598540146,1,51.8855739066019
"cthm-09",5,2001,54.014598540146,1,50.8996584136442
"cthm-09",5,2002,54.014598540146,1,50.8996584136442
"cthm-09",5,2003,54.014598540146,1,51.0425155565013
"cthm-09",5,2004,54.014598540146,1,51.0425155565013
"cthm-09",5,2005,54.014598540146,1,51.1833606269239
"cthm-09",5,2006,54.014598540146,1,51.0405034840667
"cthm-09",5,2007,51.094890510949,1,48.4735559288621
"cthm-09",5,2008,51.094890510949,1,48.1868138939186
"cthm-09",5,2009,51.094890510949,1,48.1888259663532
"cthm-09",5,2010,51.094890510949,1,48.1888259663532
"cthm-09",5,2011,51.094890510949,1,48.1888259663532
"cthm-09",5,2012,51.094890510949,1,48.1888259663532
"cthm-09",5,2013,51.094890510949,1,48.4705161071983
"cthm-09",5,2014,51.094890510949,1,48.4644364638707
"cthm-09",5,2015,51.094890510949,1,48.3185394993498
"cthm-09",5,2016,51.094890510949,1,48.4563447481085
"cthm-09",5,2017,51.094890510949,1,48.4563447481085
"cthm-09",5,2018,51.094890510949,1,48.3124598560222
"cthm-09",5,2019,51.094890510949,1,48.3094200343584
"cthm-09",5,2020,51.094890510949,1,48.3094200343584
"cthm-09",5,2021,51.094890510949,1,48.3094200343584
"cthm-09",5,2022,50.3649635036497,1,48.1634346328985
"cthm-09",5,2023,50.3649635036497,1,48.1634346328985
"cthm-09",5,2024,47.4452554744526,1,47.7223501699162
"cthm-09",5,2025,47.4452554744526,1,47.2937787413448
"cthm-09",6,1999,81.294964028777,2,71.9142946512356
"cthm-09",6,2000,81.294964028777,2,71.9142946512355
"cthm-09",6,2001,81.294964028777,2,71.9142946512355
"cthm-09",6,2002,76.2589928057554,2,70.9071004066312
"cthm-09",6,2003,73.3812949640288,2,70.0437910541132
"cthm-09",6,2004,71.9424460431655,2,68.6038994891044
"cthm-09",6,2005,67.6258992805756,2,67.5967052445001
"cthm-09",6,2006,59.7122302158274,2,66.0139714315504
"cthm-09",6,2007,59.7122302158274,2,65.7262016473777
"cthm-09",6,2008,61.8705035971224,2,66.1578563236368
"cthm-09",6,2009,61.8705035971223,2,66.1578563236367
"cthm-09",6,2010,61.8705035971223,2,66.1578563236367
"cthm-09",6,2011,63.3093525179856,2,66.4456261078094
"cthm-09",6,2012,62.589928057554,2,66.1568136794912
"cthm-09",6,2013,64.0287769784173,2,65.4373892190596
"cthm-09",6,2014,65.4676258992806,2,59.3931811072881
"cthm-09",6,2015,66.9064748201439,2,59.5370659993744
"cthm-09",6,2016,68.3453237410072,2,59.8248357835471
"cthm-09",6,2017,68.3453237410072,2,60.5442602439787
"cthm-09",6,2018,69.0647482014389,2,61.5514544885831
"cthm-09",6,2019,69.0647482014389,2,64.7169221144823
"cthm-09",6,2020,69.0647482014389,2,66.1557710353457
"cthm-09",6,2021,69.0647482014389,2,66.1557710353457
"cthm-09",6,2022,70.5035971223022,2,66.4435408195183
"cthm-09",6,2023,70.5035971223022,2,66.4435408195183
"cthm-09",6,2024,70.5035971223022,2,65.868001251173
"cthm-09",6,2025,70.5035971223022,2,65.868001251173
"cthm-09",7,1999,80.4347826086956,2,71.9142946512356
"cthm-09",7,2000,80.4347826086956,2,71.9142946512355
"cthm-09",7,2001,80.4347826086956,2,71.9142946512355
"cthm-09",7,2002,80.4347826086956,2,70.9071004066312
"cthm-09",7,2003,80.4347826086956,2,70.0437910541132
"cthm-09",7,2004,79.7101449275362,2,68.6038994891044
"cthm-09",7,2005,79.7101449275362,2,67.5967052445001
"cthm-09",7,2006,79.7101449275362,2,66.0139714315504
"cthm-09",7,2007,79.7101449275362,2,65.7262016473777
"cthm-09",7,2008,79.7101449275362,2,66.1578563236368
"cthm-09",7,2009,79.7101449275362,2,66.1578563236367
"cthm-09",7,2010,79.7101449275362,2,66.1578563236367
"cthm-09",7,2011,79.7101449275362,2,66.4456261078094
"cthm-09",7,2012,78.9855072463768,2,66.1568136794912
"cthm-09",7,2013,78.9855072463768,2,65.4373892190596
"cthm-09",7,2014,78.2608695652175,2,59.3931811072881
"cthm-09",7,2015,78.2608695652175,2,59.5370659993744
"cthm-09",7,2016,78.2608695652175,2,59.8248357835471
"cthm-09",7,2017,78.2608695652175,2,60.5442602439787
"cthm-09",7,2018,78.2608695652175,2,61.5514544885831
"cthm-09",7,2019,78.2608695652175,2,64.7169221144823
"cthm-09",7,2020,78.2608695652175,2,66.1557710353457
"cthm-09",7,2021,78.2608695652175,2,66.1557710353457
"cthm-09",7,2022,78.2608695652175,2,66.4435408195183
"cthm-09",7,2023,78.2608695652175,2,66.4435408195183
"cthm-09",7,2024,78.2608695652175,2,65.868001251173
"cthm-09",7,2025,78.2608695652175,2,65.868001251173
"cthm-09",8,1999,61.8705035971223,2,71.9142946512356
"cthm-09",8,2000,61.8705035971223,2,71.9142946512355
"cthm-09",8,2001,61.8705035971223,2,71.9142946512355
"cthm-09",8,2002,61.8705035971223,2,70.9071004066312
"cthm-09",8,2003,61.8705035971223,2,70.0437910541132
"cthm-09",8,2004,61.8705035971223,2,68.6038994891044
"cthm-09",8,2005,61.8705035971223,2,67.5967052445001
"cthm-09",8,2006,61.8705035971223,2,66.0139714315504
"cthm-09",8,2007,61.8705035971223,2,65.7262016473777
"cthm-09",8,2008,61.8705035971223,2,66.1578563236368
"cthm-09",8,2009,61.8705035971223,2,66.1578563236367
"cthm-09",8,2010,61.8705035971223,2,66.1578563236367
"cthm-09",8,2011,61.8705035971223,2,66.4456261078094
"cthm-09",8,2012,61.8705035971223,2,66.1568136794912
"cthm-09",8,2013,61.8705035971223,2,65.4373892190596
"cthm-09",8,2014,46.7625899280575,2,59.3931811072881
"cthm-09",8,2015,46.7625899280575,2,59.5370659993744
"cthm-09",8,2016,46.7625899280575,2,59.8248357835471
"cthm-09",8,2017,48.2014388489208,2,60.5442602439787
"cthm-09",8,2018,50.3597122302158,2,61.5514544885831
"cthm-09",8,2019,58.273381294964,2,64.7169221144823
"cthm-09",8,2020,61.8705035971223,2,66.1557710353457
"cthm-09",8,2021,61.8705035971223,2,66.1557710353457
"cthm-09",8,2022,61.8705035971223,2,66.4435408195183
"cthm-09",8,2023,61.8705035971223,2,66.4435408195183
"cthm-09",8,2024,60.431654676259,2,65.868001251173
"cthm-09",8,2025,60.431654676259,2,65.868001251173
"cthm-09",9,1999,61.8705035971223,2,71.9142946512356
"cthm-09",9,2000,61.8705035971223,2,71.9142946512355
"cthm-09",9,2001,61.8705035971223,2,71.9142946512355
"cthm-09",9,2002,61.8705035971223,2,70.9071004066312
"cthm-09",9,2003,61.8705035971223,2,70.0437910541132
"cthm-09",9,2004,61.8705035971223,2,68.6038994891044
"cthm-09",9,2005,61.8705035971223,2,67.5967052445001
"cthm-09",9,2006,61.8705035971223,2,66.0139714315504
"cthm-09",9,2007,61.8705035971223,2,65.7262016473777
"cthm-09",9,2008,61.8705035971223,2,66.1578563236368
"cthm-09",9,2009,61.8705035971223,2,66.1578563236367
"cthm-09",9,2010,61.8705035971223,2,66.1578563236367
"cthm-09",9,2011,61.8705035971223,2,66.4456261078094
"cthm-09",9,2012,61.8705035971223,2,66.1568136794912
"cthm-09",9,2013,61.8705035971223,2,65.4373892190596
"cthm-09",9,2014,46.7625899280575,2,59.3931811072881
"cthm-09",9,2015,46.7625899280575,2,59.5370659993744
"cthm-09",9,2016,46.7625899280575,2,59.8248357835471
"cthm-09",9,2017,48.2014388489208,2,60.5442602439787
"cthm-09",9,2018,50.3597122302158,2,61.5514544885831
"cthm-09",9,2019,58.273381294964,2,64.7169221144823
"cthm-09",9,2020,61.8705035971223,2,66.1557710353457
"cthm-09",9,2021,61.8705035971223,2,66.1557710353457
"cthm-09",9,2022,61.8705035971223,2,66.4435408195183
"cthm-09",9,2023,61.8705035971223,2,66.4435408195183
"cthm-09",9,2024,60.431654676259,2,65.868001251173
"cthm-09",9,2025,60.431654676259,2,65.868001251173
"cthm-09",10,1999,74.1007194244605,2,71.9142946512356
"cthm-09",10,2000,74.1007194244604,2,71.9142946512355
"cthm-09",10,2001,74.1007194244604,2,71.9142946512355
"cthm-09",10,2002,74.1007194244604,2,70.9071004066312
"cthm-09",10,2003,72.6618705035971,2,70.0437910541132
"cthm-09",10,2004,67.6258992805755,2,68.6038994891044
"cthm-09",10,2005,66.9064748201439,2,67.5967052445001
"cthm-09",10,2006,66.9064748201439,2,66.0139714315504
"cthm-09",10,2007,65.4676258992805,2,65.7262016473777
"cthm-09",10,2008,65.4676258992805,2,66.1578563236368
"cthm-09",10,2009,65.4676258992805,2,66.1578563236367
"cthm-09",10,2010,65.4676258992805,2,66.1578563236367
"cthm-09",10,2011,65.4676258992805,2,66.4456261078094
"cthm-09",10,2012,65.4676258992805,2,66.1568136794912
"cthm-09",10,2013,60.431654676259,2,65.4373892190596
"cthm-09",10,2014,59.7122302158274,2,59.3931811072881
"cthm-09",10,2015,58.9928057553957,2,59.5370659993744
"cthm-09",10,2016,58.9928057553957,2,59.8248357835471
"cthm-09",10,2017,59.7122302158274,2,60.5442602439787
"cthm-09",10,2018,59.7122302158274,2,61.5514544885831
"cthm-09",10,2019,59.7122302158274,2,64.7169221144823
"cthm-09",10,2020,59.7122302158274,2,66.1557710353457
"cthm-09",10,2021,59.7122302158274,2,66.1557710353457
"cthm-09",10,2022,59.7122302158274,2,66.4435408195183
"cthm-09",10,2023,59.7122302158274,2,66.4435408195183
"cthm-09",10,2024,59.7122302158274,2,65.868001251173
"cthm-09",10,2025,59.7122302158274,2,65.868001251173
"cthm-09",11,1999,32.8571428571429,3,63.7976300603498
"cthm-09",11,2000,32.8571428571429,3,56.027443724946
"cthm-09",11,2001,32.8571428571429,3,55.0233029381966
"cthm-09",11,2002,32.8571428571429,3,53.8814589665653
"cthm-09",11,2003,32.8571428571429,3,54.0263865027972
"cthm-09",11,2004,33.5714285714286,3,54.8855997533148
"cthm-09",11,2005,35.7142857142858,3,55.7458261750583
"cthm-09",11,2006,39.2857142857143,3,57.180608783754
"cthm-09",11,2007,67.1428571428571,3,63.9052464649134
"cthm-09",11,2008,67.8571428571428,3,67.0646667547685
"cthm-09",11,2009,67.8571428571428,3,72.8224307299238
"cthm-09",11,2010,67.8571428571428,3,75.1350601295097
"cthm-09",11,2011,67.8571428571428,3,75.4249152019735
"cthm-09",11,2012,67.8571428571428,3,75.2830712303423
"cthm-09",11,2013,67.8571428571428,3,75.2861547949429
"cthm-09",11,2014,67.8571428571428,3,75.1443108233118
"cthm-09",11,2015,67.8571428571428,3,74.8585965375974
"cthm-09",11,2016,64.2857142857143,3,73.854455750848
"cthm-09",11,2017,64.2857142857143,3,73.854455750848
"cthm-09",11,2018,65,3,73.9973128937051
"cthm-09",11,2019,57.8571428571428,3,72.5687414651337
"cthm-09",11,2020,52.8571428571428,3,71.5687414651337
"cthm-09",11,2021,49.9999999999999,3,68.3886172415312
"cthm-09",11,2022,49.9999999999999,3,66.9538346328355
"cthm-09",11,2023,49.9999999999999,3,67.2406061406986
"cthm-09",11,2024,49.2857142857142,3,67.0977489978415
"cthm-09",11,2025,49.9999999999999,3,67.2406061406986
"cthm-09",12,1999,78.0141843971631,3,63.7976300603498
"cthm-09",12,2000,78.0141843971631,3,56.027443724946
"cthm-09",12,2001,78.0141843971631,3,55.0233029381966
"cthm-09",12,2002,77.304964539007,3,53.8814589665653
"cthm-09",12,2003,77.304964539007,3,54.0263865027972
"cthm-09",12,2004,77.304964539007,3,54.8855997533148
"cthm-09",12,2005,76.5957446808511,3,55.7458261750583
"cthm-09",12,2006,76.5957446808511,3,57.180608783754
"cthm-09",12,2007,76.5957446808511,3,63.9052464649134
"cthm-09",12,2008,76.5957446808511,3,67.0646667547685
"cthm-09",12,2009,76.5957446808511,3,72.8224307299238
"cthm-09",12,2010,76.5957446808511,3,75.1350601295097
"cthm-09",12,2011,76.5957446808511,3,75.4249152019735
"cthm-09",12,2012,75.8865248226951,3,75.2830712303423
"cthm-09",12,2013,75.177304964539,3,75.2861547949429
"cthm-09",12,2014,74.468085106383,3,75.1443108233118
"cthm-09",12,2015,74.468085106383,3,74.8585965375974
"cthm-09",12,2016,74.468085106383,3,73.854455750848
"cthm-09",12,2017,74.468085106383,3,73.854455750848
"cthm-09",12,2018,74.468085106383,3,73.9973128937051
"cthm-09",12,2019,74.468085106383,3,72.5687414651337
"cthm-09",12,2020,74.468085106383,3,71.5687414651337
"cthm-09",12,2021,74.468085106383,3,68.3886172415312
"cthm-09",12,2022,74.468085106383,3,66.9538346328355
"cthm-09",12,2023,75.1773049645391,3,67.2406061406986
"cthm-09",12,2024,75.1773049645391,3,67.0977489978415
"cthm-09",12,2025,75.1773049645391,3,67.2406061406986
"cthm-09",13,1999,54.3478260869565,3,63.7976300603498
"cthm-09",13,2000,34.7826086956521,3,56.027443724946
"cthm-09",13,2001,33.3333333333333,3,55.0233029381966
"cthm-09",13,2002,33.3333333333333,3,53.8814589665653
"cthm-09",13,2003,34.0579710144927,3,54.0263865027972
"cthm-09",13,2004,34.7826086956521,3,54.8855997533148
"cthm-09",13,2005,35.5072463768115,3,55.7458261750583
"cthm-09",13,2006,37.6811594202898,3,57.180608783754
"cthm-09",13,2007,41.3043478260869,3,63.9052464649134
"cthm-09",13,2008,47.1014492753623,3,67.0646667547685
"cthm-09",13,2009,62.3188405797102,3,72.8224307299238
"cthm-09",13,2010,71.7391304347826,3,75.1350601295097
"cthm-09",13,2011,73.1884057971015,3,75.4249152019735
"cthm-09",13,2012,73.1884057971015,3,75.2830712303423
"cthm-09",13,2013,73.9130434782609,3,75.2861547949429
"cthm-09",13,2014,73.9130434782609,3,75.1443108233118
"cthm-09",13,2015,73.9130434782608,3,74.8585965375974
"cthm-09",13,2016,72.463768115942,3,73.854455750848
"cthm-09",13,2017,72.463768115942,3,73.854455750848
"cthm-09",13,2018,72.463768115942,3,73.9973128937051
"cthm-09",13,2019,72.463768115942,3,72.5687414651337
"cthm-09",13,2020,72.463768115942,3,71.5687414651337
"cthm-09",13,2021,59.4202898550724,3,68.3886172415312
"cthm-09",13,2022,57.2463768115941,3,66.9538346328355
"cthm-09",13,2023,57.9710144927536,3,67.2406061406986
"cthm-09",13,2024,57.9710144927536,3,67.0977489978415
"cthm-09",13,2025,57.9710144927536,3,67.2406061406986
"cthm-09",14,1999,81.4285714285714,3,63.7976300603498
"cthm-09",14,2000,62.1428571428571,3,56.027443724946
"cthm-09",14,2001,58.5714285714286,3,55.0233029381966
"cthm-09",14,2002,53.5714285714286,3,53.8814589665653
"cthm-09",14,2003,53.5714285714286,3,54.0263865027972
"cthm-09",14,2004,56.4285714285714,3,54.8855997533148
"cthm-09",14,2005,58.5714285714285,3,55.7458261750583
"cthm-09",14,2006,60,3,57.180608783754
"cthm-09",14,2007,62.1428571428571,3,63.9052464649134
"cthm-09",14,2008,71.4285714285713,3,67.0646667547685
"cthm-09",14,2009,84.9999999999999,3,72.8224307299238
"cthm-09",14,2010,87.1428571428571,3,75.1350601295097
"cthm-09",14,2011,87.1428571428571,3,75.4249152019735
"cthm-09",14,2012,87.1428571428571,3,75.2830712303423
"cthm-09",14,2013,87.1428571428571,3,75.2861547949429
"cthm-09",14,2014,87.1428571428571,3,75.1443108233118
"cthm-09",14,2015,85.7142857142856,3,74.8585965375974
"cthm-09",14,2016,85.7142857142856,3,73.854455750848
"cthm-09",14,2017,85.7142857142856,3,73.854455750848
"cthm-09",14,2018,85.7142857142856,3,73.9973128937051
"cthm-09",14,2019,85.7142857142856,3,72.5687414651337
"cthm-09",14,2020,85.7142857142856,3,71.5687414651337
"cthm-09",14,2021,85.7142857142856,3,68.3886172415312
"cthm-09",14,2022,80.7142857142856,3,66.9538346328355
"cthm-09",14,2023,80.7142857142856,3,67.2406061406986
"cthm-09",14,2024,80.7142857142856,3,67.0977489978415
"cthm-09",14,2025,80.7142857142856,3,67.2406061406986
"cthm-09",15,1999,72.3404255319149,3,63.7976300603498
"cthm-09",15,2000,72.3404255319149,3,56.027443724946
"cthm-09",15,2001,72.3404255319148,3,55.0233029381966
"cthm-09",15,2002,72.3404255319148,3,53.8814589665653
"cthm-09",15,2003,72.3404255319148,3,54.0263865027972
"cthm-09",15,2004,72.3404255319148,3,54.8855997533148
"cthm-09",15,2005,72.3404255319148,3,55.7458261750583
"cthm-09",15,2006,72.3404255319148,3,57.180608783754
"cthm-09",15,2007,72.3404255319148,3,63.9052464649134
"cthm-09",15,2008,72.3404255319148,3,67.0646667547685
"cthm-09",15,2009,72.3404255319148,3,72.8224307299238
"cthm-09",15,2010,72.3404255319148,3,75.1350601295097
"cthm-09",15,2011,72.3404255319148,3,75.4249152019735
"cthm-09",15,2012,72.3404255319148,3,75.2830712303423
"cthm-09",15,2013,72.3404255319148,3,75.2861547949429
"cthm-09",15,2014,72.3404255319148,3,75.1443108233118
"cthm-09",15,2015,72.3404255319148,3,74.8585965375974
"cthm-09",15,2016,72.3404255319148,3,73.854455750848
"cthm-09",15,2017,72.3404255319148,3,73.854455750848
"cthm-09",15,2018,72.3404255319148,3,73.9973128937051
"cthm-09",15,2019,72.3404255319148,3,72.5687414651337
"cthm-09",15,2020,72.3404255319148,3,71.5687414651337
"cthm-09",15,2021,72.3404255319148,3,68.3886172415312
"cthm-09",15,2022,72.3404255319148,3,66.9538346328355
"cthm-09",15,2023,72.3404255319148,3,67.2406061406986
"cthm-09",15,2024,72.3404255319148,3,67.0977489978415
"cthm-09",15,2025,72.3404255319148,3,67.2406061406986
"cthm-09",16,1999,75.5395683453238,4,69.5459880542771
"cthm-09",16,2000,78.4172661870504,4,70.1215276226224
"cthm-09",16,2001,80.5755395683453,4,70.5531822988814
"cthm-09",16,2002,82.7338129496403,4,70.9848369751404
"cthm-09",16,2003,82.7338129496403,4,70.9848369751404
"cthm-09",16,2004,82.7338129496403,4,70.9848369751404
"cthm-09",16,2005,82.7338129496403,4,65.0999448888094
"cthm-09",16,2006,82.7338129496404,4,65.0999448888095
"cthm-09",16,2007,82.7338129496403,4,65.244857530125
"cthm-09",16,2008,82.7338129496403,4,65.3877146729821
"cthm-09",16,2009,82.7338129496403,4,65.9591432444107
"cthm-09",16,2010,82.7338129496403,4,66.676512206384
"cthm-09",16,2011,82.7338129496403,4,69.2613313076247
"cthm-09",16,2012,82.7338129496403,4,70.8430373713452
"cthm-09",16,2013,82.7338129496403,4,70.2675275928326
"cthm-09",16,2014,82.7338129496403,4,70.4114124849189
"cthm-09",16,2015,82.7338129496403,4,70.4114124849189
"cthm-09",16,2016,82.7338129496403,4,70.4114124849189
"cthm-09",16,2017,82.7338129496403,4,66.4124402341481
"cthm-09",16,2018,82.7338129496403,4,64.6858215291121
"cthm-09",16,2019,82.7338129496403,4,61.5203539032128
"cthm-09",16,2020,82.7338129496403,4,61.5203539032128
"cthm-09",16,2021,82.7338129496403,4,61.5203539032128
"cthm-09",16,2022,82.7338129496403,4,61.6632110460699
"cthm-09",16,2023,82.7338129496403,4,62.5224242965876
"cthm-09",16,2024,82.7338129496403,4,63.2367100108733
"cthm-09",16,2025,82.7338129496403,4,65.2367100108733
"cthm-09",17,1999,82.0143884892086,4,69.5459880542771
"cthm-09",17,2000,82.0143884892086,4,70.1215276226224
"cthm-09",17,2001,82.0143884892086,4,70.5531822988814
"cthm-09",17,2002,82.0143884892086,4,70.9848369751404
"cthm-09",17,2003,82.0143884892086,4,70.9848369751404
"cthm-09",17,2004,82.0143884892086,4,70.9848369751404
"cthm-09",17,2005,62.5899280575539,4,65.0999448888094
"cthm-09",17,2006,62.5899280575539,4,65.0999448888095
"cthm-09",17,2007,64.0287769784173,4,65.244857530125
"cthm-09",17,2008,64.0287769784173,4,65.3877146729821
"cthm-09",17,2009,64.0287769784173,4,65.9591432444107
"cthm-09",17,2010,66.1870503597123,4,66.676512206384
"cthm-09",17,2011,72.6618705035971,4,69.2613313076247
"cthm-09",17,2012,79.8561151079137,4,70.8430373713452
"cthm-09",17,2013,74.1007194244604,4,70.2675275928326
"cthm-09",17,2014,74.8201438848921,4,70.4114124849189
"cthm-09",17,2015,74.8201438848921,4,70.4114124849189
"cthm-09",17,2016,74.8201438848921,4,70.4114124849189
"cthm-09",17,2017,75.5395683453238,4,66.4124402341481
"cthm-09",17,2018,66.9064748201439,4,64.6858215291121
"cthm-09",17,2019,51.0791366906474,4,61.5203539032128
"cthm-09",17,2020,51.0791366906474,4,61.5203539032128
"cthm-09",17,2021,51.0791366906474,4,61.5203539032128
"cthm-09",17,2022,51.0791366906474,4,61.6632110460699
"cthm-09",17,2023,51.0791366906474,4,62.5224242965876
"cthm-09",17,2024,51.0791366906474,4,63.2367100108733
"cthm-09",17,2025,51.0791366906474,4,65.2367100108733
"cthm-09",18,1999,50.7142857142857,4,69.5459880542771
"cthm-09",18,2000,50.7142857142857,4,70.1215276226224
"cthm-09",18,2001,50.7142857142857,4,70.5531822988814
"cthm-09",18,2002,50.7142857142857,4,70.9848369751404
"cthm-09",18,2003,50.7142857142857,4,70.9848369751404
"cthm-09",18,2004,50.7142857142857,4,70.9848369751404
"cthm-09",18,2005,40.7142857142857,4,65.0999448888094
"cthm-09",18,2006,40.7142857142857,4,65.0999448888095
"cthm-09",18,2007,40,4,65.244857530125
"cthm-09",18,2008,40.7142857142857,4,65.3877146729821
"cthm-09",18,2009,43.5714285714286,4,65.9591432444107
"cthm-09",18,2010,45,4,66.676512206384
"cthm-09",18,2011,50,4,69.2613313076247
"cthm-09",18,2012,50.7142857142857,4,70.8430373713452
"cthm-09",18,2013,52.1428571428572,4,70.2675275928326
"cthm-09",18,2014,52.1428571428572,4,70.4114124849189
"cthm-09",18,2015,52.1428571428572,4,70.4114124849189
"cthm-09",18,2016,52.1428571428572,4,70.4114124849189
"cthm-09",18,2017,53.5714285714286,4,66.4124402341481
"cthm-09",18,2018,53.5714285714286,4,64.6858215291121
"cthm-09",18,2019,53.5714285714286,4,61.5203539032128
"cthm-09",18,2020,53.5714285714286,4,61.5203539032128
"cthm-09",18,2021,53.5714285714286,4,61.5203539032128
"cthm-09",18,2022,52.8571428571429,4,61.6632110460699
"cthm-09",18,2023,52.8571428571429,4,62.5224242965876
"cthm-09",18,2024,52.8571428571429,4,63.2367100108733
"cthm-09",18,2025,52.8571428571429,4,65.2367100108733
"cthm-09",19,1999,77.1428571428572,4,69.5459880542771
"cthm-09",19,2000,77.1428571428572,4,70.1215276226224
"cthm-09",19,2001,77.1428571428572,4,70.5531822988814
"cthm-09",19,2002,77.1428571428572,4,70.9848369751404
"cthm-09",19,2003,77.1428571428572,4,70.9848369751404
"cthm-09",19,2004,77.1428571428572,4,70.9848369751404
"cthm-09",19,2005,77.1428571428572,4,65.0999448888094
"cthm-09",19,2006,77.1428571428572,4,65.0999448888095
"cthm-09",19,2007,77.1428571428572,4,65.244857530125
"cthm-09",19,2008,77.1428571428572,4,65.3877146729821
"cthm-09",19,2009,77.1428571428572,4,65.9591432444107
"cthm-09",19,2010,77.1428571428572,4,66.676512206384
"cthm-09",19,2011,77.1428571428572,4,69.2613313076247
"cthm-09",19,2012,77.1428571428572,4,70.8430373713452
"cthm-09",19,2013,77.1428571428572,4,70.2675275928326
"cthm-09",19,2014,77.1428571428572,4,70.4114124849189
"cthm-09",19,2015,77.1428571428572,4,70.4114124849189
"cthm-09",19,2016,77.1428571428572,4,70.4114124849189
"cthm-09",19,2017,55,4,66.4124402341481
"cthm-09",19,2018,55,4,64.6858215291121
"cthm-09",19,2019,55,4,61.5203539032128
"cthm-09",19,2020,55,4,61.5203539032128
"cthm-09",19,2021,55,4,61.5203539032128
"cthm-09",19,2022,56.4285714285714,4,61.6632110460699
"cthm-09",19,2023,60,4,62.5224242965876
"cthm-09",19,2024,63.5714285714285,4,63.2367100108733
"cthm-09",19,2025,73.5714285714285,4,65.2367100108733
"cthm-09",20,1999,62.3188405797102,4,69.5459880542771
"cthm-09",20,2000,62.3188405797102,4,70.1215276226224
"cthm-09",20,2001,62.3188405797102,4,70.5531822988814
"cthm-09",20,2002,62.3188405797102,4,70.9848369751404
"cthm-09",20,2003,62.3188405797102,4,70.9848369751404
"cthm-09",20,2004,62.3188405797102,4,70.9848369751404
"cthm-09",20,2005,62.3188405797102,4,65.0999448888094
"cthm-09",20,2006,62.3188405797102,4,65.0999448888095
"cthm-09",20,2007,62.3188405797102,4,65.244857530125
"cthm-09",20,2008,62.3188405797102,4,65.3877146729821
"cthm-09",20,2009,62.3188405797102,4,65.9591432444107
"cthm-09",20,2010,62.3188405797102,4,66.676512206384
"cthm-09",20,2011,63.768115942029,4,69.2613313076247
"cthm-09",20,2012,63.768115942029,4,70.8430373713452
"cthm-09",20,2013,65.2173913043478,4,70.2675275928326
"cthm-09",20,2014,65.2173913043478,4,70.4114124849189
"cthm-09",20,2015,65.2173913043478,4,70.4114124849189
"cthm-09",20,2016,65.2173913043478,4,70.4114124849189
"cthm-09",20,2017,65.2173913043478,4,66.4124402341481
"cthm-09",20,2018,65.2173913043478,4,64.6858215291121
"cthm-09",20,2019,65.2173913043478,4,61.5203539032128
"cthm-09",20,2020,65.2173913043478,4,61.5203539032128
"cthm-09",20,2021,65.2173913043478,4,61.5203539032128
"cthm-09",20,2022,65.2173913043478,4,61.6632110460699
"cthm-09",20,2023,65.9420289855073,4,62.5224242965876
"cthm-09",20,2024,65.9420289855073,4,63.2367100108733
"cthm-09",20,2025,65.9420289855073,4,65.2367100108733
"cthm-10",1,1999,74.6376811594203,1,65.0375053994072
"cthm-10",1,2000,74.6376811594203,1,65.4660768279786
"cthm-10",1,2001,74.6376811594203,1,63.6089339708357
"cthm-10",1,2002,74.6376811594203,1,64.1803625422643
"cthm-10",1,2003,74.6376811594203,1,65.4660768279786
"cthm-10",1,2004,74.6376811594203,1,66.7517911136929
"cthm-10",1,2005,74.6376811594203,1,65.6058507231482
"cthm-10",1,2006,74.6376811594203,1,65.604822973919
"cthm-10",1,2007,74.6376811594203,1,65.7476801167761
"cthm-10",1,2008,74.6376811594203,1,66.462993580291
"cthm-10",1,2009,74.6376811594203,1,66.7497356152345
"cthm-10",1,2010,74.6376811594203,1,67.1793347930351
"cthm-10",1,2011,74.6376811594203,1,68.1793347930351
"cthm-10",1,2012,74.6376811594203,1,68.4650490787494
"cthm-10",1,2013,74.6376811594203,1,62.2923872082458
"cthm-10",1,2014,73.9130434782609,1,62.2903168148711
"cthm-10",1,2015,31.8840579710145,1,54.0273768562789
"cthm-10",1,2016,33.3333333333333,1,54.1743747858856
"cthm-10",1,2017,37.6811594202898,1,53.3173212982409
"cthm-10",1,2018,39.8550724637681,1,54.0398736911092
"cthm-10",1,2019,44.927536231884,1,55.6299060130778
"cthm-10",1,2020,54.3478260869565,1,56.9487019080388
"cthm-10",1,2021,65.2173913043478,1,61.4155234818356
"cthm-10",1,2022,75.3623188405796,1,66.1742109418055
"cthm-10",1,2023,75.3623188405796,1,66.7497505101509
"cthm-10",1,2024,75.3623188405796,1,66.7497505101509
"cthm-10",1,2025,75.3623188405796,1,67.4681472213533
"cthm-10",2,1999,46.4285714285715,1,65.0375053994072
"cthm-10",2,2000,49.2857142857143,1,65.4660768279786
"cthm-10",2,2001,45.7142857142857,1,63.6089339708357
"cthm-10",2,2002,47.8571428571428,1,64.1803625422643
"cthm-10",2,2003,54.2857142857142,1,65.4660768279786
"cthm-10",2,2004,61.4285714285714,1,66.7517911136929
"cthm-10",2,2005,64.2857142857143,1,65.6058507231482
"cthm-10",2,2006,65.7142857142857,1,65.604822973919
"cthm-10",2,2007,67.1428571428571,1,65.7476801167761
"cthm-10",2,2008,67.8571428571428,1,66.462993580291
"cthm-10",2,2009,68.5714285714286,1,66.7497356152345
"cthm-10",2,2010,68.5714285714286,1,67.1793347930351
"cthm-10",2,2011,68.5714285714286,1,68.1793347930351
"cthm-10",2,2012,68.5714285714286,1,68.4650490787494
"cthm-10",2,2013,68.5714285714286,1,62.2923872082458
"cthm-10",2,2014,68.5714285714286,1,62.2903168148711
"cthm-10",2,2015,69.2857142857143,1,54.0273768562789
"cthm-10",2,2016,69.2857142857143,1,54.1743747858856
"cthm-10",2,2017,69.2857142857143,1,53.3173212982409
"cthm-10",2,2018,69.2857142857143,1,54.0398736911092
"cthm-10",2,2019,69.2857142857143,1,55.6299060130778
"cthm-10",2,2020,60,1,56.9487019080388
"cthm-10",2,2021,60,1,61.4155234818356
"cthm-10",2,2022,60,1,66.1742109418055
"cthm-10",2,2023,60,1,66.7497505101509
"cthm-10",2,2024,60,1,66.7497505101509
"cthm-10",2,2025,60.7142857142857,1,67.4681472213533
"cthm-10",3,1999,76.978417266187,1,65.0375053994072
"cthm-10",3,2000,76.978417266187,1,65.4660768279786
"cthm-10",3,2001,76.978417266187,1,63.6089339708357
"cthm-10",3,2002,76.978417266187,1,64.1803625422643
"cthm-10",3,2003,76.978417266187,1,65.4660768279786
"cthm-10",3,2004,76.978417266187,1,66.7517911136929
"cthm-10",3,2005,74.8201438848921,1,65.6058507231482
"cthm-10",3,2006,74.1007194244605,1,65.604822973919
"cthm-10",3,2007,74.1007194244605,1,65.7476801167761
"cthm-10",3,2008,74.8201438848921,1,66.462993580291
"cthm-10",3,2009,75.5395683453238,1,66.7497356152345
"cthm-10",3,2010,76.2589928057554,1,67.1793347930351
"cthm-10",3,2011,76.2589928057554,1,68.1793347930351
"cthm-10",3,2012,76.2589928057554,1,68.4650490787494
"cthm-10",3,2013,55.3956834532373,1,62.2923872082458
"cthm-10",3,2014,55.3956834532373,1,62.2903168148711
"cthm-10",3,2015,55.3956834532373,1,54.0273768562789
"cthm-10",3,2016,55.3956834532373,1,54.1743747858856
"cthm-10",3,2017,46.7625899280575,1,53.3173212982409
"cthm-10",3,2018,48.2014388489209,1,54.0398736911092
"cthm-10",3,2019,51.0791366906475,1,55.6299060130778
"cthm-10",3,2020,55.3956834532374,1,56.9487019080388
"cthm-10",3,2021,60.431654676259,1,61.4155234818356
"cthm-10",3,2022,71.2230215827338,1,66.1742109418055
"cthm-10",3,2023,74.1007194244604,1,66.7497505101509
"cthm-10",3,2024,74.1007194244604,1,66.7497505101509
"cthm-10",3,2025,76.978417266187,1,67.4681472213533
"cthm-10",4,1999,65.7142857142856,1,65.0375053994072
"cthm-10",4,2000,65.7142857142856,1,65.4660768279786
"cthm-10",4,2001,65.7142857142857,1,63.6089339708357
"cthm-10",4,2002,66.4285714285714,1,64.1803625422643
"cthm-10",4,2003,65.7142857142857,1,65.4660768279786
"cthm-10",4,2004,66.4285714285714,1,66.7517911136929
"cthm-10",4,2005,60,1,65.6058507231482
"cthm-10",4,2006,58.5714285714286,1,65.604822973919
"cthm-10",4,2007,57.8571428571429,1,65.7476801167761
"cthm-10",4,2008,57.8571428571429,1,66.462993580291
"cthm-10",4,2009,57.8571428571429,1,66.7497356152345
"cthm-10",4,2010,59.2857142857143,1,67.1793347930351
"cthm-10",4,2011,64.2857142857143,1,68.1793347930351
"cthm-10",4,2012,65.7142857142858,1,68.4650490787494
"cthm-10",4,2013,65.0000000000001,1,62.2923872082458
"cthm-10",4,2014,65.7142857142858,1,62.2903168148711
"cthm-10",4,2015,65.7142857142858,1,54.0273768562789
"cthm-10",4,2016,65.7142857142858,1,54.1743747858856
"cthm-10",4,2017,65.7142857142858,1,53.3173212982409
"cthm-10",4,2018,65.7142857142858,1,54.0398736911092
"cthm-10",4,2019,65.7142857142858,1,55.6299060130778
"cthm-10",4,2020,67.8571428571429,1,56.9487019080388
"cthm-10",4,2021,69.2857142857143,1,61.4155234818356
"cthm-10",4,2022,69.2857142857143,1,66.1742109418055
"cthm-10",4,2023,69.2857142857143,1,66.7497505101509
"cthm-10",4,2024,69.2857142857143,1,66.7497505101509
"cthm-10",4,2025,69.2857142857143,1,67.4681472213533
"cthm-10",5,1999,61.4285714285714,1,65.0375053994072
"cthm-10",5,2000,60.7142857142857,1,65.4660768279786
"cthm-10",5,2001,55,1,63.6089339708357
"cthm-10",5,2002,55,1,64.1803625422643
"cthm-10",5,2003,55.7142857142857,1,65.4660768279786
"cthm-10",5,2004,54.2857142857142,1,66.7517911136929
"cthm-10",5,2005,54.2857142857143,1,65.6058507231482
"cthm-10",5,2006,55,1,65.604822973919
"cthm-10",5,2007,55,1,65.7476801167761
"cthm-10",5,2008,57.1428571428571,1,66.462993580291
"cthm-10",5,2009,57.1428571428571,1,66.7497356152345
"cthm-10",5,2010,57.1428571428571,1,67.1793347930351
"cthm-10",5,2011,57.1428571428571,1,68.1793347930351
"cthm-10",5,2012,57.1428571428571,1,68.4650490787494
"cthm-10",5,2013,47.8571428571429,1,62.2923872082458
"cthm-10",5,2014,47.8571428571429,1,62.2903168148711
"cthm-10",5,2015,47.8571428571429,1,54.0273768562789
"cthm-10",5,2016,47.1428571428571,1,54.1743747858856
"cthm-10",5,2017,47.1428571428571,1,53.3173212982409
"cthm-10",5,2018,47.1428571428571,1,54.0398736911092
"cthm-10",5,2019,47.1428571428571,1,55.6299060130778
"cthm-10",5,2020,47.1428571428571,1,56.9487019080388
"cthm-10",5,2021,52.1428571428571,1,61.4155234818356
"cthm-10",5,2022,55,1,66.1742109418055
"cthm-10",5,2023,55,1,66.7497505101509
"cthm-10",5,2024,55,1,66.7497505101509
"cthm-10",5,2025,55,1,67.4681472213533
"cthm-10",6,1999,48.5507246376812,2,53.5270105174418
"cthm-10",6,2000,48.5507246376812,2,57.4370186944247
"cthm-10",6,2001,48.5507246376812,2,58.1596164243742
"cthm-10",6,2002,48.5507246376812,2,58.1596164243742
"cthm-10",6,2003,48.5507246376812,2,59.7423502373239
"cthm-10",6,2004,48.5507246376812,2,59.8851623692658
"cthm-10",6,2005,48.5507246376812,2,57.1398191235288
"cthm-10",6,2006,48.5507246376812,2,54.2641767802605
"cthm-10",6,2007,48.5507246376812,2,54.5540470738067
"cthm-10",6,2008,48.5507246376812,2,54.5540470738067
"cthm-10",6,2009,48.5507246376812,2,54.6969042166638
"cthm-10",6,2010,48.5507246376812,2,54.8407891087502
"cthm-10",6,2011,48.5507246376812,2,54.8407891087502
"cthm-10",6,2012,49.2753623188406,2,54.5477604406025
"cthm-10",6,2013,48.5507246376812,2,53.8188912985312
"cthm-10",6,2014,48.5507246376812,2,53.8188912985312
"cthm-10",6,2015,44.927536231884,2,53.2381385094581
"cthm-10",6,2016,44.927536231884,2,53.5259082936307
"cthm-10",6,2017,44.2028985507246,2,53.5248656494852
"cthm-10",6,2018,44.2028985507246,2,53.5248656494852
"cthm-10",6,2019,44.2028985507246,2,53.8126354336578
"cthm-10",6,2020,46.3768115942029,2,51.6196808160761
"cthm-10",6,2021,46.3768115942029,2,51.6196808160761
"cthm-10",6,2022,50,2,48.4594264109046
"cthm-10",6,2023,50,2,48.4594264109046
"cthm-10",6,2024,50,2,48.7471961950773
"cthm-10",6,2025,50,2,50.4759154094868
"cthm-10",7,1999,14.3884892086331,2,53.5270105174418
"cthm-10",7,2000,15.1079136690647,2,57.4370186944247
"cthm-10",7,2001,16.546762589928,2,58.1596164243742
"cthm-10",7,2002,16.546762589928,2,58.1596164243742
"cthm-10",7,2003,24.4604316546762,2,59.7423502373239
"cthm-10",7,2004,26.6187050359712,2,59.8851623692658
"cthm-10",7,2005,28.0575539568346,2,57.1398191235288
"cthm-10",7,2006,27.3381294964029,2,54.2641767802605
"cthm-10",7,2007,28.0575539568346,2,54.5540470738067
"cthm-10",7,2008,28.0575539568345,2,54.5540470738067
"cthm-10",7,2009,28.0575539568345,2,54.6969042166638
"cthm-10",7,2010,28.0575539568345,2,54.8407891087502
"cthm-10",7,2011,28.0575539568345,2,54.8407891087502
"cthm-10",7,2012,28.0575539568345,2,54.5477604406025
"cthm-10",7,2013,28.0575539568345,2,53.8188912985312
"cthm-10",7,2014,28.0575539568345,2,53.8188912985312
"cthm-10",7,2015,28.0575539568345,2,53.2381385094581
"cthm-10",7,2016,28.0575539568345,2,53.5259082936307
"cthm-10",7,2017,28.0575539568345,2,53.5248656494852
"cthm-10",7,2018,28.0575539568345,2,53.5248656494852
"cthm-10",7,2019,28.0575539568345,2,53.8126354336578
"cthm-10",7,2020,28.0575539568345,2,51.6196808160761
"cthm-10",7,2021,28.0575539568345,2,51.6196808160761
"cthm-10",7,2022,28.0575539568345,2,48.4594264109046
"cthm-10",7,2023,28.0575539568345,2,48.4594264109046
"cthm-10",7,2024,28.0575539568345,2,48.7471961950773
"cthm-10",7,2025,28.0575539568345,2,50.4759154094868
"cthm-10",8,1999,74.2857142857142,2,53.5270105174418
"cthm-10",8,2000,71.4285714285715,2,57.4370186944247
"cthm-10",8,2001,72.1428571428572,2,58.1596164243742
"cthm-10",8,2002,72.1428571428572,2,58.1596164243742
"cthm-10",8,2003,72.1428571428572,2,59.7423502373239
"cthm-10",8,2004,71.4285714285715,2,59.8851623692658
"cthm-10",8,2005,72.1428571428572,2,57.1398191235288
"cthm-10",8,2006,70.7142857142856,2,54.2641767802605
"cthm-10",8,2007,70.7142857142856,2,54.5540470738067
"cthm-10",8,2008,70.7142857142856,2,54.5540470738067
"cthm-10",8,2009,71.4285714285713,2,54.6969042166638
"cthm-10",8,2010,71.4285714285713,2,54.8407891087502
"cthm-10",8,2011,71.4285714285713,2,54.8407891087502
"cthm-10",8,2012,71.4285714285713,2,54.5477604406025
"cthm-10",8,2013,71.4285714285713,2,53.8188912985312
"cthm-10",8,2014,71.4285714285713,2,53.8188912985312
"cthm-10",8,2015,71.4285714285713,2,53.2381385094581
"cthm-10",8,2016,71.4285714285713,2,53.5259082936307
"cthm-10",8,2017,71.4285714285713,2,53.5248656494852
"cthm-10",8,2018,71.4285714285713,2,53.5248656494852
"cthm-10",8,2019,71.4285714285713,2,53.8126354336578
"cthm-10",8,2020,71.4285714285713,2,51.6196808160761
"cthm-10",8,2021,71.4285714285713,2,51.6196808160761
"cthm-10",8,2022,71.4285714285713,2,48.4594264109046
"cthm-10",8,2023,71.4285714285714,2,48.4594264109046
"cthm-10",8,2024,71.4285714285714,2,48.7471961950773
"cthm-10",8,2025,71.4285714285714,2,50.4759154094868
"cthm-10",9,1999,63.5036496350365,2,53.5270105174418
"cthm-10",9,2000,70.8029197080292,2,57.4370186944247
"cthm-10",9,2001,72.2627737226278,2,58.1596164243742
"cthm-10",9,2002,72.2627737226278,2,58.1596164243742
"cthm-10",9,2003,72.2627737226277,2,59.7423502373239
"cthm-10",9,2004,71.5328467153284,2,59.8851623692658
"cthm-10",9,2005,67.8832116788321,2,57.1398191235288
"cthm-10",9,2006,67.8832116788321,2,54.2641767802605
"cthm-10",9,2007,68.6131386861314,2,54.5540470738067
"cthm-10",9,2008,68.6131386861314,2,54.5540470738067
"cthm-10",9,2009,68.6131386861314,2,54.6969042166638
"cthm-10",9,2010,68.6131386861314,2,54.8407891087502
"cthm-10",9,2011,68.6131386861314,2,54.8407891087502
"cthm-10",9,2012,66.4233576642336,2,54.5477604406025
"cthm-10",9,2013,63.5036496350365,2,53.8188912985312
"cthm-10",9,2014,63.5036496350365,2,53.8188912985312
"cthm-10",9,2015,63.5036496350365,2,53.2381385094581
"cthm-10",9,2016,63.5036496350365,2,53.5259082936307
"cthm-10",9,2017,63.5036496350365,2,53.5248656494852
"cthm-10",9,2018,63.5036496350365,2,53.5248656494852
"cthm-10",9,2019,63.5036496350365,2,53.8126354336578
"cthm-10",9,2020,50.3649635036496,2,51.6196808160761
"cthm-10",9,2021,50.3649635036496,2,51.6196808160761
"cthm-10",9,2022,50.3649635036496,2,48.4594264109046
"cthm-10",9,2023,50.3649635036496,2,48.4594264109046
"cthm-10",9,2024,50.3649635036496,2,48.7471961950773
"cthm-10",9,2025,51.0948905109489,2,50.4759154094868
"cthm-10",10,1999,66.9064748201439,2,53.5270105174418
"cthm-10",10,2000,81.294964028777,2,57.4370186944247
"cthm-10",10,2001,81.294964028777,2,58.1596164243742
"cthm-10",10,2002,81.294964028777,2,58.1596164243742
"cthm-10",10,2003,81.294964028777,2,59.7423502373239
"cthm-10",10,2004,81.294964028777,2,59.8851623692658
"cthm-10",10,2005,69.0647482014389,2,57.1398191235288
"cthm-10",10,2006,56.8345323741008,2,54.2641767802605
"cthm-10",10,2007,56.8345323741007,2,54.5540470738067
"cthm-10",10,2008,56.8345323741007,2,54.5540470738067
"cthm-10",10,2009,56.8345323741007,2,54.6969042166638
"cthm-10",10,2010,57.5539568345324,2,54.8407891087502
"cthm-10",10,2011,57.5539568345324,2,54.8407891087502
"cthm-10",10,2012,57.5539568345324,2,54.5477604406025
"cthm-10",10,2013,57.5539568345324,2,53.8188912985312
"cthm-10",10,2014,57.5539568345324,2,53.8188912985312
"cthm-10",10,2015,58.2733812949641,2,53.2381385094581
"cthm-10",10,2016,59.7122302158273,2,53.5259082936307
"cthm-10",10,2017,60.4316546762589,2,53.5248656494852
"cthm-10",10,2018,60.4316546762589,2,53.5248656494852
"cthm-10",10,2019,61.8705035971223,2,53.8126354336578
"cthm-10",10,2020,61.8705035971223,2,51.6196808160761
"cthm-10",10,2021,61.8705035971223,2,51.6196808160761
"cthm-10",10,2022,42.4460431654676,2,48.4594264109046
"cthm-10",10,2023,42.4460431654676,2,48.4594264109046
"cthm-10",10,2024,43.884892086331,2,48.7471961950773
"cthm-10",10,2025,51.798561151079,2,50.4759154094868
"cthm-10",11,1999,64.2335766423358,3,53.9466383502717
"cthm-10",11,2000,64.2335766423358,3,53.9466383502717
"cthm-10",11,2001,64.2335766423358,3,51.7883649689768
"cthm-10",11,2002,64.2335766423358,3,51.7883649689768
"cthm-10",11,2003,64.2335766423358,3,51.7883649689768
"cthm-10",11,2004,64.2335766423358,3,51.7883649689768
"cthm-10",11,2005,64.2335766423358,3,51.7883649689768
"cthm-10",11,2006,64.2335766423358,3,51.7883649689768
"cthm-10",11,2007,64.2335766423357,3,51.7883649689768
"cthm-10",11,2008,64.2335766423357,3,51.7883649689768
"cthm-10",11,2009,64.2335766423357,3,51.7883649689768
"cthm-10",11,2010,64.2335766423357,3,51.7883649689768
"cthm-10",11,2011,64.2335766423357,3,51.7883649689768
"cthm-10",11,2012,64.2335766423357,3,51.7883649689768
"cthm-10",11,2013,64.2335766423357,3,51.7883649689768
"cthm-10",11,2014,64.2335766423357,3,45.4198945279383
"cthm-10",11,2015,64.2335766423358,3,45.2770522799975
"cthm-10",11,2016,64.2335766423358,3,46.0006473170114
"cthm-10",11,2017,64.2335766423358,3,46.0016899611569
"cthm-10",11,2018,64.2335766423358,3,46.0016899611569
"cthm-10",11,2019,64.2335766423358,3,46.7252849981708
"cthm-10",11,2020,64.2335766423358,3,48.8960701092124
"cthm-10",11,2021,64.2335766423358,3,51.6444800768904
"cthm-10",11,2022,64.2335766423358,3,52.3680751139043
"cthm-10",11,2023,64.2335766423357,3,52.3680751139043
"cthm-10",11,2024,64.2335766423357,3,52.3680751139043
"cthm-10",11,2025,64.2335766423357,3,52.0782200414405
"cthm-10",12,1999,48.936170212766,3,53.9466383502717
"cthm-10",12,2000,48.936170212766,3,53.9466383502717
"cthm-10",12,2001,48.936170212766,3,51.7883649689768
"cthm-10",12,2002,48.936170212766,3,51.7883649689768
"cthm-10",12,2003,48.936170212766,3,51.7883649689768
"cthm-10",12,2004,48.936170212766,3,51.7883649689768
"cthm-10",12,2005,48.936170212766,3,51.7883649689768
"cthm-10",12,2006,48.936170212766,3,51.7883649689768
"cthm-10",12,2007,48.936170212766,3,51.7883649689768
"cthm-10",12,2008,48.936170212766,3,51.7883649689768
"cthm-10",12,2009,48.936170212766,3,51.7883649689768
"cthm-10",12,2010,48.936170212766,3,51.7883649689768
"cthm-10",12,2011,48.936170212766,3,51.7883649689768
"cthm-10",12,2012,48.936170212766,3,51.7883649689768
"cthm-10",12,2013,48.936170212766,3,51.7883649689768
"cthm-10",12,2014,48.936170212766,3,45.4198945279383
"cthm-10",12,2015,48.9361702127659,3,45.2770522799975
"cthm-10",12,2016,48.9361702127659,3,46.0006473170114
"cthm-10",12,2017,48.9361702127659,3,46.0016899611569
"cthm-10",12,2018,48.9361702127659,3,46.0016899611569
"cthm-10",12,2019,48.9361702127659,3,46.7252849981708
"cthm-10",12,2020,48.9361702127659,3,48.8960701092124
"cthm-10",12,2021,48.9361702127659,3,51.6444800768904
"cthm-10",12,2022,48.9361702127659,3,52.3680751139043
"cthm-10",12,2023,48.9361702127659,3,52.3680751139043
"cthm-10",12,2024,48.9361702127659,3,52.3680751139043
"cthm-10",12,2025,48.9361702127659,3,52.0782200414405
"cthm-10",13,1999,50.3597122302158,3,53.9466383502717
"cthm-10",13,2000,50.3597122302158,3,53.9466383502717
"cthm-10",13,2001,50.3597122302158,3,51.7883649689768
"cthm-10",13,2002,50.3597122302158,3,51.7883649689768
"cthm-10",13,2003,50.3597122302158,3,51.7883649689768
"cthm-10",13,2004,50.3597122302158,3,51.7883649689768
"cthm-10",13,2005,50.3597122302158,3,51.7883649689768
"cthm-10",13,2006,50.3597122302158,3,51.7883649689768
"cthm-10",13,2007,50.3597122302158,3,51.7883649689768
"cthm-10",13,2008,50.3597122302158,3,51.7883649689768
"cthm-10",13,2009,50.3597122302158,3,51.7883649689768
"cthm-10",13,2010,50.3597122302158,3,51.7883649689768
"cthm-10",13,2011,50.3597122302158,3,51.7883649689768
"cthm-10",13,2012,50.3597122302158,3,51.7883649689768
"cthm-10",13,2013,50.3597122302158,3,51.7883649689768
"cthm-10",13,2014,50.3597122302158,3,45.4198945279383
"cthm-10",13,2015,49.6402877697842,3,45.2770522799975
"cthm-10",13,2016,49.6402877697842,3,46.0006473170114
"cthm-10",13,2017,49.6402877697842,3,46.0016899611569
"cthm-10",13,2018,49.6402877697842,3,46.0016899611569
"cthm-10",13,2019,49.6402877697842,3,46.7252849981708
"cthm-10",13,2020,49.6402877697842,3,48.8960701092124
"cthm-10",13,2021,50.3597122302158,3,51.6444800768904
"cthm-10",13,2022,50.3597122302158,3,52.3680751139043
"cthm-10",13,2023,50.3597122302158,3,52.3680751139043
"cthm-10",13,2024,50.3597122302158,3,52.3680751139043
"cthm-10",13,2025,50.3597122302158,3,52.0782200414405
"cthm-10",14,1999,43.884892086331,3,53.9466383502717
"cthm-10",14,2000,43.884892086331,3,53.9466383502717
"cthm-10",14,2001,33.0935251798562,3,51.7883649689768
"cthm-10",14,2002,33.0935251798562,3,51.7883649689768
"cthm-10",14,2003,33.0935251798562,3,51.7883649689768
"cthm-10",14,2004,33.0935251798562,3,51.7883649689768
"cthm-10",14,2005,33.0935251798562,3,51.7883649689768
"cthm-10",14,2006,33.0935251798562,3,51.7883649689768
"cthm-10",14,2007,33.0935251798562,3,51.7883649689768
"cthm-10",14,2008,33.0935251798562,3,51.7883649689768
"cthm-10",14,2009,33.0935251798562,3,51.7883649689768
"cthm-10",14,2010,33.0935251798562,3,51.7883649689768
"cthm-10",14,2011,33.0935251798562,3,51.7883649689768
"cthm-10",14,2012,33.0935251798562,3,51.7883649689768
"cthm-10",14,2013,33.0935251798562,3,51.7883649689768
"cthm-10",14,2014,27.3381294964029,3,45.4198945279383
"cthm-10",14,2015,26.6187050359712,3,45.2770522799975
"cthm-10",14,2016,27.3381294964029,3,46.0006473170114
"cthm-10",14,2017,26.6187050359712,3,46.0016899611569
"cthm-10",14,2018,26.6187050359712,3,46.0016899611569
"cthm-10",14,2019,27.3381294964029,3,46.7252849981708
"cthm-10",14,2020,29.4964028776978,3,48.8960701092124
"cthm-10",14,2021,32.3741007194245,3,51.6444800768904
"cthm-10",14,2022,33.0935251798562,3,52.3680751139043
"cthm-10",14,2023,33.0935251798562,3,52.3680751139043
"cthm-10",14,2024,33.0935251798562,3,52.3680751139043
"cthm-10",14,2025,33.0935251798562,3,52.0782200414405
"cthm-10",15,1999,62.3188405797102,3,53.9466383502717
"cthm-10",15,2000,62.3188405797102,3,53.9466383502717
"cthm-10",15,2001,62.3188405797102,3,51.7883649689768
"cthm-10",15,2002,62.3188405797102,3,51.7883649689768
"cthm-10",15,2003,62.3188405797102,3,51.7883649689768
"cthm-10",15,2004,62.3188405797102,3,51.7883649689768
"cthm-10",15,2005,62.3188405797102,3,51.7883649689768
"cthm-10",15,2006,62.3188405797102,3,51.7883649689768
"cthm-10",15,2007,62.3188405797102,3,51.7883649689768
"cthm-10",15,2008,62.3188405797102,3,51.7883649689768
"cthm-10",15,2009,62.3188405797102,3,51.7883649689768
"cthm-10",15,2010,62.3188405797102,3,51.7883649689768
"cthm-10",15,2011,62.3188405797102,3,51.7883649689768
"cthm-10",15,2012,62.3188405797102,3,51.7883649689768
"cthm-10",15,2013,62.3188405797102,3,51.7883649689768
"cthm-10",15,2014,36.231884057971,3,45.4198945279383
"cthm-10",15,2015,36.9565217391304,3,45.2770522799975
"cthm-10",15,2016,39.8550724637681,3,46.0006473170114
"cthm-10",15,2017,40.5797101449275,3,46.0016899611569
"cthm-10",15,2018,40.5797101449275,3,46.0016899611569
"cthm-10",15,2019,43.4782608695651,3,46.7252849981708
"cthm-10",15,2020,52.1739130434783,3,48.8960701092124
"cthm-10",15,2021,62.3188405797102,3,51.6444800768904
"cthm-10",15,2022,65.2173913043478,3,52.3680751139043
"cthm-10",15,2023,65.2173913043478,3,52.3680751139043
"cthm-10",15,2024,65.2173913043478,3,52.3680751139043
"cthm-10",15,2025,63.768115942029,3,52.0782200414405
"cthm-10",17,1999,10,4,45.6191827222327
"cthm-10",17,2000,10,4,45.6191827222327
"cthm-10",17,2001,7.14285714285714,4,42.0271991662204
"cthm-10",17,2002,7.14285714285714,4,42.2070552813283
"cthm-10",17,2003,7.14285714285714,4,42.746623626652
"cthm-10",17,2004,7.14285714285714,4,38.2502207489542
"cthm-10",17,2005,7.14285714285714,4,37.5307962885225
"cthm-10",17,2006,7.14285714285714,4,38.60993297917
"cthm-10",17,2007,3.57142857142857,4,39.1559247571761
"cthm-10",17,2008,3.57142857142857,4,38.7962125269603
"cthm-10",17,2009,3.57142857142857,4,38.9760686420683
"cthm-10",17,2010,3.57142857142857,4,40.7746297931474
"cthm-10",17,2011,3.57142857142857,4,43.2926154046582
"cthm-10",17,2012,3.57142857142857,4,43.4724715197661
"cthm-10",17,2013,3.57142857142857,4,43.2964151817379
"cthm-10",17,2014,3.57142857142857,4,43.2964151817379
"cthm-10",17,2015,3.57142857142857,4,43.2964151817379
"cthm-10",17,2016,3.57142857142857,4,43.2964151817379
"cthm-10",17,2017,3.57142857142857,4,43.2964151817379
"cthm-10",17,2018,3.57142857142857,4,43.2964151817379
"cthm-10",17,2019,3.57142857142857,4,43.6535580388808
"cthm-10",17,2020,3.57142857142857,4,44.3703588437098
"cthm-10",17,2021,2.85714285714286,4,44.5489302722812
"cthm-10",17,2022,2.14285714285714,4,44.3703588437098
"cthm-10",17,2023,2.14285714285714,4,44.3703588437098
"cthm-10",17,2024,2.14285714285714,4,44.3703588437098
"cthm-10",17,2025,2.14285714285714,4,44.3703588437098
"cthm-10",18,1999,66.1971830985915,4,45.6191827222327
"cthm-10",18,2000,66.1971830985915,4,45.6191827222327
"cthm-10",18,2001,66.1971830985915,4,42.0271991662204
"cthm-10",18,2002,66.1971830985915,4,42.2070552813283
"cthm-10",18,2003,66.1971830985915,4,42.746623626652
"cthm-10",18,2004,66.1971830985915,4,38.2502207489542
"cthm-10",18,2005,66.1971830985915,4,37.5307962885225
"cthm-10",18,2006,66.1971830985915,4,38.60993297917
"cthm-10",18,2007,66.1971830985915,4,39.1559247571761
"cthm-10",18,2008,66.1971830985915,4,38.7962125269603
"cthm-10",18,2009,66.1971830985916,4,38.9760686420683
"cthm-10",18,2010,66.1971830985916,4,40.7746297931474
"cthm-10",18,2011,66.1971830985916,4,43.2926154046582
"cthm-10",18,2012,66.1971830985916,4,43.4724715197661
"cthm-10",18,2013,65.4929577464789,4,43.2964151817379
"cthm-10",18,2014,65.4929577464789,4,43.2964151817379
"cthm-10",18,2015,65.4929577464789,4,43.2964151817379
"cthm-10",18,2016,65.4929577464789,4,43.2964151817379
"cthm-10",18,2017,65.4929577464789,4,43.2964151817379
"cthm-10",18,2018,65.4929577464789,4,43.2964151817379
"cthm-10",18,2019,65.4929577464789,4,43.6535580388808
"cthm-10",18,2020,64.7887323943662,4,44.3703588437098
"cthm-10",18,2021,64.7887323943662,4,44.5489302722812
"cthm-10",18,2022,64.7887323943662,4,44.3703588437098
"cthm-10",18,2023,64.7887323943662,4,44.3703588437098
"cthm-10",18,2024,64.7887323943662,4,44.3703588437098
"cthm-10",18,2025,64.7887323943662,4,44.3703588437098
"cthm-10",19,1999,27.1428571428572,4,45.6191827222327
"cthm-10",19,2000,27.1428571428572,4,45.6191827222327
"cthm-10",19,2001,27.1428571428572,4,42.0271991662204
"cthm-10",19,2002,27.1428571428572,4,42.2070552813283
"cthm-10",19,2003,27.1428571428572,4,42.746623626652
"cthm-10",19,2004,27.1428571428572,4,38.2502207489542
"cthm-10",19,2005,27.1428571428572,4,37.5307962885225
"cthm-10",19,2006,27.1428571428572,4,38.60993297917
"cthm-10",19,2007,27.1428571428572,4,39.1559247571761
"cthm-10",19,2008,27.1428571428572,4,38.7962125269603
"cthm-10",19,2009,27.1428571428572,4,38.9760686420683
"cthm-10",19,2010,27.1428571428572,4,40.7746297931474
"cthm-10",19,2011,27.1428571428572,4,43.2926154046582
"cthm-10",19,2012,27.1428571428572,4,43.4724715197661
"cthm-10",19,2013,27.1428571428572,4,43.2964151817379
"cthm-10",19,2014,27.1428571428572,4,43.2964151817379
"cthm-10",19,2015,27.1428571428572,4,43.2964151817379
"cthm-10",19,2016,27.1428571428572,4,43.2964151817379
"cthm-10",19,2017,27.1428571428572,4,43.2964151817379
"cthm-10",19,2018,27.1428571428572,4,43.2964151817379
"cthm-10",19,2019,28.5714285714285,4,43.6535580388808
"cthm-10",19,2020,32.1428571428571,4,44.3703588437098
"cthm-10",19,2021,33.5714285714285,4,44.5489302722812
"cthm-10",19,2022,33.5714285714285,4,44.3703588437098
"cthm-10",19,2023,33.5714285714285,4,44.3703588437098
"cthm-10",19,2024,33.5714285714285,4,44.3703588437098
"cthm-10",19,2025,33.5714285714285,4,44.3703588437098
"cthm-10",20,1999,79.136690647482,4,45.6191827222327
"cthm-10",20,2000,79.136690647482,4,45.6191827222327
"cthm-10",20,2001,67.6258992805756,4,42.0271991662204
"cthm-10",20,2002,68.3453237410072,4,42.2070552813283
"cthm-10",20,2003,70.5035971223021,4,42.746623626652
"cthm-10",20,2004,52.5179856115108,4,38.2502207489542
"cthm-10",20,2005,49.6402877697842,4,37.5307962885225
"cthm-10",20,2006,53.9568345323741,4,38.60993297917
"cthm-10",20,2007,59.7122302158273,4,39.1559247571761
"cthm-10",20,2008,58.273381294964,4,38.7962125269603
"cthm-10",20,2009,58.9928057553957,4,38.9760686420683
"cthm-10",20,2010,66.1870503597122,4,40.7746297931474
"cthm-10",20,2011,76.2589928057554,4,43.2926154046582
"cthm-10",20,2012,76.9784172661871,4,43.4724715197661
"cthm-10",20,2013,76.9784172661871,4,43.2964151817379
"cthm-10",20,2014,76.9784172661871,4,43.2964151817379
"cthm-10",20,2015,76.9784172661871,4,43.2964151817379
"cthm-10",20,2016,76.9784172661871,4,43.2964151817379
"cthm-10",20,2017,76.9784172661871,4,43.2964151817379
"cthm-10",20,2018,76.9784172661871,4,43.2964151817379
"cthm-10",20,2019,76.9784172661871,4,43.6535580388808
"cthm-10",20,2020,76.9784172661871,4,44.3703588437098
"cthm-10",20,2021,76.9784172661871,4,44.5489302722812
"cthm-10",20,2022,76.9784172661871,4,44.3703588437098
"cthm-10",20,2023,76.9784172661871,4,44.3703588437098
"cthm-10",20,2024,76.9784172661871,4,44.3703588437098
"cthm-10",20,2025,76.9784172661871,4,44.3703588437098
"cthm-11",1,1999,79.7101449275363,1,56.0874778438119
"cthm-11",1,2000,79.7101449275363,1,56.0895482371866
"cthm-11",1,2001,79.7101449275363,1,56.9601412038071
"cthm-11",1,2002,79.7101449275363,1,59.5626256758569
"cthm-11",1,2003,79.7101449275363,1,63.9011275451688
"cthm-11",1,2004,50.7246376811594,1,58.2479109879798
"cthm-11",1,2005,50,1,58.1029834517479
"cthm-11",1,2006,50,1,58.1029834517479
"cthm-11",1,2007,44.927536231884,1,57.0884906981247
"cthm-11",1,2008,44.927536231884,1,57.232375590211
"cthm-11",1,2009,45.6521739130435,1,57.3773031264429
"cthm-11",1,2010,45.6521739130435,1,57.3773031264429
"cthm-11",1,2011,45.6521739130435,1,57.3773031264429
"cthm-11",1,2012,47.8260869565218,1,57.9559706272249
"cthm-11",1,2013,51.4492753623189,1,58.2510091305837
"cthm-11",1,2014,57.9710144927537,1,59.5553569566707
"cthm-11",1,2015,76.0869565217392,1,63.3224302545541
"cthm-11",1,2016,76.0869565217391,1,63.3224302545541
"cthm-11",1,2017,76.0869565217391,1,63.3224302545541
"cthm-11",1,2018,77.5362318840579,1,62.6122853270179
"cthm-11",1,2019,77.5362318840579,1,62.6122853270179
"cthm-11",1,2020,78.2608695652174,1,62.6143557203926
"cthm-11",1,2021,81.159420289855,1,63.1940658653201
"cthm-11",1,2022,79.7101449275362,1,62.9042107928564
"cthm-11",1,2023,79.7101449275362,1,60.1899250785707
"cthm-11",1,2024,79.7101449275362,1,60.1899250785707
"cthm-11",1,2025,80.4347826086956,1,60.3348526148025
"cthm-11",2,1999,67.1428571428572,1,56.0874778438119
"cthm-11",2,2000,66.4285714285714,1,56.0895482371866
"cthm-11",2,2001,65.7142857142857,1,56.9601412038071
"cthm-11",2,2002,67.8571428571429,1,59.5626256758569
"cthm-11",2,2003,70.7142857142857,1,63.9011275451688
"cthm-11",2,2004,70.7142857142857,1,58.2479109879798
"cthm-11",2,2005,70.7142857142857,1,58.1029834517479
"cthm-11",2,2006,70.7142857142857,1,58.1029834517479
"cthm-11",2,2007,70.7142857142857,1,57.0884906981247
"cthm-11",2,2008,70.7142857142857,1,57.232375590211
"cthm-11",2,2009,70.7142857142857,1,57.3773031264429
"cthm-11",2,2010,70.7142857142857,1,57.3773031264429
"cthm-11",2,2011,70.7142857142857,1,57.3773031264429
"cthm-11",2,2012,70.7142857142857,1,57.9559706272249
"cthm-11",2,2013,69.2857142857143,1,58.2510091305837
"cthm-11",2,2014,69.2857142857143,1,59.5553569566707
"cthm-11",2,2015,69.2857142857143,1,63.3224302545541
"cthm-11",2,2016,69.2857142857143,1,63.3224302545541
"cthm-11",2,2017,69.2857142857143,1,63.3224302545541
"cthm-11",2,2018,64.2857142857142,1,62.6122853270179
"cthm-11",2,2019,64.2857142857142,1,62.6122853270179
"cthm-11",2,2020,63.5714285714285,1,62.6143557203926
"cthm-11",2,2021,63.5714285714285,1,63.1940658653201
"cthm-11",2,2022,63.5714285714285,1,62.9042107928564
"cthm-11",2,2023,63.5714285714285,1,60.1899250785707
"cthm-11",2,2024,63.5714285714285,1,60.1899250785707
"cthm-11",2,2025,63.5714285714285,1,60.3348526148025
"cthm-11",3,1999,57.8571428571428,1,56.0874778438119
"cthm-11",3,2000,57.8571428571428,1,56.0895482371866
"cthm-11",3,2001,57.8571428571428,1,56.9601412038071
"cthm-11",3,2002,57.8571428571428,1,59.5626256758569
"cthm-11",3,2003,57.8571428571428,1,63.9011275451688
"cthm-11",3,2004,57.8571428571428,1,58.2479109879798
"cthm-11",3,2005,57.8571428571428,1,58.1029834517479
"cthm-11",3,2006,57.8571428571428,1,58.1029834517479
"cthm-11",3,2007,57.8571428571428,1,57.0884906981247
"cthm-11",3,2008,57.8571428571428,1,57.232375590211
"cthm-11",3,2009,57.8571428571428,1,57.3773031264429
"cthm-11",3,2010,57.8571428571428,1,57.3773031264429
"cthm-11",3,2011,57.8571428571428,1,57.3773031264429
"cthm-11",3,2012,57.8571428571428,1,57.9559706272249
"cthm-11",3,2013,57.8571428571428,1,58.2510091305837
"cthm-11",3,2014,57.8571428571428,1,59.5553569566707
"cthm-11",3,2015,57.8571428571428,1,63.3224302545541
"cthm-11",3,2016,57.8571428571428,1,63.3224302545541
"cthm-11",3,2017,57.8571428571428,1,63.3224302545541
"cthm-11",3,2018,57.8571428571428,1,62.6122853270179
"cthm-11",3,2019,57.8571428571428,1,62.6122853270179
"cthm-11",3,2020,57.8571428571428,1,62.6143557203926
"cthm-11",3,2021,57.8571428571428,1,63.1940658653201
"cthm-11",3,2022,57.8571428571428,1,62.9042107928564
"cthm-11",3,2023,44.2857142857142,1,60.1899250785707
"cthm-11",3,2024,44.2857142857142,1,60.1899250785707
"cthm-11",3,2025,44.2857142857142,1,60.3348526148025
"cthm-11",4,1999,49.6402877697842,1,56.0874778438119
"cthm-11",4,2000,49.6402877697842,1,56.0895482371866
"cthm-11",4,2001,50.3597122302159,1,56.9601412038071
"cthm-11",4,2002,50.3597122302159,1,59.5626256758569
"cthm-11",4,2003,51.0791366906475,1,63.9011275451688
"cthm-11",4,2004,51.7985611510792,1,58.2479109879798
"cthm-11",4,2005,51.7985611510792,1,58.1029834517479
"cthm-11",4,2006,51.7985611510792,1,58.1029834517479
"cthm-11",4,2007,51.7985611510792,1,57.0884906981247
"cthm-11",4,2008,52.5179856115108,1,57.232375590211
"cthm-11",4,2009,52.5179856115108,1,57.3773031264429
"cthm-11",4,2010,52.5179856115108,1,57.3773031264429
"cthm-11",4,2011,52.5179856115108,1,57.3773031264429
"cthm-11",4,2012,53.2374100719425,1,57.9559706272249
"cthm-11",4,2013,52.5179856115108,1,58.2510091305837
"cthm-11",4,2014,52.5179856115108,1,59.5553569566707
"cthm-11",4,2015,53.2374100719425,1,63.3224302545541
"cthm-11",4,2016,53.2374100719425,1,63.3224302545541
"cthm-11",4,2017,53.2374100719425,1,63.3224302545541
"cthm-11",4,2018,53.2374100719425,1,62.6122853270179
"cthm-11",4,2019,53.2374100719425,1,62.6122853270179
"cthm-11",4,2020,53.2374100719425,1,62.6143557203926
"cthm-11",4,2021,53.2374100719425,1,63.1940658653201
"cthm-11",4,2022,53.2374100719425,1,62.9042107928564
"cthm-11",4,2023,53.2374100719425,1,60.1899250785707
"cthm-11",4,2024,53.2374100719425,1,60.1899250785707
"cthm-11",4,2025,53.2374100719425,1,60.3348526148025
"cthm-11",5,1999,26.0869565217391,1,56.0874778438119
"cthm-11",5,2000,26.8115942028986,1,56.0895482371866
"cthm-11",5,2001,31.1594202898551,1,56.9601412038071
"cthm-11",5,2002,42.0289855072464,1,59.5626256758569
"cthm-11",5,2003,60.1449275362319,1,63.9011275451688
"cthm-11",5,2004,60.1449275362319,1,58.2479109879798
"cthm-11",5,2005,60.1449275362319,1,58.1029834517479
"cthm-11",5,2006,60.1449275362319,1,58.1029834517479
"cthm-11",5,2007,60.1449275362319,1,57.0884906981247
"cthm-11",5,2008,60.1449275362319,1,57.232375590211
"cthm-11",5,2009,60.1449275362319,1,57.3773031264429
"cthm-11",5,2010,60.1449275362319,1,57.3773031264429
"cthm-11",5,2011,60.1449275362319,1,57.3773031264429
"cthm-11",5,2012,60.1449275362319,1,57.9559706272249
"cthm-11",5,2013,60.1449275362319,1,58.2510091305837
"cthm-11",5,2014,60.1449275362319,1,59.5553569566707
"cthm-11",5,2015,60.1449275362319,1,63.3224302545541
"cthm-11",5,2016,60.1449275362319,1,63.3224302545541
"cthm-11",5,2017,60.1449275362319,1,63.3224302545541
"cthm-11",5,2018,60.1449275362319,1,62.6122853270179
"cthm-11",5,2019,60.1449275362319,1,62.6122853270179
"cthm-11",5,2020,60.1449275362319,1,62.6143557203926
"cthm-11",5,2021,60.1449275362319,1,63.1940658653201
"cthm-11",5,2022,60.1449275362319,1,62.9042107928564
"cthm-11",5,2023,60.1449275362319,1,60.1899250785707
"cthm-11",5,2024,60.1449275362319,1,60.1899250785707
"cthm-11",5,2025,60.1449275362319,1,60.3348526148025
"cthm-11",6,1999,69.2857142857142,2,47.8027364813581
"cthm-11",6,2000,69.2857142857142,2,47.8027364813581
"cthm-11",6,2001,69.2857142857142,2,47.8037791255036
"cthm-11",6,2002,69.2857142857142,2,47.3752076969322
"cthm-11",6,2003,69.2857142857142,2,47.5180648397893
"cthm-11",6,2004,42.8571428571429,2,40.0894934112179
"cthm-11",6,2005,42.1428571428572,2,40.8037791255036
"cthm-11",6,2006,43.5714285714286,2,41.6526404091475
"cthm-11",6,2007,44.2857142857143,2,42.2178578004518
"cthm-11",6,2008,45,2,42.0750006575947
"cthm-11",6,2009,47.1428571428572,2,42.5035720861662
"cthm-11",6,2010,67.8571428571429,2,47.2137170137024
"cthm-11",6,2011,69.2857142857143,2,48.4994312994167
"cthm-11",6,2012,69.2857142857143,2,46.2299277533174
"cthm-11",6,2013,69.2857142857143,2,45.3788639235301
"cthm-11",6,2014,69.2857142857143,2,45.3788639235301
"cthm-11",6,2015,69.2857142857143,2,45.3788639235301
"cthm-11",6,2016,69.2857142857143,2,45.0890088510664
"cthm-11",6,2017,69.2857142857143,2,45.3747231367807
"cthm-11",6,2018,69.2857142857143,2,45.5175802796378
"cthm-11",6,2019,69.2857142857143,2,45.9451385369833
"cthm-11",6,2020,69.2857142857143,2,45.9451385369833
"cthm-11",6,2021,57.1428571428571,2,44.9360199959498
"cthm-11",6,2022,57.1428571428571,2,46.4993872484938
"cthm-11",6,2023,57.1428571428571,2,40.2592656679467
"cthm-11",6,2024,57.1428571428571,2,40.4011096395779
"cthm-11",6,2025,57.1428571428571,2,40.8266415544715
"cthm-11",7,1999,47.1014492753623,2,47.8027364813581
"cthm-11",7,2000,47.1014492753623,2,47.8027364813581
"cthm-11",7,2001,47.8260869565217,2,47.8037791255036
"cthm-11",7,2002,47.8260869565217,2,47.3752076969322
"cthm-11",7,2003,47.8260869565217,2,47.5180648397893
"cthm-11",7,2004,47.8260869565217,2,40.0894934112179
"cthm-11",7,2005,47.8260869565217,2,40.8037791255036
"cthm-11",7,2006,44.9275362318841,2,41.6526404091475
"cthm-11",7,2007,42.7536231884058,2,42.2178578004518
"cthm-11",7,2008,42.7536231884058,2,42.0750006575947
"cthm-11",7,2009,42.7536231884058,2,42.5035720861662
"cthm-11",7,2010,41.304347826087,2,47.2137170137024
"cthm-11",7,2011,41.304347826087,2,48.4994312994167
"cthm-11",7,2012,41.304347826087,2,46.2299277533174
"cthm-11",7,2013,41.304347826087,2,45.3788639235301
"cthm-11",7,2014,41.304347826087,2,45.3788639235301
"cthm-11",7,2015,41.304347826087,2,45.3788639235301
"cthm-11",7,2016,39.8550724637681,2,45.0890088510664
"cthm-11",7,2017,39.8550724637681,2,45.3747231367807
"cthm-11",7,2018,39.8550724637681,2,45.5175802796378
"cthm-11",7,2019,39.8550724637681,2,45.9451385369833
"cthm-11",7,2020,39.8550724637681,2,45.9451385369833
"cthm-11",7,2021,39.8550724637681,2,44.9360199959498
"cthm-11",7,2022,40.5797101449275,2,46.4993872484938
"cthm-11",7,2023,40.5797101449275,2,40.2592656679467
"cthm-11",7,2024,40.5797101449275,2,40.4011096395779
"cthm-11",7,2025,40.5797101449275,2,40.8266415544715
"cthm-11",8,1999,56.0283687943263,2,47.8027364813581
"cthm-11",8,2000,56.0283687943263,2,47.8027364813581
"cthm-11",8,2001,56.0283687943263,2,47.8037791255036
"cthm-11",8,2002,56.0283687943263,2,47.3752076969322
"cthm-11",8,2003,56.0283687943263,2,47.5180648397893
"cthm-11",8,2004,56.0283687943263,2,40.0894934112179
"cthm-11",8,2005,56.0283687943263,2,40.8037791255036
"cthm-11",8,2006,56.0283687943263,2,41.6526404091475
"cthm-11",8,2007,56.0283687943263,2,42.2178578004518
"cthm-11",8,2008,56.0283687943263,2,42.0750006575947
"cthm-11",8,2009,56.0283687943263,2,42.5035720861662
"cthm-11",8,2010,56.0283687943263,2,47.2137170137024
"cthm-11",8,2011,56.0283687943263,2,48.4994312994167
"cthm-11",8,2012,44.6808510638298,2,46.2299277533174
"cthm-11",8,2013,40.4255319148936,2,45.3788639235301
"cthm-11",8,2014,40.4255319148936,2,45.3788639235301
"cthm-11",8,2015,40.4255319148936,2,45.3788639235301
"cthm-11",8,2016,40.4255319148936,2,45.0890088510664
"cthm-11",8,2017,40.4255319148936,2,45.3747231367807
"cthm-11",8,2018,40.4255319148936,2,45.5175802796378
"cthm-11",8,2019,41.1347517730496,2,45.9451385369833
"cthm-11",8,2020,41.1347517730496,2,45.9451385369833
"cthm-11",8,2021,47.5177304964539,2,44.9360199959498
"cthm-11",8,2022,54.6099290780142,2,46.4993872484938
"cthm-11",8,2023,22.6950354609929,2,40.2592656679467
"cthm-11",8,2024,23.4042553191489,2,40.4011096395779
"cthm-11",8,2025,25.531914893617,2,40.8266415544715
"cthm-11",9,1999,42.8571428571428,2,47.8027364813581
"cthm-11",9,2000,42.8571428571428,2,47.8027364813581
"cthm-11",9,2001,42.8571428571428,2,47.8037791255036
"cthm-11",9,2002,40.7142857142857,2,47.3752076969322
"cthm-11",9,2003,41.4285714285715,2,47.5180648397893
"cthm-11",9,2004,30.7142857142858,2,40.0894934112179
"cthm-11",9,2005,35,2,40.8037791255036
"cthm-11",9,2006,40.7142857142857,2,41.6526404091475
"cthm-11",9,2007,44.9999999999999,2,42.2178578004518
"cthm-11",9,2008,43.5714285714286,2,42.0750006575947
"cthm-11",9,2009,43.5714285714286,2,42.5035720861662
"cthm-11",9,2010,47.8571428571429,2,47.2137170137024
"cthm-11",9,2011,52.8571428571429,2,48.4994312994167
"cthm-11",9,2012,52.8571428571429,2,46.2299277533174
"cthm-11",9,2013,52.8571428571429,2,45.3788639235301
"cthm-11",9,2014,52.8571428571429,2,45.3788639235301
"cthm-11",9,2015,52.8571428571429,2,45.3788639235301
"cthm-11",9,2016,52.8571428571429,2,45.0890088510664
"cthm-11",9,2017,54.2857142857143,2,45.3747231367807
"cthm-11",9,2018,55,2,45.5175802796378
"cthm-11",9,2019,56.4285714285715,2,45.9451385369833
"cthm-11",9,2020,56.4285714285715,2,45.9451385369833
"cthm-11",9,2021,57.1428571428572,2,44.9360199959498
"cthm-11",9,2022,57.1428571428572,2,46.4993872484938
"cthm-11",9,2023,57.8571428571429,2,40.2592656679467
"cthm-11",9,2024,57.8571428571429,2,40.4011096395779
"cthm-11",9,2025,57.8571428571429,2,40.8266415544715
"cthm-11",10,1999,23.7410071942447,2,47.8027364813581
"cthm-11",10,2000,23.7410071942447,2,47.8027364813581
"cthm-11",10,2001,23.0215827338129,2,47.8037791255036
"cthm-11",10,2002,23.0215827338129,2,47.3752076969322
"cthm-11",10,2003,23.0215827338129,2,47.5180648397893
"cthm-11",10,2004,23.0215827338129,2,40.0894934112179
"cthm-11",10,2005,23.0215827338129,2,40.8037791255036
"cthm-11",10,2006,23.0215827338129,2,41.6526404091475
"cthm-11",10,2007,23.0215827338129,2,42.2178578004518
"cthm-11",10,2008,23.0215827338129,2,42.0750006575947
"cthm-11",10,2009,23.0215827338129,2,42.5035720861662
"cthm-11",10,2010,23.0215827338129,2,47.2137170137024
"cthm-11",10,2011,23.0215827338129,2,48.4994312994167
"cthm-11",10,2012,23.0215827338129,2,46.2299277533174
"cthm-11",10,2013,23.0215827338129,2,45.3788639235301
"cthm-11",10,2014,23.0215827338129,2,45.3788639235301
"cthm-11",10,2015,23.0215827338129,2,45.3788639235301
"cthm-11",10,2016,23.0215827338129,2,45.0890088510664
"cthm-11",10,2017,23.0215827338129,2,45.3747231367807
"cthm-11",10,2018,23.0215827338129,2,45.5175802796378
"cthm-11",10,2019,23.0215827338129,2,45.9451385369833
"cthm-11",10,2020,23.0215827338129,2,45.9451385369833
"cthm-11",10,2021,23.0215827338129,2,44.9360199959498
"cthm-11",10,2022,23.0215827338129,2,46.4993872484938
"cthm-11",10,2023,23.0215827338129,2,40.2592656679467
"cthm-11",10,2024,23.0215827338129,2,40.4011096395779
"cthm-11",10,2025,23.0215827338129,2,40.8266415544715
"cthm-11",11,1999,55.2447552447553,3,71.7118968501947
"cthm-11",11,2000,55.2447552447553,3,71.7118968501947
"cthm-11",11,2001,55.2447552447553,3,73.2723913202637
"cthm-11",11,2002,54.5454545454546,3,75.5591181867778
"cthm-11",11,2003,54.5454545454546,3,76.2574889649358
"cthm-11",11,2004,54.5454545454546,3,76.8199259369472
"cthm-11",11,2005,54.5454545454546,3,76.9617699085784
"cthm-11",11,2006,54.5454545454546,3,77.2454578518408
"cthm-11",11,2007,54.5454545454546,3,77.2454578518408
"cthm-11",11,2008,54.5454545454546,3,76.6860172924003
"cthm-11",11,2009,55.2447552447553,3,74.7425440989271
"cthm-11",11,2010,54.5454545454546,3,66.9637950701781
"cthm-11",11,2011,53.8461538461539,3,66.8239349303179
"cthm-11",11,2012,53.8461538461539,3,67.1017127080957
"cthm-11",11,2013,53.8461538461539,3,66.9628238192068
"cthm-11",11,2014,53.8461538461539,3,62.935046041429
"cthm-11",11,2015,53.8461538461539,3,62.935046041429
"cthm-11",11,2016,53.8461538461539,3,63.2137950701781
"cthm-11",11,2017,53.8461538461539,3,63.7693506257336
"cthm-11",11,2018,53.8461538461539,3,66.2712931276761
"cthm-11",11,2019,54.5454545454546,3,67.2454578518408
"cthm-11",11,2020,54.5454545454546,3,63.6502197566027
"cthm-11",11,2021,54.5454545454546,3,66.0055033618863
"cthm-11",11,2022,54.5454545454546,3,67.1166144729974
"cthm-11",11,2023,54.5454545454546,3,69.8943922507752
"cthm-11",11,2024,54.5454545454546,3,70.8636593902551
"cthm-11",11,2025,54.5454545454546,3,72.1136593902551
"cthm-11",12,1999,86.013986013986,3,71.7118968501947
"cthm-11",12,2000,86.013986013986,3,71.7118968501947
"cthm-11",12,2001,85.3146853146853,3,73.2723913202637
"cthm-11",12,2002,84.6153846153846,3,75.5591181867778
"cthm-11",12,2003,85.3146853146853,3,76.2574889649358
"cthm-11",12,2004,86.013986013986,3,76.8199259369472
"cthm-11",12,2005,86.013986013986,3,76.9617699085784
"cthm-11",12,2006,86.013986013986,3,77.2454578518408
"cthm-11",12,2007,86.013986013986,3,77.2454578518408
"cthm-11",12,2008,83.2167832167832,3,76.6860172924003
"cthm-11",12,2009,83.2167832167832,3,74.7425440989271
"cthm-11",12,2010,83.2167832167832,3,66.9637950701781
"cthm-11",12,2011,83.2167832167832,3,66.8239349303179
"cthm-11",12,2012,83.2167832167832,3,67.1017127080957
"cthm-11",12,2013,83.2167832167832,3,66.9628238192068
"cthm-11",12,2014,83.2167832167832,3,62.935046041429
"cthm-11",12,2015,83.2167832167832,3,62.935046041429
"cthm-11",12,2016,83.9160839160839,3,63.2137950701781
"cthm-11",12,2017,83.9160839160839,3,63.7693506257336
"cthm-11",12,2018,85.3146853146853,3,66.2712931276761
"cthm-11",12,2019,86.013986013986,3,67.2454578518408
"cthm-11",12,2020,86.013986013986,3,63.6502197566027
"cthm-11",12,2021,81.8181818181819,3,66.0055033618863
"cthm-11",12,2022,81.8181818181819,3,67.1166144729974
"cthm-11",12,2023,81.8181818181819,3,69.8943922507752
"cthm-11",12,2024,81.8181818181819,3,70.8636593902551
"cthm-11",12,2025,81.8181818181819,3,72.1136593902551
"cthm-11",13,1999,72.3404255319149,3,71.7118968501947
"cthm-11",13,2000,72.3404255319149,3,71.7118968501947
"cthm-11",13,2001,73.7588652482269,3,73.2723913202637
"cthm-11",13,2002,74.468085106383,3,75.5591181867778
"cthm-11",13,2003,75.177304964539,3,76.2574889649358
"cthm-11",13,2004,76.595744680851,3,76.8199259369472
"cthm-11",13,2005,77.304964539007,3,76.9617699085784
"cthm-11",13,2006,78.7234042553191,3,77.2454578518408
"cthm-11",13,2007,78.7234042553191,3,77.2454578518408
"cthm-11",13,2008,78.7234042553191,3,76.6860172924003
"cthm-11",13,2009,78.7234042553191,3,74.7425440989271
"cthm-11",13,2010,78.7234042553191,3,66.9637950701781
"cthm-11",13,2011,78.7234042553191,3,66.8239349303179
"cthm-11",13,2012,78.7234042553191,3,67.1017127080957
"cthm-11",13,2013,78.7234042553191,3,66.9628238192068
"cthm-11",13,2014,78.7234042553191,3,62.935046041429
"cthm-11",13,2015,78.7234042553191,3,62.935046041429
"cthm-11",13,2016,78.7234042553191,3,63.2137950701781
"cthm-11",13,2017,78.7234042553191,3,63.7693506257336
"cthm-11",13,2018,78.7234042553191,3,66.2712931276761
"cthm-11",13,2019,78.7234042553191,3,67.2454578518408
"cthm-11",13,2020,78.7234042553191,3,63.6502197566027
"cthm-11",13,2021,78.7234042553191,3,66.0055033618863
"cthm-11",13,2022,78.7234042553191,3,67.1166144729974
"cthm-11",13,2023,78.7234042553191,3,69.8943922507752
"cthm-11",13,2024,78.0141843971631,3,70.8636593902551
"cthm-11",13,2025,78.0141843971631,3,72.1136593902551
"cthm-11",14,1999,76.3888888888889,3,71.7118968501947
"cthm-11",14,2000,76.3888888888889,3,71.7118968501947
"cthm-11",14,2001,78.4722222222222,3,73.2723913202637
"cthm-11",14,2002,79.1666666666666,3,75.5591181867778
"cthm-11",14,2003,81.25,3,76.2574889649358
"cthm-11",14,2004,81.9444444444444,3,76.8199259369472
"cthm-11",14,2005,81.9444444444444,3,76.9617699085784
"cthm-11",14,2006,81.9444444444444,3,77.2454578518408
"cthm-11",14,2007,81.9444444444444,3,77.2454578518408
"cthm-11",14,2008,81.9444444444444,3,76.6860172924003
"cthm-11",14,2009,71.5277777777778,3,74.7425440989271
"cthm-11",14,2010,33.3333333333333,3,66.9637950701781
"cthm-11",14,2011,33.3333333333333,3,66.8239349303179
"cthm-11",14,2012,34.7222222222222,3,67.1017127080957
"cthm-11",14,2013,34.0277777777778,3,66.9628238192068
"cthm-11",14,2014,13.8888888888889,3,62.935046041429
"cthm-11",14,2015,13.8888888888889,3,62.935046041429
"cthm-11",14,2016,14.5833333333334,3,63.2137950701781
"cthm-11",14,2017,17.3611111111111,3,63.7693506257336
"cthm-11",14,2018,28.4722222222222,3,66.2712931276761
"cthm-11",14,2019,31.9444444444445,3,67.2454578518408
"cthm-11",14,2020,36.1111111111111,3,63.6502197566027
"cthm-11",14,2021,52.0833333333333,3,66.0055033618863
"cthm-11",14,2022,57.6388888888888,3,67.1166144729974
"cthm-11",14,2023,71.5277777777778,3,69.8943922507752
"cthm-11",14,2024,77.0833333333333,3,70.8636593902551
"cthm-11",14,2025,83.3333333333333,3,72.1136593902551
"cthm-11",15,1999,68.5714285714286,3,71.7118968501947
"cthm-11",15,2000,68.5714285714286,3,71.7118968501947
"cthm-11",15,2001,73.5714285714286,3,73.2723913202637
"cthm-11",15,2002,85.0000000000001,3,75.5591181867778
"cthm-11",15,2003,85.0000000000001,3,76.2574889649358
"cthm-11",15,2004,85.0000000000001,3,76.8199259369472
"cthm-11",15,2005,85.0000000000001,3,76.9617699085784
"cthm-11",15,2006,85.0000000000001,3,77.2454578518408
"cthm-11",15,2007,85,3,77.2454578518408
"cthm-11",15,2008,85,3,76.6860172924003
"cthm-11",15,2009,85,3,74.7425440989271
"cthm-11",15,2010,85,3,66.9637950701781
"cthm-11",15,2011,85,3,66.8239349303179
"cthm-11",15,2012,85,3,67.1017127080957
"cthm-11",15,2013,85,3,66.9628238192068
"cthm-11",15,2014,85,3,62.935046041429
"cthm-11",15,2015,85,3,62.935046041429
"cthm-11",15,2016,85,3,63.2137950701781
"cthm-11",15,2017,85,3,63.7693506257336
"cthm-11",15,2018,85,3,66.2712931276761
"cthm-11",15,2019,85,3,67.2454578518408
"cthm-11",15,2020,62.8571428571428,3,63.6502197566027
"cthm-11",15,2021,62.8571428571428,3,66.0055033618863
"cthm-11",15,2022,62.8571428571428,3,67.1166144729974
"cthm-11",15,2023,62.8571428571428,3,69.8943922507752
"cthm-11",15,2024,62.8571428571428,3,70.8636593902551
"cthm-11",15,2025,62.8571428571428,3,72.1136593902551
"cthm-11",16,1999,65.4676258992806,4,62.6771865182626
"cthm-11",16,2000,65.4676258992806,4,62.6771865182626
"cthm-11",16,2001,63.3093525179856,4,62.2455318420036
"cthm-11",16,2002,63.3093525179856,4,62.2455318420036
"cthm-11",16,2003,63.3093525179856,4,62.2455318420036
"cthm-11",16,2004,63.3093525179856,4,62.1016469499173
"cthm-11",16,2005,62.5899280575539,4,61.9577620578309
"cthm-11",16,2006,62.5899280575539,4,61.9577620578309
"cthm-11",16,2007,62.5899280575539,4,61.9577620578309
"cthm-11",16,2008,64.0287769784172,4,62.2455318420036
"cthm-11",16,2009,64.7482014388489,4,62.3894167340899
"cthm-11",16,2010,64.7482014388489,4,62.1037024483756
"cthm-11",16,2011,64.7482014388489,4,61.9608453055185
"cthm-11",16,2012,63.3093525179856,4,61.5302183784887
"cthm-11",16,2013,63.3093525179856,4,61.6730755213458
"cthm-11",16,2014,63.3093525179856,4,61.815932664203
"cthm-11",16,2015,63.3093525179856,4,62.1016469499172
"cthm-11",16,2016,63.3093525179856,4,61.3822224894856
"cthm-11",16,2017,62.5899280575539,4,58.7922944319316
"cthm-11",16,2018,61.8705035971223,4,58.3606397556726
"cthm-11",16,2019,62.5899280575539,4,58.504524647759
"cthm-11",16,2020,61.1510791366907,4,58.3606397556726
"cthm-11",16,2021,60.4316546762591,4,58.2167548635863
"cthm-11",16,2022,60.431654676259,4,58.2167548635863
"cthm-11",16,2023,60.431654676259,4,58.2167548635863
"cthm-11",16,2024,61.1510791366907,4,58.3606397556726
"cthm-11",16,2025,60.431654676259,4,58.3606397556726
"cthm-11",17,1999,66.1870503597122,4,62.6771865182626
"cthm-11",17,2000,66.1870503597122,4,62.6771865182626
"cthm-11",17,2001,66.1870503597122,4,62.2455318420036
"cthm-11",17,2002,66.1870503597122,4,62.2455318420036
"cthm-11",17,2003,66.1870503597122,4,62.2455318420036
"cthm-11",17,2004,65.4676258992806,4,62.1016469499173
"cthm-11",17,2005,65.4676258992806,4,61.9577620578309
"cthm-11",17,2006,65.4676258992806,4,61.9577620578309
"cthm-11",17,2007,65.4676258992806,4,61.9577620578309
"cthm-11",17,2008,65.4676258992806,4,62.2455318420036
"cthm-11",17,2009,65.4676258992806,4,62.3894167340899
"cthm-11",17,2010,65.4676258992806,4,62.1037024483756
"cthm-11",17,2011,65.4676258992806,4,61.9608453055185
"cthm-11",17,2012,65.4676258992806,4,61.5302183784887
"cthm-11",17,2013,65.4676258992806,4,61.6730755213458
"cthm-11",17,2014,65.4676258992806,4,61.815932664203
"cthm-11",17,2015,65.4676258992806,4,62.1016469499172
"cthm-11",17,2016,61.8705035971223,4,61.3822224894856
"cthm-11",17,2017,49.6402877697842,4,58.7922944319316
"cthm-11",17,2018,48.2014388489209,4,58.3606397556726
"cthm-11",17,2019,48.2014388489209,4,58.504524647759
"cthm-11",17,2020,48.9208633093525,4,58.3606397556726
"cthm-11",17,2021,48.9208633093525,4,58.2167548635863
"cthm-11",17,2022,48.9208633093525,4,58.2167548635863
"cthm-11",17,2023,48.9208633093525,4,58.2167548635863
"cthm-11",17,2024,48.9208633093525,4,58.3606397556726
"cthm-11",17,2025,49.6402877697842,4,58.3606397556726
"cthm-11",18,1999,72.9166666666666,4,62.6771865182626
"cthm-11",18,2000,72.9166666666666,4,62.6771865182626
"cthm-11",18,2001,72.9166666666666,4,62.2455318420036
"cthm-11",18,2002,72.9166666666666,4,62.2455318420036
"cthm-11",18,2003,72.9166666666666,4,62.2455318420036
"cthm-11",18,2004,72.9166666666666,4,62.1016469499173
"cthm-11",18,2005,72.9166666666666,4,61.9577620578309
"cthm-11",18,2006,72.9166666666666,4,61.9577620578309
"cthm-11",18,2007,72.9166666666666,4,61.9577620578309
"cthm-11",18,2008,72.9166666666666,4,62.2455318420036
"cthm-11",18,2009,72.9166666666666,4,62.3894167340899
"cthm-11",18,2010,72.9166666666666,4,62.1037024483756
"cthm-11",18,2011,72.9166666666666,4,61.9608453055185
"cthm-11",18,2012,72.9166666666666,4,61.5302183784887
"cthm-11",18,2013,72.9166666666666,4,61.6730755213458
"cthm-11",18,2014,72.9166666666666,4,61.815932664203
"cthm-11",18,2015,72.9166666666666,4,62.1016469499172
"cthm-11",18,2016,72.9166666666666,4,61.3822224894856
"cthm-11",18,2017,72.9166666666666,4,58.7922944319316
"cthm-11",18,2018,72.9166666666666,4,58.3606397556726
"cthm-11",18,2019,72.9166666666666,4,58.504524647759
"cthm-11",18,2020,72.9166666666666,4,58.3606397556726
"cthm-11",18,2021,72.9166666666666,4,58.2167548635863
"cthm-11",18,2022,72.9166666666666,4,58.2167548635863
"cthm-11",18,2023,72.9166666666666,4,58.2167548635863
"cthm-11",18,2024,72.9166666666666,4,58.3606397556726
"cthm-11",18,2025,72.9166666666666,4,58.3606397556726
"cthm-11",19,1999,65.9574468085106,4,62.6771865182626
"cthm-11",19,2000,65.9574468085106,4,62.6771865182626
"cthm-11",19,2001,65.9574468085106,4,62.2455318420036
"cthm-11",19,2002,65.9574468085106,4,62.2455318420036
"cthm-11",19,2003,65.9574468085106,4,62.2455318420036
"cthm-11",19,2004,65.9574468085106,4,62.1016469499173
"cthm-11",19,2005,65.9574468085106,4,61.9577620578309
"cthm-11",19,2006,65.9574468085106,4,61.9577620578309
"cthm-11",19,2007,65.9574468085106,4,61.9577620578309
"cthm-11",19,2008,65.9574468085106,4,62.2455318420036
"cthm-11",19,2009,65.9574468085106,4,62.3894167340899
"cthm-11",19,2010,65.9574468085106,4,62.1037024483756
"cthm-11",19,2011,65.9574468085106,4,61.9608453055185
"cthm-11",19,2012,65.9574468085106,4,61.5302183784887
"cthm-11",19,2013,65.9574468085106,4,61.6730755213458
"cthm-11",19,2014,65.9574468085106,4,61.815932664203
"cthm-11",19,2015,65.9574468085106,4,62.1016469499172
"cthm-11",19,2016,65.9574468085106,4,61.3822224894856
"cthm-11",19,2017,65.9574468085106,4,58.7922944319316
"cthm-11",19,2018,65.9574468085106,4,58.3606397556726
"cthm-11",19,2019,65.9574468085106,4,58.504524647759
"cthm-11",19,2020,65.9574468085106,4,58.3606397556726
"cthm-11",19,2021,65.9574468085106,4,58.2167548635863
"cthm-11",19,2022,65.9574468085106,4,58.2167548635863
"cthm-11",19,2023,65.9574468085106,4,58.2167548635863
"cthm-11",19,2024,65.9574468085106,4,58.3606397556726
"cthm-11",19,2025,65.9574468085106,4,58.3606397556726
"cthm-11",20,1999,42.8571428571428,4,62.6771865182626
"cthm-11",20,2000,42.8571428571429,4,62.6771865182626
"cthm-11",20,2001,42.8571428571429,4,62.2455318420036
"cthm-11",20,2002,42.8571428571429,4,62.2455318420036
"cthm-11",20,2003,42.8571428571429,4,62.2455318420036
"cthm-11",20,2004,42.8571428571429,4,62.1016469499173
"cthm-11",20,2005,42.8571428571429,4,61.9577620578309
"cthm-11",20,2006,42.8571428571429,4,61.9577620578309
"cthm-11",20,2007,42.8571428571429,4,61.9577620578309
"cthm-11",20,2008,42.8571428571428,4,62.2455318420036
"cthm-11",20,2009,42.8571428571429,4,62.3894167340899
"cthm-11",20,2010,41.4285714285714,4,62.1037024483756
"cthm-11",20,2011,40.7142857142857,4,61.9608453055185
"cthm-11",20,2012,40,4,61.5302183784887
"cthm-11",20,2013,40.7142857142857,4,61.6730755213458
"cthm-11",20,2014,41.4285714285714,4,61.815932664203
"cthm-11",20,2015,42.8571428571428,4,62.1016469499172
"cthm-11",20,2016,42.8571428571428,4,61.3822224894856
"cthm-11",20,2017,42.8571428571428,4,58.7922944319316
"cthm-11",20,2018,42.8571428571428,4,58.3606397556726
"cthm-11",20,2019,42.8571428571428,4,58.504524647759
"cthm-11",20,2020,42.8571428571428,4,58.3606397556726
"cthm-11",20,2021,42.8571428571428,4,58.2167548635863
"cthm-11",20,2022,42.8571428571428,4,58.2167548635863
"cthm-11",20,2023,42.8571428571428,4,58.2167548635863
"cthm-11",20,2024,42.8571428571428,4,58.3606397556726
"cthm-11",20,2025,42.8571428571428,4,58.3606397556726
"cthm-12",1,1999,21.0144927536232,1,40.927084419421
"cthm-12",1,2000,21.0144927536232,1,40.927084419421
"cthm-12",1,2001,21.0144927536232,1,40.7831995273347
"cthm-12",1,2002,21.0144927536232,1,40.927084419421
"cthm-12",1,2003,21.0144927536232,1,39.200465714385
"cthm-12",1,2004,21.0144927536232,1,39.3393546032739
"cthm-12",1,2005,21.0144927536232,1,39.4842821395058
"cthm-12",1,2006,21.0144927536232,1,39.3383119591283
"cthm-12",1,2007,20.2898550724638,1,35.4815278212213
"cthm-12",1,2008,20.2898550724638,1,36.9360164042679
"cthm-12",1,2009,20.2898550724638,1,38.0943940499774
"cthm-12",1,2010,20.2898550724638,1,40.4080214089598
"cthm-12",1,2011,20.2898550724638,1,40.2672644493101
"cthm-12",1,2012,20.2898550724638,1,40.2622684461127
"cthm-12",1,2013,20.2898550724638,1,41.4133475828033
"cthm-12",1,2014,20.2898550724638,1,41.4533156083829
"cthm-12",1,2015,15.9420289855072,1,41.0154050672506
"cthm-12",1,2016,15.9420289855072,1,42.1664842039412
"cthm-12",1,2017,15.9420289855072,1,43.3175633406318
"cthm-12",1,2018,15.9420289855072,1,43.4614482327182
"cthm-12",1,2019,15.9420289855072,1,43.4614482327182
"cthm-12",1,2020,15.9420289855072,1,40.1281148993848
"cthm-12",1,2021,15.9420289855072,1,40.9664442359156
"cthm-12",1,2022,15.9420289855072,1,41.66088868036
"cthm-12",1,2023,15.9420289855072,1,41.66088868036
"cthm-12",1,2024,15.9420289855072,1,41.7997775692489
"cthm-12",1,2025,15.9420289855072,1,42.6331109025823
"cthm-12",2,1999,80.5555555555556,1,40.927084419421
"cthm-12",2,2000,80.5555555555556,1,40.927084419421
"cthm-12",2,2001,80.5555555555556,1,40.7831995273347
"cthm-12",2,2002,80.5555555555556,1,40.927084419421
"cthm-12",2,2003,80.5555555555556,1,39.200465714385
"cthm-12",2,2004,81.25,1,39.3393546032739
"cthm-12",2,2005,81.25,1,39.4842821395058
"cthm-12",2,2006,81.25,1,39.3383119591283
"cthm-12",2,2007,77.7777777777778,1,35.4815278212213
"cthm-12",2,2008,77.7777777777778,1,36.9360164042679
"cthm-12",2,2009,77.7777777777778,1,38.0943940499774
"cthm-12",2,2010,77.7777777777778,1,40.4080214089598
"cthm-12",2,2011,77.7777777777778,1,40.2672644493101
"cthm-12",2,2012,78.4722222222222,1,40.2622684461127
"cthm-12",2,2013,78.4722222222222,1,41.4133475828033
"cthm-12",2,2014,72.9166666666667,1,41.4533156083829
"cthm-12",2,2015,72.9166666666667,1,41.0154050672506
"cthm-12",2,2016,72.9166666666667,1,42.1664842039412
"cthm-12",2,2017,72.9166666666667,1,43.3175633406318
"cthm-12",2,2018,72.9166666666667,1,43.4614482327182
"cthm-12",2,2019,72.9166666666667,1,43.4614482327182
"cthm-12",2,2020,56.25,1,40.1281148993848
"cthm-12",2,2021,59.7222222222222,1,40.9664442359156
"cthm-12",2,2022,63.1944444444444,1,41.66088868036
"cthm-12",2,2023,63.1944444444444,1,41.66088868036
"cthm-12",2,2024,63.8888888888889,1,41.7997775692489
"cthm-12",2,2025,68.0555555555555,1,42.6331109025823
"cthm-12",3,1999,32.3741007194245,1,40.927084419421
"cthm-12",3,2000,32.3741007194245,1,40.927084419421
"cthm-12",3,2001,32.3741007194245,1,40.7831995273347
"cthm-12",3,2002,32.3741007194245,1,40.927084419421
"cthm-12",3,2003,23.7410071942446,1,39.200465714385
"cthm-12",3,2004,23.7410071942446,1,39.3393546032739
"cthm-12",3,2005,23.7410071942446,1,39.4842821395058
"cthm-12",3,2006,24.4604316546762,1,39.3383119591283
"cthm-12",3,2007,25.8992805755396,1,35.4815278212213
"cthm-12",3,2008,26.6187050359713,1,36.9360164042679
"cthm-12",3,2009,28.0575539568346,1,38.0943940499774
"cthm-12",3,2010,28.7769784172662,1,40.4080214089598
"cthm-12",3,2011,23.7410071942446,1,40.2672644493101
"cthm-12",3,2012,22.3021582733813,1,40.2622684461127
"cthm-12",3,2013,23.7410071942446,1,41.4133475828033
"cthm-12",3,2014,23.7410071942446,1,41.4533156083829
"cthm-12",3,2015,23.021582733813,1,41.0154050672506
"cthm-12",3,2016,26.6187050359712,1,42.1664842039412
"cthm-12",3,2017,30.9352517985611,1,43.3175633406318
"cthm-12",3,2018,31.6546762589928,1,43.4614482327182
"cthm-12",3,2019,31.6546762589928,1,43.4614482327182
"cthm-12",3,2020,31.6546762589928,1,40.1281148993848
"cthm-12",3,2021,32.3741007194244,1,40.9664442359156
"cthm-12",3,2022,32.3741007194244,1,41.66088868036
"cthm-12",3,2023,32.3741007194244,1,41.66088868036
"cthm-12",3,2024,32.3741007194244,1,41.7997775692489
"cthm-12",3,2025,32.3741007194244,1,42.6331109025823
"cthm-12",4,1999,44.6043165467626,1,40.927084419421
"cthm-12",4,2000,44.6043165467626,1,40.927084419421
"cthm-12",4,2001,43.8848920863309,1,40.7831995273347
"cthm-12",4,2002,44.6043165467626,1,40.927084419421
"cthm-12",4,2003,44.6043165467626,1,39.200465714385
"cthm-12",4,2004,44.6043165467626,1,39.3393546032739
"cthm-12",4,2005,44.6043165467626,1,39.4842821395058
"cthm-12",4,2006,44.6043165467626,1,39.3383119591283
"cthm-12",4,2007,25.1798561151079,1,35.4815278212213
"cthm-12",4,2008,20.863309352518,1,36.9360164042679
"cthm-12",4,2009,20.1438848920863,1,38.0943940499774
"cthm-12",4,2010,23.0215827338129,1,40.4080214089598
"cthm-12",4,2011,25.1798561151079,1,40.2672644493101
"cthm-12",4,2012,25.8992805755396,1,40.2622684461127
"cthm-12",4,2013,30.2158273381294,1,41.4133475828033
"cthm-12",4,2014,35.9712230215828,1,41.4533156083829
"cthm-12",4,2015,38.8489208633094,1,41.0154050672506
"cthm-12",4,2016,41.0071942446043,1,42.1664842039412
"cthm-12",4,2017,42.4460431654677,1,43.3175633406318
"cthm-12",4,2018,42.4460431654677,1,43.4614482327182
"cthm-12",4,2019,42.4460431654677,1,43.4614482327182
"cthm-12",4,2020,42.4460431654677,1,40.1281148993848
"cthm-12",4,2021,42.4460431654677,1,40.9664442359156
"cthm-12",4,2022,42.4460431654676,1,41.66088868036
"cthm-12",4,2023,42.4460431654676,1,41.66088868036
"cthm-12",4,2024,42.4460431654676,1,41.7997775692489
"cthm-12",4,2025,42.4460431654676,1,42.6331109025823
"cthm-12",5,1999,26.0869565217391,1,40.927084419421
"cthm-12",5,2000,26.0869565217391,1,40.927084419421
"cthm-12",5,2001,26.0869565217391,1,40.7831995273347
"cthm-12",5,2002,26.0869565217391,1,40.927084419421
"cthm-12",5,2003,26.0869565217391,1,39.200465714385
"cthm-12",5,2004,26.0869565217391,1,39.3393546032739
"cthm-12",5,2005,26.8115942028985,1,39.4842821395058
"cthm-12",5,2006,25.3623188405797,1,39.3383119591283
"cthm-12",5,2007,28.2608695652174,1,35.4815278212213
"cthm-12",5,2008,39.1304347826087,1,36.9360164042679
"cthm-12",5,2009,44.2028985507247,1,38.0943940499774
"cthm-12",5,2010,52.1739130434783,1,40.4080214089598
"cthm-12",5,2011,54.3478260869565,1,40.2672644493101
"cthm-12",5,2012,54.3478260869565,1,40.2622684461127
"cthm-12",5,2013,54.3478260869565,1,41.4133475828033
"cthm-12",5,2014,54.3478260869565,1,41.4533156083829
"cthm-12",5,2015,54.3478260869565,1,41.0154050672506
"cthm-12",5,2016,54.3478260869565,1,42.1664842039412
"cthm-12",5,2017,54.3478260869565,1,43.3175633406318
"cthm-12",5,2018,54.3478260869565,1,43.4614482327182
"cthm-12",5,2019,54.3478260869565,1,43.4614482327182
"cthm-12",5,2020,54.3478260869565,1,40.1281148993848
"cthm-12",5,2021,54.3478260869565,1,40.9664442359156
"cthm-12",5,2022,54.3478260869565,1,41.66088868036
"cthm-12",5,2023,54.3478260869565,1,41.66088868036
"cthm-12",5,2024,54.3478260869565,1,41.7997775692489
"cthm-12",5,2025,54.3478260869565,1,42.6331109025823
"cthm-12",6,1999,51.77304964539,2,26.4678441392605
"cthm-12",6,2000,51.77304964539,2,25.1622583857791
"cthm-12",6,2001,51.77304964539,2,25.1622583857791
"cthm-12",6,2002,43.9716312056738,2,23.6019746978359
"cthm-12",6,2003,43.9716312056738,2,23.6019746978359
"cthm-12",6,2004,43.9716312056738,2,23.6019746978359
"cthm-12",6,2005,43.9716312056738,2,25.2078141138943
"cthm-12",6,2006,43.9716312056738,2,26.0837265226534
"cthm-12",6,2007,43.9716312056738,2,25.8029936621333
"cthm-12",6,2008,43.9716312056738,2,24.9696603288
"cthm-12",6,2009,43.9716312056738,2,24.9696603288
"cthm-12",6,2010,43.9716312056738,2,24.9696603288
"cthm-12",6,2011,43.9716312056738,2,24.9696603288
"cthm-12",6,2012,43.9716312056738,2,24.9696603288
"cthm-12",6,2013,43.9716312056738,2,24.9696603288
"cthm-12",6,2014,34.0425531914894,2,22.9838447259631
"cthm-12",6,2015,33.3333333333333,2,22.8420007543319
"cthm-12",6,2016,33.3333333333333,2,22.9879861557917
"cthm-12",6,2017,33.3333333333333,2,22.9879861557917
"cthm-12",6,2018,33.3333333333333,2,22.9879861557917
"cthm-12",6,2019,33.3333333333333,2,22.9879861557917
"cthm-12",6,2020,33.3333333333333,2,22.9879861557917
"cthm-12",6,2021,33.3333333333333,2,22.9879861557917
"cthm-12",6,2022,35.4609929078014,2,23.2746291817965
"cthm-12",6,2023,41.8439716312057,2,24.5512249264773
"cthm-12",6,2024,41.8439716312057,2,24.5512249264773
"cthm-12",6,2025,41.8439716312057,2,24.5512249264773
"cthm-12",7,1999,14.2857142857143,2,26.4678441392605
"cthm-12",7,2000,14.2857142857143,2,25.1622583857791
"cthm-12",7,2001,14.2857142857143,2,25.1622583857791
"cthm-12",7,2002,14.2857142857143,2,23.6019746978359
"cthm-12",7,2003,14.2857142857143,2,23.6019746978359
"cthm-12",7,2004,14.2857142857143,2,23.6019746978359
"cthm-12",7,2005,14.2857142857143,2,25.2078141138943
"cthm-12",7,2006,14.2857142857143,2,26.0837265226534
"cthm-12",7,2007,14.2857142857143,2,25.8029936621333
"cthm-12",7,2008,14.2857142857143,2,24.9696603288
"cthm-12",7,2009,14.2857142857143,2,24.9696603288
"cthm-12",7,2010,14.2857142857143,2,24.9696603288
"cthm-12",7,2011,14.2857142857143,2,24.9696603288
"cthm-12",7,2012,14.2857142857143,2,24.9696603288
"cthm-12",7,2013,14.2857142857143,2,24.9696603288
"cthm-12",7,2014,14.2857142857143,2,22.9838447259631
"cthm-12",7,2015,14.2857142857143,2,22.8420007543319
"cthm-12",7,2016,14.2857142857143,2,22.9879861557917
"cthm-12",7,2017,14.2857142857143,2,22.9879861557917
"cthm-12",7,2018,14.2857142857143,2,22.9879861557917
"cthm-12",7,2019,14.2857142857143,2,22.9879861557917
"cthm-12",7,2020,14.2857142857143,2,22.9879861557917
"cthm-12",7,2021,14.2857142857143,2,22.9879861557917
"cthm-12",7,2022,14.2857142857143,2,23.2746291817965
"cthm-12",7,2023,14.2857142857143,2,24.5512249264773
"cthm-12",7,2024,14.2857142857143,2,24.5512249264773
"cthm-12",7,2025,14.2857142857143,2,24.5512249264773
"cthm-12",8,1999,25.6944444444444,2,26.4678441392605
"cthm-12",8,2000,25.6944444444444,2,25.1622583857791
"cthm-12",8,2001,25.6944444444445,2,25.1622583857791
"cthm-12",8,2002,25.6944444444445,2,23.6019746978359
"cthm-12",8,2003,25.6944444444445,2,23.6019746978359
"cthm-12",8,2004,25.6944444444445,2,23.6019746978359
"cthm-12",8,2005,25.6944444444445,2,25.2078141138943
"cthm-12",8,2006,25.6944444444445,2,26.0837265226534
"cthm-12",8,2007,25,2,25.8029936621333
"cthm-12",8,2008,20.8333333333333,2,24.9696603288
"cthm-12",8,2009,20.8333333333333,2,24.9696603288
"cthm-12",8,2010,20.8333333333333,2,24.9696603288
"cthm-12",8,2011,20.8333333333333,2,24.9696603288
"cthm-12",8,2012,20.8333333333333,2,24.9696603288
"cthm-12",8,2013,20.8333333333333,2,24.9696603288
"cthm-12",8,2014,20.8333333333333,2,22.9838447259631
"cthm-12",8,2015,20.8333333333333,2,22.8420007543319
"cthm-12",8,2016,20.8333333333333,2,22.9879861557917
"cthm-12",8,2017,20.8333333333333,2,22.9879861557917
"cthm-12",8,2018,20.8333333333333,2,22.9879861557917
"cthm-12",8,2019,20.8333333333333,2,22.9879861557917
"cthm-12",8,2020,20.8333333333333,2,22.9879861557917
"cthm-12",8,2021,20.8333333333333,2,22.9879861557917
"cthm-12",8,2022,20.1388888888889,2,23.2746291817965
"cthm-12",8,2023,20.1388888888889,2,24.5512249264773
"cthm-12",8,2024,20.1388888888889,2,24.5512249264773
"cthm-12",8,2025,20.1388888888889,2,24.5512249264773
"cthm-12",9,1999,9.9290780141844,2,26.4678441392605
"cthm-12",9,2000,8.51063829787234,2,25.1622583857791
"cthm-12",9,2001,8.51063829787234,2,25.1622583857791
"cthm-12",9,2002,8.51063829787234,2,23.6019746978359
"cthm-12",9,2003,8.51063829787234,2,23.6019746978359
"cthm-12",9,2004,8.51063829787234,2,23.6019746978359
"cthm-12",9,2005,8.51063829787234,2,25.2078141138943
"cthm-12",9,2006,8.51063829787234,2,26.0837265226534
"cthm-12",9,2007,7.80141843971631,2,25.8029936621333
"cthm-12",9,2008,7.80141843971631,2,24.9696603288
"cthm-12",9,2009,7.80141843971631,2,24.9696603288
"cthm-12",9,2010,7.80141843971631,2,24.9696603288
"cthm-12",9,2011,7.80141843971631,2,24.9696603288
"cthm-12",9,2012,7.80141843971631,2,24.9696603288
"cthm-12",9,2013,7.80141843971631,2,24.9696603288
"cthm-12",9,2014,7.80141843971631,2,22.9838447259631
"cthm-12",9,2015,7.80141843971631,2,22.8420007543319
"cthm-12",9,2016,7.80141843971631,2,22.9879861557917
"cthm-12",9,2017,7.80141843971631,2,22.9879861557917
"cthm-12",9,2018,7.80141843971631,2,22.9879861557917
"cthm-12",9,2019,7.80141843971631,2,22.9879861557917
"cthm-12",9,2020,7.80141843971631,2,22.9879861557917
"cthm-12",9,2021,7.80141843971631,2,22.9879861557917
"cthm-12",9,2022,7.80141843971631,2,23.2746291817965
"cthm-12",9,2023,7.80141843971631,2,24.5512249264773
"cthm-12",9,2024,7.80141843971631,2,24.5512249264773
"cthm-12",9,2025,7.80141843971631,2,24.5512249264773
"cthm-12",10,1999,30.6569343065694,2,26.4678441392605
"cthm-12",10,2000,25.5474452554745,2,25.1622583857791
"cthm-12",10,2001,25.5474452554745,2,25.1622583857791
"cthm-12",10,2002,25.5474452554745,2,23.6019746978359
"cthm-12",10,2003,25.5474452554745,2,23.6019746978359
"cthm-12",10,2004,25.5474452554745,2,23.6019746978359
"cthm-12",10,2005,33.5766423357664,2,25.2078141138943
"cthm-12",10,2006,37.956204379562,2,26.0837265226534
"cthm-12",10,2007,37.956204379562,2,25.8029936621333
"cthm-12",10,2008,37.956204379562,2,24.9696603288
"cthm-12",10,2009,37.956204379562,2,24.9696603288
"cthm-12",10,2010,37.956204379562,2,24.9696603288
"cthm-12",10,2011,37.956204379562,2,24.9696603288
"cthm-12",10,2012,37.956204379562,2,24.9696603288
"cthm-12",10,2013,37.956204379562,2,24.9696603288
"cthm-12",10,2014,37.956204379562,2,22.9838447259631
"cthm-12",10,2015,37.956204379562,2,22.8420007543319
"cthm-12",10,2016,38.6861313868613,2,22.9879861557917
"cthm-12",10,2017,38.6861313868613,2,22.9879861557917
"cthm-12",10,2018,38.6861313868613,2,22.9879861557917
"cthm-12",10,2019,38.6861313868613,2,22.9879861557917
"cthm-12",10,2020,38.6861313868613,2,22.9879861557917
"cthm-12",10,2021,38.6861313868613,2,22.9879861557917
"cthm-12",10,2022,38.6861313868613,2,23.2746291817965
"cthm-12",10,2023,38.6861313868613,2,24.5512249264773
"cthm-12",10,2024,38.6861313868613,2,24.5512249264773
"cthm-12",10,2025,38.6861313868613,2,24.5512249264773
"cthm-12",11,1999,63.3093525179856,3,51.5416238437821
"cthm-12",11,2000,63.3093525179856,3,51.5416238437821
"cthm-12",11,2001,63.3093525179856,3,51.3630524152107
"cthm-12",11,2002,63.3093525179856,3,51.3630524152107
"cthm-12",11,2003,63.3093525179856,3,51.3630524152107
"cthm-12",11,2004,63.3093525179856,3,51.3630524152107
"cthm-12",11,2005,63.3093525179856,3,51.3630524152107
"cthm-12",11,2006,63.3093525179856,3,51.3630524152107
"cthm-12",11,2007,62.5899280575539,3,51.1831963001028
"cthm-12",11,2008,62.5899280575539,3,51.0046248715313
"cthm-12",11,2009,62.5899280575539,3,51.0046248715313
"cthm-12",11,2010,62.5899280575539,3,51.0046248715313
"cthm-12",11,2011,62.5899280575539,3,51.0046248715313
"cthm-12",11,2012,62.5899280575539,3,51.0046248715313
"cthm-12",11,2013,62.5899280575539,3,51.0046248715313
"cthm-12",11,2014,62.5899280575539,3,51.0046248715313
"cthm-12",11,2015,62.5899280575539,3,51.0046248715313
"cthm-12",11,2016,62.5899280575539,3,51.0046248715313
"cthm-12",11,2017,62.5899280575539,3,51.0046248715313
"cthm-12",11,2018,62.5899280575539,3,51.0046248715313
"cthm-12",11,2019,62.5899280575539,3,46.1831963001028
"cthm-12",11,2020,62.5899280575539,3,46.0046248715313
"cthm-12",11,2021,62.5899280575539,3,46.0046248715313
"cthm-12",11,2022,62.5899280575539,3,46.1831963001028
"cthm-12",11,2023,52.5179856115108,3,43.665210688592
"cthm-12",11,2024,53.2374100719425,3,43.8450668036999
"cthm-12",11,2025,53.2374100719425,3,43.8450668036999
"cthm-12",13,1999,24.2857142857143,3,51.5416238437821
"cthm-12",13,2000,24.2857142857143,3,51.5416238437821
"cthm-12",13,2001,24.2857142857143,3,51.3630524152107
"cthm-12",13,2002,23.5714285714285,3,51.3630524152107
"cthm-12",13,2003,23.5714285714285,3,51.3630524152107
"cthm-12",13,2004,23.5714285714285,3,51.3630524152107
"cthm-12",13,2005,23.5714285714285,3,51.3630524152107
"cthm-12",13,2006,23.5714285714285,3,51.3630524152107
"cthm-12",13,2007,23.5714285714285,3,51.1831963001028
"cthm-12",13,2008,22.8571428571428,3,51.0046248715313
"cthm-12",13,2009,22.8571428571428,3,51.0046248715313
"cthm-12",13,2010,22.8571428571428,3,51.0046248715313
"cthm-12",13,2011,22.8571428571428,3,51.0046248715313
"cthm-12",13,2012,22.8571428571428,3,51.0046248715313
"cthm-12",13,2013,22.8571428571428,3,51.0046248715313
"cthm-12",13,2014,22.8571428571428,3,51.0046248715313
"cthm-12",13,2015,22.8571428571428,3,51.0046248715313
"cthm-12",13,2016,22.8571428571428,3,51.0046248715313
"cthm-12",13,2017,22.8571428571428,3,51.0046248715313
"cthm-12",13,2018,22.8571428571428,3,51.0046248715313
"cthm-12",13,2019,3.57142857142857,3,46.1831963001028
"cthm-12",13,2020,2.85714285714285,3,46.0046248715313
"cthm-12",13,2021,2.85714285714285,3,46.0046248715313
"cthm-12",13,2022,3.57142857142857,3,46.1831963001028
"cthm-12",13,2023,3.57142857142857,3,43.665210688592
"cthm-12",13,2024,3.57142857142857,3,43.8450668036999
"cthm-12",13,2025,3.57142857142857,3,43.8450668036999
"cthm-12",14,1999,84.9999999999999,3,51.5416238437821
"cthm-12",14,2000,84.9999999999999,3,51.5416238437821
"cthm-12",14,2001,84.2857142857142,3,51.3630524152107
"cthm-12",14,2002,84.2857142857142,3,51.3630524152107
"cthm-12",14,2003,84.2857142857143,3,51.3630524152107
"cthm-12",14,2004,84.2857142857143,3,51.3630524152107
"cthm-12",14,2005,84.2857142857143,3,51.3630524152107
"cthm-12",14,2006,84.2857142857143,3,51.3630524152107
"cthm-12",14,2007,84.2857142857143,3,51.1831963001028
"cthm-12",14,2008,84.2857142857143,3,51.0046248715313
"cthm-12",14,2009,84.2857142857143,3,51.0046248715313
"cthm-12",14,2010,84.2857142857143,3,51.0046248715313
"cthm-12",14,2011,84.2857142857143,3,51.0046248715313
"cthm-12",14,2012,84.2857142857143,3,51.0046248715313
"cthm-12",14,2013,84.2857142857143,3,51.0046248715313
"cthm-12",14,2014,84.2857142857143,3,51.0046248715313
"cthm-12",14,2015,84.2857142857143,3,51.0046248715313
"cthm-12",14,2016,84.2857142857143,3,51.0046248715313
"cthm-12",14,2017,84.2857142857143,3,51.0046248715313
"cthm-12",14,2018,84.2857142857143,3,51.0046248715313
"cthm-12",14,2019,84.2857142857143,3,46.1831963001028
"cthm-12",14,2020,84.2857142857143,3,46.0046248715313
"cthm-12",14,2021,84.2857142857143,3,46.0046248715313
"cthm-12",14,2022,84.2857142857143,3,46.1831963001028
"cthm-12",14,2023,84.2857142857143,3,43.665210688592
"cthm-12",14,2024,84.2857142857143,3,43.8450668036999
"cthm-12",14,2025,84.2857142857143,3,43.8450668036999
"cthm-12",15,1999,33.5714285714286,3,51.5416238437821
"cthm-12",15,2000,33.5714285714286,3,51.5416238437821
"cthm-12",15,2001,33.5714285714286,3,51.3630524152107
"cthm-12",15,2002,34.2857142857143,3,51.3630524152107
"cthm-12",15,2003,34.2857142857143,3,51.3630524152107
"cthm-12",15,2004,34.2857142857143,3,51.3630524152107
"cthm-12",15,2005,34.2857142857143,3,51.3630524152107
"cthm-12",15,2006,34.2857142857143,3,51.3630524152107
"cthm-12",15,2007,34.2857142857143,3,51.1831963001028
"cthm-12",15,2008,34.2857142857143,3,51.0046248715313
"cthm-12",15,2009,34.2857142857143,3,51.0046248715313
"cthm-12",15,2010,34.2857142857143,3,51.0046248715313
"cthm-12",15,2011,34.2857142857143,3,51.0046248715313
"cthm-12",15,2012,34.2857142857143,3,51.0046248715313
"cthm-12",15,2013,34.2857142857143,3,51.0046248715313
"cthm-12",15,2014,34.2857142857143,3,51.0046248715313
"cthm-12",15,2015,34.2857142857143,3,51.0046248715313
"cthm-12",15,2016,34.2857142857143,3,51.0046248715313
"cthm-12",15,2017,34.2857142857143,3,51.0046248715313
"cthm-12",15,2018,34.2857142857143,3,51.0046248715313
"cthm-12",15,2019,34.2857142857143,3,46.1831963001028
"cthm-12",15,2020,34.2857142857143,3,46.0046248715313
"cthm-12",15,2021,34.2857142857143,3,46.0046248715313
"cthm-12",15,2022,34.2857142857143,3,46.1831963001028
"cthm-12",15,2023,34.2857142857143,3,43.665210688592
"cthm-12",15,2024,34.2857142857143,3,43.8450668036999
"cthm-12",15,2025,34.2857142857143,3,43.8450668036999
"cthm-12",16,1999,61.4285714285714,4,35.1532091097308
"cthm-12",16,2000,61.4285714285714,4,35.4389233954451
"cthm-12",16,2001,61.4285714285714,4,35.0041407867495
"cthm-12",16,2002,60,4,33.4327122153209
"cthm-12",16,2003,52.8571428571429,4,29.6853002070393
"cthm-12",16,2004,53.5714285714286,4,29.6853002070393
"cthm-12",16,2005,53.5714285714286,4,29.5424430641822
"cthm-12",16,2006,53.5714285714286,4,29.5424430641822
"cthm-12",16,2007,53.5714285714286,4,30.1159420289855
"cthm-12",16,2008,53.5714285714286,4,30.1159420289855
"cthm-12",16,2009,53.5714285714286,4,30.2587991718427
"cthm-12",16,2010,58.5714285714286,4,32.9958592132505
"cthm-12",16,2011,59.2857142857143,4,33.4285714285714
"cthm-12",16,2012,60,4,33.8612836438924
"cthm-12",16,2013,60,4,33.8612836438924
"cthm-12",16,2014,60,4,32.7184265010352
"cthm-12",16,2015,60,4,32.7184265010352
"cthm-12",16,2016,60,4,32.8612836438924
"cthm-12",16,2017,60,4,32.7184265010352
"cthm-12",16,2018,60,4,32.7184265010352
"cthm-12",16,2019,60,4,32.7184265010352
"cthm-12",16,2020,60,4,32.5755693581781
"cthm-12",16,2021,60,4,32.7184265010352
"cthm-12",16,2022,59.2857142857142,4,32.4327122153209
"cthm-12",16,2023,59.2857142857142,4,31.7184265010352
"cthm-12",16,2024,36.4285714285714,4,26.7101449275362
"cthm-12",16,2025,35,4,26.5672877846791
"cthm-12",17,1999,34.0579710144928,4,35.1532091097308
"cthm-12",17,2000,34.0579710144928,4,35.4389233954451
"cthm-12",17,2001,34.0579710144928,4,35.0041407867495
"cthm-12",17,2002,34.0579710144928,4,33.4327122153209
"cthm-12",17,2003,22.463768115942,4,29.6853002070393
"cthm-12",17,2004,22.463768115942,4,29.6853002070393
"cthm-12",17,2005,22.463768115942,4,29.5424430641822
"cthm-12",17,2006,22.463768115942,4,29.5424430641822
"cthm-12",17,2007,23.1884057971015,4,30.1159420289855
"cthm-12",17,2008,23.1884057971015,4,30.1159420289855
"cthm-12",17,2009,23.1884057971015,4,30.2587991718427
"cthm-12",17,2010,31.1594202898551,4,32.9958592132505
"cthm-12",17,2011,32.608695652174,4,33.4285714285714
"cthm-12",17,2012,34.0579710144928,4,33.8612836438924
"cthm-12",17,2013,34.0579710144928,4,33.8612836438924
"cthm-12",17,2014,34.0579710144928,4,32.7184265010352
"cthm-12",17,2015,34.0579710144928,4,32.7184265010352
"cthm-12",17,2016,34.0579710144928,4,32.8612836438924
"cthm-12",17,2017,34.0579710144928,4,32.7184265010352
"cthm-12",17,2018,34.0579710144928,4,32.7184265010352
"cthm-12",17,2019,34.0579710144928,4,32.7184265010352
"cthm-12",17,2020,34.0579710144928,4,32.5755693581781
"cthm-12",17,2021,34.0579710144928,4,32.7184265010352
"cthm-12",17,2022,34.0579710144928,4,32.4327122153209
"cthm-12",17,2023,34.0579710144928,4,31.7184265010352
"cthm-12",17,2024,31.1594202898551,4,26.7101449275362
"cthm-12",17,2025,31.1594202898551,4,26.5672877846791
"cthm-12",18,1999,19.5652173913044,4,35.1532091097308
"cthm-12",18,2000,19.5652173913044,4,35.4389233954451
"cthm-12",18,2001,17.3913043478261,4,35.0041407867495
"cthm-12",18,2002,17.3913043478261,4,33.4327122153209
"cthm-12",18,2003,17.3913043478261,4,29.6853002070393
"cthm-12",18,2004,17.3913043478261,4,29.6853002070393
"cthm-12",18,2005,17.3913043478261,4,29.5424430641822
"cthm-12",18,2006,17.3913043478261,4,29.5424430641822
"cthm-12",18,2007,17.3913043478261,4,30.1159420289855
"cthm-12",18,2008,17.3913043478261,4,30.1159420289855
"cthm-12",18,2009,17.3913043478261,4,30.2587991718427
"cthm-12",18,2010,17.3913043478261,4,32.9958592132505
"cthm-12",18,2011,17.3913043478261,4,33.4285714285714
"cthm-12",18,2012,17.3913043478261,4,33.8612836438924
"cthm-12",18,2013,17.3913043478261,4,33.8612836438924
"cthm-12",18,2014,17.3913043478261,4,32.7184265010352
"cthm-12",18,2015,17.3913043478261,4,32.7184265010352
"cthm-12",18,2016,17.3913043478261,4,32.8612836438924
"cthm-12",18,2017,17.3913043478261,4,32.7184265010352
"cthm-12",18,2018,17.3913043478261,4,32.7184265010352
"cthm-12",18,2019,17.3913043478261,4,32.7184265010352
"cthm-12",18,2020,17.3913043478261,4,32.5755693581781
"cthm-12",18,2021,17.3913043478261,4,32.7184265010352
"cthm-12",18,2022,17.3913043478261,4,32.4327122153209
"cthm-12",18,2023,17.3913043478261,4,31.7184265010352
"cthm-12",18,2024,17.3913043478261,4,26.7101449275362
"cthm-12",18,2025,17.3913043478261,4,26.5672877846791
"cthm-12",19,1999,49.2857142857142,4,35.1532091097308
"cthm-12",19,2000,50.7142857142857,4,35.4389233954451
"cthm-12",19,2001,50.7142857142857,4,35.0041407867495
"cthm-12",19,2002,50.7142857142857,4,33.4327122153209
"cthm-12",19,2003,50.7142857142857,4,29.6853002070393
"cthm-12",19,2004,50,4,29.6853002070393
"cthm-12",19,2005,50,4,29.5424430641822
"cthm-12",19,2006,50,4,29.5424430641822
"cthm-12",19,2007,50,4,30.1159420289855
"cthm-12",19,2008,50,4,30.1159420289855
"cthm-12",19,2009,50,4,30.2587991718427
"cthm-12",19,2010,50,4,32.9958592132505
"cthm-12",19,2011,50,4,33.4285714285714
"cthm-12",19,2012,50,4,33.8612836438924
"cthm-12",19,2013,50,4,33.8612836438924
"cthm-12",19,2014,44.2857142857143,4,32.7184265010352
"cthm-12",19,2015,44.2857142857143,4,32.7184265010352
"cthm-12",19,2016,45,4,32.8612836438924
"cthm-12",19,2017,45,4,32.7184265010352
"cthm-12",19,2018,45,4,32.7184265010352
"cthm-12",19,2019,45,4,32.7184265010352
"cthm-12",19,2020,44.2857142857143,4,32.5755693581781
"cthm-12",19,2021,45,4,32.7184265010352
"cthm-12",19,2022,44.2857142857143,4,32.4327122153209
"cthm-12",19,2023,40.7142857142857,4,31.7184265010352
"cthm-12",19,2024,41.4285714285714,4,26.7101449275362
"cthm-12",19,2025,42.1428571428571,4,26.5672877846791
"cthm-12",20,1999,11.4285714285714,4,35.1532091097308
"cthm-12",20,2000,11.4285714285714,4,35.4389233954451
"cthm-12",20,2001,11.4285714285714,4,35.0041407867495
"cthm-12",20,2002,5,4,33.4327122153209
"cthm-12",20,2003,5,4,29.6853002070393
"cthm-12",20,2004,5,4,29.6853002070393
"cthm-12",20,2005,4.28571428571429,4,29.5424430641822
"cthm-12",20,2006,4.28571428571429,4,29.5424430641822
"cthm-12",20,2007,6.42857142857143,4,30.1159420289855
"cthm-12",20,2008,6.42857142857143,4,30.1159420289855
"cthm-12",20,2009,7.14285714285714,4,30.2587991718427
"cthm-12",20,2010,7.85714285714286,4,32.9958592132505
"cthm-12",20,2011,7.85714285714286,4,33.4285714285714
"cthm-12",20,2012,7.85714285714286,4,33.8612836438924
"cthm-12",20,2013,7.85714285714286,4,33.8612836438924
"cthm-12",20,2014,7.85714285714286,4,32.7184265010352
"cthm-12",20,2015,7.85714285714286,4,32.7184265010352
"cthm-12",20,2016,7.85714285714286,4,32.8612836438924
"cthm-12",20,2017,7.14285714285714,4,32.7184265010352
"cthm-12",20,2018,7.14285714285714,4,32.7184265010352
"cthm-12",20,2019,7.14285714285714,4,32.7184265010352
"cthm-12",20,2020,7.14285714285714,4,32.5755693581781
"cthm-12",20,2021,7.14285714285714,4,32.7184265010352
"cthm-12",20,2022,7.14285714285714,4,32.4327122153209
"cthm-12",20,2023,7.14285714285714,4,31.7184265010352
"cthm-12",20,2024,7.14285714285714,4,26.7101449275362
"cthm-12",20,2025,7.14285714285714,4,26.5672877846791
"cthm-13",1,1999,6.25,1,20.4489017481667
"cthm-13",1,2000,6.25,1,21.1735394293261
"cthm-13",1,2001,6.25,1,21.7542922183992
"cthm-13",1,2002,6.25,1,21.7542922183992
"cthm-13",1,2003,6.25,1,21.7542922183992
"cthm-13",1,2004,6.25,1,21.7542922183992
"cthm-13",1,2005,6.25,1,21.7542922183992
"cthm-13",1,2006,6.25,1,21.1745820734717
"cthm-13",1,2007,6.25,1,21.1745820734717
"cthm-13",1,2008,6.25,1,21.0356931845828
"cthm-13",1,2009,6.25,1,21.0356931845828
"cthm-13",1,2010,6.25,1,20.7479234004101
"cthm-13",1,2011,6.25,1,20.7479234004101
"cthm-13",1,2012,6.25,1,20.8918082924964
"cthm-13",1,2013,6.25,1,20.8918082924964
"cthm-13",1,2014,6.25,1,20.8918082924964
"cthm-13",1,2015,6.25,1,20.8918082924964
"cthm-13",1,2016,6.25,1,20.8918082924964
"cthm-13",1,2017,6.25,1,20.7468807562646
"cthm-13",1,2018,6.25,1,20.6019532200327
"cthm-13",1,2019,6.25,1,20.6019532200327
"cthm-13",1,2020,6.25,1,20.6019532200327
"cthm-13",1,2021,6.25,1,20.6019532200327
"cthm-13",1,2022,6.25,1,20.6019532200327
"cthm-13",1,2023,6.25,1,20.4570256838008
"cthm-13",1,2024,6.25,1,20.0222430751051
"cthm-13",1,2025,6.25,1,19.8773155388733
"cthm-13",2,1999,14.4927536231884,1,20.4489017481667
"cthm-13",2,2000,13.768115942029,1,21.1735394293261
"cthm-13",2,2001,13.768115942029,1,21.7542922183992
"cthm-13",2,2002,13.768115942029,1,21.7542922183992
"cthm-13",2,2003,13.768115942029,1,21.7542922183992
"cthm-13",2,2004,13.768115942029,1,21.7542922183992
"cthm-13",2,2005,13.768115942029,1,21.7542922183992
"cthm-13",2,2006,10.8695652173913,1,21.1745820734717
"cthm-13",2,2007,10.8695652173913,1,21.1745820734717
"cthm-13",2,2008,10.8695652173913,1,21.0356931845828
"cthm-13",2,2009,10.8695652173913,1,21.0356931845828
"cthm-13",2,2010,10.8695652173913,1,20.7479234004101
"cthm-13",2,2011,10.8695652173913,1,20.7479234004101
"cthm-13",2,2012,10.8695652173913,1,20.8918082924964
"cthm-13",2,2013,10.8695652173913,1,20.8918082924964
"cthm-13",2,2014,10.8695652173913,1,20.8918082924964
"cthm-13",2,2015,10.8695652173913,1,20.8918082924964
"cthm-13",2,2016,10.8695652173913,1,20.8918082924964
"cthm-13",2,2017,10.1449275362319,1,20.7468807562646
"cthm-13",2,2018,10.1449275362319,1,20.6019532200327
"cthm-13",2,2019,10.1449275362319,1,20.6019532200327
"cthm-13",2,2020,10.1449275362319,1,20.6019532200327
"cthm-13",2,2021,10.1449275362319,1,20.6019532200327
"cthm-13",2,2022,9.42028985507246,1,20.6019532200327
"cthm-13",2,2023,10.1449275362319,1,20.4570256838008
"cthm-13",2,2024,7.97101449275362,1,20.0222430751051
"cthm-13",2,2025,7.2463768115942,1,19.8773155388733
"cthm-13",3,1999,19.4244604316547,1,20.4489017481667
"cthm-13",3,2000,19.4244604316547,1,21.1735394293261
"cthm-13",3,2001,18.705035971223,1,21.7542922183992
"cthm-13",3,2002,18.705035971223,1,21.7542922183992
"cthm-13",3,2003,18.705035971223,1,21.7542922183992
"cthm-13",3,2004,18.705035971223,1,21.7542922183992
"cthm-13",3,2005,18.705035971223,1,21.7542922183992
"cthm-13",3,2006,18.705035971223,1,21.1745820734717
"cthm-13",3,2007,18.705035971223,1,21.1745820734717
"cthm-13",3,2008,18.705035971223,1,21.0356931845828
"cthm-13",3,2009,18.705035971223,1,21.0356931845828
"cthm-13",3,2010,17.2661870503597,1,20.7479234004101
"cthm-13",3,2011,17.2661870503597,1,20.7479234004101
"cthm-13",3,2012,17.9856115107914,1,20.8918082924964
"cthm-13",3,2013,17.9856115107914,1,20.8918082924964
"cthm-13",3,2014,17.9856115107914,1,20.8918082924964
"cthm-13",3,2015,17.9856115107914,1,20.8918082924964
"cthm-13",3,2016,17.9856115107914,1,20.8918082924964
"cthm-13",3,2017,17.9856115107914,1,20.7468807562646
"cthm-13",3,2018,17.9856115107914,1,20.6019532200327
"cthm-13",3,2019,17.9856115107914,1,20.6019532200327
"cthm-13",3,2020,17.9856115107914,1,20.6019532200327
"cthm-13",3,2021,17.9856115107914,1,20.6019532200327
"cthm-13",3,2022,17.9856115107914,1,20.6019532200327
"cthm-13",3,2023,17.9856115107914,1,20.4570256838008
"cthm-13",3,2024,17.9856115107914,1,20.0222430751051
"cthm-13",3,2025,17.9856115107914,1,19.8773155388733
"cthm-13",4,1999,5.55555555555555,1,20.4489017481667
"cthm-13",4,2000,5.55555555555555,1,21.1735394293261
"cthm-13",4,2001,5.55555555555555,1,21.7542922183992
"cthm-13",4,2002,5.55555555555555,1,21.7542922183992
"cthm-13",4,2003,5.55555555555555,1,21.7542922183992
"cthm-13",4,2004,5.55555555555555,1,21.7542922183992
"cthm-13",4,2005,5.55555555555555,1,21.7542922183992
"cthm-13",4,2006,5.55555555555555,1,21.1745820734717
"cthm-13",4,2007,5.55555555555555,1,21.1745820734717
"cthm-13",4,2008,4.86111111111111,1,21.0356931845828
"cthm-13",4,2009,4.86111111111111,1,21.0356931845828
"cthm-13",4,2010,4.86111111111111,1,20.7479234004101
"cthm-13",4,2011,4.86111111111111,1,20.7479234004101
"cthm-13",4,2012,4.86111111111111,1,20.8918082924964
"cthm-13",4,2013,4.86111111111111,1,20.8918082924964
"cthm-13",4,2014,4.86111111111111,1,20.8918082924964
"cthm-13",4,2015,4.86111111111111,1,20.8918082924964
"cthm-13",4,2016,4.86111111111111,1,20.8918082924964
"cthm-13",4,2017,4.86111111111111,1,20.7468807562646
"cthm-13",4,2018,4.86111111111111,1,20.6019532200327
"cthm-13",4,2019,4.86111111111111,1,20.6019532200327
"cthm-13",4,2020,4.86111111111111,1,20.6019532200327
"cthm-13",4,2021,4.86111111111111,1,20.6019532200327
"cthm-13",4,2022,4.86111111111111,1,20.6019532200327
"cthm-13",4,2023,4.86111111111111,1,20.4570256838008
"cthm-13",4,2024,4.86111111111111,1,20.0222430751051
"cthm-13",4,2025,4.86111111111111,1,19.8773155388733
"cthm-13",5,1999,56.5217391304348,1,20.4489017481667
"cthm-13",5,2000,60.8695652173913,1,21.1735394293261
"cthm-13",5,2001,64.4927536231884,1,21.7542922183992
"cthm-13",5,2002,64.4927536231884,1,21.7542922183992
"cthm-13",5,2003,64.4927536231884,1,21.7542922183992
"cthm-13",5,2004,64.4927536231884,1,21.7542922183992
"cthm-13",5,2005,64.4927536231884,1,21.7542922183992
"cthm-13",5,2006,64.4927536231884,1,21.1745820734717
"cthm-13",5,2007,64.4927536231884,1,21.1745820734717
"cthm-13",5,2008,64.4927536231884,1,21.0356931845828
"cthm-13",5,2009,64.4927536231884,1,21.0356931845828
"cthm-13",5,2010,64.4927536231884,1,20.7479234004101
"cthm-13",5,2011,64.4927536231884,1,20.7479234004101
"cthm-13",5,2012,64.4927536231884,1,20.8918082924964
"cthm-13",5,2013,64.4927536231884,1,20.8918082924964
"cthm-13",5,2014,64.4927536231884,1,20.8918082924964
"cthm-13",5,2015,64.4927536231884,1,20.8918082924964
"cthm-13",5,2016,64.4927536231884,1,20.8918082924964
"cthm-13",5,2017,64.4927536231884,1,20.7468807562646
"cthm-13",5,2018,63.7681159420289,1,20.6019532200327
"cthm-13",5,2019,63.768115942029,1,20.6019532200327
"cthm-13",5,2020,63.768115942029,1,20.6019532200327
"cthm-13",5,2021,63.768115942029,1,20.6019532200327
"cthm-13",5,2022,64.4927536231884,1,20.6019532200327
"cthm-13",5,2023,63.0434782608696,1,20.4570256838008
"cthm-13",5,2024,63.0434782608696,1,20.0222430751051
"cthm-13",5,2025,63.0434782608696,1,19.8773155388733
"cthm-13",6,1999,61.4285714285714,2,55.7637051453062
"cthm-13",6,2000,61.4285714285714,2,55.7637051453062
"cthm-13",6,2001,62.8571428571429,2,56.0000874680195
"cthm-13",6,2002,60.7142857142857,2,55.2858017537338
"cthm-13",6,2003,60.7142857142857,2,55.2858017537338
"cthm-13",6,2004,60.7142857142857,2,55.2858017537338
"cthm-13",6,2005,60,2,54.8112998962532
"cthm-13",6,2006,60,2,54.571491742776
"cthm-13",6,2007,56.4285714285714,2,53.3810155522998
"cthm-13",6,2008,55,2,52.9048250761093
"cthm-13",6,2009,57.8571428571429,2,47.6221940380826
"cthm-13",6,2010,57.8571428571429,2,47.6221940380826
"cthm-13",6,2011,58.5714285714286,2,47.8602892761779
"cthm-13",6,2012,58.5714285714286,2,48.1000974296551
"cthm-13",6,2013,60,2,48.5762879058456
"cthm-13",6,2014,60,2,49.2957123662772
"cthm-13",6,2015,60,2,49.5355205197544
"cthm-13",6,2016,60,2,52.6530265149582
"cthm-13",6,2017,58.5714285714285,2,53.1326671185848
"cthm-13",6,2018,58.5714285714285,2,53.372475272062
"cthm-13",6,2019,58.5714285714285,2,53.6122834255392
"cthm-13",6,2020,59.2857142857143,2,53.8503786636345
"cthm-13",6,2021,53.5714285714285,2,52.1820233782579
"cthm-13",6,2022,53.5714285714285,2,51.7058086053953
"cthm-13",6,2023,53.5714285714285,2,51.7058086053953
"cthm-13",6,2024,53.5714285714285,2,51.7058086053953
"cthm-13",6,2025,53.5714285714285,2,51.7058086053953
"cthm-13",7,1999,42.5531914893617,2,55.7637051453062
"cthm-13",7,2000,42.5531914893617,2,55.7637051453062
"cthm-13",7,2001,42.5531914893617,2,56.0000874680195
"cthm-13",7,2002,42.5531914893617,2,55.2858017537338
"cthm-13",7,2003,42.5531914893617,2,55.2858017537338
"cthm-13",7,2004,42.5531914893617,2,55.2858017537338
"cthm-13",7,2005,41.8439716312057,2,54.8112998962532
"cthm-13",7,2006,41.8439716312057,2,54.571491742776
"cthm-13",7,2007,41.8439716312057,2,53.3810155522998
"cthm-13",7,2008,41.8439716312057,2,52.9048250761093
"cthm-13",7,2009,41.8439716312057,2,47.6221940380826
"cthm-13",7,2010,41.8439716312057,2,47.6221940380826
"cthm-13",7,2011,41.8439716312057,2,47.8602892761779
"cthm-13",7,2012,41.8439716312057,2,48.1000974296551
"cthm-13",7,2013,41.8439716312057,2,48.5762879058456
"cthm-13",7,2014,41.8439716312057,2,49.2957123662772
"cthm-13",7,2015,41.8439716312057,2,49.5355205197544
"cthm-13",7,2016,41.8439716312057,2,52.6530265149582
"cthm-13",7,2017,42.5531914893617,2,53.1326671185848
"cthm-13",7,2018,42.5531914893617,2,53.372475272062
"cthm-13",7,2019,42.5531914893617,2,53.6122834255392
"cthm-13",7,2020,42.5531914893617,2,53.8503786636345
"cthm-13",7,2021,43.2624113475177,2,52.1820233782579
"cthm-13",7,2022,42.5531914893617,2,51.7058086053953
"cthm-13",7,2023,42.5531914893617,2,51.7058086053953
"cthm-13",7,2024,42.5531914893617,2,51.7058086053953
"cthm-13",7,2025,42.5531914893617,2,51.7058086053953
"cthm-13",8,1999,63.3093525179856,2,55.7637051453062
"cthm-13",8,2000,63.3093525179856,2,55.7637051453062
"cthm-13",8,2001,62.5899280575539,2,56.0000874680195
"cthm-13",8,2002,62.5899280575539,2,55.2858017537338
"cthm-13",8,2003,62.5899280575539,2,55.2858017537338
"cthm-13",8,2004,62.5899280575539,2,55.2858017537338
"cthm-13",8,2005,62.5899280575539,2,54.8112998962532
"cthm-13",8,2006,61.8705035971222,2,54.571491742776
"cthm-13",8,2007,61.8705035971222,2,53.3810155522998
"cthm-13",8,2008,61.8705035971222,2,52.9048250761093
"cthm-13",8,2009,43.1654676258993,2,47.6221940380826
"cthm-13",8,2010,43.1654676258993,2,47.6221940380826
"cthm-13",8,2011,43.1654676258993,2,47.8602892761779
"cthm-13",8,2012,43.884892086331,2,48.1000974296551
"cthm-13",8,2013,43.884892086331,2,48.5762879058456
"cthm-13",8,2014,46.0431654676259,2,49.2957123662772
"cthm-13",8,2015,46.7625899280575,2,49.5355205197544
"cthm-13",8,2016,56.115107913669,2,52.6530265149582
"cthm-13",8,2017,58.273381294964,2,53.1326671185848
"cthm-13",8,2018,58.9928057553957,2,53.372475272062
"cthm-13",8,2019,59.7122302158274,2,53.6122834255392
"cthm-13",8,2020,59.7122302158274,2,53.8503786636345
"cthm-13",8,2021,59.7122302158274,2,52.1820233782579
"cthm-13",8,2022,58.9928057553957,2,51.7058086053953
"cthm-13",8,2023,58.9928057553957,2,51.7058086053953
"cthm-13",8,2024,58.9928057553957,2,51.7058086053953
"cthm-13",8,2025,58.9928057553957,2,51.7058086053953
"cthm-13",12,1999,21.8978102189781,3,39.3297519316267
"cthm-13",12,2000,21.8978102189781,3,39.1498958165187
"cthm-13",12,2001,21.8978102189781,3,38.9713243879473
"cthm-13",12,2002,21.8978102189781,3,38.9713243879473
"cthm-13",12,2003,21.8978102189781,3,38.621674038297
"cthm-13",12,2004,21.8978102189781,3,38.4468488634718
"cthm-13",12,2005,21.8978102189781,3,37.3978978145207
"cthm-13",12,2006,21.8978102189781,3,37.5727229893459
"cthm-13",12,2007,21.8978102189781,3,37.3978978145207
"cthm-13",12,2008,21.8978102189781,3,37.0432165245877
"cthm-13",12,2009,21.8978102189781,3,37.0432165245877
"cthm-13",12,2010,21.8978102189781,3,37.2180416994128
"cthm-13",12,2011,21.8978102189781,3,36.8683913497625
"cthm-13",12,2012,21.8978102189781,3,36.8683913497625
"cthm-13",12,2013,21.8978102189781,3,37.392866874238
"cthm-13",12,2014,21.8978102189781,3,37.9223733389963
"cthm-13",12,2015,21.8978102189781,3,37.9223733389963
"cthm-13",12,2016,21.8978102189781,3,37.7475481641711
"cthm-13",12,2017,21.8978102189781,3,37.9223733389963
"cthm-13",12,2018,21.8978102189781,3,37.7425172238883
"cthm-13",12,2019,21.8978102189781,3,37.5626611087804
"cthm-13",12,2020,21.8978102189781,3,37.5626611087804
"cthm-13",12,2021,21.8978102189781,3,37.5626611087804
"cthm-13",12,2022,21.8978102189781,3,37.5576301684977
"cthm-13",12,2023,21.8978102189781,3,37.5576301684977
"cthm-13",12,2024,21.8978102189781,3,37.5576301684977
"cthm-13",12,2025,21.8978102189781,3,37.3790587399263
"cthm-13",13,1999,58.0419580419581,3,39.3297519316267
"cthm-13",13,2000,58.0419580419581,3,39.1498958165187
"cthm-13",13,2001,58.0419580419581,3,38.9713243879473
"cthm-13",13,2002,58.0419580419581,3,38.9713243879473
"cthm-13",13,2003,56.6433566433567,3,38.621674038297
"cthm-13",13,2004,55.944055944056,3,38.4468488634718
"cthm-13",13,2005,51.7482517482518,3,37.3978978145207
"cthm-13",13,2006,52.4475524475525,3,37.5727229893459
"cthm-13",13,2007,51.7482517482518,3,37.3978978145207
"cthm-13",13,2008,51.0489510489511,3,37.0432165245877
"cthm-13",13,2009,51.0489510489511,3,37.0432165245877
"cthm-13",13,2010,51.7482517482518,3,37.2180416994128
"cthm-13",13,2011,50.3496503496504,3,36.8683913497625
"cthm-13",13,2012,50.3496503496504,3,36.8683913497625
"cthm-13",13,2013,52.4475524475525,3,37.392866874238
"cthm-13",13,2014,53.8461538461539,3,37.9223733389963
"cthm-13",13,2015,53.8461538461539,3,37.9223733389963
"cthm-13",13,2016,53.1468531468532,3,37.7475481641711
"cthm-13",13,2017,53.8461538461539,3,37.9223733389963
"cthm-13",13,2018,53.8461538461539,3,37.7425172238883
"cthm-13",13,2019,53.8461538461539,3,37.5626611087804
"cthm-13",13,2020,53.8461538461539,3,37.5626611087804
"cthm-13",13,2021,53.8461538461539,3,37.5626611087804
"cthm-13",13,2022,54.5454545454546,3,37.5576301684977
"cthm-13",13,2023,54.5454545454546,3,37.5576301684977
"cthm-13",13,2024,54.5454545454546,3,37.5576301684977
"cthm-13",13,2025,54.5454545454546,3,37.3790587399263
"cthm-13",14,1999,33.0935251798562,3,39.3297519316267
"cthm-13",14,2000,32.3741007194245,3,39.1498958165187
"cthm-13",14,2001,32.3741007194245,3,38.9713243879473
"cthm-13",14,2002,32.3741007194245,3,38.9713243879473
"cthm-13",14,2003,32.3741007194245,3,38.621674038297
"cthm-13",14,2004,32.3741007194245,3,38.4468488634718
"cthm-13",14,2005,32.3741007194245,3,37.3978978145207
"cthm-13",14,2006,32.3741007194245,3,37.5727229893459
"cthm-13",14,2007,32.3741007194245,3,37.3978978145207
"cthm-13",14,2008,31.6546762589929,3,37.0432165245877
"cthm-13",14,2009,31.6546762589929,3,37.0432165245877
"cthm-13",14,2010,31.6546762589929,3,37.2180416994128
"cthm-13",14,2011,31.6546762589929,3,36.8683913497625
"cthm-13",14,2012,31.6546762589929,3,36.8683913497625
"cthm-13",14,2013,31.6546762589929,3,37.392866874238
"cthm-13",14,2014,32.3741007194245,3,37.9223733389963
"cthm-13",14,2015,32.3741007194245,3,37.9223733389963
"cthm-13",14,2016,32.3741007194245,3,37.7475481641711
"cthm-13",14,2017,32.3741007194245,3,37.9223733389963
"cthm-13",14,2018,31.6546762589928,3,37.7425172238883
"cthm-13",14,2019,30.9352517985611,3,37.5626611087804
"cthm-13",14,2020,30.9352517985611,3,37.5626611087804
"cthm-13",14,2021,30.9352517985611,3,37.5626611087804
"cthm-13",14,2022,30.2158273381295,3,37.5576301684977
"cthm-13",14,2023,30.2158273381295,3,37.5576301684977
"cthm-13",14,2024,30.2158273381295,3,37.5576301684977
"cthm-13",14,2025,30.2158273381295,3,37.3790587399263
"cthm-13",15,1999,44.2857142857143,3,39.3297519316267
"cthm-13",15,2000,44.2857142857143,3,39.1498958165187
"cthm-13",15,2001,43.5714285714286,3,38.9713243879473
"cthm-13",15,2002,43.5714285714286,3,38.9713243879473
"cthm-13",15,2003,43.5714285714286,3,38.621674038297
"cthm-13",15,2004,43.5714285714286,3,38.4468488634718
"cthm-13",15,2005,43.5714285714286,3,37.3978978145207
"cthm-13",15,2006,43.5714285714286,3,37.5727229893459
"cthm-13",15,2007,43.5714285714286,3,37.3978978145207
"cthm-13",15,2008,43.5714285714286,3,37.0432165245877
"cthm-13",15,2009,43.5714285714286,3,37.0432165245877
"cthm-13",15,2010,43.5714285714286,3,37.2180416994128
"cthm-13",15,2011,43.5714285714286,3,36.8683913497625
"cthm-13",15,2012,43.5714285714286,3,36.8683913497625
"cthm-13",15,2013,43.5714285714286,3,37.392866874238
"cthm-13",15,2014,43.5714285714286,3,37.9223733389963
"cthm-13",15,2015,43.5714285714286,3,37.9223733389963
"cthm-13",15,2016,43.5714285714286,3,37.7475481641711
"cthm-13",15,2017,43.5714285714286,3,37.9223733389963
"cthm-13",15,2018,43.5714285714286,3,37.7425172238883
"cthm-13",15,2019,43.5714285714286,3,37.5626611087804
"cthm-13",15,2020,43.5714285714286,3,37.5626611087804
"cthm-13",15,2021,43.5714285714286,3,37.5626611087804
"cthm-13",15,2022,43.5714285714286,3,37.5576301684977
"cthm-13",15,2023,43.5714285714286,3,37.5576301684977
"cthm-13",15,2024,43.5714285714286,3,37.5576301684977
"cthm-13",15,2025,42.8571428571429,3,37.3790587399263
"cthm-13",16,1999,25.5474452554745,4,39.8276362724482
"cthm-13",16,2000,25.5474452554745,4,35.9437868302629
"cthm-13",16,2001,25.5474452554745,4,35.2295011159772
"cthm-13",16,2002,25.5474452554745,4,35.3733860080635
"cthm-13",16,2003,25.5474452554745,4,35.3733860080635
"cthm-13",16,2004,25.5474452554745,4,35.3733860080635
"cthm-13",16,2005,25.5474452554745,4,28.4769031943145
"cthm-13",16,2006,25.5474452554745,4,27.3707880864008
"cthm-13",16,2007,25.5474452554745,4,28.6957281343624
"cthm-13",16,2008,25.5474452554745,4,24.8168312518684
"cthm-13",16,2009,25.5474452554745,4,23.2340974389188
"cthm-13",16,2010,24.8175182481752,4,22.3786795834222
"cthm-13",16,2011,24.8175182481752,4,19.8187275450529
"cthm-13",16,2012,24.8175182481752,4,20.2453862181144
"cthm-13",16,2013,24.8175182481752,4,21.4014613580025
"cthm-13",16,2014,24.8175182481752,4,25.8668890158762
"cthm-13",16,2015,24.8175182481752,4,26.1546588000488
"cthm-13",16,2016,24.8175182481752,4,26.2985436921352
"cthm-13",16,2017,24.8175182481752,4,26.4424285842215
"cthm-13",16,2018,24.8175182481752,4,26.5863134763079
"cthm-13",16,2019,24.8175182481752,4,26.5863134763079
"cthm-13",16,2020,24.8175182481752,4,26.5863134763079
"cthm-13",16,2021,24.8175182481752,4,26.5863134763079
"cthm-13",16,2022,24.8175182481752,4,26.5863134763079
"cthm-13",16,2023,24.8175182481752,4,26.5863134763079
"cthm-13",16,2024,24.8175182481752,4,26.0107739079625
"cthm-13",16,2025,24.8175182481752,4,26.1546588000488
"cthm-13",17,1999,56.25,4,39.8276362724482
"cthm-13",17,2000,56.25,4,35.9437868302629
"cthm-13",17,2001,56.25,4,35.2295011159772
"cthm-13",17,2002,56.25,4,35.3733860080635
"cthm-13",17,2003,56.25,4,35.3733860080635
"cthm-13",17,2004,56.25,4,35.3733860080635
"cthm-13",17,2005,54.8611111111111,4,28.4769031943145
"cthm-13",17,2006,48.6111111111111,4,27.3707880864008
"cthm-13",17,2007,44.4444444444444,4,28.6957281343624
"cthm-13",17,2008,23.6111111111111,4,24.8168312518684
"cthm-13",17,2009,23.6111111111111,4,23.2340974389188
"cthm-13",17,2010,22.2222222222222,4,22.3786795834222
"cthm-13",17,2011,18.0555555555556,4,19.8187275450529
"cthm-13",17,2012,18.75,4,20.2453862181144
"cthm-13",17,2013,18.0555555555555,4,21.4014613580025
"cthm-13",17,2014,17.3611111111111,4,25.8668890158762
"cthm-13",17,2015,17.3611111111111,4,26.1546588000488
"cthm-13",17,2016,17.3611111111111,4,26.2985436921352
"cthm-13",17,2017,17.3611111111111,4,26.4424285842215
"cthm-13",17,2018,17.3611111111111,4,26.5863134763079
"cthm-13",17,2019,17.3611111111111,4,26.5863134763079
"cthm-13",17,2020,17.3611111111111,4,26.5863134763079
"cthm-13",17,2021,17.3611111111111,4,26.5863134763079
"cthm-13",17,2022,17.3611111111111,4,26.5863134763079
"cthm-13",17,2023,17.3611111111111,4,26.5863134763079
"cthm-13",17,2024,17.3611111111111,4,26.0107739079625
"cthm-13",17,2025,17.3611111111111,4,26.1546588000488
"cthm-13",18,1999,76.978417266187,4,39.8276362724482
"cthm-13",18,2000,56.8345323741008,4,35.9437868302629
"cthm-13",18,2001,56.8345323741008,4,35.2295011159772
"cthm-13",18,2002,57.5539568345324,4,35.3733860080635
"cthm-13",18,2003,57.5539568345324,4,35.3733860080635
"cthm-13",18,2004,57.5539568345324,4,35.3733860080635
"cthm-13",18,2005,24.4604316546763,4,28.4769031943145
"cthm-13",18,2006,25.1798561151079,4,27.3707880864008
"cthm-13",18,2007,35.9712230215827,4,28.6957281343624
"cthm-13",18,2008,37.4100719424461,4,24.8168312518684
"cthm-13",18,2009,29.4964028776978,4,23.2340974389188
"cthm-13",18,2010,27.3381294964028,4,22.3786795834222
"cthm-13",18,2011,18.705035971223,4,19.8187275450529
"cthm-13",18,2012,20.1438848920863,4,20.2453862181144
"cthm-13",18,2013,26.6187050359712,4,21.4014613580025
"cthm-13",18,2014,49.6402877697841,4,25.8668890158762
"cthm-13",18,2015,51.0791366906474,4,26.1546588000488
"cthm-13",18,2016,51.7985611510791,4,26.2985436921352
"cthm-13",18,2017,52.5179856115108,4,26.4424285842215
"cthm-13",18,2018,53.2374100719425,4,26.5863134763079
"cthm-13",18,2019,53.2374100719425,4,26.5863134763079
"cthm-13",18,2020,53.2374100719425,4,26.5863134763079
"cthm-13",18,2021,53.2374100719425,4,26.5863134763079
"cthm-13",18,2022,53.2374100719425,4,26.5863134763079
"cthm-13",18,2023,53.2374100719425,4,26.5863134763079
"cthm-13",18,2024,50.3597122302158,4,26.0107739079625
"cthm-13",18,2025,51.0791366906474,4,26.1546588000488
"cthm-13",19,1999,25.3623188405797,4,39.8276362724482
"cthm-13",19,2000,26.0869565217391,4,35.9437868302629
"cthm-13",19,2001,26.0869565217391,4,35.2295011159772
"cthm-13",19,2002,26.0869565217391,4,35.3733860080635
"cthm-13",19,2003,26.0869565217391,4,35.3733860080635
"cthm-13",19,2004,26.0869565217391,4,35.3733860080635
"cthm-13",19,2005,26.0869565217391,4,28.4769031943145
"cthm-13",19,2006,26.0869565217391,4,27.3707880864008
"cthm-13",19,2007,26.0869565217391,4,28.6957281343624
"cthm-13",19,2008,26.0869565217391,4,24.8168312518684
"cthm-13",19,2009,26.0869565217391,4,23.2340974389188
"cthm-13",19,2010,26.0869565217391,4,22.3786795834222
"cthm-13",19,2011,26.0869565217391,4,19.8187275450529
"cthm-13",19,2012,26.0869565217391,4,20.2453862181144
"cthm-13",19,2013,26.0869565217391,4,21.4014613580025
"cthm-13",19,2014,26.0869565217391,4,25.8668890158762
"cthm-13",19,2015,26.0869565217391,4,26.1546588000488
"cthm-13",19,2016,26.0869565217391,4,26.2985436921352
"cthm-13",19,2017,26.0869565217391,4,26.4424285842215
"cthm-13",19,2018,26.0869565217391,4,26.5863134763079
"cthm-13",19,2019,26.0869565217391,4,26.5863134763079
"cthm-13",19,2020,26.0869565217391,4,26.5863134763079
"cthm-13",19,2021,26.0869565217391,4,26.5863134763079
"cthm-13",19,2022,26.0869565217391,4,26.5863134763079
"cthm-13",19,2023,26.0869565217391,4,26.5863134763079
"cthm-13",19,2024,26.0869565217391,4,26.0107739079625
"cthm-13",19,2025,26.0869565217391,4,26.1546588000488
"cthm-13",20,1999,15,4,39.8276362724482
"cthm-13",20,2000,15,4,35.9437868302629
"cthm-13",20,2001,11.4285714285714,4,35.2295011159772
"cthm-13",20,2002,11.4285714285714,4,35.3733860080635
"cthm-13",20,2003,11.4285714285714,4,35.3733860080635
"cthm-13",20,2004,11.4285714285714,4,35.3733860080635
"cthm-13",20,2005,11.4285714285714,4,28.4769031943145
"cthm-13",20,2006,11.4285714285714,4,27.3707880864008
"cthm-13",20,2007,11.4285714285714,4,28.6957281343624
"cthm-13",20,2008,11.4285714285714,4,24.8168312518684
"cthm-13",20,2009,11.4285714285714,4,23.2340974389188
"cthm-13",20,2010,11.4285714285714,4,22.3786795834222
"cthm-13",20,2011,11.4285714285714,4,19.8187275450529
"cthm-13",20,2012,11.4285714285714,4,20.2453862181144
"cthm-13",20,2013,11.4285714285714,4,21.4014613580025
"cthm-13",20,2014,11.4285714285714,4,25.8668890158762
"cthm-13",20,2015,11.4285714285714,4,26.1546588000488
"cthm-13",20,2016,11.4285714285714,4,26.2985436921352
"cthm-13",20,2017,11.4285714285714,4,26.4424285842215
"cthm-13",20,2018,11.4285714285714,4,26.5863134763079
"cthm-13",20,2019,11.4285714285714,4,26.5863134763079
"cthm-13",20,2020,11.4285714285714,4,26.5863134763079
"cthm-13",20,2021,11.4285714285714,4,26.5863134763079
"cthm-13",20,2022,11.4285714285714,4,26.5863134763079
"cthm-13",20,2023,11.4285714285714,4,26.5863134763079
"cthm-13",20,2024,11.4285714285714,4,26.0107739079625
"cthm-13",20,2025,11.4285714285714,4,26.1546588000488
"cthm-14",1,1999,50.7246376811594,1,51.6119926943239
"cthm-14",1,2000,51.4492753623188,1,51.7569202305557
"cthm-14",1,2001,51.4492753623188,1,51.7569202305557
"cthm-14",1,2002,51.4492753623188,1,51.7529525670136
"cthm-14",1,2003,51.4492753623188,1,51.7529525670136
"cthm-14",1,2004,51.4492753623188,1,51.6130924271535
"cthm-14",1,2005,51.4492753623188,1,51.6130924271535
"cthm-14",1,2006,51.4492753623188,1,51.6130924271535
"cthm-14",1,2007,51.4492753623188,1,51.7580199633854
"cthm-14",1,2008,51.4492753623188,1,51.4681648909216
"cthm-14",1,2009,51.4492753623188,1,51.4681648909216
"cthm-14",1,2010,52.1739130434782,1,51.6130924271535
"cthm-14",1,2011,52.1739130434782,1,51.9029474996172
"cthm-14",1,2012,52.1739130434782,1,51.9029474996172
"cthm-14",1,2013,52.1739130434782,1,51.9029474996172
"cthm-14",1,2014,52.8985507246377,1,52.0478750358491
"cthm-14",1,2015,52.8985507246377,1,52.1877351757093
"cthm-14",1,2016,52.8985507246377,1,52.1877351757093
"cthm-14",1,2017,53.6231884057971,1,52.4725228518013
"cthm-14",1,2018,53.6231884057971,1,52.4725228518013
"cthm-14",1,2019,53.6231884057971,1,52.192802572081
"cthm-14",1,2020,53.6231884057971,1,52.192802572081
"cthm-14",1,2021,53.6231884057971,1,52.0529424322209
"cthm-14",1,2022,53.6231884057971,1,52.192802572081
"cthm-14",1,2023,53.6231884057971,1,52.192802572081
"cthm-14",1,2024,54.3478260869566,1,52.3377301083129
"cthm-14",1,2025,54.3478260869566,1,52.4775902481731
"cthm-14",2,1999,26.8115942028985,1,51.6119926943239
"cthm-14",2,2000,26.8115942028985,1,51.7569202305557
"cthm-14",2,2001,26.8115942028985,1,51.7569202305557
"cthm-14",2,2002,26.8115942028985,1,51.7529525670136
"cthm-14",2,2003,26.8115942028985,1,51.7529525670136
"cthm-14",2,2004,26.8115942028985,1,51.6130924271535
"cthm-14",2,2005,26.8115942028985,1,51.6130924271535
"cthm-14",2,2006,26.8115942028985,1,51.6130924271535
"cthm-14",2,2007,27.536231884058,1,51.7580199633854
"cthm-14",2,2008,26.0869565217391,1,51.4681648909216
"cthm-14",2,2009,26.0869565217391,1,51.4681648909216
"cthm-14",2,2010,26.0869565217391,1,51.6130924271535
"cthm-14",2,2011,27.5362318840579,1,51.9029474996172
"cthm-14",2,2012,27.5362318840579,1,51.9029474996172
"cthm-14",2,2013,27.5362318840579,1,51.9029474996172
"cthm-14",2,2014,27.5362318840579,1,52.0478750358491
"cthm-14",2,2015,27.5362318840579,1,52.1877351757093
"cthm-14",2,2016,27.5362318840579,1,52.1877351757093
"cthm-14",2,2017,27.5362318840579,1,52.4725228518013
"cthm-14",2,2018,27.5362318840579,1,52.4725228518013
"cthm-14",2,2019,27.5362318840579,1,52.192802572081
"cthm-14",2,2020,27.5362318840579,1,52.192802572081
"cthm-14",2,2021,27.5362318840579,1,52.0529424322209
"cthm-14",2,2022,27.5362318840579,1,52.192802572081
"cthm-14",2,2023,27.5362318840579,1,52.192802572081
"cthm-14",2,2024,27.5362318840579,1,52.3377301083129
"cthm-14",2,2025,27.5362318840579,1,52.4775902481731
"cthm-14",3,1999,61.5384615384615,1,51.6119926943239
"cthm-14",3,2000,61.5384615384615,1,51.7569202305557
"cthm-14",3,2001,61.5384615384615,1,51.7569202305557
"cthm-14",3,2002,61.5384615384615,1,51.7529525670136
"cthm-14",3,2003,61.5384615384615,1,51.7529525670136
"cthm-14",3,2004,61.5384615384615,1,51.6130924271535
"cthm-14",3,2005,61.5384615384615,1,51.6130924271535
"cthm-14",3,2006,61.5384615384615,1,51.6130924271535
"cthm-14",3,2007,61.5384615384615,1,51.7580199633854
"cthm-14",3,2008,61.5384615384615,1,51.4681648909216
"cthm-14",3,2009,61.5384615384615,1,51.4681648909216
"cthm-14",3,2010,61.5384615384615,1,51.6130924271535
"cthm-14",3,2011,61.5384615384615,1,51.9029474996172
"cthm-14",3,2012,61.5384615384615,1,51.9029474996172
"cthm-14",3,2013,61.5384615384615,1,51.9029474996172
"cthm-14",3,2014,61.5384615384615,1,52.0478750358491
"cthm-14",3,2015,62.2377622377622,1,52.1877351757093
"cthm-14",3,2016,62.2377622377622,1,52.1877351757093
"cthm-14",3,2017,62.9370629370629,1,52.4725228518013
"cthm-14",3,2018,62.9370629370629,1,52.4725228518013
"cthm-14",3,2019,61.5384615384615,1,52.192802572081
"cthm-14",3,2020,61.5384615384615,1,52.192802572081
"cthm-14",3,2021,61.5384615384615,1,52.0529424322209
"cthm-14",3,2022,62.2377622377622,1,52.192802572081
"cthm-14",3,2023,62.2377622377622,1,52.192802572081
"cthm-14",3,2024,62.9370629370629,1,52.3377301083129
"cthm-14",3,2025,62.9370629370629,1,52.4775902481731
"cthm-14",4,1999,61.5384615384616,1,51.6119926943239
"cthm-14",4,2000,61.5384615384616,1,51.7569202305557
"cthm-14",4,2001,61.5384615384616,1,51.7569202305557
"cthm-14",4,2002,62.937062937063,1,51.7529525670136
"cthm-14",4,2003,62.937062937063,1,51.7529525670136
"cthm-14",4,2004,62.2377622377623,1,51.6130924271535
"cthm-14",4,2005,62.2377622377623,1,51.6130924271535
"cthm-14",4,2006,62.2377622377623,1,51.6130924271535
"cthm-14",4,2007,62.2377622377623,1,51.7580199633854
"cthm-14",4,2008,62.2377622377623,1,51.4681648909216
"cthm-14",4,2009,62.2377622377623,1,51.4681648909216
"cthm-14",4,2010,62.2377622377623,1,51.6130924271535
"cthm-14",4,2011,62.2377622377623,1,51.9029474996172
"cthm-14",4,2012,62.2377622377623,1,51.9029474996172
"cthm-14",4,2013,62.2377622377623,1,51.9029474996172
"cthm-14",4,2014,62.2377622377623,1,52.0478750358491
"cthm-14",4,2015,62.2377622377623,1,52.1877351757093
"cthm-14",4,2016,62.2377622377623,1,52.1877351757093
"cthm-14",4,2017,62.2377622377623,1,52.4725228518013
"cthm-14",4,2018,62.2377622377623,1,52.4725228518013
"cthm-14",4,2019,62.2377622377623,1,52.192802572081
"cthm-14",4,2020,62.2377622377623,1,52.192802572081
"cthm-14",4,2021,61.5384615384616,1,52.0529424322209
"cthm-14",4,2022,61.5384615384616,1,52.192802572081
"cthm-14",4,2023,61.5384615384616,1,52.192802572081
"cthm-14",4,2024,60.8391608391609,1,52.3377301083129
"cthm-14",4,2025,61.5384615384616,1,52.4775902481731
"cthm-14",5,1999,57.4468085106383,1,51.6119926943239
"cthm-14",5,2000,57.4468085106383,1,51.7569202305557
"cthm-14",5,2001,57.4468085106383,1,51.7569202305557
"cthm-14",5,2002,56.0283687943262,1,51.7529525670136
"cthm-14",5,2003,56.0283687943262,1,51.7529525670136
"cthm-14",5,2004,56.0283687943262,1,51.6130924271535
"cthm-14",5,2005,56.0283687943262,1,51.6130924271535
"cthm-14",5,2006,56.0283687943262,1,51.6130924271535
"cthm-14",5,2007,56.0283687943262,1,51.7580199633854
"cthm-14",5,2008,56.0283687943262,1,51.4681648909216
"cthm-14",5,2009,56.0283687943262,1,51.4681648909216
"cthm-14",5,2010,56.0283687943262,1,51.6130924271535
"cthm-14",5,2011,56.0283687943262,1,51.9029474996172
"cthm-14",5,2012,56.0283687943262,1,51.9029474996172
"cthm-14",5,2013,56.0283687943262,1,51.9029474996172
"cthm-14",5,2014,56.0283687943262,1,52.0478750358491
"cthm-14",5,2015,56.0283687943262,1,52.1877351757093
"cthm-14",5,2016,56.0283687943262,1,52.1877351757093
"cthm-14",5,2017,56.0283687943262,1,52.4725228518013
"cthm-14",5,2018,56.0283687943262,1,52.4725228518013
"cthm-14",5,2019,56.0283687943262,1,52.192802572081
"cthm-14",5,2020,56.0283687943262,1,52.192802572081
"cthm-14",5,2021,56.0283687943263,1,52.0529424322209
"cthm-14",5,2022,56.0283687943263,1,52.192802572081
"cthm-14",5,2023,56.0283687943263,1,52.192802572081
"cthm-14",5,2024,56.0283687943263,1,52.3377301083129
"cthm-14",5,2025,56.0283687943263,1,52.4775902481731
"cthm-14",6,1999,72.3404255319149,2,57.8514655761469
"cthm-14",6,2000,71.6312056737589,2,57.4197513109695
"cthm-14",6,2001,70.9219858156029,2,57.4238927407982
"cthm-14",6,2002,70.9219858156029,2,57.8576479264307
"cthm-14",6,2003,70.2127659574468,2,57.2841492785405
"cthm-14",6,2004,68.7943262411348,2,56.9983608259046
"cthm-14",6,2005,68.7943262411348,2,57.1422457179909
"cthm-14",6,2006,68.7943262411348,2,56.564605640272
"cthm-14",6,2007,68.7943262411348,2,56.9983608259046
"cthm-14",6,2008,68.7943262411348,2,56.9993885751337
"cthm-14",6,2009,68.7943262411348,2,56.7136742894194
"cthm-14",6,2010,68.7943262411348,2,56.5708171465623
"cthm-14",6,2011,68.7943262411348,2,56.2830473623896
"cthm-14",6,2012,68.7943262411348,2,56.7136742894194
"cthm-14",6,2013,69.5035460992908,2,56.8565460102798
"cthm-14",6,2014,69.5035460992908,2,57.0004309023662
"cthm-14",6,2015,69.5035460992908,2,56.999403153137
"cthm-14",6,2016,69.5035460992908,2,55.999403153137
"cthm-14",6,2017,68.7943262411348,2,55.7147020386486
"cthm-14",6,2018,68.7943262411348,2,55.2872033702215
"cthm-14",6,2019,68.7943262411348,2,55.1433184781352
"cthm-14",6,2020,68.7943262411348,2,55.1412179687617
"cthm-14",6,2021,68.7943262411348,2,54.8513476752155
"cthm-14",6,2022,68.7943262411347,2,54.8576041924209
"cthm-14",6,2023,68.7943262411347,2,54.5656333895012
"cthm-14",6,2024,68.7943262411347,2,55.0014890845072
"cthm-14",6,2025,68.7943262411347,2,54.4165197294386
"cthm-14",7,1999,67.1532846715329,2,57.8514655761469
"cthm-14",7,2000,66.4233576642336,2,57.4197513109695
"cthm-14",7,2001,67.1532846715329,2,57.4238927407982
"cthm-14",7,2002,67.8832116788321,2,57.8576479264307
"cthm-14",7,2003,67.8832116788321,2,57.2841492785405
"cthm-14",7,2004,67.1532846715329,2,56.9983608259046
"cthm-14",7,2005,67.1532846715329,2,57.1422457179909
"cthm-14",7,2006,66.4233576642336,2,56.564605640272
"cthm-14",7,2007,67.1532846715329,2,56.9983608259046
"cthm-14",7,2008,67.1532846715329,2,56.9993885751337
"cthm-14",7,2009,67.1532846715329,2,56.7136742894194
"cthm-14",7,2010,67.1532846715329,2,56.5708171465623
"cthm-14",7,2011,67.1532846715329,2,56.2830473623896
"cthm-14",7,2012,67.1532846715329,2,56.7136742894194
"cthm-14",7,2013,67.1532846715329,2,56.8565460102798
"cthm-14",7,2014,67.1532846715329,2,57.0004309023662
"cthm-14",7,2015,67.1532846715329,2,56.999403153137
"cthm-14",7,2016,67.1532846715329,2,55.999403153137
"cthm-14",7,2017,67.1532846715328,2,55.7147020386486
"cthm-14",7,2018,67.8832116788321,2,55.2872033702215
"cthm-14",7,2019,67.8832116788321,2,55.1433184781352
"cthm-14",7,2020,67.1532846715328,2,55.1412179687617
"cthm-14",7,2021,66.4233576642336,2,54.8513476752155
"cthm-14",7,2022,67.8832116788321,2,54.8576041924209
"cthm-14",7,2023,66.4233576642336,2,54.5656333895012
"cthm-14",7,2024,67.8832116788321,2,55.0014890845072
"cthm-14",7,2025,64.963503649635,2,54.4165197294386
"cthm-14",8,1999,23.7410071942446,2,57.8514655761469
"cthm-14",8,2000,23.021582733813,2,57.4197513109695
"cthm-14",8,2001,23.021582733813,2,57.4238927407982
"cthm-14",8,2002,24.4604316546763,2,57.8576479264307
"cthm-14",8,2003,22.3021582733813,2,57.2841492785405
"cthm-14",8,2004,23.021582733813,2,56.9983608259046
"cthm-14",8,2005,23.7410071942446,2,57.1422457179909
"cthm-14",8,2006,21.5827338129497,2,56.564605640272
"cthm-14",8,2007,23.021582733813,2,56.9983608259046
"cthm-14",8,2008,23.7410071942446,2,56.9993885751337
"cthm-14",8,2009,23.7410071942446,2,56.7136742894194
"cthm-14",8,2010,23.7410071942446,2,56.5708171465623
"cthm-14",8,2011,22.3021582733813,2,56.2830473623896
"cthm-14",8,2012,23.7410071942446,2,56.7136742894194
"cthm-14",8,2013,24.4604316546763,2,56.8565460102798
"cthm-14",8,2014,24.4604316546763,2,57.0004309023662
"cthm-14",8,2015,23.7410071942446,2,56.999403153137
"cthm-14",8,2016,23.7410071942446,2,55.999403153137
"cthm-14",8,2017,24.4604316546763,2,55.7147020386486
"cthm-14",8,2018,23.7410071942446,2,55.2872033702215
"cthm-14",8,2019,23.0215827338129,2,55.1433184781352
"cthm-14",8,2020,23.7410071942446,2,55.1412179687617
"cthm-14",8,2021,23.0215827338129,2,54.8513476752155
"cthm-14",8,2022,23.0215827338129,2,54.8576041924209
"cthm-14",8,2023,23.0215827338129,2,54.5656333895012
"cthm-14",8,2024,23.7410071942446,2,55.0014890845072
"cthm-14",8,2025,23.0215827338129,2,54.4165197294386
"cthm-14",9,1999,82.8571428571428,2,57.8514655761469
"cthm-14",9,2000,82.8571428571428,2,57.4197513109695
"cthm-14",9,2001,82.8571428571429,2,57.4238927407982
"cthm-14",9,2002,82.8571428571429,2,57.8576479264307
"cthm-14",9,2003,82.8571428571429,2,57.2841492785405
"cthm-14",9,2004,82.8571428571429,2,56.9983608259046
"cthm-14",9,2005,82.8571428571429,2,57.1422457179909
"cthm-14",9,2006,82.8571428571429,2,56.564605640272
"cthm-14",9,2007,82.8571428571429,2,56.9983608259046
"cthm-14",9,2008,82.1428571428571,2,56.9993885751337
"cthm-14",9,2009,80.7142857142857,2,56.7136742894194
"cthm-14",9,2010,80,2,56.5708171465623
"cthm-14",9,2011,80,2,56.2830473623896
"cthm-14",9,2012,80.7142857142857,2,56.7136742894194
"cthm-14",9,2013,80,2,56.8565460102798
"cthm-14",9,2014,80,2,57.0004309023662
"cthm-14",9,2015,80.7142857142858,2,56.999403153137
"cthm-14",9,2016,75.7142857142858,2,55.999403153137
"cthm-14",9,2017,75.0000000000001,2,55.7147020386486
"cthm-14",9,2018,73.5714285714286,2,55.2872033702215
"cthm-14",9,2019,73.5714285714286,2,55.1433184781352
"cthm-14",9,2020,73.5714285714286,2,55.1412179687617
"cthm-14",9,2021,73.5714285714286,2,54.8513476752155
"cthm-14",9,2022,72.1428571428571,2,54.8576041924209
"cthm-14",9,2023,72.1428571428571,2,54.5656333895012
"cthm-14",9,2024,72.1428571428571,2,55.0014890845072
"cthm-14",9,2025,72.8571428571429,2,54.4165197294386
"cthm-14",10,1999,43.1654676258993,2,57.8514655761469
"cthm-14",10,2000,43.1654676258993,2,57.4197513109695
"cthm-14",10,2001,43.1654676258993,2,57.4238927407982
"cthm-14",10,2002,43.1654676258993,2,57.8576479264307
"cthm-14",10,2003,43.1654676258993,2,57.2841492785405
"cthm-14",10,2004,43.1654676258993,2,56.9983608259046
"cthm-14",10,2005,43.1654676258993,2,57.1422457179909
"cthm-14",10,2006,43.1654676258993,2,56.564605640272
"cthm-14",10,2007,43.1654676258993,2,56.9983608259046
"cthm-14",10,2008,43.1654676258993,2,56.9993885751337
"cthm-14",10,2009,43.1654676258993,2,56.7136742894194
"cthm-14",10,2010,43.1654676258993,2,56.5708171465623
"cthm-14",10,2011,43.1654676258993,2,56.2830473623896
"cthm-14",10,2012,43.1654676258993,2,56.7136742894194
"cthm-14",10,2013,43.1654676258993,2,56.8565460102798
"cthm-14",10,2014,43.884892086331,2,57.0004309023662
"cthm-14",10,2015,43.884892086331,2,56.999403153137
"cthm-14",10,2016,43.884892086331,2,55.999403153137
"cthm-14",10,2017,43.1654676258993,2,55.7147020386486
"cthm-14",10,2018,42.4460431654677,2,55.2872033702215
"cthm-14",10,2019,42.4460431654677,2,55.1433184781352
"cthm-14",10,2020,42.4460431654677,2,55.1412179687617
"cthm-14",10,2021,42.4460431654677,2,54.8513476752155
"cthm-14",10,2022,42.4460431654677,2,54.8576041924209
"cthm-14",10,2023,42.4460431654677,2,54.5656333895012
"cthm-14",10,2024,42.4460431654676,2,55.0014890845072
"cthm-14",10,2025,42.4460431654676,2,54.4165197294386
"cthm-14",11,1999,59.4202898550725,3,45.6764526267185
"cthm-14",11,2000,60.1449275362319,3,45.9642373058075
"cthm-14",11,2001,58.6956521739131,3,45.5315250904866
"cthm-14",11,2002,59.4202898550725,3,45.8193097695756
"cthm-14",11,2003,59.4202898550725,3,46.1050240552899
"cthm-14",11,2004,59.4202898550725,3,46.2478811981471
"cthm-14",11,2005,59.4202898550725,3,45.9621669124328
"cthm-14",11,2006,59.4202898550725,3,46.6774803759477
"cthm-14",11,2007,59.4202898550725,3,44.2489089473763
"cthm-14",11,2008,58.6956521739131,3,43.5325528397158
"cthm-14",11,2009,59.4202898550725,3,43.8203375188049
"cthm-14",11,2010,57.9710144927537,3,43.9590538749125
"cthm-14",11,2011,58.6956521739131,3,45.1039814111444
"cthm-14",11,2012,59.4202898550725,3,45.5346232330906
"cthm-14",11,2013,57.9710144927537,3,46.2447681606268
"cthm-14",11,2014,57.2463768115942,3,45.9569834815378
"cthm-14",11,2015,57.2463768115942,3,46.0998406243949
"cthm-14",11,2016,57.2463768115942,3,46.5284120529663
"cthm-14",11,2017,57.2463768115942,3,46.3855549101092
"cthm-14",11,2018,57.9710144927537,3,46.3876253034839
"cthm-14",11,2019,57.2463768115942,3,45.9569834815378
"cthm-14",11,2020,57.2463768115942,3,45.8141263386806
"cthm-14",11,2021,57.2463768115942,3,46.242697767252
"cthm-14",11,2022,57.2463768115942,3,46.3855549101092
"cthm-14",11,2023,57.9710144927537,3,46.3876253034839
"cthm-14",11,2024,57.2463768115942,3,46.242697767252
"cthm-14",11,2025,57.2463768115942,3,46.3855549101092
"cthm-14",12,1999,30,3,45.6764526267185
"cthm-14",12,2000,30,3,45.9642373058075
"cthm-14",12,2001,30,3,45.5315250904866
"cthm-14",12,2002,30,3,45.8193097695756
"cthm-14",12,2003,30.7142857142857,3,46.1050240552899
"cthm-14",12,2004,30.7142857142857,3,46.2478811981471
"cthm-14",12,2005,30,3,45.9621669124328
"cthm-14",12,2006,30.7142857142857,3,46.6774803759477
"cthm-14",12,2007,31.4285714285714,3,44.2489089473763
"cthm-14",12,2008,30.7142857142857,3,43.5325528397158
"cthm-14",12,2009,30.7142857142857,3,43.8203375188049
"cthm-14",12,2010,30.7142857142857,3,43.9590538749125
"cthm-14",12,2011,32.1428571428572,3,45.1039814111444
"cthm-14",12,2012,32.8571428571429,3,45.5346232330906
"cthm-14",12,2013,32.8571428571429,3,46.2447681606268
"cthm-14",12,2014,31.4285714285715,3,45.9569834815378
"cthm-14",12,2015,31.4285714285715,3,46.0998406243949
"cthm-14",12,2016,31.4285714285715,3,46.5284120529663
"cthm-14",12,2017,32.1428571428572,3,46.3855549101092
"cthm-14",12,2018,32.1428571428572,3,46.3876253034839
"cthm-14",12,2019,30.7142857142858,3,45.9569834815378
"cthm-14",12,2020,30.7142857142858,3,45.8141263386806
"cthm-14",12,2021,31.4285714285715,3,46.242697767252
"cthm-14",12,2022,31.4285714285715,3,46.3855549101092
"cthm-14",12,2023,31.4285714285715,3,46.3876253034839
"cthm-14",12,2024,30.7142857142858,3,46.242697767252
"cthm-14",12,2025,31.4285714285715,3,46.3855549101092
"cthm-14",13,1999,35,3,45.6764526267185
"cthm-14",13,2000,35,3,45.9642373058075
"cthm-14",13,2001,35,3,45.5315250904866
"cthm-14",13,2002,35,3,45.8193097695756
"cthm-14",13,2003,35,3,46.1050240552899
"cthm-14",13,2004,35,3,46.2478811981471
"cthm-14",13,2005,35.7142857142857,3,45.9621669124328
"cthm-14",13,2006,35.7142857142857,3,46.6774803759477
"cthm-14",13,2007,23.5714285714286,3,44.2489089473763
"cthm-14",13,2008,22.1428571428571,3,43.5325528397158
"cthm-14",13,2009,22.1428571428571,3,43.8203375188049
"cthm-14",13,2010,25,3,43.9590538749125
"cthm-14",13,2011,27.8571428571429,3,45.1039814111444
"cthm-14",13,2012,28.5714285714286,3,45.5346232330906
"cthm-14",13,2013,32.1428571428571,3,46.2447681606268
"cthm-14",13,2014,35,3,45.9569834815378
"cthm-14",13,2015,36.4285714285714,3,46.0998406243949
"cthm-14",13,2016,36.4285714285714,3,46.5284120529663
"cthm-14",13,2017,36.4285714285714,3,46.3855549101092
"cthm-14",13,2018,35.7142857142857,3,46.3876253034839
"cthm-14",13,2019,35.7142857142857,3,45.9569834815378
"cthm-14",13,2020,35.7142857142857,3,45.8141263386806
"cthm-14",13,2021,35.7142857142857,3,46.242697767252
"cthm-14",13,2022,36.4285714285714,3,46.3855549101092
"cthm-14",13,2023,35.7142857142857,3,46.3876253034839
"cthm-14",13,2024,35.7142857142857,3,46.242697767252
"cthm-14",13,2025,35.7142857142857,3,46.3855549101092
"cthm-14",14,1999,49.2857142857143,3,45.6764526267185
"cthm-14",14,2000,50,3,45.9642373058075
"cthm-14",14,2001,49.2857142857143,3,45.5315250904866
"cthm-14",14,2002,50,3,45.8193097695756
"cthm-14",14,2003,50.7142857142858,3,46.1050240552899
"cthm-14",14,2004,51.4285714285715,3,46.2478811981471
"cthm-14",14,2005,50,3,45.9621669124328
"cthm-14",14,2006,52.1428571428572,3,46.6774803759477
"cthm-14",14,2007,51.4285714285714,3,44.2489089473763
"cthm-14",14,2008,50.7142857142857,3,43.5325528397158
"cthm-14",14,2009,51.4285714285715,3,43.8203375188049
"cthm-14",14,2010,50.7142857142857,3,43.9590538749125
"cthm-14",14,2011,51.4285714285714,3,45.1039814111444
"cthm-14",14,2012,51.4285714285714,3,45.5346232330906
"cthm-14",14,2013,52.8571428571428,3,46.2447681606268
"cthm-14",14,2014,50.7142857142857,3,45.9569834815378
"cthm-14",14,2015,50,3,46.0998406243949
"cthm-14",14,2016,52.1428571428571,3,46.5284120529663
"cthm-14",14,2017,50.7142857142857,3,46.3855549101092
"cthm-14",14,2018,50.7142857142857,3,46.3876253034839
"cthm-14",14,2019,50.7142857142857,3,45.9569834815378
"cthm-14",14,2020,50,3,45.8141263386806
"cthm-14",14,2021,51.4285714285714,3,46.242697767252
"cthm-14",14,2022,51.4285714285714,3,46.3855549101092
"cthm-14",14,2023,51.4285714285714,3,46.3876253034839
"cthm-14",14,2024,52.1428571428571,3,46.242697767252
"cthm-14",14,2025,52.1428571428571,3,46.3855549101092
"cthm-14",15,1999,54.6762589928058,3,45.6764526267185
"cthm-14",15,2000,54.6762589928058,3,45.9642373058075
"cthm-14",15,2001,54.6762589928058,3,45.5315250904866
"cthm-14",15,2002,54.6762589928058,3,45.8193097695756
"cthm-14",15,2003,54.6762589928058,3,46.1050240552899
"cthm-14",15,2004,54.6762589928058,3,46.2478811981471
"cthm-14",15,2005,54.6762589928058,3,45.9621669124328
"cthm-14",15,2006,55.3956834532375,3,46.6774803759477
"cthm-14",15,2007,55.3956834532375,3,44.2489089473763
"cthm-14",15,2008,55.3956834532375,3,43.5325528397158
"cthm-14",15,2009,55.3956834532375,3,43.8203375188049
"cthm-14",15,2010,55.3956834532375,3,43.9590538749125
"cthm-14",15,2011,55.3956834532375,3,45.1039814111444
"cthm-14",15,2012,55.3956834532375,3,45.5346232330906
"cthm-14",15,2013,55.3956834532375,3,46.2447681606268
"cthm-14",15,2014,55.3956834532375,3,45.9569834815378
"cthm-14",15,2015,55.3956834532375,3,46.0998406243949
"cthm-14",15,2016,55.3956834532375,3,46.5284120529663
"cthm-14",15,2017,55.3956834532375,3,46.3855549101092
"cthm-14",15,2018,55.3956834532375,3,46.3876253034839
"cthm-14",15,2019,55.3956834532375,3,45.9569834815378
"cthm-14",15,2020,55.3956834532375,3,45.8141263386806
"cthm-14",15,2021,55.3956834532375,3,46.242697767252
"cthm-14",15,2022,55.3956834532375,3,46.3855549101092
"cthm-14",15,2023,55.3956834532375,3,46.3876253034839
"cthm-14",15,2024,55.3956834532375,3,46.242697767252
"cthm-14",15,2025,55.3956834532375,3,46.3855549101092
"cthm-14",16,1999,61.5942028985507,4,54.6277205802425
"cthm-14",16,2000,61.5942028985507,4,54.4838356881562
"cthm-14",16,2001,61.5942028985507,4,54.4838356881562
"cthm-14",16,2002,61.5942028985507,4,54.1960659039835
"cthm-14",16,2003,61.5942028985507,4,54.1960659039835
"cthm-14",16,2004,61.5942028985507,4,54.1960659039835
"cthm-14",16,2005,61.5942028985507,4,54.0521810118972
"cthm-14",16,2006,59.4202898550725,4,53.6173984032016
"cthm-14",16,2007,59.4202898550725,4,53.6173984032016
"cthm-14",16,2008,60.8695652173913,4,53.9072534756654
"cthm-14",16,2009,60.1449275362318,4,53.6173984032016
"cthm-14",16,2010,60.8695652173913,4,53.7623259394335
"cthm-14",16,2011,61.5942028985508,4,53.0561896458781
"cthm-14",16,2012,61.5942028985508,4,53.0561896458781
"cthm-14",16,2013,61.5942028985508,4,53.4837624812269
"cthm-14",16,2014,61.5942028985508,4,53.3398775891405
"cthm-14",16,2015,61.5942028985508,4,53.4817215607717
"cthm-14",16,2016,61.5942028985508,4,53.7694913449444
"cthm-14",16,2017,61.5942028985508,4,53.1939517765991
"cthm-14",16,2018,61.5942028985508,4,53.0500668845127
"cthm-14",16,2019,61.5942028985508,4,53.0500668845127
"cthm-14",16,2020,61.5942028985508,4,53.1939517765991
"cthm-14",16,2021,61.5942028985508,4,53.1939517765991
"cthm-14",16,2022,61.5942028985508,4,53.3378366686854
"cthm-14",16,2023,61.5942028985508,4,53.3378366686854
"cthm-14",16,2024,61.5942028985508,4,53.3378366686854
"cthm-14",16,2025,61.5942028985508,4,53.3378366686854
"cthm-14",17,1999,60.431654676259,4,54.6277205802425
"cthm-14",17,2000,59.7122302158274,4,54.4838356881562
"cthm-14",17,2001,59.7122302158274,4,54.4838356881562
"cthm-14",17,2002,58.273381294964,4,54.1960659039835
"cthm-14",17,2003,58.273381294964,4,54.1960659039835
"cthm-14",17,2004,58.273381294964,4,54.1960659039835
"cthm-14",17,2005,58.273381294964,4,54.0521810118972
"cthm-14",17,2006,58.2733812949641,4,53.6173984032016
"cthm-14",17,2007,58.2733812949641,4,53.6173984032016
"cthm-14",17,2008,58.2733812949641,4,53.9072534756654
"cthm-14",17,2009,58.2733812949641,4,53.6173984032016
"cthm-14",17,2010,58.2733812949641,4,53.7623259394335
"cthm-14",17,2011,58.2733812949641,4,53.0561896458781
"cthm-14",17,2012,58.2733812949641,4,53.0561896458781
"cthm-14",17,2013,58.9928057553957,4,53.4837624812269
"cthm-14",17,2014,58.2733812949641,4,53.3398775891405
"cthm-14",17,2015,58.2733812949641,4,53.4817215607717
"cthm-14",17,2016,59.7122302158274,4,53.7694913449444
"cthm-14",17,2017,56.8345323741008,4,53.1939517765991
"cthm-14",17,2018,56.1151079136691,4,53.0500668845127
"cthm-14",17,2019,56.1151079136691,4,53.0500668845127
"cthm-14",17,2020,56.1151079136691,4,53.1939517765991
"cthm-14",17,2021,56.1151079136691,4,53.1939517765991
"cthm-14",17,2022,56.8345323741008,4,53.3378366686854
"cthm-14",17,2023,56.8345323741008,4,53.3378366686854
"cthm-14",17,2024,56.8345323741008,4,53.3378366686854
"cthm-14",17,2025,56.8345323741008,4,53.3378366686854
"cthm-14",18,1999,74.1007194244604,4,54.6277205802425
"cthm-14",18,2000,74.1007194244604,4,54.4838356881562
"cthm-14",18,2001,74.1007194244604,4,54.4838356881562
"cthm-14",18,2002,74.1007194244604,4,54.1960659039835
"cthm-14",18,2003,74.1007194244604,4,54.1960659039835
"cthm-14",18,2004,74.1007194244604,4,54.1960659039835
"cthm-14",18,2005,73.3812949640288,4,54.0521810118972
"cthm-14",18,2006,73.3812949640288,4,53.6173984032016
"cthm-14",18,2007,73.3812949640288,4,53.6173984032016
"cthm-14",18,2008,73.3812949640288,4,53.9072534756654
"cthm-14",18,2009,73.3812949640288,4,53.6173984032016
"cthm-14",18,2010,73.3812949640288,4,53.7623259394335
"cthm-14",18,2011,73.3812949640288,4,53.0561896458781
"cthm-14",18,2012,73.3812949640288,4,53.0561896458781
"cthm-14",18,2013,73.3812949640288,4,53.4837624812269
"cthm-14",18,2014,73.3812949640288,4,53.3398775891405
"cthm-14",18,2015,73.3812949640288,4,53.4817215607717
"cthm-14",18,2016,73.3812949640288,4,53.7694913449444
"cthm-14",18,2017,73.3812949640288,4,53.1939517765991
"cthm-14",18,2018,73.3812949640288,4,53.0500668845127
"cthm-14",18,2019,73.3812949640288,4,53.0500668845127
"cthm-14",18,2020,74.1007194244604,4,53.1939517765991
"cthm-14",18,2021,74.1007194244604,4,53.1939517765991
"cthm-14",18,2022,74.1007194244604,4,53.3378366686854
"cthm-14",18,2023,74.1007194244604,4,53.3378366686854
"cthm-14",18,2024,74.1007194244604,4,53.3378366686854
"cthm-14",18,2025,74.1007194244604,4,53.3378366686854
"cthm-14",19,1999,52.8985507246376,4,54.6277205802425
"cthm-14",19,2000,52.8985507246376,4,54.4838356881562
"cthm-14",19,2001,52.8985507246376,4,54.4838356881562
"cthm-14",19,2002,52.8985507246376,4,54.1960659039835
"cthm-14",19,2003,52.8985507246376,4,54.1960659039835
"cthm-14",19,2004,52.8985507246376,4,54.1960659039835
"cthm-14",19,2005,52.8985507246376,4,54.0521810118972
"cthm-14",19,2006,52.8985507246376,4,53.6173984032016
"cthm-14",19,2007,52.8985507246376,4,53.6173984032016
"cthm-14",19,2008,52.8985507246376,4,53.9072534756654
"cthm-14",19,2009,52.1739130434782,4,53.6173984032016
"cthm-14",19,2010,52.1739130434782,4,53.7623259394335
"cthm-14",19,2011,52.1739130434782,4,53.0561896458781
"cthm-14",19,2012,52.1739130434782,4,53.0561896458781
"cthm-14",19,2013,52.1739130434782,4,53.4837624812269
"cthm-14",19,2014,52.1739130434782,4,53.3398775891405
"cthm-14",19,2015,52.1739130434782,4,53.4817215607717
"cthm-14",19,2016,52.1739130434782,4,53.7694913449444
"cthm-14",19,2017,52.1739130434782,4,53.1939517765991
"cthm-14",19,2018,52.1739130434782,4,53.0500668845127
"cthm-14",19,2019,52.1739130434782,4,53.0500668845127
"cthm-14",19,2020,52.1739130434782,4,53.1939517765991
"cthm-14",19,2021,52.1739130434782,4,53.1939517765991
"cthm-14",19,2022,52.1739130434782,4,53.3378366686854
"cthm-14",19,2023,52.1739130434782,4,53.3378366686854
"cthm-14",19,2024,52.1739130434782,4,53.3378366686854
"cthm-14",19,2025,52.1739130434782,4,53.3378366686854
"cthm-14",20,1999,24.113475177305,4,54.6277205802425
"cthm-14",20,2000,24.113475177305,4,54.4838356881562
"cthm-14",20,2001,24.113475177305,4,54.4838356881562
"cthm-14",20,2002,24.113475177305,4,54.1960659039835
"cthm-14",20,2003,24.113475177305,4,54.1960659039835
"cthm-14",20,2004,24.113475177305,4,54.1960659039835
"cthm-14",20,2005,24.113475177305,4,54.0521810118972
"cthm-14",20,2006,24.113475177305,4,53.6173984032016
"cthm-14",20,2007,24.113475177305,4,53.6173984032016
"cthm-14",20,2008,24.113475177305,4,53.9072534756654
"cthm-14",20,2009,24.113475177305,4,53.6173984032016
"cthm-14",20,2010,24.113475177305,4,53.7623259394335
"cthm-14",20,2011,19.8581560283688,4,53.0561896458781
"cthm-14",20,2012,19.8581560283688,4,53.0561896458781
"cthm-14",20,2013,21.2765957446808,4,53.4837624812269
"cthm-14",20,2014,21.2765957446808,4,53.3398775891405
"cthm-14",20,2015,21.9858156028368,4,53.4817215607717
"cthm-14",20,2016,21.9858156028368,4,53.7694913449444
"cthm-14",20,2017,21.9858156028368,4,53.1939517765991
"cthm-14",20,2018,21.9858156028368,4,53.0500668845127
"cthm-14",20,2019,21.9858156028368,4,53.0500668845127
"cthm-14",20,2020,21.9858156028368,4,53.1939517765991
"cthm-14",20,2021,21.9858156028368,4,53.1939517765991
"cthm-14",20,2022,21.9858156028368,4,53.3378366686854
"cthm-14",20,2023,21.9858156028368,4,53.3378366686854
"cthm-14",20,2024,21.9858156028368,4,53.3378366686854
"cthm-14",20,2025,21.9858156028368,4,53.3378366686854
"drhm-01",1,1999,61.1510791366907,1,36.8484179221972
"drhm-01",1,2000,61.1510791366907,1,36.8484179221972
"drhm-01",1,2001,61.1510791366907,1,36.8484179221972
"drhm-01",1,2002,61.1510791366907,1,37.0257228867362
"drhm-01",1,2003,61.1510791366907,1,35.9555607793401
"drhm-01",1,2004,61.1510791366907,1,35.423645885723
"drhm-01",1,2005,61.1510791366907,1,35.423645885723
"drhm-01",1,2006,61.1510791366907,1,35.246340921184
"drhm-01",1,2007,61.1510791366907,1,35.246340921184
"drhm-01",1,2008,61.1510791366906,1,35.246340921184
"drhm-01",1,2009,61.1510791366906,1,35.246340921184
"drhm-01",1,2010,61.1510791366906,1,35.246340921184
"drhm-01",1,2011,61.1510791366906,1,35.246340921184
"drhm-01",1,2012,61.1510791366906,1,35.246340921184
"drhm-01",1,2013,61.1510791366906,1,35.246340921184
"drhm-01",1,2014,61.1510791366906,1,35.246340921184
"drhm-01",1,2015,61.1510791366906,1,35.246340921184
"drhm-01",1,2016,61.1510791366906,1,35.246340921184
"drhm-01",1,2017,61.1510791366906,1,35.246340921184
"drhm-01",1,2018,61.1510791366906,1,35.246340921184
"drhm-01",1,2019,61.1510791366906,1,35.246340921184
"drhm-01",1,2020,61.1510791366906,1,35.6060531513998
"drhm-01",1,2021,61.1510791366906,1,36.1456214967236
"drhm-01",1,2022,61.1510791366906,1,37.9441826478027
"drhm-01",1,2023,61.1510791366906,1,37.9441826478027
"drhm-01",1,2024,61.1510791366906,1,37.9441826478027
"drhm-01",1,2025,61.1510791366906,1,37.9441826478027
"drhm-01",3,1999,14.3884892086331,1,36.8484179221972
"drhm-01",3,2000,14.3884892086331,1,36.8484179221972
"drhm-01",3,2001,14.3884892086331,1,36.8484179221972
"drhm-01",3,2002,14.3884892086331,1,37.0257228867362
"drhm-01",3,2003,14.3884892086331,1,35.9555607793401
"drhm-01",3,2004,14.3884892086331,1,35.423645885723
"drhm-01",3,2005,14.3884892086331,1,35.423645885723
"drhm-01",3,2006,14.3884892086331,1,35.246340921184
"drhm-01",3,2007,14.3884892086331,1,35.246340921184
"drhm-01",3,2008,14.3884892086331,1,35.246340921184
"drhm-01",3,2009,14.3884892086331,1,35.246340921184
"drhm-01",3,2010,14.3884892086331,1,35.246340921184
"drhm-01",3,2011,14.3884892086331,1,35.246340921184
"drhm-01",3,2012,14.3884892086331,1,35.246340921184
"drhm-01",3,2013,14.3884892086331,1,35.246340921184
"drhm-01",3,2014,14.3884892086331,1,35.246340921184
"drhm-01",3,2015,14.3884892086331,1,35.246340921184
"drhm-01",3,2016,14.3884892086331,1,35.246340921184
"drhm-01",3,2017,14.3884892086331,1,35.246340921184
"drhm-01",3,2018,14.3884892086331,1,35.246340921184
"drhm-01",3,2019,14.3884892086331,1,35.246340921184
"drhm-01",3,2020,15.8273381294964,1,35.6060531513998
"drhm-01",3,2021,17.9856115107913,1,36.1456214967236
"drhm-01",3,2022,25.1798561151079,1,37.9441826478027
"drhm-01",3,2023,25.1798561151079,1,37.9441826478027
"drhm-01",3,2024,25.1798561151079,1,37.9441826478027
"drhm-01",3,2025,25.1798561151079,1,37.9441826478027
"drhm-01",4,1999,31.4285714285714,1,36.8484179221972
"drhm-01",4,2000,31.4285714285714,1,36.8484179221972
"drhm-01",4,2001,31.4285714285714,1,36.8484179221972
"drhm-01",4,2002,31.4285714285714,1,37.0257228867362
"drhm-01",4,2003,27.8571428571429,1,35.9555607793401
"drhm-01",4,2004,27.8571428571429,1,35.423645885723
"drhm-01",4,2005,27.8571428571429,1,35.423645885723
"drhm-01",4,2006,27.8571428571429,1,35.246340921184
"drhm-01",4,2007,27.8571428571429,1,35.246340921184
"drhm-01",4,2008,27.8571428571429,1,35.246340921184
"drhm-01",4,2009,27.8571428571429,1,35.246340921184
"drhm-01",4,2010,27.8571428571429,1,35.246340921184
"drhm-01",4,2011,27.8571428571429,1,35.246340921184
"drhm-01",4,2012,27.8571428571429,1,35.246340921184
"drhm-01",4,2013,27.8571428571429,1,35.246340921184
"drhm-01",4,2014,27.8571428571429,1,35.246340921184
"drhm-01",4,2015,27.8571428571429,1,35.246340921184
"drhm-01",4,2016,27.8571428571429,1,35.246340921184
"drhm-01",4,2017,27.8571428571429,1,35.246340921184
"drhm-01",4,2018,27.8571428571429,1,35.246340921184
"drhm-01",4,2019,27.8571428571429,1,35.246340921184
"drhm-01",4,2020,27.8571428571429,1,35.6060531513998
"drhm-01",4,2021,27.8571428571429,1,36.1456214967236
"drhm-01",4,2022,27.8571428571429,1,37.9441826478027
"drhm-01",4,2023,27.8571428571429,1,37.9441826478027
"drhm-01",4,2024,27.8571428571429,1,37.9441826478027
"drhm-01",4,2025,27.8571428571429,1,37.9441826478027
"drhm-01",5,1999,40.4255319148937,1,36.8484179221972
"drhm-01",5,2000,40.4255319148937,1,36.8484179221972
"drhm-01",5,2001,40.4255319148937,1,36.8484179221972
"drhm-01",5,2002,41.1347517730497,1,37.0257228867362
"drhm-01",5,2003,40.4255319148937,1,35.9555607793401
"drhm-01",5,2004,38.2978723404255,1,35.423645885723
"drhm-01",5,2005,38.2978723404255,1,35.423645885723
"drhm-01",5,2006,37.5886524822695,1,35.246340921184
"drhm-01",5,2007,37.5886524822695,1,35.246340921184
"drhm-01",5,2008,37.5886524822695,1,35.246340921184
"drhm-01",5,2009,37.5886524822695,1,35.246340921184
"drhm-01",5,2010,37.5886524822695,1,35.246340921184
"drhm-01",5,2011,37.5886524822695,1,35.246340921184
"drhm-01",5,2012,37.5886524822695,1,35.246340921184
"drhm-01",5,2013,37.5886524822695,1,35.246340921184
"drhm-01",5,2014,37.5886524822695,1,35.246340921184
"drhm-01",5,2015,37.5886524822695,1,35.246340921184
"drhm-01",5,2016,37.5886524822695,1,35.246340921184
"drhm-01",5,2017,37.5886524822695,1,35.246340921184
"drhm-01",5,2018,37.5886524822695,1,35.246340921184
"drhm-01",5,2019,37.5886524822695,1,35.246340921184
"drhm-01",5,2020,37.5886524822695,1,35.6060531513998
"drhm-01",5,2021,37.5886524822695,1,36.1456214967236
"drhm-01",5,2022,37.5886524822695,1,37.9441826478027
"drhm-01",5,2023,37.5886524822695,1,37.9441826478027
"drhm-01",5,2024,37.5886524822695,1,37.9441826478027
"drhm-01",5,2025,37.5886524822695,1,37.9441826478027
"drhm-01",6,1999,8.51063829787234,2,24.8462765402849
"drhm-01",6,2000,8.51063829787234,2,24.8462765402849
"drhm-01",6,2001,8.51063829787234,2,24.7044325686537
"drhm-01",6,2002,8.51063829787234,2,24.7044325686537
"drhm-01",6,2003,8.51063829787234,2,24.5625885970225
"drhm-01",6,2004,8.51063829787234,2,24.5625885970225
"drhm-01",6,2005,8.51063829787234,2,24.5625885970225
"drhm-01",6,2006,8.51063829787234,2,24.7044325686537
"drhm-01",6,2007,8.51063829787234,2,24.7044325686537
"drhm-01",6,2008,8.51063829787234,2,24.7044325686537
"drhm-01",6,2009,8.51063829787234,2,24.7044325686537
"drhm-01",6,2010,8.51063829787234,2,24.7044325686537
"drhm-01",6,2011,8.51063829787234,2,24.7044325686537
"drhm-01",6,2012,8.51063829787234,2,24.7044325686537
"drhm-01",6,2013,8.51063829787234,2,24.7044325686537
"drhm-01",6,2014,8.51063829787234,2,24.7044325686537
"drhm-01",6,2015,8.51063829787234,2,24.7044325686537
"drhm-01",6,2016,8.51063829787234,2,24.5625885970225
"drhm-01",6,2017,8.51063829787234,2,24.5625885970225
"drhm-01",6,2018,8.51063829787234,2,24.5625885970225
"drhm-01",6,2019,8.51063829787234,2,24.5625885970225
"drhm-01",6,2020,8.51063829787234,2,24.5625885970225
"drhm-01",6,2021,8.51063829787234,2,22.7186169658168
"drhm-01",6,2022,8.51063829787234,2,22.5767729941856
"drhm-01",6,2023,8.51063829787234,2,22.5767729941856
"drhm-01",6,2024,8.51063829787234,2,22.5767729941856
"drhm-01",6,2025,8.51063829787234,2,22.5767729941856
"drhm-01",7,1999,41.8439716312057,2,24.8462765402849
"drhm-01",7,2000,41.8439716312057,2,24.8462765402849
"drhm-01",7,2001,41.8439716312057,2,24.7044325686537
"drhm-01",7,2002,41.8439716312057,2,24.7044325686537
"drhm-01",7,2003,41.1347517730497,2,24.5625885970225
"drhm-01",7,2004,41.1347517730497,2,24.5625885970225
"drhm-01",7,2005,41.1347517730497,2,24.5625885970225
"drhm-01",7,2006,41.8439716312057,2,24.7044325686537
"drhm-01",7,2007,41.8439716312057,2,24.7044325686537
"drhm-01",7,2008,41.8439716312057,2,24.7044325686537
"drhm-01",7,2009,41.8439716312057,2,24.7044325686537
"drhm-01",7,2010,41.8439716312057,2,24.7044325686537
"drhm-01",7,2011,41.8439716312057,2,24.7044325686537
"drhm-01",7,2012,41.8439716312057,2,24.7044325686537
"drhm-01",7,2013,41.8439716312057,2,24.7044325686537
"drhm-01",7,2014,41.8439716312057,2,24.7044325686537
"drhm-01",7,2015,41.8439716312057,2,24.7044325686537
"drhm-01",7,2016,41.1347517730497,2,24.5625885970225
"drhm-01",7,2017,41.1347517730497,2,24.5625885970225
"drhm-01",7,2018,41.1347517730497,2,24.5625885970225
"drhm-01",7,2019,41.1347517730497,2,24.5625885970225
"drhm-01",7,2020,41.1347517730497,2,24.5625885970225
"drhm-01",7,2021,41.1347517730497,2,22.7186169658168
"drhm-01",7,2022,41.1347517730497,2,22.5767729941856
"drhm-01",7,2023,41.1347517730497,2,22.5767729941856
"drhm-01",7,2024,41.1347517730497,2,22.5767729941856
"drhm-01",7,2025,41.1347517730497,2,22.5767729941856
"drhm-01",8,1999,2.87769784172662,2,24.8462765402849
"drhm-01",8,2000,2.87769784172662,2,24.8462765402849
"drhm-01",8,2001,2.87769784172662,2,24.7044325686537
"drhm-01",8,2002,2.87769784172662,2,24.7044325686537
"drhm-01",8,2003,2.87769784172662,2,24.5625885970225
"drhm-01",8,2004,2.87769784172662,2,24.5625885970225
"drhm-01",8,2005,2.87769784172662,2,24.5625885970225
"drhm-01",8,2006,2.87769784172662,2,24.7044325686537
"drhm-01",8,2007,2.87769784172662,2,24.7044325686537
"drhm-01",8,2008,2.87769784172662,2,24.7044325686537
"drhm-01",8,2009,2.87769784172662,2,24.7044325686537
"drhm-01",8,2010,2.87769784172662,2,24.7044325686537
"drhm-01",8,2011,2.87769784172662,2,24.7044325686537
"drhm-01",8,2012,2.87769784172662,2,24.7044325686537
"drhm-01",8,2013,2.87769784172662,2,24.7044325686537
"drhm-01",8,2014,2.87769784172662,2,24.7044325686537
"drhm-01",8,2015,2.87769784172662,2,24.7044325686537
"drhm-01",8,2016,2.87769784172662,2,24.5625885970225
"drhm-01",8,2017,2.87769784172662,2,24.5625885970225
"drhm-01",8,2018,2.87769784172662,2,24.5625885970225
"drhm-01",8,2019,2.87769784172662,2,24.5625885970225
"drhm-01",8,2020,2.87769784172662,2,24.5625885970225
"drhm-01",8,2021,2.87769784172662,2,22.7186169658168
"drhm-01",8,2022,2.87769784172662,2,22.5767729941856
"drhm-01",8,2023,2.87769784172662,2,22.5767729941856
"drhm-01",8,2024,2.87769784172662,2,22.5767729941856
"drhm-01",8,2025,2.87769784172662,2,22.5767729941856
"drhm-01",9,1999,67.3758865248227,2,24.8462765402849
"drhm-01",9,2000,67.3758865248227,2,24.8462765402849
"drhm-01",9,2001,66.6666666666667,2,24.7044325686537
"drhm-01",9,2002,66.6666666666667,2,24.7044325686537
"drhm-01",9,2003,66.6666666666667,2,24.5625885970225
"drhm-01",9,2004,66.6666666666667,2,24.5625885970225
"drhm-01",9,2005,66.6666666666667,2,24.5625885970225
"drhm-01",9,2006,66.6666666666667,2,24.7044325686537
"drhm-01",9,2007,66.6666666666667,2,24.7044325686537
"drhm-01",9,2008,66.6666666666667,2,24.7044325686537
"drhm-01",9,2009,66.6666666666667,2,24.7044325686537
"drhm-01",9,2010,66.6666666666667,2,24.7044325686537
"drhm-01",9,2011,66.6666666666667,2,24.7044325686537
"drhm-01",9,2012,66.6666666666667,2,24.7044325686537
"drhm-01",9,2013,66.6666666666667,2,24.7044325686537
"drhm-01",9,2014,66.6666666666667,2,24.7044325686537
"drhm-01",9,2015,66.6666666666667,2,24.7044325686537
"drhm-01",9,2016,66.6666666666667,2,24.5625885970225
"drhm-01",9,2017,66.6666666666667,2,24.5625885970225
"drhm-01",9,2018,66.6666666666667,2,24.5625885970225
"drhm-01",9,2019,66.6666666666667,2,24.5625885970225
"drhm-01",9,2020,66.6666666666667,2,24.5625885970225
"drhm-01",9,2021,57.4468085106383,2,22.7186169658168
"drhm-01",9,2022,56.7375886524823,2,22.5767729941856
"drhm-01",9,2023,56.7375886524823,2,22.5767729941856
"drhm-01",9,2024,56.7375886524823,2,22.5767729941856
"drhm-01",9,2025,56.7375886524823,2,22.5767729941856
"drhm-01",10,1999,3.6231884057971,2,24.8462765402849
"drhm-01",10,2000,3.6231884057971,2,24.8462765402849
"drhm-01",10,2001,3.6231884057971,2,24.7044325686537
"drhm-01",10,2002,3.6231884057971,2,24.7044325686537
"drhm-01",10,2003,3.6231884057971,2,24.5625885970225
"drhm-01",10,2004,3.6231884057971,2,24.5625885970225
"drhm-01",10,2005,3.6231884057971,2,24.5625885970225
"drhm-01",10,2006,3.6231884057971,2,24.7044325686537
"drhm-01",10,2007,3.6231884057971,2,24.7044325686537
"drhm-01",10,2008,3.6231884057971,2,24.7044325686537
"drhm-01",10,2009,3.6231884057971,2,24.7044325686537
"drhm-01",10,2010,3.6231884057971,2,24.7044325686537
"drhm-01",10,2011,3.6231884057971,2,24.7044325686537
"drhm-01",10,2012,3.6231884057971,2,24.7044325686537
"drhm-01",10,2013,3.6231884057971,2,24.7044325686537
"drhm-01",10,2014,3.6231884057971,2,24.7044325686537
"drhm-01",10,2015,3.6231884057971,2,24.7044325686537
"drhm-01",10,2016,3.6231884057971,2,24.5625885970225
"drhm-01",10,2017,3.6231884057971,2,24.5625885970225
"drhm-01",10,2018,3.6231884057971,2,24.5625885970225
"drhm-01",10,2019,3.6231884057971,2,24.5625885970225
"drhm-01",10,2020,3.6231884057971,2,24.5625885970225
"drhm-01",10,2021,3.6231884057971,2,22.7186169658168
"drhm-01",10,2022,3.6231884057971,2,22.5767729941856
"drhm-01",10,2023,3.6231884057971,2,22.5767729941856
"drhm-01",10,2024,3.6231884057971,2,22.5767729941856
"drhm-01",10,2025,3.6231884057971,2,22.5767729941856
"drhm-01",11,1999,72.1428571428572,3,69.472389554467
"drhm-01",11,2000,72.1428571428572,3,69.904044230726
"drhm-01",11,2001,72.1428571428572,3,70.9154394940773
"drhm-01",11,2002,72.1428571428572,3,72.0686191401415
"drhm-01",11,2003,72.1428571428572,3,70.0731352352945
"drhm-01",11,2004,72.1428571428572,3,71.6831756701
"drhm-01",11,2005,70.7142857142857,3,71.9772019714781
"drhm-01",11,2006,70,3,73.0001275309262
"drhm-01",11,2007,70,3,72.2878523041838
"drhm-01",11,2008,70,3,65.4015273703873
"drhm-01",11,2009,70,3,65.68929715456
"drhm-01",11,2010,70,3,67.2720309675096
"drhm-01",11,2011,70,3,68.7108798883729
"drhm-01",11,2012,70.7142857142857,3,68.7098521391437
"drhm-01",11,2013,70.7142857142857,3,68.2781974628847
"drhm-01",11,2014,69.2857142857143,3,69.1488811036676
"drhm-01",11,2015,69.2857142857143,3,73.4387513972138
"drhm-01",11,2016,69.2857142857143,3,75.0258212616559
"drhm-01",11,2017,69.2857142857143,3,76.4543926902274
"drhm-01",11,2018,69.2857142857143,3,76.4543926902274
"drhm-01",11,2019,69.2857142857143,3,76.4543926902274
"drhm-01",11,2020,64.2857142857143,3,75.1666229060547
"drhm-01",11,2021,29.2857142857142,3,68.1666229060547
"drhm-01",11,2022,30.7142857142857,3,68.3084522996827
"drhm-01",11,2023,30.7142857142857,3,68.3084522996827
"drhm-01",11,2024,30.7142857142857,3,68.3084522996827
"drhm-01",11,2025,35.7142857142858,3,69.5962220838553
"drhm-01",12,1999,79.8561151079137,3,69.472389554467
"drhm-01",12,2000,79.8561151079137,3,69.904044230726
"drhm-01",12,2001,79.8561151079137,3,70.9154394940773
"drhm-01",12,2002,79.8561151079137,3,72.0686191401415
"drhm-01",12,2003,79.8561151079136,3,70.0731352352945
"drhm-01",12,2004,79.8561151079136,3,71.6831756701
"drhm-01",12,2005,79.8561151079136,3,71.9772019714781
"drhm-01",12,2006,79.8561151079136,3,73.0001275309262
"drhm-01",12,2007,79.8561151079136,3,72.2878523041838
"drhm-01",12,2008,78.4172661870504,3,65.4015273703873
"drhm-01",12,2009,78.4172661870504,3,65.68929715456
"drhm-01",12,2010,79.1366906474821,3,67.2720309675096
"drhm-01",12,2011,77.6978417266187,3,68.7108798883729
"drhm-01",12,2012,76.978417266187,3,68.7098521391437
"drhm-01",12,2013,74.8201438848921,3,68.2781974628847
"drhm-01",12,2014,74.8201438848921,3,69.1488811036676
"drhm-01",12,2015,75.5395683453238,3,73.4387513972138
"drhm-01",12,2016,75.5395683453238,3,75.0258212616559
"drhm-01",12,2017,75.5395683453238,3,76.4543926902274
"drhm-01",12,2018,75.5395683453238,3,76.4543926902274
"drhm-01",12,2019,75.5395683453238,3,76.4543926902274
"drhm-01",12,2020,74.1007194244604,3,75.1666229060547
"drhm-01",12,2021,74.1007194244604,3,68.1666229060547
"drhm-01",12,2022,73.3812949640287,3,68.3084522996827
"drhm-01",12,2023,73.3812949640287,3,68.3084522996827
"drhm-01",12,2024,73.3812949640287,3,68.3084522996827
"drhm-01",12,2025,74.820143884892,3,69.5962220838553
"drhm-01",13,1999,69.0647482014388,3,69.472389554467
"drhm-01",13,2000,71.2230215827338,3,69.904044230726
"drhm-01",13,2001,74.8201438848921,3,70.9154394940773
"drhm-01",13,2002,79.8561151079137,3,72.0686191401415
"drhm-01",13,2003,63.3093525179856,3,70.0731352352945
"drhm-01",13,2004,61.8705035971223,3,71.6831756701
"drhm-01",13,2005,63.3093525179856,3,71.9772019714781
"drhm-01",13,2006,64.0287769784173,3,73.0001275309262
"drhm-01",13,2007,67.6258992805756,3,72.2878523041838
"drhm-01",13,2008,68.3453237410072,3,65.4015273703873
"drhm-01",13,2009,69.7841726618705,3,65.68929715456
"drhm-01",13,2010,76.9784172661871,3,67.2720309675096
"drhm-01",13,2011,85.6115107913669,3,68.7108798883729
"drhm-01",13,2012,85.6115107913669,3,68.7098521391437
"drhm-01",13,2013,85.6115107913669,3,68.2781974628847
"drhm-01",13,2014,86.3309352517986,3,69.1488811036676
"drhm-01",13,2015,86.3309352517986,3,73.4387513972138
"drhm-01",13,2016,86.3309352517986,3,75.0258212616559
"drhm-01",13,2017,86.3309352517986,3,76.4543926902274
"drhm-01",13,2018,86.3309352517986,3,76.4543926902274
"drhm-01",13,2019,86.3309352517986,3,76.4543926902274
"drhm-01",13,2020,86.3309352517986,3,75.1666229060547
"drhm-01",13,2021,86.3309352517986,3,68.1666229060547
"drhm-01",13,2022,86.3309352517986,3,68.3084522996827
"drhm-01",13,2023,86.3309352517986,3,68.3084522996827
"drhm-01",13,2024,86.3309352517986,3,68.3084522996827
"drhm-01",13,2025,86.3309352517986,3,69.5962220838553
"drhm-01",14,1999,60.5839416058395,3,69.472389554467
"drhm-01",14,2000,60.5839416058395,3,69.904044230726
"drhm-01",14,2001,62.043795620438,3,70.9154394940773
"drhm-01",14,2002,62.7737226277373,3,72.0686191401415
"drhm-01",14,2003,69.3430656934307,3,70.0731352352945
"drhm-01",14,2004,78.8321167883212,3,71.6831756701
"drhm-01",14,2005,80.2919708029197,3,71.9772019714781
"drhm-01",14,2006,85.4014598540146,3,73.0001275309262
"drhm-01",14,2007,84.6715328467154,3,72.2878523041838
"drhm-01",14,2008,78.1021897810219,3,65.4015273703873
"drhm-01",14,2009,78.1021897810219,3,65.68929715456
"drhm-01",14,2010,78.1021897810219,3,67.2720309675096
"drhm-01",14,2011,78.1021897810219,3,68.7108798883729
"drhm-01",14,2012,78.1021897810219,3,68.7098521391437
"drhm-01",14,2013,78.1021897810219,3,68.2781974628847
"drhm-01",14,2014,81.021897810219,3,69.1488811036676
"drhm-01",14,2015,81.7518248175182,3,73.4387513972138
"drhm-01",14,2016,85.4014598540146,3,75.0258212616559
"drhm-01",14,2017,85.4014598540146,3,76.4543926902274
"drhm-01",14,2018,85.4014598540146,3,76.4543926902274
"drhm-01",14,2019,85.4014598540146,3,76.4543926902274
"drhm-01",14,2020,85.4014598540146,3,75.1666229060547
"drhm-01",14,2021,85.4014598540146,3,68.1666229060547
"drhm-01",14,2022,85.4014598540146,3,68.3084522996827
"drhm-01",14,2023,85.4014598540146,3,68.3084522996827
"drhm-01",14,2024,85.4014598540146,3,68.3084522996827
"drhm-01",14,2025,85.4014598540146,3,69.5962220838553
"drhm-01",15,1999,65.7142857142857,3,69.472389554467
"drhm-01",15,2000,65.7142857142857,3,69.904044230726
"drhm-01",15,2001,65.7142857142857,3,70.9154394940773
"drhm-01",15,2002,65.7142857142857,3,72.0686191401415
"drhm-01",15,2003,65.7142857142857,3,70.0731352352945
"drhm-01",15,2004,65.7142857142857,3,71.6831756701
"drhm-01",15,2005,65.7142857142857,3,71.9772019714781
"drhm-01",15,2006,65.7142857142857,3,73.0001275309262
"drhm-01",15,2007,59.2857142857143,3,72.2878523041838
"drhm-01",15,2008,32.1428571428571,3,65.4015273703873
"drhm-01",15,2009,32.1428571428571,3,65.68929715456
"drhm-01",15,2010,32.1428571428571,3,67.2720309675096
"drhm-01",15,2011,32.1428571428571,3,68.7108798883729
"drhm-01",15,2012,32.1428571428571,3,68.7098521391437
"drhm-01",15,2013,32.1428571428571,3,68.2781974628847
"drhm-01",15,2014,34.2857142857143,3,69.1488811036676
"drhm-01",15,2015,54.2857142857142,3,73.4387513972138
"drhm-01",15,2016,58.5714285714285,3,75.0258212616559
"drhm-01",15,2017,65.7142857142857,3,76.4543926902274
"drhm-01",15,2018,65.7142857142857,3,76.4543926902274
"drhm-01",15,2019,65.7142857142857,3,76.4543926902274
"drhm-01",15,2020,65.7142857142857,3,75.1666229060547
"drhm-01",15,2021,65.7142857142857,3,68.1666229060547
"drhm-01",15,2022,65.7142857142857,3,68.3084522996827
"drhm-01",15,2023,65.7142857142857,3,68.3084522996827
"drhm-01",15,2024,65.7142857142857,3,68.3084522996827
"drhm-01",15,2025,65.7142857142857,3,69.5962220838553
"drhm-01",16,1999,62.4113475177305,4,50.9952951079073
"drhm-01",16,2000,62.4113475177305,4,50.4155849629798
"drhm-01",16,2001,56.7375886524823,4,48.9909781174664
"drhm-01",16,2002,46.0992907801419,4,46.8612481496235
"drhm-01",16,2003,44.6808510638298,4,46.5775602063611
"drhm-01",16,2004,45.3900709219858,4,47.0071888570814
"drhm-01",16,2005,45.3900709219858,4,47.0092592504561
"drhm-01",16,2006,45.3900709219858,4,47.0092592504561
"drhm-01",16,2007,46.0992907801419,4,47.1511032220873
"drhm-01",16,2008,28.3687943262411,4,43.7499314675391
"drhm-01",16,2009,30.4964539007092,4,44.1754633824327
"drhm-01",16,2010,31.9148936170212,4,44.4591513256951
"drhm-01",16,2011,31.9148936170212,4,44.4591513256951
"drhm-01",16,2012,31.9148936170212,4,44.6051215060725
"drhm-01",16,2013,31.9148936170212,4,44.6051215060725
"drhm-01",16,2014,31.9148936170212,4,44.6051215060725
"drhm-01",16,2015,41.8439716312057,4,46.5909371089094
"drhm-01",16,2016,47.5177304964539,4,47.5807613457272
"drhm-01",16,2017,48.936170212766,4,47.8644492889896
"drhm-01",16,2018,48.936170212766,4,47.8644492889896
"drhm-01",16,2019,48.936170212766,4,47.8644492889896
"drhm-01",16,2020,48.936170212766,4,47.8644492889896
"drhm-01",16,2021,48.936170212766,4,47.8644492889896
"drhm-01",16,2022,48.936170212766,4,47.4327946127306
"drhm-01",16,2023,47.5177304964539,4,47.1491066694682
"drhm-01",16,2024,47.5177304964539,4,47.0052217773818
"drhm-01",16,2025,47.5177304964539,4,47.0052217773818
"drhm-01",17,1999,41.726618705036,4,50.9952951079073
"drhm-01",17,2000,41.726618705036,4,50.4155849629798
"drhm-01",17,2001,41.726618705036,4,48.9909781174664
"drhm-01",17,2002,41.726618705036,4,46.8612481496235
"drhm-01",17,2003,41.726618705036,4,46.5775602063611
"drhm-01",17,2004,41.726618705036,4,47.0071888570814
"drhm-01",17,2005,41.726618705036,4,47.0092592504561
"drhm-01",17,2006,41.726618705036,4,47.0092592504561
"drhm-01",17,2007,41.726618705036,4,47.1511032220873
"drhm-01",17,2008,41.726618705036,4,43.7499314675391
"drhm-01",17,2009,41.726618705036,4,44.1754633824327
"drhm-01",17,2010,41.726618705036,4,44.4591513256951
"drhm-01",17,2011,41.726618705036,4,44.4591513256951
"drhm-01",17,2012,41.0071942446043,4,44.6051215060725
"drhm-01",17,2013,41.0071942446043,4,44.6051215060725
"drhm-01",17,2014,41.0071942446043,4,44.6051215060725
"drhm-01",17,2015,41.0071942446043,4,46.5909371089094
"drhm-01",17,2016,41.0071942446043,4,47.5807613457272
"drhm-01",17,2017,41.0071942446043,4,47.8644492889896
"drhm-01",17,2018,41.0071942446043,4,47.8644492889896
"drhm-01",17,2019,41.0071942446043,4,47.8644492889896
"drhm-01",17,2020,41.0071942446043,4,47.8644492889896
"drhm-01",17,2021,41.0071942446043,4,47.8644492889896
"drhm-01",17,2022,38.8489208633093,4,47.4327946127306
"drhm-01",17,2023,38.8489208633093,4,47.1491066694682
"drhm-01",17,2024,38.1294964028777,4,47.0052217773818
"drhm-01",17,2025,38.1294964028777,4,47.0052217773818
"drhm-01",18,1999,42.1428571428572,4,50.9952951079073
"drhm-01",18,2000,42.1428571428572,4,50.4155849629798
"drhm-01",18,2001,42.1428571428572,4,48.9909781174664
"drhm-01",18,2002,42.8571428571428,4,46.8612481496235
"drhm-01",18,2003,42.8571428571428,4,46.5775602063611
"drhm-01",18,2004,43.5714285714285,4,47.0071888570814
"drhm-01",18,2005,42.8571428571428,4,47.0092592504561
"drhm-01",18,2006,42.8571428571428,4,47.0092592504561
"drhm-01",18,2007,42.8571428571428,4,47.1511032220873
"drhm-01",18,2008,42.8571428571428,4,43.7499314675391
"drhm-01",18,2009,42.8571428571428,4,44.1754633824327
"drhm-01",18,2010,42.8571428571428,4,44.4591513256951
"drhm-01",18,2011,42.8571428571428,4,44.4591513256951
"drhm-01",18,2012,42.8571428571428,4,44.6051215060725
"drhm-01",18,2013,42.8571428571428,4,44.6051215060725
"drhm-01",18,2014,42.8571428571428,4,44.6051215060725
"drhm-01",18,2015,42.8571428571428,4,46.5909371089094
"drhm-01",18,2016,42.8571428571428,4,47.5807613457272
"drhm-01",18,2017,42.8571428571428,4,47.8644492889896
"drhm-01",18,2018,42.8571428571428,4,47.8644492889896
"drhm-01",18,2019,42.8571428571428,4,47.8644492889896
"drhm-01",18,2020,42.8571428571428,4,47.8644492889896
"drhm-01",18,2021,42.8571428571428,4,47.8644492889896
"drhm-01",18,2022,42.8571428571428,4,47.4327946127306
"drhm-01",18,2023,42.8571428571428,4,47.1491066694682
"drhm-01",18,2024,42.8571428571428,4,47.0052217773818
"drhm-01",18,2025,42.8571428571428,4,47.0052217773818
"drhm-01",19,1999,55.0724637681159,4,50.9952951079073
"drhm-01",19,2000,53.6231884057971,4,50.4155849629798
"drhm-01",19,2001,53.6231884057971,4,48.9909781174664
"drhm-01",19,2002,52.8985507246377,4,46.8612481496235
"drhm-01",19,2003,52.8985507246377,4,46.5775602063611
"drhm-01",19,2004,52.8985507246377,4,47.0071888570814
"drhm-01",19,2005,52.8985507246377,4,47.0092592504561
"drhm-01",19,2006,52.8985507246377,4,47.0092592504561
"drhm-01",19,2007,52.8985507246377,4,47.1511032220873
"drhm-01",19,2008,52.8985507246377,4,43.7499314675391
"drhm-01",19,2009,52.8985507246377,4,44.1754633824327
"drhm-01",19,2010,52.8985507246377,4,44.4591513256951
"drhm-01",19,2011,52.8985507246377,4,44.4591513256951
"drhm-01",19,2012,52.8985507246377,4,44.6051215060725
"drhm-01",19,2013,52.8985507246377,4,44.6051215060725
"drhm-01",19,2014,52.8985507246377,4,44.6051215060725
"drhm-01",19,2015,52.8985507246377,4,46.5909371089094
"drhm-01",19,2016,52.8985507246377,4,47.5807613457272
"drhm-01",19,2017,52.8985507246377,4,47.8644492889896
"drhm-01",19,2018,52.8985507246377,4,47.8644492889896
"drhm-01",19,2019,52.8985507246377,4,47.8644492889896
"drhm-01",19,2020,52.8985507246377,4,47.8644492889896
"drhm-01",19,2021,52.8985507246377,4,47.8644492889896
"drhm-01",19,2022,52.8985507246377,4,47.4327946127306
"drhm-01",19,2023,52.8985507246377,4,47.1491066694682
"drhm-01",19,2024,52.8985507246377,4,47.0052217773818
"drhm-01",19,2025,52.8985507246377,4,47.0052217773818
"drhm-01",20,1999,53.6231884057971,4,50.9952951079073
"drhm-01",20,2000,52.1739130434782,4,50.4155849629798
"drhm-01",20,2001,50.7246376811594,4,48.9909781174664
"drhm-01",20,2002,50.7246376811594,4,46.8612481496235
"drhm-01",20,2003,50.7246376811594,4,46.5775602063611
"drhm-01",20,2004,51.4492753623189,4,47.0071888570814
"drhm-01",20,2005,52.1739130434783,4,47.0092592504561
"drhm-01",20,2006,52.1739130434783,4,47.0092592504561
"drhm-01",20,2007,52.1739130434783,4,47.1511032220873
"drhm-01",20,2008,52.8985507246377,4,43.7499314675391
"drhm-01",20,2009,52.8985507246377,4,44.1754633824327
"drhm-01",20,2010,52.8985507246377,4,44.4591513256951
"drhm-01",20,2011,52.8985507246377,4,44.4591513256951
"drhm-01",20,2012,54.3478260869565,4,44.6051215060725
"drhm-01",20,2013,54.3478260869565,4,44.6051215060725
"drhm-01",20,2014,54.3478260869565,4,44.6051215060725
"drhm-01",20,2015,54.3478260869565,4,46.5909371089094
"drhm-01",20,2016,53.6231884057971,4,47.5807613457272
"drhm-01",20,2017,53.6231884057971,4,47.8644492889896
"drhm-01",20,2018,53.6231884057971,4,47.8644492889896
"drhm-01",20,2019,53.6231884057971,4,47.8644492889896
"drhm-01",20,2020,53.6231884057971,4,47.8644492889896
"drhm-01",20,2021,53.6231884057971,4,47.8644492889896
"drhm-01",20,2022,53.6231884057971,4,47.4327946127306
"drhm-01",20,2023,53.6231884057971,4,47.1491066694682
"drhm-01",20,2024,53.6231884057971,4,47.0052217773818
"drhm-01",20,2025,53.6231884057971,4,47.0052217773818
"drhm-02",1,1999,78.169014084507,1,70.6669291108973
"drhm-02",1,2000,78.169014084507,1,70.6669291108973
"drhm-02",1,2001,78.169014084507,1,70.6669291108973
"drhm-02",1,2002,78.169014084507,1,70.6669291108973
"drhm-02",1,2003,78.169014084507,1,70.381214825183
"drhm-02",1,2004,78.169014084507,1,70.0955005394687
"drhm-02",1,2005,78.169014084507,1,69.9526433966115
"drhm-02",1,2006,78.169014084507,1,70.0955005394687
"drhm-02",1,2007,78.169014084507,1,69.9526433966115
"drhm-02",1,2008,78.169014084507,1,69.9526433966115
"drhm-02",1,2009,78.169014084507,1,70.0955005394687
"drhm-02",1,2010,78.169014084507,1,69.9526433966116
"drhm-02",1,2011,78.169014084507,1,69.0955005394687
"drhm-02",1,2012,78.169014084507,1,69.0955005394687
"drhm-02",1,2013,78.169014084507,1,69.0955005394687
"drhm-02",1,2014,78.169014084507,1,69.0955005394687
"drhm-02",1,2015,78.169014084507,1,69.0955005394687
"drhm-02",1,2016,78.169014084507,1,69.0955005394687
"drhm-02",1,2017,78.169014084507,1,69.0955005394687
"drhm-02",1,2018,78.169014084507,1,69.0955005394687
"drhm-02",1,2019,78.169014084507,1,68.9505730032368
"drhm-02",1,2020,78.169014084507,1,68.8077158603797
"drhm-02",1,2021,78.169014084507,1,68.8077158603797
"drhm-02",1,2022,78.169014084507,1,68.6627883241478
"drhm-02",1,2023,78.169014084507,1,68.6627883241478
"drhm-02",1,2024,78.169014084507,1,68.6627883241478
"drhm-02",1,2025,78.169014084507,1,68.6627883241478
"drhm-02",2,1999,77.8571428571429,1,70.6669291108973
"drhm-02",2,2000,77.8571428571429,1,70.6669291108973
"drhm-02",2,2001,77.8571428571429,1,70.6669291108973
"drhm-02",2,2002,77.8571428571429,1,70.6669291108973
"drhm-02",2,2003,77.8571428571429,1,70.381214825183
"drhm-02",2,2004,77.8571428571429,1,70.0955005394687
"drhm-02",2,2005,77.8571428571429,1,69.9526433966115
"drhm-02",2,2006,77.8571428571429,1,70.0955005394687
"drhm-02",2,2007,76.4285714285714,1,69.9526433966115
"drhm-02",2,2008,76.4285714285714,1,69.9526433966115
"drhm-02",2,2009,76.4285714285714,1,70.0955005394687
"drhm-02",2,2010,75.7142857142857,1,69.9526433966116
"drhm-02",2,2011,72.8571428571428,1,69.0955005394687
"drhm-02",2,2012,72.8571428571428,1,69.0955005394687
"drhm-02",2,2013,72.8571428571428,1,69.0955005394687
"drhm-02",2,2014,72.8571428571428,1,69.0955005394687
"drhm-02",2,2015,72.8571428571428,1,69.0955005394687
"drhm-02",2,2016,72.8571428571428,1,69.0955005394687
"drhm-02",2,2017,72.8571428571428,1,69.0955005394687
"drhm-02",2,2018,72.8571428571428,1,69.0955005394687
"drhm-02",2,2019,72.8571428571428,1,68.9505730032368
"drhm-02",2,2020,72.1428571428571,1,68.8077158603797
"drhm-02",2,2021,72.1428571428571,1,68.8077158603797
"drhm-02",2,2022,72.1428571428571,1,68.6627883241478
"drhm-02",2,2023,72.1428571428571,1,68.6627883241478
"drhm-02",2,2024,72.1428571428571,1,68.6627883241478
"drhm-02",2,2025,72.1428571428571,1,68.6627883241478
"drhm-02",3,1999,61.5942028985507,1,70.6669291108973
"drhm-02",3,2000,61.5942028985507,1,70.6669291108973
"drhm-02",3,2001,61.5942028985507,1,70.6669291108973
"drhm-02",3,2002,61.5942028985507,1,70.6669291108973
"drhm-02",3,2003,61.5942028985508,1,70.381214825183
"drhm-02",3,2004,61.5942028985508,1,70.0955005394687
"drhm-02",3,2005,61.5942028985508,1,69.9526433966115
"drhm-02",3,2006,61.5942028985508,1,70.0955005394687
"drhm-02",3,2007,61.5942028985508,1,69.9526433966115
"drhm-02",3,2008,61.5942028985508,1,69.9526433966115
"drhm-02",3,2009,61.5942028985508,1,70.0955005394687
"drhm-02",3,2010,61.5942028985508,1,69.9526433966116
"drhm-02",3,2011,61.5942028985508,1,69.0955005394687
"drhm-02",3,2012,61.5942028985508,1,69.0955005394687
"drhm-02",3,2013,61.5942028985508,1,69.0955005394687
"drhm-02",3,2014,61.5942028985508,1,69.0955005394687
"drhm-02",3,2015,61.5942028985508,1,69.0955005394687
"drhm-02",3,2016,61.5942028985508,1,69.0955005394687
"drhm-02",3,2017,61.5942028985508,1,69.0955005394687
"drhm-02",3,2018,61.5942028985508,1,69.0955005394687
"drhm-02",3,2019,60.8695652173913,1,68.9505730032368
"drhm-02",3,2020,60.8695652173913,1,68.8077158603797
"drhm-02",3,2021,60.8695652173913,1,68.8077158603797
"drhm-02",3,2022,60.1449275362319,1,68.6627883241478
"drhm-02",3,2023,60.1449275362319,1,68.6627883241478
"drhm-02",3,2024,60.1449275362319,1,68.6627883241478
"drhm-02",3,2025,60.1449275362319,1,68.6627883241478
"drhm-02",4,1999,75,1,70.6669291108973
"drhm-02",4,2000,75,1,70.6669291108973
"drhm-02",4,2001,75,1,70.6669291108973
"drhm-02",4,2002,75,1,70.6669291108973
"drhm-02",4,2003,74.2857142857142,1,70.381214825183
"drhm-02",4,2004,72.1428571428572,1,70.0955005394687
"drhm-02",4,2005,71.4285714285714,1,69.9526433966115
"drhm-02",4,2006,71.4285714285714,1,70.0955005394687
"drhm-02",4,2007,71.4285714285714,1,69.9526433966115
"drhm-02",4,2008,71.4285714285714,1,69.9526433966115
"drhm-02",4,2009,72.1428571428572,1,70.0955005394687
"drhm-02",4,2010,72.1428571428572,1,69.9526433966116
"drhm-02",4,2011,70.7142857142858,1,69.0955005394687
"drhm-02",4,2012,70.7142857142858,1,69.0955005394687
"drhm-02",4,2013,70.7142857142858,1,69.0955005394687
"drhm-02",4,2014,70.7142857142858,1,69.0955005394687
"drhm-02",4,2015,70.7142857142858,1,69.0955005394687
"drhm-02",4,2016,70.7142857142858,1,69.0955005394687
"drhm-02",4,2017,70.7142857142858,1,69.0955005394687
"drhm-02",4,2018,70.7142857142858,1,69.0955005394687
"drhm-02",4,2019,70.7142857142858,1,68.9505730032368
"drhm-02",4,2020,70.7142857142858,1,68.8077158603797
"drhm-02",4,2021,70.7142857142858,1,68.8077158603797
"drhm-02",4,2022,70.7142857142858,1,68.6627883241478
"drhm-02",4,2023,70.7142857142858,1,68.6627883241478
"drhm-02",4,2024,70.7142857142858,1,68.6627883241478
"drhm-02",4,2025,70.7142857142858,1,68.6627883241478
"drhm-02",5,1999,60.7142857142857,1,70.6669291108973
"drhm-02",5,2000,60.7142857142857,1,70.6669291108973
"drhm-02",5,2001,60.7142857142857,1,70.6669291108973
"drhm-02",5,2002,60.7142857142857,1,70.6669291108973
"drhm-02",5,2003,60,1,70.381214825183
"drhm-02",5,2004,60.7142857142857,1,70.0955005394687
"drhm-02",5,2005,60.7142857142857,1,69.9526433966115
"drhm-02",5,2006,61.4285714285714,1,70.0955005394687
"drhm-02",5,2007,62.1428571428571,1,69.9526433966115
"drhm-02",5,2008,62.1428571428571,1,69.9526433966115
"drhm-02",5,2009,62.1428571428571,1,70.0955005394687
"drhm-02",5,2010,62.1428571428571,1,69.9526433966116
"drhm-02",5,2011,62.1428571428571,1,69.0955005394687
"drhm-02",5,2012,62.1428571428571,1,69.0955005394687
"drhm-02",5,2013,62.1428571428571,1,69.0955005394687
"drhm-02",5,2014,62.1428571428571,1,69.0955005394687
"drhm-02",5,2015,62.1428571428571,1,69.0955005394687
"drhm-02",5,2016,62.1428571428571,1,69.0955005394687
"drhm-02",5,2017,62.1428571428571,1,69.0955005394687
"drhm-02",5,2018,62.1428571428571,1,69.0955005394687
"drhm-02",5,2019,62.1428571428571,1,68.9505730032368
"drhm-02",5,2020,62.1428571428571,1,68.8077158603797
"drhm-02",5,2021,62.1428571428571,1,68.8077158603797
"drhm-02",5,2022,62.1428571428571,1,68.6627883241478
"drhm-02",5,2023,62.1428571428571,1,68.6627883241478
"drhm-02",5,2024,62.1428571428571,1,68.6627883241478
"drhm-02",5,2025,62.1428571428571,1,68.6627883241478
"drhm-02",6,1999,28.4671532846715,2,55.6446824214801
"drhm-02",6,2000,28.4671532846715,2,55.5007975293938
"drhm-02",6,2001,28.4671532846715,2,55.5007975293938
"drhm-02",6,2002,28.4671532846715,2,54.9252579610484
"drhm-02",6,2003,28.4671532846715,2,54.9252579610484
"drhm-02",6,2004,28.4671532846715,2,53.5363690721596
"drhm-02",6,2005,28.4671532846715,2,53.109710399098
"drhm-02",6,2006,29.1970802919708,2,52.9679260163852
"drhm-02",6,2007,28.4671532846715,2,52.6800966432942
"drhm-02",6,2008,28.4671532846715,2,52.3984496204869
"drhm-02",6,2009,28.4671532846715,2,52.5423345125732
"drhm-02",6,2010,28.4671532846715,2,52.5423345125732
"drhm-02",6,2011,28.4671532846715,2,52.5423345125732
"drhm-02",6,2012,29.1970802919708,2,52.9760896982057
"drhm-02",6,2013,28.4671532846715,2,52.5423345125732
"drhm-02",6,2014,28.4671532846715,2,52.5423345125732
"drhm-02",6,2015,28.4671532846715,2,52.2645567347954
"drhm-02",6,2016,29.1970802919708,2,52.4105421362553
"drhm-02",6,2017,28.4671532846715,2,52.4084416268817
"drhm-02",6,2018,29.1970802919708,2,52.5544270283416
"drhm-02",6,2019,29.1970802919708,2,52.5544270283416
"drhm-02",6,2020,28.4671532846715,2,52.4084416268817
"drhm-02",6,2021,29.1970802919708,2,52.9860817046006
"drhm-02",6,2022,28.4671532846715,2,52.9839811952271
"drhm-02",6,2023,29.1970802919708,2,53.1299665966869
"drhm-02",6,2024,29.1970802919708,2,52.9860817046006
"drhm-02",6,2025,28.4671532846715,2,52.9839811952271
"drhm-02",7,1999,65.4676258992807,2,55.6446824214801
"drhm-02",7,2000,64.7482014388489,2,55.5007975293938
"drhm-02",7,2001,64.0287769784173,2,55.5007975293938
"drhm-02",7,2002,64.0287769784172,2,54.9252579610484
"drhm-02",7,2003,64.0287769784172,2,54.9252579610484
"drhm-02",7,2004,64.0287769784173,2,53.5363690721596
"drhm-02",7,2005,62.589928057554,2,53.109710399098
"drhm-02",7,2006,61.1510791366907,2,52.9679260163852
"drhm-02",7,2007,61.1510791366907,2,52.6800966432942
"drhm-02",7,2008,61.1510791366907,2,52.3984496204869
"drhm-02",7,2009,61.8705035971223,2,52.5423345125732
"drhm-02",7,2010,61.8705035971223,2,52.5423345125732
"drhm-02",7,2011,61.8705035971223,2,52.5423345125732
"drhm-02",7,2012,61.8705035971223,2,52.9760896982057
"drhm-02",7,2013,61.8705035971223,2,52.5423345125732
"drhm-02",7,2014,61.8705035971223,2,52.5423345125732
"drhm-02",7,2015,61.8705035971223,2,52.2645567347954
"drhm-02",7,2016,61.8705035971223,2,52.4105421362553
"drhm-02",7,2017,61.8705035971223,2,52.4084416268817
"drhm-02",7,2018,61.8705035971223,2,52.5544270283416
"drhm-02",7,2019,61.8705035971223,2,52.5544270283416
"drhm-02",7,2020,61.8705035971223,2,52.4084416268817
"drhm-02",7,2021,61.8705035971223,2,52.9860817046006
"drhm-02",7,2022,61.8705035971223,2,52.9839811952271
"drhm-02",7,2023,61.8705035971223,2,53.1299665966869
"drhm-02",7,2024,61.8705035971223,2,52.9860817046006
"drhm-02",7,2025,61.1510791366907,2,52.9839811952271
"drhm-02",8,1999,71.5277777777778,2,55.6446824214801
"drhm-02",8,2000,71.5277777777778,2,55.5007975293938
"drhm-02",8,2001,71.5277777777778,2,55.5007975293938
"drhm-02",8,2002,71.5277777777778,2,54.9252579610484
"drhm-02",8,2003,71.5277777777778,2,54.9252579610484
"drhm-02",8,2004,64.5833333333333,2,53.5363690721596
"drhm-02",8,2005,63.8888888888889,2,53.109710399098
"drhm-02",8,2006,63.8888888888889,2,52.9679260163852
"drhm-02",8,2007,63.8888888888889,2,52.6800966432942
"drhm-02",8,2008,63.8888888888889,2,52.3984496204869
"drhm-02",8,2009,63.8888888888889,2,52.5423345125732
"drhm-02",8,2010,63.8888888888889,2,52.5423345125732
"drhm-02",8,2011,63.8888888888889,2,52.5423345125732
"drhm-02",8,2012,63.8888888888889,2,52.9760896982057
"drhm-02",8,2013,63.8888888888889,2,52.5423345125732
"drhm-02",8,2014,63.8888888888889,2,52.5423345125732
"drhm-02",8,2015,62.5,2,52.2645567347954
"drhm-02",8,2016,62.5,2,52.4105421362553
"drhm-02",8,2017,62.5,2,52.4084416268817
"drhm-02",8,2018,62.5,2,52.5544270283416
"drhm-02",8,2019,62.5,2,52.5544270283416
"drhm-02",8,2020,62.5,2,52.4084416268817
"drhm-02",8,2021,62.5,2,52.9860817046006
"drhm-02",8,2022,62.5,2,52.9839811952271
"drhm-02",8,2023,62.5,2,53.1299665966869
"drhm-02",8,2024,62.5,2,52.9860817046006
"drhm-02",8,2025,62.5,2,52.9839811952271
"drhm-02",9,1999,63.1205673758865,2,55.6446824214801
"drhm-02",9,2000,63.1205673758865,2,55.5007975293938
"drhm-02",9,2001,63.1205673758865,2,55.5007975293938
"drhm-02",9,2002,63.1205673758865,2,54.9252579610484
"drhm-02",9,2003,63.1205673758865,2,54.9252579610484
"drhm-02",9,2004,63.1205673758865,2,53.5363690721596
"drhm-02",9,2005,63.1205673758865,2,53.109710399098
"drhm-02",9,2006,63.1205673758865,2,52.9679260163852
"drhm-02",9,2007,62.4113475177305,2,52.6800966432942
"drhm-02",9,2008,60.2836879432624,2,52.3984496204869
"drhm-02",9,2009,60.2836879432624,2,52.5423345125732
"drhm-02",9,2010,60.2836879432624,2,52.5423345125732
"drhm-02",9,2011,60.2836879432624,2,52.5423345125732
"drhm-02",9,2012,60.2836879432624,2,52.9760896982057
"drhm-02",9,2013,60.2836879432624,2,52.5423345125732
"drhm-02",9,2014,60.2836879432624,2,52.5423345125732
"drhm-02",9,2015,60.2836879432624,2,52.2645567347954
"drhm-02",9,2016,60.2836879432624,2,52.4105421362553
"drhm-02",9,2017,60.2836879432624,2,52.4084416268817
"drhm-02",9,2018,60.2836879432624,2,52.5544270283416
"drhm-02",9,2019,60.2836879432624,2,52.5544270283416
"drhm-02",9,2020,60.2836879432624,2,52.4084416268817
"drhm-02",9,2021,60.2836879432624,2,52.9860817046006
"drhm-02",9,2022,60.2836879432624,2,52.9839811952271
"drhm-02",9,2023,60.2836879432624,2,53.1299665966869
"drhm-02",9,2024,60.2836879432624,2,52.9860817046006
"drhm-02",9,2025,60.2836879432624,2,52.9839811952271
"drhm-02",10,1999,49.6402877697841,2,55.6446824214801
"drhm-02",10,2000,49.6402877697841,2,55.5007975293938
"drhm-02",10,2001,50.3597122302158,2,55.5007975293938
"drhm-02",10,2002,47.4820143884892,2,54.9252579610484
"drhm-02",10,2003,47.4820143884892,2,54.9252579610484
"drhm-02",10,2004,47.4820143884892,2,53.5363690721596
"drhm-02",10,2005,47.4820143884892,2,53.109710399098
"drhm-02",10,2006,47.4820143884892,2,52.9679260163852
"drhm-02",10,2007,47.4820143884892,2,52.6800966432942
"drhm-02",10,2008,48.2014388489208,2,52.3984496204869
"drhm-02",10,2009,48.2014388489208,2,52.5423345125732
"drhm-02",10,2010,48.2014388489208,2,52.5423345125732
"drhm-02",10,2011,48.2014388489208,2,52.5423345125732
"drhm-02",10,2012,49.6402877697842,2,52.9760896982057
"drhm-02",10,2013,48.2014388489208,2,52.5423345125732
"drhm-02",10,2014,48.2014388489208,2,52.5423345125732
"drhm-02",10,2015,48.2014388489208,2,52.2645567347954
"drhm-02",10,2016,48.2014388489208,2,52.4105421362553
"drhm-02",10,2017,48.9208633093525,2,52.4084416268817
"drhm-02",10,2018,48.9208633093525,2,52.5544270283416
"drhm-02",10,2019,48.9208633093525,2,52.5544270283416
"drhm-02",10,2020,48.9208633093525,2,52.4084416268817
"drhm-02",10,2021,51.0791366906474,2,52.9860817046006
"drhm-02",10,2022,51.7985611510792,2,52.9839811952271
"drhm-02",10,2023,51.7985611510792,2,53.1299665966869
"drhm-02",10,2024,51.0791366906475,2,52.9860817046006
"drhm-02",10,2025,52.5179856115109,2,52.9839811952271
"drhm-02",11,1999,31.8840579710145,3,32.3126293995859
"drhm-02",11,2000,31.8840579710145,3,32.3126293995859
"drhm-02",11,2001,31.8840579710145,3,32.3126293995859
"drhm-02",11,2002,31.8840579710145,3,32.3126293995859
"drhm-02",11,2003,31.8840579710145,3,32.3126293995859
"drhm-02",11,2004,31.8840579710145,3,32.3126293995859
"drhm-02",11,2005,31.8840579710145,3,32.3126293995859
"drhm-02",11,2006,31.8840579710145,3,32.3126293995859
"drhm-02",11,2007,31.8840579710145,3,31.5879917184265
"drhm-02",11,2008,31.8840579710145,3,31.5879917184265
"drhm-02",11,2009,31.8840579710145,3,31.5879917184265
"drhm-02",11,2010,31.8840579710145,3,31.5879917184265
"drhm-02",11,2011,31.8840579710145,3,31.5879917184265
"drhm-02",11,2012,31.8840579710145,3,31.5879917184265
"drhm-02",11,2013,31.8840579710145,3,31.7308488612836
"drhm-02",11,2014,31.8840579710145,3,31.8757763975155
"drhm-02",11,2015,31.8840579710145,3,31.8757763975155
"drhm-02",11,2016,31.8840579710145,3,31.8757763975155
"drhm-02",11,2017,31.8840579710145,3,31.8757763975155
"drhm-02",11,2018,31.8840579710145,3,31.8757763975155
"drhm-02",11,2019,31.8840579710145,3,31.8757763975155
"drhm-02",11,2020,31.8840579710145,3,31.8757763975155
"drhm-02",11,2021,31.8840579710145,3,31.8757763975155
"drhm-02",11,2022,31.8840579710145,3,39.1304347826087
"drhm-02",11,2023,31.8840579710145,3,39.1304347826087
"drhm-02",11,2024,31.8840579710145,3,31.4472049689441
"drhm-02",11,2025,31.8840579710145,3,39.1304347826087
"drhm-02",12,1999,18.8405797101449,3,32.3126293995859
"drhm-02",12,2000,18.8405797101449,3,32.3126293995859
"drhm-02",12,2001,18.8405797101449,3,32.3126293995859
"drhm-02",12,2002,18.8405797101449,3,32.3126293995859
"drhm-02",12,2003,18.8405797101449,3,32.3126293995859
"drhm-02",12,2004,18.8405797101449,3,32.3126293995859
"drhm-02",12,2005,18.8405797101449,3,32.3126293995859
"drhm-02",12,2006,18.8405797101449,3,32.3126293995859
"drhm-02",12,2007,15.2173913043478,3,31.5879917184265
"drhm-02",12,2008,15.2173913043478,3,31.5879917184265
"drhm-02",12,2009,15.2173913043478,3,31.5879917184265
"drhm-02",12,2010,15.2173913043478,3,31.5879917184265
"drhm-02",12,2011,15.2173913043478,3,31.5879917184265
"drhm-02",12,2012,15.2173913043478,3,31.5879917184265
"drhm-02",12,2013,15.2173913043478,3,31.7308488612836
"drhm-02",12,2014,15.9420289855072,3,31.8757763975155
"drhm-02",12,2015,15.9420289855072,3,31.8757763975155
"drhm-02",12,2016,15.9420289855072,3,31.8757763975155
"drhm-02",12,2017,15.9420289855072,3,31.8757763975155
"drhm-02",12,2018,15.9420289855072,3,31.8757763975155
"drhm-02",12,2019,15.9420289855072,3,31.8757763975155
"drhm-02",12,2020,15.9420289855072,3,31.8757763975155
"drhm-02",12,2021,15.9420289855072,3,31.8757763975155
"drhm-02",12,2022,15.9420289855072,3,39.1304347826087
"drhm-02",12,2023,15.9420289855072,3,39.1304347826087
"drhm-02",12,2024,15.9420289855072,3,31.4472049689441
"drhm-02",12,2025,15.9420289855072,3,39.1304347826087
"drhm-02",13,1999,50,3,32.3126293995859
"drhm-02",13,2000,50,3,32.3126293995859
"drhm-02",13,2001,50,3,32.3126293995859
"drhm-02",13,2002,50,3,32.3126293995859
"drhm-02",13,2003,50,3,32.3126293995859
"drhm-02",13,2004,50,3,32.3126293995859
"drhm-02",13,2005,50,3,32.3126293995859
"drhm-02",13,2006,50,3,32.3126293995859
"drhm-02",13,2007,50,3,31.5879917184265
"drhm-02",13,2008,50,3,31.5879917184265
"drhm-02",13,2009,50,3,31.5879917184265
"drhm-02",13,2010,50,3,31.5879917184265
"drhm-02",13,2011,50,3,31.5879917184265
"drhm-02",13,2012,50,3,31.5879917184265
"drhm-02",13,2013,50,3,31.7308488612836
"drhm-02",13,2014,50,3,31.8757763975155
"drhm-02",13,2015,50,3,31.8757763975155
"drhm-02",13,2016,50,3,31.8757763975155
"drhm-02",13,2017,50,3,31.8757763975155
"drhm-02",13,2018,50,3,31.8757763975155
"drhm-02",13,2019,50,3,31.8757763975155
"drhm-02",13,2020,50,3,31.8757763975155
"drhm-02",13,2021,50,3,31.8757763975155
"drhm-02",13,2022,50,3,39.1304347826087
"drhm-02",13,2023,50,3,39.1304347826087
"drhm-02",13,2024,50,3,31.4472049689441
"drhm-02",13,2025,50,3,39.1304347826087
"drhm-02",14,1999,58.695652173913,3,32.3126293995859
"drhm-02",14,2000,58.695652173913,3,32.3126293995859
"drhm-02",14,2001,58.695652173913,3,32.3126293995859
"drhm-02",14,2002,58.695652173913,3,32.3126293995859
"drhm-02",14,2003,58.695652173913,3,32.3126293995859
"drhm-02",14,2004,58.695652173913,3,32.3126293995859
"drhm-02",14,2005,58.695652173913,3,32.3126293995859
"drhm-02",14,2006,58.695652173913,3,32.3126293995859
"drhm-02",14,2007,58.695652173913,3,31.5879917184265
"drhm-02",14,2008,58.695652173913,3,31.5879917184265
"drhm-02",14,2009,58.695652173913,3,31.5879917184265
"drhm-02",14,2010,58.695652173913,3,31.5879917184265
"drhm-02",14,2011,58.695652173913,3,31.5879917184265
"drhm-02",14,2012,58.695652173913,3,31.5879917184265
"drhm-02",14,2013,58.695652173913,3,31.7308488612836
"drhm-02",14,2014,58.695652173913,3,31.8757763975155
"drhm-02",14,2015,58.695652173913,3,31.8757763975155
"drhm-02",14,2016,58.695652173913,3,31.8757763975155
"drhm-02",14,2017,58.695652173913,3,31.8757763975155
"drhm-02",14,2018,58.695652173913,3,31.8757763975155
"drhm-02",14,2019,58.695652173913,3,31.8757763975155
"drhm-02",14,2020,58.695652173913,3,31.8757763975155
"drhm-02",14,2021,58.695652173913,3,31.8757763975155
"drhm-02",14,2022,58.695652173913,3,39.1304347826087
"drhm-02",14,2023,58.695652173913,3,39.1304347826087
"drhm-02",14,2024,58.695652173913,3,31.4472049689441
"drhm-02",14,2025,58.695652173913,3,39.1304347826087
"drhm-02",15,1999,2.14285714285714,3,32.3126293995859
"drhm-02",15,2000,2.14285714285714,3,32.3126293995859
"drhm-02",15,2001,2.14285714285714,3,32.3126293995859
"drhm-02",15,2002,2.14285714285714,3,32.3126293995859
"drhm-02",15,2003,2.14285714285714,3,32.3126293995859
"drhm-02",15,2004,2.14285714285714,3,32.3126293995859
"drhm-02",15,2005,2.14285714285714,3,32.3126293995859
"drhm-02",15,2006,2.14285714285714,3,32.3126293995859
"drhm-02",15,2007,2.14285714285714,3,31.5879917184265
"drhm-02",15,2008,2.14285714285714,3,31.5879917184265
"drhm-02",15,2009,2.14285714285714,3,31.5879917184265
"drhm-02",15,2010,2.14285714285714,3,31.5879917184265
"drhm-02",15,2011,2.14285714285714,3,31.5879917184265
"drhm-02",15,2012,2.14285714285714,3,31.5879917184265
"drhm-02",15,2013,2.85714285714286,3,31.7308488612836
"drhm-02",15,2014,2.85714285714286,3,31.8757763975155
"drhm-02",15,2015,2.85714285714286,3,31.8757763975155
"drhm-02",15,2016,2.85714285714286,3,31.8757763975155
"drhm-02",15,2017,2.85714285714286,3,31.8757763975155
"drhm-02",15,2018,2.85714285714286,3,31.8757763975155
"drhm-02",15,2019,2.85714285714286,3,31.8757763975155
"drhm-02",15,2020,2.85714285714286,3,31.8757763975155
"drhm-02",15,2021,2.85714285714286,3,31.8757763975155
"drhm-02",15,2024,0.714285714285714,3,31.4472049689441
"drhm-02",16,1999,63.1205673758865,4,59.7260381202109
"drhm-02",16,2000,56.7375886524823,4,58.3055574834437
"drhm-02",16,2001,56.0283687943263,4,58.0198286197261
"drhm-02",16,2002,56.0283687943263,4,57.5912571911547
"drhm-02",16,2003,56.0283687943263,4,57.3136920092577
"drhm-02",16,2004,55.3191489361703,4,57.3116510888026
"drhm-02",16,2005,56.0283687943263,4,57.0218403841748
"drhm-02",16,2006,56.7375886524823,4,57.8831088162376
"drhm-02",16,2007,58.8652482269504,4,58.5964105153039
"drhm-02",16,2008,58.8652482269504,4,57.7413085786162
"drhm-02",16,2009,59.5744680851064,4,57.8831525502474
"drhm-02",16,2010,59.5744680851064,4,58.0270374423337
"drhm-02",16,2011,60.2836879432624,4,58.1688814139649
"drhm-02",16,2012,60.2836879432624,4,58.1688814139649
"drhm-02",16,2013,60.2836879432624,4,58.8924913458952
"drhm-02",16,2014,53.9007092198581,4,57.472010709128
"drhm-02",16,2015,54.6099290780142,4,55.8985557952475
"drhm-02",16,2016,55.3191489361702,4,56.3281695510514
"drhm-02",16,2017,56.0283687943262,4,56.1822437385099
"drhm-02",16,2018,56.0283687943262,4,52.8759744682119
"drhm-02",16,2019,58.8652482269504,4,53.5851797483646
"drhm-02",16,2020,60.2836879432624,4,54.1566374757997
"drhm-02",16,2021,60.2836879432624,4,53.8709231900854
"drhm-02",16,2022,60.2836879432624,4,53.1606755827002
"drhm-02",16,2023,60.2836879432624,4,54.0188461890723
"drhm-02",16,2024,60.2836879432624,4,54.5892615892749
"drhm-02",16,2025,60.2836879432624,4,58.3189781200017
"drhm-02",17,1999,64.2857142857143,4,59.7260381202109
"drhm-02",17,2000,64.2857142857143,4,58.3055574834437
"drhm-02",17,2001,64.2857142857143,4,58.0198286197261
"drhm-02",17,2002,62.1428571428571,4,57.5912571911547
"drhm-02",17,2003,62.1428571428572,4,57.3136920092577
"drhm-02",17,2004,62.1428571428572,4,57.3116510888026
"drhm-02",17,2005,62.1428571428572,4,57.0218403841748
"drhm-02",17,2006,62.1428571428572,4,57.8831088162376
"drhm-02",17,2007,62.1428571428572,4,58.5964105153039
"drhm-02",17,2008,57.8571428571429,4,57.7413085786162
"drhm-02",17,2009,57.8571428571429,4,57.8831525502474
"drhm-02",17,2010,57.8571428571429,4,58.0270374423337
"drhm-02",17,2011,57.8571428571429,4,58.1688814139649
"drhm-02",17,2012,57.8571428571429,4,58.1688814139649
"drhm-02",17,2013,58.5714285714287,4,58.8924913458952
"drhm-02",17,2014,58.5714285714287,4,57.472010709128
"drhm-02",17,2015,49.2857142857143,4,55.8985557952475
"drhm-02",17,2016,49.2857142857143,4,56.3281695510514
"drhm-02",17,2017,49.2857142857143,4,56.1822437385099
"drhm-02",17,2018,47.1428571428571,4,52.8759744682119
"drhm-02",17,2019,48.5714285714285,4,53.5851797483646
"drhm-02",17,2020,48.5714285714285,4,54.1566374757997
"drhm-02",17,2021,47.1428571428571,4,53.8709231900854
"drhm-02",17,2022,47.8571428571428,4,53.1606755827002
"drhm-02",17,2023,51.4285714285714,4,54.0188461890723
"drhm-02",17,2024,53.5714285714286,4,54.5892615892749
"drhm-02",17,2025,60,4,58.3189781200017
"drhm-02",18,1999,62.589928057554,4,59.7260381202109
"drhm-02",18,2000,61.8705035971223,4,58.3055574834437
"drhm-02",18,2001,61.1510791366906,4,58.0198286197261
"drhm-02",18,2002,61.1510791366906,4,57.5912571911547
"drhm-02",18,2003,63.3093525179856,4,57.3136920092577
"drhm-02",18,2004,62.589928057554,4,57.3116510888026
"drhm-02",18,2005,60.431654676259,4,57.0218403841748
"drhm-02",18,2006,64.0287769784172,4,57.8831088162376
"drhm-02",18,2007,65.4676258992806,4,58.5964105153039
"drhm-02",18,2008,66.1870503597122,4,57.7413085786162
"drhm-02",18,2009,66.1870503597122,4,57.8831525502474
"drhm-02",18,2010,66.9064748201439,4,58.0270374423337
"drhm-02",18,2011,66.9064748201439,4,58.1688814139649
"drhm-02",18,2012,66.9064748201439,4,58.1688814139649
"drhm-02",18,2013,66.1870503597122,4,58.8924913458952
"drhm-02",18,2014,65.4676258992805,4,57.472010709128
"drhm-02",18,2015,65.4676258992805,4,55.8985557952475
"drhm-02",18,2016,66.9064748201439,4,56.3281695510514
"drhm-02",18,2017,65.4676258992805,4,56.1822437385099
"drhm-02",18,2018,51.0791366906475,4,52.8759744682119
"drhm-02",18,2019,50.3597122302158,4,53.5851797483646
"drhm-02",18,2020,51.7985611510791,4,54.1566374757997
"drhm-02",18,2021,51.7985611510791,4,53.8709231900854
"drhm-02",18,2022,51.0791366906475,4,53.1606755827002
"drhm-02",18,2023,51.7985611510791,4,54.0188461890723
"drhm-02",18,2024,51.7985611510791,4,54.5892615892749
"drhm-02",18,2025,63.3093525179856,4,58.3189781200017
"drhm-02",19,1999,69.5035460992907,4,59.7260381202109
"drhm-02",19,2000,69.5035460992907,4,58.3055574834437
"drhm-02",19,2001,69.5035460992907,4,58.0198286197261
"drhm-02",19,2002,69.5035460992907,4,57.5912571911547
"drhm-02",19,2003,65.9574468085106,4,57.3136920092577
"drhm-02",19,2004,67.3758865248226,4,57.3116510888026
"drhm-02",19,2005,67.3758865248226,4,57.0218403841748
"drhm-02",19,2006,67.3758865248226,4,57.8831088162376
"drhm-02",19,2007,67.3758865248226,4,58.5964105153039
"drhm-02",19,2008,66.6666666666666,4,57.7413085786162
"drhm-02",19,2009,66.6666666666666,4,57.8831525502474
"drhm-02",19,2010,66.6666666666666,4,58.0270374423337
"drhm-02",19,2011,66.6666666666666,4,58.1688814139649
"drhm-02",19,2012,66.6666666666666,4,58.1688814139649
"drhm-02",19,2013,66.6666666666666,4,58.8924913458952
"drhm-02",19,2014,66.6666666666666,4,57.472010709128
"drhm-02",19,2015,67.3758865248226,4,55.8985557952475
"drhm-02",19,2016,67.3758865248226,4,56.3281695510514
"drhm-02",19,2017,67.3758865248226,4,56.1822437385099
"drhm-02",19,2018,67.3758865248226,4,52.8759744682119
"drhm-02",19,2019,67.3758865248226,4,53.5851797483646
"drhm-02",19,2020,67.3758865248226,4,54.1566374757997
"drhm-02",19,2021,67.3758865248226,4,53.8709231900854
"drhm-02",19,2022,63.8297872340425,4,53.1606755827002
"drhm-02",19,2023,63.8297872340425,4,54.0188461890723
"drhm-02",19,2024,64.5390070921985,4,54.5892615892749
"drhm-02",19,2025,65.2482269503545,4,58.3189781200017
"drhm-02",20,1999,39.1304347826087,4,59.7260381202109
"drhm-02",20,2000,39.1304347826087,4,58.3055574834437
"drhm-02",20,2001,39.1304347826087,4,58.0198286197261
"drhm-02",20,2002,39.1304347826087,4,57.5912571911547
"drhm-02",20,2003,39.1304347826087,4,57.3136920092577
"drhm-02",20,2004,39.1304347826087,4,57.3116510888026
"drhm-02",20,2005,39.1304347826087,4,57.0218403841748
"drhm-02",20,2006,39.1304347826087,4,57.8831088162376
"drhm-02",20,2007,39.1304347826087,4,58.5964105153039
"drhm-02",20,2008,39.1304347826087,4,57.7413085786162
"drhm-02",20,2009,39.1304347826087,4,57.8831525502474
"drhm-02",20,2010,39.1304347826087,4,58.0270374423337
"drhm-02",20,2011,39.1304347826087,4,58.1688814139649
"drhm-02",20,2012,39.1304347826087,4,58.1688814139649
"drhm-02",20,2013,42.7536231884058,4,58.8924913458952
"drhm-02",20,2014,42.7536231884058,4,57.472010709128
"drhm-02",20,2015,42.7536231884058,4,55.8985557952475
"drhm-02",20,2016,42.7536231884058,4,56.3281695510514
"drhm-02",20,2017,42.7536231884058,4,56.1822437385099
"drhm-02",20,2018,42.7536231884058,4,52.8759744682119
"drhm-02",20,2019,42.7536231884058,4,53.5851797483646
"drhm-02",20,2020,42.7536231884058,4,54.1566374757997
"drhm-02",20,2021,42.7536231884058,4,53.8709231900854
"drhm-02",20,2022,42.7536231884058,4,53.1606755827002
"drhm-02",20,2023,42.7536231884058,4,54.0188461890723
"drhm-02",20,2024,42.7536231884058,4,54.5892615892749
"drhm-02",20,2025,42.7536231884058,4,58.3189781200017
"drhm-03",7,1999,45,2,21.9047619047619
"drhm-03",7,2000,45,2,21.9047619047619
"drhm-03",7,2001,43.5714285714286,2,21.4285714285714
"drhm-03",7,2002,27.1428571428572,2,15.952380952381
"drhm-03",7,2003,22.8571428571428,2,14.5238095238095
"drhm-03",7,2004,20.7142857142857,2,13.8095238095238
"drhm-03",7,2005,20,2,13.0952380952381
"drhm-03",7,2006,20,2,13.0952380952381
"drhm-03",7,2007,20,2,13.0952380952381
"drhm-03",7,2008,20,2,13.0952380952381
"drhm-03",7,2009,20,2,13.0952380952381
"drhm-03",7,2010,20,2,13.0952380952381
"drhm-03",7,2011,20,2,13.0952380952381
"drhm-03",7,2012,20,2,13.0952380952381
"drhm-03",7,2013,20,2,13.0952380952381
"drhm-03",7,2014,20,2,13.0952380952381
"drhm-03",7,2015,20,2,13.0952380952381
"drhm-03",7,2016,20,2,12.8571428571428
"drhm-03",7,2017,20,2,12.8571428571428
"drhm-03",7,2018,20,2,12.8571428571428
"drhm-03",7,2019,20,2,11.4285714285714
"drhm-03",7,2020,20,2,11.4285714285714
"drhm-03",7,2021,20,2,11.1904761904762
"drhm-03",7,2022,19.2857142857143,2,10.952380952381
"drhm-03",7,2023,19.2857142857143,2,11.1904761904762
"drhm-03",7,2024,19.2857142857143,2,10.952380952381
"drhm-03",7,2025,19.2857142857143,2,10.952380952381
"drhm-03",9,1999,6.42857142857142,2,21.9047619047619
"drhm-03",9,2000,6.42857142857142,2,21.9047619047619
"drhm-03",9,2001,6.42857142857142,2,21.4285714285714
"drhm-03",9,2002,6.42857142857142,2,15.952380952381
"drhm-03",9,2003,6.42857142857142,2,14.5238095238095
"drhm-03",9,2004,6.42857142857142,2,13.8095238095238
"drhm-03",9,2005,6.42857142857142,2,13.0952380952381
"drhm-03",9,2006,6.42857142857142,2,13.0952380952381
"drhm-03",9,2007,6.42857142857142,2,13.0952380952381
"drhm-03",9,2008,6.42857142857142,2,13.0952380952381
"drhm-03",9,2009,6.42857142857142,2,13.0952380952381
"drhm-03",9,2010,6.42857142857142,2,13.0952380952381
"drhm-03",9,2011,6.42857142857142,2,13.0952380952381
"drhm-03",9,2012,6.42857142857142,2,13.0952380952381
"drhm-03",9,2013,6.42857142857142,2,13.0952380952381
"drhm-03",9,2014,6.42857142857142,2,13.0952380952381
"drhm-03",9,2015,6.42857142857142,2,13.0952380952381
"drhm-03",9,2016,6.42857142857142,2,12.8571428571428
"drhm-03",9,2017,6.42857142857142,2,12.8571428571428
"drhm-03",9,2018,6.42857142857142,2,12.8571428571428
"drhm-03",9,2019,6.42857142857142,2,11.4285714285714
"drhm-03",9,2020,6.42857142857142,2,11.4285714285714
"drhm-03",9,2021,6.42857142857142,2,11.1904761904762
"drhm-03",9,2022,6.42857142857142,2,10.952380952381
"drhm-03",9,2023,6.42857142857142,2,11.1904761904762
"drhm-03",9,2024,6.42857142857142,2,10.952380952381
"drhm-03",9,2025,6.42857142857142,2,10.952380952381
"drhm-03",10,1999,14.2857142857143,2,21.9047619047619
"drhm-03",10,2000,14.2857142857143,2,21.9047619047619
"drhm-03",10,2001,14.2857142857143,2,21.4285714285714
"drhm-03",10,2002,14.2857142857143,2,15.952380952381
"drhm-03",10,2003,14.2857142857143,2,14.5238095238095
"drhm-03",10,2004,14.2857142857143,2,13.8095238095238
"drhm-03",10,2005,12.8571428571429,2,13.0952380952381
"drhm-03",10,2006,12.8571428571429,2,13.0952380952381
"drhm-03",10,2007,12.8571428571429,2,13.0952380952381
"drhm-03",10,2008,12.8571428571429,2,13.0952380952381
"drhm-03",10,2009,12.8571428571429,2,13.0952380952381
"drhm-03",10,2010,12.8571428571429,2,13.0952380952381
"drhm-03",10,2011,12.8571428571429,2,13.0952380952381
"drhm-03",10,2012,12.8571428571429,2,13.0952380952381
"drhm-03",10,2013,12.8571428571429,2,13.0952380952381
"drhm-03",10,2014,12.8571428571429,2,13.0952380952381
"drhm-03",10,2015,12.8571428571429,2,13.0952380952381
"drhm-03",10,2016,12.1428571428571,2,12.8571428571428
"drhm-03",10,2017,12.1428571428571,2,12.8571428571428
"drhm-03",10,2018,12.1428571428571,2,12.8571428571428
"drhm-03",10,2019,7.85714285714286,2,11.4285714285714
"drhm-03",10,2020,7.85714285714286,2,11.4285714285714
"drhm-03",10,2021,7.14285714285714,2,11.1904761904762
"drhm-03",10,2022,7.14285714285714,2,10.952380952381
"drhm-03",10,2023,7.85714285714286,2,11.1904761904762
"drhm-03",10,2024,7.14285714285714,2,10.952380952381
"drhm-03",10,2025,7.14285714285714,2,10.952380952381
"drhm-03",11,1999,81.294964028777,3,46.1118077369091
"drhm-03",11,2000,81.294964028777,3,46.1118077369091
"drhm-03",11,2001,81.294964028777,3,45.9381966257979
"drhm-03",11,2002,81.294964028777,3,61.0161870503597
"drhm-03",11,2003,81.294964028777,3,60.0569544364508
"drhm-03",11,2004,79.8561151079136,3,58.1468158806288
"drhm-03",11,2005,79.8561151079136,3,57.6671995736744
"drhm-03",11,2006,79.8561151079136,3,57.4357180921929
"drhm-03",11,2007,79.8561151079136,3,57.6838529176659
"drhm-03",11,2008,79.8561151079136,3,57.6838529176659
"drhm-03",11,2009,80.5755395683453,3,57.9236610711431
"drhm-03",11,2010,81.2949640287769,3,59.1227018385291
"drhm-03",11,2011,81.2949640287769,3,59.8421262989608
"drhm-03",11,2012,81.2949640287769,3,60.3217426059152
"drhm-03",11,2013,81.2949640287769,3,60.3217426059152
"drhm-03",11,2014,81.2949640287769,3,60.3217426059152
"drhm-03",11,2015,81.2949640287769,3,60.3217426059152
"drhm-03",11,2016,81.2949640287769,3,60.3217426059152
"drhm-03",11,2017,81.2949640287769,3,60.3217426059152
"drhm-03",11,2018,81.2949640287769,3,60.3217426059152
"drhm-03",11,2019,81.2949640287769,3,59.1643351985078
"drhm-03",11,2020,81.2949640287769,3,59.1643351985078
"drhm-03",11,2021,81.2949640287769,3,59.1643351985078
"drhm-03",11,2022,81.2949640287769,3,59.1643351985078
"drhm-03",11,2023,81.294964028777,3,58.9245270450306
"drhm-03",11,2024,81.294964028777,3,58.9245270450307
"drhm-03",11,2025,79.8561151079137,3,57.9819477751133
"drhm-03",12,1999,70.5035971223021,3,46.1118077369091
"drhm-03",12,2000,70.5035971223021,3,46.1118077369091
"drhm-03",12,2001,70.5035971223021,3,45.9381966257979
"drhm-03",12,2002,70.5035971223021,3,61.0161870503597
"drhm-03",12,2003,67.6258992805755,3,60.0569544364508
"drhm-03",12,2004,64.0287769784172,3,58.1468158806288
"drhm-03",12,2005,62.5899280575539,3,57.6671995736744
"drhm-03",12,2006,62.5899280575539,3,57.4357180921929
"drhm-03",12,2007,64.0287769784172,3,57.6838529176659
"drhm-03",12,2008,64.0287769784172,3,57.6838529176659
"drhm-03",12,2009,64.0287769784172,3,57.9236610711431
"drhm-03",12,2010,66.9064748201438,3,59.1227018385291
"drhm-03",12,2011,69.0647482014388,3,59.8421262989608
"drhm-03",12,2012,70.5035971223021,3,60.3217426059152
"drhm-03",12,2013,70.5035971223021,3,60.3217426059152
"drhm-03",12,2014,70.5035971223021,3,60.3217426059152
"drhm-03",12,2015,70.5035971223021,3,60.3217426059152
"drhm-03",12,2016,70.5035971223021,3,60.3217426059152
"drhm-03",12,2017,70.5035971223021,3,60.3217426059152
"drhm-03",12,2018,70.5035971223021,3,60.3217426059152
"drhm-03",12,2019,70.5035971223021,3,59.1643351985078
"drhm-03",12,2020,70.5035971223021,3,59.1643351985078
"drhm-03",12,2021,70.5035971223021,3,59.1643351985078
"drhm-03",12,2022,70.5035971223021,3,59.1643351985078
"drhm-03",12,2023,69.7841726618704,3,58.9245270450306
"drhm-03",12,2024,69.7841726618705,3,58.9245270450307
"drhm-03",12,2025,69.7841726618705,3,57.9819477751133
"drhm-03",13,1999,0.704225352112676,3,46.1118077369091
"drhm-03",13,2000,0.704225352112676,3,46.1118077369091
"drhm-03",13,2001,0.704225352112676,3,45.9381966257979
"drhm-03",15,1999,31.9444444444445,3,46.1118077369091
"drhm-03",15,2000,31.9444444444445,3,46.1118077369091
"drhm-03",15,2001,31.25,3,45.9381966257979
"drhm-03",15,2002,31.25,3,61.0161870503597
"drhm-03",15,2003,31.25,3,60.0569544364508
"drhm-03",15,2004,30.5555555555556,3,58.1468158806288
"drhm-03",15,2005,30.5555555555556,3,57.6671995736744
"drhm-03",15,2006,29.8611111111111,3,57.4357180921929
"drhm-03",15,2007,29.1666666666667,3,57.6838529176659
"drhm-03",15,2008,29.1666666666667,3,57.6838529176659
"drhm-03",15,2009,29.1666666666667,3,57.9236610711431
"drhm-03",15,2010,29.1666666666667,3,59.1227018385291
"drhm-03",15,2011,29.1666666666667,3,59.8421262989608
"drhm-03",15,2012,29.1666666666667,3,60.3217426059152
"drhm-03",15,2013,29.1666666666667,3,60.3217426059152
"drhm-03",15,2014,29.1666666666667,3,60.3217426059152
"drhm-03",15,2015,29.1666666666667,3,60.3217426059152
"drhm-03",15,2016,29.1666666666667,3,60.3217426059152
"drhm-03",15,2017,29.1666666666667,3,60.3217426059152
"drhm-03",15,2018,29.1666666666667,3,60.3217426059152
"drhm-03",15,2019,25.6944444444444,3,59.1643351985078
"drhm-03",15,2020,25.6944444444444,3,59.1643351985078
"drhm-03",15,2021,25.6944444444444,3,59.1643351985078
"drhm-03",15,2022,25.6944444444444,3,59.1643351985078
"drhm-03",15,2023,25.6944444444444,3,58.9245270450306
"drhm-03",15,2024,25.6944444444444,3,58.9245270450307
"drhm-03",15,2025,24.3055555555555,3,57.9819477751133
"drhm-03",16,1999,12.1428571428571,4,46.3011305241521
"drhm-03",16,2000,12.1428571428571,4,45.4450154162384
"drhm-03",16,2001,12.1428571428571,4,44.8694758478931
"drhm-03",16,2002,12.1428571428571,4,39.8345323741007
"drhm-03",16,2003,12.1428571428571,4,39.8345323741007
"drhm-03",16,2004,12.1428571428571,4,39.2589928057554
"drhm-03",16,2005,12.1428571428571,4,38.6834532374101
"drhm-03",16,2006,12.1428571428571,4,38.2517985611511
"drhm-03",16,2007,12.1428571428571,4,38.2517985611511
"drhm-03",16,2008,12.1428571428571,4,38.2517985611511
"drhm-03",16,2009,12.1428571428571,4,38.2517985611511
"drhm-03",16,2010,12.1428571428571,4,38.2517985611511
"drhm-03",16,2011,12.1428571428571,4,38.2517985611511
"drhm-03",16,2012,12.1428571428571,4,38.2517985611511
"drhm-03",16,2013,12.1428571428571,4,38.2517985611511
"drhm-03",16,2014,12.1428571428571,4,38.2517985611511
"drhm-03",16,2015,12.1428571428571,4,38.2517985611511
"drhm-03",16,2016,12.1428571428571,4,38.2517985611511
"drhm-03",16,2017,12.1428571428571,4,38.2517985611511
"drhm-03",16,2018,12.1428571428571,4,38.2517985611511
"drhm-03",16,2019,12.1428571428571,4,38.2517985611511
"drhm-03",16,2020,12.1428571428571,4,38.2517985611511
"drhm-03",16,2021,12.1428571428571,4,38.2517985611511
"drhm-03",16,2022,12.1428571428571,4,37.6762589928058
"drhm-03",16,2023,12.1428571428571,4,37.6762589928058
"drhm-03",16,2024,12.1428571428571,4,37.2446043165468
"drhm-03",16,2025,12.1428571428571,4,37.2446043165468
"drhm-03",17,1999,8.57142857142857,4,46.3011305241521
"drhm-03",17,2000,3.57142857142857,4,45.4450154162384
"drhm-03",17,2001,3.57142857142857,4,44.8694758478931
"drhm-03",17,2002,2.85714285714286,4,39.8345323741007
"drhm-03",17,2003,2.85714285714286,4,39.8345323741007
"drhm-03",17,2004,2.85714285714286,4,39.2589928057554
"drhm-03",17,2005,2.85714285714286,4,38.6834532374101
"drhm-03",17,2006,2.85714285714286,4,38.2517985611511
"drhm-03",17,2007,2.85714285714286,4,38.2517985611511
"drhm-03",17,2008,2.85714285714286,4,38.2517985611511
"drhm-03",17,2009,2.85714285714286,4,38.2517985611511
"drhm-03",17,2010,2.85714285714286,4,38.2517985611511
"drhm-03",17,2011,2.85714285714286,4,38.2517985611511
"drhm-03",17,2012,2.85714285714286,4,38.2517985611511
"drhm-03",17,2013,2.85714285714286,4,38.2517985611511
"drhm-03",17,2014,2.85714285714286,4,38.2517985611511
"drhm-03",17,2015,2.85714285714286,4,38.2517985611511
"drhm-03",17,2016,2.85714285714286,4,38.2517985611511
"drhm-03",17,2017,2.85714285714286,4,38.2517985611511
"drhm-03",17,2018,2.85714285714286,4,38.2517985611511
"drhm-03",17,2019,2.85714285714286,4,38.2517985611511
"drhm-03",17,2020,2.85714285714286,4,38.2517985611511
"drhm-03",17,2021,2.85714285714286,4,38.2517985611511
"drhm-03",17,2022,2.85714285714286,4,37.6762589928058
"drhm-03",17,2023,2.85714285714286,4,37.6762589928058
"drhm-03",17,2024,2.85714285714286,4,37.2446043165468
"drhm-03",17,2025,2.85714285714286,4,37.2446043165468
"drhm-03",18,1999,64.7482014388489,4,46.3011305241521
"drhm-03",18,2000,64.7482014388489,4,45.4450154162384
"drhm-03",18,2001,64.7482014388489,4,44.8694758478931
"drhm-03",18,2002,40.2877697841726,4,39.8345323741007
"drhm-03",18,2003,40.2877697841726,4,39.8345323741007
"drhm-03",18,2004,39.568345323741,4,39.2589928057554
"drhm-03",18,2005,36.6906474820143,4,38.6834532374101
"drhm-03",18,2006,34.5323741007194,4,38.2517985611511
"drhm-03",18,2007,34.5323741007194,4,38.2517985611511
"drhm-03",18,2008,34.5323741007194,4,38.2517985611511
"drhm-03",18,2009,34.5323741007195,4,38.2517985611511
"drhm-03",18,2010,34.5323741007195,4,38.2517985611511
"drhm-03",18,2011,34.5323741007195,4,38.2517985611511
"drhm-03",18,2012,34.5323741007195,4,38.2517985611511
"drhm-03",18,2013,34.5323741007195,4,38.2517985611511
"drhm-03",18,2014,34.5323741007195,4,38.2517985611511
"drhm-03",18,2015,34.5323741007195,4,38.2517985611511
"drhm-03",18,2016,34.5323741007195,4,38.2517985611511
"drhm-03",18,2017,34.5323741007195,4,38.2517985611511
"drhm-03",18,2018,34.5323741007195,4,38.2517985611511
"drhm-03",18,2019,34.5323741007195,4,38.2517985611511
"drhm-03",18,2020,34.5323741007195,4,38.2517985611511
"drhm-03",18,2021,34.5323741007195,4,38.2517985611511
"drhm-03",18,2022,31.6546762589929,4,37.6762589928058
"drhm-03",18,2023,31.6546762589929,4,37.6762589928058
"drhm-03",18,2024,30.9352517985612,4,37.2446043165468
"drhm-03",18,2025,30.9352517985612,4,37.2446043165468
"drhm-03",19,1999,69.0647482014389,4,46.3011305241521
"drhm-03",19,2000,69.0647482014389,4,45.4450154162384
"drhm-03",19,2001,69.0647482014389,4,44.8694758478931
"drhm-03",19,2002,69.0647482014389,4,39.8345323741007
"drhm-03",19,2003,69.0647482014389,4,39.8345323741007
"drhm-03",19,2004,67.6258992805756,4,39.2589928057554
"drhm-03",19,2005,67.6258992805756,4,38.6834532374101
"drhm-03",19,2006,67.6258992805756,4,38.2517985611511
"drhm-03",19,2007,67.6258992805756,4,38.2517985611511
"drhm-03",19,2008,67.6258992805756,4,38.2517985611511
"drhm-03",19,2009,67.6258992805756,4,38.2517985611511
"drhm-03",19,2010,67.6258992805756,4,38.2517985611511
"drhm-03",19,2011,67.6258992805756,4,38.2517985611511
"drhm-03",19,2012,67.6258992805756,4,38.2517985611511
"drhm-03",19,2013,67.6258992805756,4,38.2517985611511
"drhm-03",19,2014,67.6258992805756,4,38.2517985611511
"drhm-03",19,2015,67.6258992805756,4,38.2517985611511
"drhm-03",19,2016,67.6258992805756,4,38.2517985611511
"drhm-03",19,2017,67.6258992805756,4,38.2517985611511
"drhm-03",19,2018,67.6258992805756,4,38.2517985611511
"drhm-03",19,2019,67.6258992805756,4,38.2517985611511
"drhm-03",19,2020,67.6258992805756,4,38.2517985611511
"drhm-03",19,2021,67.6258992805756,4,38.2517985611511
"drhm-03",19,2022,67.6258992805756,4,37.6762589928058
"drhm-03",19,2023,67.6258992805756,4,37.6762589928058
"drhm-03",19,2024,66.1870503597122,4,37.2446043165468
"drhm-03",19,2025,66.1870503597122,4,37.2446043165468
"drhm-03",20,1999,76.978417266187,4,46.3011305241521
"drhm-03",20,2000,77.6978417266187,4,45.4450154162384
"drhm-03",20,2001,74.8201438848921,4,44.8694758478931
"drhm-03",20,2002,74.8201438848921,4,39.8345323741007
"drhm-03",20,2003,74.8201438848921,4,39.8345323741007
"drhm-03",20,2004,74.1007194244604,4,39.2589928057554
"drhm-03",20,2005,74.1007194244604,4,38.6834532374101
"drhm-03",20,2006,74.1007194244604,4,38.2517985611511
"drhm-03",20,2007,74.1007194244604,4,38.2517985611511
"drhm-03",20,2008,74.1007194244604,4,38.2517985611511
"drhm-03",20,2009,74.1007194244604,4,38.2517985611511
"drhm-03",20,2010,74.1007194244604,4,38.2517985611511
"drhm-03",20,2011,74.1007194244604,4,38.2517985611511
"drhm-03",20,2012,74.1007194244604,4,38.2517985611511
"drhm-03",20,2013,74.1007194244604,4,38.2517985611511
"drhm-03",20,2014,74.1007194244604,4,38.2517985611511
"drhm-03",20,2015,74.1007194244604,4,38.2517985611511
"drhm-03",20,2016,74.1007194244604,4,38.2517985611511
"drhm-03",20,2017,74.1007194244604,4,38.2517985611511
"drhm-03",20,2018,74.1007194244604,4,38.2517985611511
"drhm-03",20,2019,74.1007194244604,4,38.2517985611511
"drhm-03",20,2020,74.1007194244604,4,38.2517985611511
"drhm-03",20,2021,74.1007194244604,4,38.2517985611511
"drhm-03",20,2022,74.1007194244604,4,37.6762589928058
"drhm-03",20,2023,74.1007194244604,4,37.6762589928058
"drhm-03",20,2024,74.1007194244604,4,37.2446043165468
"drhm-03",20,2025,74.1007194244604,4,37.2446043165468
"drhm-04",1,1999,20.1388888888889,1,40.81038647343
"drhm-04",1,2000,20.1388888888889,1,40.6675293305728
"drhm-04",1,2001,20.1388888888889,1,40.81038647343
"drhm-04",1,2002,20.1388888888889,1,40.3797446514838
"drhm-04",1,2003,20.1388888888889,1,40.0940303657695
"drhm-04",1,2004,20.1388888888889,1,39.9491028295376
"drhm-04",1,2005,14.5833333333333,1,38.8379917184265
"drhm-04",1,2006,6.25,1,37.0284679089027
"drhm-04",1,2007,4.86111111111111,1,36.893547273982
"drhm-04",1,2008,4.86111111111111,1,36.7506901311249
"drhm-04",1,2009,4.86111111111111,1,36.893547273982
"drhm-04",1,2010,4.86111111111111,1,36.7506901311249
"drhm-04",1,2011,4.86111111111111,1,36.893547273982
"drhm-04",1,2012,4.86111111111111,1,36.893547273982
"drhm-04",1,2013,4.86111111111111,1,36.7506901311249
"drhm-04",1,2014,4.86111111111111,1,36.7506901311249
"drhm-04",1,2015,4.86111111111111,1,36.7506901311249
"drhm-04",1,2016,4.86111111111111,1,36.605762594893
"drhm-04",1,2017,4.86111111111111,1,36.605762594893
"drhm-04",1,2018,2.77777777777777,1,36.1890959282264
"drhm-04",1,2019,2.77777777777777,1,36.1890959282264
"drhm-04",1,2020,2.77777777777777,1,36.1890959282264
"drhm-04",1,2021,2.77777777777777,1,36.1890959282264
"drhm-04",1,2022,2.77777777777777,1,36.1890959282264
"drhm-04",1,2023,2.77777777777777,1,36.3319530710835
"drhm-04",1,2024,2.77777777777777,1,36.1890959282264
"drhm-04",1,2025,2.77777777777777,1,36.1870255348516
"drhm-04",2,1999,30,1,40.81038647343
"drhm-04",2,2000,29.2857142857143,1,40.6675293305728
"drhm-04",2,2001,30,1,40.81038647343
"drhm-04",2,2002,28.5714285714286,1,40.3797446514838
"drhm-04",2,2003,27.1428571428571,1,40.0940303657695
"drhm-04",2,2004,27.1428571428571,1,39.9491028295376
"drhm-04",2,2005,27.1428571428571,1,38.8379917184265
"drhm-04",2,2006,26.4285714285714,1,37.0284679089027
"drhm-04",2,2007,27.1428571428571,1,36.893547273982
"drhm-04",2,2008,26.4285714285714,1,36.7506901311249
"drhm-04",2,2009,27.1428571428571,1,36.893547273982
"drhm-04",2,2010,26.4285714285714,1,36.7506901311249
"drhm-04",2,2011,27.1428571428571,1,36.893547273982
"drhm-04",2,2012,27.1428571428571,1,36.893547273982
"drhm-04",2,2013,26.4285714285714,1,36.7506901311249
"drhm-04",2,2014,26.4285714285714,1,36.7506901311249
"drhm-04",2,2015,26.4285714285714,1,36.7506901311249
"drhm-04",2,2016,26.4285714285714,1,36.605762594893
"drhm-04",2,2017,26.4285714285714,1,36.605762594893
"drhm-04",2,2018,26.4285714285714,1,36.1890959282264
"drhm-04",2,2019,26.4285714285714,1,36.1890959282264
"drhm-04",2,2020,26.4285714285714,1,36.1890959282264
"drhm-04",2,2021,26.4285714285714,1,36.1890959282264
"drhm-04",2,2022,26.4285714285714,1,36.1890959282264
"drhm-04",2,2023,27.1428571428571,1,36.3319530710835
"drhm-04",2,2024,26.4285714285714,1,36.1890959282264
"drhm-04",2,2025,27.1428571428571,1,36.1870255348516
"drhm-04",3,1999,59.4202898550725,1,40.81038647343
"drhm-04",3,2000,59.4202898550725,1,40.6675293305728
"drhm-04",3,2001,59.4202898550725,1,40.81038647343
"drhm-04",3,2002,58.695652173913,1,40.3797446514838
"drhm-04",3,2003,58.695652173913,1,40.0940303657695
"drhm-04",3,2004,58.695652173913,1,39.9491028295376
"drhm-04",3,2005,58.695652173913,1,38.8379917184265
"drhm-04",3,2006,58.695652173913,1,37.0284679089027
"drhm-04",3,2007,58.695652173913,1,36.893547273982
"drhm-04",3,2008,58.695652173913,1,36.7506901311249
"drhm-04",3,2009,58.695652173913,1,36.893547273982
"drhm-04",3,2010,58.695652173913,1,36.7506901311249
"drhm-04",3,2011,58.695652173913,1,36.893547273982
"drhm-04",3,2012,58.695652173913,1,36.893547273982
"drhm-04",3,2013,58.695652173913,1,36.7506901311249
"drhm-04",3,2014,58.695652173913,1,36.7506901311249
"drhm-04",3,2015,58.695652173913,1,36.7506901311249
"drhm-04",3,2016,57.9710144927536,1,36.605762594893
"drhm-04",3,2017,57.9710144927536,1,36.605762594893
"drhm-04",3,2018,57.9710144927536,1,36.1890959282264
"drhm-04",3,2019,57.9710144927536,1,36.1890959282264
"drhm-04",3,2020,57.9710144927536,1,36.1890959282264
"drhm-04",3,2021,57.9710144927536,1,36.1890959282264
"drhm-04",3,2022,57.9710144927536,1,36.1890959282264
"drhm-04",3,2023,57.9710144927536,1,36.3319530710835
"drhm-04",3,2024,57.9710144927536,1,36.1890959282264
"drhm-04",3,2025,57.9710144927536,1,36.1870255348516
"drhm-04",4,1999,80,1,40.81038647343
"drhm-04",4,2000,80,1,40.6675293305728
"drhm-04",4,2001,80,1,40.81038647343
"drhm-04",4,2002,80,1,40.3797446514838
"drhm-04",4,2003,80,1,40.0940303657695
"drhm-04",4,2004,80,1,39.9491028295376
"drhm-04",4,2005,80,1,38.8379917184265
"drhm-04",4,2006,80,1,37.0284679089027
"drhm-04",4,2007,80,1,36.893547273982
"drhm-04",4,2008,80,1,36.7506901311249
"drhm-04",4,2009,80,1,36.893547273982
"drhm-04",4,2010,80,1,36.7506901311249
"drhm-04",4,2011,80,1,36.893547273982
"drhm-04",4,2012,80,1,36.893547273982
"drhm-04",4,2013,80,1,36.7506901311249
"drhm-04",4,2014,80,1,36.7506901311249
"drhm-04",4,2015,80,1,36.7506901311249
"drhm-04",4,2016,80,1,36.605762594893
"drhm-04",4,2017,80,1,36.605762594893
"drhm-04",4,2018,80,1,36.1890959282264
"drhm-04",4,2019,80,1,36.1890959282264
"drhm-04",4,2020,80,1,36.1890959282264
"drhm-04",4,2021,80,1,36.1890959282264
"drhm-04",4,2022,80,1,36.1890959282264
"drhm-04",4,2023,80,1,36.3319530710835
"drhm-04",4,2024,80,1,36.1890959282264
"drhm-04",4,2025,80,1,36.1870255348516
"drhm-04",5,1999,14.4927536231884,1,40.81038647343
"drhm-04",5,2000,14.4927536231884,1,40.6675293305728
"drhm-04",5,2001,14.4927536231884,1,40.81038647343
"drhm-04",5,2002,14.4927536231884,1,40.3797446514838
"drhm-04",5,2003,14.4927536231884,1,40.0940303657695
"drhm-04",5,2004,13.768115942029,1,39.9491028295376
"drhm-04",5,2005,13.768115942029,1,38.8379917184265
"drhm-04",5,2006,13.768115942029,1,37.0284679089027
"drhm-04",5,2007,13.768115942029,1,36.893547273982
"drhm-04",5,2008,13.768115942029,1,36.7506901311249
"drhm-04",5,2009,13.768115942029,1,36.893547273982
"drhm-04",5,2010,13.768115942029,1,36.7506901311249
"drhm-04",5,2011,13.768115942029,1,36.893547273982
"drhm-04",5,2012,13.768115942029,1,36.893547273982
"drhm-04",5,2013,13.768115942029,1,36.7506901311249
"drhm-04",5,2014,13.768115942029,1,36.7506901311249
"drhm-04",5,2015,13.768115942029,1,36.7506901311249
"drhm-04",5,2016,13.768115942029,1,36.605762594893
"drhm-04",5,2017,13.768115942029,1,36.605762594893
"drhm-04",5,2018,13.768115942029,1,36.1890959282264
"drhm-04",5,2019,13.768115942029,1,36.1890959282264
"drhm-04",5,2020,13.768115942029,1,36.1890959282264
"drhm-04",5,2021,13.768115942029,1,36.1890959282264
"drhm-04",5,2022,13.768115942029,1,36.1890959282264
"drhm-04",5,2023,13.768115942029,1,36.3319530710835
"drhm-04",5,2024,13.768115942029,1,36.1890959282264
"drhm-04",5,2025,13.0434782608696,1,36.1870255348516
"drhm-04",6,1999,79.2857142857142,2,41.6871062948769
"drhm-04",6,2000,79.2857142857142,2,41.6871062948769
"drhm-04",6,2001,79.2857142857142,2,41.6871062948769
"drhm-04",6,2002,79.2857142857142,2,41.6871062948769
"drhm-04",6,2003,79.2857142857143,2,41.6871062948769
"drhm-04",6,2004,79.2857142857143,2,41.6871062948769
"drhm-04",6,2005,79.2857142857143,2,41.6871062948769
"drhm-04",6,2006,77.1428571428571,2,41.2585348663054
"drhm-04",6,2007,76.4285714285714,2,41.1156777234483
"drhm-04",6,2008,75.7142857142857,2,41.117748116823
"drhm-04",6,2009,70.0000000000001,2,39.9748909739659
"drhm-04",6,2010,70.0000000000001,2,39.9748909739659
"drhm-04",6,2011,70.0000000000001,2,39.9748909739659
"drhm-04",6,2012,70.0000000000001,2,39.9748909739659
"drhm-04",6,2013,70.0000000000001,2,39.9748909739659
"drhm-04",6,2014,70.0000000000001,2,40.1198185101978
"drhm-04",6,2015,70.0000000000001,2,40.1198185101978
"drhm-04",6,2016,70.0000000000001,2,40.1198185101978
"drhm-04",6,2017,70.0000000000001,2,40.1198185101978
"drhm-04",6,2018,70.0000000000001,2,40.1198185101978
"drhm-04",6,2019,70.0000000000001,2,40.1198185101978
"drhm-04",6,2020,70.0000000000001,2,40.1198185101978
"drhm-04",6,2021,70.0000000000001,2,40.1198185101978
"drhm-04",6,2022,69.2857142857144,2,39.9769613673407
"drhm-04",6,2023,68.5714285714287,2,39.8341042244835
"drhm-04",6,2024,68.5714285714287,2,39.8341042244835
"drhm-04",6,2025,68.5714285714287,2,39.8341042244835
"drhm-04",7,1999,24.822695035461,2,41.6871062948769
"drhm-04",7,2000,24.822695035461,2,41.6871062948769
"drhm-04",7,2001,24.822695035461,2,41.6871062948769
"drhm-04",7,2002,24.822695035461,2,41.6871062948769
"drhm-04",7,2003,24.822695035461,2,41.6871062948769
"drhm-04",7,2004,24.822695035461,2,41.6871062948769
"drhm-04",7,2005,24.822695035461,2,41.6871062948769
"drhm-04",7,2006,24.822695035461,2,41.2585348663054
"drhm-04",7,2007,24.822695035461,2,41.1156777234483
"drhm-04",7,2008,24.822695035461,2,41.117748116823
"drhm-04",7,2009,24.822695035461,2,39.9748909739659
"drhm-04",7,2010,24.822695035461,2,39.9748909739659
"drhm-04",7,2011,24.822695035461,2,39.9748909739659
"drhm-04",7,2012,24.822695035461,2,39.9748909739659
"drhm-04",7,2013,24.822695035461,2,39.9748909739659
"drhm-04",7,2014,24.822695035461,2,40.1198185101978
"drhm-04",7,2015,24.822695035461,2,40.1198185101978
"drhm-04",7,2016,24.822695035461,2,40.1198185101978
"drhm-04",7,2017,24.822695035461,2,40.1198185101978
"drhm-04",7,2018,24.822695035461,2,40.1198185101978
"drhm-04",7,2019,24.822695035461,2,40.1198185101978
"drhm-04",7,2020,24.822695035461,2,40.1198185101978
"drhm-04",7,2021,24.822695035461,2,40.1198185101978
"drhm-04",7,2022,24.822695035461,2,39.9769613673407
"drhm-04",7,2023,24.822695035461,2,39.8341042244835
"drhm-04",7,2024,24.822695035461,2,39.8341042244835
"drhm-04",7,2025,24.822695035461,2,39.8341042244835
"drhm-04",8,1999,45.6521739130435,2,41.6871062948769
"drhm-04",8,2000,45.6521739130435,2,41.6871062948769
"drhm-04",8,2001,45.6521739130435,2,41.6871062948769
"drhm-04",8,2002,45.6521739130435,2,41.6871062948769
"drhm-04",8,2003,45.6521739130435,2,41.6871062948769
"drhm-04",8,2004,45.6521739130435,2,41.6871062948769
"drhm-04",8,2005,45.6521739130435,2,41.6871062948769
"drhm-04",8,2006,45.6521739130435,2,41.2585348663054
"drhm-04",8,2007,45.6521739130435,2,41.1156777234483
"drhm-04",8,2008,46.3768115942029,2,41.117748116823
"drhm-04",8,2009,46.3768115942029,2,39.9748909739659
"drhm-04",8,2010,46.3768115942029,2,39.9748909739659
"drhm-04",8,2011,46.3768115942029,2,39.9748909739659
"drhm-04",8,2012,46.3768115942029,2,39.9748909739659
"drhm-04",8,2013,46.3768115942029,2,39.9748909739659
"drhm-04",8,2014,47.1014492753623,2,40.1198185101978
"drhm-04",8,2015,47.1014492753623,2,40.1198185101978
"drhm-04",8,2016,47.1014492753623,2,40.1198185101978
"drhm-04",8,2017,47.1014492753623,2,40.1198185101978
"drhm-04",8,2018,47.1014492753623,2,40.1198185101978
"drhm-04",8,2019,47.1014492753623,2,40.1198185101978
"drhm-04",8,2020,47.1014492753623,2,40.1198185101978
"drhm-04",8,2021,47.1014492753623,2,40.1198185101978
"drhm-04",8,2022,47.1014492753623,2,39.9769613673407
"drhm-04",8,2023,47.1014492753623,2,39.8341042244835
"drhm-04",8,2024,47.1014492753623,2,39.8341042244835
"drhm-04",8,2025,47.1014492753623,2,39.8341042244835
"drhm-04",9,1999,51.4285714285714,2,41.6871062948769
"drhm-04",9,2000,51.4285714285714,2,41.6871062948769
"drhm-04",9,2001,51.4285714285714,2,41.6871062948769
"drhm-04",9,2002,51.4285714285714,2,41.6871062948769
"drhm-04",9,2003,51.4285714285714,2,41.6871062948769
"drhm-04",9,2004,51.4285714285714,2,41.6871062948769
"drhm-04",9,2005,51.4285714285714,2,41.6871062948769
"drhm-04",9,2006,51.4285714285714,2,41.2585348663054
"drhm-04",9,2007,51.4285714285714,2,41.1156777234483
"drhm-04",9,2008,51.4285714285714,2,41.117748116823
"drhm-04",9,2009,51.4285714285714,2,39.9748909739659
"drhm-04",9,2010,51.4285714285714,2,39.9748909739659
"drhm-04",9,2011,51.4285714285715,2,39.9748909739659
"drhm-04",9,2012,51.4285714285715,2,39.9748909739659
"drhm-04",9,2013,51.4285714285715,2,39.9748909739659
"drhm-04",9,2014,51.4285714285714,2,40.1198185101978
"drhm-04",9,2015,51.4285714285714,2,40.1198185101978
"drhm-04",9,2016,51.4285714285714,2,40.1198185101978
"drhm-04",9,2017,51.4285714285714,2,40.1198185101978
"drhm-04",9,2018,51.4285714285714,2,40.1198185101978
"drhm-04",9,2019,51.4285714285714,2,40.1198185101978
"drhm-04",9,2020,51.4285714285714,2,40.1198185101978
"drhm-04",9,2021,51.4285714285714,2,40.1198185101978
"drhm-04",9,2022,51.4285714285714,2,39.9769613673407
"drhm-04",9,2023,51.4285714285714,2,39.8341042244835
"drhm-04",9,2024,51.4285714285714,2,39.8341042244835
"drhm-04",9,2025,51.4285714285714,2,39.8341042244835
"drhm-04",10,1999,7.2463768115942,2,41.6871062948769
"drhm-04",10,2000,7.2463768115942,2,41.6871062948769
"drhm-04",10,2001,7.2463768115942,2,41.6871062948769
"drhm-04",10,2002,7.2463768115942,2,41.6871062948769
"drhm-04",10,2003,7.2463768115942,2,41.6871062948769
"drhm-04",10,2004,7.2463768115942,2,41.6871062948769
"drhm-04",10,2005,7.2463768115942,2,41.6871062948769
"drhm-04",10,2006,7.2463768115942,2,41.2585348663054
"drhm-04",10,2007,7.2463768115942,2,41.1156777234483
"drhm-04",10,2008,7.2463768115942,2,41.117748116823
"drhm-04",10,2009,7.2463768115942,2,39.9748909739659
"drhm-04",10,2010,7.2463768115942,2,39.9748909739659
"drhm-04",10,2011,7.2463768115942,2,39.9748909739659
"drhm-04",10,2012,7.2463768115942,2,39.9748909739659
"drhm-04",10,2013,7.2463768115942,2,39.9748909739659
"drhm-04",10,2014,7.2463768115942,2,40.1198185101978
"drhm-04",10,2015,7.2463768115942,2,40.1198185101978
"drhm-04",10,2016,7.2463768115942,2,40.1198185101978
"drhm-04",10,2017,7.2463768115942,2,40.1198185101978
"drhm-04",10,2018,7.2463768115942,2,40.1198185101978
"drhm-04",10,2019,7.2463768115942,2,40.1198185101978
"drhm-04",10,2020,7.2463768115942,2,40.1198185101978
"drhm-04",10,2021,7.2463768115942,2,40.1198185101978
"drhm-04",10,2022,7.2463768115942,2,39.9769613673407
"drhm-04",10,2023,7.2463768115942,2,39.8341042244835
"drhm-04",10,2024,7.2463768115942,2,39.8341042244835
"drhm-04",10,2025,7.2463768115942,2,39.8341042244835
"drhm-04",11,1999,43.5714285714286,3,55.4471432914031
"drhm-04",11,2000,43.5714285714286,3,55.5900004342602
"drhm-04",11,2001,40.7142857142857,3,55.0195996120608
"drhm-04",11,2002,42.1428571428571,3,51.419394062215
"drhm-04",11,2003,42.8571428571428,3,51.419394062215
"drhm-04",11,2004,42.1428571428571,3,51.2765369193579
"drhm-04",11,2005,42.1428571428571,3,51.5632789543013
"drhm-04",11,2006,42.1428571428571,3,51.4204218114442
"drhm-04",11,2007,42.1428571428571,3,51.4204218114442
"drhm-04",11,2008,42.1428571428571,3,51.5632789543013
"drhm-04",11,2009,42.1428571428571,3,51.5632789543013
"drhm-04",11,2010,42.1428571428571,3,51.2765369193579
"drhm-04",11,2011,42.1428571428571,3,51.4204218114442
"drhm-04",11,2012,42.1428571428571,3,51.5643067035305
"drhm-04",11,2013,41.4285714285714,3,51.1336797765007
"drhm-04",11,2014,41.4285714285714,3,51.1336797765007
"drhm-04",11,2015,41.4285714285714,3,51.1336797765007
"drhm-04",11,2016,41.4285714285714,3,49.8660741426979
"drhm-04",11,2017,41.4285714285714,3,50.0099590347843
"drhm-04",11,2018,41.4285714285714,3,50.0099590347843
"drhm-04",11,2019,41.4285714285714,3,49.8660741426979
"drhm-04",11,2020,41.4285714285714,3,49.4375027141265
"drhm-04",11,2021,40.7142857142857,3,49.4385304633557
"drhm-04",11,2022,41.4285714285714,3,49.5813876062128
"drhm-04",11,2023,41.4285714285714,3,49.5813876062128
"drhm-04",11,2024,41.4285714285714,3,49.5813876062128
"drhm-04",11,2025,41.4285714285714,3,49.5813876062128
"drhm-04",12,1999,34.2857142857143,3,55.4471432914031
"drhm-04",12,2000,35,3,55.5900004342602
"drhm-04",12,2001,34.2857142857143,3,55.0195996120608
"drhm-04",12,2002,35,3,51.419394062215
"drhm-04",12,2003,34.2857142857143,3,51.419394062215
"drhm-04",12,2004,34.2857142857143,3,51.2765369193579
"drhm-04",12,2005,35,3,51.5632789543013
"drhm-04",12,2006,34.2857142857143,3,51.4204218114442
"drhm-04",12,2007,34.2857142857143,3,51.4204218114442
"drhm-04",12,2008,35,3,51.5632789543013
"drhm-04",12,2009,35,3,51.5632789543013
"drhm-04",12,2010,34.2857142857143,3,51.2765369193579
"drhm-04",12,2011,34.2857142857143,3,51.4204218114442
"drhm-04",12,2012,34.2857142857143,3,51.5643067035305
"drhm-04",12,2013,34.2857142857143,3,51.1336797765007
"drhm-04",12,2014,34.2857142857143,3,51.1336797765007
"drhm-04",12,2015,34.2857142857143,3,51.1336797765007
"drhm-04",12,2016,34.2857142857143,3,49.8660741426979
"drhm-04",12,2017,34.2857142857143,3,50.0099590347843
"drhm-04",12,2018,34.2857142857143,3,50.0099590347843
"drhm-04",12,2019,34.2857142857143,3,49.8660741426979
"drhm-04",12,2020,34.2857142857143,3,49.4375027141265
"drhm-04",12,2021,34.2857142857143,3,49.4385304633557
"drhm-04",12,2022,34.2857142857143,3,49.5813876062128
"drhm-04",12,2023,34.2857142857143,3,49.5813876062128
"drhm-04",12,2024,34.2857142857143,3,49.5813876062128
"drhm-04",12,2025,34.2857142857143,3,49.5813876062128
"drhm-04",13,1999,82.0143884892086,3,55.4471432914031
"drhm-04",13,2000,82.0143884892086,3,55.5900004342602
"drhm-04",13,2001,82.7338129496402,3,55.0195996120608
"drhm-04",13,2002,62.589928057554,3,51.419394062215
"drhm-04",13,2003,62.589928057554,3,51.419394062215
"drhm-04",13,2004,62.589928057554,3,51.2765369193579
"drhm-04",13,2005,63.3093525179856,3,51.5632789543013
"drhm-04",13,2006,63.3093525179856,3,51.4204218114442
"drhm-04",13,2007,63.3093525179856,3,51.4204218114442
"drhm-04",13,2008,63.3093525179856,3,51.5632789543013
"drhm-04",13,2009,63.3093525179856,3,51.5632789543013
"drhm-04",13,2010,62.589928057554,3,51.2765369193579
"drhm-04",13,2011,63.3093525179856,3,51.4204218114442
"drhm-04",13,2012,64.0287769784173,3,51.5643067035305
"drhm-04",13,2013,62.589928057554,3,51.1336797765007
"drhm-04",13,2014,62.589928057554,3,51.1336797765007
"drhm-04",13,2015,62.589928057554,3,51.1336797765007
"drhm-04",13,2016,62.589928057554,3,49.8660741426979
"drhm-04",13,2017,63.3093525179856,3,50.0099590347843
"drhm-04",13,2018,63.3093525179857,3,50.0099590347843
"drhm-04",13,2019,62.589928057554,3,49.8660741426979
"drhm-04",13,2020,62.589928057554,3,49.4375027141265
"drhm-04",13,2021,63.3093525179856,3,49.4385304633557
"drhm-04",13,2022,63.3093525179857,3,49.5813876062128
"drhm-04",13,2023,63.3093525179856,3,49.5813876062128
"drhm-04",13,2024,63.3093525179856,3,49.5813876062128
"drhm-04",13,2025,63.3093525179857,3,49.5813876062128
"drhm-04",14,1999,82.8571428571429,3,55.4471432914031
"drhm-04",14,2000,82.8571428571429,3,55.5900004342602
"drhm-04",14,2001,82.8571428571429,3,55.0195996120608
"drhm-04",14,2002,82.8571428571429,3,51.419394062215
"drhm-04",14,2003,82.8571428571429,3,51.419394062215
"drhm-04",14,2004,82.8571428571429,3,51.2765369193579
"drhm-04",14,2005,82.8571428571429,3,51.5632789543013
"drhm-04",14,2006,82.8571428571429,3,51.4204218114442
"drhm-04",14,2007,82.8571428571429,3,51.4204218114442
"drhm-04",14,2008,82.8571428571429,3,51.5632789543013
"drhm-04",14,2009,82.8571428571429,3,51.5632789543013
"drhm-04",14,2010,82.8571428571429,3,51.2765369193579
"drhm-04",14,2011,82.8571428571429,3,51.4204218114442
"drhm-04",14,2012,82.8571428571429,3,51.5643067035305
"drhm-04",14,2013,82.8571428571429,3,51.1336797765007
"drhm-04",14,2014,82.8571428571429,3,51.1336797765007
"drhm-04",14,2015,82.8571428571429,3,51.1336797765007
"drhm-04",14,2016,82.8571428571429,3,49.8660741426979
"drhm-04",14,2017,82.8571428571429,3,50.0099590347843
"drhm-04",14,2018,82.8571428571429,3,50.0099590347843
"drhm-04",14,2019,82.8571428571429,3,49.8660741426979
"drhm-04",14,2020,80.7142857142857,3,49.4375027141265
"drhm-04",14,2021,80.7142857142857,3,49.4385304633557
"drhm-04",14,2022,80.7142857142857,3,49.5813876062128
"drhm-04",14,2023,80.7142857142857,3,49.5813876062128
"drhm-04",14,2024,80.7142857142857,3,49.5813876062128
"drhm-04",14,2025,80.7142857142857,3,49.5813876062128
"drhm-04",15,1999,34.5070422535211,3,55.4471432914031
"drhm-04",15,2000,34.5070422535211,3,55.5900004342602
"drhm-04",15,2001,34.5070422535211,3,55.0195996120608
"drhm-04",15,2002,34.5070422535211,3,51.419394062215
"drhm-04",15,2003,34.5070422535211,3,51.419394062215
"drhm-04",15,2004,34.5070422535211,3,51.2765369193579
"drhm-04",15,2005,34.5070422535211,3,51.5632789543013
"drhm-04",15,2006,34.5070422535211,3,51.4204218114442
"drhm-04",15,2007,34.5070422535211,3,51.4204218114442
"drhm-04",15,2008,34.5070422535211,3,51.5632789543013
"drhm-04",15,2009,34.5070422535211,3,51.5632789543013
"drhm-04",15,2010,34.5070422535211,3,51.2765369193579
"drhm-04",15,2011,34.5070422535211,3,51.4204218114442
"drhm-04",15,2012,34.5070422535211,3,51.5643067035305
"drhm-04",15,2013,34.5070422535211,3,51.1336797765007
"drhm-04",15,2014,34.5070422535211,3,51.1336797765007
"drhm-04",15,2015,34.5070422535211,3,51.1336797765007
"drhm-04",15,2016,28.1690140845071,3,49.8660741426979
"drhm-04",15,2017,28.1690140845071,3,50.0099590347843
"drhm-04",15,2018,28.1690140845071,3,50.0099590347843
"drhm-04",15,2019,28.1690140845071,3,49.8660741426979
"drhm-04",15,2020,28.1690140845071,3,49.4375027141265
"drhm-04",15,2021,28.1690140845071,3,49.4385304633557
"drhm-04",15,2022,28.1690140845071,3,49.5813876062128
"drhm-04",15,2023,28.1690140845071,3,49.5813876062128
"drhm-04",15,2024,28.1690140845071,3,49.5813876062128
"drhm-04",15,2025,28.1690140845071,3,49.5813876062128
"drhm-04",16,1999,35.7142857142857,4,30.7695260469304
"drhm-04",16,2000,35.7142857142857,4,30.9493821620383
"drhm-04",16,2001,35.7142857142857,4,30.7695260469304
"drhm-04",16,2002,35.7142857142857,4,29.3306771260671
"drhm-04",16,2003,35.7142857142857,4,29.510533241175
"drhm-04",16,2004,35.7142857142857,4,28.6021295293618
"drhm-04",16,2005,35.7142857142857,4,28.9631450647596
"drhm-04",16,2006,35.7142857142857,4,29.3203061444065
"drhm-04",16,2007,35.7142857142857,4,29.1391467241166
"drhm-04",16,2008,36.4285714285714,4,29.3177181526881
"drhm-04",16,2009,36.4285714285714,4,29.497574267796
"drhm-04",16,2010,37.1428571428571,4,29.8573051166573
"drhm-04",16,2011,37.8571428571429,4,30.0320220894779
"drhm-04",16,2012,37.1428571428571,4,30.2119150457353
"drhm-04",16,2013,36.4285714285714,4,30.0333436171639
"drhm-04",16,2014,37.1428571428572,4,30.2119150457353
"drhm-04",16,2015,37.1428571428572,4,30.0307556254455
"drhm-04",16,2016,37.8571428571429,4,30.2093270540169
"drhm-04",16,2017,37.8571428571429,4,30.0281676337271
"drhm-04",16,2018,37.8571428571429,4,30.0281676337271
"drhm-04",16,2019,37.8571428571429,4,30.0281676337271
"drhm-04",16,2020,37.8571428571429,4,30.0281676337271
"drhm-04",16,2021,37.8571428571429,4,30.2080237488349
"drhm-04",16,2022,37.8571428571429,4,30.3891831691248
"drhm-04",16,2023,37.8571428571429,4,30.5664881336638
"drhm-04",16,2024,37.8571428571429,4,30.7437930982028
"drhm-04",16,2025,37.8571428571429,4,30.9210980627418
"drhm-04",17,1999,37.410071942446,4,30.7695260469304
"drhm-04",17,2000,38.1294964028777,4,30.9493821620383
"drhm-04",17,2001,37.4100719424461,4,30.7695260469304
"drhm-04",17,2002,31.6546762589928,4,29.3306771260671
"drhm-04",17,2003,32.3741007194244,4,29.510533241175
"drhm-04",17,2004,33.8129496402877,4,28.6021295293618
"drhm-04",17,2005,34.5323741007194,4,28.9631450647596
"drhm-04",17,2006,35.2517985611511,4,29.3203061444065
"drhm-04",17,2007,35.2517985611511,4,29.1391467241166
"drhm-04",17,2008,35.2517985611511,4,29.3177181526881
"drhm-04",17,2009,35.9712230215828,4,29.497574267796
"drhm-04",17,2010,35.9712230215828,4,29.8573051166573
"drhm-04",17,2011,35.9712230215828,4,30.0320220894779
"drhm-04",17,2012,35.9712230215828,4,30.2119150457353
"drhm-04",17,2013,35.9712230215828,4,30.0333436171639
"drhm-04",17,2014,35.9712230215828,4,30.2119150457353
"drhm-04",17,2015,35.9712230215828,4,30.0307556254455
"drhm-04",17,2016,35.9712230215828,4,30.2093270540169
"drhm-04",17,2017,35.9712230215828,4,30.0281676337271
"drhm-04",17,2018,35.9712230215828,4,30.0281676337271
"drhm-04",17,2019,35.9712230215828,4,30.0281676337271
"drhm-04",17,2020,35.9712230215828,4,30.0281676337271
"drhm-04",17,2021,36.6906474820144,4,30.2080237488349
"drhm-04",17,2022,36.6906474820144,4,30.3891831691248
"drhm-04",17,2023,36.6906474820144,4,30.5664881336638
"drhm-04",17,2024,36.6906474820144,4,30.7437930982028
"drhm-04",17,2025,36.6906474820144,4,30.9210980627418
"drhm-04",18,1999,35.4609929078014,4,30.7695260469304
"drhm-04",18,2000,35.4609929078014,4,30.9493821620383
"drhm-04",18,2001,35.4609929078014,4,30.7695260469304
"drhm-04",18,2002,35.4609929078014,4,29.3306771260671
"drhm-04",18,2003,35.4609929078014,4,29.510533241175
"drhm-04",18,2004,35.4609929078014,4,28.6021295293618
"drhm-04",18,2005,35.4609929078014,4,28.9631450647596
"drhm-04",18,2006,36.1702127659574,4,29.3203061444065
"drhm-04",18,2007,36.1702127659574,4,29.1391467241166
"drhm-04",18,2008,36.1702127659574,4,29.3177181526881
"drhm-04",18,2009,36.1702127659574,4,29.497574267796
"drhm-04",18,2010,36.1702127659574,4,29.8573051166573
"drhm-04",18,2011,36.8794326241135,4,30.0320220894779
"drhm-04",18,2012,37.5886524822695,4,30.2119150457353
"drhm-04",18,2013,37.5886524822695,4,30.0333436171639
"drhm-04",18,2014,37.5886524822695,4,30.2119150457353
"drhm-04",18,2015,37.5886524822695,4,30.0307556254455
"drhm-04",18,2016,37.5886524822695,4,30.2093270540169
"drhm-04",18,2017,37.5886524822695,4,30.0281676337271
"drhm-04",18,2018,37.5886524822695,4,30.0281676337271
"drhm-04",18,2019,37.5886524822695,4,30.0281676337271
"drhm-04",18,2020,37.5886524822695,4,30.0281676337271
"drhm-04",18,2021,37.5886524822695,4,30.2080237488349
"drhm-04",18,2022,37.5886524822695,4,30.3891831691248
"drhm-04",18,2023,38.2978723404256,4,30.5664881336638
"drhm-04",18,2024,39.0070921985816,4,30.7437930982028
"drhm-04",18,2025,39.7163120567376,4,30.9210980627418
"drhm-04",19,1999,14.4927536231884,4,30.7695260469304
"drhm-04",19,2000,14.4927536231884,4,30.9493821620383
"drhm-04",19,2001,14.4927536231884,4,30.7695260469304
"drhm-04",19,2002,14.4927536231884,4,29.3306771260671
"drhm-04",19,2003,14.4927536231884,4,29.510533241175
"drhm-04",19,2004,9.42028985507246,4,28.6021295293618
"drhm-04",19,2005,10.1449275362319,4,28.9631450647596
"drhm-04",19,2006,10.1449275362319,4,29.3203061444065
"drhm-04",19,2007,9.42028985507246,4,29.1391467241166
"drhm-04",19,2008,9.42028985507246,4,29.3177181526881
"drhm-04",19,2009,9.42028985507246,4,29.497574267796
"drhm-04",19,2010,10.1449275362319,4,29.8573051166573
"drhm-04",19,2011,9.42028985507246,4,30.0320220894779
"drhm-04",19,2012,10.1449275362319,4,30.2119150457353
"drhm-04",19,2013,10.1449275362319,4,30.0333436171639
"drhm-04",19,2014,10.1449275362319,4,30.2119150457353
"drhm-04",19,2015,9.42028985507246,4,30.0307556254455
"drhm-04",19,2016,9.42028985507246,4,30.2093270540169
"drhm-04",19,2017,8.69565217391304,4,30.0281676337271
"drhm-04",19,2018,8.69565217391304,4,30.0281676337271
"drhm-04",19,2019,8.69565217391304,4,30.0281676337271
"drhm-04",19,2020,8.69565217391304,4,30.0281676337271
"drhm-04",19,2021,8.69565217391304,4,30.2080237488349
"drhm-04",19,2022,9.42028985507246,4,30.3891831691248
"drhm-04",19,2023,9.42028985507246,4,30.5664881336638
"drhm-04",19,2024,9.42028985507246,4,30.7437930982028
"drhm-04",19,2025,9.42028985507246,4,30.9210980627418
"drhm-05",1,1999,52.8571428571429,1,43.7198266231735
"drhm-05",1,2000,48.5714285714286,1,42.8626837660307
"drhm-05",1,2001,48.5714285714286,1,42.8626837660307
"drhm-05",1,2002,48.5714285714286,1,42.8626837660307
"drhm-05",1,2003,48.5714285714286,1,41.8554895214263
"drhm-05",1,2004,48.5714285714286,1,40.1288708163904
"drhm-05",1,2005,48.5714285714286,1,40.1288708163904
"drhm-05",1,2006,49.2857142857143,1,39.4042480301473
"drhm-05",1,2007,49.2857142857143,1,38.6848235697156
"drhm-05",1,2008,49.2857142857143,1,38.6848235697156
"drhm-05",1,2009,49.2857142857143,1,38.6848235697156
"drhm-05",1,2010,49.2857142857143,1,38.6848235697156
"drhm-05",1,2011,49.2857142857143,1,38.6848235697156
"drhm-05",1,2012,43.5714285714286,1,37.5419664268585
"drhm-05",1,2013,42.8571428571429,1,37.1113394998287
"drhm-05",1,2014,42.8571428571429,1,37.1113394998287
"drhm-05",1,2015,42.8571428571429,1,36.2541966426858
"drhm-05",1,2016,44.2857142857143,1,36.9746935370958
"drhm-05",1,2017,44.2857142857143,1,36.9746935370958
"drhm-05",1,2018,45.7142857142857,1,36.3970984702921
"drhm-05",1,2019,48.5714285714286,1,36.8246421496343
"drhm-05",1,2020,48.5714285714286,1,36.8246421496343
"drhm-05",1,2021,49.2857142857143,1,36.9674992924915
"drhm-05",1,2022,48.5714285714286,1,36.8246421496343
"drhm-05",1,2023,42.8571428571429,1,35.3940152226045
"drhm-05",1,2024,42.8571428571429,1,35.3940152226045
"drhm-05",1,2025,43.5714285714286,1,35.3919448292298
"drhm-05",2,1999,24.2857142857143,1,43.7198266231735
"drhm-05",2,2000,24.2857142857143,1,42.8626837660307
"drhm-05",2,2001,24.2857142857143,1,42.8626837660307
"drhm-05",2,2002,24.2857142857143,1,42.8626837660307
"drhm-05",2,2003,24.2857142857143,1,41.8554895214263
"drhm-05",2,2004,24.2857142857143,1,40.1288708163904
"drhm-05",2,2005,24.2857142857143,1,40.1288708163904
"drhm-05",2,2006,24.2857142857143,1,39.4042480301473
"drhm-05",2,2007,24.2857142857143,1,38.6848235697156
"drhm-05",2,2008,24.2857142857143,1,38.6848235697156
"drhm-05",2,2009,24.2857142857143,1,38.6848235697156
"drhm-05",2,2010,24.2857142857143,1,38.6848235697156
"drhm-05",2,2011,24.2857142857143,1,38.6848235697156
"drhm-05",2,2012,24.2857142857143,1,37.5419664268585
"drhm-05",2,2013,24.2857142857143,1,37.1113394998287
"drhm-05",2,2014,24.2857142857143,1,37.1113394998287
"drhm-05",2,2015,24.2857142857143,1,36.2541966426858
"drhm-05",2,2016,24.2857142857143,1,36.9746935370958
"drhm-05",2,2017,24.2857142857143,1,36.9746935370958
"drhm-05",2,2018,24.2857142857143,1,36.3970984702921
"drhm-05",2,2019,24.2857142857143,1,36.8246421496343
"drhm-05",2,2020,24.2857142857143,1,36.8246421496343
"drhm-05",2,2021,24.2857142857143,1,36.9674992924915
"drhm-05",2,2022,24.2857142857143,1,36.8246421496343
"drhm-05",2,2023,24.2857142857143,1,35.3940152226045
"drhm-05",2,2024,24.2857142857143,1,35.3940152226045
"drhm-05",2,2025,24.2857142857143,1,35.3919448292298
"drhm-05",3,1999,64.748201438849,1,43.7198266231735
"drhm-05",3,2000,64.748201438849,1,42.8626837660307
"drhm-05",3,2001,64.748201438849,1,42.8626837660307
"drhm-05",3,2002,64.748201438849,1,42.8626837660307
"drhm-05",3,2003,59.7122302158274,1,41.8554895214263
"drhm-05",3,2004,51.0791366906475,1,40.1288708163904
"drhm-05",3,2005,51.0791366906475,1,40.1288708163904
"drhm-05",3,2006,49.6402877697842,1,39.4042480301473
"drhm-05",3,2007,46.0431654676259,1,38.6848235697156
"drhm-05",3,2008,46.0431654676259,1,38.6848235697156
"drhm-05",3,2009,46.0431654676259,1,38.6848235697156
"drhm-05",3,2010,46.0431654676259,1,38.6848235697156
"drhm-05",3,2011,46.0431654676259,1,38.6848235697156
"drhm-05",3,2012,46.0431654676259,1,37.5419664268585
"drhm-05",3,2013,44.6043165467626,1,37.1113394998287
"drhm-05",3,2014,44.6043165467626,1,37.1113394998287
"drhm-05",3,2015,44.6043165467626,1,36.2541966426858
"drhm-05",3,2016,44.6043165467626,1,36.9746935370958
"drhm-05",3,2017,44.6043165467626,1,36.9746935370958
"drhm-05",3,2018,40.2877697841726,1,36.3970984702921
"drhm-05",3,2019,39.568345323741,1,36.8246421496343
"drhm-05",3,2020,39.568345323741,1,36.8246421496343
"drhm-05",3,2021,39.568345323741,1,36.9674992924915
"drhm-05",3,2022,39.568345323741,1,36.8246421496343
"drhm-05",3,2023,38.1294964028777,1,35.3940152226045
"drhm-05",3,2024,38.1294964028777,1,35.3940152226045
"drhm-05",3,2025,38.1294964028777,1,35.3919448292298
"drhm-05",4,1999,57.1428571428572,1,43.7198266231735
"drhm-05",4,2000,57.1428571428572,1,42.8626837660307
"drhm-05",4,2001,57.1428571428572,1,42.8626837660307
"drhm-05",4,2002,57.1428571428572,1,42.8626837660307
"drhm-05",4,2003,57.1428571428572,1,41.8554895214263
"drhm-05",4,2004,57.1428571428572,1,40.1288708163904
"drhm-05",4,2005,57.1428571428572,1,40.1288708163904
"drhm-05",4,2006,57.1428571428572,1,39.4042480301473
"drhm-05",4,2007,57.1428571428572,1,38.6848235697156
"drhm-05",4,2008,57.1428571428572,1,38.6848235697156
"drhm-05",4,2009,57.1428571428572,1,38.6848235697156
"drhm-05",4,2010,57.1428571428572,1,38.6848235697156
"drhm-05",4,2011,57.1428571428572,1,38.6848235697156
"drhm-05",4,2012,57.1428571428572,1,37.5419664268585
"drhm-05",4,2013,57.1428571428572,1,37.1113394998287
"drhm-05",4,2014,57.1428571428572,1,37.1113394998287
"drhm-05",4,2015,52.8571428571428,1,36.2541966426858
"drhm-05",4,2016,52.8571428571428,1,36.9746935370958
"drhm-05",4,2017,52.8571428571428,1,36.9746935370958
"drhm-05",4,2018,52.8571428571428,1,36.3970984702921
"drhm-05",4,2019,52.8571428571428,1,36.8246421496343
"drhm-05",4,2020,52.8571428571428,1,36.8246421496343
"drhm-05",4,2021,52.8571428571428,1,36.9674992924915
"drhm-05",4,2022,52.8571428571428,1,36.8246421496343
"drhm-05",4,2023,52.8571428571428,1,35.3940152226045
"drhm-05",4,2024,52.8571428571428,1,35.3940152226045
"drhm-05",4,2025,52.8571428571428,1,35.3919448292298
"drhm-05",5,1999,19.5652173913043,1,43.7198266231735
"drhm-05",5,2000,19.5652173913043,1,42.8626837660307
"drhm-05",5,2001,19.5652173913043,1,42.8626837660307
"drhm-05",5,2002,19.5652173913043,1,42.8626837660307
"drhm-05",5,2003,19.5652173913043,1,41.8554895214263
"drhm-05",5,2004,19.5652173913043,1,40.1288708163904
"drhm-05",5,2005,19.5652173913043,1,40.1288708163904
"drhm-05",5,2006,16.6666666666666,1,39.4042480301473
"drhm-05",5,2007,16.6666666666666,1,38.6848235697156
"drhm-05",5,2008,16.6666666666666,1,38.6848235697156
"drhm-05",5,2009,16.6666666666666,1,38.6848235697156
"drhm-05",5,2010,16.6666666666666,1,38.6848235697156
"drhm-05",5,2011,16.6666666666666,1,38.6848235697156
"drhm-05",5,2012,16.6666666666666,1,37.5419664268585
"drhm-05",5,2013,16.6666666666666,1,37.1113394998287
"drhm-05",5,2014,16.6666666666666,1,37.1113394998287
"drhm-05",5,2015,16.6666666666666,1,36.2541966426858
"drhm-05",5,2016,18.840579710145,1,36.9746935370958
"drhm-05",5,2017,18.840579710145,1,36.9746935370958
"drhm-05",5,2018,18.840579710145,1,36.3970984702921
"drhm-05",5,2019,18.840579710145,1,36.8246421496343
"drhm-05",5,2020,18.840579710145,1,36.8246421496343
"drhm-05",5,2021,18.840579710145,1,36.9674992924915
"drhm-05",5,2022,18.840579710145,1,36.8246421496343
"drhm-05",5,2023,18.840579710145,1,35.3940152226045
"drhm-05",5,2024,18.840579710145,1,35.3940152226045
"drhm-05",5,2025,18.1159420289855,1,35.3919448292298
"drhm-05",7,1999,49.3055555555556,2,35.7527409749219
"drhm-05",7,2000,49.3055555555556,2,35.7527409749219
"drhm-05",7,2001,49.3055555555556,2,35.7527409749219
"drhm-05",7,2002,49.3055555555556,2,35.7527409749219
"drhm-05",7,2003,49.3055555555555,2,34.8508537890184
"drhm-05",7,2004,46.5277777777778,2,29.8034072741807
"drhm-05",7,2005,46.5277777777778,2,29.4436764253194
"drhm-05",7,2006,46.5277777777778,2,29.9845666944705
"drhm-05",7,2007,46.5277777777778,2,29.6248544642547
"drhm-05",7,2008,46.5277777777778,2,29.2651422340389
"drhm-05",7,2009,46.5277777777778,2,26.7289103499809
"drhm-05",7,2010,46.5277777777778,2,26.547750929691
"drhm-05",7,2011,46.5277777777778,2,27.4535480311403
"drhm-05",7,2012,46.5277777777778,2,28.9028233934592
"drhm-05",7,2013,46.5277777777778,2,29.2651422340389
"drhm-05",7,2014,46.5277777777778,2,28.9028233934591
"drhm-05",7,2015,46.5277777777778,2,28.7216639731693
"drhm-05",7,2016,46.5277777777778,2,25.2796349876621
"drhm-05",7,2017,45.8333333333333,2,25.1060238765509
"drhm-05",7,2018,46.5277777777778,2,25.2796349876621
"drhm-05",7,2019,46.5277777777778,2,25.2796349876621
"drhm-05",7,2020,46.5277777777778,2,25.2796349876621
"drhm-05",7,2021,46.5277777777778,2,25.0997788725541
"drhm-05",7,2022,36.8055555555555,2,22.6692233169986
"drhm-05",7,2023,36.8055555555555,2,22.6692233169986
"drhm-05",7,2024,36.8055555555555,2,22.125745056129
"drhm-05",7,2025,36.8055555555555,2,22.125745056129
"drhm-05",8,1999,53.623188405797,2,35.7527409749219
"drhm-05",8,2000,53.623188405797,2,35.7527409749219
"drhm-05",8,2001,53.623188405797,2,35.7527409749219
"drhm-05",8,2002,53.623188405797,2,35.7527409749219
"drhm-05",8,2003,52.1739130434782,2,34.8508537890184
"drhm-05",8,2004,33.3333333333333,2,29.8034072741807
"drhm-05",8,2005,32.6086956521739,2,29.4436764253194
"drhm-05",8,2006,34.0579710144927,2,29.9845666944705
"drhm-05",8,2007,34.0579710144927,2,29.6248544642547
"drhm-05",8,2008,34.0579710144927,2,29.2651422340389
"drhm-05",8,2009,23.9130434782609,2,26.7289103499809
"drhm-05",8,2010,23.1884057971015,2,26.547750929691
"drhm-05",8,2011,26.8115942028986,2,27.4535480311403
"drhm-05",8,2012,32.6086956521739,2,28.9028233934592
"drhm-05",8,2013,34.0579710144928,2,29.2651422340389
"drhm-05",8,2014,32.6086956521739,2,28.9028233934591
"drhm-05",8,2015,31.8840579710145,2,28.7216639731693
"drhm-05",8,2016,18.1159420289855,2,25.2796349876621
"drhm-05",8,2017,18.1159420289855,2,25.1060238765509
"drhm-05",8,2018,18.1159420289855,2,25.2796349876621
"drhm-05",8,2019,18.1159420289855,2,25.2796349876621
"drhm-05",8,2020,18.1159420289855,2,25.2796349876621
"drhm-05",8,2021,18.1159420289855,2,25.0997788725541
"drhm-05",8,2022,18.1159420289855,2,22.6692233169986
"drhm-05",8,2023,18.1159420289855,2,22.6692233169986
"drhm-05",8,2024,15.9420289855072,2,22.125745056129
"drhm-05",8,2025,15.9420289855072,2,22.125745056129
"drhm-05",9,1999,28.5714285714285,2,35.7527409749219
"drhm-05",9,2000,28.5714285714285,2,35.7527409749219
"drhm-05",9,2001,28.5714285714285,2,35.7527409749219
"drhm-05",9,2002,28.5714285714285,2,35.7527409749219
"drhm-05",9,2003,28.5714285714285,2,34.8508537890184
"drhm-05",9,2004,30,2,29.8034072741807
"drhm-05",9,2005,29.2857142857143,2,29.4436764253194
"drhm-05",9,2006,30,2,29.9845666944705
"drhm-05",9,2007,30,2,29.6248544642547
"drhm-05",9,2008,30,2,29.2651422340389
"drhm-05",9,2009,30,2,26.7289103499809
"drhm-05",9,2010,30,2,26.547750929691
"drhm-05",9,2011,30,2,27.4535480311403
"drhm-05",9,2012,30,2,28.9028233934592
"drhm-05",9,2013,30,2,29.2651422340389
"drhm-05",9,2014,30,2,28.9028233934591
"drhm-05",9,2015,30,2,28.7216639731693
"drhm-05",9,2016,30,2,25.2796349876621
"drhm-05",9,2017,30,2,25.1060238765509
"drhm-05",9,2018,30,2,25.2796349876621
"drhm-05",9,2019,30,2,25.2796349876621
"drhm-05",9,2020,30,2,25.2796349876621
"drhm-05",9,2021,30,2,25.0997788725541
"drhm-05",9,2022,30,2,22.6692233169986
"drhm-05",9,2023,30,2,22.6692233169986
"drhm-05",9,2024,30,2,22.125745056129
"drhm-05",9,2025,30,2,22.125745056129
"drhm-05",10,1999,11.5107913669065,2,35.7527409749219
"drhm-05",10,2000,11.5107913669065,2,35.7527409749219
"drhm-05",10,2001,11.5107913669065,2,35.7527409749219
"drhm-05",10,2002,11.5107913669065,2,35.7527409749219
"drhm-05",10,2003,9.35251798561151,2,34.8508537890184
"drhm-05",10,2004,9.35251798561151,2,29.8034072741807
"drhm-05",10,2005,9.35251798561151,2,29.4436764253194
"drhm-05",10,2006,9.35251798561151,2,29.9845666944705
"drhm-05",10,2007,7.9136690647482,2,29.6248544642547
"drhm-05",10,2008,6.47482014388489,2,29.2651422340389
"drhm-05",10,2009,6.47482014388489,2,26.7289103499809
"drhm-05",10,2010,6.47482014388489,2,26.547750929691
"drhm-05",10,2011,6.47482014388489,2,27.4535480311403
"drhm-05",10,2012,6.47482014388489,2,28.9028233934592
"drhm-05",10,2013,6.47482014388489,2,29.2651422340389
"drhm-05",10,2014,6.47482014388489,2,28.9028233934591
"drhm-05",10,2015,6.47482014388489,2,28.7216639731693
"drhm-05",10,2016,6.47482014388489,2,25.2796349876621
"drhm-05",10,2017,6.47482014388489,2,25.1060238765509
"drhm-05",10,2018,6.47482014388489,2,25.2796349876621
"drhm-05",10,2019,6.47482014388489,2,25.2796349876621
"drhm-05",10,2020,6.47482014388489,2,25.2796349876621
"drhm-05",10,2021,5.75539568345324,2,25.0997788725541
"drhm-05",10,2022,5.75539568345324,2,22.6692233169986
"drhm-05",10,2023,5.75539568345324,2,22.6692233169986
"drhm-05",10,2024,5.75539568345324,2,22.125745056129
"drhm-05",10,2025,5.75539568345324,2,22.125745056129
"drhm-05",11,1999,26.2411347517731,3,13.5840932117528
"drhm-05",11,2000,26.2411347517731,3,17.8740290442418
"drhm-05",11,2001,26.2411347517731,3,17.1493913630824
"drhm-05",11,2002,26.2411347517731,3,17.1493913630824
"drhm-05",11,2003,26.2411347517731,3,17.1493913630824
"drhm-05",11,2004,26.2411347517731,3,17.1493913630824
"drhm-05",11,2005,26.2411347517731,3,15.2204748689485
"drhm-05",11,2006,26.9503546099291,3,14.4906979134546
"drhm-05",11,2007,26.9503546099291,3,16.7360468701819
"drhm-05",11,2008,26.9503546099291,3,14.9244526672834
"drhm-05",11,2009,26.9503546099291,3,14.199814986124
"drhm-05",11,2010,26.9503546099291,3,14.199814986124
"drhm-05",11,2011,26.9503546099291,3,14.199814986124
"drhm-05",11,2012,26.9503546099291,3,14.199814986124
"drhm-05",11,2013,26.9503546099291,3,14.199814986124
"drhm-05",11,2014,24.822695035461,3,13.1359851988899
"drhm-05",11,2015,24.822695035461,3,13.1359851988899
"drhm-05",11,2016,24.822695035461,3,13.1359851988899
"drhm-05",11,2017,24.822695035461,3,13.1359851988899
"drhm-05",11,2018,24.822695035461,3,13.1359851988899
"drhm-05",11,2019,24.822695035461,3,13.1359851988899
"drhm-05",11,2020,24.822695035461,3,13.1359851988899
"drhm-05",11,2021,24.822695035461,3,13.1359851988899
"drhm-05",11,2022,24.822695035461,3,13.1359851988899
"drhm-05",11,2023,24.822695035461,3,13.1359851988899
"drhm-05",11,2024,24.822695035461,3,13.1359851988899
"drhm-05",11,2025,24.822695035461,3,13.1359851988899
"drhm-05",12,1999,16.6666666666666,3,13.5840932117528
"drhm-05",12,2000,16.6666666666666,3,17.8740290442418
"drhm-05",12,2001,14.4927536231884,3,17.1493913630824
"drhm-05",12,2002,14.4927536231884,3,17.1493913630824
"drhm-05",12,2003,14.4927536231884,3,17.1493913630824
"drhm-05",12,2004,14.4927536231884,3,17.1493913630824
"drhm-05",12,2005,9.42028985507246,3,15.2204748689485
"drhm-05",12,2006,6.52173913043478,3,14.4906979134546
"drhm-05",12,2007,6.52173913043478,3,16.7360468701819
"drhm-05",12,2008,2.89855072463768,3,14.9244526672834
"drhm-05",12,2009,1.44927536231884,3,14.199814986124
"drhm-05",12,2010,1.44927536231884,3,14.199814986124
"drhm-05",12,2011,1.44927536231884,3,14.199814986124
"drhm-05",12,2012,1.44927536231884,3,14.199814986124
"drhm-05",12,2013,1.44927536231884,3,14.199814986124
"drhm-05",12,2014,1.44927536231884,3,13.1359851988899
"drhm-05",12,2015,1.44927536231884,3,13.1359851988899
"drhm-05",12,2016,1.44927536231884,3,13.1359851988899
"drhm-05",12,2017,1.44927536231884,3,13.1359851988899
"drhm-05",12,2018,1.44927536231884,3,13.1359851988899
"drhm-05",12,2019,1.44927536231884,3,13.1359851988899
"drhm-05",12,2020,1.44927536231884,3,13.1359851988899
"drhm-05",12,2021,1.44927536231884,3,13.1359851988899
"drhm-05",12,2022,1.44927536231884,3,13.1359851988899
"drhm-05",12,2023,1.44927536231884,3,13.1359851988899
"drhm-05",12,2024,1.44927536231884,3,13.1359851988899
"drhm-05",12,2025,1.44927536231884,3,13.1359851988899
"drhm-05",13,1999,0.714285714285714,3,13.5840932117528
"drhm-05",14,1999,10.7142857142857,3,13.5840932117528
"drhm-05",14,2000,10.7142857142857,3,17.8740290442418
"drhm-05",14,2001,10.7142857142857,3,17.1493913630824
"drhm-05",14,2002,10.7142857142857,3,17.1493913630824
"drhm-05",14,2003,10.7142857142857,3,17.1493913630824
"drhm-05",14,2004,10.7142857142857,3,17.1493913630824
"drhm-05",14,2005,10,3,15.2204748689485
"drhm-05",14,2006,10,3,14.4906979134546
"drhm-05",18,1999,48.936170212766,4,52.7130229211635
"drhm-05",18,2000,48.936170212766,4,52.7130229211635
"drhm-05",18,2001,48.936170212766,4,52.7130229211635
"drhm-05",18,2002,48.936170212766,4,52.7130229211635
"drhm-05",18,2003,48.936170212766,4,52.7130229211635
"drhm-05",18,2004,48.936170212766,4,52.7130229211635
"drhm-05",18,2005,48.936170212766,4,52.4749276830683
"drhm-05",18,2006,48.936170212766,4,52.4749276830683
"drhm-05",18,2007,48.936170212766,4,52.4749276830683
"drhm-05",18,2008,48.936170212766,4,52.4749276830683
"drhm-05",18,2009,48.936170212766,4,52.2333817893485
"drhm-05",18,2010,48.936170212766,4,52.2333817893485
"drhm-05",18,2011,48.936170212766,4,52.2333817893485
"drhm-05",18,2012,48.936170212766,4,52.2333817893485
"drhm-05",18,2013,48.936170212766,4,52.2333817893485
"drhm-05",18,2014,48.936170212766,4,50.3286198845866
"drhm-05",18,2015,48.936170212766,4,50.3286198845866
"drhm-05",18,2016,48.936170212766,4,50.8048103607771
"drhm-05",18,2017,48.936170212766,4,51.5190960750628
"drhm-05",18,2018,34.7517730496454,4,46.5528684492607
"drhm-05",18,2019,34.0425531914894,4,46.5545570679706
"drhm-05",18,2020,34.0425531914894,4,46.5545570679706
"drhm-05",18,2021,34.0425531914894,4,46.7926523060658
"drhm-05",18,2022,34.0425531914894,4,46.7926523060658
"drhm-05",18,2023,34.0425531914894,4,46.551106412346
"drhm-05",18,2024,34.0425531914894,4,46.551106412346
"drhm-05",18,2025,34.0425531914894,4,46.551106412346
"drhm-05",19,1999,44.2028985507246,4,52.7130229211635
"drhm-05",19,2000,44.2028985507246,4,52.7130229211635
"drhm-05",19,2001,44.2028985507246,4,52.7130229211635
"drhm-05",19,2002,44.2028985507246,4,52.7130229211635
"drhm-05",19,2003,44.2028985507246,4,52.7130229211635
"drhm-05",19,2004,44.2028985507246,4,52.7130229211635
"drhm-05",19,2005,44.2028985507246,4,52.4749276830683
"drhm-05",19,2006,44.2028985507246,4,52.4749276830683
"drhm-05",19,2007,44.2028985507246,4,52.4749276830683
"drhm-05",19,2008,44.2028985507246,4,52.4749276830683
"drhm-05",19,2009,43.4782608695652,4,52.2333817893485
"drhm-05",19,2010,43.4782608695652,4,52.2333817893485
"drhm-05",19,2011,43.4782608695652,4,52.2333817893485
"drhm-05",19,2012,43.4782608695652,4,52.2333817893485
"drhm-05",19,2013,43.4782608695652,4,52.2333817893485
"drhm-05",19,2014,43.4782608695652,4,50.3286198845866
"drhm-05",19,2015,43.4782608695652,4,50.3286198845866
"drhm-05",19,2016,43.4782608695652,4,50.8048103607771
"drhm-05",19,2017,43.4782608695652,4,51.5190960750628
"drhm-05",19,2018,43.4782608695652,4,46.5528684492607
"drhm-05",19,2019,43.4782608695652,4,46.5545570679706
"drhm-05",19,2020,43.4782608695652,4,46.5545570679706
"drhm-05",19,2021,43.4782608695652,4,46.7926523060658
"drhm-05",19,2022,43.4782608695652,4,46.7926523060658
"drhm-05",19,2023,42.7536231884058,4,46.551106412346
"drhm-05",19,2024,42.7536231884058,4,46.551106412346
"drhm-05",19,2025,42.7536231884058,4,46.551106412346
"drhm-05",20,1999,65,4,52.7130229211635
"drhm-05",20,2000,65,4,52.7130229211635
"drhm-05",20,2001,65,4,52.7130229211635
"drhm-05",20,2002,65,4,52.7130229211635
"drhm-05",20,2003,65,4,52.7130229211635
"drhm-05",20,2004,65,4,52.7130229211635
"drhm-05",20,2005,64.2857142857143,4,52.4749276830683
"drhm-05",20,2006,64.2857142857143,4,52.4749276830683
"drhm-05",20,2007,64.2857142857143,4,52.4749276830683
"drhm-05",20,2008,64.2857142857143,4,52.4749276830683
"drhm-05",20,2009,64.2857142857143,4,52.2333817893485
"drhm-05",20,2010,64.2857142857143,4,52.2333817893485
"drhm-05",20,2011,64.2857142857143,4,52.2333817893485
"drhm-05",20,2012,64.2857142857143,4,52.2333817893485
"drhm-05",20,2013,64.2857142857143,4,52.2333817893485
"drhm-05",20,2014,58.5714285714285,4,50.3286198845866
"drhm-05",20,2015,58.5714285714285,4,50.3286198845866
"drhm-05",20,2016,60,4,50.8048103607771
"drhm-05",20,2017,62.1428571428571,4,51.5190960750628
"drhm-05",20,2018,61.4285714285714,4,46.5528684492607
"drhm-05",20,2019,62.1428571428571,4,46.5545570679706
"drhm-05",20,2020,62.1428571428571,4,46.5545570679706
"drhm-05",20,2021,62.8571428571428,4,46.7926523060658
"drhm-05",20,2022,62.8571428571428,4,46.7926523060658
"drhm-05",20,2023,62.8571428571428,4,46.551106412346
"drhm-05",20,2024,62.8571428571428,4,46.551106412346
"drhm-05",20,2025,62.8571428571428,4,46.551106412346
"drhm-06",1,1999,65.9722222222222,1,30.9604721968852
"drhm-06",1,2000,67.3611111111111,1,29.1337813756292
"drhm-06",1,2001,70.8333333333333,1,24.7482137427789
"drhm-06",1,2002,70.8333333333333,1,24.7482137427789
"drhm-06",1,2003,70.8333333333333,1,24.5670543224891
"drhm-06",1,2004,70.1388888888888,1,24.2122837910881
"drhm-06",1,2005,70.1388888888888,1,24.2122837910881
"drhm-06",1,2006,70.1388888888888,1,23.125327269349
"drhm-06",1,2007,70.1388888888888,1,23.125327269349
"drhm-06",1,2008,70.1388888888888,1,29.9013687600644
"drhm-06",1,2009,70.1388888888888,1,29.9013687600644
"drhm-06",1,2010,70.1388888888888,1,29.9013687600644
"drhm-06",1,2011,70.1388888888888,1,29.9013687600644
"drhm-06",1,2012,70.1388888888888,1,29.9013687600644
"drhm-06",1,2013,70.8333333333333,1,29.8913043478261
"drhm-06",1,2014,70.8333333333333,1,29.8913043478261
"drhm-06",1,2015,70.8333333333333,1,29.8913043478261
"drhm-06",1,2016,31.9444444444444,1,16.9283413848631
"drhm-06",1,2017,31.25,1,11.1413043478261
"drhm-06",1,2018,31.25,1,11.1413043478261
"drhm-06",1,2019,31.25,1,10.8997584541063
"drhm-06",1,2020,12.5,1,6.61231884057973
"drhm-06",1,2021,12.5,1,6.61231884057973
"drhm-06",1,2022,12.5,1,6.61231884057973
"drhm-06",1,2023,9.72222222222222,1,9.72222222222222
"drhm-06",1,2024,9.72222222222222,1,9.72222222222222
"drhm-06",1,2025,9.72222222222222,1,9.72222222222222
"drhm-06",2,1999,23.9130434782609,1,30.9604721968852
"drhm-06",2,2000,17.391304347826,1,29.1337813756292
"drhm-06",2,2001,17.391304347826,1,24.7482137427789
"drhm-06",2,2002,17.391304347826,1,24.7482137427789
"drhm-06",2,2003,17.391304347826,1,24.5670543224891
"drhm-06",2,2004,17.391304347826,1,24.2122837910881
"drhm-06",2,2005,17.391304347826,1,24.2122837910881
"drhm-06",2,2006,17.391304347826,1,23.125327269349
"drhm-06",2,2007,17.391304347826,1,23.125327269349
"drhm-06",2,2008,17.391304347826,1,29.9013687600644
"drhm-06",2,2009,17.391304347826,1,29.9013687600644
"drhm-06",2,2010,17.391304347826,1,29.9013687600644
"drhm-06",2,2011,17.391304347826,1,29.9013687600644
"drhm-06",2,2012,17.391304347826,1,29.9013687600644
"drhm-06",2,2013,17.391304347826,1,29.8913043478261
"drhm-06",2,2014,17.391304347826,1,29.8913043478261
"drhm-06",2,2015,17.391304347826,1,29.8913043478261
"drhm-06",2,2016,17.391304347826,1,16.9283413848631
"drhm-06",2,2017,0.72463768115942,1,11.1413043478261
"drhm-06",2,2018,0.72463768115942,1,11.1413043478261
"drhm-06",2,2019,0.72463768115942,1,10.8997584541063
"drhm-06",2,2020,0.72463768115942,1,6.61231884057973
"drhm-06",2,2021,0.72463768115942,1,6.61231884057973
"drhm-06",2,2022,0.72463768115942,1,6.61231884057973
"drhm-06",3,1999,2.7972027972028,1,30.9604721968852
"drhm-06",3,2000,2.7972027972028,1,29.1337813756292
"drhm-06",3,2001,2.7972027972028,1,24.7482137427789
"drhm-06",3,2002,2.7972027972028,1,24.7482137427789
"drhm-06",3,2003,2.7972027972028,1,24.5670543224891
"drhm-06",3,2004,2.7972027972028,1,24.2122837910881
"drhm-06",3,2005,2.7972027972028,1,24.2122837910881
"drhm-06",3,2006,2.7972027972028,1,23.125327269349
"drhm-06",3,2007,2.7972027972028,1,23.125327269349
"drhm-06",4,1999,31.1594202898551,1,30.9604721968852
"drhm-06",4,2000,28.9855072463768,1,29.1337813756292
"drhm-06",4,2001,7.97101449275362,1,24.7482137427789
"drhm-06",4,2002,7.97101449275362,1,24.7482137427789
"drhm-06",4,2003,7.2463768115942,1,24.5670543224891
"drhm-06",4,2004,6.52173913043478,1,24.2122837910881
"drhm-06",4,2005,6.52173913043478,1,24.2122837910881
"drhm-06",4,2006,2.17391304347826,1,23.125327269349
"drhm-06",4,2007,2.17391304347826,1,23.125327269349
"drhm-06",4,2008,2.17391304347826,1,29.9013687600644
"drhm-06",4,2009,2.17391304347826,1,29.9013687600644
"drhm-06",4,2010,2.17391304347826,1,29.9013687600644
"drhm-06",4,2011,2.17391304347826,1,29.9013687600644
"drhm-06",4,2012,2.17391304347826,1,29.9013687600644
"drhm-06",4,2013,1.44927536231884,1,29.8913043478261
"drhm-06",4,2014,1.44927536231884,1,29.8913043478261
"drhm-06",4,2015,1.44927536231884,1,29.8913043478261
"drhm-06",4,2016,1.44927536231884,1,16.9283413848631
"drhm-06",4,2017,1.44927536231884,1,11.1413043478261
"drhm-06",4,2018,1.44927536231884,1,11.1413043478261
"drhm-06",4,2019,0.72463768115942,1,10.8997584541063
"drhm-06",6,1999,15.8273381294964,2,19.486125385406
"drhm-06",6,2000,15.8273381294964,2,19.486125385406
"drhm-06",6,2001,15.8273381294964,2,19.486125385406
"drhm-06",6,2002,15.8273381294964,2,19.486125385406
"drhm-06",6,2003,15.8273381294964,2,19.486125385406
"drhm-06",6,2004,15.8273381294964,2,19.486125385406
"drhm-06",6,2005,15.8273381294964,2,19.486125385406
"drhm-06",6,2006,15.8273381294964,2,19.486125385406
"drhm-06",6,2007,15.8273381294964,2,19.486125385406
"drhm-06",6,2008,15.8273381294964,2,19.486125385406
"drhm-06",6,2009,15.8273381294964,2,19.486125385406
"drhm-06",6,2010,15.8273381294964,2,19.0575539568345
"drhm-06",6,2011,15.8273381294964,2,19.0575539568345
"drhm-06",6,2012,15.8273381294964,2,18.2004110996917
"drhm-06",6,2013,15.8273381294964,2,18.2004110996917
"drhm-06",6,2014,15.8273381294964,2,18.2004110996917
"drhm-06",6,2015,15.8273381294964,2,18.2004110996917
"drhm-06",6,2016,15.8273381294964,2,18.3432682425488
"drhm-06",6,2017,15.8273381294964,2,18.0575539568345
"drhm-06",6,2018,15.8273381294964,2,18.0575539568345
"drhm-06",6,2019,15.8273381294964,2,16.0575539568345
"drhm-06",6,2020,13.6690647482014,2,15.6258992805755
"drhm-06",6,2021,12.9496402877698,2,13.6115107913669
"drhm-06",6,2022,12.9496402877698,2,13.3257965056526
"drhm-06",6,2023,12.9496402877698,2,13.3257965056526
"drhm-06",6,2024,12.9496402877698,2,16.4786742034943
"drhm-06",6,2025,12.9496402877698,2,16.4786742034943
"drhm-06",7,1999,0.714285714285714,2,19.486125385406
"drhm-06",7,2000,0.714285714285714,2,19.486125385406
"drhm-06",7,2001,0.714285714285714,2,19.486125385406
"drhm-06",7,2002,0.714285714285714,2,19.486125385406
"drhm-06",7,2003,0.714285714285714,2,19.486125385406
"drhm-06",7,2004,0.714285714285714,2,19.486125385406
"drhm-06",7,2005,0.714285714285714,2,19.486125385406
"drhm-06",7,2006,0.714285714285714,2,19.486125385406
"drhm-06",7,2007,0.714285714285714,2,19.486125385406
"drhm-06",7,2008,0.714285714285714,2,19.486125385406
"drhm-06",7,2009,0.714285714285714,2,19.486125385406
"drhm-06",7,2010,0.714285714285714,2,19.0575539568345
"drhm-06",7,2011,0.714285714285714,2,19.0575539568345
"drhm-06",7,2012,0.714285714285714,2,18.2004110996917
"drhm-06",7,2013,0.714285714285714,2,18.2004110996917
"drhm-06",7,2014,0.714285714285714,2,18.2004110996917
"drhm-06",7,2015,0.714285714285714,2,18.2004110996917
"drhm-06",7,2016,0.714285714285714,2,18.3432682425488
"drhm-06",7,2017,0.714285714285714,2,18.0575539568345
"drhm-06",7,2018,0.714285714285714,2,18.0575539568345
"drhm-06",7,2019,0.714285714285714,2,16.0575539568345
"drhm-06",7,2020,0.714285714285714,2,15.6258992805755
"drhm-06",7,2021,0.714285714285714,2,13.6115107913669
"drhm-06",7,2022,0.714285714285714,2,13.3257965056526
"drhm-06",7,2023,0.714285714285714,2,13.3257965056526
"drhm-06",8,1999,22.8571428571429,2,19.486125385406
"drhm-06",8,2000,22.8571428571429,2,19.486125385406
"drhm-06",8,2001,22.8571428571429,2,19.486125385406
"drhm-06",8,2002,22.8571428571429,2,19.486125385406
"drhm-06",8,2003,22.8571428571429,2,19.486125385406
"drhm-06",8,2004,22.8571428571429,2,19.486125385406
"drhm-06",8,2005,22.8571428571429,2,19.486125385406
"drhm-06",8,2006,22.8571428571429,2,19.486125385406
"drhm-06",8,2007,22.8571428571429,2,19.486125385406
"drhm-06",8,2008,22.8571428571429,2,19.486125385406
"drhm-06",8,2009,22.8571428571429,2,19.486125385406
"drhm-06",8,2010,22.8571428571429,2,19.0575539568345
"drhm-06",8,2011,22.8571428571429,2,19.0575539568345
"drhm-06",8,2012,22.8571428571429,2,18.2004110996917
"drhm-06",8,2013,22.8571428571429,2,18.2004110996917
"drhm-06",8,2014,22.8571428571429,2,18.2004110996917
"drhm-06",8,2015,22.8571428571429,2,18.2004110996917
"drhm-06",8,2016,23.5714285714286,2,18.3432682425488
"drhm-06",8,2017,22.1428571428571,2,18.0575539568345
"drhm-06",8,2018,22.1428571428571,2,18.0575539568345
"drhm-06",8,2019,22.1428571428571,2,16.0575539568345
"drhm-06",8,2020,22.1428571428571,2,15.6258992805755
"drhm-06",8,2021,22.1428571428571,2,13.6115107913669
"drhm-06",8,2022,22.1428571428571,2,13.3257965056526
"drhm-06",8,2023,22.1428571428571,2,13.3257965056526
"drhm-06",8,2024,22.1428571428571,2,16.4786742034943
"drhm-06",8,2025,22.1428571428571,2,16.4786742034943
"drhm-06",9,1999,24.4604316546763,2,19.486125385406
"drhm-06",9,2000,24.4604316546763,2,19.486125385406
"drhm-06",9,2001,24.4604316546763,2,19.486125385406
"drhm-06",9,2002,24.4604316546763,2,19.486125385406
"drhm-06",9,2003,24.4604316546763,2,19.486125385406
"drhm-06",9,2004,24.4604316546763,2,19.486125385406
"drhm-06",9,2005,24.4604316546763,2,19.486125385406
"drhm-06",9,2006,24.4604316546763,2,19.486125385406
"drhm-06",9,2007,24.4604316546763,2,19.486125385406
"drhm-06",9,2008,24.4604316546763,2,19.486125385406
"drhm-06",9,2009,24.4604316546763,2,19.486125385406
"drhm-06",9,2010,24.4604316546763,2,19.0575539568345
"drhm-06",9,2011,24.4604316546763,2,19.0575539568345
"drhm-06",9,2012,24.4604316546763,2,18.2004110996917
"drhm-06",9,2013,24.4604316546763,2,18.2004110996917
"drhm-06",9,2014,24.4604316546763,2,18.2004110996917
"drhm-06",9,2015,24.4604316546763,2,18.2004110996917
"drhm-06",9,2016,24.4604316546763,2,18.3432682425488
"drhm-06",9,2017,24.4604316546763,2,18.0575539568345
"drhm-06",9,2018,24.4604316546763,2,18.0575539568345
"drhm-06",9,2019,24.4604316546763,2,16.0575539568345
"drhm-06",9,2020,24.4604316546763,2,15.6258992805755
"drhm-06",9,2021,15.1079136690647,2,13.6115107913669
"drhm-06",9,2022,15.1079136690647,2,13.3257965056526
"drhm-06",9,2023,15.1079136690647,2,13.3257965056526
"drhm-06",9,2024,15.1079136690647,2,16.4786742034943
"drhm-06",9,2025,15.1079136690647,2,16.4786742034943
"drhm-06",10,1999,33.5714285714286,2,19.486125385406
"drhm-06",10,2000,33.5714285714286,2,19.486125385406
"drhm-06",10,2001,33.5714285714286,2,19.486125385406
"drhm-06",10,2002,33.5714285714286,2,19.486125385406
"drhm-06",10,2003,33.5714285714286,2,19.486125385406
"drhm-06",10,2004,33.5714285714286,2,19.486125385406
"drhm-06",10,2005,33.5714285714286,2,19.486125385406
"drhm-06",10,2006,33.5714285714286,2,19.486125385406
"drhm-06",10,2007,33.5714285714286,2,19.486125385406
"drhm-06",10,2008,33.5714285714286,2,19.486125385406
"drhm-06",10,2009,33.5714285714286,2,19.486125385406
"drhm-06",10,2010,31.4285714285714,2,19.0575539568345
"drhm-06",10,2011,31.4285714285714,2,19.0575539568345
"drhm-06",10,2012,27.1428571428571,2,18.2004110996917
"drhm-06",10,2013,27.1428571428571,2,18.2004110996917
"drhm-06",10,2014,27.1428571428571,2,18.2004110996917
"drhm-06",10,2015,27.1428571428571,2,18.2004110996917
"drhm-06",10,2016,27.1428571428571,2,18.3432682425488
"drhm-06",10,2017,27.1428571428571,2,18.0575539568345
"drhm-06",10,2018,27.1428571428571,2,18.0575539568345
"drhm-06",10,2019,17.1428571428571,2,16.0575539568345
"drhm-06",10,2020,17.1428571428571,2,15.6258992805755
"drhm-06",10,2021,17.1428571428571,2,13.6115107913669
"drhm-06",10,2022,15.7142857142857,2,13.3257965056526
"drhm-06",10,2023,15.7142857142857,2,13.3257965056526
"drhm-06",10,2024,15.7142857142857,2,16.4786742034943
"drhm-06",10,2025,15.7142857142857,2,16.4786742034943
"drhm-06",11,1999,39.1304347826087,3,40.2012525040097
"drhm-06",11,2000,31.1594202898551,3,38.2084988808213
"drhm-06",11,2001,31.1594202898551,3,38.2084988808213
"drhm-06",11,2002,35.5072463768116,3,39.2954554025605
"drhm-06",11,2003,37.6811594202899,3,39.484323734352
"drhm-06",11,2004,37.6811594202899,3,38.775103876196
"drhm-06",11,2005,38.4057971014493,3,38.7789583319468
"drhm-06",11,2006,39.1304347826087,3,37.5365757347868
"drhm-06",11,2007,39.1304347826087,3,37.0046608411698
"drhm-06",11,2008,39.1304347826087,3,37.5365757347868
"drhm-06",11,2009,37.6811594202899,3,37.1742568942071
"drhm-06",11,2010,38.4057971014493,3,37.355416314497
"drhm-06",11,2011,38.4057971014493,3,37.355416314497
"drhm-06",11,2012,38.4057971014493,3,37.355416314497
"drhm-06",11,2013,39.1304347826088,3,37.5365757347868
"drhm-06",11,2014,39.8550724637682,3,36.8312103323816
"drhm-06",11,2015,39.8550724637682,3,33.8170259352186
"drhm-06",11,2016,40.5797101449276,3,31.1613059228843
"drhm-06",11,2017,40.5797101449276,3,30.9840009583453
"drhm-06",11,2018,40.5797101449276,3,30.8066959938063
"drhm-06",11,2019,40.5797101449276,3,30.8066959938063
"drhm-06",11,2020,40.5797101449276,3,30.8066959938063
"drhm-06",11,2021,28.9855072463768,3,27.9081452691686
"drhm-06",11,2022,28.9855072463768,3,27.9081452691686
"drhm-06",11,2023,28.9855072463768,3,27.9081452691686
"drhm-06",11,2024,28.9855072463768,3,27.9081452691686
"drhm-06",11,2025,28.9855072463768,3,27.9081452691686
"drhm-06",13,1999,28.0575539568345,3,40.2012525040097
"drhm-06",13,2000,28.0575539568345,3,38.2084988808213
"drhm-06",13,2001,28.0575539568345,3,38.2084988808213
"drhm-06",13,2002,28.0575539568345,3,39.2954554025605
"drhm-06",13,2003,28.0575539568345,3,39.484323734352
"drhm-06",13,2004,28.0575539568345,3,38.775103876196
"drhm-06",13,2005,28.0575539568345,3,38.7789583319468
"drhm-06",13,2006,26.6187050359712,3,37.5365757347868
"drhm-06",13,2007,26.6187050359712,3,37.0046608411698
"drhm-06",13,2008,26.6187050359712,3,37.5365757347868
"drhm-06",13,2009,26.6187050359712,3,37.1742568942071
"drhm-06",13,2010,26.6187050359712,3,37.355416314497
"drhm-06",13,2011,26.6187050359712,3,37.355416314497
"drhm-06",13,2012,26.6187050359712,3,37.355416314497
"drhm-06",13,2013,26.6187050359712,3,37.5365757347868
"drhm-06",13,2014,26.6187050359712,3,36.8312103323816
"drhm-06",13,2015,26.6187050359712,3,33.8170259352186
"drhm-06",13,2016,26.6187050359712,3,31.1613059228843
"drhm-06",13,2017,26.6187050359712,3,30.9840009583453
"drhm-06",13,2018,26.6187050359712,3,30.8066959938063
"drhm-06",13,2019,26.6187050359712,3,30.8066959938063
"drhm-06",13,2020,26.6187050359712,3,30.8066959938063
"drhm-06",13,2021,26.6187050359712,3,27.9081452691686
"drhm-06",13,2022,26.6187050359712,3,27.9081452691686
"drhm-06",13,2023,26.6187050359712,3,27.9081452691686
"drhm-06",13,2024,26.6187050359712,3,27.9081452691686
"drhm-06",13,2025,26.6187050359712,3,27.9081452691686
"drhm-06",14,1999,61.7021276595745,3,40.2012525040097
"drhm-06",14,2000,61.7021276595745,3,38.2084988808213
"drhm-06",14,2001,61.7021276595745,3,38.2084988808213
"drhm-06",14,2002,61.7021276595745,3,39.2954554025605
"drhm-06",14,2003,60.2836879432625,3,39.484323734352
"drhm-06",14,2004,57.4468085106383,3,38.775103876196
"drhm-06",14,2005,56.7375886524822,3,38.7789583319468
"drhm-06",14,2006,55.3191489361702,3,37.5365757347868
"drhm-06",14,2007,53.9007092198582,3,37.0046608411698
"drhm-06",14,2008,53.9007092198582,3,37.5365757347868
"drhm-06",14,2009,53.9007092198582,3,37.1742568942071
"drhm-06",14,2010,53.9007092198582,3,37.355416314497
"drhm-06",14,2011,53.9007092198582,3,37.355416314497
"drhm-06",14,2012,53.9007092198582,3,37.355416314497
"drhm-06",14,2013,53.9007092198582,3,37.5365757347868
"drhm-06",14,2014,50.354609929078,3,36.8312103323816
"drhm-06",14,2015,38.2978723404256,3,33.8170259352186
"drhm-06",14,2016,26.9503546099291,3,31.1613059228843
"drhm-06",14,2017,26.2411347517731,3,30.9840009583453
"drhm-06",14,2018,25.531914893617,3,30.8066959938063
"drhm-06",14,2019,25.531914893617,3,30.8066959938063
"drhm-06",14,2020,25.531914893617,3,30.8066959938063
"drhm-06",14,2021,25.531914893617,3,27.9081452691686
"drhm-06",14,2022,25.531914893617,3,27.9081452691686
"drhm-06",14,2023,25.531914893617,3,27.9081452691686
"drhm-06",14,2024,25.531914893617,3,27.9081452691686
"drhm-06",14,2025,25.531914893617,3,27.9081452691686
"drhm-06",15,1999,31.9148936170212,3,40.2012525040097
"drhm-06",15,2000,31.9148936170212,3,38.2084988808213
"drhm-06",15,2001,31.9148936170212,3,38.2084988808213
"drhm-06",15,2002,31.9148936170212,3,39.2954554025605
"drhm-06",15,2003,31.9148936170212,3,39.484323734352
"drhm-06",15,2004,31.9148936170212,3,38.775103876196
"drhm-06",15,2005,31.9148936170212,3,38.7789583319468
"drhm-06",15,2006,29.0780141843971,3,37.5365757347868
"drhm-06",15,2007,28.3687943262411,3,37.0046608411698
"drhm-06",15,2008,30.4964539007092,3,37.5365757347868
"drhm-06",15,2009,30.4964539007092,3,37.1742568942071
"drhm-06",15,2010,30.4964539007092,3,37.355416314497
"drhm-06",15,2011,30.4964539007092,3,37.355416314497
"drhm-06",15,2012,30.4964539007092,3,37.355416314497
"drhm-06",15,2013,30.4964539007092,3,37.5365757347868
"drhm-06",15,2014,30.4964539007092,3,36.8312103323816
"drhm-06",15,2015,30.4964539007092,3,33.8170259352186
"drhm-06",15,2016,30.4964539007092,3,31.1613059228843
"drhm-06",15,2017,30.4964539007092,3,30.9840009583453
"drhm-06",15,2018,30.4964539007092,3,30.8066959938063
"drhm-06",15,2019,30.4964539007092,3,30.8066959938063
"drhm-06",15,2020,30.4964539007092,3,30.8066959938063
"drhm-06",15,2021,30.4964539007092,3,27.9081452691686
"drhm-06",15,2022,30.4964539007092,3,27.9081452691686
"drhm-06",15,2023,30.4964539007092,3,27.9081452691686
"drhm-06",15,2024,30.4964539007092,3,27.9081452691686
"drhm-06",15,2025,30.4964539007092,3,27.9081452691686
"drhm-06",16,1999,42.1428571428572,4,14.4226621808144
"drhm-06",16,2000,42.1428571428572,4,14.4226621808144
"drhm-06",16,2001,42.1428571428572,4,14.4226621808144
"drhm-06",16,2002,42.1428571428572,4,14.2415027605245
"drhm-06",16,2003,42.1428571428572,4,14.2415027605245
"drhm-06",16,2004,42.1428571428572,4,14.0678916494134
"drhm-06",16,2005,8.57142857142857,4,5.32781228433402
"drhm-06",16,2006,7.85714285714285,4,5.14924085576259
"drhm-06",16,2007,7.85714285714285,4,5.14924085576259
"drhm-06",16,2008,7.85714285714285,4,5.14924085576259
"drhm-06",16,2009,7.85714285714285,4,5.14924085576259
"drhm-06",16,2010,7.85714285714285,4,5.14924085576259
"drhm-06",16,2011,7.85714285714285,4,5.14924085576259
"drhm-06",16,2012,7.85714285714285,4,5.14924085576259
"drhm-06",16,2013,7.85714285714285,4,5.14924085576259
"drhm-06",16,2014,7.85714285714285,4,5.14924085576259
"drhm-06",16,2015,7.85714285714285,4,5.14924085576259
"drhm-06",16,2016,7.85714285714285,4,5.14924085576259
"drhm-06",16,2017,7.85714285714285,4,5.14924085576259
"drhm-06",16,2018,7.85714285714285,4,5.14924085576259
"drhm-06",16,2019,7.85714285714285,4,5.14924085576259
"drhm-06",16,2020,7.85714285714285,4,5.14924085576259
"drhm-06",16,2021,7.85714285714285,4,5.14924085576259
"drhm-06",16,2022,6.42857142857143,4,4.79209799861974
"drhm-06",16,2023,5.71428571428572,4,4.61352657004831
"drhm-06",16,2024,5,4,4.43495514147688
"drhm-06",16,2025,5,4,4.43495514147688
"drhm-06",17,1999,3.6231884057971,4,14.4226621808144
"drhm-06",17,2000,3.6231884057971,4,14.4226621808144
"drhm-06",17,2001,3.6231884057971,4,14.4226621808144
"drhm-06",17,2002,2.89855072463768,4,14.2415027605245
"drhm-06",17,2003,2.89855072463768,4,14.2415027605245
"drhm-06",17,2004,2.89855072463768,4,14.0678916494134
"drhm-06",17,2005,2.89855072463768,4,5.32781228433402
"drhm-06",17,2006,2.89855072463768,4,5.14924085576259
"drhm-06",17,2007,2.89855072463768,4,5.14924085576259
"drhm-06",17,2008,2.89855072463768,4,5.14924085576259
"drhm-06",17,2009,2.89855072463768,4,5.14924085576259
"drhm-06",17,2010,2.89855072463768,4,5.14924085576259
"drhm-06",17,2011,2.89855072463768,4,5.14924085576259
"drhm-06",17,2012,2.89855072463768,4,5.14924085576259
"drhm-06",17,2013,2.89855072463768,4,5.14924085576259
"drhm-06",17,2014,2.89855072463768,4,5.14924085576259
"drhm-06",17,2015,2.89855072463768,4,5.14924085576259
"drhm-06",17,2016,2.89855072463768,4,5.14924085576259
"drhm-06",17,2017,2.89855072463768,4,5.14924085576259
"drhm-06",17,2018,2.89855072463768,4,5.14924085576259
"drhm-06",17,2019,2.89855072463768,4,5.14924085576259
"drhm-06",17,2020,2.89855072463768,4,5.14924085576259
"drhm-06",17,2021,2.89855072463768,4,5.14924085576259
"drhm-06",17,2022,2.89855072463768,4,4.79209799861974
"drhm-06",17,2023,2.89855072463768,4,4.61352657004831
"drhm-06",17,2024,2.89855072463768,4,4.43495514147688
"drhm-06",17,2025,2.89855072463768,4,4.43495514147688
"drhm-06",19,1999,7.63888888888889,4,14.4226621808144
"drhm-06",19,2000,7.63888888888889,4,14.4226621808144
"drhm-06",19,2001,7.63888888888889,4,14.4226621808144
"drhm-06",19,2002,7.63888888888889,4,14.2415027605245
"drhm-06",19,2003,7.63888888888889,4,14.2415027605245
"drhm-06",19,2004,6.94444444444444,4,14.0678916494134
"drhm-06",19,2005,5.55555555555555,4,5.32781228433402
"drhm-06",19,2006,5.55555555555555,4,5.14924085576259
"drhm-06",19,2007,5.55555555555555,4,5.14924085576259
"drhm-06",19,2008,5.55555555555555,4,5.14924085576259
"drhm-06",19,2009,5.55555555555555,4,5.14924085576259
"drhm-06",19,2010,5.55555555555555,4,5.14924085576259
"drhm-06",19,2011,5.55555555555555,4,5.14924085576259
"drhm-06",19,2012,5.55555555555555,4,5.14924085576259
"drhm-06",19,2013,5.55555555555555,4,5.14924085576259
"drhm-06",19,2014,5.55555555555555,4,5.14924085576259
"drhm-06",19,2015,5.55555555555555,4,5.14924085576259
"drhm-06",19,2016,5.55555555555555,4,5.14924085576259
"drhm-06",19,2017,5.55555555555555,4,5.14924085576259
"drhm-06",19,2018,5.55555555555555,4,5.14924085576259
"drhm-06",19,2019,5.55555555555555,4,5.14924085576259
"drhm-06",19,2020,5.55555555555555,4,5.14924085576259
"drhm-06",19,2021,5.55555555555555,4,5.14924085576259
"drhm-06",19,2022,5.55555555555555,4,4.79209799861974
"drhm-06",19,2023,5.55555555555555,4,4.61352657004831
"drhm-06",19,2024,5.55555555555555,4,4.43495514147688
"drhm-06",19,2025,5.55555555555555,4,4.43495514147688
"drhm-06",20,1999,4.28571428571429,4,14.4226621808144
"drhm-06",20,2000,4.28571428571429,4,14.4226621808144
"drhm-06",20,2001,4.28571428571429,4,14.4226621808144
"drhm-06",20,2002,4.28571428571429,4,14.2415027605245
"drhm-06",20,2003,4.28571428571429,4,14.2415027605245
"drhm-06",20,2004,4.28571428571429,4,14.0678916494134
"drhm-06",20,2005,4.28571428571429,4,5.32781228433402
"drhm-06",20,2006,4.28571428571429,4,5.14924085576259
"drhm-06",20,2007,4.28571428571429,4,5.14924085576259
"drhm-06",20,2008,4.28571428571429,4,5.14924085576259
"drhm-06",20,2009,4.28571428571429,4,5.14924085576259
"drhm-06",20,2010,4.28571428571429,4,5.14924085576259
"drhm-06",20,2011,4.28571428571429,4,5.14924085576259
"drhm-06",20,2012,4.28571428571429,4,5.14924085576259
"drhm-06",20,2013,4.28571428571429,4,5.14924085576259
"drhm-06",20,2014,4.28571428571429,4,5.14924085576259
"drhm-06",20,2015,4.28571428571429,4,5.14924085576259
"drhm-06",20,2016,4.28571428571429,4,5.14924085576259
"drhm-06",20,2017,4.28571428571429,4,5.14924085576259
"drhm-06",20,2018,4.28571428571429,4,5.14924085576259
"drhm-06",20,2019,4.28571428571429,4,5.14924085576259
"drhm-06",20,2020,4.28571428571429,4,5.14924085576259
"drhm-06",20,2021,4.28571428571429,4,5.14924085576259
"drhm-06",20,2022,4.28571428571429,4,4.79209799861974
"drhm-06",20,2023,4.28571428571429,4,4.61352657004831
"drhm-06",20,2024,4.28571428571429,4,4.43495514147688
"drhm-06",20,2025,4.28571428571429,4,4.43495514147688
"drhm-07",1,1999,42.8571428571428,1,33.199165797706
"drhm-07",1,2000,12.8571428571429,1,27.0531803962461
"drhm-07",1,2001,10,1,25.8978102189781
"drhm-07",1,2002,10,1,25.8978102189781
"drhm-07",1,2003,10,1,26.6152241918666
"drhm-07",1,2004,10,1,26.9040667361836
"drhm-07",1,2005,10,1,22.6704900938478
"drhm-07",1,2006,10,1,23.1021897810219
"drhm-07",1,2007,10,1,22.0802919708029
"drhm-07",1,2008,10.7142857142857,1,22.2231491136601
"drhm-07",1,2009,10.7142857142857,1,22.2231491136601
"drhm-07",1,2010,10.7142857142857,1,21.7851929092805
"drhm-07",1,2011,10.7142857142857,1,21.7851929092805
"drhm-07",1,2012,10.7142857142857,1,21.7851929092805
"drhm-07",1,2013,10.7142857142857,1,21.7851929092805
"drhm-07",1,2014,10.7142857142857,1,21.6360792492179
"drhm-07",1,2015,10.7142857142857,1,21.6360792492179
"drhm-07",1,2016,10.7142857142857,1,21.4900938477581
"drhm-07",1,2017,10.7142857142857,1,21.4900938477581
"drhm-07",1,2018,10.7142857142857,1,21.1981230448384
"drhm-07",1,2019,10.7142857142857,1,21.1981230448384
"drhm-07",1,2020,10.7142857142857,1,21.1981230448384
"drhm-07",1,2021,10.7142857142857,1,18.0208550573514
"drhm-07",1,2022,10.7142857142857,1,17.436913451512
"drhm-07",1,2023,10.7142857142857,1,17.436913451512
"drhm-07",1,2024,10.7142857142857,1,15.8310740354536
"drhm-07",1,2025,10.7142857142857,1,15.8310740354536
"drhm-07",2,1999,40.1459854014598,1,33.199165797706
"drhm-07",2,2000,39.4160583941606,1,27.0531803962461
"drhm-07",2,2001,36.4963503649635,1,25.8978102189781
"drhm-07",2,2002,36.4963503649635,1,25.8978102189781
"drhm-07",2,2003,37.2262773722628,1,26.6152241918666
"drhm-07",2,2004,37.2262773722628,1,26.9040667361836
"drhm-07",2,2005,37.9562043795621,1,22.6704900938478
"drhm-07",2,2006,38.6861313868613,1,23.1021897810219
"drhm-07",2,2007,33.5766423357664,1,22.0802919708029
"drhm-07",2,2008,33.5766423357664,1,22.2231491136601
"drhm-07",2,2009,33.5766423357664,1,22.2231491136601
"drhm-07",2,2010,31.3868613138686,1,21.7851929092805
"drhm-07",2,2011,31.3868613138686,1,21.7851929092805
"drhm-07",2,2012,31.3868613138686,1,21.7851929092805
"drhm-07",2,2013,31.3868613138686,1,21.7851929092805
"drhm-07",2,2014,29.9270072992701,1,21.6360792492179
"drhm-07",2,2015,29.9270072992701,1,21.6360792492179
"drhm-07",2,2016,29.9270072992701,1,21.4900938477581
"drhm-07",2,2017,29.9270072992701,1,21.4900938477581
"drhm-07",2,2018,29.9270072992701,1,21.1981230448384
"drhm-07",2,2019,29.9270072992701,1,21.1981230448384
"drhm-07",2,2020,29.9270072992701,1,21.1981230448384
"drhm-07",2,2021,29.9270072992701,1,18.0208550573514
"drhm-07",2,2022,29.9270072992701,1,17.436913451512
"drhm-07",2,2023,29.9270072992701,1,17.436913451512
"drhm-07",2,2024,29.9270072992701,1,15.8310740354536
"drhm-07",2,2025,29.9270072992701,1,15.8310740354536
"drhm-07",3,1999,10,1,33.199165797706
"drhm-07",3,2000,10,1,27.0531803962461
"drhm-07",3,2001,10,1,25.8978102189781
"drhm-07",3,2002,10,1,25.8978102189781
"drhm-07",3,2003,12.8571428571429,1,26.6152241918666
"drhm-07",3,2004,13.5714285714286,1,26.9040667361836
"drhm-07",3,2005,13.5714285714286,1,22.6704900938478
"drhm-07",3,2006,15,1,23.1021897810219
"drhm-07",3,2007,15,1,22.0802919708029
"drhm-07",3,2008,15,1,22.2231491136601
"drhm-07",3,2009,15,1,22.2231491136601
"drhm-07",3,2010,15,1,21.7851929092805
"drhm-07",3,2011,15,1,21.7851929092805
"drhm-07",3,2012,15,1,21.7851929092805
"drhm-07",3,2013,15,1,21.7851929092805
"drhm-07",3,2014,15.7142857142857,1,21.6360792492179
"drhm-07",3,2015,15.7142857142857,1,21.6360792492179
"drhm-07",3,2016,15.7142857142857,1,21.4900938477581
"drhm-07",3,2017,15.7142857142857,1,21.4900938477581
"drhm-07",3,2018,15.7142857142857,1,21.1981230448384
"drhm-07",3,2019,15.7142857142857,1,21.1981230448384
"drhm-07",3,2020,15.7142857142857,1,21.1981230448384
"drhm-07",3,2021,7.85714285714286,1,18.0208550573514
"drhm-07",3,2022,7.85714285714286,1,17.436913451512
"drhm-07",3,2023,7.85714285714286,1,17.436913451512
"drhm-07",3,2024,7.85714285714286,1,15.8310740354536
"drhm-07",3,2025,7.85714285714286,1,15.8310740354536
"drhm-07",4,1999,48.9051094890512,1,33.199165797706
"drhm-07",4,2000,48.9051094890512,1,27.0531803962461
"drhm-07",4,2001,48.9051094890512,1,25.8978102189781
"drhm-07",4,2002,48.9051094890512,1,25.8978102189781
"drhm-07",4,2003,48.9051094890512,1,26.6152241918666
"drhm-07",4,2004,48.9051094890512,1,26.9040667361836
"drhm-07",4,2005,48.9051094890512,1,22.6704900938478
"drhm-07",4,2006,48.9051094890512,1,23.1021897810219
"drhm-07",4,2007,48.9051094890512,1,22.0802919708029
"drhm-07",4,2008,48.9051094890512,1,22.2231491136601
"drhm-07",4,2009,48.9051094890512,1,22.2231491136601
"drhm-07",4,2010,48.9051094890512,1,21.7851929092805
"drhm-07",4,2011,48.9051094890512,1,21.7851929092805
"drhm-07",4,2012,48.9051094890512,1,21.7851929092805
"drhm-07",4,2013,48.9051094890512,1,21.7851929092805
"drhm-07",4,2014,48.9051094890512,1,21.6360792492179
"drhm-07",4,2015,48.9051094890512,1,21.6360792492179
"drhm-07",4,2016,48.1751824817519,1,21.4900938477581
"drhm-07",4,2017,48.1751824817519,1,21.4900938477581
"drhm-07",4,2018,46.7153284671534,1,21.1981230448384
"drhm-07",4,2019,46.7153284671534,1,21.1981230448384
"drhm-07",4,2020,46.7153284671534,1,21.1981230448384
"drhm-07",4,2021,38.6861313868613,1,18.0208550573514
"drhm-07",4,2022,35.7664233576642,1,17.436913451512
"drhm-07",4,2023,35.7664233576642,1,17.436913451512
"drhm-07",4,2024,27.7372262773723,1,15.8310740354536
"drhm-07",4,2025,27.7372262773723,1,15.8310740354536
"drhm-07",5,1999,24.0875912408759,1,33.199165797706
"drhm-07",5,2000,24.0875912408759,1,27.0531803962461
"drhm-07",5,2001,24.0875912408759,1,25.8978102189781
"drhm-07",5,2002,24.0875912408759,1,25.8978102189781
"drhm-07",5,2003,24.0875912408759,1,26.6152241918666
"drhm-07",5,2004,24.8175182481752,1,26.9040667361836
"drhm-07",5,2005,2.91970802919708,1,22.6704900938478
"drhm-07",5,2006,2.91970802919708,1,23.1021897810219
"drhm-07",5,2007,2.91970802919708,1,22.0802919708029
"drhm-07",5,2008,2.91970802919708,1,22.2231491136601
"drhm-07",5,2009,2.91970802919708,1,22.2231491136601
"drhm-07",5,2010,2.91970802919708,1,21.7851929092805
"drhm-07",5,2011,2.91970802919708,1,21.7851929092805
"drhm-07",5,2012,2.91970802919708,1,21.7851929092805
"drhm-07",5,2013,2.91970802919708,1,21.7851929092805
"drhm-07",5,2014,2.91970802919708,1,21.6360792492179
"drhm-07",5,2015,2.91970802919708,1,21.6360792492179
"drhm-07",5,2016,2.91970802919708,1,21.4900938477581
"drhm-07",5,2017,2.91970802919708,1,21.4900938477581
"drhm-07",5,2018,2.91970802919708,1,21.1981230448384
"drhm-07",5,2019,2.91970802919708,1,21.1981230448384
"drhm-07",5,2020,2.91970802919708,1,21.1981230448384
"drhm-07",5,2021,2.91970802919708,1,18.0208550573514
"drhm-07",5,2022,2.91970802919708,1,17.436913451512
"drhm-07",5,2023,2.91970802919708,1,17.436913451512
"drhm-07",5,2024,2.91970802919708,1,15.8310740354536
"drhm-07",5,2025,2.91970802919708,1,15.8310740354536
"drhm-07",6,1999,12.5,2,43.120775429346
"drhm-07",6,2000,12.5,2,43.120775429346
"drhm-07",6,2001,12.5,2,35.7294710815199
"drhm-07",6,2002,12.5,2,35.7294710815199
"drhm-07",6,2003,12.5,2,26.4458271891803
"drhm-07",6,2004,12.5,2,25.880609797876
"drhm-07",6,2005,12.5,2,26.6073178724101
"drhm-07",6,2006,12.5,2,27.9116656984971
"drhm-07",6,2007,12.5,2,28.3609410608159
"drhm-07",6,2008,12.5,2,30.9696367129898
"drhm-07",6,2009,12.5,2,31.2594917854536
"drhm-07",6,2010,12.5,2,31.2594917854536
"drhm-07",6,2011,12.5,2,31.2594917854536
"drhm-07",6,2012,12.5,2,31.2594917854536
"drhm-07",6,2013,12.5,2,31.2594917854536
"drhm-07",6,2014,12.5,2,31.2594917854536
"drhm-07",6,2015,12.5,2,31.1145642492217
"drhm-07",6,2016,12.5,2,31.1145642492217
"drhm-07",6,2017,12.5,2,30.9717071063646
"drhm-07",6,2018,12.5,2,30.8267795701327
"drhm-07",6,2019,12.5,2,30.6839224272756
"drhm-07",6,2020,12.5,2,30.6839224272756
"drhm-07",6,2021,12.5,2,30.8288499635074
"drhm-07",6,2022,12.5,2,30.8288499635074
"drhm-07",6,2023,12.5,2,30.8288499635074
"drhm-07",6,2024,12.5,2,26.4810238765509
"drhm-07",6,2025,12.5,2,26.4810238765509
"drhm-07",7,1999,69.2857142857143,2,43.120775429346
"drhm-07",7,2000,69.2857142857143,2,43.120775429346
"drhm-07",7,2001,69.2857142857143,2,35.7294710815199
"drhm-07",7,2002,69.2857142857143,2,35.7294710815199
"drhm-07",7,2003,22.1428571428571,2,26.4458271891803
"drhm-07",7,2004,17.1428571428571,2,25.880609797876
"drhm-07",7,2005,16.4285714285714,2,26.6073178724101
"drhm-07",7,2006,16.4285714285714,2,27.9116656984971
"drhm-07",7,2007,11.4285714285714,2,28.3609410608159
"drhm-07",7,2008,11.4285714285714,2,30.9696367129898
"drhm-07",7,2009,11.4285714285714,2,31.2594917854536
"drhm-07",7,2010,11.4285714285714,2,31.2594917854536
"drhm-07",7,2011,11.4285714285714,2,31.2594917854536
"drhm-07",7,2012,11.4285714285714,2,31.2594917854536
"drhm-07",7,2013,11.4285714285714,2,31.2594917854536
"drhm-07",7,2014,11.4285714285714,2,31.2594917854536
"drhm-07",7,2015,11.4285714285714,2,31.1145642492217
"drhm-07",7,2016,11.4285714285714,2,31.1145642492217
"drhm-07",7,2017,10.7142857142857,2,30.9717071063646
"drhm-07",7,2018,10.7142857142857,2,30.8267795701327
"drhm-07",7,2019,9.99999999999999,2,30.6839224272756
"drhm-07",7,2020,9.99999999999999,2,30.6839224272756
"drhm-07",7,2021,9.99999999999999,2,30.8288499635074
"drhm-07",7,2022,9.99999999999999,2,30.8288499635074
"drhm-07",7,2023,9.99999999999999,2,30.8288499635074
"drhm-07",7,2024,9.99999999999999,2,26.4810238765509
"drhm-07",7,2025,9.99999999999999,2,26.4810238765509
"drhm-07",8,1999,33.0935251798561,2,43.120775429346
"drhm-07",8,2000,33.0935251798561,2,43.120775429346
"drhm-07",8,2001,33.0935251798561,2,35.7294710815199
"drhm-07",8,2002,33.0935251798561,2,35.7294710815199
"drhm-07",8,2003,33.0935251798561,2,26.4458271891803
"drhm-07",8,2004,33.0935251798561,2,25.880609797876
"drhm-07",8,2005,33.0935251798561,2,26.6073178724101
"drhm-07",8,2006,33.0935251798561,2,27.9116656984971
"drhm-07",8,2007,33.0935251798561,2,28.3609410608159
"drhm-07",8,2008,33.0935251798561,2,30.9696367129898
"drhm-07",8,2009,33.0935251798561,2,31.2594917854536
"drhm-07",8,2010,33.0935251798561,2,31.2594917854536
"drhm-07",8,2011,33.0935251798561,2,31.2594917854536
"drhm-07",8,2012,33.0935251798561,2,31.2594917854536
"drhm-07",8,2013,33.0935251798561,2,31.2594917854536
"drhm-07",8,2014,33.0935251798561,2,31.2594917854536
"drhm-07",8,2015,33.0935251798561,2,31.1145642492217
"drhm-07",8,2016,33.0935251798561,2,31.1145642492217
"drhm-07",8,2017,33.0935251798561,2,30.9717071063646
"drhm-07",8,2018,33.0935251798561,2,30.8267795701327
"drhm-07",8,2019,33.0935251798561,2,30.6839224272756
"drhm-07",8,2020,33.0935251798561,2,30.6839224272756
"drhm-07",8,2021,33.0935251798561,2,30.8288499635074
"drhm-07",8,2022,33.0935251798561,2,30.8288499635074
"drhm-07",8,2023,33.0935251798561,2,30.8288499635074
"drhm-07",8,2024,33.0935251798561,2,26.4810238765509
"drhm-07",8,2025,33.0935251798561,2,26.4810238765509
"drhm-07",9,1999,23.9130434782609,2,43.120775429346
"drhm-07",9,2000,23.9130434782609,2,43.120775429346
"drhm-07",9,2001,23.9130434782609,2,35.7294710815199
"drhm-07",9,2002,23.9130434782609,2,35.7294710815199
"drhm-07",9,2003,23.9130434782609,2,26.4458271891803
"drhm-07",9,2004,22.463768115942,2,25.880609797876
"drhm-07",9,2005,22.463768115942,2,26.6073178724101
"drhm-07",9,2006,22.463768115942,2,27.9116656984971
"drhm-07",9,2007,22.463768115942,2,28.3609410608159
"drhm-07",9,2008,22.463768115942,2,30.9696367129898
"drhm-07",9,2009,22.463768115942,2,31.2594917854536
"drhm-07",9,2010,22.463768115942,2,31.2594917854536
"drhm-07",9,2011,22.463768115942,2,31.2594917854536
"drhm-07",9,2012,22.463768115942,2,31.2594917854536
"drhm-07",9,2013,22.463768115942,2,31.2594917854536
"drhm-07",9,2014,22.463768115942,2,31.2594917854536
"drhm-07",9,2015,22.463768115942,2,31.1145642492217
"drhm-07",9,2016,22.463768115942,2,31.1145642492217
"drhm-07",9,2017,22.463768115942,2,30.9717071063646
"drhm-07",9,2018,22.463768115942,2,30.8267795701327
"drhm-07",9,2019,22.463768115942,2,30.6839224272756
"drhm-07",9,2020,22.463768115942,2,30.6839224272756
"drhm-07",9,2021,22.463768115942,2,30.8288499635074
"drhm-07",9,2022,22.463768115942,2,30.8288499635074
"drhm-07",9,2023,22.463768115942,2,30.8288499635074
"drhm-07",9,2024,22.463768115942,2,26.4810238765509
"drhm-07",9,2025,22.463768115942,2,26.4810238765509
"drhm-07",10,1999,76.8115942028985,2,43.120775429346
"drhm-07",10,2000,76.8115942028985,2,43.120775429346
"drhm-07",10,2001,39.8550724637682,2,35.7294710815199
"drhm-07",10,2002,39.8550724637681,2,35.7294710815199
"drhm-07",10,2003,40.5797101449276,2,26.4458271891803
"drhm-07",10,2004,44.2028985507247,2,25.880609797876
"drhm-07",10,2005,48.5507246376812,2,26.6073178724101
"drhm-07",10,2006,55.0724637681159,2,27.9116656984971
"drhm-07",10,2007,62.3188405797101,2,28.3609410608159
"drhm-07",10,2008,75.3623188405797,2,30.9696367129898
"drhm-07",10,2009,76.8115942028985,2,31.2594917854536
"drhm-07",10,2010,76.8115942028985,2,31.2594917854536
"drhm-07",10,2011,76.8115942028985,2,31.2594917854536
"drhm-07",10,2012,76.8115942028985,2,31.2594917854536
"drhm-07",10,2013,76.8115942028985,2,31.2594917854536
"drhm-07",10,2014,76.8115942028985,2,31.2594917854536
"drhm-07",10,2015,76.0869565217391,2,31.1145642492217
"drhm-07",10,2016,76.0869565217391,2,31.1145642492217
"drhm-07",10,2017,76.0869565217391,2,30.9717071063646
"drhm-07",10,2018,75.3623188405797,2,30.8267795701327
"drhm-07",10,2019,75.3623188405797,2,30.6839224272756
"drhm-07",10,2020,75.3623188405797,2,30.6839224272756
"drhm-07",10,2021,76.0869565217391,2,30.8288499635074
"drhm-07",10,2022,76.0869565217391,2,30.8288499635074
"drhm-07",10,2023,76.0869565217391,2,30.8288499635074
"drhm-07",10,2024,54.3478260869565,2,26.4810238765509
"drhm-07",10,2025,54.3478260869565,2,26.4810238765509
"drhm-07",11,1999,70,3,60.8596757852077
"drhm-07",11,2000,70,3,60.7178318135765
"drhm-07",11,2001,70,3,61.4270516717325
"drhm-07",11,2002,70,3,61.4270516717325
"drhm-07",11,2003,70,3,61.4270516717325
"drhm-07",11,2004,70,3,61.4270516717325
"drhm-07",11,2005,70.7142857142857,3,61.5699088145897
"drhm-07",11,2006,70.7142857142857,3,61.2960992907801
"drhm-07",11,2007,70.7142857142857,3,61.2960992907801
"drhm-07",11,2008,70.7142857142857,3,61.2960992907801
"drhm-07",11,2009,70.7142857142857,3,61.2960992907801
"drhm-07",11,2010,70.7142857142857,3,61.2960992907801
"drhm-07",11,2011,70.7142857142857,3,61.2960992907801
"drhm-07",11,2012,70.7142857142857,3,61.2960992907801
"drhm-07",11,2013,70.7142857142857,3,61.434988179669
"drhm-07",11,2014,70.7142857142857,3,61.5738770685579
"drhm-07",11,2015,60.7142857142857,3,59.5738770685579
"drhm-07",11,2016,60.7142857142857,3,59.5738770685579
"drhm-07",11,2017,60.7142857142857,3,59.5738770685579
"drhm-07",11,2018,60.7142857142857,3,59.434988179669
"drhm-07",11,2019,60.7142857142857,3,59.434988179669
"drhm-07",11,2020,62.1428571428572,3,59.8595913542722
"drhm-07",11,2021,64.2857142857143,3,60.2881627828436
"drhm-07",11,2022,70.7142857142857,3,61.5738770685579
"drhm-07",11,2023,70.7142857142857,3,61.5738770685579
"drhm-07",11,2024,70.7142857142857,3,61.5738770685579
"drhm-07",11,2025,70.7142857142857,3,61.5738770685579
"drhm-07",12,1999,37.5,3,60.8596757852077
"drhm-07",12,2000,37.5,3,60.7178318135765
"drhm-07",12,2001,37.5,3,61.4270516717325
"drhm-07",12,2002,37.5,3,61.4270516717325
"drhm-07",12,2003,37.5,3,61.4270516717325
"drhm-07",12,2004,37.5,3,61.4270516717325
"drhm-07",12,2005,37.5,3,61.5699088145897
"drhm-07",12,2006,35.4166666666666,3,61.2960992907801
"drhm-07",12,2007,35.4166666666666,3,61.2960992907801
"drhm-07",12,2008,35.4166666666666,3,61.2960992907801
"drhm-07",12,2009,35.4166666666666,3,61.2960992907801
"drhm-07",12,2010,35.4166666666666,3,61.2960992907801
"drhm-07",12,2011,35.4166666666666,3,61.2960992907801
"drhm-07",12,2012,35.4166666666666,3,61.2960992907801
"drhm-07",12,2013,36.1111111111111,3,61.434988179669
"drhm-07",12,2014,36.8055555555555,3,61.5738770685579
"drhm-07",12,2015,36.8055555555555,3,59.5738770685579
"drhm-07",12,2016,36.8055555555555,3,59.5738770685579
"drhm-07",12,2017,36.8055555555555,3,59.5738770685579
"drhm-07",12,2018,36.1111111111111,3,59.434988179669
"drhm-07",12,2019,36.1111111111111,3,59.434988179669
"drhm-07",12,2020,36.8055555555555,3,59.8595913542722
"drhm-07",12,2021,36.8055555555555,3,60.2881627828436
"drhm-07",12,2022,36.8055555555555,3,61.5738770685579
"drhm-07",12,2023,36.8055555555555,3,61.5738770685579
"drhm-07",12,2024,36.8055555555555,3,61.5738770685579
"drhm-07",12,2025,36.8055555555555,3,61.5738770685579
"drhm-07",13,1999,83.6879432624114,3,60.8596757852077
"drhm-07",13,2000,83.6879432624114,3,60.7178318135765
"drhm-07",13,2001,83.6879432624114,3,61.4270516717325
"drhm-07",13,2002,83.6879432624113,3,61.4270516717325
"drhm-07",13,2003,83.6879432624113,3,61.4270516717325
"drhm-07",13,2004,83.6879432624113,3,61.4270516717325
"drhm-07",13,2005,83.6879432624113,3,61.5699088145897
"drhm-07",13,2006,83.6879432624113,3,61.2960992907801
"drhm-07",13,2007,83.6879432624113,3,61.2960992907801
"drhm-07",13,2008,83.6879432624113,3,61.2960992907801
"drhm-07",13,2009,83.6879432624113,3,61.2960992907801
"drhm-07",13,2010,83.6879432624113,3,61.2960992907801
"drhm-07",13,2011,83.6879432624113,3,61.2960992907801
"drhm-07",13,2012,83.6879432624113,3,61.2960992907801
"drhm-07",13,2013,83.6879432624113,3,61.434988179669
"drhm-07",13,2014,83.6879432624113,3,61.5738770685579
"drhm-07",13,2015,83.6879432624113,3,59.5738770685579
"drhm-07",13,2016,83.6879432624113,3,59.5738770685579
"drhm-07",13,2017,83.6879432624113,3,59.5738770685579
"drhm-07",13,2018,83.6879432624113,3,59.434988179669
"drhm-07",13,2019,83.6879432624113,3,59.434988179669
"drhm-07",13,2020,83.6879432624113,3,59.8595913542722
"drhm-07",13,2021,83.6879432624113,3,60.2881627828436
"drhm-07",13,2022,83.6879432624113,3,61.5738770685579
"drhm-07",13,2023,83.6879432624113,3,61.5738770685579
"drhm-07",13,2024,83.6879432624113,3,61.5738770685579
"drhm-07",13,2025,83.6879432624113,3,61.5738770685579
"drhm-07",14,1999,48.5714285714286,3,60.8596757852077
"drhm-07",14,2000,48.5714285714286,3,60.7178318135765
"drhm-07",14,2001,48.5714285714286,3,61.4270516717325
"drhm-07",14,2002,48.5714285714286,3,61.4270516717325
"drhm-07",14,2003,48.5714285714286,3,61.4270516717325
"drhm-07",14,2004,48.5714285714286,3,61.4270516717325
"drhm-07",14,2005,48.5714285714286,3,61.5699088145897
"drhm-07",14,2006,49.2857142857143,3,61.2960992907801
"drhm-07",14,2007,49.2857142857142,3,61.2960992907801
"drhm-07",14,2008,49.2857142857142,3,61.2960992907801
"drhm-07",14,2009,49.2857142857142,3,61.2960992907801
"drhm-07",14,2010,49.2857142857142,3,61.2960992907801
"drhm-07",14,2011,49.2857142857142,3,61.2960992907801
"drhm-07",14,2012,49.2857142857142,3,61.2960992907801
"drhm-07",14,2013,49.2857142857142,3,61.434988179669
"drhm-07",14,2014,49.2857142857142,3,61.5738770685579
"drhm-07",14,2015,49.2857142857142,3,59.5738770685579
"drhm-07",14,2016,49.2857142857142,3,59.5738770685579
"drhm-07",14,2017,49.2857142857142,3,59.5738770685579
"drhm-07",14,2018,49.2857142857142,3,59.434988179669
"drhm-07",14,2019,49.2857142857142,3,59.434988179669
"drhm-07",14,2020,49.2857142857142,3,59.8595913542722
"drhm-07",14,2021,49.2857142857142,3,60.2881627828436
"drhm-07",14,2022,49.2857142857142,3,61.5738770685579
"drhm-07",14,2023,49.2857142857142,3,61.5738770685579
"drhm-07",14,2024,49.2857142857142,3,61.5738770685579
"drhm-07",14,2025,49.2857142857142,3,61.5738770685579
"drhm-07",15,1999,64.5390070921986,3,60.8596757852077
"drhm-07",15,2000,63.8297872340425,3,60.7178318135765
"drhm-07",15,2001,67.3758865248227,3,61.4270516717325
"drhm-07",15,2002,67.3758865248227,3,61.4270516717325
"drhm-07",15,2003,67.3758865248227,3,61.4270516717325
"drhm-07",15,2004,67.3758865248227,3,61.4270516717325
"drhm-07",15,2005,67.3758865248227,3,61.5699088145897
"drhm-07",15,2006,67.3758865248227,3,61.2960992907801
"drhm-07",15,2007,67.3758865248227,3,61.2960992907801
"drhm-07",15,2008,67.3758865248227,3,61.2960992907801
"drhm-07",15,2009,67.3758865248227,3,61.2960992907801
"drhm-07",15,2010,67.3758865248227,3,61.2960992907801
"drhm-07",15,2011,67.3758865248227,3,61.2960992907801
"drhm-07",15,2012,67.3758865248227,3,61.2960992907801
"drhm-07",15,2013,67.3758865248227,3,61.434988179669
"drhm-07",15,2014,67.3758865248227,3,61.5738770685579
"drhm-07",15,2015,67.3758865248227,3,59.5738770685579
"drhm-07",15,2016,67.3758865248227,3,59.5738770685579
"drhm-07",15,2017,67.3758865248227,3,59.5738770685579
"drhm-07",15,2018,67.3758865248227,3,59.434988179669
"drhm-07",15,2019,67.3758865248227,3,59.434988179669
"drhm-07",15,2020,67.3758865248227,3,59.8595913542722
"drhm-07",15,2021,67.3758865248227,3,60.2881627828436
"drhm-07",15,2022,67.3758865248227,3,61.5738770685579
"drhm-07",15,2023,67.3758865248227,3,61.5738770685579
"drhm-07",15,2024,67.3758865248227,3,61.5738770685579
"drhm-07",15,2025,67.3758865248227,3,61.5738770685579
"drhm-07",16,1999,72.992700729927,4,69.6013661573801
"drhm-07",16,2000,72.9927007299271,4,69.6013661573801
"drhm-07",16,2001,72.9927007299271,4,68.4459959801121
"drhm-07",16,2002,71.5328467153285,4,68.1540251771925
"drhm-07",16,2003,71.5328467153285,4,66.1250396699461
"drhm-07",16,2004,71.5328467153285,4,64.8142993154101
"drhm-07",16,2005,71.5328467153285,4,64.6683139139502
"drhm-07",16,2006,71.5328467153285,4,64.5254567710931
"drhm-07",16,2007,71.5328467153285,4,64.2418128787535
"drhm-07",16,2008,71.5328467153285,4,64.53479620982
"drhm-07",16,2009,71.5328467153285,4,64.9695788185157
"drhm-07",16,2010,71.5328467153285,4,65.5503468286712
"drhm-07",16,2011,71.5328467153285,4,65.6994151516525
"drhm-07",16,2012,71.5328467153285,4,65.9892702241163
"drhm-07",16,2013,71.5328467153285,4,65.9892702241163
"drhm-07",16,2014,71.5328467153285,4,65.9892702241163
"drhm-07",16,2015,71.5328467153285,4,65.9892702241163
"drhm-07",16,2016,71.5328467153285,4,65.8464130812592
"drhm-07",16,2017,71.5328467153285,4,65.8464130812592
"drhm-07",16,2018,71.5328467153285,4,65.8464130812592
"drhm-07",16,2019,71.5328467153285,4,65.8464130812592
"drhm-07",16,2020,71.5328467153285,4,65.8464130812592
"drhm-07",16,2021,71.5328467153285,4,65.8464130812592
"drhm-07",16,2022,71.5328467153285,4,58.7121699838298
"drhm-07",16,2023,71.5328467153285,4,58.422314911366
"drhm-07",16,2024,71.5328467153285,4,58.8570975200617
"drhm-07",16,2025,71.5328467153285,4,58.5683003128259
"drhm-07",17,1999,57.6642335766424,4,69.6013661573801
"drhm-07",17,2000,57.6642335766423,4,69.6013661573801
"drhm-07",17,2001,54.7445255474453,4,68.4459959801121
"drhm-07",17,2002,54.7445255474453,4,68.1540251771925
"drhm-07",17,2003,54.7445255474453,4,66.1250396699461
"drhm-07",17,2004,48.9051094890512,4,64.8142993154101
"drhm-07",17,2005,48.1751824817518,4,64.6683139139502
"drhm-07",17,2006,48.1751824817518,4,64.5254567710931
"drhm-07",17,2007,48.1751824817518,4,64.2418128787535
"drhm-07",17,2008,48.9051094890511,4,64.53479620982
"drhm-07",17,2009,48.9051094890511,4,64.9695788185157
"drhm-07",17,2010,49.6350364963504,4,65.5503468286712
"drhm-07",17,2011,49.6350364963504,4,65.6994151516525
"drhm-07",17,2012,49.6350364963504,4,65.9892702241163
"drhm-07",17,2013,49.6350364963504,4,65.9892702241163
"drhm-07",17,2014,49.6350364963504,4,65.9892702241163
"drhm-07",17,2015,49.6350364963504,4,65.9892702241163
"drhm-07",17,2016,49.6350364963504,4,65.8464130812592
"drhm-07",17,2017,49.6350364963504,4,65.8464130812592
"drhm-07",17,2018,49.6350364963504,4,65.8464130812592
"drhm-07",17,2019,49.6350364963504,4,65.8464130812592
"drhm-07",17,2020,49.6350364963504,4,65.8464130812592
"drhm-07",17,2021,49.6350364963504,4,65.8464130812592
"drhm-07",17,2022,27.0072992700731,4,58.7121699838298
"drhm-07",17,2023,27.0072992700731,4,58.422314911366
"drhm-07",17,2024,27.0072992700731,4,58.8570975200617
"drhm-07",17,2025,27.7372262773723,4,58.5683003128259
"drhm-07",18,1999,64.4927536231884,4,69.6013661573801
"drhm-07",18,2000,64.4927536231884,4,69.6013661573801
"drhm-07",18,2001,64.4927536231884,4,68.4459959801121
"drhm-07",18,2002,64.4927536231884,4,68.1540251771925
"drhm-07",18,2003,54.3478260869565,4,66.1250396699461
"drhm-07",18,2004,54.3478260869565,4,64.8142993154101
"drhm-07",18,2005,54.3478260869565,4,64.6683139139502
"drhm-07",18,2006,54.3478260869565,4,64.5254567710931
"drhm-07",18,2007,55.072463768116,4,64.2418128787535
"drhm-07",18,2008,56.5217391304348,4,64.53479620982
"drhm-07",18,2009,58.6956521739131,4,64.9695788185157
"drhm-07",18,2010,60.8695652173913,4,65.5503468286712
"drhm-07",18,2011,63.0434782608696,4,65.6994151516525
"drhm-07",18,2012,64.4927536231884,4,65.9892702241163
"drhm-07",18,2013,64.4927536231884,4,65.9892702241163
"drhm-07",18,2014,64.4927536231884,4,65.9892702241163
"drhm-07",18,2015,64.4927536231884,4,65.9892702241163
"drhm-07",18,2016,64.4927536231884,4,65.8464130812592
"drhm-07",18,2017,64.4927536231884,4,65.8464130812592
"drhm-07",18,2018,64.4927536231884,4,65.8464130812592
"drhm-07",18,2019,64.4927536231884,4,65.8464130812592
"drhm-07",18,2020,64.4927536231884,4,65.8464130812592
"drhm-07",18,2021,64.4927536231884,4,65.8464130812592
"drhm-07",18,2022,51.4492753623188,4,58.7121699838298
"drhm-07",18,2023,50,4,58.422314911366
"drhm-07",18,2024,52.1739130434783,4,58.8570975200617
"drhm-07",18,2025,50,4,58.5683003128259
"drhm-07",19,1999,72.8571428571429,4,69.6013661573801
"drhm-07",19,2000,72.8571428571429,4,69.6013661573801
"drhm-07",19,2001,73.5714285714286,4,68.4459959801121
"drhm-07",19,2002,71.4285714285715,4,68.1540251771925
"drhm-07",19,2003,71.4285714285715,4,66.1250396699461
"drhm-07",19,2004,71.4285714285715,4,64.8142993154101
"drhm-07",19,2005,71.4285714285715,4,64.6683139139502
"drhm-07",19,2006,70.7142857142857,4,64.5254567710931
"drhm-07",19,2007,70.7142857142857,4,64.2418128787535
"drhm-07",19,2008,70.7142857142857,4,64.53479620982
"drhm-07",19,2009,70.7142857142857,4,64.9695788185157
"drhm-07",19,2010,70.7142857142857,4,65.5503468286712
"drhm-07",19,2011,70.7142857142857,4,65.6994151516525
"drhm-07",19,2012,70.7142857142857,4,65.9892702241163
"drhm-07",19,2013,70.7142857142857,4,65.9892702241163
"drhm-07",19,2014,70.7142857142857,4,65.9892702241163
"drhm-07",19,2015,70.7142857142857,4,65.9892702241163
"drhm-07",19,2016,70,4,65.8464130812592
"drhm-07",19,2017,70,4,65.8464130812592
"drhm-07",19,2018,70,4,65.8464130812592
"drhm-07",19,2019,70,4,65.8464130812592
"drhm-07",19,2020,70,4,65.8464130812592
"drhm-07",19,2021,70,4,65.8464130812592
"drhm-07",19,2022,70,4,58.7121699838298
"drhm-07",19,2023,70,4,58.422314911366
"drhm-07",19,2024,70,4,58.8570975200617
"drhm-07",19,2025,70,4,58.5683003128259
"drhm-07",20,1999,80,4,69.6013661573801
"drhm-07",20,2000,80,4,69.6013661573801
"drhm-07",20,2001,76.4285714285714,4,68.4459959801121
"drhm-07",20,2002,78.5714285714286,4,68.1540251771925
"drhm-07",20,2003,78.5714285714286,4,66.1250396699461
"drhm-07",20,2004,77.8571428571429,4,64.8142993154101
"drhm-07",20,2005,77.8571428571429,4,64.6683139139502
"drhm-07",20,2006,77.8571428571429,4,64.5254567710931
"drhm-07",20,2007,75.7142857142857,4,64.2418128787535
"drhm-07",20,2008,75,4,64.53479620982
"drhm-07",20,2009,75,4,64.9695788185157
"drhm-07",20,2010,75,4,65.5503468286712
"drhm-07",20,2011,73.5714285714285,4,65.6994151516525
"drhm-07",20,2012,73.5714285714285,4,65.9892702241163
"drhm-07",20,2013,73.5714285714285,4,65.9892702241163
"drhm-07",20,2014,73.5714285714285,4,65.9892702241163
"drhm-07",20,2015,73.5714285714285,4,65.9892702241163
"drhm-07",20,2016,73.5714285714286,4,65.8464130812592
"drhm-07",20,2017,73.5714285714286,4,65.8464130812592
"drhm-07",20,2018,73.5714285714286,4,65.8464130812592
"drhm-07",20,2019,73.5714285714286,4,65.8464130812592
"drhm-07",20,2020,73.5714285714286,4,65.8464130812592
"drhm-07",20,2021,73.5714285714286,4,65.8464130812592
"drhm-07",20,2022,73.5714285714286,4,58.7121699838298
"drhm-07",20,2023,73.5714285714286,4,58.422314911366
"drhm-07",20,2024,73.5714285714286,4,58.8570975200617
"drhm-07",20,2025,73.5714285714286,4,58.5683003128259
"drhm-08",1,1999,17.1428571428571,1,48.8978245974649
"drhm-08",1,2000,17.1428571428571,1,49.4692531688934
"drhm-08",1,2001,17.1428571428571,1,50.040681740322
"drhm-08",1,2002,15,1,50.3263960260363
"drhm-08",1,2003,15,1,50.7549674546078
"drhm-08",1,2004,15,1,51.0446499942903
"drhm-08",1,2005,15,1,48.9017928514331
"drhm-08",1,2006,15,1,48.6240150736553
"drhm-08",1,2007,15,1,48.6240150736553
"drhm-08",1,2008,15,1,48.6240150736553
"drhm-08",1,2009,15,1,48.7629039625442
"drhm-08",1,2010,15,1,48.7629039625442
"drhm-08",1,2011,15,1,48.7629039625442
"drhm-08",1,2012,15,1,48.9017928514331
"drhm-08",1,2013,15,1,49.040681740322
"drhm-08",1,2014,15,1,47.7827452323855
"drhm-08",1,2015,15,1,43.0843325339728
"drhm-08",1,2016,15,1,42.0883007879411
"drhm-08",1,2017,15,1,39.9454436450839
"drhm-08",1,2018,15,1,39.9454436450839
"drhm-08",1,2019,14.2857142857143,1,39.9454436450839
"drhm-08",1,2020,13.5714285714286,1,39.9454436450839
"drhm-08",1,2021,13.5714285714286,1,38.3660785657189
"drhm-08",1,2022,13.5714285714286,1,41.47718967683
"drhm-08",1,2023,12.8571428571429,1,41.758935708576
"drhm-08",1,2024,12.8571428571429,1,42.4732214228617
"drhm-08",1,2025,12.8571428571429,1,40.7549674546078
"drhm-08",2,1999,20.1438848920863,1,48.8978245974649
"drhm-08",2,2000,20.1438848920863,1,49.4692531688934
"drhm-08",2,2001,20.1438848920863,1,50.040681740322
"drhm-08",2,2002,20.1438848920863,1,50.3263960260363
"drhm-08",2,2003,20.1438848920863,1,50.7549674546078
"drhm-08",2,2004,20.1438848920863,1,51.0446499942903
"drhm-08",2,2005,20.1438848920863,1,48.9017928514331
"drhm-08",2,2006,20.1438848920863,1,48.6240150736553
"drhm-08",2,2007,20.1438848920863,1,48.6240150736553
"drhm-08",2,2008,20.1438848920863,1,48.6240150736553
"drhm-08",2,2009,20.1438848920863,1,48.7629039625442
"drhm-08",2,2010,20.1438848920863,1,48.7629039625442
"drhm-08",2,2011,20.1438848920863,1,48.7629039625442
"drhm-08",2,2012,20.1438848920863,1,48.9017928514331
"drhm-08",2,2013,20.1438848920863,1,49.040681740322
"drhm-08",2,2014,20.1438848920863,1,47.7827452323855
"drhm-08",2,2015,20.1438848920863,1,43.0843325339728
"drhm-08",2,2016,20.1438848920863,1,42.0883007879411
"drhm-08",2,2017,20.1438848920863,1,39.9454436450839
"drhm-08",2,2018,20.1438848920863,1,39.9454436450839
"drhm-08",2,2019,20.1438848920863,1,39.9454436450839
"drhm-08",2,2020,20.1438848920863,1,39.9454436450839
"drhm-08",2,2021,20.1438848920863,1,38.3660785657189
"drhm-08",2,2022,20.1438848920863,1,41.47718967683
"drhm-08",2,2023,20.1438848920863,1,41.758935708576
"drhm-08",2,2024,20.1438848920863,1,42.4732214228617
"drhm-08",2,2025,20.1438848920863,1,40.7549674546078
"drhm-08",3,1999,76.4285714285713,1,48.8978245974649
"drhm-08",3,2000,76.4285714285713,1,49.4692531688934
"drhm-08",3,2001,76.4285714285713,1,50.040681740322
"drhm-08",3,2002,76.4285714285714,1,50.3263960260363
"drhm-08",3,2003,76.4285714285715,1,50.7549674546078
"drhm-08",3,2004,75.0000000000001,1,51.0446499942903
"drhm-08",3,2005,64.2857142857143,1,48.9017928514331
"drhm-08",3,2006,64.2857142857143,1,48.6240150736553
"drhm-08",3,2007,64.2857142857143,1,48.6240150736553
"drhm-08",3,2008,64.2857142857143,1,48.6240150736553
"drhm-08",3,2009,64.2857142857143,1,48.7629039625442
"drhm-08",3,2010,64.2857142857143,1,48.7629039625442
"drhm-08",3,2011,64.2857142857143,1,48.7629039625442
"drhm-08",3,2012,64.2857142857143,1,48.9017928514331
"drhm-08",3,2013,64.2857142857143,1,49.040681740322
"drhm-08",3,2014,62.8571428571428,1,47.7827452323855
"drhm-08",3,2015,47.1428571428572,1,43.0843325339728
"drhm-08",3,2016,46.4285714285714,1,42.0883007879411
"drhm-08",3,2017,45.7142857142857,1,39.9454436450839
"drhm-08",3,2018,45.7142857142857,1,39.9454436450839
"drhm-08",3,2019,46.4285714285714,1,39.9454436450839
"drhm-08",3,2020,47.8571428571428,1,39.9454436450839
"drhm-08",3,2021,53.5714285714286,1,38.3660785657189
"drhm-08",3,2022,62.8571428571429,1,41.47718967683
"drhm-08",3,2023,65.7142857142858,1,41.758935708576
"drhm-08",3,2024,65.7142857142858,1,42.4732214228617
"drhm-08",3,2025,65.7142857142858,1,40.7549674546078
"drhm-08",4,1999,72.9166666666667,1,48.8978245974649
"drhm-08",4,2000,72.9166666666667,1,49.4692531688934
"drhm-08",4,2001,72.9166666666667,1,50.040681740322
"drhm-08",4,2002,72.9166666666667,1,50.3263960260363
"drhm-08",4,2003,72.9166666666667,1,50.7549674546078
"drhm-08",4,2004,72.2222222222222,1,51.0446499942903
"drhm-08",4,2005,72.2222222222222,1,48.9017928514331
"drhm-08",4,2006,70.8333333333333,1,48.6240150736553
"drhm-08",4,2007,70.8333333333333,1,48.6240150736553
"drhm-08",4,2008,70.8333333333333,1,48.6240150736553
"drhm-08",4,2009,71.5277777777777,1,48.7629039625442
"drhm-08",4,2010,71.5277777777777,1,48.7629039625442
"drhm-08",4,2011,71.5277777777777,1,48.7629039625442
"drhm-08",4,2012,72.2222222222222,1,48.9017928514331
"drhm-08",4,2013,72.9166666666667,1,49.040681740322
"drhm-08",4,2014,68.0555555555556,1,47.7827452323855
"drhm-08",4,2015,65.2777777777778,1,43.0843325339728
"drhm-08",4,2016,64.5833333333334,1,42.0883007879411
"drhm-08",4,2017,64.5833333333334,1,39.9454436450839
"drhm-08",4,2018,64.5833333333334,1,39.9454436450839
"drhm-08",4,2019,64.5833333333334,1,39.9454436450839
"drhm-08",4,2020,64.5833333333334,1,39.9454436450839
"drhm-08",4,2021,65.9722222222223,1,38.3660785657189
"drhm-08",4,2022,71.5277777777778,1,41.47718967683
"drhm-08",4,2023,72.2222222222222,1,41.758935708576
"drhm-08",4,2024,72.2222222222222,1,42.4732214228617
"drhm-08",4,2025,72.9166666666667,1,40.7549674546078
"drhm-08",5,1999,57.8571428571429,1,48.8978245974649
"drhm-08",5,2000,60.7142857142857,1,49.4692531688934
"drhm-08",5,2001,63.5714285714286,1,50.040681740322
"drhm-08",5,2002,67.1428571428571,1,50.3263960260363
"drhm-08",5,2003,69.2857142857143,1,50.7549674546078
"drhm-08",5,2004,72.8571428571428,1,51.0446499942903
"drhm-08",5,2005,72.8571428571428,1,48.9017928514331
"drhm-08",5,2006,72.8571428571428,1,48.6240150736553
"drhm-08",5,2007,72.8571428571428,1,48.6240150736553
"drhm-08",5,2008,72.8571428571428,1,48.6240150736553
"drhm-08",5,2009,72.8571428571428,1,48.7629039625442
"drhm-08",5,2010,72.8571428571428,1,48.7629039625442
"drhm-08",5,2011,72.8571428571428,1,48.7629039625442
"drhm-08",5,2012,72.8571428571428,1,48.9017928514331
"drhm-08",5,2013,72.8571428571428,1,49.040681740322
"drhm-08",5,2014,72.8571428571428,1,47.7827452323855
"drhm-08",5,2015,67.8571428571429,1,43.0843325339728
"drhm-08",5,2016,64.2857142857143,1,42.0883007879411
"drhm-08",5,2017,54.2857142857143,1,39.9454436450839
"drhm-08",5,2018,54.2857142857143,1,39.9454436450839
"drhm-08",5,2019,54.2857142857143,1,39.9454436450839
"drhm-08",5,2020,53.5714285714286,1,39.9454436450839
"drhm-08",5,2021,38.5714285714285,1,38.3660785657189
"drhm-08",5,2022,39.2857142857143,1,41.47718967683
"drhm-08",5,2023,37.8571428571428,1,41.758935708576
"drhm-08",5,2024,41.4285714285714,1,42.4732214228617
"drhm-08",5,2025,32.1428571428572,1,40.7549674546078
"drhm-08",6,1999,69.5652173913043,2,33.3553432359521
"drhm-08",6,2000,71.0144927536231,2,33.6451983084159
"drhm-08",6,2001,73.1884057971014,2,33.2166715645935
"drhm-08",6,2002,76.8115942028985,2,33.941309245753
"drhm-08",6,2003,78.2608695652174,2,34.2311643182167
"drhm-08",6,2004,78.9855072463768,2,34.2301064529888
"drhm-08",6,2005,78.9855072463768,2,33.7921502486092
"drhm-08",6,2006,78.9855072463768,2,33.7921502486092
"drhm-08",6,2007,78.9855072463768,2,32.0809927929262
"drhm-08",6,2008,78.9855072463768,2,32.226978194386
"drhm-08",6,2009,78.9855072463768,2,32.226978194386
"drhm-08",6,2010,78.9855072463768,2,32.0809927929262
"drhm-08",6,2011,78.9855072463768,2,32.0809927929262
"drhm-08",6,2012,78.9855072463768,2,32.0809927929262
"drhm-08",6,2013,79.7101449275362,2,31.9381505449854
"drhm-08",6,2014,80.4347826086957,2,32.0830780812173
"drhm-08",6,2015,80.4347826086957,2,32.0830780812173
"drhm-08",6,2016,80.4347826086957,2,32.2290634826772
"drhm-08",6,2017,80.4347826086957,2,32.375048884137
"drhm-08",6,2018,81.8840579710145,2,32.3771341724281
"drhm-08",6,2019,81.8840579710145,2,32.3771341724281
"drhm-08",6,2020,76.8115942028985,2,31.3626414188049
"drhm-08",6,2021,64.4927536231884,2,28.8988733028629
"drhm-08",6,2022,60.8695652173913,2,27.4443086144042
"drhm-08",6,2023,44.2028985507247,2,24.1109752810709
"drhm-08",6,2024,4.34782608695652,2,15.7062056026847
"drhm-08",6,2025,4.34782608695652,2,15.7062056026847
"drhm-08",7,1999,22.6277372262773,2,33.3553432359521
"drhm-08",7,2000,22.6277372262773,2,33.6451983084159
"drhm-08",7,2001,22.6277372262773,2,33.2166715645935
"drhm-08",7,2002,22.6277372262773,2,33.941309245753
"drhm-08",7,2003,22.6277372262773,2,34.2311643182167
"drhm-08",7,2004,21.8978102189781,2,34.2301064529888
"drhm-08",7,2005,19.7080291970803,2,33.7921502486092
"drhm-08",7,2006,19.7080291970803,2,33.7921502486092
"drhm-08",7,2007,20.4379562043796,2,32.0809927929262
"drhm-08",7,2008,21.1678832116788,2,32.226978194386
"drhm-08",7,2009,21.1678832116788,2,32.226978194386
"drhm-08",7,2010,20.4379562043796,2,32.0809927929262
"drhm-08",7,2011,20.4379562043796,2,32.0809927929262
"drhm-08",7,2012,20.4379562043796,2,32.0809927929262
"drhm-08",7,2013,20.4379562043796,2,31.9381505449854
"drhm-08",7,2014,20.4379562043796,2,32.0830780812173
"drhm-08",7,2015,20.4379562043796,2,32.0830780812173
"drhm-08",7,2016,21.1678832116788,2,32.2290634826772
"drhm-08",7,2017,21.8978102189781,2,32.375048884137
"drhm-08",7,2018,21.8978102189781,2,32.3771341724281
"drhm-08",7,2019,21.8978102189781,2,32.3771341724281
"drhm-08",7,2020,21.8978102189781,2,31.3626414188049
"drhm-08",7,2021,21.8978102189781,2,28.8988733028629
"drhm-08",7,2022,18.2481751824818,2,27.4443086144042
"drhm-08",7,2023,18.2481751824818,2,24.1109752810709
"drhm-08",7,2024,17.5182481751825,2,15.7062056026847
"drhm-08",7,2025,17.5182481751825,2,15.7062056026847
"drhm-08",8,1999,9.35251798561151,2,33.3553432359521
"drhm-08",8,2000,9.35251798561151,2,33.6451983084159
"drhm-08",8,2001,9.35251798561151,2,33.2166715645935
"drhm-08",8,2002,9.35251798561151,2,33.941309245753
"drhm-08",8,2003,9.35251798561151,2,34.2311643182167
"drhm-08",8,2004,9.35251798561151,2,34.2301064529888
"drhm-08",8,2005,9.35251798561151,2,33.7921502486092
"drhm-08",8,2006,9.35251798561151,2,33.7921502486092
"drhm-08",8,2007,9.35251798561151,2,32.0809927929262
"drhm-08",8,2008,9.35251798561151,2,32.226978194386
"drhm-08",8,2009,9.35251798561151,2,32.226978194386
"drhm-08",8,2010,9.35251798561151,2,32.0809927929262
"drhm-08",8,2011,9.35251798561151,2,32.0809927929262
"drhm-08",8,2012,9.35251798561151,2,32.0809927929262
"drhm-08",8,2013,9.35251798561151,2,31.9381505449854
"drhm-08",8,2014,9.35251798561151,2,32.0830780812173
"drhm-08",8,2015,9.35251798561151,2,32.0830780812173
"drhm-08",8,2016,9.35251798561151,2,32.2290634826772
"drhm-08",8,2017,9.35251798561151,2,32.375048884137
"drhm-08",8,2018,7.9136690647482,2,32.3771341724281
"drhm-08",8,2019,7.9136690647482,2,32.3771341724281
"drhm-08",8,2020,7.9136690647482,2,31.3626414188049
"drhm-08",8,2021,7.9136690647482,2,28.8988733028629
"drhm-08",8,2022,7.9136690647482,2,27.4443086144042
"drhm-08",8,2023,7.9136690647482,2,24.1109752810709
"drhm-08",8,2024,6.47482014388489,2,15.7062056026847
"drhm-08",8,2025,6.47482014388489,2,15.7062056026847
"drhm-08",9,1999,32.8571428571429,2,33.3553432359521
"drhm-08",9,2000,32.8571428571429,2,33.6451983084159
"drhm-08",9,2001,32.8571428571429,2,33.2166715645935
"drhm-08",9,2002,32.8571428571429,2,33.941309245753
"drhm-08",9,2003,32.8571428571429,2,34.2311643182167
"drhm-08",9,2004,32.8571428571429,2,34.2301064529888
"drhm-08",9,2005,32.8571428571429,2,33.7921502486092
"drhm-08",9,2006,32.8571428571429,2,33.7921502486092
"drhm-08",9,2007,23.5714285714286,2,32.0809927929262
"drhm-08",9,2008,23.5714285714286,2,32.226978194386
"drhm-08",9,2009,23.5714285714286,2,32.226978194386
"drhm-08",9,2010,23.5714285714286,2,32.0809927929262
"drhm-08",9,2011,23.5714285714286,2,32.0809927929262
"drhm-08",9,2012,23.5714285714286,2,32.0809927929262
"drhm-08",9,2013,23.5714285714286,2,31.9381505449854
"drhm-08",9,2014,23.5714285714286,2,32.0830780812173
"drhm-08",9,2015,23.5714285714286,2,32.0830780812173
"drhm-08",9,2016,23.5714285714286,2,32.2290634826772
"drhm-08",9,2017,23.5714285714286,2,32.375048884137
"drhm-08",9,2018,23.5714285714286,2,32.3771341724281
"drhm-08",9,2019,23.5714285714286,2,32.3771341724281
"drhm-08",9,2020,23.5714285714286,2,31.3626414188049
"drhm-08",9,2021,23.5714285714286,2,28.8988733028629
"drhm-08",9,2022,23.5714285714286,2,27.4443086144042
"drhm-08",9,2023,23.5714285714286,2,24.1109752810709
"drhm-08",9,2024,23.5714285714286,2,15.7062056026847
"drhm-08",9,2025,23.5714285714286,2,15.7062056026847
"drhm-08",10,1999,32.3741007194245,2,33.3553432359521
"drhm-08",10,2000,32.3741007194245,2,33.6451983084159
"drhm-08",10,2001,28.0575539568345,2,33.2166715645935
"drhm-08",10,2002,28.0575539568345,2,33.941309245753
"drhm-08",10,2003,28.0575539568345,2,34.2311643182167
"drhm-08",10,2004,28.0575539568345,2,34.2301064529888
"drhm-08",10,2005,28.0575539568345,2,33.7921502486092
"drhm-08",10,2006,28.0575539568345,2,33.7921502486092
"drhm-08",10,2007,28.0575539568345,2,32.0809927929262
"drhm-08",10,2008,28.0575539568345,2,32.226978194386
"drhm-08",10,2009,28.0575539568345,2,32.226978194386
"drhm-08",10,2010,28.0575539568345,2,32.0809927929262
"drhm-08",10,2011,28.0575539568345,2,32.0809927929262
"drhm-08",10,2012,28.0575539568345,2,32.0809927929262
"drhm-08",10,2013,26.6187050359712,2,31.9381505449854
"drhm-08",10,2014,26.6187050359712,2,32.0830780812173
"drhm-08",10,2015,26.6187050359712,2,32.0830780812173
"drhm-08",10,2016,26.6187050359712,2,32.2290634826772
"drhm-08",10,2017,26.6187050359712,2,32.375048884137
"drhm-08",10,2018,26.6187050359712,2,32.3771341724281
"drhm-08",10,2019,26.6187050359712,2,32.3771341724281
"drhm-08",10,2020,26.6187050359712,2,31.3626414188049
"drhm-08",10,2021,26.6187050359712,2,28.8988733028629
"drhm-08",10,2022,26.6187050359712,2,27.4443086144042
"drhm-08",10,2023,26.6187050359712,2,24.1109752810709
"drhm-08",10,2024,26.6187050359712,2,15.7062056026847
"drhm-08",10,2025,26.6187050359712,2,15.7062056026847
"drhm-08",11,1999,50.7142857142857,3,41.9274757824424
"drhm-08",11,2000,50.7142857142857,3,41.4926931737468
"drhm-08",11,2001,50.7142857142857,3,38.739069985341
"drhm-08",11,2002,50.7142857142857,3,36.5492889634432
"drhm-08",11,2003,50.7142857142857,3,31.4768251953273
"drhm-08",11,2004,50.7142857142857,3,31.4768251953273
"drhm-08",11,2005,50.7142857142857,3,31.4768251953273
"drhm-08",11,2006,50.7142857142857,3,31.4768251953273
"drhm-08",11,2007,50.7142857142857,3,28.5782744706896
"drhm-08",11,2008,50.7142857142857,3,28.5782744706896
"drhm-08",11,2009,44.2857142857143,3,27.4374877212072
"drhm-08",11,2010,42.1428571428571,3,27.7335539737952
"drhm-08",11,2011,42.1428571428571,3,28.6031191911865
"drhm-08",11,2012,42.1428571428571,3,29.6176119448096
"drhm-08",11,2013,42.1428571428571,3,29.6176119448096
"drhm-08",11,2014,42.1428571428571,3,29.6176119448096
"drhm-08",11,2015,42.1428571428571,3,29.6176119448096
"drhm-08",11,2016,42.1428571428571,3,28.6031191911865
"drhm-08",11,2017,42.1428571428571,3,28.7480467274184
"drhm-08",11,2018,42.1428571428571,3,28.7480467274184
"drhm-08",11,2019,42.1428571428571,3,28.1683365824908
"drhm-08",11,2020,40.7142857142857,3,28.0275498330084
"drhm-08",11,2021,39.2857142857143,3,28.1766181559898
"drhm-08",11,2022,39.2857142857143,3,28.3215456922217
"drhm-08",11,2023,39.2857142857143,3,28.3215456922217
"drhm-08",11,2024,39.2857142857143,3,27.7418355472941
"drhm-08",11,2025,39.2857142857143,3,27.7418355472941
"drhm-08",12,1999,5.79710144927536,3,41.9274757824424
"drhm-08",12,2000,3.6231884057971,3,41.4926931737468
"drhm-08",12,2001,2.89855072463768,3,38.739069985341
"drhm-08",12,2002,2.89855072463768,3,36.5492889634432
"drhm-08",12,2003,2.89855072463768,3,31.4768251953273
"drhm-08",12,2004,2.89855072463768,3,31.4768251953273
"drhm-08",12,2005,2.89855072463768,3,31.4768251953273
"drhm-08",12,2006,2.89855072463768,3,31.4768251953273
"drhm-08",12,2007,2.17391304347826,3,28.5782744706896
"drhm-08",12,2008,2.17391304347826,3,28.5782744706896
"drhm-08",12,2009,2.17391304347826,3,27.4374877212072
"drhm-08",12,2010,2.17391304347826,3,27.7335539737952
"drhm-08",12,2011,2.17391304347826,3,28.6031191911865
"drhm-08",12,2012,2.17391304347826,3,29.6176119448096
"drhm-08",12,2013,2.17391304347826,3,29.6176119448096
"drhm-08",12,2014,2.17391304347826,3,29.6176119448096
"drhm-08",12,2015,2.17391304347826,3,29.6176119448096
"drhm-08",12,2016,2.17391304347826,3,28.6031191911865
"drhm-08",12,2017,2.17391304347826,3,28.7480467274184
"drhm-08",12,2018,2.17391304347826,3,28.7480467274184
"drhm-08",12,2019,2.17391304347826,3,28.1683365824908
"drhm-08",12,2020,2.17391304347826,3,28.0275498330084
"drhm-08",12,2021,2.17391304347826,3,28.1766181559898
"drhm-08",12,2022,2.17391304347826,3,28.3215456922217
"drhm-08",12,2023,2.17391304347826,3,28.3215456922217
"drhm-08",12,2024,2.17391304347826,3,27.7418355472941
"drhm-08",12,2025,2.17391304347826,3,27.7418355472941
"drhm-08",13,1999,68.1159420289855,3,41.9274757824424
"drhm-08",13,2000,68.1159420289855,3,41.4926931737468
"drhm-08",13,2001,55.072463768116,3,38.739069985341
"drhm-08",13,2002,55.072463768116,3,36.5492889634432
"drhm-08",13,2003,55.072463768116,3,31.4768251953273
"drhm-08",13,2004,55.072463768116,3,31.4768251953273
"drhm-08",13,2005,55.072463768116,3,31.4768251953273
"drhm-08",13,2006,55.072463768116,3,31.4768251953273
"drhm-08",13,2007,41.3043478260869,3,28.5782744706896
"drhm-08",13,2008,41.3043478260869,3,28.5782744706896
"drhm-08",13,2009,42.0289855072464,3,27.4374877212072
"drhm-08",13,2010,45.6521739130435,3,27.7335539737952
"drhm-08",13,2011,50.7246376811594,3,28.6031191911865
"drhm-08",13,2012,55.0724637681159,3,29.6176119448096
"drhm-08",13,2013,55.0724637681159,3,29.6176119448096
"drhm-08",13,2014,55.0724637681159,3,29.6176119448096
"drhm-08",13,2015,55.0724637681159,3,29.6176119448096
"drhm-08",13,2016,49.2753623188406,3,28.6031191911865
"drhm-08",13,2017,49.2753623188406,3,28.7480467274184
"drhm-08",13,2018,49.2753623188406,3,28.7480467274184
"drhm-08",13,2019,46.3768115942029,3,28.1683365824908
"drhm-08",13,2020,47.1014492753623,3,28.0275498330084
"drhm-08",13,2021,49.2753623188406,3,28.1766181559898
"drhm-08",13,2022,50,3,28.3215456922217
"drhm-08",13,2023,50,3,28.3215456922217
"drhm-08",13,2024,47.1014492753623,3,27.7418355472941
"drhm-08",13,2025,47.1014492753623,3,27.7418355472941
"drhm-08",14,1999,31.3868613138686,3,41.9274757824424
"drhm-08",14,2000,31.3868613138686,3,41.4926931737468
"drhm-08",14,2001,31.3868613138686,3,38.739069985341
"drhm-08",14,2002,20.4379562043796,3,36.5492889634432
"drhm-08",14,2003,20.4379562043796,3,31.4768251953273
"drhm-08",14,2004,20.4379562043796,3,31.4768251953273
"drhm-08",14,2005,20.4379562043796,3,31.4768251953273
"drhm-08",14,2006,20.4379562043796,3,31.4768251953273
"drhm-08",14,2007,20.4379562043796,3,28.5782744706896
"drhm-08",14,2008,20.4379562043796,3,28.5782744706896
"drhm-08",14,2009,20.4379562043796,3,27.4374877212072
"drhm-08",14,2010,20.4379562043796,3,27.7335539737952
"drhm-08",14,2011,20.4379562043796,3,28.6031191911865
"drhm-08",14,2012,20.4379562043796,3,29.6176119448096
"drhm-08",14,2013,20.4379562043796,3,29.6176119448096
"drhm-08",14,2014,20.4379562043796,3,29.6176119448096
"drhm-08",14,2015,20.4379562043796,3,29.6176119448096
"drhm-08",14,2016,20.4379562043796,3,28.6031191911865
"drhm-08",14,2017,20.4379562043796,3,28.7480467274184
"drhm-08",14,2018,20.4379562043796,3,28.7480467274184
"drhm-08",14,2019,20.4379562043796,3,28.1683365824908
"drhm-08",14,2020,20.4379562043796,3,28.0275498330084
"drhm-08",14,2021,20.4379562043796,3,28.1766181559898
"drhm-08",14,2022,20.4379562043796,3,28.3215456922217
"drhm-08",14,2023,20.4379562043796,3,28.3215456922217
"drhm-08",14,2024,20.4379562043796,3,27.7418355472941
"drhm-08",14,2025,20.4379562043796,3,27.7418355472941
"drhm-08",15,1999,53.6231884057971,3,41.9274757824424
"drhm-08",15,2000,53.6231884057971,3,41.4926931737468
"drhm-08",15,2001,53.6231884057971,3,38.739069985341
"drhm-08",15,2002,53.6231884057971,3,36.5492889634432
"drhm-08",15,2003,28.2608695652174,3,31.4768251953273
"drhm-08",15,2004,28.2608695652174,3,31.4768251953273
"drhm-08",15,2005,28.2608695652174,3,31.4768251953273
"drhm-08",15,2006,28.2608695652174,3,31.4768251953273
"drhm-08",15,2007,28.2608695652174,3,28.5782744706896
"drhm-08",15,2008,28.2608695652174,3,28.5782744706896
"drhm-08",15,2009,28.2608695652174,3,27.4374877212072
"drhm-08",15,2010,28.2608695652174,3,27.7335539737952
"drhm-08",15,2011,27.536231884058,3,28.6031191911865
"drhm-08",15,2012,28.2608695652174,3,29.6176119448096
"drhm-08",15,2013,28.2608695652174,3,29.6176119448096
"drhm-08",15,2014,28.2608695652174,3,29.6176119448096
"drhm-08",15,2015,28.2608695652174,3,29.6176119448096
"drhm-08",15,2016,28.9855072463768,3,28.6031191911865
"drhm-08",15,2017,29.7101449275362,3,28.7480467274184
"drhm-08",15,2018,29.7101449275362,3,28.7480467274184
"drhm-08",15,2019,29.7101449275362,3,28.1683365824908
"drhm-08",15,2020,29.7101449275362,3,28.0275498330084
"drhm-08",15,2021,29.7101449275362,3,28.1766181559898
"drhm-08",15,2022,29.7101449275362,3,28.3215456922217
"drhm-08",15,2023,29.7101449275362,3,28.3215456922217
"drhm-08",15,2024,29.7101449275362,3,27.7418355472941
"drhm-08",15,2025,29.7101449275362,3,27.7418355472941
"drhm-08",16,1999,74.1007194244604,4,44.8457333512073
"drhm-08",16,2000,74.1007194244604,4,44.4171619226358
"drhm-08",16,2001,74.1007194244604,4,43.560019065493
"drhm-08",16,2002,74.1007194244604,4,43.5600190654929
"drhm-08",16,2003,74.1007194244604,4,43.7028762083501
"drhm-08",16,2004,70.5035971223021,4,42.6935966754547
"drhm-08",16,2005,69.7841726618705,4,42.5497117833683
"drhm-08",16,2006,69.7841726618705,4,42.9782832119398
"drhm-08",16,2007,69.7841726618705,4,43.2639974976541
"drhm-08",16,2008,69.7841726618705,4,43.6925689262255
"drhm-08",16,2009,69.7841726618705,4,43.6925689262255
"drhm-08",16,2010,69.7841726618705,4,43.2639974976541
"drhm-08",16,2011,69.7841726618705,4,43.2639974976541
"drhm-08",16,2012,48.9208633093525,4,38.8056213414362
"drhm-08",16,2013,48.9208633093525,4,38.8056213414362
"drhm-08",16,2014,46.7625899280575,4,38.3739666651772
"drhm-08",16,2015,45.3237410071942,4,38.0861968810045
"drhm-08",16,2016,46.0431654676259,4,38.2300817730908
"drhm-08",16,2017,47.4820143884892,4,38.5178515572635
"drhm-08",16,2018,51.0791366906475,4,39.2372760176952
"drhm-08",16,2019,58.9928057553957,4,40.8200098306448
"drhm-08",16,2020,66.1870503597122,4,42.2588587515081
"drhm-08",16,2021,66.1870503597122,4,42.116001608651
"drhm-08",16,2022,66.1870503597122,4,41.8302873229367
"drhm-08",16,2023,66.1870503597122,4,41.8302873229367
"drhm-08",16,2024,66.1870503597122,4,41.6874301800795
"drhm-08",16,2025,66.1870503597122,4,40.6812189999553
"drhm-08",17,1999,44.9275362318841,4,44.8457333512073
"drhm-08",17,2000,44.9275362318841,4,44.4171619226358
"drhm-08",17,2001,44.9275362318841,4,43.560019065493
"drhm-08",17,2002,44.927536231884,4,43.5600190654929
"drhm-08",17,2003,44.927536231884,4,43.7028762083501
"drhm-08",17,2004,43.4782608695652,4,42.6935966754547
"drhm-08",17,2005,43.4782608695652,4,42.5497117833683
"drhm-08",17,2006,43.4782608695652,4,42.9782832119398
"drhm-08",17,2007,43.4782608695652,4,43.2639974976541
"drhm-08",17,2008,43.4782608695652,4,43.6925689262255
"drhm-08",17,2009,43.4782608695652,4,43.6925689262255
"drhm-08",17,2010,43.4782608695652,4,43.2639974976541
"drhm-08",17,2011,43.4782608695652,4,43.2639974976541
"drhm-08",17,2012,43.4782608695652,4,38.8056213414362
"drhm-08",17,2013,43.4782608695652,4,38.8056213414362
"drhm-08",17,2014,43.4782608695652,4,38.3739666651772
"drhm-08",17,2015,43.4782608695652,4,38.0861968810045
"drhm-08",17,2016,43.4782608695652,4,38.2300817730908
"drhm-08",17,2017,43.4782608695652,4,38.5178515572635
"drhm-08",17,2018,43.4782608695652,4,39.2372760176952
"drhm-08",17,2019,43.4782608695652,4,40.8200098306448
"drhm-08",17,2020,43.4782608695652,4,42.2588587515081
"drhm-08",17,2021,43.4782608695652,4,42.116001608651
"drhm-08",17,2022,43.4782608695652,4,41.8302873229367
"drhm-08",17,2023,43.4782608695652,4,41.8302873229367
"drhm-08",17,2024,43.4782608695652,4,41.6874301800795
"drhm-08",17,2025,41.3043478260869,4,40.6812189999553
"drhm-08",18,1999,38.5714285714286,4,44.8457333512073
"drhm-08",18,2000,36.4285714285714,4,44.4171619226358
"drhm-08",18,2001,32.1428571428571,4,43.560019065493
"drhm-08",18,2002,32.1428571428571,4,43.5600190654929
"drhm-08",18,2003,32.8571428571428,4,43.7028762083501
"drhm-08",18,2004,32.8571428571428,4,42.6935966754547
"drhm-08",18,2005,32.8571428571428,4,42.5497117833683
"drhm-08",18,2006,35,4,42.9782832119398
"drhm-08",18,2007,36.4285714285714,4,43.2639974976541
"drhm-08",18,2008,38.5714285714285,4,43.6925689262255
"drhm-08",18,2009,38.5714285714285,4,43.6925689262255
"drhm-08",18,2010,38.5714285714285,4,43.2639974976541
"drhm-08",18,2011,38.5714285714285,4,43.2639974976541
"drhm-08",18,2012,38.5714285714285,4,38.8056213414362
"drhm-08",18,2013,38.5714285714285,4,38.8056213414362
"drhm-08",18,2014,38.5714285714285,4,38.3739666651772
"drhm-08",18,2015,38.5714285714285,4,38.0861968810045
"drhm-08",18,2016,38.5714285714285,4,38.2300817730908
"drhm-08",18,2017,38.5714285714285,4,38.5178515572635
"drhm-08",18,2018,37.8571428571428,4,39.2372760176952
"drhm-08",18,2019,37.8571428571428,4,40.8200098306448
"drhm-08",18,2020,37.8571428571428,4,42.2588587515081
"drhm-08",18,2021,37.1428571428571,4,42.116001608651
"drhm-08",18,2022,37.1428571428571,4,41.8302873229367
"drhm-08",18,2023,37.1428571428571,4,41.8302873229367
"drhm-08",18,2024,36.4285714285714,4,41.6874301800795
"drhm-08",18,2025,36.4285714285714,4,40.6812189999553
"drhm-08",19,1999,28.0575539568345,4,44.8457333512073
"drhm-08",19,2000,28.0575539568345,4,44.4171619226358
"drhm-08",19,2001,28.0575539568345,4,43.560019065493
"drhm-08",19,2002,28.0575539568345,4,43.5600190654929
"drhm-08",19,2003,28.0575539568345,4,43.7028762083501
"drhm-08",19,2004,28.0575539568345,4,42.6935966754547
"drhm-08",19,2005,28.0575539568345,4,42.5497117833683
"drhm-08",19,2006,28.0575539568345,4,42.9782832119398
"drhm-08",19,2007,28.0575539568345,4,43.2639974976541
"drhm-08",19,2008,28.0575539568345,4,43.6925689262255
"drhm-08",19,2009,28.0575539568345,4,43.6925689262255
"drhm-08",19,2010,28.0575539568345,4,43.2639974976541
"drhm-08",19,2011,28.0575539568345,4,43.2639974976541
"drhm-08",19,2012,28.0575539568345,4,38.8056213414362
"drhm-08",19,2013,28.0575539568345,4,38.8056213414362
"drhm-08",19,2014,28.0575539568345,4,38.3739666651772
"drhm-08",19,2015,28.0575539568345,4,38.0861968810045
"drhm-08",19,2016,28.0575539568345,4,38.2300817730908
"drhm-08",19,2017,28.0575539568345,4,38.5178515572635
"drhm-08",19,2018,28.0575539568345,4,39.2372760176952
"drhm-08",19,2019,28.0575539568345,4,40.8200098306448
"drhm-08",19,2020,28.0575539568345,4,42.2588587515081
"drhm-08",19,2021,28.0575539568345,4,42.116001608651
"drhm-08",19,2022,28.0575539568345,4,41.8302873229367
"drhm-08",19,2023,28.0575539568345,4,41.8302873229367
"drhm-08",19,2024,28.0575539568345,4,41.6874301800795
"drhm-08",19,2025,28.0575539568345,4,40.6812189999553
"drhm-08",20,1999,38.5714285714286,4,44.8457333512073
"drhm-08",20,2000,38.5714285714286,4,44.4171619226358
"drhm-08",20,2001,38.5714285714286,4,43.560019065493
"drhm-08",20,2002,38.5714285714286,4,43.5600190654929
"drhm-08",20,2003,38.5714285714286,4,43.7028762083501
"drhm-08",20,2004,38.5714285714286,4,42.6935966754547
"drhm-08",20,2005,38.5714285714286,4,42.5497117833683
"drhm-08",20,2006,38.5714285714286,4,42.9782832119398
"drhm-08",20,2007,38.5714285714286,4,43.2639974976541
"drhm-08",20,2008,38.5714285714286,4,43.6925689262255
"drhm-08",20,2009,38.5714285714286,4,43.6925689262255
"drhm-08",20,2010,36.4285714285715,4,43.2639974976541
"drhm-08",20,2011,36.4285714285715,4,43.2639974976541
"drhm-08",20,2012,35,4,38.8056213414362
"drhm-08",20,2013,35,4,38.8056213414362
"drhm-08",20,2014,35,4,38.3739666651772
"drhm-08",20,2015,35,4,38.0861968810045
"drhm-08",20,2016,35,4,38.2300817730908
"drhm-08",20,2017,35,4,38.5178515572635
"drhm-08",20,2018,35.7142857142857,4,39.2372760176952
"drhm-08",20,2019,35.7142857142857,4,40.8200098306448
"drhm-08",20,2020,35.7142857142857,4,42.2588587515081
"drhm-08",20,2021,35.7142857142857,4,42.116001608651
"drhm-08",20,2022,34.2857142857143,4,41.8302873229367
"drhm-08",20,2023,34.2857142857143,4,41.8302873229367
"drhm-08",20,2024,34.2857142857143,4,41.6874301800795
"drhm-08",20,2025,31.4285714285715,4,40.6812189999553
"orng-01",1,1999,38.2978723404255,1,34.4749991469756
"orng-01",1,2000,38.2978723404255,1,34.4749991469756
"orng-01",1,2001,37.5886524822695,1,34.3331551753444
"orng-01",1,2002,32.6241134751773,1,33.3402473739259
"orng-01",1,2003,32.6241134751774,1,33.3402473739259
"orng-01",1,2004,31.9148936170213,1,33.1984034022947
"orng-01",1,2005,31.2056737588653,1,33.0565594306635
"orng-01",1,2006,30.4964539007092,1,32.9147154590323
"orng-01",1,2007,29.7872340425532,1,32.7728714874011
"orng-01",1,2008,29.7872340425532,1,32.7728714874011
"orng-01",1,2009,30.4964539007092,1,32.9147154590323
"orng-01",1,2010,30.4964539007092,1,32.9147154590323
"orng-01",1,2011,32.6241134751774,1,33.0524775897533
"orng-01",1,2012,33.3333333333334,1,33.4820913455571
"orng-01",1,2013,35.4609929078014,1,33.9076232604507
"orng-01",1,2014,37.5886524822695,1,34.3331551753444
"orng-01",1,2015,37.5886524822695,1,34.3331551753444
"orng-01",1,2016,37.5886524822695,1,34.4770400674307
"orng-01",1,2017,37.5886524822695,1,34.620924959517
"orng-01",1,2018,37.5886524822695,1,34.7648098516034
"orng-01",1,2019,37.5886524822695,1,34.7648098516034
"orng-01",1,2020,37.5886524822695,1,34.7648098516034
"orng-01",1,2021,37.5886524822695,1,34.7648098516034
"orng-01",1,2022,37.5886524822695,1,34.4870320738256
"orng-01",1,2023,37.5886524822695,1,30.5739885955647
"orng-01",1,2024,37.5886524822695,1,30.7189161317966
"orng-01",1,2025,37.5886524822695,1,30.7189161317966
"orng-01",2,1999,39.8550724637682,1,34.4749991469756
"orng-01",2,2000,39.8550724637682,1,34.4749991469756
"orng-01",2,2001,39.8550724637682,1,34.3331551753444
"orng-01",2,2002,39.8550724637682,1,33.3402473739259
"orng-01",2,2003,39.8550724637682,1,33.3402473739259
"orng-01",2,2004,39.8550724637682,1,33.1984034022947
"orng-01",2,2005,39.8550724637682,1,33.0565594306635
"orng-01",2,2006,39.8550724637682,1,32.9147154590323
"orng-01",2,2007,39.8550724637682,1,32.7728714874011
"orng-01",2,2008,39.8550724637682,1,32.7728714874011
"orng-01",2,2009,39.8550724637682,1,32.9147154590323
"orng-01",2,2010,39.8550724637682,1,32.9147154590323
"orng-01",2,2011,39.8550724637682,1,33.0524775897533
"orng-01",2,2012,39.8550724637682,1,33.4820913455571
"orng-01",2,2013,39.8550724637682,1,33.9076232604507
"orng-01",2,2014,39.8550724637682,1,34.3331551753444
"orng-01",2,2015,39.8550724637682,1,34.3331551753444
"orng-01",2,2016,39.8550724637682,1,34.4770400674307
"orng-01",2,2017,39.8550724637682,1,34.620924959517
"orng-01",2,2018,39.8550724637682,1,34.7648098516034
"orng-01",2,2019,39.8550724637682,1,34.7648098516034
"orng-01",2,2020,39.8550724637682,1,34.7648098516034
"orng-01",2,2021,39.8550724637682,1,34.7648098516034
"orng-01",2,2022,39.8550724637682,1,34.4870320738256
"orng-01",2,2023,20.2898550724637,1,30.5739885955647
"orng-01",2,2024,21.0144927536232,1,30.7189161317966
"orng-01",2,2025,21.0144927536232,1,30.7189161317966
"orng-01",3,1999,12.8571428571429,1,34.4749991469756
"orng-01",3,2000,12.8571428571429,1,34.4749991469756
"orng-01",3,2001,12.8571428571429,1,34.3331551753444
"orng-01",3,2002,12.8571428571429,1,33.3402473739259
"orng-01",3,2003,12.8571428571429,1,33.3402473739259
"orng-01",3,2004,12.8571428571429,1,33.1984034022947
"orng-01",3,2005,12.8571428571429,1,33.0565594306635
"orng-01",3,2006,12.8571428571429,1,32.9147154590323
"orng-01",3,2007,12.8571428571429,1,32.7728714874011
"orng-01",3,2008,12.8571428571429,1,32.7728714874011
"orng-01",3,2009,12.8571428571429,1,32.9147154590323
"orng-01",3,2010,12.8571428571429,1,32.9147154590323
"orng-01",3,2011,12.8571428571429,1,33.0524775897533
"orng-01",3,2012,12.8571428571429,1,33.4820913455571
"orng-01",3,2013,12.8571428571429,1,33.9076232604507
"orng-01",3,2014,12.8571428571429,1,34.3331551753444
"orng-01",3,2015,12.8571428571429,1,34.3331551753444
"orng-01",3,2016,12.8571428571429,1,34.4770400674307
"orng-01",3,2017,12.8571428571429,1,34.620924959517
"orng-01",3,2018,12.8571428571429,1,34.7648098516034
"orng-01",3,2019,12.8571428571429,1,34.7648098516034
"orng-01",3,2020,12.8571428571429,1,34.7648098516034
"orng-01",3,2021,12.8571428571429,1,34.7648098516034
"orng-01",3,2022,12.8571428571429,1,34.4870320738256
"orng-01",3,2023,12.8571428571429,1,30.5739885955647
"orng-01",3,2024,12.8571428571429,1,30.7189161317966
"orng-01",3,2025,12.8571428571429,1,30.7189161317966
"orng-01",4,1999,18.0555555555556,1,34.4749991469756
"orng-01",4,2000,18.0555555555556,1,34.4749991469756
"orng-01",4,2001,18.0555555555556,1,34.3331551753444
"orng-01",4,2002,18.0555555555556,1,33.3402473739259
"orng-01",4,2003,18.0555555555556,1,33.3402473739259
"orng-01",4,2004,18.0555555555556,1,33.1984034022947
"orng-01",4,2005,18.0555555555556,1,33.0565594306635
"orng-01",4,2006,18.0555555555556,1,32.9147154590323
"orng-01",4,2007,18.0555555555556,1,32.7728714874011
"orng-01",4,2008,18.0555555555556,1,32.7728714874011
"orng-01",4,2009,18.0555555555556,1,32.9147154590323
"orng-01",4,2010,18.0555555555556,1,32.9147154590323
"orng-01",4,2011,18.0555555555556,1,33.0524775897533
"orng-01",4,2012,18.0555555555556,1,33.4820913455571
"orng-01",4,2013,18.0555555555556,1,33.9076232604507
"orng-01",4,2014,18.0555555555556,1,34.3331551753444
"orng-01",4,2015,18.0555555555556,1,34.3331551753444
"orng-01",4,2016,18.0555555555556,1,34.4770400674307
"orng-01",4,2017,18.0555555555556,1,34.620924959517
"orng-01",4,2018,18.0555555555556,1,34.7648098516034
"orng-01",4,2019,18.0555555555556,1,34.7648098516034
"orng-01",4,2020,18.0555555555556,1,34.7648098516034
"orng-01",4,2021,18.0555555555556,1,34.7648098516034
"orng-01",4,2022,16.6666666666667,1,34.4870320738256
"orng-01",4,2023,16.6666666666667,1,30.5739885955647
"orng-01",4,2024,16.6666666666667,1,30.7189161317966
"orng-01",4,2025,16.6666666666667,1,30.7189161317966
"orng-01",5,1999,63.3093525179856,1,34.4749991469756
"orng-01",5,2000,63.3093525179856,1,34.4749991469756
"orng-01",5,2001,63.3093525179856,1,34.3331551753444
"orng-01",5,2002,63.3093525179856,1,33.3402473739259
"orng-01",5,2003,63.3093525179856,1,33.3402473739259
"orng-01",5,2004,63.3093525179856,1,33.1984034022947
"orng-01",5,2005,63.3093525179856,1,33.0565594306635
"orng-01",5,2006,63.3093525179856,1,32.9147154590323
"orng-01",5,2007,63.3093525179856,1,32.7728714874011
"orng-01",5,2008,63.3093525179856,1,32.7728714874011
"orng-01",5,2009,63.3093525179856,1,32.9147154590323
"orng-01",5,2010,63.3093525179856,1,32.9147154590323
"orng-01",5,2011,61.8705035971223,1,33.0524775897533
"orng-01",5,2012,63.3093525179856,1,33.4820913455571
"orng-01",5,2013,63.3093525179856,1,33.9076232604507
"orng-01",5,2014,63.3093525179856,1,34.3331551753444
"orng-01",5,2015,63.3093525179856,1,34.3331551753444
"orng-01",5,2016,64.0287769784173,1,34.4770400674307
"orng-01",5,2017,64.7482014388489,1,34.620924959517
"orng-01",5,2018,65.4676258992806,1,34.7648098516034
"orng-01",5,2019,65.4676258992806,1,34.7648098516034
"orng-01",5,2020,65.4676258992806,1,34.7648098516034
"orng-01",5,2021,65.4676258992806,1,34.7648098516034
"orng-01",5,2022,65.4676258992806,1,34.4870320738256
"orng-01",5,2023,65.4676258992806,1,30.5739885955647
"orng-01",5,2024,65.4676258992806,1,30.7189161317966
"orng-01",5,2025,65.4676258992806,1,30.7189161317966
"orng-01",6,1999,25,2,21.207605344296
"orng-01",6,2000,24.2857142857143,2,21.0647482014388
"orng-01",6,2001,25,2,21.207605344296
"orng-01",6,2002,25,2,21.0637204522096
"orng-01",6,2003,25,2,21.0637204522096
"orng-01",6,2004,25,2,21.0637204522096
"orng-01",6,2005,24.2857142857143,2,20.9208633093525
"orng-01",6,2006,25,2,21.0637204522096
"orng-01",6,2007,25,2,20.0637204522096
"orng-01",6,2008,14.2857142857143,2,15.4830421377184
"orng-01",6,2009,14.2857142857143,2,15.1952723535457
"orng-01",6,2010,14.2857142857143,2,15.4830421377184
"orng-01",6,2011,14.2857142857143,2,15.3391572456321
"orng-01",6,2012,14.2857142857143,2,15.4830421377184
"orng-01",6,2013,14.2857142857143,2,15.3401849948613
"orng-01",6,2014,14.2857142857143,2,15.4850976361768
"orng-01",6,2015,14.2857142857143,2,15.4850976361768
"orng-01",6,2016,14.2857142857143,2,15.7728674203494
"orng-01",6,2017,14.2857142857143,2,16.0606372045221
"orng-01",6,2018,14.2857142857143,2,16.0606372045221
"orng-01",6,2019,14.2857142857143,2,16.0606372045221
"orng-01",6,2020,14.2857142857143,2,16.0606372045221
"orng-01",6,2021,13.5714285714286,2,15.917780061665
"orng-01",6,2022,10,2,15.3473792394656
"orng-01",6,2023,10,2,15.3473792394656
"orng-01",6,2024,10,2,15.3473792394656
"orng-01",6,2025,10,2,15.3473792394656
"orng-01",7,1999,23.7410071942446,2,21.207605344296
"orng-01",7,2000,23.7410071942446,2,21.0647482014388
"orng-01",7,2001,23.7410071942446,2,21.207605344296
"orng-01",7,2002,23.7410071942446,2,21.0637204522096
"orng-01",7,2003,23.7410071942446,2,21.0637204522096
"orng-01",7,2004,23.7410071942446,2,21.0637204522096
"orng-01",7,2005,23.7410071942446,2,20.9208633093525
"orng-01",7,2006,23.7410071942446,2,21.0637204522096
"orng-01",7,2007,23.7410071942446,2,20.0637204522096
"orng-01",7,2008,17.2661870503597,2,15.4830421377184
"orng-01",7,2009,15.8273381294964,2,15.1952723535457
"orng-01",7,2010,17.2661870503597,2,15.4830421377184
"orng-01",7,2011,16.5467625899281,2,15.3391572456321
"orng-01",7,2012,17.2661870503597,2,15.4830421377184
"orng-01",7,2013,17.2661870503597,2,15.3401849948613
"orng-01",7,2014,18.705035971223,2,15.4850976361768
"orng-01",7,2015,18.705035971223,2,15.4850976361768
"orng-01",7,2016,20.1438848920863,2,15.7728674203494
"orng-01",7,2017,21.5827338129496,2,16.0606372045221
"orng-01",7,2018,21.5827338129496,2,16.0606372045221
"orng-01",7,2019,21.5827338129496,2,16.0606372045221
"orng-01",7,2020,21.5827338129496,2,16.0606372045221
"orng-01",7,2021,21.5827338129496,2,15.917780061665
"orng-01",7,2022,22.3021582733813,2,15.3473792394656
"orng-01",7,2023,22.3021582733813,2,15.3473792394656
"orng-01",7,2024,22.3021582733813,2,15.3473792394656
"orng-01",7,2025,22.3021582733813,2,15.3473792394656
"orng-01",8,1999,16.4285714285714,2,21.207605344296
"orng-01",8,2000,16.4285714285714,2,21.0647482014388
"orng-01",8,2001,16.4285714285714,2,21.207605344296
"orng-01",8,2002,16.4285714285714,2,21.0637204522096
"orng-01",8,2003,16.4285714285714,2,21.0637204522096
"orng-01",8,2004,16.4285714285714,2,21.0637204522096
"orng-01",8,2005,16.4285714285714,2,20.9208633093525
"orng-01",8,2006,16.4285714285714,2,21.0637204522096
"orng-01",8,2007,11.4285714285714,2,20.0637204522096
"orng-01",8,2008,6.42857142857143,2,15.4830421377184
"orng-01",8,2009,6.42857142857143,2,15.1952723535457
"orng-01",8,2010,6.42857142857143,2,15.4830421377184
"orng-01",8,2011,6.42857142857143,2,15.3391572456321
"orng-01",8,2012,6.42857142857143,2,15.4830421377184
"orng-01",8,2013,5.71428571428571,2,15.3401849948613
"orng-01",8,2014,5,2,15.4850976361768
"orng-01",8,2015,5,2,15.4850976361768
"orng-01",8,2016,5,2,15.7728674203494
"orng-01",8,2017,5,2,16.0606372045221
"orng-01",8,2018,5,2,16.0606372045221
"orng-01",8,2019,5,2,16.0606372045221
"orng-01",8,2020,5,2,16.0606372045221
"orng-01",8,2021,5,2,15.917780061665
"orng-01",8,2022,5,2,15.3473792394656
"orng-01",8,2023,5,2,15.3473792394656
"orng-01",8,2024,5,2,15.3473792394656
"orng-01",8,2025,5,2,15.3473792394656
"orng-01",9,1999,19.2857142857142,2,21.207605344296
"orng-01",9,2000,19.2857142857142,2,21.0647482014388
"orng-01",9,2001,19.2857142857142,2,21.207605344296
"orng-01",9,2002,19.2857142857142,2,21.0637204522096
"orng-01",9,2003,19.2857142857142,2,21.0637204522096
"orng-01",9,2004,19.2857142857142,2,21.0637204522096
"orng-01",9,2005,19.2857142857142,2,20.9208633093525
"orng-01",9,2006,19.2857142857142,2,21.0637204522096
"orng-01",9,2007,19.2857142857142,2,20.0637204522096
"orng-01",9,2008,18.5714285714286,2,15.4830421377184
"orng-01",9,2009,18.5714285714286,2,15.1952723535457
"orng-01",9,2010,18.5714285714286,2,15.4830421377184
"orng-01",9,2011,18.5714285714286,2,15.3391572456321
"orng-01",9,2012,18.5714285714286,2,15.4830421377184
"orng-01",9,2013,18.5714285714286,2,15.3401849948613
"orng-01",9,2014,18.5714285714286,2,15.4850976361768
"orng-01",9,2015,18.5714285714286,2,15.4850976361768
"orng-01",9,2016,18.5714285714286,2,15.7728674203494
"orng-01",9,2017,18.5714285714286,2,16.0606372045221
"orng-01",9,2018,18.5714285714286,2,16.0606372045221
"orng-01",9,2019,18.5714285714286,2,16.0606372045221
"orng-01",9,2020,18.5714285714286,2,16.0606372045221
"orng-01",9,2021,18.5714285714286,2,15.917780061665
"orng-01",9,2022,18.5714285714286,2,15.3473792394656
"orng-01",9,2023,18.5714285714286,2,15.3473792394656
"orng-01",9,2024,18.5714285714286,2,15.3473792394656
"orng-01",9,2025,18.5714285714286,2,15.3473792394656
"orng-01",10,1999,21.5827338129497,2,21.207605344296
"orng-01",10,2000,21.5827338129497,2,21.0647482014388
"orng-01",10,2001,21.5827338129497,2,21.207605344296
"orng-01",10,2002,20.863309352518,2,21.0637204522096
"orng-01",10,2003,20.863309352518,2,21.0637204522096
"orng-01",10,2004,20.863309352518,2,21.0637204522096
"orng-01",10,2005,20.863309352518,2,20.9208633093525
"orng-01",10,2006,20.863309352518,2,21.0637204522096
"orng-01",10,2007,20.863309352518,2,20.0637204522096
"orng-01",10,2008,20.863309352518,2,15.4830421377184
"orng-01",10,2009,20.863309352518,2,15.1952723535457
"orng-01",10,2010,20.863309352518,2,15.4830421377184
"orng-01",10,2011,20.863309352518,2,15.3391572456321
"orng-01",10,2012,20.863309352518,2,15.4830421377184
"orng-01",10,2013,20.863309352518,2,15.3401849948613
"orng-01",10,2014,20.863309352518,2,15.4850976361768
"orng-01",10,2015,20.863309352518,2,15.4850976361768
"orng-01",10,2016,20.863309352518,2,15.7728674203494
"orng-01",10,2017,20.863309352518,2,16.0606372045221
"orng-01",10,2018,20.863309352518,2,16.0606372045221
"orng-01",10,2019,20.863309352518,2,16.0606372045221
"orng-01",10,2020,20.863309352518,2,16.0606372045221
"orng-01",10,2021,20.863309352518,2,15.917780061665
"orng-01",10,2022,20.863309352518,2,15.3473792394656
"orng-01",10,2023,20.863309352518,2,15.3473792394656
"orng-01",10,2024,20.863309352518,2,15.3473792394656
"orng-01",10,2025,20.863309352518,2,15.3473792394656
"orng-01",11,1999,31.8840579710145,3,33.163009964699
"orng-01",11,2000,31.8840579710145,3,33.163009964699
"orng-01",11,2001,31.8840579710145,3,33.4528650371628
"orng-01",11,2002,31.8840579710145,3,33.4528650371628
"orng-01",11,2003,31.8840579710145,3,34.3224302545541
"orng-01",11,2004,31.8840579710145,3,34.3224302545541
"orng-01",11,2005,31.8840579710145,3,34.3224302545541
"orng-01",11,2006,31.8840579710145,3,34.3224302545541
"orng-01",11,2007,31.8840579710145,3,34.6122853270179
"orng-01",11,2008,31.8840579710145,3,34.6122853270179
"orng-01",11,2009,31.8840579710145,3,34.6143557203926
"orng-01",11,2010,31.8840579710145,3,34.4694281841607
"orng-01",11,2011,31.8840579710145,3,34.6143557203926
"orng-01",11,2012,31.8840579710145,3,34.4694281841607
"orng-01",11,2013,31.8840579710145,3,34.3245006479289
"orng-01",11,2014,31.8840579710145,3,34.179573111697
"orng-01",11,2015,31.8840579710145,3,34.3245006479289
"orng-01",11,2016,31.8840579710145,3,34.0346455754651
"orng-01",11,2017,31.8840579710145,3,34.6143557203926
"orng-01",11,2018,31.8840579710145,3,34.0346455754651
"orng-01",11,2019,31.8840579710145,3,33.0201528218419
"orng-01",11,2020,31.8840579710145,3,31.7158049957549
"orng-01",11,2021,31.8840579710145,3,31.5708774595231
"orng-01",11,2022,31.8840579710145,3,31.5708774595231
"orng-01",11,2023,31.8840579710145,3,31.5708774595231
"orng-01",11,2024,31.8840579710145,3,30.5563847058999
"orng-01",11,2025,31.8840579710145,3,30.7013122421317
"orng-01",12,1999,33.3333333333333,3,33.163009964699
"orng-01",12,2000,33.3333333333333,3,33.163009964699
"orng-01",12,2001,33.3333333333333,3,33.4528650371628
"orng-01",12,2002,33.3333333333333,3,33.4528650371628
"orng-01",12,2003,33.3333333333333,3,34.3224302545541
"orng-01",12,2004,33.3333333333333,3,34.3224302545541
"orng-01",12,2005,33.3333333333333,3,34.3224302545541
"orng-01",12,2006,33.3333333333333,3,34.3224302545541
"orng-01",12,2007,33.3333333333333,3,34.6122853270179
"orng-01",12,2008,33.3333333333333,3,34.6122853270179
"orng-01",12,2009,33.3333333333333,3,34.6143557203926
"orng-01",12,2010,33.3333333333333,3,34.4694281841607
"orng-01",12,2011,33.3333333333333,3,34.6143557203926
"orng-01",12,2012,33.3333333333333,3,34.4694281841607
"orng-01",12,2013,33.3333333333333,3,34.3245006479289
"orng-01",12,2014,33.3333333333333,3,34.179573111697
"orng-01",12,2015,33.3333333333333,3,34.3245006479289
"orng-01",12,2016,33.3333333333333,3,34.0346455754651
"orng-01",12,2017,33.3333333333333,3,34.6143557203926
"orng-01",12,2018,33.3333333333333,3,34.0346455754651
"orng-01",12,2019,33.3333333333333,3,33.0201528218419
"orng-01",12,2020,26.0869565217391,3,31.7158049957549
"orng-01",12,2021,25.3623188405797,3,31.5708774595231
"orng-01",12,2022,25.3623188405797,3,31.5708774595231
"orng-01",12,2023,25.3623188405797,3,31.5708774595231
"orng-01",12,2024,25.3623188405797,3,30.5563847058999
"orng-01",12,2025,26.0869565217391,3,30.7013122421317
"orng-01",13,1999,32.1428571428571,3,33.163009964699
"orng-01",13,2000,32.1428571428571,3,33.163009964699
"orng-01",13,2001,32.1428571428571,3,33.4528650371628
"orng-01",13,2002,32.1428571428571,3,33.4528650371628
"orng-01",13,2003,32.1428571428571,3,34.3224302545541
"orng-01",13,2004,32.1428571428571,3,34.3224302545541
"orng-01",13,2005,32.1428571428571,3,34.3224302545541
"orng-01",13,2006,32.1428571428571,3,34.3224302545541
"orng-01",13,2007,32.1428571428571,3,34.6122853270179
"orng-01",13,2008,32.1428571428571,3,34.6122853270179
"orng-01",13,2009,31.4285714285714,3,34.6143557203926
"orng-01",13,2010,31.4285714285714,3,34.4694281841607
"orng-01",13,2011,31.4285714285714,3,34.6143557203926
"orng-01",13,2012,31.4285714285714,3,34.4694281841607
"orng-01",13,2013,31.4285714285714,3,34.3245006479289
"orng-01",13,2014,31.4285714285714,3,34.179573111697
"orng-01",13,2015,31.4285714285714,3,34.3245006479289
"orng-01",13,2016,31.4285714285714,3,34.0346455754651
"orng-01",13,2017,31.4285714285714,3,34.6143557203926
"orng-01",13,2018,31.4285714285714,3,34.0346455754651
"orng-01",13,2019,31.4285714285714,3,33.0201528218419
"orng-01",13,2020,31.4285714285714,3,31.7158049957549
"orng-01",13,2021,31.4285714285714,3,31.5708774595231
"orng-01",13,2022,31.4285714285714,3,31.5708774595231
"orng-01",13,2023,31.4285714285714,3,31.5708774595231
"orng-01",13,2024,31.4285714285714,3,30.5563847058999
"orng-01",13,2025,31.4285714285714,3,30.7013122421317
"orng-01",14,1999,53.2374100719424,3,33.163009964699
"orng-01",14,2000,53.2374100719424,3,33.163009964699
"orng-01",14,2001,53.2374100719424,3,33.4528650371628
"orng-01",14,2002,53.2374100719424,3,33.4528650371628
"orng-01",14,2003,53.2374100719424,3,34.3224302545541
"orng-01",14,2004,53.2374100719424,3,34.3224302545541
"orng-01",14,2005,53.2374100719424,3,34.3224302545541
"orng-01",14,2006,53.2374100719424,3,34.3224302545541
"orng-01",14,2007,53.2374100719424,3,34.6122853270179
"orng-01",14,2008,53.2374100719424,3,34.6122853270179
"orng-01",14,2009,53.2374100719424,3,34.6143557203926
"orng-01",14,2010,53.2374100719424,3,34.4694281841607
"orng-01",14,2011,53.2374100719424,3,34.6143557203926
"orng-01",14,2012,53.2374100719424,3,34.4694281841607
"orng-01",14,2013,53.2374100719424,3,34.3245006479289
"orng-01",14,2014,53.2374100719424,3,34.179573111697
"orng-01",14,2015,53.2374100719424,3,34.3245006479289
"orng-01",14,2016,53.2374100719424,3,34.0346455754651
"orng-01",14,2017,53.2374100719424,3,34.6143557203926
"orng-01",14,2018,53.2374100719424,3,34.0346455754651
"orng-01",14,2019,53.2374100719424,3,33.0201528218419
"orng-01",14,2020,53.2374100719424,3,31.7158049957549
"orng-01",14,2021,53.2374100719424,3,31.5708774595231
"orng-01",14,2022,53.2374100719424,3,31.5708774595231
"orng-01",14,2023,53.2374100719424,3,31.5708774595231
"orng-01",14,2024,53.2374100719424,3,30.5563847058999
"orng-01",14,2025,53.2374100719424,3,30.7013122421317
"orng-01",15,1999,15.2173913043478,3,33.163009964699
"orng-01",15,2000,15.2173913043478,3,33.163009964699
"orng-01",15,2001,16.6666666666666,3,33.4528650371628
"orng-01",15,2002,16.6666666666666,3,33.4528650371628
"orng-01",15,2003,21.0144927536231,3,34.3224302545541
"orng-01",15,2004,21.0144927536231,3,34.3224302545541
"orng-01",15,2005,21.0144927536231,3,34.3224302545541
"orng-01",15,2006,21.0144927536231,3,34.3224302545541
"orng-01",15,2007,22.463768115942,3,34.6122853270179
"orng-01",15,2008,22.463768115942,3,34.6122853270179
"orng-01",15,2009,23.1884057971014,3,34.6143557203926
"orng-01",15,2010,22.463768115942,3,34.4694281841607
"orng-01",15,2011,23.1884057971014,3,34.6143557203926
"orng-01",15,2012,22.463768115942,3,34.4694281841607
"orng-01",15,2013,21.7391304347826,3,34.3245006479289
"orng-01",15,2014,21.0144927536231,3,34.179573111697
"orng-01",15,2015,21.7391304347826,3,34.3245006479289
"orng-01",15,2016,20.2898550724637,3,34.0346455754651
"orng-01",15,2017,23.1884057971014,3,34.6143557203926
"orng-01",15,2018,20.2898550724637,3,34.0346455754651
"orng-01",15,2019,15.2173913043478,3,33.0201528218419
"orng-01",15,2020,15.9420289855072,3,31.7158049957549
"orng-01",15,2021,15.9420289855072,3,31.5708774595231
"orng-01",15,2022,15.9420289855072,3,31.5708774595231
"orng-01",15,2023,15.9420289855072,3,31.5708774595231
"orng-01",15,2024,10.8695652173913,3,30.5563847058999
"orng-01",15,2025,10.8695652173913,3,30.7013122421317
"orng-01",16,1999,23.7410071942446,4,30.1283785677481
"orng-01",16,2000,23.7410071942446,4,30.1283785677481
"orng-01",16,2001,23.7410071942446,4,30.1283785677481
"orng-01",16,2002,23.7410071942446,4,30.1283785677481
"orng-01",16,2003,23.7410071942446,4,30.1283785677481
"orng-01",16,2004,23.7410071942446,4,30.1283785677481
"orng-01",16,2005,23.7410071942446,4,30.1283785677481
"orng-01",16,2006,23.7410071942446,4,30.1283785677481
"orng-01",16,2007,23.7410071942446,4,30.1283785677481
"orng-01",16,2008,23.7410071942446,4,30.1283785677481
"orng-01",16,2009,23.7410071942446,4,30.1283785677481
"orng-01",16,2010,23.7410071942446,4,30.1283785677481
"orng-01",16,2011,23.7410071942446,4,30.1283785677481
"orng-01",16,2012,23.7410071942446,4,30.1283785677481
"orng-01",16,2013,23.7410071942446,4,30.1283785677481
"orng-01",16,2014,23.7410071942446,4,30.1283785677481
"orng-01",16,2015,23.7410071942446,4,30.1283785677481
"orng-01",16,2016,23.7410071942446,4,30.1283785677481
"orng-01",16,2017,23.7410071942446,4,30.1283785677481
"orng-01",16,2018,23.7410071942446,4,30.1283785677481
"orng-01",16,2019,23.7410071942446,4,30.1283785677481
"orng-01",16,2020,23.7410071942446,4,30.1283785677481
"orng-01",16,2021,23.7410071942446,4,30.1283785677481
"orng-01",16,2022,23.7410071942446,4,30.1283785677481
"orng-01",16,2023,23.7410071942446,4,30.1283785677481
"orng-01",16,2024,23.7410071942446,4,30.1283785677481
"orng-01",16,2025,23.7410071942446,4,30.1283785677481
"orng-01",18,1999,79.8561151079137,4,30.1283785677481
"orng-01",18,2000,79.8561151079137,4,30.1283785677481
"orng-01",18,2001,79.8561151079137,4,30.1283785677481
"orng-01",18,2002,79.8561151079137,4,30.1283785677481
"orng-01",18,2003,79.8561151079137,4,30.1283785677481
"orng-01",18,2004,79.8561151079137,4,30.1283785677481
"orng-01",18,2005,79.8561151079137,4,30.1283785677481
"orng-01",18,2006,79.8561151079137,4,30.1283785677481
"orng-01",18,2007,79.8561151079137,4,30.1283785677481
"orng-01",18,2008,79.8561151079137,4,30.1283785677481
"orng-01",18,2009,79.8561151079137,4,30.1283785677481
"orng-01",18,2010,79.8561151079137,4,30.1283785677481
"orng-01",18,2011,79.8561151079137,4,30.1283785677481
"orng-01",18,2012,79.8561151079137,4,30.1283785677481
"orng-01",18,2013,79.8561151079137,4,30.1283785677481
"orng-01",18,2014,79.8561151079137,4,30.1283785677481
"orng-01",18,2015,79.8561151079137,4,30.1283785677481
"orng-01",18,2016,79.8561151079137,4,30.1283785677481
"orng-01",18,2017,79.8561151079137,4,30.1283785677481
"orng-01",18,2018,79.8561151079137,4,30.1283785677481
"orng-01",18,2019,79.8561151079137,4,30.1283785677481
"orng-01",18,2020,79.8561151079137,4,30.1283785677481
"orng-01",18,2021,79.8561151079137,4,30.1283785677481
"orng-01",18,2022,79.8561151079137,4,30.1283785677481
"orng-01",18,2023,79.8561151079137,4,30.1283785677481
"orng-01",18,2024,79.8561151079137,4,30.1283785677481
"orng-01",18,2025,79.8561151079137,4,30.1283785677481
"orng-01",19,1999,14.7887323943662,4,30.1283785677481
"orng-01",19,2000,14.7887323943662,4,30.1283785677481
"orng-01",19,2001,14.7887323943662,4,30.1283785677481
"orng-01",19,2002,14.7887323943662,4,30.1283785677481
"orng-01",19,2003,14.7887323943662,4,30.1283785677481
"orng-01",19,2004,14.7887323943662,4,30.1283785677481
"orng-01",19,2005,14.7887323943662,4,30.1283785677481
"orng-01",19,2006,14.7887323943662,4,30.1283785677481
"orng-01",19,2007,14.7887323943662,4,30.1283785677481
"orng-01",19,2008,14.7887323943662,4,30.1283785677481
"orng-01",19,2009,14.7887323943662,4,30.1283785677481
"orng-01",19,2010,14.7887323943662,4,30.1283785677481
"orng-01",19,2011,14.7887323943662,4,30.1283785677481
"orng-01",19,2012,14.7887323943662,4,30.1283785677481
"orng-01",19,2013,14.7887323943662,4,30.1283785677481
"orng-01",19,2014,14.7887323943662,4,30.1283785677481
"orng-01",19,2015,14.7887323943662,4,30.1283785677481
"orng-01",19,2016,14.7887323943662,4,30.1283785677481
"orng-01",19,2017,14.7887323943662,4,30.1283785677481
"orng-01",19,2018,14.7887323943662,4,30.1283785677481
"orng-01",19,2019,14.7887323943662,4,30.1283785677481
"orng-01",19,2020,14.7887323943662,4,30.1283785677481
"orng-01",19,2021,14.7887323943662,4,30.1283785677481
"orng-01",19,2022,14.7887323943662,4,30.1283785677481
"orng-01",19,2023,14.7887323943662,4,30.1283785677481
"orng-01",19,2024,14.7887323943662,4,30.1283785677481
"orng-01",19,2025,14.7887323943662,4,30.1283785677481
"orng-01",20,1999,2.12765957446809,4,30.1283785677481
"orng-01",20,2000,2.12765957446809,4,30.1283785677481
"orng-01",20,2001,2.12765957446809,4,30.1283785677481
"orng-01",20,2002,2.12765957446809,4,30.1283785677481
"orng-01",20,2003,2.12765957446809,4,30.1283785677481
"orng-01",20,2004,2.12765957446809,4,30.1283785677481
"orng-01",20,2005,2.12765957446809,4,30.1283785677481
"orng-01",20,2006,2.12765957446809,4,30.1283785677481
"orng-01",20,2007,2.12765957446809,4,30.1283785677481
"orng-01",20,2008,2.12765957446809,4,30.1283785677481
"orng-01",20,2009,2.12765957446809,4,30.1283785677481
"orng-01",20,2010,2.12765957446809,4,30.1283785677481
"orng-01",20,2011,2.12765957446809,4,30.1283785677481
"orng-01",20,2012,2.12765957446809,4,30.1283785677481
"orng-01",20,2013,2.12765957446809,4,30.1283785677481
"orng-01",20,2014,2.12765957446809,4,30.1283785677481
"orng-01",20,2015,2.12765957446809,4,30.1283785677481
"orng-01",20,2016,2.12765957446809,4,30.1283785677481
"orng-01",20,2017,2.12765957446809,4,30.1283785677481
"orng-01",20,2018,2.12765957446809,4,30.1283785677481
"orng-01",20,2019,2.12765957446809,4,30.1283785677481
"orng-01",20,2020,2.12765957446809,4,30.1283785677481
"orng-01",20,2021,2.12765957446809,4,30.1283785677481
"orng-01",20,2022,2.12765957446809,4,30.1283785677481
"orng-01",20,2023,2.12765957446809,4,30.1283785677481
"orng-01",20,2024,2.12765957446809,4,30.1283785677481
"orng-01",20,2025,2.12765957446809,4,30.1283785677481
"orng-02",1,1999,36.6906474820144,1,63.7918137539658
"orng-02",1,2000,36.6906474820144,1,63.6468862177339
"orng-02",1,2001,33.0935251798561,1,62.9274617573022
"orng-02",1,2002,14.3884892086331,1,58.0270342732025
"orng-02",1,2003,15.1079136690647,1,58.3158467015208
"orng-02",1,2004,14.3884892086331,1,58.3168893456663
"orng-02",1,2005,12.9496402877698,1,58.0291195614936
"orng-02",1,2006,12.9496402877698,1,58.1740470977255
"orng-02",1,2007,13.6690647482014,1,58.4628595260438
"orng-02",1,2008,18.705035971223,1,59.3251262344162
"orng-02",1,2009,25.1798561151079,1,60.6200902631931
"orng-02",1,2010,27.3381294964029,1,61.0517449394521
"orng-02",1,2011,28.0575539568345,1,61.1956298315385
"orng-02",1,2012,32.3741007194245,1,62.0589391840565
"orng-02",1,2013,33.0935251798562,1,62.2028240761428
"orng-02",1,2014,33.0935251798562,1,62.0589391840565
"orng-02",1,2015,33.0935251798562,1,62.0599669332857
"orng-02",1,2016,33.0935251798562,1,62.0599669332857
"orng-02",1,2017,33.0935251798562,1,61.9171097904285
"orng-02",1,2018,33.0935251798562,1,61.9171097904285
"orng-02",1,2019,33.0935251798562,1,61.9171097904285
"orng-02",1,2020,33.8129496402878,1,62.0609946825148
"orng-02",1,2021,33.0935251798562,1,61.9171097904285
"orng-02",1,2022,33.8129496402878,1,60.7566468564279
"orng-02",1,2023,33.8129496402878,1,60.7566468564279
"orng-02",1,2024,33.8129496402878,1,60.4688770722552
"orng-02",1,2025,33.0935251798562,1,58.0238765509332
"orng-02",2,1999,64.4927536231884,1,63.7918137539658
"orng-02",2,2000,64.4927536231884,1,63.6468862177339
"orng-02",2,2001,64.4927536231884,1,62.9274617573022
"orng-02",2,2002,58.695652173913,1,58.0270342732025
"orng-02",2,2003,59.4202898550725,1,58.3158467015208
"orng-02",2,2004,60.1449275362319,1,58.3168893456663
"orng-02",2,2005,61.5942028985507,1,58.0291195614936
"orng-02",2,2006,62.3188405797102,1,58.1740470977255
"orng-02",2,2007,63.768115942029,1,58.4628595260438
"orng-02",2,2008,64.4927536231884,1,59.3251262344162
"orng-02",2,2009,64.4927536231884,1,60.6200902631931
"orng-02",2,2010,64.4927536231884,1,61.0517449394521
"orng-02",2,2011,64.4927536231884,1,61.1956298315385
"orng-02",2,2012,64.4927536231884,1,62.0589391840565
"orng-02",2,2013,64.4927536231884,1,62.2028240761428
"orng-02",2,2014,64.4927536231884,1,62.0589391840565
"orng-02",2,2015,64.4927536231884,1,62.0599669332857
"orng-02",2,2016,64.4927536231884,1,62.0599669332857
"orng-02",2,2017,64.4927536231884,1,61.9171097904285
"orng-02",2,2018,64.4927536231884,1,61.9171097904285
"orng-02",2,2019,64.4927536231884,1,61.9171097904285
"orng-02",2,2020,64.4927536231884,1,62.0609946825148
"orng-02",2,2021,64.4927536231884,1,61.9171097904285
"orng-02",2,2022,57.9710144927537,1,60.7566468564279
"orng-02",2,2023,57.9710144927537,1,60.7566468564279
"orng-02",2,2024,57.9710144927537,1,60.4688770722552
"orng-02",2,2025,58.6956521739131,1,58.0238765509332
"orng-02",3,1999,74.1007194244604,1,63.7918137539658
"orng-02",3,2000,74.1007194244604,1,63.6468862177339
"orng-02",3,2001,74.1007194244604,1,62.9274617573022
"orng-02",3,2002,74.1007194244604,1,58.0270342732025
"orng-02",3,2003,74.1007194244604,1,58.3158467015208
"orng-02",3,2004,74.1007194244604,1,58.3168893456663
"orng-02",3,2005,74.1007194244604,1,58.0291195614936
"orng-02",3,2006,74.1007194244604,1,58.1740470977255
"orng-02",3,2007,74.1007194244604,1,58.4628595260438
"orng-02",3,2008,74.1007194244604,1,59.3251262344162
"orng-02",3,2009,74.1007194244604,1,60.6200902631931
"orng-02",3,2010,74.1007194244604,1,61.0517449394521
"orng-02",3,2011,74.1007194244604,1,61.1956298315385
"orng-02",3,2012,74.1007194244604,1,62.0589391840565
"orng-02",3,2013,74.1007194244604,1,62.2028240761428
"orng-02",3,2014,73.3812949640287,1,62.0589391840565
"orng-02",3,2015,74.1007194244604,1,62.0599669332857
"orng-02",3,2016,74.1007194244604,1,62.0599669332857
"orng-02",3,2017,74.1007194244604,1,61.9171097904285
"orng-02",3,2018,74.1007194244604,1,61.9171097904285
"orng-02",3,2019,74.1007194244604,1,61.9171097904285
"orng-02",3,2020,74.1007194244604,1,62.0609946825148
"orng-02",3,2021,74.1007194244604,1,61.9171097904285
"orng-02",3,2022,74.1007194244604,1,60.7566468564279
"orng-02",3,2023,74.1007194244604,1,60.7566468564279
"orng-02",3,2024,72.6618705035971,1,60.4688770722552
"orng-02",3,2025,60.431654676259,1,58.0238765509332
"orng-02",4,1999,86.4285714285714,1,63.7918137539658
"orng-02",4,2000,86.4285714285714,1,63.6468862177339
"orng-02",4,2001,86.4285714285714,1,62.9274617573022
"orng-02",4,2002,86.4285714285714,1,58.0270342732025
"orng-02",4,2003,86.4285714285714,1,58.3158467015208
"orng-02",4,2004,86.4285714285714,1,58.3168893456663
"orng-02",4,2005,86.4285714285714,1,58.0291195614936
"orng-02",4,2006,86.4285714285714,1,58.1740470977255
"orng-02",4,2007,86.4285714285714,1,58.4628595260438
"orng-02",4,2008,86.4285714285714,1,59.3251262344162
"orng-02",4,2009,86.4285714285714,1,60.6200902631931
"orng-02",4,2010,86.4285714285714,1,61.0517449394521
"orng-02",4,2011,86.4285714285714,1,61.1956298315385
"orng-02",4,2012,86.4285714285714,1,62.0589391840565
"orng-02",4,2013,86.4285714285714,1,62.2028240761428
"orng-02",4,2014,86.4285714285714,1,62.0589391840565
"orng-02",4,2015,85.7142857142857,1,62.0599669332857
"orng-02",4,2016,85.7142857142857,1,62.0599669332857
"orng-02",4,2017,85,1,61.9171097904285
"orng-02",4,2018,85,1,61.9171097904285
"orng-02",4,2019,85,1,61.9171097904285
"orng-02",4,2020,85,1,62.0609946825148
"orng-02",4,2021,85,1,61.9171097904285
"orng-02",4,2022,85,1,60.7566468564279
"orng-02",4,2023,85,1,60.7566468564279
"orng-02",4,2024,85,1,60.4688770722552
"orng-02",4,2025,85,1,58.0238765509332
"orng-02",5,1999,57.2463768115942,1,63.7918137539658
"orng-02",5,2000,56.5217391304348,1,63.6468862177339
"orng-02",5,2001,56.5217391304348,1,62.9274617573022
"orng-02",5,2002,56.5217391304348,1,58.0270342732025
"orng-02",5,2003,56.5217391304348,1,58.3158467015208
"orng-02",5,2004,56.5217391304348,1,58.3168893456663
"orng-02",5,2005,55.0724637681159,1,58.0291195614936
"orng-02",5,2006,55.0724637681159,1,58.1740470977255
"orng-02",5,2007,54.3478260869565,1,58.4628595260438
"orng-02",5,2008,52.8985507246376,1,59.3251262344162
"orng-02",5,2009,52.8985507246376,1,60.6200902631931
"orng-02",5,2010,52.8985507246376,1,61.0517449394521
"orng-02",5,2011,52.8985507246376,1,61.1956298315385
"orng-02",5,2012,52.8985507246376,1,62.0589391840565
"orng-02",5,2013,52.8985507246376,1,62.2028240761428
"orng-02",5,2014,52.8985507246376,1,62.0589391840565
"orng-02",5,2015,52.8985507246376,1,62.0599669332857
"orng-02",5,2016,52.8985507246376,1,62.0599669332857
"orng-02",5,2017,52.8985507246376,1,61.9171097904285
"orng-02",5,2018,52.8985507246376,1,61.9171097904285
"orng-02",5,2019,52.8985507246376,1,61.9171097904285
"orng-02",5,2020,52.8985507246376,1,62.0609946825148
"orng-02",5,2021,52.8985507246376,1,61.9171097904285
"orng-02",5,2022,52.8985507246376,1,60.7566468564279
"orng-02",5,2023,52.8985507246376,1,60.7566468564279
"orng-02",5,2024,52.8985507246376,1,60.4688770722552
"orng-02",5,2025,52.8985507246376,1,58.0238765509332
"orng-02",6,1999,33.8129496402878,2,31.1151079136691
"orng-02",6,2000,33.8129496402878,2,31.1151079136691
"orng-02",6,2001,33.8129496402878,2,30.9352517985611
"orng-02",6,2002,33.8129496402878,2,31.1151079136691
"orng-02",6,2003,33.8129496402878,2,31.1151079136691
"orng-02",6,2004,33.8129496402878,2,31.1151079136691
"orng-02",6,2005,33.8129496402878,2,30.7553956834532
"orng-02",6,2006,33.8129496402878,2,30.7553956834532
"orng-02",6,2007,33.8129496402878,2,30.7553956834532
"orng-02",6,2008,33.8129496402878,2,30.7553956834532
"orng-02",6,2009,33.8129496402878,2,30.7553956834532
"orng-02",6,2010,33.8129496402878,2,30.7553956834532
"orng-02",6,2011,33.8129496402878,2,30.7553956834532
"orng-02",6,2012,33.8129496402878,2,30.9352517985612
"orng-02",6,2013,33.0935251798561,2,30.5755395683453
"orng-02",6,2014,33.0935251798561,2,30.5755395683453
"orng-02",6,2015,33.0935251798561,2,30.5755395683453
"orng-02",6,2016,33.0935251798562,2,30.5755395683453
"orng-02",6,2017,30.9352517985612,2,30.0359712230216
"orng-02",6,2018,30.9352517985612,2,30.0359712230216
"orng-02",6,2019,31.6546762589928,2,30.2158273381295
"orng-02",6,2020,33.0935251798561,2,30.5755395683453
"orng-02",6,2021,33.0935251798561,2,30.5755395683453
"orng-02",6,2022,33.0935251798561,2,30.5755395683453
"orng-02",6,2023,33.0935251798561,2,30.5755395683453
"orng-02",6,2024,33.0935251798561,2,30.5755395683453
"orng-02",6,2025,32.3741007194245,2,30.3956834532374
"orng-02",7,1999,61.1510791366907,2,31.1151079136691
"orng-02",7,2000,61.1510791366907,2,31.1151079136691
"orng-02",7,2001,60.431654676259,2,30.9352517985611
"orng-02",7,2002,61.1510791366906,2,31.1151079136691
"orng-02",7,2003,61.1510791366906,2,31.1151079136691
"orng-02",7,2004,61.1510791366906,2,31.1151079136691
"orng-02",7,2005,59.7122302158273,2,30.7553956834532
"orng-02",7,2006,59.7122302158273,2,30.7553956834532
"orng-02",7,2007,59.7122302158273,2,30.7553956834532
"orng-02",7,2008,59.7122302158273,2,30.7553956834532
"orng-02",7,2009,59.7122302158273,2,30.7553956834532
"orng-02",7,2010,59.7122302158273,2,30.7553956834532
"orng-02",7,2011,59.7122302158273,2,30.7553956834532
"orng-02",7,2012,60.431654676259,2,30.9352517985612
"orng-02",7,2013,59.7122302158273,2,30.5755395683453
"orng-02",7,2014,59.7122302158273,2,30.5755395683453
"orng-02",7,2015,59.7122302158273,2,30.5755395683453
"orng-02",7,2016,59.7122302158273,2,30.5755395683453
"orng-02",7,2017,59.7122302158273,2,30.0359712230216
"orng-02",7,2018,59.7122302158273,2,30.0359712230216
"orng-02",7,2019,59.7122302158273,2,30.2158273381295
"orng-02",7,2020,59.7122302158273,2,30.5755395683453
"orng-02",7,2021,59.7122302158273,2,30.5755395683453
"orng-02",7,2022,59.7122302158273,2,30.5755395683453
"orng-02",7,2023,59.7122302158273,2,30.5755395683453
"orng-02",7,2024,59.7122302158273,2,30.5755395683453
"orng-02",7,2025,59.7122302158273,2,30.3956834532374
"orng-02",8,1999,5.03597122302157,2,31.1151079136691
"orng-02",8,2000,5.03597122302157,2,31.1151079136691
"orng-02",8,2001,5.03597122302157,2,30.9352517985611
"orng-02",8,2002,5.03597122302157,2,31.1151079136691
"orng-02",8,2003,5.03597122302157,2,31.1151079136691
"orng-02",8,2004,5.03597122302157,2,31.1151079136691
"orng-02",8,2005,5.03597122302157,2,30.7553956834532
"orng-02",8,2006,5.03597122302157,2,30.7553956834532
"orng-02",8,2007,5.03597122302157,2,30.7553956834532
"orng-02",8,2008,5.03597122302157,2,30.7553956834532
"orng-02",8,2009,5.03597122302157,2,30.7553956834532
"orng-02",8,2010,5.03597122302157,2,30.7553956834532
"orng-02",8,2011,5.03597122302157,2,30.7553956834532
"orng-02",8,2012,5.03597122302157,2,30.9352517985612
"orng-02",8,2013,5.03597122302157,2,30.5755395683453
"orng-02",8,2014,5.03597122302157,2,30.5755395683453
"orng-02",8,2015,5.03597122302157,2,30.5755395683453
"orng-02",8,2016,5.03597122302157,2,30.5755395683453
"orng-02",8,2017,5.03597122302157,2,30.0359712230216
"orng-02",8,2018,5.03597122302157,2,30.0359712230216
"orng-02",8,2019,5.03597122302157,2,30.2158273381295
"orng-02",8,2020,5.03597122302157,2,30.5755395683453
"orng-02",8,2021,5.03597122302157,2,30.5755395683453
"orng-02",8,2022,5.03597122302157,2,30.5755395683453
"orng-02",8,2023,5.03597122302157,2,30.5755395683453
"orng-02",8,2024,5.03597122302157,2,30.5755395683453
"orng-02",8,2025,5.03597122302157,2,30.3956834532374
"orng-02",9,1999,24.4604316546763,2,31.1151079136691
"orng-02",9,2000,24.4604316546763,2,31.1151079136691
"orng-02",9,2001,24.4604316546763,2,30.9352517985611
"orng-02",9,2002,24.4604316546763,2,31.1151079136691
"orng-02",9,2003,24.4604316546763,2,31.1151079136691
"orng-02",9,2004,24.4604316546763,2,31.1151079136691
"orng-02",9,2005,24.4604316546763,2,30.7553956834532
"orng-02",9,2006,24.4604316546763,2,30.7553956834532
"orng-02",9,2007,24.4604316546763,2,30.7553956834532
"orng-02",9,2008,24.4604316546763,2,30.7553956834532
"orng-02",9,2009,24.4604316546763,2,30.7553956834532
"orng-02",9,2010,24.4604316546763,2,30.7553956834532
"orng-02",9,2011,24.4604316546763,2,30.7553956834532
"orng-02",9,2012,24.4604316546763,2,30.9352517985612
"orng-02",9,2013,24.4604316546763,2,30.5755395683453
"orng-02",9,2014,24.4604316546763,2,30.5755395683453
"orng-02",9,2015,24.4604316546763,2,30.5755395683453
"orng-02",9,2016,24.4604316546763,2,30.5755395683453
"orng-02",9,2017,24.4604316546763,2,30.0359712230216
"orng-02",9,2018,24.4604316546763,2,30.0359712230216
"orng-02",9,2019,24.4604316546763,2,30.2158273381295
"orng-02",9,2020,24.4604316546763,2,30.5755395683453
"orng-02",9,2021,24.4604316546763,2,30.5755395683453
"orng-02",9,2022,24.4604316546763,2,30.5755395683453
"orng-02",9,2023,24.4604316546763,2,30.5755395683453
"orng-02",9,2024,24.4604316546763,2,30.5755395683453
"orng-02",9,2025,24.4604316546763,2,30.3956834532374
"orng-02",11,1999,50.7246376811595,3,40.1980507446969
"orng-02",11,2000,51.4492753623188,3,40.3429782809288
"orng-02",11,2001,50.7246376811594,3,40.1980507446969
"orng-02",11,2002,50.7246376811594,3,40.1980507446969
"orng-02",11,2003,50.7246376811594,3,40.1980507446969
"orng-02",11,2004,50.7246376811594,3,40.1980507446969
"orng-02",11,2005,50.7246376811594,3,40.1980507446969
"orng-02",11,2006,50.7246376811594,3,40.1980507446969
"orng-02",11,2007,51.4492753623188,3,40.3429782809288
"orng-02",11,2008,51.4492753623188,3,40.3429782809288
"orng-02",11,2009,51.4492753623188,3,38.4858354237859
"orng-02",11,2010,51.4492753623188,3,38.4858354237859
"orng-02",11,2011,51.4492753623188,3,38.4837650304112
"orng-02",11,2012,51.4492753623188,3,37.9040548854836
"orng-02",11,2013,51.4492753623188,3,37.9040548854836
"orng-02",11,2014,51.4492753623188,3,38.332626314055
"orng-02",11,2015,51.4492753623188,3,38.9040548854836
"orng-02",11,2016,51.4492753623188,3,39.1876987778232
"orng-02",11,2017,52.1739130434782,3,39.1876987778232
"orng-02",11,2018,52.1739130434782,3,39.1876987778232
"orng-02",11,2019,52.1739130434782,3,39.477553850287
"orng-02",11,2020,52.1739130434782,3,39.765338529376
"orng-02",11,2021,52.1739130434782,3,39.765338529376
"orng-02",11,2022,52.1739130434782,3,39.765338529376
"orng-02",11,2023,52.1739130434782,3,40.2001211380716
"orng-02",11,2024,52.1739130434782,3,40.2001211380716
"orng-02",11,2025,52.1739130434782,3,40.2001211380716
"orng-02",12,1999,51.0948905109489,3,40.1980507446969
"orng-02",12,2000,51.0948905109489,3,40.3429782809288
"orng-02",12,2001,51.0948905109489,3,40.1980507446969
"orng-02",12,2002,51.0948905109489,3,40.1980507446969
"orng-02",12,2003,51.0948905109489,3,40.1980507446969
"orng-02",12,2004,51.0948905109489,3,40.1980507446969
"orng-02",12,2005,51.0948905109489,3,40.1980507446969
"orng-02",12,2006,51.0948905109489,3,40.1980507446969
"orng-02",12,2007,51.0948905109489,3,40.3429782809288
"orng-02",12,2008,51.0948905109489,3,40.3429782809288
"orng-02",12,2009,51.0948905109489,3,38.4858354237859
"orng-02",12,2010,51.0948905109489,3,38.4858354237859
"orng-02",12,2011,51.0948905109489,3,38.4837650304112
"orng-02",12,2012,51.0948905109489,3,37.9040548854836
"orng-02",12,2013,51.0948905109489,3,37.9040548854836
"orng-02",12,2014,51.0948905109489,3,38.332626314055
"orng-02",12,2015,51.0948905109489,3,38.9040548854836
"orng-02",12,2016,51.0948905109489,3,39.1876987778232
"orng-02",12,2017,51.0948905109489,3,39.1876987778232
"orng-02",12,2018,51.0948905109489,3,39.1876987778232
"orng-02",12,2019,51.0948905109489,3,39.477553850287
"orng-02",12,2020,51.0948905109489,3,39.765338529376
"orng-02",12,2021,51.0948905109489,3,39.765338529376
"orng-02",12,2022,51.0948905109489,3,39.765338529376
"orng-02",12,2023,51.0948905109489,3,40.2001211380716
"orng-02",12,2024,51.0948905109489,3,40.2001211380716
"orng-02",12,2025,51.0948905109489,3,40.2001211380716
"orng-02",13,1999,31.1594202898551,3,40.1980507446969
"orng-02",13,2000,31.1594202898551,3,40.3429782809288
"orng-02",13,2001,31.1594202898551,3,40.1980507446969
"orng-02",13,2002,31.1594202898551,3,40.1980507446969
"orng-02",13,2003,31.1594202898551,3,40.1980507446969
"orng-02",13,2004,31.1594202898551,3,40.1980507446969
"orng-02",13,2005,31.1594202898551,3,40.1980507446969
"orng-02",13,2006,31.1594202898551,3,40.1980507446969
"orng-02",13,2007,31.1594202898551,3,40.3429782809288
"orng-02",13,2008,31.1594202898551,3,40.3429782809288
"orng-02",13,2009,31.1594202898551,3,38.4858354237859
"orng-02",13,2010,31.1594202898551,3,38.4858354237859
"orng-02",13,2011,30.4347826086957,3,38.4837650304112
"orng-02",13,2012,27.5362318840579,3,37.9040548854836
"orng-02",13,2013,27.5362318840579,3,37.9040548854836
"orng-02",13,2014,27.5362318840579,3,38.332626314055
"orng-02",13,2015,27.5362318840579,3,38.9040548854836
"orng-02",13,2016,26.8115942028985,3,39.1876987778232
"orng-02",13,2017,26.0869565217391,3,39.1876987778232
"orng-02",13,2018,26.0869565217391,3,39.1876987778232
"orng-02",13,2019,27.536231884058,3,39.477553850287
"orng-02",13,2020,28.2608695652174,3,39.765338529376
"orng-02",13,2021,28.2608695652174,3,39.765338529376
"orng-02",13,2022,28.2608695652174,3,39.765338529376
"orng-02",13,2023,30.4347826086956,3,40.2001211380716
"orng-02",13,2024,30.4347826086956,3,40.2001211380716
"orng-02",13,2025,30.4347826086956,3,40.2001211380716
"orng-02",14,1999,21.5827338129497,3,40.1980507446969
"orng-02",14,2000,21.5827338129497,3,40.3429782809288
"orng-02",14,2001,21.5827338129497,3,40.1980507446969
"orng-02",14,2002,21.5827338129497,3,40.1980507446969
"orng-02",14,2003,21.5827338129497,3,40.1980507446969
"orng-02",14,2004,21.5827338129497,3,40.1980507446969
"orng-02",14,2005,21.5827338129497,3,40.1980507446969
"orng-02",14,2006,21.5827338129497,3,40.1980507446969
"orng-02",14,2007,21.5827338129497,3,40.3429782809288
"orng-02",14,2008,21.5827338129497,3,40.3429782809288
"orng-02",14,2009,21.5827338129497,3,38.4858354237859
"orng-02",14,2010,21.5827338129497,3,38.4858354237859
"orng-02",14,2011,21.5827338129497,3,38.4837650304112
"orng-02",14,2012,21.5827338129497,3,37.9040548854836
"orng-02",14,2013,21.5827338129497,3,37.9040548854836
"orng-02",14,2014,21.5827338129497,3,38.332626314055
"orng-02",14,2015,21.5827338129497,3,38.9040548854836
"orng-02",14,2016,21.5827338129497,3,39.1876987778232
"orng-02",14,2017,21.5827338129497,3,39.1876987778232
"orng-02",14,2018,21.5827338129497,3,39.1876987778232
"orng-02",14,2019,21.5827338129497,3,39.477553850287
"orng-02",14,2020,21.5827338129497,3,39.765338529376
"orng-02",14,2021,21.5827338129497,3,39.765338529376
"orng-02",14,2022,21.5827338129497,3,39.765338529376
"orng-02",14,2023,21.5827338129497,3,40.2001211380716
"orng-02",14,2024,21.5827338129497,3,40.2001211380716
"orng-02",14,2025,21.5827338129497,3,40.2001211380716
"orng-02",15,1999,46.4285714285714,3,40.1980507446969
"orng-02",15,2000,46.4285714285714,3,40.3429782809288
"orng-02",15,2001,46.4285714285714,3,40.1980507446969
"orng-02",15,2002,46.4285714285714,3,40.1980507446969
"orng-02",15,2003,46.4285714285714,3,40.1980507446969
"orng-02",15,2004,46.4285714285714,3,40.1980507446969
"orng-02",15,2005,46.4285714285714,3,40.1980507446969
"orng-02",15,2006,46.4285714285714,3,40.1980507446969
"orng-02",15,2007,46.4285714285714,3,40.3429782809288
"orng-02",15,2008,46.4285714285714,3,40.3429782809288
"orng-02",15,2009,37.1428571428572,3,38.4858354237859
"orng-02",15,2010,37.1428571428572,3,38.4858354237859
"orng-02",15,2011,37.8571428571429,3,38.4837650304112
"orng-02",15,2012,37.8571428571429,3,37.9040548854836
"orng-02",15,2013,37.8571428571429,3,37.9040548854836
"orng-02",15,2014,40,3,38.332626314055
"orng-02",15,2015,42.8571428571429,3,38.9040548854836
"orng-02",15,2016,45,3,39.1876987778232
"orng-02",15,2017,45,3,39.1876987778232
"orng-02",15,2018,45,3,39.1876987778232
"orng-02",15,2019,45,3,39.477553850287
"orng-02",15,2020,45.7142857142857,3,39.765338529376
"orng-02",15,2021,45.7142857142857,3,39.765338529376
"orng-02",15,2022,45.7142857142857,3,39.765338529376
"orng-02",15,2023,45.7142857142857,3,40.2001211380716
"orng-02",15,2024,45.7142857142857,3,40.2001211380716
"orng-02",15,2025,45.7142857142857,3,40.2001211380716
"orng-02",16,1999,47.1428571428571,4,52.3990584460487
"orng-02",16,2000,47.1428571428571,4,52.3990584460487
"orng-02",16,2001,47.1428571428571,4,52.3990584460487
"orng-02",16,2002,47.1428571428571,4,52.3990584460487
"orng-02",16,2003,47.1428571428571,4,52.3990584460487
"orng-02",16,2004,47.1428571428571,4,52.3990584460487
"orng-02",16,2005,47.1428571428571,4,52.3990584460487
"orng-02",16,2006,47.1428571428571,4,52.3990584460487
"orng-02",16,2007,47.1428571428571,4,52.2541309098169
"orng-02",16,2008,47.1428571428571,4,50.8326076289041
"orng-02",16,2009,47.1428571428571,4,50.8326076289041
"orng-02",16,2010,47.1428571428571,4,50.9744516005353
"orng-02",16,2011,47.1428571428571,4,49.6647244172253
"orng-02",16,2012,47.1428571428571,4,49.6647244172253
"orng-02",16,2013,47.1428571428571,4,49.8065683888565
"orng-02",16,2014,47.1428571428571,4,49.8065683888565
"orng-02",16,2015,47.1428571428571,4,49.9525537903164
"orng-02",16,2016,47.1428571428571,4,44.0146662346378
"orng-02",16,2017,47.1428571428571,4,44.6007235709331
"orng-02",16,2018,47.1428571428571,4,44.745651107165
"orng-02",16,2019,47.1428571428571,4,44.745651107165
"orng-02",16,2020,47.1428571428571,4,44.745651107165
"orng-02",16,2021,47.1428571428571,4,44.8936622079975
"orng-02",16,2022,47.1428571428571,4,45.618299889157
"orng-02",16,2023,47.1428571428571,4,47.5023578601715
"orng-02",16,2024,47.1428571428571,4,49.0965607587222
"orng-02",16,2025,47.1428571428571,4,48.3719230775628
"orng-02",17,1999,61.7021276595745,4,52.3990584460487
"orng-02",17,2000,61.7021276595745,4,52.3990584460487
"orng-02",17,2001,61.7021276595745,4,52.3990584460487
"orng-02",17,2002,61.7021276595745,4,52.3990584460487
"orng-02",17,2003,61.7021276595745,4,52.3990584460487
"orng-02",17,2004,61.7021276595745,4,52.3990584460487
"orng-02",17,2005,61.7021276595745,4,52.3990584460487
"orng-02",17,2006,61.7021276595745,4,52.3990584460487
"orng-02",17,2007,61.7021276595745,4,52.2541309098169
"orng-02",17,2008,55.3191489361703,4,50.8326076289041
"orng-02",17,2009,55.3191489361703,4,50.8326076289041
"orng-02",17,2010,56.0283687943263,4,50.9744516005353
"orng-02",17,2011,55.3191489361703,4,49.6647244172253
"orng-02",17,2012,55.3191489361703,4,49.6647244172253
"orng-02",17,2013,56.0283687943263,4,49.8065683888565
"orng-02",17,2014,56.0283687943263,4,49.8065683888565
"orng-02",17,2015,56.0283687943263,4,49.9525537903164
"orng-02",17,2016,55.3191489361703,4,44.0146662346378
"orng-02",17,2017,55.3191489361703,4,44.6007235709331
"orng-02",17,2018,55.3191489361703,4,44.745651107165
"orng-02",17,2019,55.3191489361703,4,44.745651107165
"orng-02",17,2020,55.3191489361703,4,44.745651107165
"orng-02",17,2021,54.6099290780142,4,44.8936622079975
"orng-02",17,2022,54.6099290780142,4,45.618299889157
"orng-02",17,2023,54.6099290780142,4,47.5023578601715
"orng-02",17,2024,54.6099290780142,4,49.0965607587222
"orng-02",17,2025,54.6099290780142,4,48.3719230775628
"orng-02",18,1999,14.5985401459854,4,52.3990584460487
"orng-02",18,2000,14.5985401459854,4,52.3990584460487
"orng-02",18,2001,14.5985401459854,4,52.3990584460487
"orng-02",18,2002,14.5985401459854,4,52.3990584460487
"orng-02",18,2003,14.5985401459854,4,52.3990584460487
"orng-02",18,2004,14.5985401459854,4,52.3990584460487
"orng-02",18,2005,14.5985401459854,4,52.3990584460487
"orng-02",18,2006,14.5985401459854,4,52.3990584460487
"orng-02",18,2007,14.5985401459854,4,52.2541309098169
"orng-02",18,2008,14.5985401459854,4,50.8326076289041
"orng-02",18,2009,14.5985401459854,4,50.8326076289041
"orng-02",18,2010,14.5985401459854,4,50.9744516005353
"orng-02",18,2011,8.75912408759124,4,49.6647244172253
"orng-02",18,2012,8.75912408759124,4,49.6647244172253
"orng-02",18,2013,8.75912408759124,4,49.8065683888565
"orng-02",18,2014,8.75912408759124,4,49.8065683888565
"orng-02",18,2015,9.48905109489051,4,49.9525537903164
"orng-02",18,2016,10.2189781021898,4,44.0146662346378
"orng-02",18,2017,14.5985401459854,4,44.6007235709331
"orng-02",18,2018,14.5985401459854,4,44.745651107165
"orng-02",18,2019,14.5985401459854,4,44.745651107165
"orng-02",18,2020,14.5985401459854,4,44.745651107165
"orng-02",18,2021,14.5985401459854,4,44.8936622079975
"orng-02",18,2022,14.5985401459854,4,45.618299889157
"orng-02",18,2023,14.5985401459854,4,47.5023578601715
"orng-02",18,2024,14.5985401459854,4,49.0965607587222
"orng-02",18,2025,14.5985401459854,4,48.3719230775628
"orng-02",19,1999,58.695652173913,4,52.3990584460487
"orng-02",19,2000,58.695652173913,4,52.3990584460487
"orng-02",19,2001,58.695652173913,4,52.3990584460487
"orng-02",19,2002,58.695652173913,4,52.3990584460487
"orng-02",19,2003,58.695652173913,4,52.3990584460487
"orng-02",19,2004,58.695652173913,4,52.3990584460487
"orng-02",19,2005,58.695652173913,4,52.3990584460487
"orng-02",19,2006,58.695652173913,4,52.3990584460487
"orng-02",19,2007,57.9710144927536,4,52.2541309098169
"orng-02",19,2008,57.2463768115942,4,50.8326076289041
"orng-02",19,2009,57.2463768115942,4,50.8326076289041
"orng-02",19,2010,57.2463768115942,4,50.9744516005353
"orng-02",19,2011,57.2463768115942,4,49.6647244172253
"orng-02",19,2012,57.2463768115942,4,49.6647244172253
"orng-02",19,2013,57.2463768115942,4,49.8065683888565
"orng-02",19,2014,57.2463768115942,4,49.8065683888565
"orng-02",19,2015,57.2463768115942,4,49.9525537903164
"orng-02",19,2016,27.5362318840579,4,44.0146662346378
"orng-02",19,2017,26.0869565217391,4,44.6007235709331
"orng-02",19,2018,26.8115942028985,4,44.745651107165
"orng-02",19,2019,26.8115942028985,4,44.745651107165
"orng-02",19,2020,26.8115942028985,4,44.745651107165
"orng-02",19,2021,28.2608695652174,4,44.8936622079975
"orng-02",19,2022,31.8840579710145,4,45.618299889157
"orng-02",19,2023,41.3043478260869,4,47.5023578601715
"orng-02",19,2024,49.2753623188406,4,49.0965607587222
"orng-02",19,2025,45.6521739130435,4,48.3719230775628
"orng-02",20,1999,79.8561151079137,4,52.3990584460487
"orng-02",20,2000,79.8561151079137,4,52.3990584460487
"orng-02",20,2001,79.8561151079137,4,52.3990584460487
"orng-02",20,2002,79.8561151079137,4,52.3990584460487
"orng-02",20,2003,79.8561151079137,4,52.3990584460487
"orng-02",20,2004,79.8561151079137,4,52.3990584460487
"orng-02",20,2005,79.8561151079137,4,52.3990584460487
"orng-02",20,2006,79.8561151079137,4,52.3990584460487
"orng-02",20,2007,79.8561151079137,4,52.2541309098169
"orng-02",20,2008,79.8561151079137,4,50.8326076289041
"orng-02",20,2009,79.8561151079137,4,50.8326076289041
"orng-02",20,2010,79.8561151079137,4,50.9744516005353
"orng-02",20,2011,79.8561151079137,4,49.6647244172253
"orng-02",20,2012,79.8561151079137,4,49.6647244172253
"orng-02",20,2013,79.8561151079137,4,49.8065683888565
"orng-02",20,2014,79.8561151079137,4,49.8065683888565
"orng-02",20,2015,79.8561151079137,4,49.9525537903164
"orng-02",20,2016,79.8561151079137,4,44.0146662346378
"orng-02",20,2017,79.8561151079137,4,44.6007235709331
"orng-02",20,2018,79.8561151079137,4,44.745651107165
"orng-02",20,2019,79.8561151079137,4,44.745651107165
"orng-02",20,2020,79.8561151079137,4,44.745651107165
"orng-02",20,2021,79.8561151079137,4,44.8936622079975
"orng-02",20,2022,79.8561151079137,4,45.618299889157
"orng-02",20,2023,79.8561151079137,4,47.5023578601715
"orng-02",20,2024,79.8561151079137,4,49.0965607587222
"orng-02",20,2025,79.8561151079137,4,48.3719230775628
"orng-03",1,1999,5.10948905109489,1,25.9520108626342
"orng-03",1,2000,5.10948905109489,1,25.2377251483485
"orng-03",1,2001,5.10948905109489,1,25.2377251483485
"orng-03",1,2002,5.10948905109489,1,25.5234394340627
"orng-03",1,2003,5.10948905109489,1,25.3744157958305
"orng-03",1,2004,5.10948905109489,1,25.3744157958305
"orng-03",1,2005,5.10948905109489,1,24.9427611195715
"orng-03",1,2006,5.10948905109489,1,24.9427611195715
"orng-03",1,2007,5.10948905109489,1,24.9427611195715
"orng-03",1,2008,5.10948905109489,1,24.9427611195715
"orng-03",1,2009,5.10948905109489,1,25.0856182624286
"orng-03",1,2010,5.10948905109489,1,25.0856182624286
"orng-03",1,2011,5.10948905109489,1,25.2284754052858
"orng-03",1,2012,5.10948905109489,1,25.2284754052858
"orng-03",1,2013,5.10948905109489,1,25.2284754052858
"orng-03",1,2014,5.10948905109489,1,25.2284754052858
"orng-03",1,2015,5.10948905109489,1,25.2284754052858
"orng-03",1,2016,5.10948905109489,1,25.2284754052858
"orng-03",1,2017,5.10948905109489,1,25.7999039767144
"orng-03",1,2018,5.10948905109489,1,25.9427611195715
"orng-03",1,2019,5.10948905109489,1,25.9427611195715
"orng-03",1,2020,5.10948905109489,1,25.9427611195715
"orng-03",1,2021,5.10948905109489,1,25.9427611195715
"orng-03",1,2022,5.10948905109489,1,25.6539635861697
"orng-03",1,2023,5.10948905109489,1,25.6539635861696
"orng-03",1,2024,5.10948905109489,1,25.6539635861696
"orng-03",1,2025,5.10948905109489,1,25.6539635861696
"orng-03",2,1999,37.8571428571428,1,25.9520108626342
"orng-03",2,2000,37.8571428571428,1,25.2377251483485
"orng-03",2,2001,37.8571428571428,1,25.2377251483485
"orng-03",2,2002,37.8571428571428,1,25.5234394340627
"orng-03",2,2003,41.4285714285714,1,25.3744157958305
"orng-03",2,2004,41.4285714285714,1,25.3744157958305
"orng-03",2,2005,41.4285714285714,1,24.9427611195715
"orng-03",2,2006,41.4285714285714,1,24.9427611195715
"orng-03",2,2007,41.4285714285714,1,24.9427611195715
"orng-03",2,2008,41.4285714285714,1,24.9427611195715
"orng-03",2,2009,41.4285714285714,1,25.0856182624286
"orng-03",2,2010,41.4285714285714,1,25.0856182624286
"orng-03",2,2011,41.4285714285714,1,25.2284754052858
"orng-03",2,2012,41.4285714285714,1,25.2284754052858
"orng-03",2,2013,41.4285714285714,1,25.2284754052858
"orng-03",2,2014,41.4285714285714,1,25.2284754052858
"orng-03",2,2015,41.4285714285714,1,25.2284754052858
"orng-03",2,2016,41.4285714285714,1,25.2284754052858
"orng-03",2,2017,44.2857142857143,1,25.7999039767144
"orng-03",2,2018,45,1,25.9427611195715
"orng-03",2,2019,45,1,25.9427611195715
"orng-03",2,2020,45,1,25.9427611195715
"orng-03",2,2021,45,1,25.9427611195715
"orng-03",2,2022,45.7142857142857,1,25.6539635861697
"orng-03",2,2023,45.7142857142856,1,25.6539635861696
"orng-03",2,2024,45.7142857142856,1,25.6539635861696
"orng-03",2,2025,45.7142857142856,1,25.6539635861696
"orng-03",3,1999,45.3237410071943,1,25.9520108626342
"orng-03",3,2000,45.3237410071943,1,25.2377251483485
"orng-03",3,2001,45.3237410071942,1,25.2377251483485
"orng-03",3,2002,45.3237410071942,1,25.5234394340627
"orng-03",3,2003,41.0071942446043,1,25.3744157958305
"orng-03",3,2004,41.0071942446043,1,25.3744157958305
"orng-03",3,2005,39.568345323741,1,24.9427611195715
"orng-03",3,2006,39.568345323741,1,24.9427611195715
"orng-03",3,2007,39.568345323741,1,24.9427611195715
"orng-03",3,2008,39.568345323741,1,24.9427611195715
"orng-03",3,2009,39.568345323741,1,25.0856182624286
"orng-03",3,2010,39.568345323741,1,25.0856182624286
"orng-03",3,2011,39.568345323741,1,25.2284754052858
"orng-03",3,2012,39.568345323741,1,25.2284754052858
"orng-03",3,2013,39.568345323741,1,25.2284754052858
"orng-03",3,2014,39.568345323741,1,25.2284754052858
"orng-03",3,2015,39.568345323741,1,25.2284754052858
"orng-03",3,2016,39.568345323741,1,25.2284754052858
"orng-03",3,2017,39.568345323741,1,25.7999039767144
"orng-03",3,2018,39.568345323741,1,25.9427611195715
"orng-03",3,2019,39.568345323741,1,25.9427611195715
"orng-03",3,2020,39.568345323741,1,25.9427611195715
"orng-03",3,2021,39.568345323741,1,25.9427611195715
"orng-03",3,2022,37.4100719424461,1,25.6539635861697
"orng-03",3,2023,37.4100719424461,1,25.6539635861696
"orng-03",3,2024,37.4100719424461,1,25.6539635861696
"orng-03",3,2025,37.4100719424461,1,25.6539635861696
"orng-03",4,1999,35.7142857142857,1,25.9520108626342
"orng-03",4,2000,32.1428571428572,1,25.2377251483485
"orng-03",4,2001,32.1428571428572,1,25.2377251483485
"orng-03",4,2002,33.5714285714286,1,25.5234394340627
"orng-03",4,2003,33.5714285714286,1,25.3744157958305
"orng-03",4,2004,33.5714285714286,1,25.3744157958305
"orng-03",4,2005,33.5714285714286,1,24.9427611195715
"orng-03",4,2006,33.5714285714286,1,24.9427611195715
"orng-03",4,2007,33.5714285714286,1,24.9427611195715
"orng-03",4,2008,33.5714285714286,1,24.9427611195715
"orng-03",4,2009,34.2857142857143,1,25.0856182624286
"orng-03",4,2010,34.2857142857143,1,25.0856182624286
"orng-03",4,2011,35,1,25.2284754052858
"orng-03",4,2012,35,1,25.2284754052858
"orng-03",4,2013,35,1,25.2284754052858
"orng-03",4,2014,35,1,25.2284754052858
"orng-03",4,2015,35,1,25.2284754052858
"orng-03",4,2016,35,1,25.2284754052858
"orng-03",4,2017,35,1,25.7999039767144
"orng-03",4,2018,35,1,25.9427611195715
"orng-03",4,2019,35,1,25.9427611195715
"orng-03",4,2020,35,1,25.9427611195715
"orng-03",4,2021,35,1,25.9427611195715
"orng-03",4,2022,35,1,25.6539635861697
"orng-03",4,2023,35,1,25.6539635861696
"orng-03",4,2024,35,1,25.6539635861696
"orng-03",4,2025,35,1,25.6539635861696
"orng-03",5,1999,5.75539568345324,1,25.9520108626342
"orng-03",5,2000,5.75539568345324,1,25.2377251483485
"orng-03",5,2001,5.75539568345324,1,25.2377251483485
"orng-03",5,2002,5.75539568345324,1,25.5234394340627
"orng-03",5,2003,5.75539568345323,1,25.3744157958305
"orng-03",5,2004,5.75539568345323,1,25.3744157958305
"orng-03",5,2005,5.03597122302158,1,24.9427611195715
"orng-03",5,2006,5.03597122302158,1,24.9427611195715
"orng-03",5,2007,5.03597122302158,1,24.9427611195715
"orng-03",5,2008,5.03597122302158,1,24.9427611195715
"orng-03",5,2009,5.03597122302158,1,25.0856182624286
"orng-03",5,2010,5.03597122302158,1,25.0856182624286
"orng-03",5,2011,5.03597122302158,1,25.2284754052858
"orng-03",5,2012,5.03597122302158,1,25.2284754052858
"orng-03",5,2013,5.03597122302158,1,25.2284754052858
"orng-03",5,2014,5.03597122302158,1,25.2284754052858
"orng-03",5,2015,5.03597122302158,1,25.2284754052858
"orng-03",5,2016,5.03597122302158,1,25.2284754052858
"orng-03",5,2017,5.03597122302158,1,25.7999039767144
"orng-03",5,2018,5.03597122302158,1,25.9427611195715
"orng-03",5,2019,5.03597122302158,1,25.9427611195715
"orng-03",5,2020,5.03597122302158,1,25.9427611195715
"orng-03",5,2021,5.03597122302158,1,25.9427611195715
"orng-03",5,2022,5.03597122302158,1,25.6539635861697
"orng-03",5,2023,5.03597122302158,1,25.6539635861696
"orng-03",5,2024,5.03597122302158,1,25.6539635861696
"orng-03",5,2025,5.03597122302158,1,25.6539635861696
"orng-03",6,1999,21.0144927536232,2,44.1473429951691
"orng-03",6,2000,21.0144927536232,2,44.004485852312
"orng-03",6,2001,21.0144927536232,2,43.7187715665977
"orng-03",6,2002,20.2898550724638,2,42.8595583160801
"orng-03",6,2003,20.2898550724638,2,41.8873360938579
"orng-03",6,2004,19.5652173913044,2,40.8852657004831
"orng-03",6,2005,20.2898550724638,2,39.7444789510007
"orng-03",6,2006,20.2898550724638,2,39.4667011732229
"orng-03",6,2007,21.0144927536232,2,39.4727398205659
"orng-03",6,2008,21.0144927536232,2,37.9449620427881
"orng-03",6,2009,21.0144927536232,2,37.3854382332643
"orng-03",6,2010,21.0144927536232,2,37.09972394755
"orng-03",6,2011,21.0144927536232,2,37.0997239475501
"orng-03",6,2012,21.0144927536232,2,37.0997239475501
"orng-03",6,2013,21.0144927536232,2,37.0997239475501
"orng-03",6,2014,21.0144927536232,2,37.2346445824707
"orng-03",6,2015,21.0144927536232,2,37.3655969634231
"orng-03",6,2016,21.0144927536232,2,37.5044858523119
"orng-03",6,2017,21.0144927536232,2,37.6394064872326
"orng-03",6,2018,20.2898550724638,2,37.4905106970325
"orng-03",6,2019,21.0144927536232,2,37.7782953761215
"orng-03",6,2020,21.0144927536232,2,37.9171842650104
"orng-03",6,2021,21.0144927536232,2,37.9171842650104
"orng-03",6,2022,21.0144927536232,2,37.9171842650104
"orng-03",6,2023,21.0144927536232,2,37.9171842650104
"orng-03",6,2024,21.0144927536232,2,37.9171842650104
"orng-03",6,2025,21.0144927536232,2,37.9171842650104
"orng-03",7,1999,22.1428571428571,2,44.1473429951691
"orng-03",7,2000,22.8571428571429,2,44.004485852312
"orng-03",7,2001,22.8571428571429,2,43.7187715665977
"orng-03",7,2002,22.8571428571429,2,42.8595583160801
"orng-03",7,2003,22.8571428571429,2,41.8873360938579
"orng-03",7,2004,22.8571428571429,2,40.8852657004831
"orng-03",7,2005,22.8571428571429,2,39.7444789510007
"orng-03",7,2006,22.8571428571429,2,39.4667011732229
"orng-03",7,2007,22.8571428571429,2,39.4727398205659
"orng-03",7,2008,22.8571428571429,2,37.9449620427881
"orng-03",7,2009,22.8571428571429,2,37.3854382332643
"orng-03",7,2010,22.8571428571429,2,37.09972394755
"orng-03",7,2011,22.8571428571429,2,37.0997239475501
"orng-03",7,2012,22.8571428571429,2,37.0997239475501
"orng-03",7,2013,22.8571428571429,2,37.0997239475501
"orng-03",7,2014,22.8571428571429,2,37.2346445824707
"orng-03",7,2015,22.8571428571429,2,37.3655969634231
"orng-03",7,2016,22.8571428571429,2,37.5044858523119
"orng-03",7,2017,22.8571428571429,2,37.6394064872326
"orng-03",7,2018,22.1428571428572,2,37.4905106970325
"orng-03",7,2019,22.8571428571429,2,37.7782953761215
"orng-03",7,2020,22.8571428571429,2,37.9171842650104
"orng-03",7,2021,22.8571428571429,2,37.9171842650104
"orng-03",7,2022,22.8571428571429,2,37.9171842650104
"orng-03",7,2023,22.8571428571429,2,37.9171842650104
"orng-03",7,2024,22.8571428571429,2,37.9171842650104
"orng-03",7,2025,22.8571428571429,2,37.9171842650104
"orng-03",8,1999,59.7222222222222,2,44.1473429951691
"orng-03",8,2000,59.7222222222222,2,44.004485852312
"orng-03",8,2001,59.7222222222222,2,43.7187715665977
"orng-03",8,2002,59.7222222222222,2,42.8595583160801
"orng-03",8,2003,54.8611111111111,2,41.8873360938579
"orng-03",8,2004,54.8611111111111,2,40.8852657004831
"orng-03",8,2005,54.8611111111112,2,39.7444789510007
"orng-03",8,2006,53.4722222222223,2,39.4667011732229
"orng-03",8,2007,52.7777777777777,2,39.4727398205659
"orng-03",8,2008,45.1388888888889,2,37.9449620427881
"orng-03",8,2009,43.0555555555556,2,37.3854382332643
"orng-03",8,2010,43.0555555555556,2,37.09972394755
"orng-03",8,2011,43.0555555555556,2,37.0997239475501
"orng-03",8,2012,43.0555555555555,2,37.0997239475501
"orng-03",8,2013,43.0555555555555,2,37.0997239475501
"orng-03",8,2014,44.4444444444445,2,37.2346445824707
"orng-03",8,2015,46.5277777777778,2,37.3655969634231
"orng-03",8,2016,47.2222222222222,2,37.5044858523119
"orng-03",8,2017,48.6111111111111,2,37.6394064872326
"orng-03",8,2018,49.3055555555555,2,37.4905106970325
"orng-03",8,2019,49.3055555555555,2,37.7782953761215
"orng-03",8,2020,50,2,37.9171842650104
"orng-03",8,2021,50,2,37.9171842650104
"orng-03",8,2022,50,2,37.9171842650104
"orng-03",8,2023,50,2,37.9171842650104
"orng-03",8,2024,50,2,37.9171842650104
"orng-03",8,2025,50,2,37.9171842650104
"orng-03",9,1999,73.5714285714286,2,44.1473429951691
"orng-03",9,2000,72.1428571428572,2,44.004485852312
"orng-03",9,2001,71.4285714285715,2,43.7187715665977
"orng-03",9,2002,69.2857142857143,2,42.8595583160801
"orng-03",9,2003,69.2857142857143,2,41.8873360938579
"orng-03",9,2004,65,2,40.8852657004831
"orng-03",9,2005,58.5714285714286,2,39.7444789510007
"orng-03",9,2006,58.5714285714286,2,39.4667011732229
"orng-03",9,2007,58.5714285714286,2,39.4727398205659
"orng-03",9,2008,58.5714285714286,2,37.9449620427881
"orng-03",9,2009,57.8571428571428,2,37.3854382332643
"orng-03",9,2010,56.4285714285714,2,37.09972394755
"orng-03",9,2011,56.4285714285715,2,37.0997239475501
"orng-03",9,2012,56.4285714285715,2,37.0997239475501
"orng-03",9,2013,56.4285714285715,2,37.0997239475501
"orng-03",9,2014,56.4285714285715,2,37.2346445824707
"orng-03",9,2015,56.4285714285715,2,37.3655969634231
"orng-03",9,2016,56.4285714285715,2,37.5044858523119
"orng-03",9,2017,56.4285714285715,2,37.6394064872326
"orng-03",9,2018,56.4285714285715,2,37.4905106970325
"orng-03",9,2019,56.4285714285715,2,37.7782953761215
"orng-03",9,2020,56.4285714285715,2,37.9171842650104
"orng-03",9,2021,56.4285714285715,2,37.9171842650104
"orng-03",9,2022,56.4285714285715,2,37.9171842650104
"orng-03",9,2023,56.4285714285715,2,37.9171842650104
"orng-03",9,2024,56.4285714285715,2,37.9171842650104
"orng-03",9,2025,56.4285714285715,2,37.9171842650104
"orng-03",10,1999,44.2857142857143,2,44.1473429951691
"orng-03",10,2000,44.2857142857143,2,44.004485852312
"orng-03",10,2001,43.5714285714286,2,43.7187715665977
"orng-03",10,2002,42.1428571428572,2,42.8595583160801
"orng-03",10,2003,42.1428571428572,2,41.8873360938579
"orng-03",10,2004,42.1428571428572,2,40.8852657004831
"orng-03",10,2005,42.1428571428572,2,39.7444789510007
"orng-03",10,2006,42.1428571428572,2,39.4667011732229
"orng-03",10,2007,42.1428571428572,2,39.4727398205659
"orng-03",10,2008,42.1428571428572,2,37.9449620427881
"orng-03",10,2009,42.1428571428572,2,37.3854382332643
"orng-03",10,2010,42.1428571428572,2,37.09972394755
"orng-03",10,2011,42.1428571428572,2,37.0997239475501
"orng-03",10,2012,42.1428571428572,2,37.0997239475501
"orng-03",10,2013,42.1428571428572,2,37.0997239475501
"orng-03",10,2014,41.4285714285714,2,37.2346445824707
"orng-03",10,2015,40,2,37.3655969634231
"orng-03",10,2016,40,2,37.5044858523119
"orng-03",10,2017,39.2857142857143,2,37.6394064872326
"orng-03",10,2018,39.2857142857143,2,37.4905106970325
"orng-03",10,2019,39.2857142857143,2,37.7782953761215
"orng-03",10,2020,39.2857142857143,2,37.9171842650104
"orng-03",10,2021,39.2857142857143,2,37.9171842650104
"orng-03",10,2022,39.2857142857143,2,37.9171842650104
"orng-03",10,2023,39.2857142857143,2,37.9171842650104
"orng-03",10,2024,39.2857142857143,2,37.9171842650104
"orng-03",10,2025,39.2857142857143,2,37.9171842650104
"orng-03",11,1999,3.6231884057971,3,26.122185363068
"orng-03",11,2000,3.6231884057971,3,25.4078996487823
"orng-03",11,2001,3.6231884057971,3,25.4078996487823
"orng-03",11,2002,2.89855072463768,3,25.2629721125504
"orng-03",11,2003,2.89855072463768,3,25.2629721125504
"orng-03",11,2004,2.89855072463768,3,25.2629721125504
"orng-03",11,2005,2.89855072463768,3,25.2629721125504
"orng-03",11,2006,2.89855072463768,3,25.2629721125504
"orng-03",11,2007,2.89855072463768,3,25.1201149696933
"orng-03",11,2008,2.89855072463768,3,25.1201149696933
"orng-03",11,2009,2.17391304347826,3,24.9751874334614
"orng-03",11,2010,2.17391304347826,3,24.9751874334614
"orng-03",11,2011,2.17391304347826,3,24.9751874334614
"orng-03",11,2012,2.89855072463768,3,25.1201149696933
"orng-03",11,2013,2.89855072463768,3,25.1201149696933
"orng-03",11,2014,2.89855072463768,3,25.1201149696933
"orng-03",11,2015,2.89855072463768,3,25.1201149696933
"orng-03",11,2016,2.89855072463768,3,24.9782709980621
"orng-03",11,2017,2.89855072463768,3,24.9782709980621
"orng-03",11,2018,2.89855072463768,3,24.9782709980621
"orng-03",11,2019,2.89855072463768,3,24.9782709980621
"orng-03",11,2020,2.89855072463768,3,24.9782709980621
"orng-03",11,2021,2.89855072463768,3,24.835413855205
"orng-03",11,2022,2.89855072463768,3,24.9782709980621
"orng-03",11,2023,2.89855072463768,3,24.9782709980621
"orng-03",11,2024,0.72463768115942,3,24.5434883893664
"orng-03",11,2025,0.72463768115942,3,24.5434883893664
"orng-03",12,1999,19.2857142857143,3,26.122185363068
"orng-03",12,2000,15.7142857142857,3,25.4078996487823
"orng-03",12,2001,15.7142857142857,3,25.4078996487823
"orng-03",12,2002,15.7142857142857,3,25.2629721125504
"orng-03",12,2003,15.7142857142857,3,25.2629721125504
"orng-03",12,2004,15.7142857142857,3,25.2629721125504
"orng-03",12,2005,15.7142857142857,3,25.2629721125504
"orng-03",12,2006,15.7142857142857,3,25.2629721125504
"orng-03",12,2007,15.7142857142857,3,25.1201149696933
"orng-03",12,2008,15.7142857142857,3,25.1201149696933
"orng-03",12,2009,15.7142857142857,3,24.9751874334614
"orng-03",12,2010,15.7142857142857,3,24.9751874334614
"orng-03",12,2011,15.7142857142857,3,24.9751874334614
"orng-03",12,2012,15.7142857142857,3,25.1201149696933
"orng-03",12,2013,15.7142857142857,3,25.1201149696933
"orng-03",12,2014,15.7142857142857,3,25.1201149696933
"orng-03",12,2015,15.7142857142857,3,25.1201149696933
"orng-03",12,2016,15.7142857142857,3,24.9782709980621
"orng-03",12,2017,15.7142857142857,3,24.9782709980621
"orng-03",12,2018,15.7142857142857,3,24.9782709980621
"orng-03",12,2019,15.7142857142857,3,24.9782709980621
"orng-03",12,2020,15.7142857142857,3,24.9782709980621
"orng-03",12,2021,15.7142857142857,3,24.835413855205
"orng-03",12,2022,15.7142857142857,3,24.9782709980621
"orng-03",12,2023,15.7142857142857,3,24.9782709980621
"orng-03",12,2024,15.7142857142857,3,24.5434883893664
"orng-03",12,2025,15.7142857142857,3,24.5434883893664
"orng-03",13,1999,36.4963503649635,3,26.122185363068
"orng-03",13,2000,36.4963503649635,3,25.4078996487823
"orng-03",13,2001,36.4963503649635,3,25.4078996487823
"orng-03",13,2002,36.4963503649635,3,25.2629721125504
"orng-03",13,2003,36.4963503649635,3,25.2629721125504
"orng-03",13,2004,36.4963503649635,3,25.2629721125504
"orng-03",13,2005,36.4963503649635,3,25.2629721125504
"orng-03",13,2006,36.4963503649635,3,25.2629721125504
"orng-03",13,2007,36.4963503649635,3,25.1201149696933
"orng-03",13,2008,36.4963503649635,3,25.1201149696933
"orng-03",13,2009,36.4963503649635,3,24.9751874334614
"orng-03",13,2010,36.4963503649635,3,24.9751874334614
"orng-03",13,2011,36.4963503649635,3,24.9751874334614
"orng-03",13,2012,36.4963503649635,3,25.1201149696933
"orng-03",13,2013,36.4963503649635,3,25.1201149696933
"orng-03",13,2014,36.4963503649635,3,25.1201149696933
"orng-03",13,2015,36.4963503649635,3,25.1201149696933
"orng-03",13,2016,36.4963503649635,3,24.9782709980621
"orng-03",13,2017,36.4963503649635,3,24.9782709980621
"orng-03",13,2018,36.4963503649635,3,24.9782709980621
"orng-03",13,2019,36.4963503649635,3,24.9782709980621
"orng-03",13,2020,36.4963503649635,3,24.9782709980621
"orng-03",13,2021,36.4963503649635,3,24.835413855205
"orng-03",13,2022,36.4963503649635,3,24.9782709980621
"orng-03",13,2023,36.4963503649635,3,24.9782709980621
"orng-03",13,2024,36.4963503649635,3,24.5434883893664
"orng-03",13,2025,36.4963503649635,3,24.5434883893664
"orng-03",14,1999,31.2056737588653,3,26.122185363068
"orng-03",14,2000,31.2056737588653,3,25.4078996487823
"orng-03",14,2001,31.2056737588653,3,25.4078996487823
"orng-03",14,2002,31.2056737588653,3,25.2629721125504
"orng-03",14,2003,31.2056737588653,3,25.2629721125504
"orng-03",14,2004,31.2056737588653,3,25.2629721125504
"orng-03",14,2005,31.2056737588653,3,25.2629721125504
"orng-03",14,2006,31.2056737588653,3,25.2629721125504
"orng-03",14,2007,31.2056737588653,3,25.1201149696933
"orng-03",14,2008,31.2056737588653,3,25.1201149696933
"orng-03",14,2009,31.2056737588653,3,24.9751874334614
"orng-03",14,2010,31.2056737588653,3,24.9751874334614
"orng-03",14,2011,31.2056737588653,3,24.9751874334614
"orng-03",14,2012,31.2056737588653,3,25.1201149696933
"orng-03",14,2013,31.2056737588653,3,25.1201149696933
"orng-03",14,2014,31.2056737588653,3,25.1201149696933
"orng-03",14,2015,31.2056737588653,3,25.1201149696933
"orng-03",14,2016,30.4964539007093,3,24.9782709980621
"orng-03",14,2017,30.4964539007093,3,24.9782709980621
"orng-03",14,2018,30.4964539007093,3,24.9782709980621
"orng-03",14,2019,30.4964539007093,3,24.9782709980621
"orng-03",14,2020,30.4964539007093,3,24.9782709980621
"orng-03",14,2021,30.4964539007093,3,24.835413855205
"orng-03",14,2022,30.4964539007093,3,24.9782709980621
"orng-03",14,2023,30.4964539007093,3,24.9782709980621
"orng-03",14,2024,30.4964539007093,3,24.5434883893664
"orng-03",14,2025,30.4964539007093,3,24.5434883893664
"orng-03",15,1999,40,3,26.122185363068
"orng-03",15,2000,40,3,25.4078996487823
"orng-03",15,2001,40,3,25.4078996487823
"orng-03",15,2002,40,3,25.2629721125504
"orng-03",15,2003,40,3,25.2629721125504
"orng-03",15,2004,40,3,25.2629721125504
"orng-03",15,2005,40,3,25.2629721125504
"orng-03",15,2006,40,3,25.2629721125504
"orng-03",15,2007,39.2857142857143,3,25.1201149696933
"orng-03",15,2008,39.2857142857143,3,25.1201149696933
"orng-03",15,2009,39.2857142857143,3,24.9751874334614
"orng-03",15,2010,39.2857142857143,3,24.9751874334614
"orng-03",15,2011,39.2857142857143,3,24.9751874334614
"orng-03",15,2012,39.2857142857143,3,25.1201149696933
"orng-03",15,2013,39.2857142857143,3,25.1201149696933
"orng-03",15,2014,39.2857142857143,3,25.1201149696933
"orng-03",15,2015,39.2857142857143,3,25.1201149696933
"orng-03",15,2016,39.2857142857143,3,24.9782709980621
"orng-03",15,2017,39.2857142857143,3,24.9782709980621
"orng-03",15,2018,39.2857142857143,3,24.9782709980621
"orng-03",15,2019,39.2857142857143,3,24.9782709980621
"orng-03",15,2020,39.2857142857143,3,24.9782709980621
"orng-03",15,2021,38.5714285714286,3,24.835413855205
"orng-03",15,2022,39.2857142857143,3,24.9782709980621
"orng-03",15,2023,39.2857142857143,3,24.9782709980621
"orng-03",15,2024,39.2857142857143,3,24.5434883893664
"orng-03",15,2025,39.2857142857143,3,24.5434883893664
"orng-03",16,1999,36.231884057971,4,35.5668477544841
"orng-03",16,2000,36.231884057971,4,35.4229628623977
"orng-03",16,2001,36.231884057971,4,33.9841139415344
"orng-03",16,2002,36.231884057971,4,33.9820730210793
"orng-03",16,2003,36.231884057971,4,33.9820730210793
"orng-03",16,2004,36.231884057971,4,33.9820730210793
"orng-03",16,2005,36.231884057971,4,33.9820730210793
"orng-03",16,2006,36.231884057971,4,34.1259579131656
"orng-03",16,2007,36.231884057971,4,33.9799129227874
"orng-03",16,2008,36.231884057971,4,34.8432222753054
"orng-03",16,2009,36.231884057971,4,34.9850066580182
"orng-03",16,2010,36.231884057971,4,34.9850066580182
"orng-03",16,2011,36.231884057971,4,34.9850066580182
"orng-03",16,2012,36.231884057971,4,34.9850066580182
"orng-03",16,2013,36.231884057971,4,34.5574909113535
"orng-03",16,2014,36.231884057971,4,35.1169314707941
"orng-03",16,2015,36.231884057971,4,35.1169314707941
"orng-03",16,2016,36.231884057971,4,34.9730465787077
"orng-03",16,2017,36.231884057971,4,33.8219674420171
"orng-03",16,2018,36.231884057971,4,33.8219674420171
"orng-03",16,2019,36.231884057971,4,34.1056553852795
"orng-03",16,2020,36.231884057971,4,34.1056553852795
"orng-03",16,2021,36.231884057971,4,34.2474993569107
"orng-03",16,2022,36.231884057971,4,34.1076392170506
"orng-03",16,2023,36.231884057971,4,34.1076392170506
"orng-03",16,2024,36.231884057971,4,34.2494831886818
"orng-03",16,2025,36.231884057971,4,32.9927257617116
"orng-03",17,1999,13.1386861313869,4,35.5668477544841
"orng-03",17,2000,13.1386861313869,4,35.4229628623977
"orng-03",17,2001,13.1386861313869,4,33.9841139415344
"orng-03",17,2002,13.1386861313869,4,33.9820730210793
"orng-03",17,2003,13.1386861313869,4,33.9820730210793
"orng-03",17,2004,13.1386861313869,4,33.9820730210793
"orng-03",17,2005,13.1386861313869,4,33.9820730210793
"orng-03",17,2006,13.1386861313869,4,34.1259579131656
"orng-03",17,2007,11.6788321167883,4,33.9799129227874
"orng-03",17,2008,11.6788321167883,4,34.8432222753054
"orng-03",17,2009,10.9489051094891,4,34.9850066580182
"orng-03",17,2010,10.9489051094891,4,34.9850066580182
"orng-03",17,2011,10.9489051094891,4,34.9850066580182
"orng-03",17,2012,10.9489051094891,4,34.9850066580182
"orng-03",17,2013,10.9489051094891,4,34.5574909113535
"orng-03",17,2014,10.9489051094891,4,35.1169314707941
"orng-03",17,2015,10.9489051094891,4,35.1169314707941
"orng-03",17,2016,10.9489051094891,4,34.9730465787077
"orng-03",17,2017,10.9489051094891,4,33.8219674420171
"orng-03",17,2018,10.9489051094891,4,33.8219674420171
"orng-03",17,2019,10.9489051094891,4,34.1056553852795
"orng-03",17,2020,10.9489051094891,4,34.1056553852795
"orng-03",17,2021,10.9489051094891,4,34.2474993569107
"orng-03",17,2022,10.9489051094891,4,34.1076392170506
"orng-03",17,2023,10.9489051094891,4,34.1076392170506
"orng-03",17,2024,10.9489051094891,4,34.2494831886818
"orng-03",17,2025,10.9489051094891,4,32.9927257617116
"orng-03",18,1999,26.6187050359712,4,35.5668477544841
"orng-03",18,2000,25.8992805755396,4,35.4229628623977
"orng-03",18,2001,18.705035971223,4,33.9841139415344
"orng-03",18,2002,17.9856115107914,4,33.9820730210793
"orng-03",18,2003,17.9856115107914,4,33.9820730210793
"orng-03",18,2004,17.9856115107914,4,33.9820730210793
"orng-03",18,2005,17.9856115107914,4,33.9820730210793
"orng-03",18,2006,18.7050359712231,4,34.1259579131656
"orng-03",18,2007,20.1438848920864,4,33.9799129227874
"orng-03",18,2008,24.4604316546763,4,34.8432222753054
"orng-03",18,2009,25.8992805755396,4,34.9850066580182
"orng-03",18,2010,25.8992805755396,4,34.9850066580182
"orng-03",18,2011,25.8992805755396,4,34.9850066580182
"orng-03",18,2012,25.8992805755396,4,34.9850066580182
"orng-03",18,2013,25.8992805755396,4,34.5574909113535
"orng-03",18,2014,25.8992805755396,4,35.1169314707941
"orng-03",18,2015,25.8992805755396,4,35.1169314707941
"orng-03",18,2016,25.1798561151079,4,34.9730465787077
"orng-03",18,2017,19.4244604316547,4,33.8219674420171
"orng-03",18,2018,19.4244604316547,4,33.8219674420171
"orng-03",18,2019,19.4244604316547,4,34.1056553852795
"orng-03",18,2020,19.4244604316547,4,34.1056553852795
"orng-03",18,2021,19.4244604316547,4,34.2474993569107
"orng-03",18,2022,19.4244604316547,4,34.1076392170506
"orng-03",18,2023,19.4244604316547,4,34.1076392170506
"orng-03",18,2024,19.4244604316547,4,34.2494831886818
"orng-03",18,2025,19.4244604316547,4,32.9927257617116
"orng-03",19,1999,69.93006993007,4,35.5668477544841
"orng-03",19,2000,69.93006993007,4,35.4229628623977
"orng-03",19,2001,69.93006993007,4,33.9841139415344
"orng-03",19,2002,69.93006993007,4,33.9820730210793
"orng-03",19,2003,69.93006993007,4,33.9820730210793
"orng-03",19,2004,69.93006993007,4,33.9820730210793
"orng-03",19,2005,69.93006993007,4,33.9820730210793
"orng-03",19,2006,69.93006993007,4,34.1259579131656
"orng-03",19,2007,69.93006993007,4,33.9799129227874
"orng-03",19,2008,69.93006993007,4,34.8432222753054
"orng-03",19,2009,69.93006993007,4,34.9850066580182
"orng-03",19,2010,69.93006993007,4,34.9850066580182
"orng-03",19,2011,69.93006993007,4,34.9850066580182
"orng-03",19,2012,69.93006993007,4,34.9850066580182
"orng-03",19,2013,70.6293706293707,4,34.5574909113535
"orng-03",19,2014,73.4265734265735,4,35.1169314707941
"orng-03",19,2015,73.4265734265735,4,35.1169314707941
"orng-03",19,2016,73.4265734265735,4,34.9730465787077
"orng-03",19,2017,73.4265734265735,4,33.8219674420171
"orng-03",19,2018,73.4265734265735,4,33.8219674420171
"orng-03",19,2019,73.4265734265735,4,34.1056553852795
"orng-03",19,2020,73.4265734265735,4,34.1056553852795
"orng-03",19,2021,73.4265734265735,4,34.2474993569107
"orng-03",19,2022,72.7272727272728,4,34.1076392170506
"orng-03",19,2023,72.7272727272728,4,34.1076392170506
"orng-03",19,2024,72.7272727272728,4,34.2494831886818
"orng-03",19,2025,65.7342657342658,4,32.9927257617116
"orng-03",20,1999,31.9148936170212,4,35.5668477544841
"orng-03",20,2000,31.9148936170212,4,35.4229628623977
"orng-03",20,2001,31.9148936170212,4,33.9841139415344
"orng-03",20,2002,32.6241134751773,4,33.9820730210793
"orng-03",20,2003,32.6241134751773,4,33.9820730210793
"orng-03",20,2004,32.6241134751773,4,33.9820730210793
"orng-03",20,2005,32.6241134751773,4,33.9820730210793
"orng-03",20,2006,32.6241134751773,4,34.1259579131656
"orng-03",20,2007,31.9148936170213,4,33.9799129227874
"orng-03",20,2008,31.9148936170213,4,34.8432222753054
"orng-03",20,2009,31.9148936170213,4,34.9850066580182
"orng-03",20,2010,31.9148936170213,4,34.9850066580182
"orng-03",20,2011,31.9148936170213,4,34.9850066580182
"orng-03",20,2012,31.9148936170213,4,34.9850066580182
"orng-03",20,2013,29.0780141843972,4,34.5574909113535
"orng-03",20,2014,29.0780141843972,4,35.1169314707941
"orng-03",20,2015,29.0780141843972,4,35.1169314707941
"orng-03",20,2016,29.0780141843972,4,34.9730465787077
"orng-03",20,2017,29.0780141843972,4,33.8219674420171
"orng-03",20,2018,29.0780141843972,4,33.8219674420171
"orng-03",20,2019,30.4964539007092,4,34.1056553852795
"orng-03",20,2020,30.4964539007092,4,34.1056553852795
"orng-03",20,2021,31.2056737588653,4,34.2474993569107
"orng-03",20,2022,31.2056737588653,4,34.1076392170506
"orng-03",20,2023,31.2056737588653,4,34.1076392170506
"orng-03",20,2024,31.9148936170213,4,34.2494831886818
"orng-03",20,2025,32.6241134751773,4,32.9927257617116
"orng-04",3,1999,24.6376811594203,1,17.2402318663108
"orng-04",3,2000,24.6376811594203,1,17.0038252469255
"orng-04",3,2001,24.6376811594203,1,17.0038252469255
"orng-04",3,2002,23.9130434782609,1,16.7622793532057
"orng-04",3,2003,23.9130434782609,1,16.7622793532057
"orng-04",3,2004,23.9130434782609,1,16.7622793532057
"orng-04",3,2005,23.9130434782609,1,16.7622793532057
"orng-04",3,2006,23.9130434782609,1,16.7622793532057
"orng-04",3,2007,23.9130434782609,1,16.7622793532057
"orng-04",3,2008,23.9130434782609,1,16.7622793532057
"orng-04",3,2009,23.9130434782609,1,16.7622793532057
"orng-04",3,2010,23.9130434782609,1,16.7622793532057
"orng-04",3,2011,23.9130434782609,1,16.7622793532057
"orng-04",3,2012,23.9130434782609,1,16.7622793532057
"orng-04",3,2013,23.9130434782609,1,16.7622793532057
"orng-04",3,2014,22.463768115942,1,16.2791875657661
"orng-04",3,2015,22.463768115942,1,16.2791875657661
"orng-04",3,2016,22.463768115942,1,16.2791875657661
"orng-04",3,2017,22.463768115942,1,16.0427809463807
"orng-04",3,2018,22.463768115942,1,16.0427809463807
"orng-04",3,2019,22.463768115942,1,16.0427809463807
"orng-04",3,2020,22.463768115942,1,16.0427809463807
"orng-04",3,2021,22.463768115942,1,16.0427809463807
"orng-04",3,2022,22.463768115942,1,16.0427809463807
"orng-04",3,2023,22.463768115942,1,16.0427809463807
"orng-04",3,2024,22.463768115942,1,16.0427809463807
"orng-04",3,2025,22.463768115942,1,16.0427809463807
"orng-04",4,1999,9.35251798561151,1,17.2402318663108
"orng-04",4,2000,9.35251798561151,1,17.0038252469255
"orng-04",4,2001,9.35251798561151,1,17.0038252469255
"orng-04",4,2002,9.35251798561151,1,16.7622793532057
"orng-04",4,2003,9.35251798561151,1,16.7622793532057
"orng-04",4,2004,9.35251798561151,1,16.7622793532057
"orng-04",4,2005,9.35251798561151,1,16.7622793532057
"orng-04",4,2006,9.35251798561151,1,16.7622793532057
"orng-04",4,2007,9.35251798561151,1,16.7622793532057
"orng-04",4,2008,9.35251798561151,1,16.7622793532057
"orng-04",4,2009,9.35251798561151,1,16.7622793532057
"orng-04",4,2010,9.35251798561151,1,16.7622793532057
"orng-04",4,2011,9.35251798561151,1,16.7622793532057
"orng-04",4,2012,9.35251798561151,1,16.7622793532057
"orng-04",4,2013,9.35251798561151,1,16.7622793532057
"orng-04",4,2014,9.35251798561151,1,16.2791875657661
"orng-04",4,2015,9.35251798561151,1,16.2791875657661
"orng-04",4,2016,9.35251798561151,1,16.2791875657661
"orng-04",4,2017,9.35251798561151,1,16.0427809463807
"orng-04",4,2018,9.35251798561151,1,16.0427809463807
"orng-04",4,2019,9.35251798561151,1,16.0427809463807
"orng-04",4,2020,9.35251798561151,1,16.0427809463807
"orng-04",4,2021,9.35251798561151,1,16.0427809463807
"orng-04",4,2022,9.35251798561151,1,16.0427809463807
"orng-04",4,2023,9.35251798561151,1,16.0427809463807
"orng-04",4,2024,9.35251798561151,1,16.0427809463807
"orng-04",4,2025,9.35251798561151,1,16.0427809463807
"orng-04",5,1999,17.7304964539007,1,17.2402318663108
"orng-04",5,2000,17.0212765957447,1,17.0038252469255
"orng-04",5,2001,17.0212765957447,1,17.0038252469255
"orng-04",5,2002,17.0212765957447,1,16.7622793532057
"orng-04",5,2003,17.0212765957447,1,16.7622793532057
"orng-04",5,2004,17.0212765957447,1,16.7622793532057
"orng-04",5,2005,17.0212765957447,1,16.7622793532057
"orng-04",5,2006,17.0212765957447,1,16.7622793532057
"orng-04",5,2007,17.0212765957447,1,16.7622793532057
"orng-04",5,2008,17.0212765957447,1,16.7622793532057
"orng-04",5,2009,17.0212765957447,1,16.7622793532057
"orng-04",5,2010,17.0212765957447,1,16.7622793532057
"orng-04",5,2011,17.0212765957447,1,16.7622793532057
"orng-04",5,2012,17.0212765957447,1,16.7622793532057
"orng-04",5,2013,17.0212765957447,1,16.7622793532057
"orng-04",5,2014,17.0212765957447,1,16.2791875657661
"orng-04",5,2015,17.0212765957447,1,16.2791875657661
"orng-04",5,2016,17.0212765957447,1,16.2791875657661
"orng-04",5,2017,16.3120567375886,1,16.0427809463807
"orng-04",5,2018,16.3120567375886,1,16.0427809463807
"orng-04",5,2019,16.3120567375886,1,16.0427809463807
"orng-04",5,2020,16.3120567375886,1,16.0427809463807
"orng-04",5,2021,16.3120567375886,1,16.0427809463807
"orng-04",5,2022,16.3120567375886,1,16.0427809463807
"orng-04",5,2023,16.3120567375886,1,16.0427809463807
"orng-04",5,2024,16.3120567375886,1,16.0427809463807
"orng-04",5,2025,16.3120567375886,1,16.0427809463807
"orng-04",6,1999,2.91970802919708,2,25.5514155140368
"orng-04",6,2000,2.91970802919708,2,25.5514155140368
"orng-04",6,2001,2.91970802919708,2,25.1228440854654
"orng-04",6,2002,2.91970802919708,2,24.5514155140368
"orng-04",6,2003,1.45985401459854,2,23.2654809284209
"orng-04",6,2004,1.45985401459854,2,23.2654809284209
"orng-04",7,1999,22.3021582733813,2,25.5514155140368
"orng-04",7,2000,22.3021582733813,2,25.5514155140368
"orng-04",7,2001,22.3021582733813,2,25.1228440854654
"orng-04",7,2002,22.3021582733813,2,24.5514155140368
"orng-04",7,2003,22.3021582733813,2,23.2654809284209
"orng-04",7,2004,22.3021582733813,2,23.2654809284209
"orng-04",7,2005,22.3021582733813,2,27.8240305140194
"orng-04",7,2006,22.3021582733813,2,27.6479741759912
"orng-04",7,2007,22.3021582733813,2,27.6479741759912
"orng-04",7,2008,22.3021582733813,2,27.6479741759912
"orng-04",7,2009,22.3021582733813,2,27.8265456045626
"orng-04",7,2010,22.3021582733813,2,27.8265456045626
"orng-04",7,2011,22.3021582733813,2,27.8265456045626
"orng-04",7,2012,22.3021582733813,2,27.6479741759912
"orng-04",7,2013,22.3021582733813,2,27.6479741759912
"orng-04",7,2014,22.3021582733813,2,27.6479741759912
"orng-04",7,2015,22.3021582733813,2,27.6479741759912
"orng-04",7,2016,22.3021582733813,2,27.8265456045626
"orng-04",7,2017,22.3021582733813,2,27.8265456045626
"orng-04",7,2018,22.3021582733813,2,27.8265456045626
"orng-04",7,2019,22.3021582733813,2,27.8265456045626
"orng-04",7,2020,22.3021582733813,2,27.8265456045626
"orng-04",7,2021,22.3021582733813,2,27.8265456045626
"orng-04",7,2022,22.3021582733813,2,27.8265456045626
"orng-04",7,2023,22.3021582733813,2,27.6479741759912
"orng-04",7,2024,22.3021582733813,2,27.6479741759912
"orng-04",7,2025,22.3021582733813,2,27.2958614999349
"orng-04",8,1999,22.5352112676056,2,25.5514155140368
"orng-04",8,2000,22.5352112676056,2,25.5514155140368
"orng-04",8,2001,22.5352112676056,2,25.1228440854654
"orng-04",8,2002,22.5352112676056,2,24.5514155140368
"orng-04",8,2003,20.4225352112676,2,23.2654809284209
"orng-04",8,2004,20.4225352112676,2,23.2654809284209
"orng-04",8,2005,20.4225352112676,2,27.8240305140194
"orng-04",8,2006,19.7183098591549,2,27.6479741759912
"orng-04",8,2007,19.7183098591549,2,27.6479741759912
"orng-04",8,2008,19.7183098591549,2,27.6479741759912
"orng-04",8,2009,19.7183098591549,2,27.8265456045626
"orng-04",8,2010,19.7183098591549,2,27.8265456045626
"orng-04",8,2011,19.7183098591549,2,27.8265456045626
"orng-04",8,2012,19.7183098591549,2,27.6479741759912
"orng-04",8,2013,19.7183098591549,2,27.6479741759912
"orng-04",8,2014,19.7183098591549,2,27.6479741759912
"orng-04",8,2015,19.7183098591549,2,27.6479741759912
"orng-04",8,2016,19.7183098591549,2,27.8265456045626
"orng-04",8,2017,19.7183098591549,2,27.8265456045626
"orng-04",8,2018,19.7183098591549,2,27.8265456045626
"orng-04",8,2019,19.7183098591549,2,27.8265456045626
"orng-04",8,2020,19.7183098591549,2,27.8265456045626
"orng-04",8,2021,19.7183098591549,2,27.8265456045626
"orng-04",8,2022,19.7183098591549,2,27.8265456045626
"orng-04",8,2023,19.7183098591549,2,27.6479741759912
"orng-04",8,2024,19.7183098591549,2,27.6479741759912
"orng-04",8,2025,18.3098591549296,2,27.2958614999349
"orng-04",9,1999,44.2857142857143,2,25.5514155140368
"orng-04",9,2000,44.2857142857143,2,25.5514155140368
"orng-04",9,2001,44.2857142857143,2,25.1228440854654
"orng-04",9,2002,41.4285714285714,2,24.5514155140368
"orng-04",9,2003,39.2857142857143,2,23.2654809284209
"orng-04",9,2004,38.5714285714286,2,23.2654809284209
"orng-04",9,2005,38.5714285714286,2,27.8240305140194
"orng-04",9,2006,38.5714285714286,2,27.6479741759912
"orng-04",9,2007,38.5714285714286,2,27.6479741759912
"orng-04",9,2008,38.5714285714286,2,27.6479741759912
"orng-04",9,2009,38.5714285714286,2,27.8265456045626
"orng-04",9,2010,38.5714285714286,2,27.8265456045626
"orng-04",9,2011,38.5714285714286,2,27.8265456045626
"orng-04",9,2012,38.5714285714286,2,27.6479741759912
"orng-04",9,2013,38.5714285714286,2,27.6479741759912
"orng-04",9,2014,38.5714285714286,2,27.6479741759912
"orng-04",9,2015,38.5714285714286,2,27.6479741759912
"orng-04",9,2016,39.2857142857143,2,27.8265456045626
"orng-04",9,2017,39.2857142857143,2,27.8265456045626
"orng-04",9,2018,39.2857142857143,2,27.8265456045626
"orng-04",9,2019,39.2857142857143,2,27.8265456045626
"orng-04",9,2020,39.2857142857143,2,27.8265456045626
"orng-04",9,2021,39.2857142857143,2,27.8265456045626
"orng-04",9,2022,39.2857142857143,2,27.8265456045626
"orng-04",9,2023,38.5714285714286,2,27.6479741759912
"orng-04",9,2024,38.5714285714286,2,27.6479741759912
"orng-04",9,2025,38.5714285714286,2,27.2958614999349
"orng-04",10,1999,35.7142857142857,2,25.5514155140368
"orng-04",10,2000,35.7142857142857,2,25.5514155140368
"orng-04",10,2001,33.5714285714285,2,25.1228440854654
"orng-04",10,2002,33.5714285714285,2,24.5514155140368
"orng-04",10,2003,32.8571428571428,2,23.2654809284209
"orng-04",10,2004,33.5714285714285,2,23.2654809284209
"orng-04",10,2005,29.9999999999999,2,27.8240305140194
"orng-04",10,2006,29.9999999999999,2,27.6479741759912
"orng-04",10,2007,29.9999999999999,2,27.6479741759912
"orng-04",10,2008,29.9999999999999,2,27.6479741759912
"orng-04",10,2009,30.7142857142856,2,27.8265456045626
"orng-04",10,2010,30.7142857142856,2,27.8265456045626
"orng-04",10,2011,30.7142857142856,2,27.8265456045626
"orng-04",10,2012,29.9999999999999,2,27.6479741759912
"orng-04",10,2013,29.9999999999999,2,27.6479741759912
"orng-04",10,2014,29.9999999999999,2,27.6479741759912
"orng-04",10,2015,29.9999999999999,2,27.6479741759912
"orng-04",10,2016,29.9999999999999,2,27.8265456045626
"orng-04",10,2017,29.9999999999999,2,27.8265456045626
"orng-04",10,2018,29.9999999999999,2,27.8265456045626
"orng-04",10,2019,29.9999999999999,2,27.8265456045626
"orng-04",10,2020,29.9999999999999,2,27.8265456045626
"orng-04",10,2021,29.9999999999999,2,27.8265456045626
"orng-04",10,2022,29.9999999999999,2,27.8265456045626
"orng-04",10,2023,29.9999999999999,2,27.6479741759912
"orng-04",10,2024,29.9999999999999,2,27.6479741759912
"orng-04",10,2025,29.9999999999999,2,27.2958614999349
"orng-04",11,1999,56.7375886524823,3,61.4761055434759
"orng-04",11,2000,56.7375886524823,3,61.4761055434759
"orng-04",11,2001,56.7375886524823,3,61.4761055434759
"orng-04",11,2002,56.7375886524823,3,60.6127961909579
"orng-04",11,2003,56.7375886524823,3,60.4689112988716
"orng-04",11,2004,56.7375886524823,3,60.4689112988716
"orng-04",11,2005,56.7375886524823,3,59.465828051184
"orng-04",11,2006,56.7375886524823,3,58.7515423368983
"orng-04",11,2007,56.7375886524823,3,58.607657444812
"orng-04",11,2008,56.7375886524823,3,58.607657444812
"orng-04",11,2009,56.7375886524823,3,58.607657444812
"orng-04",11,2010,56.7375886524823,3,58.607657444812
"orng-04",11,2011,56.7375886524823,3,58.4648003019548
"orng-04",11,2012,56.7375886524823,3,58.4648003019548
"orng-04",11,2013,56.7375886524823,3,58.4648003019548
"orng-04",11,2014,56.7375886524823,3,58.3219431590977
"orng-04",11,2015,56.7375886524823,3,58.3219431590977
"orng-04",11,2016,56.7375886524823,3,58.3219431590977
"orng-04",11,2017,59.5744680851064,3,59.1791741180863
"orng-04",11,2018,60.2836879432624,3,59.3210180897175
"orng-04",11,2019,60.2836879432624,3,59.3210180897175
"orng-04",11,2020,60.2836879432624,3,59.3210180897175
"orng-04",11,2021,60.2836879432624,3,59.4649029818038
"orng-04",11,2022,60.2836879432624,3,57.607760124661
"orng-04",11,2023,60.2836879432624,3,57.4638752325746
"orng-04",11,2024,60.2836879432624,3,57.892446661146
"orng-04",11,2025,60.2836879432624,3,57.6067323754318
"orng-04",12,1999,55.7971014492754,3,61.4761055434759
"orng-04",12,2000,55.7971014492754,3,61.4761055434759
"orng-04",12,2001,55.7971014492754,3,61.4761055434759
"orng-04",12,2002,55.7971014492754,3,60.6127961909579
"orng-04",12,2003,55.7971014492754,3,60.4689112988716
"orng-04",12,2004,55.7971014492754,3,60.4689112988716
"orng-04",12,2005,55.7971014492754,3,59.465828051184
"orng-04",12,2006,55.7971014492754,3,58.7515423368983
"orng-04",12,2007,55.7971014492754,3,58.607657444812
"orng-04",12,2008,55.7971014492754,3,58.607657444812
"orng-04",12,2009,55.7971014492754,3,58.607657444812
"orng-04",12,2010,55.7971014492754,3,58.607657444812
"orng-04",12,2011,55.7971014492754,3,58.4648003019548
"orng-04",12,2012,55.7971014492754,3,58.4648003019548
"orng-04",12,2013,55.7971014492754,3,58.4648003019548
"orng-04",12,2014,55.7971014492754,3,58.3219431590977
"orng-04",12,2015,55.7971014492754,3,58.3219431590977
"orng-04",12,2016,55.7971014492754,3,58.3219431590977
"orng-04",12,2017,57.2463768115943,3,59.1791741180863
"orng-04",12,2018,57.2463768115943,3,59.3210180897175
"orng-04",12,2019,57.2463768115943,3,59.3210180897175
"orng-04",12,2020,57.2463768115943,3,59.3210180897175
"orng-04",12,2021,57.2463768115943,3,59.4649029818038
"orng-04",12,2022,57.2463768115943,3,57.607760124661
"orng-04",12,2023,57.2463768115943,3,57.4638752325746
"orng-04",12,2024,57.2463768115943,3,57.892446661146
"orng-04",12,2025,57.2463768115943,3,57.6067323754318
"orng-04",13,1999,65.7142857142856,3,61.4761055434759
"orng-04",13,2000,65.7142857142856,3,61.4761055434759
"orng-04",13,2001,65.7142857142856,3,61.4761055434759
"orng-04",13,2002,65.7142857142856,3,60.6127961909579
"orng-04",13,2003,65.7142857142856,3,60.4689112988716
"orng-04",13,2004,65.7142857142857,3,60.4689112988716
"orng-04",13,2005,65.7142857142857,3,59.465828051184
"orng-04",13,2006,65.7142857142857,3,58.7515423368983
"orng-04",13,2007,65.7142857142857,3,58.607657444812
"orng-04",13,2008,65.7142857142857,3,58.607657444812
"orng-04",13,2009,65.7142857142857,3,58.607657444812
"orng-04",13,2010,65.7142857142857,3,58.607657444812
"orng-04",13,2011,65,3,58.4648003019548
"orng-04",13,2012,65,3,58.4648003019548
"orng-04",13,2013,65,3,58.4648003019548
"orng-04",13,2014,65,3,58.3219431590977
"orng-04",13,2015,65,3,58.3219431590977
"orng-04",13,2016,65,3,58.3219431590977
"orng-04",13,2017,65,3,59.1791741180863
"orng-04",13,2018,65,3,59.3210180897175
"orng-04",13,2019,65,3,59.3210180897175
"orng-04",13,2020,65,3,59.3210180897175
"orng-04",13,2021,65,3,59.4649029818038
"orng-04",13,2022,55.7142857142857,3,57.607760124661
"orng-04",13,2023,55.7142857142857,3,57.4638752325746
"orng-04",13,2024,57.8571428571428,3,57.892446661146
"orng-04",13,2025,57.1428571428571,3,57.6067323754318
"orng-04",14,1999,78.4172661870503,3,61.4761055434759
"orng-04",14,2000,78.4172661870503,3,61.4761055434759
"orng-04",14,2001,78.4172661870503,3,61.4761055434759
"orng-04",14,2002,74.1007194244605,3,60.6127961909579
"orng-04",14,2003,73.3812949640288,3,60.4689112988716
"orng-04",14,2004,73.3812949640288,3,60.4689112988716
"orng-04",14,2005,71.2230215827339,3,59.465828051184
"orng-04",14,2006,71.2230215827339,3,58.7515423368983
"orng-04",14,2007,70.5035971223022,3,58.607657444812
"orng-04",14,2008,70.5035971223022,3,58.607657444812
"orng-04",14,2009,70.5035971223022,3,58.607657444812
"orng-04",14,2010,70.5035971223022,3,58.607657444812
"orng-04",14,2011,70.5035971223022,3,58.4648003019548
"orng-04",14,2012,70.5035971223022,3,58.4648003019548
"orng-04",14,2013,70.5035971223022,3,58.4648003019548
"orng-04",14,2014,70.5035971223022,3,58.3219431590977
"orng-04",14,2015,70.5035971223022,3,58.3219431590977
"orng-04",14,2016,70.5035971223022,3,58.3219431590977
"orng-04",14,2017,70.5035971223022,3,59.1791741180863
"orng-04",14,2018,70.5035971223022,3,59.3210180897175
"orng-04",14,2019,70.5035971223022,3,59.3210180897175
"orng-04",14,2020,70.5035971223022,3,59.3210180897175
"orng-04",14,2021,71.2230215827339,3,59.4649029818038
"orng-04",14,2022,71.2230215827339,3,57.607760124661
"orng-04",14,2023,70.5035971223022,3,57.4638752325746
"orng-04",14,2024,70.5035971223022,3,57.892446661146
"orng-04",14,2025,70.5035971223022,3,57.6067323754318
"orng-04",15,1999,50.7142857142858,3,61.4761055434759
"orng-04",15,2000,50.7142857142858,3,61.4761055434759
"orng-04",15,2001,50.7142857142858,3,61.4761055434759
"orng-04",15,2002,50.7142857142858,3,60.6127961909579
"orng-04",15,2003,50.7142857142858,3,60.4689112988716
"orng-04",15,2004,50.7142857142858,3,60.4689112988716
"orng-04",15,2005,47.8571428571428,3,59.465828051184
"orng-04",15,2006,44.2857142857142,3,58.7515423368983
"orng-04",15,2007,44.2857142857142,3,58.607657444812
"orng-04",15,2008,44.2857142857142,3,58.607657444812
"orng-04",15,2009,44.2857142857142,3,58.607657444812
"orng-04",15,2010,44.2857142857142,3,58.607657444812
"orng-04",15,2011,44.2857142857142,3,58.4648003019548
"orng-04",15,2012,44.2857142857142,3,58.4648003019548
"orng-04",15,2013,44.2857142857142,3,58.4648003019548
"orng-04",15,2014,43.5714285714285,3,58.3219431590977
"orng-04",15,2015,43.5714285714285,3,58.3219431590977
"orng-04",15,2016,43.5714285714285,3,58.3219431590977
"orng-04",15,2017,43.5714285714285,3,59.1791741180863
"orng-04",15,2018,43.5714285714285,3,59.3210180897175
"orng-04",15,2019,43.5714285714285,3,59.3210180897175
"orng-04",15,2020,43.5714285714285,3,59.3210180897175
"orng-04",15,2021,43.5714285714285,3,59.4649029818038
"orng-04",15,2022,43.5714285714285,3,57.607760124661
"orng-04",15,2023,43.5714285714285,3,57.4638752325746
"orng-04",15,2024,43.5714285714285,3,57.892446661146
"orng-04",15,2025,42.8571428571428,3,57.6067323754318
"orng-04",16,1999,35.5072463768116,4,59.6796899335045
"orng-04",16,2000,35.5072463768116,4,59.9695602270507
"orng-04",16,2001,35.5072463768116,4,60.8465305010378
"orng-04",16,2002,32.6086956521739,4,60.4117478923421
"orng-04",16,2003,32.6086956521739,4,60.5556476793448
"orng-04",16,2004,32.6086956521739,4,60.4127905364877
"orng-04",16,2005,32.6086956521739,4,60.2678630002558
"orng-04",16,2006,32.6086956521739,4,60.1250058573987
"orng-04",16,2007,32.6086956521739,4,60.2699333936306
"orng-04",16,2008,32.6086956521739,4,60.2678630002558
"orng-04",16,2009,32.6086956521739,4,60.5556476793449
"orng-04",16,2010,32.6086956521739,4,60.4127905364877
"orng-04",16,2011,32.6086956521739,4,60.1229354640239
"orng-04",16,2012,32.6086956521739,4,60.5556476793449
"orng-04",16,2013,32.6086956521739,4,60.1250058573987
"orng-04",16,2014,32.6086956521739,4,60.1250058573987
"orng-04",16,2015,32.6086956521739,4,60.1250058573987
"orng-04",16,2016,32.6086956521739,4,57.0582545615138
"orng-04",16,2017,32.6086956521739,4,57.0582545615138
"orng-04",16,2018,32.6086956521739,4,56.912269160054
"orng-04",16,2019,32.6086956521739,4,56.7673416238221
"orng-04",16,2020,32.6086956521739,4,56.912269160054
"orng-04",16,2021,32.6086956521739,4,56.4743129556744
"orng-04",16,2022,32.6086956521739,4,55.7423155550004
"orng-04",16,2023,32.6086956521739,4,56.3251992956118
"orng-04",16,2024,32.6086956521739,4,57.2042399629736
"orng-04",16,2025,32.6086956521739,4,58.6609657189695
"orng-04",17,1999,78.1021897810219,4,59.6796899335045
"orng-04",17,2000,78.8321167883211,4,59.9695602270507
"orng-04",17,2001,83.941605839416,4,60.8465305010378
"orng-04",17,2002,83.941605839416,4,60.4117478923421
"orng-04",17,2003,83.941605839416,4,60.5556476793448
"orng-04",17,2004,83.941605839416,4,60.4127905364877
"orng-04",17,2005,83.941605839416,4,60.2678630002558
"orng-04",17,2006,83.941605839416,4,60.1250058573987
"orng-04",17,2007,83.941605839416,4,60.2699333936306
"orng-04",17,2008,83.941605839416,4,60.2678630002558
"orng-04",17,2009,83.941605839416,4,60.5556476793449
"orng-04",17,2010,83.941605839416,4,60.4127905364877
"orng-04",17,2011,83.941605839416,4,60.1229354640239
"orng-04",17,2012,83.941605839416,4,60.5556476793449
"orng-04",17,2013,83.941605839416,4,60.1250058573987
"orng-04",17,2014,83.941605839416,4,60.1250058573987
"orng-04",17,2015,83.941605839416,4,60.1250058573987
"orng-04",17,2016,67.8832116788321,4,57.0582545615138
"orng-04",17,2017,67.8832116788321,4,57.0582545615138
"orng-04",17,2018,67.1532846715329,4,56.912269160054
"orng-04",17,2019,67.1532846715329,4,56.7673416238221
"orng-04",17,2020,67.1532846715329,4,56.912269160054
"orng-04",17,2021,64.963503649635,4,56.4743129556744
"orng-04",17,2022,61.3138686131387,4,55.7423155550004
"orng-04",17,2023,63.5036496350365,4,56.3251992956118
"orng-04",17,2024,68.6131386861313,4,57.2042399629736
"orng-04",17,2025,75.1824817518248,4,58.6609657189695
"orng-04",18,1999,76.2589928057554,4,59.6796899335045
"orng-04",18,2000,76.9784172661871,4,59.9695602270507
"orng-04",18,2001,76.9784172661871,4,60.8465305010378
"orng-04",18,2002,76.9784172661871,4,60.4117478923421
"orng-04",18,2003,76.2589928057555,4,60.5556476793448
"orng-04",18,2004,76.2589928057555,4,60.4127905364877
"orng-04",18,2005,76.2589928057555,4,60.2678630002558
"orng-04",18,2006,76.2589928057555,4,60.1250058573987
"orng-04",18,2007,76.2589928057555,4,60.2699333936306
"orng-04",18,2008,76.2589928057555,4,60.2678630002558
"orng-04",18,2009,76.2589928057555,4,60.5556476793449
"orng-04",18,2010,76.2589928057555,4,60.4127905364877
"orng-04",18,2011,76.2589928057555,4,60.1229354640239
"orng-04",18,2012,76.2589928057555,4,60.5556476793449
"orng-04",18,2013,76.2589928057555,4,60.1250058573987
"orng-04",18,2014,76.2589928057555,4,60.1250058573987
"orng-04",18,2015,76.2589928057555,4,60.1250058573987
"orng-04",18,2016,76.2589928057555,4,57.0582545615138
"orng-04",18,2017,76.2589928057555,4,57.0582545615138
"orng-04",18,2018,76.2589928057555,4,56.912269160054
"orng-04",18,2019,76.2589928057555,4,56.7673416238221
"orng-04",18,2020,76.2589928057555,4,56.912269160054
"orng-04",18,2021,76.2589928057555,4,56.4743129556744
"orng-04",18,2022,76.2589928057555,4,55.7423155550004
"orng-04",18,2023,76.2589928057555,4,56.3251992956118
"orng-04",18,2024,76.2589928057555,4,57.2042399629736
"orng-04",18,2025,76.2589928057555,4,58.6609657189695
"orng-04",19,1999,47.1014492753622,4,59.6796899335045
"orng-04",19,2000,47.1014492753622,4,59.9695602270507
"orng-04",19,2001,46.3768115942028,4,60.8465305010378
"orng-04",19,2002,47.1014492753622,4,60.4117478923421
"orng-04",19,2003,47.8260869565216,4,60.5556476793448
"orng-04",19,2004,47.8260869565216,4,60.4127905364877
"orng-04",19,2005,47.1014492753622,4,60.2678630002558
"orng-04",19,2006,47.1014492753622,4,60.1250058573987
"orng-04",19,2007,47.8260869565216,4,60.2699333936306
"orng-04",19,2008,47.1014492753622,4,60.2678630002558
"orng-04",19,2009,47.8260869565216,4,60.5556476793449
"orng-04",19,2010,47.8260869565216,4,60.4127905364877
"orng-04",19,2011,46.3768115942028,4,60.1229354640239
"orng-04",19,2012,47.8260869565216,4,60.5556476793449
"orng-04",19,2013,47.1014492753622,4,60.1250058573987
"orng-04",19,2014,47.1014492753622,4,60.1250058573987
"orng-04",19,2015,47.1014492753622,4,60.1250058573987
"orng-04",19,2016,47.8260869565216,4,57.0582545615138
"orng-04",19,2017,47.8260869565216,4,57.0582545615138
"orng-04",19,2018,47.8260869565216,4,56.912269160054
"orng-04",19,2019,47.1014492753622,4,56.7673416238221
"orng-04",19,2020,47.8260869565216,4,56.912269160054
"orng-04",19,2021,47.8260869565216,4,56.4743129556744
"orng-04",19,2022,47.1014492753622,4,55.7423155550004
"orng-04",19,2023,47.8260869565216,4,56.3251992956118
"orng-04",19,2024,47.8260869565216,4,57.2042399629736
"orng-04",19,2025,47.8260869565216,4,58.6609657189695
"orng-04",20,1999,61.4285714285714,4,59.6796899335045
"orng-04",20,2000,61.4285714285714,4,59.9695602270507
"orng-04",20,2001,61.4285714285714,4,60.8465305010378
"orng-04",20,2002,61.4285714285714,4,60.4117478923421
"orng-04",20,2003,62.1428571428571,4,60.5556476793448
"orng-04",20,2004,61.4285714285714,4,60.4127905364877
"orng-04",20,2005,61.4285714285714,4,60.2678630002558
"orng-04",20,2006,60.7142857142857,4,60.1250058573987
"orng-04",20,2007,60.7142857142857,4,60.2699333936306
"orng-04",20,2008,61.4285714285715,4,60.2678630002558
"orng-04",20,2009,62.1428571428572,4,60.5556476793449
"orng-04",20,2010,61.4285714285715,4,60.4127905364877
"orng-04",20,2011,61.4285714285715,4,60.1229354640239
"orng-04",20,2012,62.1428571428572,4,60.5556476793449
"orng-04",20,2013,60.7142857142857,4,60.1250058573987
"orng-04",20,2014,60.7142857142858,4,60.1250058573987
"orng-04",20,2015,60.7142857142858,4,60.1250058573987
"orng-04",20,2016,60.7142857142858,4,57.0582545615138
"orng-04",20,2017,60.7142857142858,4,57.0582545615138
"orng-04",20,2018,60.7142857142858,4,56.912269160054
"orng-04",20,2019,60.7142857142858,4,56.7673416238221
"orng-04",20,2020,60.7142857142858,4,56.912269160054
"orng-04",20,2021,60.7142857142858,4,56.4743129556744
"orng-04",20,2022,61.4285714285715,4,55.7423155550004
"orng-04",20,2023,61.4285714285715,4,56.3251992956118
"orng-04",20,2024,60.7142857142858,4,57.2042399629736
"orng-04",20,2025,61.4285714285715,4,58.6609657189695
"orng-05",1,1999,44.2028985507247,1,38.870974846923
"orng-05",1,2000,44.2028985507246,1,38.870974846923
"orng-05",1,2001,44.2028985507246,1,38.870974846923
"orng-05",1,2002,44.2028985507246,1,38.870974846923
"orng-05",1,2003,44.2028985507246,1,39.0138319897802
"orng-05",1,2004,44.2028985507247,1,38.7301440465178
"orng-05",1,2005,44.2028985507247,1,38.7301440465178
"orng-05",1,2006,44.2028985507247,1,38.871988018149
"orng-05",1,2007,44.2028985507247,1,38.7291308752918
"orng-05",1,2008,44.2028985507247,1,38.7291308752918
"orng-05",1,2009,44.2028985507247,1,38.871988018149
"orng-05",1,2010,44.2028985507246,1,38.871988018149
"orng-05",1,2011,44.2028985507246,1,38.871988018149
"orng-05",1,2012,44.2028985507246,1,38.871988018149
"orng-05",1,2013,44.2028985507246,1,38.871988018149
"orng-05",1,2014,44.2028985507246,1,38.871988018149
"orng-05",1,2015,44.2028985507246,1,38.7301440465178
"orng-05",1,2016,44.2028985507246,1,38.7301440465178
"orng-05",1,2017,44.2028985507246,1,38.7301440465178
"orng-05",1,2018,44.2028985507246,1,38.4464561032554
"orng-05",1,2019,44.2028985507246,1,38.4464561032554
"orng-05",1,2020,44.2028985507246,1,38.4464561032554
"orng-05",1,2021,44.2028985507246,1,38.4464561032554
"orng-05",1,2022,44.2028985507246,1,38.3046121316242
"orng-05",1,2023,44.2028985507246,1,38.162768159993
"orng-05",1,2024,44.2028985507246,1,38.162768159993
"orng-05",1,2025,44.2028985507246,1,38.0209241883617
"orng-05",2,1999,60.9929078014184,1,38.870974846923
"orng-05",2,2000,60.9929078014184,1,38.870974846923
"orng-05",2,2001,60.9929078014184,1,38.870974846923
"orng-05",2,2002,60.9929078014184,1,38.870974846923
"orng-05",2,2003,60.9929078014184,1,39.0138319897802
"orng-05",2,2004,60.9929078014184,1,38.7301440465178
"orng-05",2,2005,60.9929078014184,1,38.7301440465178
"orng-05",2,2006,60.9929078014184,1,38.871988018149
"orng-05",2,2007,60.9929078014184,1,38.7291308752918
"orng-05",2,2008,60.9929078014184,1,38.7291308752918
"orng-05",2,2009,60.9929078014184,1,38.871988018149
"orng-05",2,2010,60.9929078014184,1,38.871988018149
"orng-05",2,2011,60.9929078014184,1,38.871988018149
"orng-05",2,2012,60.9929078014184,1,38.871988018149
"orng-05",2,2013,60.9929078014184,1,38.871988018149
"orng-05",2,2014,60.9929078014184,1,38.871988018149
"orng-05",2,2015,60.9929078014184,1,38.7301440465178
"orng-05",2,2016,60.9929078014184,1,38.7301440465178
"orng-05",2,2017,60.9929078014184,1,38.7301440465178
"orng-05",2,2018,59.5744680851064,1,38.4464561032554
"orng-05",2,2019,59.5744680851064,1,38.4464561032554
"orng-05",2,2020,59.5744680851064,1,38.4464561032554
"orng-05",2,2021,59.5744680851064,1,38.4464561032554
"orng-05",2,2022,58.8652482269504,1,38.3046121316242
"orng-05",2,2023,58.1560283687944,1,38.162768159993
"orng-05",2,2024,58.1560283687944,1,38.162768159993
"orng-05",2,2025,57.4468085106383,1,38.0209241883617
"orng-05",3,1999,17.7304964539007,1,38.870974846923
"orng-05",3,2000,17.7304964539007,1,38.870974846923
"orng-05",3,2001,17.7304964539007,1,38.870974846923
"orng-05",3,2002,17.7304964539007,1,38.870974846923
"orng-05",3,2003,17.7304964539007,1,39.0138319897802
"orng-05",3,2004,16.3120567375886,1,38.7301440465178
"orng-05",3,2005,16.3120567375886,1,38.7301440465178
"orng-05",3,2006,17.0212765957447,1,38.871988018149
"orng-05",3,2007,17.0212765957447,1,38.7291308752918
"orng-05",3,2008,17.0212765957447,1,38.7291308752918
"orng-05",3,2009,17.0212765957447,1,38.871988018149
"orng-05",3,2010,17.0212765957447,1,38.871988018149
"orng-05",3,2011,17.0212765957447,1,38.871988018149
"orng-05",3,2012,17.0212765957447,1,38.871988018149
"orng-05",3,2013,17.0212765957447,1,38.871988018149
"orng-05",3,2014,17.0212765957447,1,38.871988018149
"orng-05",3,2015,16.3120567375886,1,38.7301440465178
"orng-05",3,2016,16.3120567375886,1,38.7301440465178
"orng-05",3,2017,16.3120567375886,1,38.7301440465178
"orng-05",3,2018,16.3120567375886,1,38.4464561032554
"orng-05",3,2019,16.3120567375886,1,38.4464561032554
"orng-05",3,2020,16.3120567375886,1,38.4464561032554
"orng-05",3,2021,16.3120567375886,1,38.4464561032554
"orng-05",3,2022,16.3120567375886,1,38.3046121316242
"orng-05",3,2023,16.3120567375886,1,38.162768159993
"orng-05",3,2024,16.3120567375886,1,38.162768159993
"orng-05",3,2025,16.3120567375886,1,38.0209241883617
"orng-05",4,1999,28.5714285714286,1,38.870974846923
"orng-05",4,2000,28.5714285714286,1,38.870974846923
"orng-05",4,2001,28.5714285714286,1,38.870974846923
"orng-05",4,2002,28.5714285714286,1,38.870974846923
"orng-05",4,2003,29.2857142857142,1,39.0138319897802
"orng-05",4,2004,29.2857142857143,1,38.7301440465178
"orng-05",4,2005,29.2857142857143,1,38.7301440465178
"orng-05",4,2006,29.2857142857143,1,38.871988018149
"orng-05",4,2007,29.2857142857143,1,38.7291308752918
"orng-05",4,2008,29.2857142857143,1,38.7291308752918
"orng-05",4,2009,29.2857142857143,1,38.871988018149
"orng-05",4,2010,29.2857142857143,1,38.871988018149
"orng-05",4,2011,29.2857142857143,1,38.871988018149
"orng-05",4,2012,29.2857142857143,1,38.871988018149
"orng-05",4,2013,29.2857142857143,1,38.871988018149
"orng-05",4,2014,29.2857142857143,1,38.871988018149
"orng-05",4,2015,29.2857142857143,1,38.7301440465178
"orng-05",4,2016,29.2857142857143,1,38.7301440465178
"orng-05",4,2017,29.2857142857143,1,38.7301440465178
"orng-05",4,2018,29.2857142857143,1,38.4464561032554
"orng-05",4,2019,29.2857142857143,1,38.4464561032554
"orng-05",4,2020,29.2857142857143,1,38.4464561032554
"orng-05",4,2021,29.2857142857143,1,38.4464561032554
"orng-05",4,2022,29.2857142857143,1,38.3046121316242
"orng-05",4,2023,29.2857142857143,1,38.162768159993
"orng-05",4,2024,29.2857142857143,1,38.162768159993
"orng-05",4,2025,29.2857142857143,1,38.0209241883617
"orng-05",5,1999,42.8571428571428,1,38.870974846923
"orng-05",5,2000,42.8571428571428,1,38.870974846923
"orng-05",5,2001,42.8571428571428,1,38.870974846923
"orng-05",5,2002,42.8571428571428,1,38.870974846923
"orng-05",5,2003,42.8571428571428,1,39.0138319897802
"orng-05",5,2004,42.8571428571428,1,38.7301440465178
"orng-05",5,2005,42.8571428571428,1,38.7301440465178
"orng-05",5,2006,42.8571428571428,1,38.871988018149
"orng-05",5,2007,42.1428571428571,1,38.7291308752918
"orng-05",5,2008,42.1428571428571,1,38.7291308752918
"orng-05",5,2009,42.8571428571428,1,38.871988018149
"orng-05",5,2010,42.8571428571428,1,38.871988018149
"orng-05",5,2011,42.8571428571428,1,38.871988018149
"orng-05",5,2012,42.8571428571428,1,38.871988018149
"orng-05",5,2013,42.8571428571428,1,38.871988018149
"orng-05",5,2014,42.8571428571428,1,38.871988018149
"orng-05",5,2015,42.8571428571428,1,38.7301440465178
"orng-05",5,2016,42.8571428571428,1,38.7301440465178
"orng-05",5,2017,42.8571428571428,1,38.7301440465178
"orng-05",5,2018,42.8571428571428,1,38.4464561032554
"orng-05",5,2019,42.8571428571428,1,38.4464561032554
"orng-05",5,2020,42.8571428571428,1,38.4464561032554
"orng-05",5,2021,42.8571428571428,1,38.4464561032554
"orng-05",5,2022,42.8571428571428,1,38.3046121316242
"orng-05",5,2023,42.8571428571428,1,38.162768159993
"orng-05",5,2024,42.8571428571428,1,38.162768159993
"orng-05",5,2025,42.8571428571428,1,38.0209241883617
"orng-05",6,1999,22.463768115942,2,30.0265379571937
"orng-05",6,2000,22.463768115942,2,30.0265379571937
"orng-05",6,2001,22.463768115942,2,30.0265379571937
"orng-05",6,2002,22.463768115942,2,29.8826530651074
"orng-05",6,2003,22.463768115942,2,29.8826530651074
"orng-05",6,2004,22.4637681159421,2,29.8826530651074
"orng-05",6,2005,22.4637681159421,2,29.8826530651074
"orng-05",6,2006,22.4637681159421,2,29.8826530651074
"orng-05",6,2007,22.4637681159421,2,29.8826530651074
"orng-05",6,2008,22.4637681159421,2,29.8826530651074
"orng-05",6,2009,22.4637681159421,2,29.8826530651074
"orng-05",6,2010,22.4637681159421,2,29.8826530651074
"orng-05",6,2011,22.4637681159421,2,29.8826530651074
"orng-05",6,2012,22.4637681159421,2,29.8826530651074
"orng-05",6,2013,22.4637681159421,2,29.8826530651074
"orng-05",6,2014,22.4637681159421,2,29.8826530651074
"orng-05",6,2015,22.4637681159421,2,29.8826530651074
"orng-05",6,2016,22.4637681159421,2,29.8826530651074
"orng-05",6,2017,22.4637681159421,2,29.8826530651074
"orng-05",6,2018,22.4637681159421,2,29.8826530651074
"orng-05",6,2019,22.4637681159421,2,29.8826530651074
"orng-05",6,2020,22.4637681159421,2,29.8826530651074
"orng-05",6,2021,22.4637681159421,2,29.8826530651074
"orng-05",6,2022,22.4637681159421,2,29.8826530651074
"orng-05",6,2023,22.4637681159421,2,29.8826530651074
"orng-05",6,2024,22.4637681159421,2,29.8826530651074
"orng-05",6,2025,22.4637681159421,2,29.8826530651074
"orng-05",7,1999,52.5179856115108,2,30.0265379571937
"orng-05",7,2000,52.5179856115108,2,30.0265379571937
"orng-05",7,2001,52.5179856115108,2,30.0265379571937
"orng-05",7,2002,52.5179856115108,2,29.8826530651074
"orng-05",7,2003,52.5179856115108,2,29.8826530651074
"orng-05",7,2004,52.5179856115108,2,29.8826530651074
"orng-05",7,2005,52.5179856115108,2,29.8826530651074
"orng-05",7,2006,52.5179856115108,2,29.8826530651074
"orng-05",7,2007,52.5179856115108,2,29.8826530651074
"orng-05",7,2008,52.5179856115108,2,29.8826530651074
"orng-05",7,2009,52.5179856115108,2,29.8826530651074
"orng-05",7,2010,52.5179856115108,2,29.8826530651074
"orng-05",7,2011,52.5179856115108,2,29.8826530651074
"orng-05",7,2012,52.5179856115108,2,29.8826530651074
"orng-05",7,2013,52.5179856115108,2,29.8826530651074
"orng-05",7,2014,52.5179856115108,2,29.8826530651074
"orng-05",7,2015,52.5179856115108,2,29.8826530651074
"orng-05",7,2016,52.5179856115108,2,29.8826530651074
"orng-05",7,2017,52.5179856115108,2,29.8826530651074
"orng-05",7,2018,52.5179856115108,2,29.8826530651074
"orng-05",7,2019,52.5179856115108,2,29.8826530651074
"orng-05",7,2020,52.5179856115108,2,29.8826530651074
"orng-05",7,2021,52.5179856115108,2,29.8826530651074
"orng-05",7,2022,52.5179856115108,2,29.8826530651074
"orng-05",7,2023,52.5179856115108,2,29.8826530651074
"orng-05",7,2024,52.5179856115108,2,29.8826530651074
"orng-05",7,2025,52.5179856115108,2,29.8826530651074
"orng-05",8,1999,22.6277372262774,2,30.0265379571937
"orng-05",8,2000,22.6277372262774,2,30.0265379571937
"orng-05",8,2001,22.6277372262774,2,30.0265379571937
"orng-05",8,2002,22.6277372262774,2,29.8826530651074
"orng-05",8,2003,22.6277372262774,2,29.8826530651074
"orng-05",8,2004,22.6277372262774,2,29.8826530651074
"orng-05",8,2005,22.6277372262774,2,29.8826530651074
"orng-05",8,2006,22.6277372262774,2,29.8826530651074
"orng-05",8,2007,22.6277372262774,2,29.8826530651074
"orng-05",8,2008,22.6277372262774,2,29.8826530651074
"orng-05",8,2009,22.6277372262774,2,29.8826530651074
"orng-05",8,2010,22.6277372262774,2,29.8826530651074
"orng-05",8,2011,22.6277372262774,2,29.8826530651074
"orng-05",8,2012,22.6277372262774,2,29.8826530651074
"orng-05",8,2013,22.6277372262774,2,29.8826530651074
"orng-05",8,2014,22.6277372262774,2,29.8826530651074
"orng-05",8,2015,22.6277372262774,2,29.8826530651074
"orng-05",8,2016,22.6277372262774,2,29.8826530651074
"orng-05",8,2017,22.6277372262774,2,29.8826530651074
"orng-05",8,2018,22.6277372262774,2,29.8826530651074
"orng-05",8,2019,22.6277372262774,2,29.8826530651074
"orng-05",8,2020,22.6277372262774,2,29.8826530651074
"orng-05",8,2021,22.6277372262774,2,29.8826530651074
"orng-05",8,2022,22.6277372262774,2,29.8826530651074
"orng-05",8,2023,22.6277372262774,2,29.8826530651074
"orng-05",8,2024,22.6277372262774,2,29.8826530651074
"orng-05",8,2025,22.6277372262774,2,29.8826530651074
"orng-05",9,1999,0.72463768115942,2,30.0265379571937
"orng-05",9,2000,0.72463768115942,2,30.0265379571937
"orng-05",9,2001,0.72463768115942,2,30.0265379571937
"orng-05",9,2002,0.72463768115942,2,29.8826530651074
"orng-05",9,2003,0.72463768115942,2,29.8826530651074
"orng-05",9,2004,0.72463768115942,2,29.8826530651074
"orng-05",9,2005,0.72463768115942,2,29.8826530651074
"orng-05",9,2006,0.72463768115942,2,29.8826530651074
"orng-05",9,2007,0.72463768115942,2,29.8826530651074
"orng-05",9,2008,0.72463768115942,2,29.8826530651074
"orng-05",9,2009,0.72463768115942,2,29.8826530651074
"orng-05",9,2010,0.72463768115942,2,29.8826530651074
"orng-05",9,2011,0.72463768115942,2,29.8826530651074
"orng-05",9,2012,0.72463768115942,2,29.8826530651074
"orng-05",9,2013,0.72463768115942,2,29.8826530651074
"orng-05",9,2014,0.72463768115942,2,29.8826530651074
"orng-05",9,2015,0.72463768115942,2,29.8826530651074
"orng-05",9,2016,0.72463768115942,2,29.8826530651074
"orng-05",9,2017,0.72463768115942,2,29.8826530651074
"orng-05",9,2018,0.72463768115942,2,29.8826530651074
"orng-05",9,2019,0.72463768115942,2,29.8826530651074
"orng-05",9,2020,0.72463768115942,2,29.8826530651074
"orng-05",9,2021,0.72463768115942,2,29.8826530651074
"orng-05",9,2022,0.72463768115942,2,29.8826530651074
"orng-05",9,2023,0.72463768115942,2,29.8826530651074
"orng-05",9,2024,0.72463768115942,2,29.8826530651074
"orng-05",9,2025,0.72463768115942,2,29.8826530651074
"orng-05",10,1999,51.7985611510791,2,30.0265379571937
"orng-05",10,2000,51.7985611510791,2,30.0265379571937
"orng-05",10,2001,51.7985611510791,2,30.0265379571937
"orng-05",10,2002,51.0791366906476,2,29.8826530651074
"orng-05",10,2003,51.0791366906476,2,29.8826530651074
"orng-05",10,2004,51.0791366906476,2,29.8826530651074
"orng-05",10,2005,51.0791366906476,2,29.8826530651074
"orng-05",10,2006,51.0791366906476,2,29.8826530651074
"orng-05",10,2007,51.0791366906476,2,29.8826530651074
"orng-05",10,2008,51.0791366906476,2,29.8826530651074
"orng-05",10,2009,51.0791366906476,2,29.8826530651074
"orng-05",10,2010,51.0791366906476,2,29.8826530651074
"orng-05",10,2011,51.0791366906476,2,29.8826530651074
"orng-05",10,2012,51.0791366906476,2,29.8826530651074
"orng-05",10,2013,51.0791366906476,2,29.8826530651074
"orng-05",10,2014,51.0791366906476,2,29.8826530651074
"orng-05",10,2015,51.0791366906476,2,29.8826530651074
"orng-05",10,2016,51.0791366906476,2,29.8826530651074
"orng-05",10,2017,51.0791366906476,2,29.8826530651074
"orng-05",10,2018,51.0791366906476,2,29.8826530651074
"orng-05",10,2019,51.0791366906476,2,29.8826530651074
"orng-05",10,2020,51.0791366906476,2,29.8826530651074
"orng-05",10,2021,51.0791366906476,2,29.8826530651074
"orng-05",10,2022,51.0791366906476,2,29.8826530651074
"orng-05",10,2023,51.0791366906476,2,29.8826530651074
"orng-05",10,2024,51.0791366906476,2,29.8826530651074
"orng-05",10,2025,51.0791366906476,2,29.8826530651074
"orng-05",11,1999,52.8571428571429,3,51.4309695101062
"orng-05",11,2000,52.8571428571429,3,51.4309695101062
"orng-05",11,2001,52.8571428571429,3,51.5748544021925
"orng-05",11,2002,47.1428571428572,3,50.5758821514217
"orng-05",11,2003,44.2857142857143,3,50.0044535799931
"orng-05",11,2004,42.8571428571429,3,49.7187392942789
"orng-05",11,2005,42.8571428571429,3,49.7187392942789
"orng-05",11,2006,42.8571428571429,3,49.7187392942789
"orng-05",11,2007,42.8571428571429,3,49.7187392942789
"orng-05",11,2008,43.5714285714286,3,49.861596437136
"orng-05",11,2009,44.2857142857143,3,50.0044535799931
"orng-05",11,2010,51.4285714285715,3,51.4330250085646
"orng-05",11,2011,52.8571428571429,3,50.7187392942789
"orng-05",11,2012,52.8571428571429,3,51.0044535799931
"orng-05",11,2013,52.8571428571429,3,51.5758821514217
"orng-05",11,2014,52.8571428571429,3,51.5758821514217
"orng-05",11,2015,52.8571428571429,3,51.5758821514217
"orng-05",11,2016,52.8571428571429,3,51.5758821514217
"orng-05",11,2017,52.8571428571429,3,51.861596437136
"orng-05",11,2018,52.8571428571429,3,52.0044535799931
"orng-05",11,2019,52.1428571428571,3,51.861596437136
"orng-05",11,2020,52.1428571428571,3,51.861596437136
"orng-05",11,2021,52.1428571428571,3,51.861596437136
"orng-05",11,2022,52.1428571428571,3,50.8595409386776
"orng-05",11,2023,52.1428571428571,3,50.8595409386776
"orng-05",11,2024,52.1428571428571,3,50.8595409386776
"orng-05",11,2025,52.1428571428571,3,50.8595409386776
"orng-05",12,1999,52.8571428571428,3,51.4309695101062
"orng-05",12,2000,52.8571428571428,3,51.4309695101062
"orng-05",12,2001,52.8571428571428,3,51.5748544021925
"orng-05",12,2002,52.8571428571428,3,50.5758821514217
"orng-05",12,2003,52.8571428571428,3,50.0044535799931
"orng-05",12,2004,52.8571428571428,3,49.7187392942789
"orng-05",12,2005,52.8571428571428,3,49.7187392942789
"orng-05",12,2006,52.8571428571428,3,49.7187392942789
"orng-05",12,2007,52.8571428571428,3,49.7187392942789
"orng-05",12,2008,52.8571428571428,3,49.861596437136
"orng-05",12,2009,52.8571428571428,3,50.0044535799931
"orng-05",12,2010,52.8571428571428,3,51.4330250085646
"orng-05",12,2011,52.8571428571428,3,50.7187392942789
"orng-05",12,2012,52.8571428571428,3,51.0044535799931
"orng-05",12,2013,52.8571428571428,3,51.5758821514217
"orng-05",12,2014,52.8571428571428,3,51.5758821514217
"orng-05",12,2015,52.8571428571428,3,51.5758821514217
"orng-05",12,2016,52.8571428571428,3,51.5758821514217
"orng-05",12,2017,52.8571428571428,3,51.861596437136
"orng-05",12,2018,52.8571428571428,3,52.0044535799931
"orng-05",12,2019,52.8571428571428,3,51.861596437136
"orng-05",12,2020,52.8571428571428,3,51.861596437136
"orng-05",12,2021,52.8571428571428,3,51.861596437136
"orng-05",12,2022,49.2857142857143,3,50.8595409386776
"orng-05",12,2023,49.2857142857143,3,50.8595409386776
"orng-05",12,2024,49.2857142857143,3,50.8595409386776
"orng-05",12,2025,49.2857142857143,3,50.8595409386776
"orng-05",13,1999,68.3453237410072,3,51.4309695101062
"orng-05",13,2000,68.3453237410072,3,51.4309695101062
"orng-05",13,2001,69.0647482014388,3,51.5748544021925
"orng-05",13,2002,69.7841726618705,3,50.5758821514217
"orng-05",13,2003,69.7841726618705,3,50.0044535799931
"orng-05",13,2004,69.7841726618705,3,49.7187392942789
"orng-05",13,2005,69.7841726618705,3,49.7187392942789
"orng-05",13,2006,69.7841726618705,3,49.7187392942789
"orng-05",13,2007,69.7841726618705,3,49.7187392942789
"orng-05",13,2008,69.7841726618705,3,49.861596437136
"orng-05",13,2009,69.7841726618705,3,50.0044535799931
"orng-05",13,2010,69.7841726618705,3,51.4330250085646
"orng-05",13,2011,69.7841726618705,3,50.7187392942789
"orng-05",13,2012,69.7841726618705,3,51.0044535799931
"orng-05",13,2013,69.7841726618705,3,51.5758821514217
"orng-05",13,2014,69.7841726618705,3,51.5758821514217
"orng-05",13,2015,69.7841726618705,3,51.5758821514217
"orng-05",13,2016,69.7841726618705,3,51.5758821514217
"orng-05",13,2017,69.7841726618705,3,51.861596437136
"orng-05",13,2018,69.7841726618705,3,52.0044535799931
"orng-05",13,2019,69.7841726618705,3,51.861596437136
"orng-05",13,2020,69.7841726618705,3,51.861596437136
"orng-05",13,2021,69.7841726618705,3,51.861596437136
"orng-05",13,2022,68.3453237410072,3,50.8595409386776
"orng-05",13,2023,68.3453237410072,3,50.8595409386776
"orng-05",13,2024,68.3453237410072,3,50.8595409386776
"orng-05",13,2025,68.3453237410072,3,50.8595409386776
"orng-05",14,1999,16.6666666666667,3,51.4309695101062
"orng-05",14,2000,16.6666666666667,3,51.4309695101062
"orng-05",14,2001,16.6666666666667,3,51.5748544021925
"orng-05",14,2002,16.6666666666667,3,50.5758821514217
"orng-05",14,2003,16.6666666666667,3,50.0044535799931
"orng-05",14,2004,16.6666666666667,3,49.7187392942789
"orng-05",14,2005,16.6666666666667,3,49.7187392942789
"orng-05",14,2006,16.6666666666667,3,49.7187392942789
"orng-05",14,2007,16.6666666666667,3,49.7187392942789
"orng-05",14,2008,16.6666666666667,3,49.861596437136
"orng-05",14,2009,16.6666666666667,3,50.0044535799931
"orng-05",14,2010,16.6666666666667,3,51.4330250085646
"orng-05",14,2011,16.6666666666667,3,50.7187392942789
"orng-05",14,2012,16.6666666666667,3,51.0044535799931
"orng-05",14,2013,16.6666666666667,3,51.5758821514217
"orng-05",14,2014,16.6666666666667,3,51.5758821514217
"orng-05",14,2015,16.6666666666667,3,51.5758821514217
"orng-05",14,2016,16.6666666666667,3,51.5758821514217
"orng-05",14,2017,16.6666666666667,3,51.861596437136
"orng-05",14,2018,16.6666666666667,3,52.0044535799931
"orng-05",14,2019,16.6666666666667,3,51.861596437136
"orng-05",14,2020,16.6666666666667,3,51.861596437136
"orng-05",14,2021,16.6666666666667,3,51.861596437136
"orng-05",14,2022,16.6666666666667,3,50.8595409386776
"orng-05",14,2023,16.6666666666667,3,50.8595409386776
"orng-05",14,2024,16.6666666666667,3,50.8595409386776
"orng-05",14,2025,16.6666666666667,3,50.8595409386776
"orng-05",15,1999,66.4285714285714,3,51.4309695101062
"orng-05",15,2000,66.4285714285714,3,51.4309695101062
"orng-05",15,2001,66.4285714285714,3,51.5748544021925
"orng-05",15,2002,66.4285714285714,3,50.5758821514217
"orng-05",15,2003,66.4285714285714,3,50.0044535799931
"orng-05",15,2004,66.4285714285714,3,49.7187392942789
"orng-05",15,2005,66.4285714285714,3,49.7187392942789
"orng-05",15,2006,66.4285714285714,3,49.7187392942789
"orng-05",15,2007,66.4285714285714,3,49.7187392942789
"orng-05",15,2008,66.4285714285714,3,49.861596437136
"orng-05",15,2009,66.4285714285714,3,50.0044535799931
"orng-05",15,2010,66.4285714285714,3,51.4330250085646
"orng-05",15,2011,61.4285714285715,3,50.7187392942789
"orng-05",15,2012,62.8571428571428,3,51.0044535799931
"orng-05",15,2013,65.7142857142857,3,51.5758821514217
"orng-05",15,2014,65.7142857142857,3,51.5758821514217
"orng-05",15,2015,65.7142857142857,3,51.5758821514217
"orng-05",15,2016,65.7142857142857,3,51.5758821514217
"orng-05",15,2017,67.1428571428572,3,51.861596437136
"orng-05",15,2018,67.8571428571429,3,52.0044535799931
"orng-05",15,2019,67.8571428571429,3,51.861596437136
"orng-05",15,2020,67.8571428571429,3,51.861596437136
"orng-05",15,2021,67.8571428571429,3,51.861596437136
"orng-05",15,2022,67.8571428571429,3,50.8595409386776
"orng-05",15,2023,67.8571428571429,3,50.8595409386776
"orng-05",15,2024,67.8571428571429,3,50.8595409386776
"orng-05",15,2025,67.8571428571429,3,50.8595409386776
"orng-05",16,1999,1.43884892086331,4,29.655483737415
"orng-05",16,2000,1.43884892086331,4,29.655483737415
"orng-05",16,2001,1.43884892086331,4,29.655483737415
"orng-05",16,2002,1.43884892086331,4,29.9474545403347
"orng-05",16,2003,1.43884892086331,4,29.9474545403347
"orng-05",16,2004,1.43884892086331,4,29.9474545403347
"orng-05",16,2005,1.43884892086331,4,28.7764430700532
"orng-05",16,2006,1.43884892086331,4,28.633585927196
"orng-05",16,2007,1.43884892086331,4,28.7764430700532
"orng-05",16,2008,1.43884892086331,4,28.9193002129103
"orng-05",16,2009,1.43884892086331,4,28.9193002129103
"orng-05",16,2010,1.43884892086331,4,28.9193002129103
"orng-05",16,2011,1.43884892086331,4,28.9193002129103
"orng-05",16,2012,1.43884892086331,4,21.9627784737799
"orng-05",16,2013,1.43884892086331,4,21.9627784737799
"orng-05",16,2014,1.43884892086331,4,21.9627784737799
"orng-05",16,2015,1.43884892086331,4,21.9627784737799
"orng-05",16,2016,1.43884892086331,4,22.1077060100118
"orng-05",16,2017,1.43884892086331,4,22.6832753681898
"orng-05",16,2018,1.43884892086331,4,22.6853457615646
"orng-05",16,2019,1.43884892086331,4,24.5714741259538
"orng-05",16,2020,1.43884892086331,4,28.7743726766785
"orng-05",16,2021,1.43884892086331,4,29.3520124282312
"orng-05",16,2022,1.43884892086331,4,29.2060270267714
"orng-05",16,2023,1.43884892086331,4,29.0631698839142
"orng-05",16,2024,1.43884892086331,4,28.7671036313262
"orng-05",16,2025,1.43884892086331,4,28.481389345612
"orng-05",17,1999,5,4,29.655483737415
"orng-05",17,2000,5,4,29.655483737415
"orng-05",17,2001,5,4,29.655483737415
"orng-05",17,2002,5,4,29.9474545403347
"orng-05",17,2003,5,4,29.9474545403347
"orng-05",17,2004,5,4,29.9474545403347
"orng-05",17,2005,5.71428571428571,4,28.7764430700532
"orng-05",17,2006,5,4,28.633585927196
"orng-05",17,2007,5.71428571428571,4,28.7764430700532
"orng-05",17,2008,6.42857142857143,4,28.9193002129103
"orng-05",17,2009,6.42857142857143,4,28.9193002129103
"orng-05",17,2010,6.42857142857143,4,28.9193002129103
"orng-05",17,2011,6.42857142857143,4,28.9193002129103
"orng-05",17,2012,6.42857142857143,4,21.9627784737799
"orng-05",17,2013,6.42857142857143,4,21.9627784737799
"orng-05",17,2014,6.42857142857143,4,21.9627784737799
"orng-05",17,2015,6.42857142857143,4,21.9627784737799
"orng-05",17,2016,6.42857142857143,4,22.1077060100118
"orng-05",17,2017,7.85714285714285,4,22.6832753681898
"orng-05",17,2018,7.14285714285714,4,22.6853457615646
"orng-05",17,2019,6.42857142857143,4,24.5714741259538
"orng-05",17,2020,6.42857142857143,4,28.7743726766785
"orng-05",17,2021,7.14285714285714,4,29.3520124282312
"orng-05",17,2022,7.14285714285714,4,29.2060270267714
"orng-05",17,2023,6.42857142857143,4,29.0631698839142
"orng-05",17,2024,8.57142857142857,4,28.7671036313262
"orng-05",17,2025,7.14285714285714,4,28.481389345612
"orng-05",18,1999,8.69565217391304,4,29.655483737415
"orng-05",18,2000,8.69565217391304,4,29.655483737415
"orng-05",18,2001,8.69565217391304,4,29.655483737415
"orng-05",18,2002,8.69565217391304,4,29.9474545403347
"orng-05",18,2003,8.69565217391304,4,29.9474545403347
"orng-05",18,2004,8.69565217391304,4,29.9474545403347
"orng-05",18,2005,8.69565217391304,4,28.7764430700532
"orng-05",18,2006,8.69565217391304,4,28.633585927196
"orng-05",18,2007,8.69565217391304,4,28.7764430700532
"orng-05",18,2008,8.69565217391304,4,28.9193002129103
"orng-05",18,2009,8.69565217391304,4,28.9193002129103
"orng-05",18,2010,8.69565217391304,4,28.9193002129103
"orng-05",18,2011,8.69565217391304,4,28.9193002129103
"orng-05",18,2012,8.69565217391304,4,21.9627784737799
"orng-05",18,2013,8.69565217391304,4,21.9627784737799
"orng-05",18,2014,8.69565217391304,4,21.9627784737799
"orng-05",18,2015,8.69565217391304,4,21.9627784737799
"orng-05",18,2016,8.69565217391304,4,22.1077060100118
"orng-05",18,2017,8.69565217391304,4,22.6832753681898
"orng-05",18,2018,8.69565217391304,4,22.6853457615646
"orng-05",18,2019,8.69565217391304,4,24.5714741259538
"orng-05",18,2020,8.69565217391304,4,28.7743726766785
"orng-05",18,2021,8.69565217391304,4,29.3520124282312
"orng-05",18,2022,8.69565217391304,4,29.2060270267714
"orng-05",18,2023,8.69565217391304,4,29.0631698839142
"orng-05",18,2024,8.69565217391304,4,28.7671036313262
"orng-05",18,2025,8.69565217391304,4,28.481389345612
"orng-05",19,1999,73.7226277372262,4,29.655483737415
"orng-05",19,2000,73.7226277372262,4,29.655483737415
"orng-05",19,2001,73.7226277372263,4,29.655483737415
"orng-05",19,2002,75.1824817518248,4,29.9474545403347
"orng-05",19,2003,75.1824817518249,4,29.9474545403347
"orng-05",19,2004,75.1824817518249,4,29.9474545403347
"orng-05",19,2005,68.6131386861314,4,28.7764430700532
"orng-05",19,2006,68.6131386861314,4,28.633585927196
"orng-05",19,2007,68.6131386861314,4,28.7764430700532
"orng-05",19,2008,68.6131386861314,4,28.9193002129103
"orng-05",19,2009,68.6131386861314,4,28.9193002129103
"orng-05",19,2010,68.6131386861314,4,28.9193002129103
"orng-05",19,2011,68.6131386861314,4,28.9193002129103
"orng-05",19,2012,68.6131386861314,4,21.9627784737799
"orng-05",19,2013,68.6131386861314,4,21.9627784737799
"orng-05",19,2014,68.6131386861314,4,21.9627784737799
"orng-05",19,2015,68.6131386861314,4,21.9627784737799
"orng-05",19,2016,68.6131386861314,4,22.1077060100118
"orng-05",19,2017,68.6131386861314,4,22.6832753681898
"orng-05",19,2018,68.6131386861314,4,22.6853457615646
"orng-05",19,2019,68.6131386861314,4,24.5714741259538
"orng-05",19,2020,68.6131386861314,4,28.7743726766785
"orng-05",19,2021,68.6131386861314,4,29.3520124282312
"orng-05",19,2022,67.8832116788321,4,29.2060270267714
"orng-05",19,2023,67.8832116788321,4,29.0631698839142
"orng-05",19,2024,67.8832116788321,4,28.7671036313262
"orng-05",19,2025,67.8832116788321,4,28.481389345612
"orng-05",20,1999,59.4202898550725,4,29.655483737415
"orng-05",20,2000,59.4202898550725,4,29.655483737415
"orng-05",20,2001,59.4202898550725,4,29.655483737415
"orng-05",20,2002,59.4202898550725,4,29.9474545403347
"orng-05",20,2003,59.4202898550725,4,29.9474545403347
"orng-05",20,2004,59.4202898550725,4,29.9474545403347
"orng-05",20,2005,59.4202898550725,4,28.7764430700532
"orng-05",20,2006,59.4202898550725,4,28.633585927196
"orng-05",20,2007,59.4202898550725,4,28.7764430700532
"orng-05",20,2008,59.4202898550725,4,28.9193002129103
"orng-05",20,2009,59.4202898550725,4,28.9193002129103
"orng-05",20,2010,59.4202898550725,4,28.9193002129103
"orng-05",20,2011,59.4202898550725,4,28.9193002129103
"orng-05",20,2012,24.6376811594203,4,21.9627784737799
"orng-05",20,2013,24.6376811594203,4,21.9627784737799
"orng-05",20,2014,24.6376811594203,4,21.9627784737799
"orng-05",20,2015,24.6376811594203,4,21.9627784737799
"orng-05",20,2016,25.3623188405798,4,22.1077060100118
"orng-05",20,2017,26.8115942028986,4,22.6832753681898
"orng-05",20,2018,27.536231884058,4,22.6853457615646
"orng-05",20,2019,37.6811594202899,4,24.5714741259538
"orng-05",20,2020,58.6956521739131,4,28.7743726766785
"orng-05",20,2021,60.8695652173913,4,29.3520124282312
"orng-05",20,2022,60.8695652173913,4,29.2060270267714
"orng-05",20,2023,60.8695652173913,4,29.0631698839142
"orng-05",20,2024,57.2463768115942,4,28.7671036313262
"orng-05",20,2025,57.2463768115942,4,28.481389345612
"orng-06",1,1999,37.1428571428571,1,65.9756838905775
"orng-06",1,2000,37.1428571428571,1,66.1185410334347
"orng-06",1,2001,37.1428571428571,1,66.6889564336373
"orng-06",1,2002,37.1428571428571,1,68.2603850050659
"orng-06",1,2003,37.1428571428571,1,62.87031408308
"orng-06",1,2004,37.1428571428571,1,63.0131712259372
"orng-06",1,2005,37.1428571428572,1,61.4417426545086
"orng-06",1,2006,37.1428571428572,1,61.2988855116515
"orng-06",1,2007,37.1428571428572,1,61.4417426545086
"orng-06",1,2008,37.1428571428572,1,62.2988855116515
"orng-06",1,2009,37.1428571428572,1,61.1661600810537
"orng-06",1,2010,37.1428571428572,1,64.8591691995947
"orng-06",1,2011,37.1428571428572,1,65
"orng-06",1,2012,37.1428571428572,1,62.565349544073
"orng-06",1,2013,37.1428571428572,1,62.8510638297872
"orng-06",1,2014,37.1428571428572,1,61.580547112462
"orng-06",1,2015,37.1428571428572,1,62.8652482269504
"orng-06",1,2016,37.1428571428572,1,66.2836879432624
"orng-06",1,2017,37.1428571428572,1,68.1388044579534
"orng-06",1,2018,37.1428571428572,1,69.5572441742654
"orng-06",1,2019,37.1428571428572,1,70.405224439452
"orng-06",1,2020,37.1428571428572,1,70.8307563543456
"orng-06",1,2021,37.1428571428572,1,70.8307563543456
"orng-06",1,2022,37.1428571428572,1,70.8307563543456
"orng-06",1,2023,37.1428571428572,1,70.5470684110832
"orng-06",1,2024,37.1428571428572,1,70.5470684110832
"orng-06",1,2025,37.1428571428572,1,70.5470684110832
"orng-06",2,1999,83.6879432624114,1,65.9756838905775
"orng-06",2,2000,83.6879432624114,1,66.1185410334347
"orng-06",2,2001,84.3971631205674,1,66.6889564336373
"orng-06",2,2002,84.3971631205674,1,68.2603850050659
"orng-06",2,2003,57.4468085106383,1,62.87031408308
"orng-06",2,2004,57.4468085106383,1,63.0131712259372
"orng-06",2,2005,57.4468085106383,1,61.4417426545086
"orng-06",2,2006,57.4468085106383,1,61.2988855116515
"orng-06",2,2007,57.4468085106383,1,61.4417426545086
"orng-06",2,2008,57.4468085106383,1,62.2988855116515
"orng-06",2,2009,50.354609929078,1,61.1661600810537
"orng-06",2,2010,65.2482269503546,1,64.8591691995947
"orng-06",2,2011,66.6666666666667,1,65
"orng-06",2,2012,70.9219858156028,1,62.565349544073
"orng-06",2,2013,70.9219858156028,1,62.8510638297872
"orng-06",2,2014,60.2836879432624,1,61.580547112462
"orng-06",2,2015,60.9929078014185,1,62.8652482269504
"orng-06",2,2016,68.0851063829787,1,66.2836879432624
"orng-06",2,2017,69.5035460992908,1,68.1388044579534
"orng-06",2,2018,76.5957446808511,1,69.5572441742654
"orng-06",2,2019,81.5602836879432,1,70.405224439452
"orng-06",2,2020,83.6879432624113,1,70.8307563543456
"orng-06",2,2021,83.6879432624113,1,70.8307563543456
"orng-06",2,2022,83.6879432624113,1,70.8307563543456
"orng-06",2,2023,82.2695035460993,1,70.5470684110832
"orng-06",2,2024,82.2695035460993,1,70.5470684110832
"orng-06",2,2025,82.2695035460993,1,70.5470684110832
"orng-06",3,1999,51.4285714285715,1,65.9756838905775
"orng-06",3,2000,52.1428571428572,1,66.1185410334347
"orng-06",3,2001,54.2857142857143,1,66.6889564336373
"orng-06",3,2002,62.1428571428572,1,68.2603850050659
"orng-06",3,2003,62.1428571428572,1,62.87031408308
"orng-06",3,2004,62.8571428571429,1,63.0131712259372
"orng-06",3,2005,55,1,61.4417426545086
"orng-06",3,2006,54.2857142857143,1,61.2988855116515
"orng-06",3,2007,55,1,61.4417426545086
"orng-06",3,2008,59.2857142857143,1,62.2988855116515
"orng-06",3,2009,60.7142857142857,1,61.1661600810537
"orng-06",3,2010,64.2857142857143,1,64.8591691995947
"orng-06",3,2011,63.5714285714286,1,65
"orng-06",3,2012,47.1428571428572,1,62.565349544073
"orng-06",3,2013,48.5714285714286,1,62.8510638297872
"orng-06",3,2014,52.8571428571429,1,61.580547112462
"orng-06",3,2015,58.5714285714286,1,62.8652482269504
"orng-06",3,2016,68.5714285714286,1,66.2836879432624
"orng-06",3,2017,76.4285714285714,1,68.1388044579534
"orng-06",3,2018,76.4285714285714,1,69.5572441742654
"orng-06",3,2019,76.4285714285714,1,70.405224439452
"orng-06",3,2020,76.4285714285714,1,70.8307563543456
"orng-06",3,2021,76.4285714285714,1,70.8307563543456
"orng-06",3,2022,76.4285714285714,1,70.8307563543456
"orng-06",3,2023,76.4285714285715,1,70.5470684110832
"orng-06",3,2024,76.4285714285715,1,70.5470684110832
"orng-06",3,2025,76.4285714285715,1,70.5470684110832
"orng-06",4,1999,83.3333333333333,1,65.9756838905775
"orng-06",4,2000,83.3333333333333,1,66.1185410334347
"orng-06",4,2001,83.3333333333333,1,66.6889564336373
"orng-06",4,2002,83.3333333333333,1,68.2603850050659
"orng-06",4,2003,83.3333333333333,1,62.87031408308
"orng-06",4,2004,83.3333333333333,1,63.0131712259372
"orng-06",4,2005,83.3333333333333,1,61.4417426545086
"orng-06",4,2006,83.3333333333333,1,61.2988855116515
"orng-06",4,2007,83.3333333333333,1,61.4417426545086
"orng-06",4,2008,83.3333333333333,1,62.2988855116515
"orng-06",4,2009,83.3333333333333,1,61.1661600810537
"orng-06",4,2010,83.3333333333333,1,64.8591691995947
"orng-06",4,2011,83.3333333333333,1,65
"orng-06",4,2012,83.3333333333333,1,62.565349544073
"orng-06",4,2013,83.3333333333333,1,62.8510638297872
"orng-06",4,2014,83.3333333333333,1,61.580547112462
"orng-06",4,2015,83.3333333333333,1,62.8652482269504
"orng-06",4,2016,83.3333333333333,1,66.2836879432624
"orng-06",4,2017,83.3333333333333,1,68.1388044579534
"orng-06",4,2018,83.3333333333333,1,69.5572441742654
"orng-06",4,2019,82.6086956521739,1,70.405224439452
"orng-06",4,2020,82.6086956521739,1,70.8307563543456
"orng-06",4,2021,82.6086956521739,1,70.8307563543456
"orng-06",4,2022,82.6086956521739,1,70.8307563543456
"orng-06",4,2023,82.6086956521739,1,70.5470684110832
"orng-06",4,2024,82.6086956521739,1,70.5470684110832
"orng-06",4,2025,82.6086956521739,1,70.5470684110832
"orng-06",5,1999,74.2857142857143,1,65.9756838905775
"orng-06",5,2000,74.2857142857143,1,66.1185410334347
"orng-06",5,2001,74.2857142857143,1,66.6889564336373
"orng-06",5,2002,74.2857142857143,1,68.2603850050659
"orng-06",5,2003,74.2857142857143,1,62.87031408308
"orng-06",5,2004,74.2857142857143,1,63.0131712259372
"orng-06",5,2005,74.2857142857143,1,61.4417426545086
"orng-06",5,2006,74.2857142857143,1,61.2988855116515
"orng-06",5,2007,74.2857142857143,1,61.4417426545086
"orng-06",5,2008,74.2857142857143,1,62.2988855116515
"orng-06",5,2009,74.2857142857143,1,61.1661600810537
"orng-06",5,2010,74.2857142857143,1,64.8591691995947
"orng-06",5,2011,74.2857142857143,1,65
"orng-06",5,2012,74.2857142857143,1,62.565349544073
"orng-06",5,2013,74.2857142857143,1,62.8510638297872
"orng-06",5,2014,74.2857142857143,1,61.580547112462
"orng-06",5,2015,74.2857142857143,1,62.8652482269504
"orng-06",5,2016,74.2857142857143,1,66.2836879432624
"orng-06",5,2017,74.2857142857143,1,68.1388044579534
"orng-06",5,2018,74.2857142857143,1,69.5572441742654
"orng-06",5,2019,74.2857142857143,1,70.405224439452
"orng-06",5,2020,74.2857142857143,1,70.8307563543456
"orng-06",5,2021,74.2857142857143,1,70.8307563543456
"orng-06",5,2022,74.2857142857143,1,70.8307563543456
"orng-06",5,2023,74.2857142857143,1,70.5470684110832
"orng-06",5,2024,74.2857142857143,1,70.5470684110832
"orng-06",5,2025,74.2857142857143,1,70.5470684110832
"orng-06",6,1999,70.5035971223022,2,52.0206493159698
"orng-06",6,2000,61.8705035971223,2,50.2940306109338
"orng-06",6,2001,56.115107913669,2,49.1429514742431
"orng-06",6,2002,55.3956834532374,2,48.9990665821568
"orng-06",6,2003,55.3956834532374,2,48.1231541733977
"orng-06",6,2004,54.6762589928058,2,47.8374253096802
"orng-06",6,2005,54.6762589928058,2,47.8374253096802
"orng-06",6,2006,54.6762589928058,2,47.8374253096802
"orng-06",6,2007,54.6762589928058,2,47.8374253096802
"orng-06",6,2008,54.6762589928058,2,47.8374253096802
"orng-06",6,2009,54.6762589928058,2,47.8374253096802
"orng-06",6,2010,54.6762589928058,2,47.8374253096802
"orng-06",6,2011,54.6762589928058,2,47.8374253096802
"orng-06",6,2012,54.6762589928058,2,47.6914399082203
"orng-06",6,2013,54.6762589928058,2,47.6914399082203
"orng-06",6,2014,54.6762589928058,2,46.9822200500643
"orng-06",6,2015,54.6762589928058,2,46.9822200500643
"orng-06",6,2016,54.6762589928058,2,46.9822200500643
"orng-06",6,2017,54.6762589928058,2,44.2416288609562
"orng-06",6,2018,54.6762589928058,2,44.0956434594964
"orng-06",6,2019,54.6762589928058,2,44.2416288609562
"orng-06",6,2020,54.6762589928058,2,44.2416288609562
"orng-06",6,2021,54.6762589928058,2,44.2416288609562
"orng-06",6,2022,54.6762589928058,2,43.3865123462653
"orng-06",6,2023,54.6762589928058,2,40.3833840876625
"orng-06",6,2024,54.6762589928058,2,39.6690983733768
"orng-06",6,2025,54.6762589928058,2,39.6690983733768
"orng-06",7,1999,30.6569343065694,2,52.0206493159698
"orng-06",7,2000,30.6569343065694,2,50.2940306109338
"orng-06",7,2001,30.6569343065694,2,49.1429514742431
"orng-06",7,2002,30.6569343065694,2,48.9990665821568
"orng-06",7,2003,30.6569343065694,2,48.1231541733977
"orng-06",7,2004,30.6569343065694,2,47.8374253096802
"orng-06",7,2005,30.6569343065694,2,47.8374253096802
"orng-06",7,2006,30.6569343065694,2,47.8374253096802
"orng-06",7,2007,30.6569343065694,2,47.8374253096802
"orng-06",7,2008,30.6569343065694,2,47.8374253096802
"orng-06",7,2009,30.6569343065694,2,47.8374253096802
"orng-06",7,2010,30.6569343065694,2,47.8374253096802
"orng-06",7,2011,30.6569343065694,2,47.8374253096802
"orng-06",7,2012,30.6569343065694,2,47.6914399082203
"orng-06",7,2013,30.6569343065694,2,47.6914399082203
"orng-06",7,2014,30.6569343065694,2,46.9822200500643
"orng-06",7,2015,30.6569343065694,2,46.9822200500643
"orng-06",7,2016,30.6569343065694,2,46.9822200500643
"orng-06",7,2017,30.6569343065694,2,44.2416288609562
"orng-06",7,2018,30.6569343065694,2,44.0956434594964
"orng-06",7,2019,31.3868613138686,2,44.2416288609562
"orng-06",7,2020,31.3868613138686,2,44.2416288609562
"orng-06",7,2021,31.3868613138686,2,44.2416288609562
"orng-06",7,2022,31.3868613138686,2,43.3865123462653
"orng-06",7,2023,30.6569343065693,2,40.3833840876625
"orng-06",7,2024,30.6569343065693,2,39.6690983733768
"orng-06",7,2025,30.6569343065693,2,39.6690983733768
"orng-06",8,1999,55.3191489361702,2,52.0206493159698
"orng-06",8,2000,55.3191489361702,2,50.2940306109338
"orng-06",8,2001,55.3191489361702,2,49.1429514742431
"orng-06",8,2002,55.3191489361702,2,48.9990665821568
"orng-06",8,2003,55.3191489361702,2,48.1231541733977
"orng-06",8,2004,54.6099290780142,2,47.8374253096802
"orng-06",8,2005,54.6099290780142,2,47.8374253096802
"orng-06",8,2006,54.6099290780142,2,47.8374253096802
"orng-06",8,2007,54.6099290780142,2,47.8374253096802
"orng-06",8,2008,54.6099290780142,2,47.8374253096802
"orng-06",8,2009,54.6099290780142,2,47.8374253096802
"orng-06",8,2010,54.6099290780142,2,47.8374253096802
"orng-06",8,2011,54.6099290780142,2,47.8374253096802
"orng-06",8,2012,54.6099290780142,2,47.6914399082203
"orng-06",8,2013,54.6099290780142,2,47.6914399082203
"orng-06",8,2014,51.0638297872341,2,46.9822200500643
"orng-06",8,2015,51.0638297872341,2,46.9822200500643
"orng-06",8,2016,51.0638297872341,2,46.9822200500643
"orng-06",8,2017,45.3900709219858,2,44.2416288609562
"orng-06",8,2018,45.3900709219858,2,44.0956434594964
"orng-06",8,2019,45.3900709219858,2,44.2416288609562
"orng-06",8,2020,45.3900709219858,2,44.2416288609562
"orng-06",8,2021,45.3900709219858,2,44.2416288609562
"orng-06",8,2022,43.9716312056738,2,43.3865123462653
"orng-06",8,2023,43.9716312056738,2,40.3833840876625
"orng-06",8,2024,43.9716312056738,2,39.6690983733768
"orng-06",8,2025,43.9716312056738,2,39.6690983733768
"orng-06",9,1999,67.8571428571428,2,52.0206493159698
"orng-06",9,2000,67.8571428571428,2,50.2940306109338
"orng-06",9,2001,67.8571428571428,2,49.1429514742431
"orng-06",9,2002,67.8571428571428,2,48.9990665821568
"orng-06",9,2003,67.8571428571428,2,48.1231541733977
"orng-06",9,2004,67.8571428571428,2,47.8374253096802
"orng-06",9,2005,67.8571428571428,2,47.8374253096802
"orng-06",9,2006,67.8571428571428,2,47.8374253096802
"orng-06",9,2007,67.8571428571428,2,47.8374253096802
"orng-06",9,2008,67.8571428571428,2,47.8374253096802
"orng-06",9,2009,67.8571428571428,2,47.8374253096802
"orng-06",9,2010,67.8571428571428,2,47.8374253096802
"orng-06",9,2011,67.8571428571428,2,47.8374253096802
"orng-06",9,2012,67.8571428571428,2,47.6914399082203
"orng-06",9,2013,67.8571428571428,2,47.6914399082203
"orng-06",9,2014,67.8571428571428,2,46.9822200500643
"orng-06",9,2015,67.8571428571428,2,46.9822200500643
"orng-06",9,2016,67.8571428571428,2,46.9822200500643
"orng-06",9,2017,67.8571428571428,2,44.2416288609562
"orng-06",9,2018,67.8571428571428,2,44.0956434594964
"orng-06",9,2019,67.8571428571428,2,44.2416288609562
"orng-06",9,2020,67.8571428571428,2,44.2416288609562
"orng-06",9,2021,67.8571428571428,2,44.2416288609562
"orng-06",9,2022,65,2,43.3865123462653
"orng-06",9,2023,50.7142857142857,2,40.3833840876625
"orng-06",9,2024,47.1428571428572,2,39.6690983733768
"orng-06",9,2025,47.1428571428572,2,39.6690983733768
"orng-06",10,1999,35.7664233576643,2,52.0206493159698
"orng-06",10,2000,35.7664233576643,2,50.2940306109338
"orng-06",10,2001,35.7664233576643,2,49.1429514742431
"orng-06",10,2002,35.7664233576643,2,48.9990665821568
"orng-06",10,2003,31.3868613138686,2,48.1231541733977
"orng-06",10,2004,31.3868613138686,2,47.8374253096802
"orng-06",10,2005,31.3868613138686,2,47.8374253096802
"orng-06",10,2006,31.3868613138686,2,47.8374253096802
"orng-06",10,2007,31.3868613138686,2,47.8374253096802
"orng-06",10,2008,31.3868613138686,2,47.8374253096802
"orng-06",10,2009,31.3868613138686,2,47.8374253096802
"orng-06",10,2010,31.3868613138686,2,47.8374253096802
"orng-06",10,2011,31.3868613138686,2,47.8374253096802
"orng-06",10,2012,30.6569343065694,2,47.6914399082203
"orng-06",10,2013,30.6569343065694,2,47.6914399082203
"orng-06",10,2014,30.6569343065694,2,46.9822200500643
"orng-06",10,2015,30.6569343065694,2,46.9822200500643
"orng-06",10,2016,30.6569343065694,2,46.9822200500643
"orng-06",10,2017,22.6277372262774,2,44.2416288609562
"orng-06",10,2018,21.8978102189781,2,44.0956434594964
"orng-06",10,2019,21.8978102189781,2,44.2416288609562
"orng-06",10,2020,21.8978102189781,2,44.2416288609562
"orng-06",10,2021,21.8978102189781,2,44.2416288609562
"orng-06",10,2022,21.8978102189781,2,43.3865123462653
"orng-06",10,2023,21.8978102189781,2,40.3833840876625
"orng-06",10,2024,21.8978102189781,2,39.6690983733768
"orng-06",10,2025,21.8978102189781,2,39.6690983733768
"orng-06",11,1999,30.2158273381295,3,35.8573307866195
"orng-06",11,2000,30.2158273381295,3,35.2828338624198
"orng-06",11,2001,30.2158273381295,3,33.7041818903804
"orng-06",11,2002,28.7769784172662,3,33.1265570337439
"orng-06",11,2003,27.3381294964029,3,32.4040046408756
"orng-06",11,2004,26.6187050359713,3,31.8253371400937
"orng-06",11,2005,26.6187050359713,3,31.8253371400936
"orng-06",11,2006,26.6187050359713,3,31.9671811117249
"orng-06",11,2007,26.6187050359713,3,31.9671811117249
"orng-06",11,2008,26.6187050359713,3,31.8232962196386
"orng-06",11,2009,9.35251798561151,3,28.3700588095666
"orng-06",11,2010,9.35251798561151,3,28.3700588095666
"orng-06",11,2011,9.35251798561151,3,27.9384041333076
"orng-06",11,2012,9.35251798561151,3,27.9384041333076
"orng-06",11,2013,9.35251798561151,3,27.7965601616764
"orng-06",11,2014,9.35251798561151,3,28.0853725899946
"orng-06",11,2015,9.35251798561151,3,28.3711014537121
"orng-06",11,2016,9.35251798561151,3,28.3711014537121
"orng-06",11,2017,9.35251798561151,3,26.6350545835302
"orng-06",11,2018,9.35251798561151,3,25.3543769979391
"orng-06",11,2019,9.35251798561151,3,25.3543769979391
"orng-06",11,2020,9.35251798561151,3,25.2104921058528
"orng-06",11,2021,9.35251798561151,3,25.352336077484
"orng-06",11,2022,9.35251798561151,3,24.9227223216801
"orng-06",11,2023,9.35251798561151,3,24.9227223216801
"orng-06",11,2024,9.35251798561151,3,25.0645662933113
"orng-06",11,2025,9.35251798561151,3,24.9227223216801
"orng-06",12,1999,13.0434782608696,3,35.8573307866195
"orng-06",12,2000,13.768115942029,3,35.2828338624198
"orng-06",12,2001,13.768115942029,3,33.7041818903804
"orng-06",12,2002,12.3188405797101,3,33.1265570337439
"orng-06",12,2003,10.1449275362319,3,32.4040046408756
"orng-06",12,2004,7.97101449275362,3,31.8253371400937
"orng-06",12,2005,7.97101449275362,3,31.8253371400936
"orng-06",12,2006,7.97101449275362,3,31.9671811117249
"orng-06",12,2007,7.97101449275362,3,31.9671811117249
"orng-06",12,2008,7.97101449275362,3,31.8232962196386
"orng-06",12,2009,7.97101449275362,3,28.3700588095666
"orng-06",12,2010,7.97101449275362,3,28.3700588095666
"orng-06",12,2011,7.97101449275362,3,27.9384041333076
"orng-06",12,2012,7.97101449275362,3,27.9384041333076
"orng-06",12,2013,7.97101449275362,3,27.7965601616764
"orng-06",12,2014,8.69565217391304,3,28.0853725899946
"orng-06",12,2015,8.69565217391304,3,28.3711014537121
"orng-06",12,2016,8.69565217391304,3,28.3711014537121
"orng-06",12,2017,0.72463768115942,3,26.6350545835302
"orng-06",12,2018,0.72463768115942,3,25.3543769979391
"orng-06",12,2019,0.72463768115942,3,25.3543769979391
"orng-06",12,2020,0.72463768115942,3,25.2104921058528
"orng-06",12,2021,0.72463768115942,3,25.352336077484
"orng-06",12,2022,0.72463768115942,3,24.9227223216801
"orng-06",12,2023,0.72463768115942,3,24.9227223216801
"orng-06",12,2024,0.72463768115942,3,25.0645662933113
"orng-06",12,2025,0.72463768115942,3,24.9227223216801
"orng-06",13,1999,69.7841726618705,3,35.8573307866195
"orng-06",13,2000,69.7841726618705,3,35.2828338624198
"orng-06",13,2001,69.7841726618705,3,33.7041818903804
"orng-06",13,2002,69.7841726618705,3,33.1265570337439
"orng-06",13,2003,69.7841726618705,3,32.4040046408756
"orng-06",13,2004,69.7841726618705,3,31.8253371400937
"orng-06",13,2005,70.5035971223021,3,31.8253371400936
"orng-06",13,2006,70.5035971223021,3,31.9671811117249
"orng-06",13,2007,70.5035971223021,3,31.9671811117249
"orng-06",13,2008,69.7841726618705,3,31.8232962196386
"orng-06",13,2009,69.7841726618705,3,28.3700588095666
"orng-06",13,2010,69.7841726618705,3,28.3700588095666
"orng-06",13,2011,67.6258992805755,3,27.9384041333076
"orng-06",13,2012,67.6258992805755,3,27.9384041333076
"orng-06",13,2013,67.6258992805755,3,27.7965601616764
"orng-06",13,2014,68.3453237410072,3,28.0853725899946
"orng-06",13,2015,69.0647482014388,3,28.3711014537121
"orng-06",13,2016,69.0647482014388,3,28.3711014537121
"orng-06",13,2017,69.0647482014388,3,26.6350545835302
"orng-06",13,2018,69.0647482014388,3,25.3543769979391
"orng-06",13,2019,69.7841726618705,3,25.3543769979391
"orng-06",13,2020,69.7841726618705,3,25.2104921058528
"orng-06",13,2021,69.7841726618705,3,25.352336077484
"orng-06",13,2022,69.7841726618705,3,24.9227223216801
"orng-06",13,2023,69.7841726618705,3,24.9227223216801
"orng-06",13,2024,69.7841726618705,3,25.0645662933113
"orng-06",13,2025,69.7841726618705,3,24.9227223216801
"orng-06",14,1999,46.0992907801418,3,35.8573307866195
"orng-06",14,2000,46.0992907801418,3,35.2828338624198
"orng-06",14,2001,44.6808510638298,3,33.7041818903804
"orng-06",14,2002,44.6808510638297,3,33.1265570337439
"orng-06",14,2003,44.6808510638297,3,32.4040046408756
"orng-06",14,2004,44.6808510638297,3,31.8253371400937
"orng-06",14,2005,44.6808510638297,3,31.8253371400936
"orng-06",14,2006,45.3900709219858,3,31.9671811117249
"orng-06",14,2007,45.3900709219858,3,31.9671811117249
"orng-06",14,2008,45.3900709219858,3,31.8232962196386
"orng-06",14,2009,45.3900709219858,3,28.3700588095666
"orng-06",14,2010,45.3900709219858,3,28.3700588095666
"orng-06",14,2011,45.3900709219858,3,27.9384041333076
"orng-06",14,2012,45.3900709219858,3,27.9384041333076
"orng-06",14,2013,44.6808510638297,3,27.7965601616764
"orng-06",14,2014,44.6808510638297,3,28.0853725899946
"orng-06",14,2015,45.3900709219858,3,28.3711014537121
"orng-06",14,2016,45.3900709219858,3,28.3711014537121
"orng-06",14,2017,44.6808510638297,3,26.6350545835302
"orng-06",14,2018,39.7163120567376,3,25.3543769979391
"orng-06",14,2019,39.7163120567376,3,25.3543769979391
"orng-06",14,2020,39.7163120567376,3,25.2104921058528
"orng-06",14,2021,40.4255319148936,3,25.352336077484
"orng-06",14,2022,39.7163120567376,3,24.9227223216801
"orng-06",14,2023,39.7163120567376,3,24.9227223216801
"orng-06",14,2024,40.4255319148936,3,25.0645662933113
"orng-06",14,2025,39.7163120567376,3,24.9227223216801
"orng-06",15,1999,20.1438848920863,3,35.8573307866195
"orng-06",15,2000,16.546762589928,3,35.2828338624198
"orng-06",15,2001,10.0719424460432,3,33.7041818903804
"orng-06",15,2002,10.0719424460432,3,33.1265570337439
"orng-06",15,2003,10.0719424460432,3,32.4040046408756
"orng-06",15,2004,10.0719424460432,3,31.8253371400937
"orng-06",15,2005,9.35251798561151,3,31.8253371400936
"orng-06",15,2006,9.35251798561151,3,31.9671811117249
"orng-06",15,2007,9.35251798561151,3,31.9671811117249
"orng-06",15,2008,9.35251798561151,3,31.8232962196386
"orng-06",15,2009,9.35251798561151,3,28.3700588095666
"orng-06",15,2010,9.35251798561151,3,28.3700588095666
"orng-06",15,2011,9.35251798561151,3,27.9384041333076
"orng-06",15,2012,9.35251798561151,3,27.9384041333076
"orng-06",15,2013,9.35251798561151,3,27.7965601616764
"orng-06",15,2014,9.35251798561151,3,28.0853725899946
"orng-06",15,2015,9.35251798561151,3,28.3711014537121
"orng-06",15,2016,9.35251798561151,3,28.3711014537121
"orng-06",15,2017,9.35251798561151,3,26.6350545835302
"orng-06",15,2018,7.91366906474819,3,25.3543769979391
"orng-06",15,2019,7.19424460431654,3,25.3543769979391
"orng-06",15,2020,6.47482014388489,3,25.2104921058528
"orng-06",15,2021,6.47482014388489,3,25.352336077484
"orng-06",15,2022,5.03597122302157,3,24.9227223216801
"orng-06",15,2023,5.03597122302157,3,24.9227223216801
"orng-06",15,2024,5.03597122302157,3,25.0645662933113
"orng-06",15,2025,5.03597122302157,3,24.9227223216801
"orng-06",16,1999,29.7101449275362,4,37.4981013330515
"orng-06",16,2000,29.7101449275362,4,37.4981013330515
"orng-06",16,2001,29.7101449275362,4,37.4981013330515
"orng-06",16,2002,29.7101449275362,4,37.4981013330515
"orng-06",16,2003,29.7101449275362,4,37.3542164409652
"orng-06",16,2004,29.7101449275362,4,37.3552441901944
"orng-06",16,2005,28.9855072463768,4,37.2103166539625
"orng-06",16,2006,28.2608695652174,4,36.2031075144418
"orng-06",16,2007,28.2608695652174,4,32.4621003201972
"orng-06",16,2008,28.2608695652174,4,32.3161149187374
"orng-06",16,2009,28.2608695652174,4,32.3161149187374
"orng-06",16,2010,28.2608695652174,4,32.4589720615945
"orng-06",16,2011,27.536231884058,4,32.3140445253626
"orng-06",16,2012,27.536231884058,4,32.3140445253626
"orng-06",16,2013,27.536231884058,4,32.3140445253626
"orng-06",16,2014,27.536231884058,4,32.02627474119
"orng-06",16,2015,26.0869565217391,4,31.7364196687262
"orng-06",16,2016,25.3623188405797,4,31.5914921324943
"orng-06",16,2017,25.3623188405797,4,30.8720676720627
"orng-06",16,2018,24.6376811594203,4,30.0077156753991
"orng-06",16,2019,24.6376811594203,4,29.5760609991401
"orng-06",16,2020,24.6376811594203,4,29.1444063228811
"orng-06",16,2021,24.6376811594203,4,27.9933271861905
"orng-06",16,2022,24.6376811594203,4,27.9933271861905
"orng-06",16,2023,24.6376811594203,4,27.8504700433334
"orng-06",16,2024,24.6376811594203,4,27.7076129004762
"orng-06",16,2025,24.6376811594203,4,27.1320733321309
"orng-06",17,1999,46.0431654676259,4,37.4981013330515
"orng-06",17,2000,46.0431654676259,4,37.4981013330515
"orng-06",17,2001,46.0431654676259,4,37.4981013330515
"orng-06",17,2002,46.0431654676259,4,37.4981013330515
"orng-06",17,2003,46.0431654676259,4,37.3542164409652
"orng-06",17,2004,46.0431654676259,4,37.3552441901944
"orng-06",17,2005,46.0431654676259,4,37.2103166539625
"orng-06",17,2006,44.6043165467626,4,36.2031075144418
"orng-06",17,2007,25.8992805755396,4,32.4621003201972
"orng-06",17,2008,25.8992805755396,4,32.3161149187374
"orng-06",17,2009,25.8992805755396,4,32.3161149187374
"orng-06",17,2010,25.8992805755396,4,32.4589720615945
"orng-06",17,2011,25.8992805755396,4,32.3140445253626
"orng-06",17,2012,25.8992805755396,4,32.3140445253626
"orng-06",17,2013,25.8992805755396,4,32.3140445253626
"orng-06",17,2014,24.4604316546763,4,32.02627474119
"orng-06",17,2015,24.4604316546763,4,31.7364196687262
"orng-06",17,2016,24.4604316546763,4,31.5914921324943
"orng-06",17,2017,20.863309352518,4,30.8720676720627
"orng-06",17,2018,20.863309352518,4,30.0077156753991
"orng-06",17,2019,20.863309352518,4,29.5760609991401
"orng-06",17,2020,20.863309352518,4,29.1444063228811
"orng-06",17,2021,20.863309352518,4,27.9933271861905
"orng-06",17,2022,20.863309352518,4,27.9933271861905
"orng-06",17,2023,20.863309352518,4,27.8504700433334
"orng-06",17,2024,20.863309352518,4,27.7076129004762
"orng-06",17,2025,20.863309352518,4,27.1320733321309
"orng-06",18,1999,40.2877697841727,4,37.4981013330515
"orng-06",18,2000,40.2877697841727,4,37.4981013330515
"orng-06",18,2001,40.2877697841727,4,37.4981013330515
"orng-06",18,2002,40.2877697841727,4,37.4981013330515
"orng-06",18,2003,39.5683453237411,4,37.3542164409652
"orng-06",18,2004,40.2877697841727,4,37.3552441901944
"orng-06",18,2005,40.2877697841727,4,37.2103166539625
"orng-06",18,2006,38.1294964028777,4,36.2031075144418
"orng-06",18,2007,38.1294964028777,4,32.4621003201972
"orng-06",18,2008,38.1294964028777,4,32.3161149187374
"orng-06",18,2009,38.1294964028777,4,32.3161149187374
"orng-06",18,2010,38.1294964028777,4,32.4589720615945
"orng-06",18,2011,38.1294964028777,4,32.3140445253626
"orng-06",18,2012,38.1294964028777,4,32.3140445253626
"orng-06",18,2013,38.1294964028777,4,32.3140445253626
"orng-06",18,2014,38.1294964028777,4,32.02627474119
"orng-06",18,2015,38.1294964028777,4,31.7364196687262
"orng-06",18,2016,38.1294964028777,4,31.5914921324943
"orng-06",18,2017,38.1294964028777,4,30.8720676720627
"orng-06",18,2018,34.5323741007194,4,30.0077156753991
"orng-06",18,2019,32.3741007194245,4,29.5760609991401
"orng-06",18,2020,30.2158273381295,4,29.1444063228811
"orng-06",18,2021,24.4604316546763,4,27.9933271861905
"orng-06",18,2022,24.4604316546763,4,27.9933271861905
"orng-06",18,2023,24.4604316546763,4,27.8504700433334
"orng-06",18,2024,24.4604316546763,4,27.7076129004762
"orng-06",18,2025,21.5827338129497,4,27.1320733321309
"orng-06",19,1999,34.3065693430656,4,37.4981013330515
"orng-06",19,2000,34.3065693430656,4,37.4981013330515
"orng-06",19,2001,34.3065693430656,4,37.4981013330515
"orng-06",19,2002,34.3065693430656,4,37.4981013330515
"orng-06",19,2003,34.3065693430656,4,37.3542164409652
"orng-06",19,2004,34.3065693430656,4,37.3552441901944
"orng-06",19,2005,34.3065693430656,4,37.2103166539625
"orng-06",19,2006,34.3065693430656,4,36.2031075144418
"orng-06",19,2007,34.3065693430656,4,32.4621003201972
"orng-06",19,2008,33.5766423357665,4,32.3161149187374
"orng-06",19,2009,33.5766423357665,4,32.3161149187374
"orng-06",19,2010,33.5766423357665,4,32.4589720615945
"orng-06",19,2011,33.5766423357665,4,32.3140445253626
"orng-06",19,2012,33.5766423357665,4,32.3140445253626
"orng-06",19,2013,33.5766423357665,4,32.3140445253626
"orng-06",19,2014,33.5766423357665,4,32.02627474119
"orng-06",19,2015,33.5766423357665,4,31.7364196687262
"orng-06",19,2016,33.5766423357665,4,31.5914921324943
"orng-06",19,2017,33.5766423357665,4,30.8720676720627
"orng-06",19,2018,33.5766423357665,4,30.0077156753991
"orng-06",19,2019,33.5766423357665,4,29.5760609991401
"orng-06",19,2020,33.5766423357665,4,29.1444063228811
"orng-06",19,2021,33.5766423357665,4,27.9933271861905
"orng-06",19,2022,33.5766423357665,4,27.9933271861905
"orng-06",19,2023,33.5766423357665,4,27.8504700433334
"orng-06",19,2024,33.5766423357665,4,27.7076129004762
"orng-06",19,2025,33.5766423357665,4,27.1320733321309
"orng-06",20,1999,37.1428571428572,4,37.4981013330515
"orng-06",20,2000,37.1428571428572,4,37.4981013330515
"orng-06",20,2001,37.1428571428572,4,37.4981013330515
"orng-06",20,2002,37.1428571428572,4,37.4981013330515
"orng-06",20,2003,37.1428571428572,4,37.3542164409652
"orng-06",20,2004,36.4285714285715,4,37.3552441901944
"orng-06",20,2005,36.4285714285715,4,37.2103166539625
"orng-06",20,2006,35.7142857142858,4,36.2031075144418
"orng-06",20,2007,35.7142857142858,4,32.4621003201972
"orng-06",20,2008,35.7142857142858,4,32.3161149187374
"orng-06",20,2009,35.7142857142858,4,32.3161149187374
"orng-06",20,2010,36.4285714285715,4,32.4589720615945
"orng-06",20,2011,36.4285714285715,4,32.3140445253626
"orng-06",20,2012,36.4285714285715,4,32.3140445253626
"orng-06",20,2013,36.4285714285715,4,32.3140445253626
"orng-06",20,2014,36.4285714285715,4,32.02627474119
"orng-06",20,2015,36.4285714285715,4,31.7364196687262
"orng-06",20,2016,36.4285714285715,4,31.5914921324943
"orng-06",20,2017,36.4285714285715,4,30.8720676720627
"orng-06",20,2018,36.4285714285715,4,30.0077156753991
"orng-06",20,2019,36.4285714285715,4,29.5760609991401
"orng-06",20,2020,36.4285714285715,4,29.1444063228811
"orng-06",20,2021,36.4285714285715,4,27.9933271861905
"orng-06",20,2022,36.4285714285715,4,27.9933271861905
"orng-06",20,2023,35.7142857142858,4,27.8504700433334
"orng-06",20,2024,35,4,27.7076129004762
"orng-06",20,2025,35,4,27.1320733321309
"orng-07",1,1999,15.8273381294964,1,43.9735168387029
"orng-07",1,2000,16.5467625899281,1,44.1174017307893
"orng-07",1,2001,16.5467625899281,1,44.1174017307893
"orng-07",1,2002,16.5467625899281,1,43.973516838703
"orng-07",1,2003,16.5467625899281,1,43.973516838703
"orng-07",1,2004,16.5467625899281,1,44.405171514962
"orng-07",1,2005,16.5467625899281,1,44.5490564070483
"orng-07",1,2006,16.5467625899281,1,44.5490564070483
"orng-07",1,2007,16.5467625899281,1,44.5490564070483
"orng-07",1,2008,16.5467625899281,1,44.5490564070483
"orng-07",1,2009,15.8273381294964,1,44.4051715149619
"orng-07",1,2010,15.8273381294964,1,44.4051715149619
"orng-07",1,2011,15.8273381294964,1,44.4051715149619
"orng-07",1,2012,15.8273381294964,1,44.4051715149619
"orng-07",1,2013,15.8273381294964,1,42.6660410801793
"orng-07",1,2014,15.8273381294964,1,42.5211135439474
"orng-07",1,2015,16.5467625899281,1,42.8088833281201
"orng-07",1,2016,16.5467625899281,1,42.8088833281201
"orng-07",1,2017,16.5467625899281,1,42.8088833281201
"orng-07",1,2018,16.5467625899281,1,42.8088833281201
"orng-07",1,2019,16.5467625899281,1,42.8088833281201
"orng-07",1,2020,16.5467625899281,1,42.953810864352
"orng-07",1,2021,16.5467625899281,1,43.5335210092795
"orng-07",1,2022,16.5467625899281,1,43.8233760817433
"orng-07",1,2023,16.5467625899281,1,43.9683036179752
"orng-07",1,2024,16.5467625899281,1,43.2436659368158
"orng-07",1,2025,16.5467625899281,1,43.2436659368158
"orng-07",2,1999,57.9710144927536,1,43.9735168387029
"orng-07",2,2000,58.695652173913,1,44.1174017307893
"orng-07",2,2001,58.695652173913,1,44.1174017307893
"orng-07",2,2002,58.6956521739131,1,43.973516838703
"orng-07",2,2003,58.6956521739131,1,43.973516838703
"orng-07",2,2004,58.6956521739131,1,44.405171514962
"orng-07",2,2005,58.6956521739131,1,44.5490564070483
"orng-07",2,2006,58.695652173913,1,44.5490564070483
"orng-07",2,2007,58.695652173913,1,44.5490564070483
"orng-07",2,2008,58.695652173913,1,44.5490564070483
"orng-07",2,2009,58.695652173913,1,44.4051715149619
"orng-07",2,2010,58.695652173913,1,44.4051715149619
"orng-07",2,2011,58.695652173913,1,44.4051715149619
"orng-07",2,2012,58.695652173913,1,44.4051715149619
"orng-07",2,2013,50,1,42.6660410801793
"orng-07",2,2014,49.2753623188406,1,42.5211135439474
"orng-07",2,2015,49.2753623188406,1,42.8088833281201
"orng-07",2,2016,49.2753623188406,1,42.8088833281201
"orng-07",2,2017,49.2753623188406,1,42.8088833281201
"orng-07",2,2018,49.2753623188406,1,42.8088833281201
"orng-07",2,2019,49.2753623188406,1,42.8088833281201
"orng-07",2,2020,50,1,42.953810864352
"orng-07",2,2021,52.8985507246377,1,43.5335210092795
"orng-07",2,2022,55.072463768116,1,43.8233760817433
"orng-07",2,2023,56.5217391304348,1,43.9683036179752
"orng-07",2,2024,56.5217391304348,1,43.2436659368158
"orng-07",2,2025,56.5217391304348,1,43.2436659368158
"orng-07",3,1999,70.2898550724638,1,43.9735168387029
"orng-07",3,2000,70.2898550724638,1,44.1174017307893
"orng-07",3,2001,70.2898550724638,1,44.1174017307893
"orng-07",3,2002,70.2898550724638,1,43.973516838703
"orng-07",3,2003,70.2898550724638,1,43.973516838703
"orng-07",3,2004,70.2898550724638,1,44.405171514962
"orng-07",3,2005,70.2898550724638,1,44.5490564070483
"orng-07",3,2006,70.2898550724638,1,44.5490564070483
"orng-07",3,2007,70.2898550724638,1,44.5490564070483
"orng-07",3,2008,70.2898550724638,1,44.5490564070483
"orng-07",3,2009,70.2898550724638,1,44.4051715149619
"orng-07",3,2010,70.2898550724638,1,44.4051715149619
"orng-07",3,2011,70.2898550724638,1,44.4051715149619
"orng-07",3,2012,70.2898550724638,1,44.4051715149619
"orng-07",3,2013,70.2898550724638,1,42.6660410801793
"orng-07",3,2014,70.2898550724638,1,42.5211135439474
"orng-07",3,2015,70.2898550724638,1,42.8088833281201
"orng-07",3,2016,70.2898550724638,1,42.8088833281201
"orng-07",3,2017,70.2898550724638,1,42.8088833281201
"orng-07",3,2018,70.2898550724638,1,42.8088833281201
"orng-07",3,2019,70.2898550724638,1,42.8088833281201
"orng-07",3,2020,70.2898550724638,1,42.953810864352
"orng-07",3,2021,70.2898550724638,1,43.5335210092795
"orng-07",3,2022,69.5652173913043,1,43.8233760817433
"orng-07",3,2023,68.8405797101449,1,43.9683036179752
"orng-07",3,2024,68.8405797101449,1,43.2436659368158
"orng-07",3,2025,68.8405797101449,1,43.2436659368158
"orng-07",4,1999,33.3333333333333,1,43.9735168387029
"orng-07",4,2000,32.6086956521739,1,44.1174017307893
"orng-07",4,2001,32.6086956521739,1,44.1174017307893
"orng-07",4,2002,32.6086956521739,1,43.973516838703
"orng-07",4,2003,32.6086956521739,1,43.973516838703
"orng-07",4,2004,32.6086956521739,1,44.405171514962
"orng-07",4,2005,32.6086956521739,1,44.5490564070483
"orng-07",4,2006,32.6086956521739,1,44.5490564070483
"orng-07",4,2007,32.6086956521739,1,44.5490564070483
"orng-07",4,2008,32.6086956521739,1,44.5490564070483
"orng-07",4,2009,32.6086956521739,1,44.4051715149619
"orng-07",4,2010,32.6086956521739,1,44.4051715149619
"orng-07",4,2011,32.6086956521739,1,44.4051715149619
"orng-07",4,2012,32.6086956521739,1,44.4051715149619
"orng-07",4,2013,32.6086956521739,1,42.6660410801793
"orng-07",4,2014,32.6086956521739,1,42.5211135439474
"orng-07",4,2015,32.6086956521739,1,42.8088833281201
"orng-07",4,2016,32.6086956521739,1,42.8088833281201
"orng-07",4,2017,32.6086956521739,1,42.8088833281201
"orng-07",4,2018,32.6086956521739,1,42.8088833281201
"orng-07",4,2019,32.6086956521739,1,42.8088833281201
"orng-07",4,2020,32.6086956521739,1,42.953810864352
"orng-07",4,2021,32.6086956521739,1,43.5335210092795
"orng-07",4,2022,32.6086956521739,1,43.8233760817433
"orng-07",4,2023,32.6086956521739,1,43.9683036179752
"orng-07",4,2024,28.9855072463768,1,43.2436659368158
"orng-07",4,2025,28.9855072463768,1,43.2436659368158
"orng-07",5,1999,42.4460431654676,1,43.9735168387029
"orng-07",5,2000,42.4460431654676,1,44.1174017307893
"orng-07",5,2001,42.4460431654676,1,44.1174017307893
"orng-07",5,2002,41.726618705036,1,43.973516838703
"orng-07",5,2003,41.726618705036,1,43.973516838703
"orng-07",5,2004,43.884892086331,1,44.405171514962
"orng-07",5,2005,44.6043165467626,1,44.5490564070483
"orng-07",5,2006,44.6043165467626,1,44.5490564070483
"orng-07",5,2007,44.6043165467626,1,44.5490564070483
"orng-07",5,2008,44.6043165467626,1,44.5490564070483
"orng-07",5,2009,44.6043165467626,1,44.4051715149619
"orng-07",5,2010,44.6043165467626,1,44.4051715149619
"orng-07",5,2011,44.6043165467626,1,44.4051715149619
"orng-07",5,2012,44.6043165467626,1,44.4051715149619
"orng-07",5,2013,44.6043165467626,1,42.6660410801793
"orng-07",5,2014,44.6043165467626,1,42.5211135439474
"orng-07",5,2015,45.3237410071943,1,42.8088833281201
"orng-07",5,2016,45.3237410071943,1,42.8088833281201
"orng-07",5,2017,45.3237410071943,1,42.8088833281201
"orng-07",5,2018,45.3237410071943,1,42.8088833281201
"orng-07",5,2019,45.3237410071943,1,42.8088833281201
"orng-07",5,2020,45.3237410071943,1,42.953810864352
"orng-07",5,2021,45.3237410071943,1,43.5335210092795
"orng-07",5,2022,45.3237410071943,1,43.8233760817433
"orng-07",5,2023,45.3237410071943,1,43.9683036179752
"orng-07",5,2024,45.3237410071943,1,43.2436659368158
"orng-07",5,2025,45.3237410071943,1,43.2436659368158
"orng-07",6,1999,38.4057971014493,2,35.9849829872783
"orng-07",6,2000,38.4057971014493,2,35.9849829872783
"orng-07",6,2001,38.4057971014493,2,36.2727527714509
"orng-07",6,2002,38.4057971014493,2,35.6972132031056
"orng-07",6,2003,31.1594202898551,2,34.2479378407868
"orng-07",6,2004,27.536231884058,2,33.5222575154818
"orng-07",6,2005,24.6376811594202,2,34.5263238276494
"orng-07",6,2006,26.0869565217391,2,35.9672580368039
"orng-07",6,2007,23.1884057971014,2,36.106972352308
"orng-07",6,2008,23.1884057971014,2,35.5435920706178
"orng-07",6,2009,23.9130434782609,2,35.6885196068497
"orng-07",6,2010,23.9130434782609,2,35.6885196068497
"orng-07",6,2011,23.9130434782609,2,35.6885196068497
"orng-07",6,2012,23.9130434782609,2,35.6844371410404
"orng-07",6,2013,23.9130434782609,2,34.3800893149534
"orng-07",6,2014,23.9130434782609,2,34.2351617787215
"orng-07",6,2015,23.1884057971015,2,34.2351617787215
"orng-07",6,2016,24.6376811594203,2,34.6699443874172
"orng-07",6,2017,24.6376811594203,2,34.6699443874172
"orng-07",6,2018,24.6376811594203,2,34.8148719236491
"orng-07",6,2019,25.3623188405797,2,31.2198349097819
"orng-07",6,2020,26.0869565217392,2,31.9434299467958
"orng-07",6,2021,26.0869565217392,2,32.5220974475777
"orng-07",6,2022,26.0869565217392,2,32.3782125554914
"orng-07",6,2023,26.0869565217392,2,33.5293798029549
"orng-07",6,2024,26.0869565217392,2,33.3854949108686
"orng-07",6,2025,26.0869565217392,2,33.6732646950413
"orng-07",7,1999,26.0869565217391,2,35.9849829872783
"orng-07",7,2000,26.0869565217391,2,35.9849829872783
"orng-07",7,2001,26.0869565217391,2,36.2727527714509
"orng-07",7,2002,26.0869565217391,2,35.6972132031056
"orng-07",7,2003,26.0869565217391,2,34.2479378407868
"orng-07",7,2004,25.3623188405797,2,33.5222575154818
"orng-07",7,2005,26.0869565217391,2,34.5263238276494
"orng-07",7,2006,26.0869565217391,2,35.9672580368039
"orng-07",7,2007,26.0869565217391,2,36.106972352308
"orng-07",7,2008,26.0869565217391,2,35.5435920706178
"orng-07",7,2009,26.0869565217391,2,35.6885196068497
"orng-07",7,2010,26.0869565217391,2,35.6885196068497
"orng-07",7,2011,26.0869565217391,2,35.6885196068497
"orng-07",7,2012,25.3623188405797,2,35.6844371410404
"orng-07",7,2013,18.8405797101449,2,34.3800893149534
"orng-07",7,2014,18.1159420289855,2,34.2351617787215
"orng-07",7,2015,18.8405797101449,2,34.2351617787215
"orng-07",7,2016,19.5652173913044,2,34.6699443874172
"orng-07",7,2017,19.5652173913044,2,34.6699443874172
"orng-07",7,2018,20.2898550724638,2,34.8148719236491
"orng-07",7,2019,21.0144927536232,2,31.2198349097819
"orng-07",7,2020,23.1884057971015,2,31.9434299467958
"orng-07",7,2021,25.3623188405797,2,32.5220974475777
"orng-07",7,2022,25.3623188405797,2,32.3782125554914
"orng-07",7,2023,27.5362318840579,2,33.5293798029549
"orng-07",7,2024,27.5362318840579,2,33.3854949108686
"orng-07",7,2025,27.5362318840579,2,33.6732646950413
"orng-07",8,1999,58.273381294964,2,35.9849829872783
"orng-07",8,2000,58.2733812949641,2,35.9849829872783
"orng-07",8,2001,59.7122302158273,2,36.2727527714509
"orng-07",8,2002,59.7122302158273,2,35.6972132031056
"orng-07",8,2003,60.431654676259,2,34.2479378407868
"orng-07",8,2004,62.589928057554,2,33.5222575154818
"orng-07",8,2005,69.7841726618705,2,34.5263238276494
"orng-07",8,2006,75.5395683453237,2,35.9672580368039
"orng-07",8,2007,79.136690647482,2,36.106972352308
"orng-07",8,2008,79.136690647482,2,35.5435920706178
"orng-07",8,2009,79.136690647482,2,35.6885196068497
"orng-07",8,2010,79.136690647482,2,35.6885196068497
"orng-07",8,2011,79.136690647482,2,35.6885196068497
"orng-07",8,2012,79.136690647482,2,35.6844371410404
"orng-07",8,2013,79.136690647482,2,34.3800893149534
"orng-07",8,2014,79.136690647482,2,34.2351617787215
"orng-07",8,2015,79.136690647482,2,34.2351617787215
"orng-07",8,2016,79.136690647482,2,34.6699443874172
"orng-07",8,2017,79.136690647482,2,34.6699443874172
"orng-07",8,2018,79.136690647482,2,34.8148719236491
"orng-07",8,2019,59.7122302158273,2,31.2198349097819
"orng-07",8,2020,60.431654676259,2,31.9434299467958
"orng-07",8,2021,61.1510791366906,2,32.5220974475777
"orng-07",8,2022,60.431654676259,2,32.3782125554914
"orng-07",8,2023,63.3093525179856,2,33.5293798029549
"orng-07",8,2024,62.589928057554,2,33.3854949108686
"orng-07",8,2025,64.0287769784173,2,33.6732646950413
"orng-07",9,1999,38.8489208633093,2,35.9849829872783
"orng-07",9,2000,38.8489208633093,2,35.9849829872783
"orng-07",9,2001,38.8489208633093,2,36.2727527714509
"orng-07",9,2002,35.9712230215828,2,35.6972132031056
"orng-07",9,2003,35.2517985611511,2,34.2479378407868
"orng-07",9,2004,33.8129496402878,2,33.5222575154818
"orng-07",9,2005,33.8129496402878,2,34.5263238276494
"orng-07",9,2006,33.8129496402878,2,35.9672580368039
"orng-07",9,2007,33.8129496402878,2,36.106972352308
"orng-07",9,2008,33.8129496402878,2,35.5435920706178
"orng-07",9,2009,33.8129496402878,2,35.6885196068497
"orng-07",9,2010,33.8129496402878,2,35.6885196068497
"orng-07",9,2011,33.8129496402878,2,35.6885196068497
"orng-07",9,2012,33.8129496402878,2,35.6844371410404
"orng-07",9,2013,33.8129496402878,2,34.3800893149534
"orng-07",9,2014,33.8129496402878,2,34.2351617787215
"orng-07",9,2015,33.8129496402878,2,34.2351617787215
"orng-07",9,2016,33.8129496402878,2,34.6699443874172
"orng-07",9,2017,33.8129496402878,2,34.6699443874172
"orng-07",9,2018,33.8129496402878,2,34.8148719236491
"orng-07",9,2019,33.8129496402878,2,31.2198349097819
"orng-07",9,2020,33.8129496402878,2,31.9434299467958
"orng-07",9,2021,33.8129496402878,2,32.5220974475777
"orng-07",9,2022,33.8129496402878,2,32.3782125554914
"orng-07",9,2023,33.8129496402878,2,33.5293798029549
"orng-07",9,2024,33.8129496402878,2,33.3854949108686
"orng-07",9,2025,33.8129496402878,2,33.6732646950413
"orng-07",10,1999,18.3098591549296,2,35.9849829872783
"orng-07",10,2000,18.3098591549296,2,35.9849829872783
"orng-07",10,2001,18.3098591549296,2,36.2727527714509
"orng-07",10,2002,18.3098591549296,2,35.6972132031056
"orng-07",10,2003,18.3098591549296,2,34.2479378407868
"orng-07",10,2004,18.3098591549296,2,33.5222575154818
"orng-07",10,2005,18.3098591549296,2,34.5263238276494
"orng-07",10,2006,18.3098591549296,2,35.9672580368039
"orng-07",10,2007,18.3098591549296,2,36.106972352308
"orng-07",10,2008,15.4929577464789,2,35.5435920706178
"orng-07",10,2009,15.4929577464789,2,35.6885196068497
"orng-07",10,2010,15.4929577464789,2,35.6885196068497
"orng-07",10,2011,15.4929577464789,2,35.6885196068497
"orng-07",10,2012,16.1971830985916,2,35.6844371410404
"orng-07",10,2013,16.1971830985915,2,34.3800893149534
"orng-07",10,2014,16.1971830985915,2,34.2351617787215
"orng-07",10,2015,16.1971830985915,2,34.2351617787215
"orng-07",10,2016,16.1971830985915,2,34.6699443874172
"orng-07",10,2017,16.1971830985915,2,34.6699443874172
"orng-07",10,2018,16.1971830985915,2,34.8148719236491
"orng-07",10,2019,16.1971830985915,2,31.2198349097819
"orng-07",10,2020,16.1971830985915,2,31.9434299467958
"orng-07",10,2021,16.1971830985915,2,32.5220974475777
"orng-07",10,2022,16.1971830985915,2,32.3782125554914
"orng-07",10,2023,16.9014084507042,2,33.5293798029549
"orng-07",10,2024,16.9014084507042,2,33.3854949108686
"orng-07",10,2025,16.9014084507042,2,33.6732646950413
"orng-07",11,1999,52.8985507246377,3,36.7536026292255
"orng-07",11,2000,52.8985507246377,3,36.7536026292255
"orng-07",11,2001,52.8985507246377,3,36.7536026292255
"orng-07",11,2002,52.8985507246377,3,36.6127575588029
"orng-07",11,2003,52.8985507246377,3,36.6127575588029
"orng-07",11,2004,52.8985507246377,3,36.6127575588029
"orng-07",11,2005,52.8985507246377,3,36.6127575588029
"orng-07",11,2006,52.8985507246377,3,36.6127575588029
"orng-07",11,2007,52.1739130434782,3,36.6117149146574
"orng-07",11,2008,45.6521739130434,3,35.3073670885704
"orng-07",11,2009,45.6521739130434,3,35.3073670885704
"orng-07",11,2010,45.6521739130434,3,35.3073670885704
"orng-07",11,2011,45.6521739130434,3,35.3073670885704
"orng-07",11,2012,45.6521739130434,3,35.3073670885704
"orng-07",11,2013,46.3768115942029,3,35.5972221610342
"orng-07",11,2014,51.4492753623188,3,36.6117149146574
"orng-07",11,2015,39.8550724637682,3,34.0152666599115
"orng-07",11,2016,36.9565217391305,3,33.1497839083296
"orng-07",11,2017,36.231884057971,3,33.0048563720976
"orng-07",11,2018,36.231884057971,3,32.8599288358658
"orng-07",11,2019,36.231884057971,3,32.7190837654432
"orng-07",11,2020,36.9565217391304,3,32.8640113016751
"orng-07",11,2021,43.4782608695652,3,34.4582142002259
"orng-07",11,2022,43.4782608695652,3,34.4582142002259
"orng-07",11,2023,46.3768115942029,3,35.1828518813853
"orng-07",11,2024,46.3768115942029,3,35.1828518813853
"orng-07",11,2025,45.6521739130435,3,35.0379243451534
"orng-07",12,1999,27.3381294964029,3,36.7536026292255
"orng-07",12,2000,27.3381294964029,3,36.7536026292255
"orng-07",12,2001,27.3381294964029,3,36.7536026292255
"orng-07",12,2002,27.3381294964029,3,36.6127575588029
"orng-07",12,2003,27.3381294964029,3,36.6127575588029
"orng-07",12,2004,27.3381294964029,3,36.6127575588029
"orng-07",12,2005,27.3381294964029,3,36.6127575588029
"orng-07",12,2006,27.3381294964029,3,36.6127575588029
"orng-07",12,2007,28.0575539568346,3,36.6117149146574
"orng-07",12,2008,28.0575539568346,3,35.3073670885704
"orng-07",12,2009,28.0575539568346,3,35.3073670885704
"orng-07",12,2010,28.0575539568346,3,35.3073670885704
"orng-07",12,2011,28.0575539568346,3,35.3073670885704
"orng-07",12,2012,28.0575539568346,3,35.3073670885704
"orng-07",12,2013,28.0575539568346,3,35.5972221610342
"orng-07",12,2014,28.0575539568346,3,36.6117149146574
"orng-07",12,2015,28.0575539568346,3,34.0152666599115
"orng-07",12,2016,28.0575539568346,3,33.1497839083296
"orng-07",12,2017,28.0575539568346,3,33.0048563720976
"orng-07",12,2018,28.0575539568346,3,32.8599288358658
"orng-07",12,2019,28.0575539568346,3,32.7190837654432
"orng-07",12,2020,28.0575539568346,3,32.8640113016751
"orng-07",12,2021,28.0575539568346,3,34.4582142002259
"orng-07",12,2022,28.0575539568346,3,34.4582142002259
"orng-07",12,2023,28.0575539568346,3,35.1828518813853
"orng-07",12,2024,28.0575539568346,3,35.1828518813853
"orng-07",12,2025,28.0575539568346,3,35.0379243451534
"orng-07",13,1999,28.1690140845071,3,36.7536026292255
"orng-07",13,2000,28.1690140845071,3,36.7536026292255
"orng-07",13,2001,28.1690140845071,3,36.7536026292255
"orng-07",13,2002,27.4647887323944,3,36.6127575588029
"orng-07",13,2003,27.4647887323944,3,36.6127575588029
"orng-07",13,2004,27.4647887323944,3,36.6127575588029
"orng-07",13,2005,27.4647887323944,3,36.6127575588029
"orng-07",13,2006,27.4647887323944,3,36.6127575588029
"orng-07",13,2007,27.4647887323944,3,36.6117149146574
"orng-07",13,2008,27.4647887323944,3,35.3073670885704
"orng-07",13,2009,27.4647887323944,3,35.3073670885704
"orng-07",13,2010,27.4647887323944,3,35.3073670885704
"orng-07",13,2011,27.4647887323944,3,35.3073670885704
"orng-07",13,2012,27.4647887323944,3,35.3073670885704
"orng-07",13,2013,27.4647887323944,3,35.5972221610342
"orng-07",13,2014,27.4647887323944,3,36.6117149146574
"orng-07",13,2015,25.3521126760564,3,34.0152666599115
"orng-07",13,2016,24.6478873239437,3,33.1497839083296
"orng-07",13,2017,24.6478873239437,3,33.0048563720976
"orng-07",13,2018,24.6478873239437,3,32.8599288358658
"orng-07",13,2019,23.943661971831,3,32.7190837654432
"orng-07",13,2020,23.943661971831,3,32.8640113016751
"orng-07",13,2021,23.943661971831,3,34.4582142002259
"orng-07",13,2022,23.943661971831,3,34.4582142002259
"orng-07",13,2023,23.943661971831,3,35.1828518813853
"orng-07",13,2024,23.943661971831,3,35.1828518813853
"orng-07",13,2025,23.943661971831,3,35.0379243451534
"orng-07",14,1999,51.4492753623188,3,36.7536026292255
"orng-07",14,2000,51.4492753623188,3,36.7536026292255
"orng-07",14,2001,51.4492753623188,3,36.7536026292255
"orng-07",14,2002,51.4492753623188,3,36.6127575588029
"orng-07",14,2003,51.4492753623188,3,36.6127575588029
"orng-07",14,2004,51.4492753623188,3,36.6127575588029
"orng-07",14,2005,51.4492753623188,3,36.6127575588029
"orng-07",14,2006,51.4492753623188,3,36.6127575588029
"orng-07",14,2007,51.4492753623188,3,36.6117149146574
"orng-07",14,2008,51.4492753623188,3,35.3073670885704
"orng-07",14,2009,51.4492753623188,3,35.3073670885704
"orng-07",14,2010,51.4492753623188,3,35.3073670885704
"orng-07",14,2011,51.4492753623188,3,35.3073670885704
"orng-07",14,2012,51.4492753623188,3,35.3073670885704
"orng-07",14,2013,51.4492753623188,3,35.5972221610342
"orng-07",14,2014,51.4492753623188,3,36.6117149146574
"orng-07",14,2015,51.4492753623188,3,34.0152666599115
"orng-07",14,2016,51.4492753623188,3,33.1497839083296
"orng-07",14,2017,51.4492753623188,3,33.0048563720976
"orng-07",14,2018,51.4492753623188,3,32.8599288358658
"orng-07",14,2019,51.4492753623188,3,32.7190837654432
"orng-07",14,2020,51.4492753623188,3,32.8640113016751
"orng-07",14,2021,51.4492753623188,3,34.4582142002259
"orng-07",14,2022,51.4492753623188,3,34.4582142002259
"orng-07",14,2023,51.4492753623188,3,35.1828518813853
"orng-07",14,2024,51.4492753623188,3,35.1828518813853
"orng-07",14,2025,51.4492753623188,3,35.0379243451534
"orng-07",15,1999,23.9130434782608,3,36.7536026292255
"orng-07",15,2000,23.9130434782608,3,36.7536026292255
"orng-07",15,2001,23.9130434782608,3,36.7536026292255
"orng-07",15,2002,23.9130434782608,3,36.6127575588029
"orng-07",15,2003,23.9130434782608,3,36.6127575588029
"orng-07",15,2004,23.9130434782608,3,36.6127575588029
"orng-07",15,2005,23.9130434782608,3,36.6127575588029
"orng-07",15,2006,23.9130434782608,3,36.6127575588029
"orng-07",15,2007,23.9130434782608,3,36.6117149146574
"orng-07",15,2008,23.9130434782608,3,35.3073670885704
"orng-07",15,2009,23.9130434782608,3,35.3073670885704
"orng-07",15,2010,23.9130434782608,3,35.3073670885704
"orng-07",15,2011,23.9130434782608,3,35.3073670885704
"orng-07",15,2012,23.9130434782608,3,35.3073670885704
"orng-07",15,2013,24.6376811594202,3,35.5972221610342
"orng-07",15,2014,24.6376811594202,3,36.6117149146574
"orng-07",15,2015,25.3623188405797,3,34.0152666599115
"orng-07",15,2016,24.6376811594202,3,33.1497839083296
"orng-07",15,2017,24.6376811594202,3,33.0048563720976
"orng-07",15,2018,23.9130434782608,3,32.8599288358658
"orng-07",15,2019,23.9130434782608,3,32.7190837654432
"orng-07",15,2020,23.9130434782608,3,32.8640113016751
"orng-07",15,2021,25.3623188405797,3,34.4582142002259
"orng-07",15,2022,25.3623188405797,3,34.4582142002259
"orng-07",15,2023,26.0869565217392,3,35.1828518813853
"orng-07",15,2024,26.0869565217392,3,35.1828518813853
"orng-07",15,2025,26.0869565217392,3,35.0379243451534
"orng-07",16,1999,41.4285714285714,4,33.0316622082274
"orng-07",16,2000,41.4285714285714,4,33.0316622082274
"orng-07",16,2001,41.4285714285714,4,33.0316622082274
"orng-07",16,2002,41.4285714285714,4,33.3144359892026
"orng-07",16,2003,41.4285714285714,4,33.1755471003137
"orng-07",16,2004,41.4285714285714,4,33.4633168844863
"orng-07",16,2005,41.4285714285714,4,33.7460906654616
"orng-07",16,2006,41.4285714285714,4,34.5944120083872
"orng-07",16,2007,41.4285714285714,4,34.4555231194983
"orng-07",16,2008,41.4285714285714,4,34.5944120083872
"orng-07",16,2009,41.4285714285714,4,34.3166342306094
"orng-07",16,2010,41.4285714285714,4,34.1777453417205
"orng-07",16,2011,41.4285714285714,4,34.0388564528317
"orng-07",16,2012,41.4285714285714,4,34.1777453417205
"orng-07",16,2013,41.4285714285714,4,34.0388564528317
"orng-07",16,2014,41.4285714285714,4,34.0488484592265
"orng-07",16,2015,41.4285714285714,4,34.3266262370043
"orng-07",16,2016,41.4285714285714,4,34.4655151258932
"orng-07",16,2017,41.4285714285714,4,34.1877373481154
"orng-07",16,2018,41.4285714285714,4,33.3244279955974
"orng-07",16,2019,41.4285714285714,4,32.1733488589068
"orng-07",16,2020,41.4285714285714,4,24.6556183624529
"orng-07",16,2021,41.4285714285714,4,20.6810320740368
"orng-07",16,2022,41.4285714285714,4,20.6810320740368
"orng-07",16,2023,41.4285714285714,4,20.681946236324
"orng-07",16,2024,41.4285714285714,4,20.5401022646928
"orng-07",16,2025,41.4285714285714,4,21.1036089061881
"orng-07",17,1999,31.9444444444444,4,33.0316622082274
"orng-07",17,2000,31.9444444444444,4,33.0316622082274
"orng-07",17,2001,31.9444444444444,4,33.0316622082274
"orng-07",17,2002,32.6388888888889,4,33.3144359892026
"orng-07",17,2003,31.9444444444444,4,33.1755471003137
"orng-07",17,2004,31.9444444444444,4,33.4633168844863
"orng-07",17,2005,32.6388888888889,4,33.7460906654616
"orng-07",17,2006,34.7222222222223,4,34.5944120083872
"orng-07",17,2007,34.0277777777778,4,34.4555231194983
"orng-07",17,2008,34.7222222222223,4,34.5944120083872
"orng-07",17,2009,33.3333333333333,4,34.3166342306094
"orng-07",17,2010,32.6388888888888,4,34.1777453417205
"orng-07",17,2011,31.9444444444444,4,34.0388564528317
"orng-07",17,2012,32.6388888888889,4,34.1777453417205
"orng-07",17,2013,31.9444444444444,4,34.0388564528317
"orng-07",17,2014,30.5555555555555,4,34.0488484592265
"orng-07",17,2015,31.9444444444444,4,34.3266262370043
"orng-07",17,2016,32.6388888888888,4,34.4655151258932
"orng-07",17,2017,31.2499999999999,4,34.1877373481154
"orng-07",17,2018,31.2499999999999,4,33.3244279955974
"orng-07",17,2019,31.2499999999999,4,32.1733488589068
"orng-07",17,2020,31.2499999999999,4,24.6556183624529
"orng-07",17,2021,31.9444444444444,4,20.6810320740368
"orng-07",17,2022,31.9444444444444,4,20.6810320740368
"orng-07",17,2023,31.2499999999999,4,20.681946236324
"orng-07",17,2024,31.2499999999999,4,20.5401022646928
"orng-07",17,2025,32.6388888888888,4,21.1036089061881
"orng-07",18,1999,10.7913669064748,4,33.0316622082274
"orng-07",18,2000,10.7913669064748,4,33.0316622082274
"orng-07",18,2001,10.7913669064748,4,33.0316622082274
"orng-07",18,2002,11.5107913669065,4,33.3144359892026
"orng-07",18,2003,11.5107913669065,4,33.1755471003137
"orng-07",18,2004,11.5107913669065,4,33.4633168844863
"orng-07",18,2005,11.5107913669065,4,33.7460906654616
"orng-07",18,2006,11.5107913669065,4,34.5944120083872
"orng-07",18,2007,11.5107913669065,4,34.4555231194983
"orng-07",18,2008,11.5107913669065,4,34.5944120083872
"orng-07",18,2009,11.5107913669065,4,34.3166342306094
"orng-07",18,2010,11.5107913669065,4,34.1777453417205
"orng-07",18,2011,11.5107913669065,4,34.0388564528317
"orng-07",18,2012,11.5107913669065,4,34.1777453417205
"orng-07",18,2013,11.5107913669065,4,34.0388564528317
"orng-07",18,2014,11.5107913669065,4,34.0488484592265
"orng-07",18,2015,11.5107913669065,4,34.3266262370043
"orng-07",18,2016,11.5107913669065,4,34.4655151258932
"orng-07",18,2017,11.5107913669065,4,34.1877373481154
"orng-07",18,2018,9.35251798561151,4,33.3244279955974
"orng-07",18,2019,9.35251798561151,4,32.1733488589068
"orng-07",18,2020,9.35251798561151,4,24.6556183624529
"orng-07",18,2021,9.35251798561151,4,20.6810320740368
"orng-07",18,2022,9.35251798561151,4,20.6810320740368
"orng-07",18,2023,9.35251798561151,4,20.681946236324
"orng-07",18,2024,9.35251798561151,4,20.5401022646928
"orng-07",18,2025,9.35251798561151,4,21.1036089061881
"orng-07",19,1999,10.0719424460432,4,33.0316622082274
"orng-07",19,2000,10.0719424460432,4,33.0316622082274
"orng-07",19,2001,10.0719424460432,4,33.0316622082274
"orng-07",19,2002,10.0719424460432,4,33.3144359892026
"orng-07",19,2003,10.0719424460432,4,33.1755471003137
"orng-07",19,2004,11.5107913669065,4,33.4633168844863
"orng-07",19,2005,12.2302158273381,4,33.7460906654616
"orng-07",19,2006,14.3884892086331,4,34.5944120083872
"orng-07",19,2007,14.3884892086331,4,34.4555231194983
"orng-07",19,2008,14.3884892086331,4,34.5944120083872
"orng-07",19,2009,14.3884892086331,4,34.3166342306094
"orng-07",19,2010,14.3884892086331,4,34.1777453417205
"orng-07",19,2011,14.3884892086331,4,34.0388564528317
"orng-07",19,2012,14.3884892086331,4,34.1777453417205
"orng-07",19,2013,14.3884892086331,4,34.0388564528317
"orng-07",19,2014,15.8273381294964,4,34.0488484592265
"orng-07",19,2015,15.8273381294964,4,34.3266262370043
"orng-07",19,2016,15.8273381294964,4,34.4655151258932
"orng-07",19,2017,15.8273381294964,4,34.1877373481154
"orng-07",19,2018,13.6690647482014,4,33.3244279955974
"orng-07",19,2019,7.9136690647482,4,32.1733488589068
"orng-07",19,2020,7.9136690647482,4,24.6556183624529
"orng-07",19,2021,7.9136690647482,4,20.6810320740368
"orng-07",19,2022,7.9136690647482,4,20.6810320740368
"orng-07",19,2023,7.19424460431655,4,20.681946236324
"orng-07",19,2024,7.19424460431655,4,20.5401022646928
"orng-07",19,2025,7.9136690647482,4,21.1036089061881
"orng-07",20,1999,70.9219858156029,4,33.0316622082274
"orng-07",20,2000,70.9219858156029,4,33.0316622082274
"orng-07",20,2001,70.9219858156029,4,33.0316622082274
"orng-07",20,2002,70.9219858156029,4,33.3144359892026
"orng-07",20,2003,70.9219858156029,4,33.1755471003137
"orng-07",20,2004,70.9219858156029,4,33.4633168844863
"orng-07",20,2005,70.9219858156029,4,33.7460906654616
"orng-07",20,2006,70.9219858156028,4,34.5944120083872
"orng-07",20,2007,70.9219858156028,4,34.4555231194983
"orng-07",20,2008,70.9219858156028,4,34.5944120083872
"orng-07",20,2009,70.9219858156028,4,34.3166342306094
"orng-07",20,2010,70.9219858156028,4,34.1777453417205
"orng-07",20,2011,70.9219858156028,4,34.0388564528317
"orng-07",20,2012,70.9219858156028,4,34.1777453417205
"orng-07",20,2013,70.9219858156028,4,34.0388564528317
"orng-07",20,2014,70.9219858156028,4,34.0488484592265
"orng-07",20,2015,70.9219858156028,4,34.3266262370043
"orng-07",20,2016,70.9219858156028,4,34.4655151258932
"orng-07",20,2017,70.9219858156028,4,34.1877373481154
"orng-07",20,2018,70.9219858156028,4,33.3244279955974
"orng-07",20,2019,70.9219858156028,4,32.1733488589068
"orng-07",20,2020,33.3333333333333,4,24.6556183624529
"orng-07",20,2021,12.7659574468085,4,20.6810320740368
"orng-07",20,2022,12.7659574468085,4,20.6810320740368
"orng-07",20,2023,14.1843971631206,4,20.681946236324
"orng-07",20,2024,13.4751773049645,4,20.5401022646928
"orng-07",20,2025,14.1843971631205,4,21.1036089061881
"orng-08",1,1999,68.5714285714286,1,45.323606952947
"orng-08",1,2000,68.5714285714286,1,45.323606952947
"orng-08",1,2001,68.5714285714286,1,44.1673145955286
"orng-08",1,2002,68.5714285714286,1,42.8692077393985
"orng-08",1,2003,68.5714285714286,1,42.8692077393985
"orng-08",1,2004,68.5714285714286,1,42.8692077393985
"orng-08",1,2005,68.5714285714286,1,42.8692077393985
"orng-08",1,2006,68.5714285714286,1,42.8692077393985
"orng-08",1,2007,68.5714285714286,1,42.8692077393985
"orng-08",1,2008,68.5714285714286,1,42.8692077393985
"orng-08",1,2009,68.5714285714286,1,42.8692077393985
"orng-08",1,2010,68.5714285714286,1,42.8692077393985
"orng-08",1,2011,68.5714285714286,1,42.8692077393985
"orng-08",1,2012,68.5714285714286,1,42.8692077393985
"orng-08",1,2013,68.5714285714286,1,42.8692077393985
"orng-08",1,2014,68.5714285714286,1,41.7263505965414
"orng-08",1,2015,68.5714285714286,1,41.7263505965414
"orng-08",1,2016,68.5714285714286,1,41.7263505965414
"orng-08",1,2017,68.5714285714286,1,41.7263505965414
"orng-08",1,2018,68.5714285714286,1,38.549413885041
"orng-08",1,2019,68.5714285714286,1,36.0939869222634
"orng-08",1,2020,68.5714285714286,1,36.0939869222634
"orng-08",1,2021,68.5714285714286,1,36.3827993505816
"orng-08",1,2022,68.5714285714286,1,36.3827993505816
"orng-08",1,2023,68.5714285714286,1,36.3827993505816
"orng-08",1,2024,68.5714285714286,1,36.3827993505816
"orng-08",1,2025,68.5714285714286,1,36.0939869222634
"orng-08",2,1999,43.4782608695652,1,45.323606952947
"orng-08",2,2000,43.4782608695652,1,45.323606952947
"orng-08",2,2001,39.8550724637681,1,44.1673145955286
"orng-08",2,2002,36.9565217391304,1,42.8692077393985
"orng-08",2,2003,36.9565217391304,1,42.8692077393985
"orng-08",2,2004,36.9565217391304,1,42.8692077393985
"orng-08",2,2005,36.9565217391304,1,42.8692077393985
"orng-08",2,2006,36.9565217391304,1,42.8692077393985
"orng-08",2,2007,36.9565217391304,1,42.8692077393985
"orng-08",2,2008,36.9565217391304,1,42.8692077393985
"orng-08",2,2009,36.9565217391304,1,42.8692077393985
"orng-08",2,2010,36.9565217391304,1,42.8692077393985
"orng-08",2,2011,36.9565217391304,1,42.8692077393985
"orng-08",2,2012,36.9565217391304,1,42.8692077393985
"orng-08",2,2013,36.9565217391304,1,42.8692077393985
"orng-08",2,2014,36.9565217391304,1,41.7263505965414
"orng-08",2,2015,36.9565217391304,1,41.7263505965414
"orng-08",2,2016,36.9565217391304,1,41.7263505965414
"orng-08",2,2017,36.9565217391304,1,41.7263505965414
"orng-08",2,2018,28.9855072463768,1,38.549413885041
"orng-08",2,2019,22.463768115942,1,36.0939869222634
"orng-08",2,2020,22.463768115942,1,36.0939869222634
"orng-08",2,2021,23.1884057971014,1,36.3827993505816
"orng-08",2,2022,23.1884057971014,1,36.3827993505816
"orng-08",2,2023,23.1884057971014,1,36.3827993505816
"orng-08",2,2024,23.1884057971014,1,36.3827993505816
"orng-08",2,2025,22.463768115942,1,36.0939869222634
"orng-08",3,1999,39.568345323741,1,45.323606952947
"orng-08",3,2000,39.568345323741,1,45.323606952947
"orng-08",3,2001,37.4100719424461,1,44.1673145955286
"orng-08",3,2002,34.5323741007194,1,42.8692077393985
"orng-08",3,2003,34.5323741007194,1,42.8692077393985
"orng-08",3,2004,34.5323741007194,1,42.8692077393985
"orng-08",3,2005,34.5323741007194,1,42.8692077393985
"orng-08",3,2006,34.5323741007194,1,42.8692077393985
"orng-08",3,2007,34.5323741007194,1,42.8692077393985
"orng-08",3,2008,34.5323741007194,1,42.8692077393985
"orng-08",3,2009,34.5323741007194,1,42.8692077393985
"orng-08",3,2010,34.5323741007194,1,42.8692077393985
"orng-08",3,2011,34.5323741007194,1,42.8692077393985
"orng-08",3,2012,34.5323741007194,1,42.8692077393985
"orng-08",3,2013,34.5323741007194,1,42.8692077393985
"orng-08",3,2014,34.5323741007194,1,41.7263505965414
"orng-08",3,2015,34.5323741007194,1,41.7263505965414
"orng-08",3,2016,34.5323741007194,1,41.7263505965414
"orng-08",3,2017,34.5323741007194,1,41.7263505965414
"orng-08",3,2018,26.6187050359712,1,38.549413885041
"orng-08",3,2019,20.863309352518,1,36.0939869222634
"orng-08",3,2020,20.863309352518,1,36.0939869222634
"orng-08",3,2021,21.5827338129496,1,36.3827993505816
"orng-08",3,2022,21.5827338129496,1,36.3827993505816
"orng-08",3,2023,21.5827338129496,1,36.3827993505816
"orng-08",3,2024,21.5827338129496,1,36.3827993505816
"orng-08",3,2025,20.863309352518,1,36.0939869222634
"orng-08",4,1999,37.1428571428572,1,45.323606952947
"orng-08",4,2000,37.1428571428572,1,45.323606952947
"orng-08",4,2001,37.1428571428572,1,44.1673145955286
"orng-08",4,2002,36.4285714285714,1,42.8692077393985
"orng-08",4,2003,36.4285714285714,1,42.8692077393985
"orng-08",4,2004,36.4285714285714,1,42.8692077393985
"orng-08",4,2005,36.4285714285714,1,42.8692077393985
"orng-08",4,2006,36.4285714285714,1,42.8692077393985
"orng-08",4,2007,36.4285714285714,1,42.8692077393985
"orng-08",4,2008,36.4285714285714,1,42.8692077393985
"orng-08",4,2009,36.4285714285714,1,42.8692077393985
"orng-08",4,2010,36.4285714285714,1,42.8692077393985
"orng-08",4,2011,36.4285714285714,1,42.8692077393985
"orng-08",4,2012,36.4285714285714,1,42.8692077393985
"orng-08",4,2013,36.4285714285714,1,42.8692077393985
"orng-08",4,2014,35.7142857142857,1,41.7263505965414
"orng-08",4,2015,35.7142857142857,1,41.7263505965414
"orng-08",4,2016,35.7142857142857,1,41.7263505965414
"orng-08",4,2017,35.7142857142857,1,41.7263505965414
"orng-08",4,2018,35.7142857142857,1,38.549413885041
"orng-08",4,2019,35.7142857142857,1,36.0939869222634
"orng-08",4,2020,35.7142857142857,1,36.0939869222634
"orng-08",4,2021,35.7142857142857,1,36.3827993505816
"orng-08",4,2022,35.7142857142857,1,36.3827993505816
"orng-08",4,2023,35.7142857142857,1,36.3827993505816
"orng-08",4,2024,35.7142857142857,1,36.3827993505816
"orng-08",4,2025,35.7142857142857,1,36.0939869222634
"orng-08",5,1999,37.8571428571429,1,45.323606952947
"orng-08",5,2000,37.8571428571429,1,45.323606952947
"orng-08",5,2001,37.8571428571429,1,44.1673145955286
"orng-08",5,2002,37.8571428571429,1,42.8692077393985
"orng-08",5,2003,37.8571428571429,1,42.8692077393985
"orng-08",5,2004,37.8571428571429,1,42.8692077393985
"orng-08",5,2005,37.8571428571429,1,42.8692077393985
"orng-08",5,2006,37.8571428571429,1,42.8692077393985
"orng-08",5,2007,37.8571428571429,1,42.8692077393985
"orng-08",5,2008,37.8571428571429,1,42.8692077393985
"orng-08",5,2009,37.8571428571429,1,42.8692077393985
"orng-08",5,2010,37.8571428571429,1,42.8692077393985
"orng-08",5,2011,37.8571428571429,1,42.8692077393985
"orng-08",5,2012,37.8571428571429,1,42.8692077393985
"orng-08",5,2013,37.8571428571429,1,42.8692077393985
"orng-08",5,2014,32.8571428571429,1,41.7263505965414
"orng-08",5,2015,32.8571428571429,1,41.7263505965414
"orng-08",5,2016,32.8571428571429,1,41.7263505965414
"orng-08",5,2017,32.8571428571429,1,41.7263505965414
"orng-08",5,2018,32.8571428571429,1,38.549413885041
"orng-08",5,2019,32.8571428571429,1,36.0939869222634
"orng-08",5,2020,32.8571428571429,1,36.0939869222634
"orng-08",5,2021,32.8571428571429,1,36.3827993505816
"orng-08",5,2022,32.8571428571429,1,36.3827993505816
"orng-08",5,2023,32.8571428571429,1,36.3827993505816
"orng-08",5,2024,32.8571428571429,1,36.3827993505816
"orng-08",5,2025,32.8571428571429,1,36.0939869222634
"orng-08",6,1999,56.4285714285714,2,46.9511950635078
"orng-08",6,2000,57.1428571428571,2,47.0940522063649
"orng-08",6,2001,57.8571428571428,2,47.0919818129902
"orng-08",6,2002,57.8571428571428,2,47.090954063761
"orng-08",6,2003,57.8571428571428,2,47.090954063761
"orng-08",6,2004,57.8571428571428,2,46.9480969209039
"orng-08",6,2005,58.5714285714285,2,47.6634103844188
"orng-08",6,2006,58.5714285714285,2,47.0837002394912
"orng-08",6,2007,60,2,47.3694145252055
"orng-08",6,2008,60,2,47.3694145252055
"orng-08",6,2009,60,2,47.3694145252055
"orng-08",6,2010,60,2,47.3694145252055
"orng-08",6,2011,60,2,47.2265573823484
"orng-08",6,2012,60,2,47.3694145252055
"orng-08",6,2013,52.8571428571429,2,45.797985953777
"orng-08",6,2014,52.8571428571429,2,45.6541010616906
"orng-08",6,2015,52.8571428571429,2,45.5091884203751
"orng-08",6,2016,52.8571428571429,2,45.3653035282888
"orng-08",6,2017,52.8571428571429,2,45.3653035282888
"orng-08",6,2018,52.8571428571429,2,45.3653035282888
"orng-08",6,2019,52.8571428571429,2,45.2214186362025
"orng-08",6,2020,52.8571428571429,2,44.643793779566
"orng-08",6,2021,57.8571428571429,2,43.3249531998559
"orng-08",6,2022,57.8571428571429,2,43.1810683077696
"orng-08",6,2023,57.8571428571429,2,43.1810683077696
"orng-08",6,2024,57.8571428571429,2,43.3280662373762
"orng-08",6,2025,58.5714285714286,2,43.6158509164652
"orng-08",7,1999,76.2589928057554,2,46.9511950635078
"orng-08",7,2000,76.2589928057554,2,47.0940522063649
"orng-08",7,2001,76.2589928057554,2,47.0919818129902
"orng-08",7,2002,75.5395683453237,2,47.090954063761
"orng-08",7,2003,75.5395683453238,2,47.090954063761
"orng-08",7,2004,75.5395683453238,2,46.9480969209039
"orng-08",7,2005,76.2589928057554,2,47.6634103844188
"orng-08",7,2006,76.2589928057554,2,47.0837002394912
"orng-08",7,2007,76.2589928057554,2,47.3694145252055
"orng-08",7,2008,76.2589928057554,2,47.3694145252055
"orng-08",7,2009,76.2589928057554,2,47.3694145252055
"orng-08",7,2010,76.2589928057554,2,47.3694145252055
"orng-08",7,2011,76.2589928057554,2,47.2265573823484
"orng-08",7,2012,76.2589928057554,2,47.3694145252055
"orng-08",7,2013,76.2589928057554,2,45.797985953777
"orng-08",7,2014,75.5395683453237,2,45.6541010616906
"orng-08",7,2015,74.1007194244605,2,45.5091884203751
"orng-08",7,2016,73.3812949640289,2,45.3653035282888
"orng-08",7,2017,73.3812949640288,2,45.3653035282888
"orng-08",7,2018,73.3812949640288,2,45.3653035282888
"orng-08",7,2019,72.6618705035971,2,45.2214186362025
"orng-08",7,2020,71.2230215827338,2,44.643793779566
"orng-08",7,2021,71.2230215827338,2,43.3249531998559
"orng-08",7,2022,70.5035971223021,2,43.1810683077696
"orng-08",7,2023,70.5035971223021,2,43.1810683077696
"orng-08",7,2024,70.5035971223021,2,43.3280662373762
"orng-08",7,2025,70.5035971223021,2,43.6158509164652
"orng-08",8,1999,20.5673758865248,2,46.9511950635078
"orng-08",8,2000,20.5673758865248,2,47.0940522063649
"orng-08",8,2001,20.5673758865248,2,47.0919818129902
"orng-08",8,2002,20.5673758865248,2,47.090954063761
"orng-08",8,2003,20.5673758865249,2,47.090954063761
"orng-08",8,2004,20.5673758865249,2,46.9480969209039
"orng-08",8,2005,20.5673758865249,2,47.6634103844188
"orng-08",8,2006,20.5673758865249,2,47.0837002394912
"orng-08",8,2007,20.5673758865249,2,47.3694145252055
"orng-08",8,2008,20.5673758865249,2,47.3694145252055
"orng-08",8,2009,20.5673758865249,2,47.3694145252055
"orng-08",8,2010,20.5673758865249,2,47.3694145252055
"orng-08",8,2011,20.5673758865249,2,47.2265573823484
"orng-08",8,2012,20.5673758865249,2,47.3694145252055
"orng-08",8,2013,20.5673758865249,2,45.797985953777
"orng-08",8,2014,20.5673758865249,2,45.6541010616906
"orng-08",8,2015,20.5673758865249,2,45.5091884203751
"orng-08",8,2016,20.5673758865249,2,45.3653035282888
"orng-08",8,2017,20.5673758865249,2,45.3653035282888
"orng-08",8,2018,20.5673758865249,2,45.3653035282888
"orng-08",8,2019,20.5673758865249,2,45.2214186362025
"orng-08",8,2020,20.5673758865249,2,44.643793779566
"orng-08",8,2021,20.5673758865249,2,43.3249531998559
"orng-08",8,2022,20.5673758865249,2,43.1810683077696
"orng-08",8,2023,20.5673758865249,2,43.1810683077696
"orng-08",8,2024,20.5673758865249,2,43.3280662373762
"orng-08",8,2025,20.5673758865249,2,43.6158509164652
"orng-08",9,1999,55.072463768116,2,46.9511950635078
"orng-08",9,2000,55.072463768116,2,47.0940522063649
"orng-08",9,2001,54.3478260869565,2,47.0919818129902
"orng-08",9,2002,54.3478260869565,2,47.090954063761
"orng-08",9,2003,54.3478260869565,2,47.090954063761
"orng-08",9,2004,54.3478260869565,2,46.9480969209039
"orng-08",9,2005,54.3478260869565,2,47.6634103844188
"orng-08",9,2006,51.4492753623188,2,47.0837002394912
"orng-08",9,2007,51.4492753623188,2,47.3694145252055
"orng-08",9,2008,51.4492753623188,2,47.3694145252055
"orng-08",9,2009,51.4492753623188,2,47.3694145252055
"orng-08",9,2010,51.4492753623188,2,47.3694145252055
"orng-08",9,2011,51.4492753623188,2,47.2265573823484
"orng-08",9,2012,51.4492753623188,2,47.3694145252055
"orng-08",9,2013,51.4492753623188,2,45.797985953777
"orng-08",9,2014,51.4492753623188,2,45.6541010616906
"orng-08",9,2015,51.4492753623188,2,45.5091884203751
"orng-08",9,2016,51.4492753623188,2,45.3653035282888
"orng-08",9,2017,51.4492753623188,2,45.3653035282888
"orng-08",9,2018,51.4492753623188,2,45.3653035282888
"orng-08",9,2019,51.4492753623188,2,45.2214186362025
"orng-08",9,2020,50,2,44.643793779566
"orng-08",9,2021,38.4057971014493,2,43.3249531998559
"orng-08",9,2022,38.4057971014493,2,43.1810683077696
"orng-08",9,2023,38.4057971014493,2,43.1810683077696
"orng-08",9,2024,39.8550724637681,2,43.3280662373762
"orng-08",9,2025,40.5797101449275,2,43.6158509164652
"orng-08",10,1999,26.4285714285714,2,46.9511950635078
"orng-08",10,2000,26.4285714285714,2,47.0940522063649
"orng-08",10,2001,26.4285714285714,2,47.0919818129902
"orng-08",10,2002,27.1428571428572,2,47.090954063761
"orng-08",10,2003,27.1428571428572,2,47.090954063761
"orng-08",10,2004,26.4285714285714,2,46.9480969209039
"orng-08",10,2005,28.5714285714286,2,47.6634103844188
"orng-08",10,2006,28.5714285714286,2,47.0837002394912
"orng-08",10,2007,28.5714285714286,2,47.3694145252055
"orng-08",10,2008,28.5714285714286,2,47.3694145252055
"orng-08",10,2009,28.5714285714286,2,47.3694145252055
"orng-08",10,2010,28.5714285714286,2,47.3694145252055
"orng-08",10,2011,27.8571428571428,2,47.2265573823484
"orng-08",10,2012,28.5714285714285,2,47.3694145252055
"orng-08",10,2013,27.8571428571428,2,45.797985953777
"orng-08",10,2014,27.8571428571428,2,45.6541010616906
"orng-08",10,2015,28.5714285714286,2,45.5091884203751
"orng-08",10,2016,28.5714285714286,2,45.3653035282888
"orng-08",10,2017,28.5714285714286,2,45.3653035282888
"orng-08",10,2018,28.5714285714286,2,45.3653035282888
"orng-08",10,2019,28.5714285714286,2,45.2214186362025
"orng-08",10,2020,28.5714285714286,2,44.643793779566
"orng-08",10,2021,28.5714285714286,2,43.3249531998559
"orng-08",10,2022,28.5714285714286,2,43.1810683077696
"orng-08",10,2023,28.5714285714286,2,43.1810683077696
"orng-08",10,2024,27.8571428571428,2,43.3280662373762
"orng-08",10,2025,27.8571428571428,2,43.6158509164652
"orng-08",11,1999,75,3,67.5056526207605
"orng-08",11,2000,75,3,67.2178828365879
"orng-08",11,2001,75,3,67.2178828365879
"orng-08",11,2002,75,3,67.2178828365879
"orng-08",11,2003,75,3,67.2178828365879
"orng-08",11,2004,75,3,67.2178828365879
"orng-08",11,2005,75,3,67.2178828365879
"orng-08",11,2006,75,3,61.3617677286742
"orng-08",11,2007,75,3,61.5056526207605
"orng-08",11,2008,75,3,61.5056526207605
"orng-08",11,2009,75,3,61.6485097636177
"orng-08",11,2010,75,3,61.6485097636177
"orng-08",11,2011,75,3,61.6485097636177
"orng-08",11,2012,75,3,63.218910585817
"orng-08",11,2013,75,3,66.3597122302158
"orng-08",11,2014,75,3,66.3566289825283
"orng-08",11,2015,75,3,66.3545734840699
"orng-08",11,2016,75,3,66.497430626927
"orng-08",11,2017,75,3,66.6402877697842
"orng-08",11,2018,75,3,66.6402877697842
"orng-08",11,2019,75,3,66.6402877697842
"orng-08",11,2020,75,3,65.6372045220966
"orng-08",11,2021,75,3,63.9229188078109
"orng-08",11,2022,75,3,63.9229188078109
"orng-08",11,2023,75,3,63.9229188078109
"orng-08",11,2024,75,3,63.9229188078109
"orng-08",11,2025,75,3,60.3514902363823
"orng-08",12,1999,62.8571428571429,3,67.5056526207605
"orng-08",12,2000,62.8571428571429,3,67.2178828365879
"orng-08",12,2001,62.8571428571429,3,67.2178828365879
"orng-08",12,2002,62.8571428571429,3,67.2178828365879
"orng-08",12,2003,62.8571428571429,3,67.2178828365879
"orng-08",12,2004,62.8571428571429,3,67.2178828365879
"orng-08",12,2005,62.8571428571429,3,67.2178828365879
"orng-08",12,2006,31.4285714285714,3,61.3617677286742
"orng-08",12,2007,31.4285714285714,3,61.5056526207605
"orng-08",12,2008,31.4285714285714,3,61.5056526207605
"orng-08",12,2009,32.1428571428571,3,61.6485097636177
"orng-08",12,2010,32.8571428571428,3,61.6485097636177
"orng-08",12,2011,32.8571428571428,3,61.6485097636177
"orng-08",12,2012,41.4285714285714,3,63.218910585817
"orng-08",12,2013,58.5714285714286,3,66.3597122302158
"orng-08",12,2014,60.7142857142858,3,66.3566289825283
"orng-08",12,2015,62.1428571428572,3,66.3545734840699
"orng-08",12,2016,62.8571428571429,3,66.497430626927
"orng-08",12,2017,63.5714285714286,3,66.6402877697842
"orng-08",12,2018,63.5714285714286,3,66.6402877697842
"orng-08",12,2019,63.5714285714286,3,66.6402877697842
"orng-08",12,2020,63.5714285714286,3,65.6372045220966
"orng-08",12,2021,63.5714285714286,3,63.9229188078109
"orng-08",12,2022,63.5714285714286,3,63.9229188078109
"orng-08",12,2023,63.5714285714286,3,63.9229188078109
"orng-08",12,2024,63.5714285714286,3,63.9229188078109
"orng-08",12,2025,60,3,60.3514902363823
"orng-08",13,1999,75.7142857142857,3,67.5056526207605
"orng-08",13,2000,75.7142857142857,3,67.2178828365879
"orng-08",13,2001,75.7142857142857,3,67.2178828365879
"orng-08",13,2002,75.7142857142857,3,67.2178828365879
"orng-08",13,2003,75.7142857142857,3,67.2178828365879
"orng-08",13,2004,75.7142857142857,3,67.2178828365879
"orng-08",13,2005,75.7142857142857,3,67.2178828365879
"orng-08",13,2006,75.7142857142857,3,61.3617677286742
"orng-08",13,2007,75.7142857142857,3,61.5056526207605
"orng-08",13,2008,75.7142857142857,3,61.5056526207605
"orng-08",13,2009,75.7142857142857,3,61.6485097636177
"orng-08",13,2010,75.7142857142857,3,61.6485097636177
"orng-08",13,2011,75.7142857142857,3,61.6485097636177
"orng-08",13,2012,75.7142857142857,3,63.218910585817
"orng-08",13,2013,75.7142857142857,3,66.3597122302158
"orng-08",13,2014,75.7142857142857,3,66.3566289825283
"orng-08",13,2015,75.7142857142857,3,66.3545734840699
"orng-08",13,2016,75.7142857142857,3,66.497430626927
"orng-08",13,2017,75.7142857142857,3,66.6402877697842
"orng-08",13,2018,75.7142857142857,3,66.6402877697842
"orng-08",13,2019,75.7142857142857,3,66.6402877697842
"orng-08",13,2020,75.7142857142857,3,65.6372045220966
"orng-08",13,2021,75.7142857142857,3,63.9229188078109
"orng-08",13,2022,75.7142857142857,3,63.9229188078109
"orng-08",13,2023,75.7142857142857,3,63.9229188078109
"orng-08",13,2024,75.7142857142857,3,63.9229188078109
"orng-08",13,2025,61.4285714285714,3,60.3514902363823
"orng-08",14,1999,70,3,67.5056526207605
"orng-08",14,2000,70,3,67.2178828365879
"orng-08",14,2001,70,3,67.2178828365879
"orng-08",14,2002,70,3,67.2178828365879
"orng-08",14,2003,70,3,67.2178828365879
"orng-08",14,2004,70,3,67.2178828365879
"orng-08",14,2005,70,3,67.2178828365879
"orng-08",14,2006,71.4285714285714,3,61.3617677286742
"orng-08",14,2007,71.4285714285714,3,61.5056526207605
"orng-08",14,2008,71.4285714285714,3,61.5056526207605
"orng-08",14,2009,71.4285714285714,3,61.6485097636177
"orng-08",14,2010,70.7142857142857,3,61.6485097636177
"orng-08",14,2011,70.7142857142857,3,61.6485097636177
"orng-08",14,2012,70.7142857142857,3,63.218910585817
"orng-08",14,2013,70.7142857142857,3,66.3597122302158
"orng-08",14,2014,70.7142857142857,3,66.3566289825283
"orng-08",14,2015,70.7142857142857,3,66.3545734840699
"orng-08",14,2016,70.7142857142857,3,66.497430626927
"orng-08",14,2017,70.7142857142857,3,66.6402877697842
"orng-08",14,2018,70.7142857142857,3,66.6402877697842
"orng-08",14,2019,70.7142857142857,3,66.6402877697842
"orng-08",14,2020,67.8571428571428,3,65.6372045220966
"orng-08",14,2021,59.2857142857142,3,63.9229188078109
"orng-08",14,2022,59.2857142857142,3,63.9229188078109
"orng-08",14,2023,59.2857142857142,3,63.9229188078109
"orng-08",14,2024,59.2857142857142,3,63.9229188078109
"orng-08",14,2025,59.2857142857142,3,60.3514902363823
"orng-08",15,1999,53.9568345323741,3,67.5056526207605
"orng-08",15,2000,52.5179856115108,3,67.2178828365879
"orng-08",15,2001,52.5179856115108,3,67.2178828365879
"orng-08",15,2002,52.5179856115108,3,67.2178828365879
"orng-08",15,2003,52.5179856115108,3,67.2178828365879
"orng-08",15,2004,52.5179856115108,3,67.2178828365879
"orng-08",15,2005,52.5179856115108,3,67.2178828365879
"orng-08",15,2006,53.2374100719424,3,61.3617677286742
"orng-08",15,2007,53.9568345323741,3,61.5056526207605
"orng-08",15,2008,53.9568345323741,3,61.5056526207605
"orng-08",15,2009,53.9568345323741,3,61.6485097636177
"orng-08",15,2010,53.9568345323741,3,61.6485097636177
"orng-08",15,2011,53.9568345323741,3,61.6485097636177
"orng-08",15,2012,53.2374100719425,3,63.218910585817
"orng-08",15,2013,51.7985611510792,3,66.3597122302158
"orng-08",15,2014,49.6402877697842,3,66.3566289825283
"orng-08",15,2015,48.2014388489209,3,66.3545734840699
"orng-08",15,2016,48.2014388489209,3,66.497430626927
"orng-08",15,2017,48.2014388489209,3,66.6402877697842
"orng-08",15,2018,48.2014388489209,3,66.6402877697842
"orng-08",15,2019,48.2014388489209,3,66.6402877697842
"orng-08",15,2020,46.0431654676259,3,65.6372045220966
"orng-08",15,2021,46.0431654676259,3,63.9229188078109
"orng-08",15,2022,46.0431654676259,3,63.9229188078109
"orng-08",15,2023,46.0431654676259,3,63.9229188078109
"orng-08",15,2024,46.0431654676259,3,63.9229188078109
"orng-08",15,2025,46.0431654676259,3,60.3514902363823
"orng-08",16,1999,43.2624113475177,4,33.851865619966
"orng-08",16,2000,42.5531914893617,4,33.7100216483348
"orng-08",16,2001,41.1347517730496,4,30.566107600242
"orng-08",16,2002,41.1347517730496,4,29.2783378160693
"orng-08",16,2003,41.1347517730496,4,29.2783378160693
"orng-08",16,2004,41.1347517730496,4,29.2783378160693
"orng-08",16,2005,41.1347517730496,4,29.2783378160693
"orng-08",16,2006,41.1347517730496,4,29.2783378160693
"orng-08",16,2007,41.1347517730496,4,29.8497663874979
"orng-08",16,2008,41.1347517730496,4,29.7069092446408
"orng-08",16,2009,40.4255319148936,4,29.7079224158667
"orng-08",16,2010,39.7163120567376,4,30.2772809108336
"orng-08",16,2011,39.7163120567376,4,30.4201380536908
"orng-08",16,2012,39.7163120567376,4,30.4201380536908
"orng-08",16,2013,39.7163120567376,4,30.4201380536908
"orng-08",16,2014,39.0070921985815,4,30.2782940820596
"orng-08",16,2015,40.4255319148936,4,30.561982025322
"orng-08",16,2016,41.1347517730497,4,30.7038259969532
"orng-08",16,2017,41.1347517730497,4,30.7038259969532
"orng-08",16,2018,41.1347517730497,4,30.7038259969532
"orng-08",16,2019,41.1347517730497,4,30.7038259969532
"orng-08",16,2020,41.1347517730497,4,29.4181117112389
"orng-08",16,2021,41.1347517730497,4,29.4181117112389
"orng-08",16,2022,41.1347517730497,4,29.4181117112389
"orng-08",16,2023,41.1347517730497,4,29.4181117112389
"orng-08",16,2024,41.1347517730497,4,29.4181117112389
"orng-08",16,2025,41.1347517730497,4,29.8466831398103
"orng-08",17,1999,48.5714285714286,4,33.851865619966
"orng-08",17,2000,48.5714285714286,4,33.7100216483348
"orng-08",17,2001,36.4285714285714,4,30.566107600242
"orng-08",17,2002,31.4285714285714,4,29.2783378160693
"orng-08",17,2003,31.4285714285714,4,29.2783378160693
"orng-08",17,2004,31.4285714285714,4,29.2783378160693
"orng-08",17,2005,31.4285714285714,4,29.2783378160693
"orng-08",17,2006,31.4285714285714,4,29.2783378160693
"orng-08",17,2007,34.2857142857142,4,29.8497663874979
"orng-08",17,2008,35,4,29.7069092446408
"orng-08",17,2009,35.7142857142857,4,29.7079224158667
"orng-08",17,2010,41.4285714285714,4,30.2772809108336
"orng-08",17,2011,42.1428571428571,4,30.4201380536908
"orng-08",17,2012,42.1428571428571,4,30.4201380536908
"orng-08",17,2013,42.1428571428571,4,30.4201380536908
"orng-08",17,2014,42.1428571428571,4,30.2782940820596
"orng-08",17,2015,42.1428571428571,4,30.561982025322
"orng-08",17,2016,42.1428571428571,4,30.7038259969532
"orng-08",17,2017,42.1428571428571,4,30.7038259969532
"orng-08",17,2018,42.1428571428571,4,30.7038259969532
"orng-08",17,2019,42.1428571428571,4,30.7038259969532
"orng-08",17,2020,35.7142857142857,4,29.4181117112389
"orng-08",17,2021,35.7142857142857,4,29.4181117112389
"orng-08",17,2022,35.7142857142857,4,29.4181117112389
"orng-08",17,2023,35.7142857142857,4,29.4181117112389
"orng-08",17,2024,35.7142857142857,4,29.4181117112389
"orng-08",17,2025,37.1428571428571,4,29.8466831398103
"orng-08",18,1999,39.568345323741,4,33.851865619966
"orng-08",18,2000,39.568345323741,4,33.7100216483348
"orng-08",18,2001,37.410071942446,4,30.566107600242
"orng-08",18,2002,35.9712230215827,4,29.2783378160693
"orng-08",18,2003,35.9712230215827,4,29.2783378160693
"orng-08",18,2004,35.9712230215827,4,29.2783378160693
"orng-08",18,2005,35.9712230215827,4,29.2783378160693
"orng-08",18,2006,35.9712230215827,4,29.2783378160693
"orng-08",18,2007,35.9712230215827,4,29.8497663874979
"orng-08",18,2008,35.9712230215827,4,29.7069092446408
"orng-08",18,2009,35.9712230215827,4,29.7079224158667
"orng-08",18,2010,33.8129496402878,4,30.2772809108336
"orng-08",18,2011,33.8129496402878,4,30.4201380536908
"orng-08",18,2012,33.8129496402878,4,30.4201380536908
"orng-08",18,2013,33.8129496402878,4,30.4201380536908
"orng-08",18,2014,33.8129496402878,4,30.2782940820596
"orng-08",18,2015,33.8129496402878,4,30.561982025322
"orng-08",18,2016,33.8129496402878,4,30.7038259969532
"orng-08",18,2017,33.8129496402878,4,30.7038259969532
"orng-08",18,2018,33.8129496402878,4,30.7038259969532
"orng-08",18,2019,33.8129496402878,4,30.7038259969532
"orng-08",18,2020,33.8129496402878,4,29.4181117112389
"orng-08",18,2021,33.8129496402878,4,29.4181117112389
"orng-08",18,2022,33.8129496402878,4,29.4181117112389
"orng-08",18,2023,33.8129496402878,4,29.4181117112389
"orng-08",18,2024,33.8129496402878,4,29.4181117112389
"orng-08",18,2025,33.8129496402878,4,29.8466831398103
"orng-08",19,1999,2.14285714285714,4,33.851865619966
"orng-08",19,2000,2.14285714285714,4,33.7100216483348
"orng-08",19,2001,2.14285714285714,4,30.566107600242
"orng-08",19,2002,2.14285714285714,4,29.2783378160693
"orng-08",19,2003,2.14285714285714,4,29.2783378160693
"orng-08",19,2004,2.14285714285714,4,29.2783378160693
"orng-08",19,2005,2.14285714285714,4,29.2783378160693
"orng-08",19,2006,2.14285714285714,4,29.2783378160693
"orng-08",19,2007,2.14285714285714,4,29.8497663874979
"orng-08",19,2008,2.14285714285714,4,29.7069092446408
"orng-08",19,2009,2.14285714285714,4,29.7079224158667
"orng-08",19,2010,2.14285714285714,4,30.2772809108336
"orng-08",19,2011,2.14285714285714,4,30.4201380536908
"orng-08",19,2012,2.14285714285714,4,30.4201380536908
"orng-08",19,2013,2.14285714285714,4,30.4201380536908
"orng-08",19,2014,2.14285714285714,4,30.2782940820596
"orng-08",19,2015,2.14285714285714,4,30.561982025322
"orng-08",19,2016,2.14285714285714,4,30.7038259969532
"orng-08",19,2017,2.14285714285714,4,30.7038259969532
"orng-08",19,2018,2.14285714285714,4,30.7038259969532
"orng-08",19,2019,2.14285714285714,4,30.7038259969532
"orng-08",19,2020,2.14285714285714,4,29.4181117112389
"orng-08",19,2021,2.14285714285714,4,29.4181117112389
"orng-08",19,2022,2.14285714285714,4,29.4181117112389
"orng-08",19,2023,2.14285714285714,4,29.4181117112389
"orng-08",19,2024,2.14285714285714,4,29.4181117112389
"orng-08",19,2025,2.14285714285714,4,29.8466831398103
"orng-08",20,1999,35.7142857142858,4,33.851865619966
"orng-08",20,2000,35.7142857142858,4,33.7100216483348
"orng-08",20,2001,35.7142857142858,4,30.566107600242
"orng-08",20,2002,35.7142857142858,4,29.2783378160693
"orng-08",20,2003,35.7142857142858,4,29.2783378160693
"orng-08",20,2004,35.7142857142858,4,29.2783378160693
"orng-08",20,2005,35.7142857142858,4,29.2783378160693
"orng-08",20,2006,35.7142857142858,4,29.2783378160693
"orng-08",20,2007,35.7142857142858,4,29.8497663874979
"orng-08",20,2008,34.2857142857143,4,29.7069092446408
"orng-08",20,2009,34.2857142857143,4,29.7079224158667
"orng-08",20,2010,34.2857142857143,4,30.2772809108336
"orng-08",20,2011,34.2857142857143,4,30.4201380536908
"orng-08",20,2012,34.2857142857143,4,30.4201380536908
"orng-08",20,2013,34.2857142857143,4,30.4201380536908
"orng-08",20,2014,34.2857142857143,4,30.2782940820596
"orng-08",20,2015,34.2857142857143,4,30.561982025322
"orng-08",20,2016,34.2857142857143,4,30.7038259969532
"orng-08",20,2017,34.2857142857143,4,30.7038259969532
"orng-08",20,2018,34.2857142857143,4,30.7038259969532
"orng-08",20,2019,34.2857142857143,4,30.7038259969532
"orng-08",20,2020,34.2857142857143,4,29.4181117112389
"orng-08",20,2021,34.2857142857143,4,29.4181117112389
"orng-08",20,2022,34.2857142857143,4,29.4181117112389
"orng-08",20,2023,34.2857142857143,4,29.4181117112389
"orng-08",20,2024,34.2857142857143,4,29.4181117112389
"orng-08",20,2025,35,4,29.8466831398103
"orng-09",1,1999,16.4285714285714,1,66.0873694595268
"orng-09",1,2000,16.4285714285714,1,66.0873694595268
"orng-09",1,2001,16.4285714285714,1,66.0873694595269
"orng-09",1,2002,16.4285714285714,1,66.0873694595269
"orng-09",1,2003,16.4285714285714,1,60.8391425091722
"orng-09",1,2004,16.4285714285714,1,60.8391425091723
"orng-09",1,2005,16.4285714285714,1,60.8391425091722
"orng-09",1,2006,16.4285714285714,1,60.6962853663151
"orng-09",1,2007,16.4285714285714,1,60.9768897449769
"orng-09",1,2008,16.4285714285714,1,60.9768897449769
"orng-09",1,2009,16.4285714285714,1,62.6790174045513
"orng-09",1,2010,16.4285714285714,1,65.5158968371754
"orng-09",1,2011,16.4285714285714,1,63.9556131492322
"orng-09",1,2012,16.4285714285714,1,63.9556131492322
"orng-09",1,2013,16.4285714285714,1,63.9556131492322
"orng-09",1,2014,16.4285714285714,1,63.3882372627073
"orng-09",1,2015,16.4285714285714,1,63.3882372627073
"orng-09",1,2016,16.4285714285714,1,63.3882372627073
"orng-09",1,2017,16.4285714285714,1,63.3882372627073
"orng-09",1,2018,16.4285714285714,1,63.3882372627073
"orng-09",1,2019,16.4285714285714,1,63.3882372627073
"orng-09",1,2020,16.4285714285714,1,63.3882372627073
"orng-09",1,2021,16.4285714285714,1,63.3882372627073
"orng-09",1,2022,16.4285714285714,1,63.3882372627073
"orng-09",1,2023,16.4285714285714,1,63.3882372627073
"orng-09",1,2024,16.4285714285714,1,63.3882372627073
"orng-09",1,2025,16.4285714285714,1,63.3882372627073
"orng-09",2,1999,75.886524822695,1,66.0873694595268
"orng-09",2,2000,75.886524822695,1,66.0873694595268
"orng-09",2,2001,75.8865248226951,1,66.0873694595269
"orng-09",2,2002,75.8865248226951,1,66.0873694595269
"orng-09",2,2003,49.645390070922,1,60.8391425091722
"orng-09",2,2004,49.6453900709221,1,60.8391425091723
"orng-09",2,2005,49.645390070922,1,60.8391425091722
"orng-09",2,2006,49.645390070922,1,60.6962853663151
"orng-09",2,2007,51.7730496453902,1,60.9768897449769
"orng-09",2,2008,51.7730496453902,1,60.9768897449769
"orng-09",2,2009,60.2836879432625,1,62.6790174045513
"orng-09",2,2010,74.468085106383,1,65.5158968371754
"orng-09",2,2011,66.6666666666666,1,63.9556131492322
"orng-09",2,2012,66.6666666666666,1,63.9556131492322
"orng-09",2,2013,66.6666666666666,1,63.9556131492322
"orng-09",2,2014,63.8297872340425,1,63.3882372627073
"orng-09",2,2015,63.8297872340425,1,63.3882372627073
"orng-09",2,2016,63.8297872340425,1,63.3882372627073
"orng-09",2,2017,63.8297872340425,1,63.3882372627073
"orng-09",2,2018,63.8297872340425,1,63.3882372627073
"orng-09",2,2019,63.8297872340425,1,63.3882372627073
"orng-09",2,2020,63.8297872340425,1,63.3882372627073
"orng-09",2,2021,63.8297872340425,1,63.3882372627073
"orng-09",2,2022,63.8297872340425,1,63.3882372627073
"orng-09",2,2023,63.8297872340425,1,63.3882372627073
"orng-09",2,2024,63.8297872340425,1,63.3882372627073
"orng-09",2,2025,63.8297872340425,1,63.3882372627073
"orng-09",3,1999,75.7142857142857,1,66.0873694595268
"orng-09",3,2000,75.7142857142857,1,66.0873694595268
"orng-09",3,2001,75.7142857142857,1,66.0873694595269
"orng-09",3,2002,75.7142857142857,1,66.0873694595269
"orng-09",3,2003,75.7142857142857,1,60.8391425091722
"orng-09",3,2004,75.7142857142857,1,60.8391425091723
"orng-09",3,2005,75.7142857142857,1,60.8391425091722
"orng-09",3,2006,75,1,60.6962853663151
"orng-09",3,2007,75,1,60.9768897449769
"orng-09",3,2008,75,1,60.9768897449769
"orng-09",3,2009,75,1,62.6790174045513
"orng-09",3,2010,75,1,65.5158968371754
"orng-09",3,2011,75,1,63.9556131492322
"orng-09",3,2012,75,1,63.9556131492322
"orng-09",3,2013,75,1,63.9556131492322
"orng-09",3,2014,75,1,63.3882372627073
"orng-09",3,2015,75,1,63.3882372627073
"orng-09",3,2016,75,1,63.3882372627073
"orng-09",3,2017,75,1,63.3882372627073
"orng-09",3,2018,75,1,63.3882372627073
"orng-09",3,2019,75,1,63.3882372627073
"orng-09",3,2020,75,1,63.3882372627073
"orng-09",3,2021,75,1,63.3882372627073
"orng-09",3,2022,75,1,63.3882372627073
"orng-09",3,2023,75,1,63.3882372627073
"orng-09",3,2024,75,1,63.3882372627073
"orng-09",3,2025,75,1,63.3882372627073
"orng-09",4,1999,87.7697841726618,1,66.0873694595268
"orng-09",4,2000,87.7697841726618,1,66.0873694595268
"orng-09",4,2001,87.7697841726619,1,66.0873694595269
"orng-09",4,2002,87.7697841726619,1,66.0873694595269
"orng-09",4,2003,87.7697841726619,1,60.8391425091722
"orng-09",4,2004,87.7697841726619,1,60.8391425091723
"orng-09",4,2005,87.7697841726619,1,60.8391425091722
"orng-09",4,2006,87.7697841726619,1,60.6962853663151
"orng-09",4,2007,87.7697841726619,1,60.9768897449769
"orng-09",4,2008,87.7697841726619,1,60.9768897449769
"orng-09",4,2009,87.7697841726619,1,62.6790174045513
"orng-09",4,2010,87.7697841726619,1,65.5158968371754
"orng-09",4,2011,87.7697841726619,1,63.9556131492322
"orng-09",4,2012,87.7697841726619,1,63.9556131492322
"orng-09",4,2013,87.7697841726619,1,63.9556131492322
"orng-09",4,2014,87.7697841726619,1,63.3882372627073
"orng-09",4,2015,87.7697841726619,1,63.3882372627073
"orng-09",4,2016,87.7697841726619,1,63.3882372627073
"orng-09",4,2017,87.7697841726619,1,63.3882372627073
"orng-09",4,2018,87.7697841726619,1,63.3882372627073
"orng-09",4,2019,87.7697841726619,1,63.3882372627073
"orng-09",4,2020,87.7697841726619,1,63.3882372627073
"orng-09",4,2021,87.7697841726619,1,63.3882372627073
"orng-09",4,2022,87.7697841726619,1,63.3882372627073
"orng-09",4,2023,87.7697841726619,1,63.3882372627073
"orng-09",4,2024,87.7697841726619,1,63.3882372627073
"orng-09",4,2025,87.7697841726619,1,63.3882372627073
"orng-09",5,1999,74.6376811594203,1,66.0873694595268
"orng-09",5,2000,74.6376811594203,1,66.0873694595268
"orng-09",5,2001,74.6376811594203,1,66.0873694595269
"orng-09",5,2002,74.6376811594203,1,66.0873694595269
"orng-09",5,2003,74.6376811594203,1,60.8391425091722
"orng-09",5,2004,74.6376811594203,1,60.8391425091723
"orng-09",5,2005,74.6376811594203,1,60.8391425091722
"orng-09",5,2006,74.6376811594203,1,60.6962853663151
"orng-09",5,2007,73.9130434782609,1,60.9768897449769
"orng-09",5,2008,73.9130434782609,1,60.9768897449769
"orng-09",5,2009,73.9130434782609,1,62.6790174045513
"orng-09",5,2010,73.9130434782609,1,65.5158968371754
"orng-09",5,2011,73.9130434782609,1,63.9556131492322
"orng-09",5,2012,73.9130434782609,1,63.9556131492322
"orng-09",5,2013,73.9130434782609,1,63.9556131492322
"orng-09",5,2014,73.9130434782609,1,63.3882372627073
"orng-09",5,2015,73.9130434782609,1,63.3882372627073
"orng-09",5,2016,73.9130434782609,1,63.3882372627073
"orng-09",5,2017,73.9130434782609,1,63.3882372627073
"orng-09",5,2018,73.9130434782609,1,63.3882372627073
"orng-09",5,2019,73.9130434782609,1,63.3882372627073
"orng-09",5,2020,73.9130434782609,1,63.3882372627073
"orng-09",5,2021,73.9130434782609,1,63.3882372627073
"orng-09",5,2022,73.9130434782609,1,63.3882372627073
"orng-09",5,2023,73.9130434782609,1,63.3882372627073
"orng-09",5,2024,73.9130434782609,1,63.3882372627073
"orng-09",5,2025,73.9130434782609,1,63.3882372627073
"orng-09",6,1999,66.6666666666667,2,67.1758512840844
"orng-09",6,2000,66.6666666666667,2,66.7442403418352
"orng-09",6,2001,66.6666666666667,2,66.3115281265143
"orng-09",6,2002,67.3913043478261,2,61.9482842165543
"orng-09",6,2003,67.3913043478261,2,61.806484295846
"orng-09",6,2004,43.4782608695652,2,54.7605391832959
"orng-09",6,2005,39.8550724637681,2,49.6479890753711
"orng-09",6,2006,39.8550724637681,2,49.5061451037399
"orng-09",6,2007,39.8550724637681,2,47.3632879608828
"orng-09",6,2008,39.8550724637681,2,47.6593101625479
"orng-09",6,2009,39.8550724637681,2,49.5433681335624
"orng-09",6,2010,40.5797101449275,2,51.1375710321131
"orng-09",6,2011,40.5797101449275,2,51.282498568345
"orng-09",6,2012,48.5507246376812,2,53.0195586097529
"orng-09",6,2013,63.0434782608696,2,55.9181093343905
"orng-09",6,2014,69.5652173913044,2,59.0796000176204
"orng-09",6,2015,69.5652173913044,2,58.9387692172151
"orng-09",6,2016,68.8405797101449,2,58.7938416809832
"orng-09",6,2017,69.5652173913044,2,58.9387692172151
"orng-09",6,2018,69.5652173913044,2,59.0806131888463
"orng-09",6,2019,69.5652173913044,2,59.0806131888463
"orng-09",6,2020,69.5652173913044,2,59.2224571604775
"orng-09",6,2021,69.5652173913044,2,59.2224571604775
"orng-09",6,2022,69.5652173913044,2,59.2224571604775
"orng-09",6,2023,69.5652173913044,2,59.2224571604775
"orng-09",6,2024,69.5652173913044,2,59.0775296242456
"orng-09",6,2025,69.5652173913044,2,59.0775296242456
"orng-09",7,1999,62.4113475177305,2,67.1758512840844
"orng-09",7,2000,64.5390070921986,2,66.7442403418352
"orng-09",7,2001,64.5390070921986,2,66.3115281265143
"orng-09",7,2002,68.0851063829787,2,61.9482842165543
"orng-09",7,2003,68.7943262411347,2,61.806484295846
"orng-09",7,2004,56.0283687943263,2,54.7605391832959
"orng-09",7,2005,31.9148936170213,2,49.6479890753711
"orng-09",7,2006,31.2056737588652,2,49.5061451037399
"orng-09",7,2007,31.2056737588653,2,47.3632879608828
"orng-09",7,2008,29.7872340425532,2,47.6593101625479
"orng-09",7,2009,29.7872340425532,2,49.5433681335624
"orng-09",7,2010,29.7872340425532,2,51.1375710321131
"orng-09",7,2011,29.7872340425532,2,51.282498568345
"orng-09",7,2012,29.7872340425532,2,53.0195586097529
"orng-09",7,2013,29.7872340425532,2,55.9181093343905
"orng-09",7,2014,29.7872340425532,2,59.0796000176204
"orng-09",7,2015,28.3687943262412,2,58.9387692172151
"orng-09",7,2016,28.3687943262412,2,58.7938416809832
"orng-09",7,2017,28.3687943262412,2,58.9387692172151
"orng-09",7,2018,29.0780141843972,2,59.0806131888463
"orng-09",7,2019,29.0780141843972,2,59.0806131888463
"orng-09",7,2020,29.7872340425532,2,59.2224571604775
"orng-09",7,2021,29.7872340425532,2,59.2224571604775
"orng-09",7,2022,29.7872340425532,2,59.2224571604775
"orng-09",7,2023,29.7872340425532,2,59.2224571604775
"orng-09",7,2024,29.7872340425532,2,59.0775296242456
"orng-09",7,2025,29.7872340425532,2,59.0775296242456
"orng-09",8,1999,44.9275362318841,2,67.1758512840844
"orng-09",8,2000,44.9275362318841,2,66.7442403418352
"orng-09",8,2001,43.4782608695653,2,66.3115281265143
"orng-09",8,2002,43.4782608695652,2,61.9482842165543
"orng-09",8,2003,43.4782608695652,2,61.806484295846
"orng-09",8,2004,43.4782608695652,2,54.7605391832959
"orng-09",8,2005,43.4782608695652,2,49.6479890753711
"orng-09",8,2006,43.4782608695652,2,49.5061451037399
"orng-09",8,2007,43.4782608695652,2,47.3632879608828
"orng-09",8,2008,43.4782608695652,2,47.6593101625479
"orng-09",8,2009,43.4782608695652,2,49.5433681335624
"orng-09",8,2010,43.4782608695652,2,51.1375710321131
"orng-09",8,2011,43.4782608695652,2,51.282498568345
"orng-09",8,2012,43.4782608695652,2,53.0195586097529
"orng-09",8,2013,43.4782608695652,2,55.9181093343905
"orng-09",8,2014,43.4782608695652,2,59.0796000176204
"orng-09",8,2015,43.4782608695652,2,58.9387692172151
"orng-09",8,2016,43.4782608695652,2,58.7938416809832
"orng-09",8,2017,43.4782608695652,2,58.9387692172151
"orng-09",8,2018,43.4782608695652,2,59.0806131888463
"orng-09",8,2019,43.4782608695652,2,59.0806131888463
"orng-09",8,2020,43.4782608695652,2,59.2224571604775
"orng-09",8,2021,43.4782608695652,2,59.2224571604775
"orng-09",8,2022,43.4782608695652,2,59.2224571604775
"orng-09",8,2023,43.4782608695652,2,59.2224571604775
"orng-09",8,2024,42.7536231884058,2,59.0775296242456
"orng-09",8,2025,42.7536231884058,2,59.0775296242456
"orng-09",9,1999,81.1594202898551,2,67.1758512840844
"orng-09",9,2000,81.1594202898551,2,66.7442403418352
"orng-09",9,2001,81.1594202898551,2,66.3115281265143
"orng-09",9,2002,55.0724637681159,2,61.9482842165543
"orng-09",9,2003,55.7971014492754,2,61.806484295846
"orng-09",9,2004,57.2463768115942,2,54.7605391832959
"orng-09",9,2005,59.4202898550725,2,49.6479890753711
"orng-09",9,2006,59.4202898550725,2,49.5061451037399
"orng-09",9,2007,59.4202898550725,2,47.3632879608828
"orng-09",9,2008,62.3188405797102,2,47.6593101625479
"orng-09",9,2009,71.7391304347826,2,49.5433681335624
"orng-09",9,2010,78.9855072463768,2,51.1375710321131
"orng-09",9,2011,79.7101449275362,2,51.282498568345
"orng-09",9,2012,79.7101449275362,2,53.0195586097529
"orng-09",9,2013,79.7101449275362,2,55.9181093343905
"orng-09",9,2014,79.7101449275362,2,59.0796000176204
"orng-09",9,2015,79.7101449275362,2,58.9387692172151
"orng-09",9,2016,79.7101449275362,2,58.7938416809832
"orng-09",9,2017,79.7101449275362,2,58.9387692172151
"orng-09",9,2018,79.7101449275362,2,59.0806131888463
"orng-09",9,2019,79.7101449275362,2,59.0806131888463
"orng-09",9,2020,79.7101449275362,2,59.2224571604775
"orng-09",9,2021,79.7101449275362,2,59.2224571604775
"orng-09",9,2022,79.7101449275362,2,59.2224571604775
"orng-09",9,2023,79.7101449275362,2,59.2224571604775
"orng-09",9,2024,79.7101449275362,2,59.0775296242456
"orng-09",9,2025,79.7101449275362,2,59.0775296242456
"orng-09",10,1999,80.7142857142857,2,67.1758512840844
"orng-09",10,2000,76.4285714285714,2,66.7442403418352
"orng-09",10,2001,75.7142857142857,2,66.3115281265143
"orng-09",10,2002,75.7142857142857,2,61.9482842165543
"orng-09",10,2003,73.5714285714286,2,61.806484295846
"orng-09",10,2004,73.5714285714285,2,54.7605391832959
"orng-09",10,2005,73.5714285714285,2,49.6479890753711
"orng-09",10,2006,73.5714285714285,2,49.5061451037399
"orng-09",10,2007,62.8571428571428,2,47.3632879608828
"orng-09",10,2008,62.8571428571428,2,47.6593101625479
"orng-09",10,2009,62.8571428571428,2,49.5433681335624
"orng-09",10,2010,62.8571428571428,2,51.1375710321131
"orng-09",10,2011,62.8571428571428,2,51.282498568345
"orng-09",10,2012,63.5714285714285,2,53.0195586097529
"orng-09",10,2013,63.5714285714285,2,55.9181093343905
"orng-09",10,2014,72.8571428571428,2,59.0796000176204
"orng-09",10,2015,73.5714285714285,2,58.9387692172151
"orng-09",10,2016,73.5714285714285,2,58.7938416809832
"orng-09",10,2017,73.5714285714285,2,58.9387692172151
"orng-09",10,2018,73.5714285714285,2,59.0806131888463
"orng-09",10,2019,73.5714285714285,2,59.0806131888463
"orng-09",10,2020,73.5714285714285,2,59.2224571604775
"orng-09",10,2021,73.5714285714285,2,59.2224571604775
"orng-09",10,2022,73.5714285714285,2,59.2224571604775
"orng-09",10,2023,73.5714285714285,2,59.2224571604775
"orng-09",10,2024,73.5714285714285,2,59.0775296242456
"orng-09",10,2025,73.5714285714285,2,59.0775296242456
"orng-09",11,1999,70,3,65.7528933375039
"orng-09",11,2000,70,3,66.4723177979356
"orng-09",11,2001,70,3,67.622369185397
"orng-09",11,2002,70,3,68.1989365029715
"orng-09",11,2003,70,3,66.7683095759417
"orng-09",11,2004,70,3,66.9111667187989
"orng-09",11,2005,70,3,66.9111667187989
"orng-09",11,2006,70,3,66.6244246838554
"orng-09",11,2007,70,3,65.7662540774834
"orng-09",11,2008,70,3,65.7662540774834
"orng-09",11,2009,70,3,65.7662540774834
"orng-09",11,2010,70,3,65.7662540774834
"orng-09",11,2011,70,3,64.4712900487064
"orng-09",11,2012,70,3,59.6886813530542
"orng-09",11,2013,70,3,59.6886813530542
"orng-09",11,2014,54.2857142857142,3,57.1172527816256
"orng-09",11,2015,53.5714285714285,3,56.9733529946229
"orng-09",11,2016,53.5714285714285,3,56.9733529946229
"orng-09",11,2017,53.5714285714285,3,56.9733529946229
"orng-09",11,2018,53.5714285714285,3,57.2611227787956
"orng-09",11,2019,54.9999999999999,3,58.5561165974053
"orng-09",11,2020,54.9999999999999,3,60.2952470321879
"orng-09",11,2021,60,3,63.3242325394343
"orng-09",11,2022,67.1428571428571,3,65.0436867896987
"orng-09",11,2023,69.2857142857142,3,60.1865439325558
"orng-09",11,2024,70,3,60.6151153611272
"orng-09",11,2025,70,3,60.3273455769546
"orng-09",12,1999,35.7142857142857,3,65.7528933375039
"orng-09",12,2000,35.7142857142857,3,66.4723177979356
"orng-09",12,2001,36.4285714285715,3,67.622369185397
"orng-09",12,2002,35.7142857142857,3,68.1989365029715
"orng-09",12,2003,34.9999999999999,3,66.7683095759417
"orng-09",12,2004,34.9999999999999,3,66.9111667187989
"orng-09",12,2005,34.9999999999999,3,66.9111667187989
"orng-09",12,2006,34.9999999999999,3,66.6244246838554
"orng-09",12,2007,34.9999999999999,3,65.7662540774834
"orng-09",12,2008,34.9999999999999,3,65.7662540774834
"orng-09",12,2009,34.9999999999999,3,65.7662540774834
"orng-09",12,2010,34.9999999999999,3,65.7662540774834
"orng-09",12,2011,34.9999999999999,3,64.4712900487064
"orng-09",12,2012,34.9999999999999,3,59.6886813530542
"orng-09",12,2013,34.9999999999999,3,59.6886813530542
"orng-09",12,2014,34.9999999999999,3,57.1172527816256
"orng-09",12,2015,34.9999999999999,3,56.9733529946229
"orng-09",12,2016,34.9999999999999,3,56.9733529946229
"orng-09",12,2017,34.9999999999999,3,56.9733529946229
"orng-09",12,2018,34.9999999999999,3,57.2611227787956
"orng-09",12,2019,34.9999999999999,3,58.5561165974053
"orng-09",12,2020,34.9999999999999,3,60.2952470321879
"orng-09",12,2021,34.9999999999999,3,63.3242325394343
"orng-09",12,2022,34.9999999999999,3,65.0436867896987
"orng-09",12,2023,34.9999999999999,3,60.1865439325558
"orng-09",12,2024,34.9999999999999,3,60.6151153611272
"orng-09",12,2025,34.9999999999999,3,60.3273455769546
"orng-09",13,1999,70.5035971223022,3,65.7528933375039
"orng-09",13,2000,74.1007194244605,3,66.4723177979356
"orng-09",13,2001,79.1366906474821,3,67.622369185397
"orng-09",13,2002,82.7338129496403,3,68.1989365029715
"orng-09",13,2003,81.2949640287769,3,66.7683095759417
"orng-09",13,2004,81.2949640287769,3,66.9111667187989
"orng-09",13,2005,81.2949640287769,3,66.9111667187989
"orng-09",13,2006,80.5755395683453,3,66.6244246838554
"orng-09",13,2007,79.8561151079137,3,65.7662540774834
"orng-09",13,2008,79.8561151079137,3,65.7662540774834
"orng-09",13,2009,79.8561151079137,3,65.7662540774834
"orng-09",13,2010,79.8561151079137,3,65.7662540774834
"orng-09",13,2011,73.3812949640288,3,64.4712900487064
"orng-09",13,2012,73.3812949640288,3,59.6886813530542
"orng-09",13,2013,73.3812949640288,3,59.6886813530542
"orng-09",13,2014,73.3812949640288,3,57.1172527816256
"orng-09",13,2015,74.1007194244604,3,56.9733529946229
"orng-09",13,2016,74.1007194244604,3,56.9733529946229
"orng-09",13,2017,74.1007194244604,3,56.9733529946229
"orng-09",13,2018,75.5395683453237,3,57.2611227787956
"orng-09",13,2019,79.136690647482,3,58.5561165974053
"orng-09",13,2020,79.136690647482,3,60.2952470321879
"orng-09",13,2021,79.136690647482,3,63.3242325394343
"orng-09",13,2022,79.8561151079137,3,65.0436867896987
"orng-09",13,2023,79.8561151079137,3,60.1865439325558
"orng-09",13,2024,79.8561151079137,3,60.6151153611272
"orng-09",13,2025,78.4172661870504,3,60.3273455769546
"orng-09",14,1999,74.2857142857143,3,65.7528933375039
"orng-09",14,2000,74.2857142857143,3,66.4723177979356
"orng-09",14,2001,74.2857142857143,3,67.622369185397
"orng-09",14,2002,74.2857142857143,3,68.1989365029715
"orng-09",14,2003,69.2857142857143,3,66.7683095759417
"orng-09",14,2004,70,3,66.9111667187989
"orng-09",14,2005,70,3,66.9111667187989
"orng-09",14,2006,69.2857142857143,3,66.6244246838554
"orng-09",14,2007,65.7142857142857,3,65.7662540774834
"orng-09",14,2008,65.7142857142857,3,65.7662540774834
"orng-09",14,2009,65.7142857142857,3,65.7662540774834
"orng-09",14,2010,65.7142857142857,3,65.7662540774834
"orng-09",14,2011,65.7142857142857,3,64.4712900487064
"orng-09",14,2012,65.7142857142857,3,59.6886813530542
"orng-09",14,2013,65.7142857142857,3,59.6886813530542
"orng-09",14,2014,68.5714285714286,3,57.1172527816256
"orng-09",14,2015,68.5714285714286,3,56.9733529946229
"orng-09",14,2016,68.5714285714286,3,56.9733529946229
"orng-09",14,2017,68.5714285714286,3,56.9733529946229
"orng-09",14,2018,68.5714285714286,3,57.2611227787956
"orng-09",14,2019,68.5714285714286,3,58.5561165974053
"orng-09",14,2020,68.5714285714286,3,60.2952470321879
"orng-09",14,2021,68.5714285714286,3,63.3242325394343
"orng-09",14,2022,67.8571428571429,3,65.0436867896987
"orng-09",14,2023,41.4285714285714,3,60.1865439325558
"orng-09",14,2024,42.8571428571429,3,60.6151153611272
"orng-09",14,2025,42.8571428571428,3,60.3273455769546
"orng-09",15,1999,78.2608695652174,3,65.7528933375039
"orng-09",15,2000,78.2608695652174,3,66.4723177979356
"orng-09",15,2001,78.2608695652174,3,67.622369185397
"orng-09",15,2002,78.2608695652174,3,68.1989365029715
"orng-09",15,2003,78.2608695652174,3,66.7683095759417
"orng-09",15,2004,78.2608695652174,3,66.9111667187989
"orng-09",15,2005,78.2608695652174,3,66.9111667187989
"orng-09",15,2006,78.2608695652174,3,66.6244246838554
"orng-09",15,2007,78.2608695652174,3,65.7662540774834
"orng-09",15,2008,78.2608695652174,3,65.7662540774834
"orng-09",15,2009,78.2608695652174,3,65.7662540774834
"orng-09",15,2010,78.2608695652174,3,65.7662540774834
"orng-09",15,2011,78.2608695652174,3,64.4712900487064
"orng-09",15,2012,54.3478260869565,3,59.6886813530542
"orng-09",15,2013,54.3478260869565,3,59.6886813530542
"orng-09",15,2014,54.3478260869565,3,57.1172527816256
"orng-09",15,2015,53.6231884057971,3,56.9733529946229
"orng-09",15,2016,53.6231884057971,3,56.9733529946229
"orng-09",15,2017,53.6231884057971,3,56.9733529946229
"orng-09",15,2018,53.6231884057971,3,57.2611227787956
"orng-09",15,2019,55.0724637681159,3,58.5561165974053
"orng-09",15,2020,63.768115942029,3,60.2952470321879
"orng-09",15,2021,73.9130434782609,3,63.3242325394343
"orng-09",15,2022,75.3623188405797,3,65.0436867896987
"orng-09",15,2023,75.3623188405797,3,60.1865439325558
"orng-09",15,2024,75.3623188405797,3,60.6151153611272
"orng-09",15,2025,75.3623188405797,3,60.3273455769546
"orng-09",16,1999,73.3812949640288,4,62.6205345753792
"orng-09",16,2000,73.3812949640288,4,62.1919631468078
"orng-09",16,2001,73.3812949640288,4,60.9062488610935
"orng-09",16,2002,42.4460431654677,4,54.8620556442384
"orng-09",16,2003,42.4460431654677,4,55.0049127870955
"orng-09",16,2004,43.1654676258993,4,55.4345119648961
"orng-09",16,2005,43.884892086331,4,54.0069682855539
"orng-09",16,2006,45.3237410071942,4,54.1518809268694
"orng-09",16,2007,46.7625899280575,4,54.2967935681849
"orng-09",16,2008,51.0791366906475,4,54.7325446633575
"orng-09",16,2009,57.5539568345324,4,56.3132229778487
"orng-09",16,2010,61.1510791366907,4,54.0326474382804
"orng-09",16,2011,64.0287769784173,4,54.6081870066257
"orng-09",16,2012,68.3453237410072,4,55.0429249305723
"orng-09",16,2013,71.2230215827338,4,55.9041787846319
"orng-09",16,2014,73.3812949640287,4,56.7644048894623
"orng-09",16,2015,73.3812949640287,4,56.7644048894623
"orng-09",16,2016,73.3812949640287,4,58.0501191751766
"orng-09",16,2017,73.3812949640287,4,59.0501191751766
"orng-09",16,2018,73.3812949640287,4,59.3358334608908
"orng-09",16,2019,73.3812949640287,4,59.478690603748
"orng-09",16,2020,73.3812949640287,4,59.478690603748
"orng-09",16,2021,74.8201438848921,4,59.3378889593492
"orng-09",16,2022,74.8201438848921,4,59.0521746736349
"orng-09",16,2023,74.8201438848921,4,58.9093175307778
"orng-09",16,2024,74.8201438848921,4,58.9093175307778
"orng-09",16,2025,74.8201438848921,4,59.1950318164921
"orng-09",17,1999,67.8571428571429,4,62.6205345753792
"orng-09",17,2000,65.7142857142857,4,62.1919631468078
"orng-09",17,2001,65.7142857142857,4,60.9062488610935
"orng-09",17,2002,65.7142857142857,4,54.8620556442384
"orng-09",17,2003,65,4,55.0049127870955
"orng-09",17,2004,65,4,55.4345119648961
"orng-09",17,2005,58.5714285714286,4,54.0069682855539
"orng-09",17,2006,59.2857142857143,4,54.1518809268694
"orng-09",17,2007,58.5714285714286,4,54.2967935681849
"orng-09",17,2008,56.4285714285714,4,54.7325446633575
"orng-09",17,2009,56.4285714285714,4,56.3132229778487
"orng-09",17,2010,51.4285714285714,4,54.0326474382804
"orng-09",17,2011,50.7142857142857,4,54.6081870066257
"orng-09",17,2012,48.5714285714286,4,55.0429249305723
"orng-09",17,2013,50,4,55.9041787846319
"orng-09",17,2014,51.4285714285714,4,56.7644048894623
"orng-09",17,2015,51.4285714285714,4,56.7644048894623
"orng-09",17,2016,53.5714285714286,4,58.0501191751766
"orng-09",17,2017,55,4,59.0501191751766
"orng-09",17,2018,55.7142857142857,4,59.3358334608908
"orng-09",17,2019,56.4285714285714,4,59.478690603748
"orng-09",17,2020,56.4285714285714,4,59.478690603748
"orng-09",17,2021,54.2857142857143,4,59.3378889593492
"orng-09",17,2022,52.8571428571428,4,59.0521746736349
"orng-09",17,2023,52.8571428571428,4,58.9093175307778
"orng-09",17,2024,52.8571428571428,4,58.9093175307778
"orng-09",17,2025,54.2857142857143,4,59.1950318164921
"orng-09",18,1999,63.5714285714285,4,62.6205345753792
"orng-09",18,2000,63.5714285714285,4,62.1919631468078
"orng-09",18,2001,63.5714285714285,4,60.9062488610935
"orng-09",18,2002,63.5714285714285,4,54.8620556442384
"orng-09",18,2003,63.5714285714285,4,55.0049127870955
"orng-09",18,2004,63.5714285714285,4,55.4345119648961
"orng-09",18,2005,63.5714285714285,4,54.0069682855539
"orng-09",18,2006,61.4285714285714,4,54.1518809268694
"orng-09",18,2007,61.4285714285714,4,54.2967935681849
"orng-09",18,2008,61.4285714285714,4,54.7325446633575
"orng-09",18,2009,61.4285714285714,4,56.3132229778487
"orng-09",18,2010,51.4285714285714,4,54.0326474382804
"orng-09",18,2011,51.4285714285714,4,54.6081870066257
"orng-09",18,2012,51.4285714285714,4,55.0429249305723
"orng-09",18,2013,51.4285714285714,4,55.9041787846319
"orng-09",18,2014,52.1428571428571,4,56.7644048894623
"orng-09",18,2015,52.1428571428571,4,56.7644048894623
"orng-09",18,2016,56.4285714285714,4,58.0501191751766
"orng-09",18,2017,60,4,59.0501191751766
"orng-09",18,2018,60.7142857142857,4,59.3358334608908
"orng-09",18,2019,60.7142857142857,4,59.478690603748
"orng-09",18,2020,60.7142857142857,4,59.478690603748
"orng-09",18,2021,60.7142857142857,4,59.3378889593492
"orng-09",18,2022,60.7142857142857,4,59.0521746736349
"orng-09",18,2023,60,4,58.9093175307778
"orng-09",18,2024,60,4,58.9093175307778
"orng-09",18,2025,60,4,59.1950318164921
"orng-09",19,1999,69.2857142857143,4,62.6205345753792
"orng-09",19,2000,69.2857142857143,4,62.1919631468078
"orng-09",19,2001,62.8571428571429,4,60.9062488610935
"orng-09",19,2002,63.5714285714286,4,54.8620556442384
"orng-09",19,2003,65,4,55.0049127870955
"orng-09",19,2004,66.4285714285714,4,55.4345119648961
"orng-09",19,2005,65,4,54.0069682855539
"orng-09",19,2006,65.7142857142857,4,54.1518809268694
"orng-09",19,2007,65.7142857142857,4,54.2967935681849
"orng-09",19,2008,66.4285714285714,4,54.7325446633575
"orng-09",19,2009,67.8571428571428,4,56.3132229778487
"orng-09",19,2010,67.8571428571428,4,54.0326474382804
"orng-09",19,2011,68.5714285714286,4,54.6081870066257
"orng-09",19,2012,68.5714285714286,4,55.0429249305723
"orng-09",19,2013,68.5714285714286,4,55.9041787846319
"orng-09",19,2014,68.5714285714286,4,56.7644048894623
"orng-09",19,2015,68.5714285714286,4,56.7644048894623
"orng-09",19,2016,68.5714285714286,4,58.0501191751766
"orng-09",19,2017,68.5714285714286,4,59.0501191751766
"orng-09",19,2018,68.5714285714286,4,59.3358334608908
"orng-09",19,2019,68.5714285714286,4,59.478690603748
"orng-09",19,2020,68.5714285714286,4,59.478690603748
"orng-09",19,2021,68.5714285714286,4,59.3378889593492
"orng-09",19,2022,68.5714285714286,4,59.0521746736349
"orng-09",19,2023,68.5714285714286,4,58.9093175307778
"orng-09",19,2024,68.5714285714286,4,58.9093175307778
"orng-09",19,2025,68.5714285714286,4,59.1950318164921
"orng-09",20,1999,39.0070921985815,4,62.6205345753792
"orng-09",20,2000,39.0070921985815,4,62.1919631468078
"orng-09",20,2001,39.0070921985815,4,60.9062488610935
"orng-09",20,2002,39.0070921985815,4,54.8620556442384
"orng-09",20,2003,39.0070921985815,4,55.0049127870955
"orng-09",20,2004,39.0070921985815,4,55.4345119648961
"orng-09",20,2005,39.0070921985815,4,54.0069682855539
"orng-09",20,2006,39.0070921985815,4,54.1518809268694
"orng-09",20,2007,39.0070921985815,4,54.2967935681849
"orng-09",20,2008,38.2978723404255,4,54.7325446633575
"orng-09",20,2009,38.2978723404255,4,56.3132229778487
"orng-09",20,2010,38.2978723404255,4,54.0326474382804
"orng-09",20,2011,38.2978723404255,4,54.6081870066257
"orng-09",20,2012,38.2978723404255,4,55.0429249305723
"orng-09",20,2013,38.2978723404255,4,55.9041787846319
"orng-09",20,2014,38.2978723404255,4,56.7644048894623
"orng-09",20,2015,38.2978723404255,4,56.7644048894623
"orng-09",20,2016,38.2978723404255,4,58.0501191751766
"orng-09",20,2017,38.2978723404255,4,59.0501191751766
"orng-09",20,2018,38.2978723404255,4,59.3358334608908
"orng-09",20,2019,38.2978723404255,4,59.478690603748
"orng-09",20,2020,38.2978723404255,4,59.478690603748
"orng-09",20,2021,38.2978723404255,4,59.3378889593492
"orng-09",20,2022,38.2978723404255,4,59.0521746736349
"orng-09",20,2023,38.2978723404255,4,58.9093175307778
"orng-09",20,2024,38.2978723404255,4,58.9093175307778
"orng-09",20,2025,38.2978723404255,4,59.1950318164921
"orng-10",1,1999,53.5714285714285,1,51.0329028702504
"orng-10",1,2000,53.5714285714285,1,50.7430477977866
"orng-10",1,2001,53.5714285714285,1,50.7430477977866
"orng-10",1,2002,53.5714285714285,1,50.3113931215276
"orng-10",1,2003,53.5714285714285,1,50.1664655852957
"orng-10",1,2004,53.5714285714285,1,50.1664655852957
"orng-10",1,2005,53.5714285714285,1,50.3113931215276
"orng-10",1,2006,53.5714285714285,1,50.1664655852957
"orng-10",1,2007,53.5714285714285,1,50.0215380490638
"orng-10",1,2008,53.5714285714285,1,49.876610512832
"orng-10",1,2009,53.5714285714285,1,49.876610512832
"orng-10",1,2010,53.5714285714285,1,49.876610512832
"orng-10",1,2011,53.5714285714285,1,49.876610512832
"orng-10",1,2012,53.5714285714285,1,49.876610512832
"orng-10",1,2013,52.8571428571428,1,49.7337533699748
"orng-10",1,2014,52.8571428571428,1,49.0091156888154
"orng-10",1,2015,51.4285714285714,1,48.7234014031011
"orng-10",1,2016,50.7142857142857,1,48.5795016160984
"orng-10",1,2017,50.7142857142857,1,48.5795016160984
"orng-10",1,2018,50.7142857142857,1,48.5795016160984
"orng-10",1,2019,50.7142857142857,1,48.5795016160984
"orng-10",1,2020,50.7142857142857,1,48.0039620477531
"orng-10",1,2021,50.7142857142857,1,48.0039620477531
"orng-10",1,2022,50.7142857142857,1,48.1478469398394
"orng-10",1,2023,50.7142857142857,1,48.0039620477531
"orng-10",1,2024,50.7142857142857,1,48.0039620477531
"orng-10",1,2025,50.7142857142857,1,46.9967678031488
"orng-10",2,1999,53.9568345323742,1,51.0329028702504
"orng-10",2,2000,53.9568345323742,1,50.7430477977866
"orng-10",2,2001,53.9568345323742,1,50.7430477977866
"orng-10",2,2002,51.7985611510792,1,50.3113931215276
"orng-10",2,2003,51.7985611510792,1,50.1664655852957
"orng-10",2,2004,51.7985611510792,1,50.1664655852957
"orng-10",2,2005,51.7985611510792,1,50.3113931215276
"orng-10",2,2006,51.7985611510792,1,50.1664655852957
"orng-10",2,2007,51.7985611510792,1,50.0215380490638
"orng-10",2,2008,51.7985611510792,1,49.876610512832
"orng-10",2,2009,51.7985611510792,1,49.876610512832
"orng-10",2,2010,51.7985611510792,1,49.876610512832
"orng-10",2,2011,51.7985611510792,1,49.876610512832
"orng-10",2,2012,51.7985611510792,1,49.876610512832
"orng-10",2,2013,51.7985611510792,1,49.7337533699748
"orng-10",2,2014,51.7985611510792,1,49.0091156888154
"orng-10",2,2015,51.7985611510792,1,48.7234014031011
"orng-10",2,2016,51.7985611510792,1,48.5795016160984
"orng-10",2,2017,51.7985611510791,1,48.5795016160984
"orng-10",2,2018,51.7985611510791,1,48.5795016160984
"orng-10",2,2019,51.7985611510791,1,48.5795016160984
"orng-10",2,2020,48.9208633093525,1,48.0039620477531
"orng-10",2,2021,48.9208633093525,1,48.0039620477531
"orng-10",2,2022,49.6402877697841,1,48.1478469398394
"orng-10",2,2023,48.9208633093525,1,48.0039620477531
"orng-10",2,2024,48.9208633093525,1,48.0039620477531
"orng-10",2,2025,43.8848920863309,1,46.9967678031488
"orng-10",3,1999,50.7246376811594,1,51.0329028702504
"orng-10",3,2000,49.2753623188406,1,50.7430477977866
"orng-10",3,2001,49.2753623188406,1,50.7430477977866
"orng-10",3,2002,49.2753623188406,1,50.3113931215276
"orng-10",3,2003,48.5507246376811,1,50.1664655852957
"orng-10",3,2004,48.5507246376811,1,50.1664655852957
"orng-10",3,2005,49.2753623188405,1,50.3113931215276
"orng-10",3,2006,48.5507246376811,1,50.1664655852957
"orng-10",3,2007,47.8260869565217,1,50.0215380490638
"orng-10",3,2008,47.1014492753624,1,49.876610512832
"orng-10",3,2009,47.1014492753624,1,49.876610512832
"orng-10",3,2010,47.1014492753624,1,49.876610512832
"orng-10",3,2011,47.1014492753624,1,49.876610512832
"orng-10",3,2012,47.1014492753624,1,49.876610512832
"orng-10",3,2013,47.1014492753624,1,49.7337533699748
"orng-10",3,2014,43.4782608695652,1,49.0091156888154
"orng-10",3,2015,43.4782608695652,1,48.7234014031011
"orng-10",3,2016,42.7536231884058,1,48.5795016160984
"orng-10",3,2017,42.7536231884058,1,48.5795016160984
"orng-10",3,2018,42.7536231884058,1,48.5795016160984
"orng-10",3,2019,42.7536231884058,1,48.5795016160984
"orng-10",3,2020,42.7536231884058,1,48.0039620477531
"orng-10",3,2021,42.7536231884058,1,48.0039620477531
"orng-10",3,2022,42.7536231884058,1,48.1478469398394
"orng-10",3,2023,42.7536231884058,1,48.0039620477531
"orng-10",3,2024,42.7536231884058,1,48.0039620477531
"orng-10",3,2025,42.7536231884058,1,46.9967678031488
"orng-10",4,1999,67.6258992805755,1,51.0329028702504
"orng-10",4,2000,67.6258992805755,1,50.7430477977866
"orng-10",4,2001,67.6258992805755,1,50.7430477977866
"orng-10",4,2002,67.6258992805755,1,50.3113931215276
"orng-10",4,2003,67.6258992805755,1,50.1664655852957
"orng-10",4,2004,67.6258992805755,1,50.1664655852957
"orng-10",4,2005,67.6258992805755,1,50.3113931215276
"orng-10",4,2006,67.6258992805755,1,50.1664655852957
"orng-10",4,2007,67.6258992805755,1,50.0215380490638
"orng-10",4,2008,67.6258992805755,1,49.876610512832
"orng-10",4,2009,67.6258992805755,1,49.876610512832
"orng-10",4,2010,67.6258992805755,1,49.876610512832
"orng-10",4,2011,67.6258992805755,1,49.876610512832
"orng-10",4,2012,67.6258992805755,1,49.876610512832
"orng-10",4,2013,67.6258992805755,1,49.7337533699748
"orng-10",4,2014,67.6258992805755,1,49.0091156888154
"orng-10",4,2015,67.6258992805755,1,48.7234014031011
"orng-10",4,2016,68.3453237410072,1,48.5795016160984
"orng-10",4,2017,68.3453237410072,1,48.5795016160984
"orng-10",4,2018,68.3453237410072,1,48.5795016160984
"orng-10",4,2019,68.3453237410072,1,48.5795016160984
"orng-10",4,2020,68.3453237410072,1,48.0039620477531
"orng-10",4,2021,68.3453237410072,1,48.0039620477531
"orng-10",4,2022,68.3453237410072,1,48.1478469398394
"orng-10",4,2023,68.3453237410072,1,48.0039620477531
"orng-10",4,2024,68.3453237410072,1,48.0039620477531
"orng-10",4,2025,68.3453237410072,1,46.9967678031488
"orng-10",5,1999,29.2857142857143,1,51.0329028702504
"orng-10",5,2000,29.2857142857143,1,50.7430477977866
"orng-10",5,2001,29.2857142857143,1,50.7430477977866
"orng-10",5,2002,29.2857142857143,1,50.3113931215276
"orng-10",5,2003,29.2857142857143,1,50.1664655852957
"orng-10",5,2004,29.2857142857143,1,50.1664655852957
"orng-10",5,2005,29.2857142857143,1,50.3113931215276
"orng-10",5,2006,29.2857142857143,1,50.1664655852957
"orng-10",5,2007,29.2857142857143,1,50.0215380490638
"orng-10",5,2008,29.2857142857143,1,49.876610512832
"orng-10",5,2009,29.2857142857143,1,49.876610512832
"orng-10",5,2010,29.2857142857143,1,49.876610512832
"orng-10",5,2011,29.2857142857143,1,49.876610512832
"orng-10",5,2012,29.2857142857143,1,49.876610512832
"orng-10",5,2013,29.2857142857143,1,49.7337533699748
"orng-10",5,2014,29.2857142857143,1,49.0091156888154
"orng-10",5,2015,29.2857142857143,1,48.7234014031011
"orng-10",5,2016,29.2857142857143,1,48.5795016160984
"orng-10",5,2017,29.2857142857143,1,48.5795016160984
"orng-10",5,2018,29.2857142857143,1,48.5795016160984
"orng-10",5,2019,29.2857142857143,1,48.5795016160984
"orng-10",5,2020,29.2857142857143,1,48.0039620477531
"orng-10",5,2021,29.2857142857143,1,48.0039620477531
"orng-10",5,2022,29.2857142857143,1,48.1478469398394
"orng-10",5,2023,29.2857142857143,1,48.0039620477531
"orng-10",5,2024,29.2857142857143,1,48.0039620477531
"orng-10",5,2025,29.2857142857143,1,46.9967678031488
"orng-10",6,1999,19.4244604316547,2,47.6923234770186
"orng-10",6,2000,19.4244604316547,2,47.6923234770186
"orng-10",6,2001,19.4244604316547,2,48.1089901436853
"orng-10",6,2002,19.4244604316547,2,47.9640626074534
"orng-10",6,2003,19.4244604316547,2,47.5385306925597
"orng-10",6,2004,19.4244604316547,2,47.5385306925597
"orng-10",6,2005,19.4244604316547,2,47.5385306925597
"orng-10",6,2006,19.4244604316547,2,47.5416142571604
"orng-10",6,2007,19.4244604316547,2,47.5416142571604
"orng-10",6,2008,19.4244604316547,2,47.5416142571604
"orng-10",6,2009,19.4244604316547,2,47.5416142571604
"orng-10",6,2010,19.4244604316547,2,47.5416142571604
"orng-10",6,2011,19.4244604316547,2,47.5416142571604
"orng-10",6,2012,19.4244604316547,2,47.5416142571604
"orng-10",6,2013,19.4244604316547,2,47.5416142571604
"orng-10",6,2014,19.4244604316547,2,47.5416142571604
"orng-10",6,2015,19.4244604316547,2,47.5416142571604
"orng-10",6,2016,19.4244604316547,2,47.5416142571604
"orng-10",6,2017,19.4244604316547,2,47.1099152130655
"orng-10",6,2018,19.4244604316547,2,47.1099152130655
"orng-10",6,2019,19.4244604316547,2,47.2488041019543
"orng-10",6,2020,19.4244604316547,2,47.2488041019543
"orng-10",6,2021,19.4244604316547,2,47.2488041019543
"orng-10",6,2022,19.4244604316547,2,47.5175881496468
"orng-10",6,2023,19.4244604316547,2,47.5175881496468
"orng-10",6,2024,19.4244604316547,2,47.5175881496468
"orng-10",6,2025,19.4244604316547,2,47.3726606134149
"orng-10",7,1999,45.8333333333333,2,47.6923234770186
"orng-10",7,2000,45.8333333333333,2,47.6923234770186
"orng-10",7,2001,47.9166666666667,2,48.1089901436853
"orng-10",7,2002,47.9166666666667,2,47.9640626074534
"orng-10",7,2003,47.9166666666667,2,47.5385306925597
"orng-10",7,2004,47.9166666666667,2,47.5385306925597
"orng-10",7,2005,47.9166666666667,2,47.5385306925597
"orng-10",7,2006,47.9166666666667,2,47.5416142571604
"orng-10",7,2007,47.9166666666667,2,47.5416142571604
"orng-10",7,2008,47.9166666666667,2,47.5416142571604
"orng-10",7,2009,47.9166666666667,2,47.5416142571604
"orng-10",7,2010,47.9166666666667,2,47.5416142571604
"orng-10",7,2011,47.9166666666667,2,47.5416142571604
"orng-10",7,2012,47.9166666666667,2,47.5416142571604
"orng-10",7,2013,47.9166666666667,2,47.5416142571604
"orng-10",7,2014,47.9166666666667,2,47.5416142571604
"orng-10",7,2015,47.9166666666667,2,47.5416142571604
"orng-10",7,2016,47.9166666666667,2,47.5416142571604
"orng-10",7,2017,47.9166666666667,2,47.1099152130655
"orng-10",7,2018,47.9166666666667,2,47.1099152130655
"orng-10",7,2019,48.6111111111111,2,47.2488041019543
"orng-10",7,2020,48.6111111111111,2,47.2488041019543
"orng-10",7,2021,48.6111111111111,2,47.2488041019543
"orng-10",7,2022,51.3888888888889,2,47.5175881496468
"orng-10",7,2023,51.3888888888889,2,47.5175881496468
"orng-10",7,2024,51.3888888888889,2,47.5175881496468
"orng-10",7,2025,51.3888888888889,2,47.3726606134149
"orng-10",8,1999,71.7391304347826,2,47.6923234770186
"orng-10",8,2000,71.7391304347826,2,47.6923234770186
"orng-10",8,2001,71.7391304347826,2,48.1089901436853
"orng-10",8,2002,71.7391304347826,2,47.9640626074534
"orng-10",8,2003,71.7391304347826,2,47.5385306925597
"orng-10",8,2004,71.7391304347826,2,47.5385306925597
"orng-10",8,2005,71.7391304347826,2,47.5385306925597
"orng-10",8,2006,71.7391304347826,2,47.5416142571604
"orng-10",8,2007,71.7391304347826,2,47.5416142571604
"orng-10",8,2008,71.7391304347826,2,47.5416142571604
"orng-10",8,2009,71.7391304347826,2,47.5416142571604
"orng-10",8,2010,71.7391304347826,2,47.5416142571604
"orng-10",8,2011,71.7391304347826,2,47.5416142571604
"orng-10",8,2012,71.7391304347826,2,47.5416142571604
"orng-10",8,2013,71.7391304347826,2,47.5416142571604
"orng-10",8,2014,71.7391304347826,2,47.5416142571604
"orng-10",8,2015,71.7391304347826,2,47.5416142571604
"orng-10",8,2016,71.7391304347826,2,47.5416142571604
"orng-10",8,2017,70.2898550724638,2,47.1099152130655
"orng-10",8,2018,70.2898550724638,2,47.1099152130655
"orng-10",8,2019,70.2898550724638,2,47.2488041019543
"orng-10",8,2020,70.2898550724638,2,47.2488041019543
"orng-10",8,2021,70.2898550724638,2,47.2488041019543
"orng-10",8,2022,69.5652173913043,2,47.5175881496468
"orng-10",8,2023,69.5652173913043,2,47.5175881496468
"orng-10",8,2024,69.5652173913043,2,47.5175881496468
"orng-10",8,2025,69.5652173913043,2,47.3726606134149
"orng-10",9,1999,68.8405797101449,2,47.6923234770186
"orng-10",9,2000,68.8405797101449,2,47.6923234770186
"orng-10",9,2001,68.8405797101449,2,48.1089901436853
"orng-10",9,2002,68.1159420289855,2,47.9640626074534
"orng-10",9,2003,68.1159420289855,2,47.5385306925597
"orng-10",9,2004,68.1159420289855,2,47.5385306925597
"orng-10",9,2005,68.1159420289855,2,47.5385306925597
"orng-10",9,2006,68.8405797101449,2,47.5416142571604
"orng-10",9,2007,68.8405797101449,2,47.5416142571604
"orng-10",9,2008,68.8405797101449,2,47.5416142571604
"orng-10",9,2009,68.8405797101449,2,47.5416142571604
"orng-10",9,2010,68.8405797101449,2,47.5416142571604
"orng-10",9,2011,68.8405797101449,2,47.5416142571604
"orng-10",9,2012,68.8405797101449,2,47.5416142571604
"orng-10",9,2013,68.8405797101449,2,47.5416142571604
"orng-10",9,2014,68.8405797101449,2,47.5416142571604
"orng-10",9,2015,68.8405797101449,2,47.5416142571604
"orng-10",9,2016,68.8405797101449,2,47.5416142571604
"orng-10",9,2017,68.8405797101449,2,47.1099152130655
"orng-10",9,2018,68.8405797101449,2,47.1099152130655
"orng-10",9,2019,68.8405797101449,2,47.2488041019543
"orng-10",9,2020,68.8405797101449,2,47.2488041019543
"orng-10",9,2021,68.8405797101449,2,47.2488041019543
"orng-10",9,2022,68.8405797101449,2,47.5175881496468
"orng-10",9,2023,68.8405797101449,2,47.5175881496468
"orng-10",9,2024,68.8405797101449,2,47.5175881496468
"orng-10",9,2025,68.1159420289856,2,47.3726606134149
"orng-10",10,1999,32.6241134751773,2,47.6923234770186
"orng-10",10,2000,32.6241134751773,2,47.6923234770186
"orng-10",10,2001,32.6241134751773,2,48.1089901436853
"orng-10",10,2002,32.6241134751773,2,47.9640626074534
"orng-10",10,2003,30.4964539007092,2,47.5385306925597
"orng-10",10,2004,30.4964539007092,2,47.5385306925597
"orng-10",10,2005,30.4964539007092,2,47.5385306925597
"orng-10",10,2006,29.7872340425532,2,47.5416142571604
"orng-10",10,2007,29.7872340425532,2,47.5416142571604
"orng-10",10,2008,29.7872340425532,2,47.5416142571604
"orng-10",10,2009,29.7872340425532,2,47.5416142571604
"orng-10",10,2010,29.7872340425532,2,47.5416142571604
"orng-10",10,2011,29.7872340425532,2,47.5416142571604
"orng-10",10,2012,29.7872340425532,2,47.5416142571604
"orng-10",10,2013,29.7872340425532,2,47.5416142571604
"orng-10",10,2014,29.7872340425532,2,47.5416142571604
"orng-10",10,2015,29.7872340425532,2,47.5416142571604
"orng-10",10,2016,29.7872340425532,2,47.5416142571604
"orng-10",10,2017,29.0780141843972,2,47.1099152130655
"orng-10",10,2018,29.0780141843972,2,47.1099152130655
"orng-10",10,2019,29.0780141843972,2,47.2488041019543
"orng-10",10,2020,29.0780141843972,2,47.2488041019543
"orng-10",10,2021,29.0780141843972,2,47.2488041019543
"orng-10",10,2022,28.3687943262411,2,47.5175881496468
"orng-10",10,2023,28.3687943262411,2,47.5175881496468
"orng-10",10,2024,28.3687943262411,2,47.5175881496468
"orng-10",10,2025,28.3687943262411,2,47.3726606134149
"orng-10",11,1999,4.28571428571428,3,39.6915203781881
"orng-10",11,2000,4.28571428571428,3,39.6915203781881
"orng-10",11,2001,4.28571428571428,3,38.9842843518031
"orng-10",11,2002,4.28571428571428,3,36.5729368340726
"orng-10",11,2003,4.28571428571428,3,36.2892488908102
"orng-10",11,2004,4.28571428571428,3,36.2892488908102
"orng-10",11,2005,4.28571428571428,3,36.4310928624414
"orng-10",11,2006,4.28571428571428,3,36.424970101076
"orng-10",11,2007,4.28571428571428,3,36.5647731522521
"orng-10",11,2008,4.28571428571428,3,37.6995249253018
"orng-10",11,2009,4.28571428571428,3,38.2669008118266
"orng-10",11,2010,4.28571428571428,3,38.2669008118266
"orng-10",11,2011,4.28571428571428,3,38.6924327267202
"orng-10",11,2012,4.28571428571428,3,38.6924327267202
"orng-10",11,2013,4.28571428571428,3,38.8342766983514
"orng-10",11,2014,4.28571428571428,3,38.6944165584913
"orng-10",11,2015,4.28571428571428,3,38.6944165584913
"orng-10",11,2016,4.28571428571428,3,38.6944165584913
"orng-10",11,2017,4.28571428571428,3,38.5505316664049
"orng-10",11,2018,3.57142857142857,3,38.2658305519166
"orng-10",11,2019,3.57142857142857,3,35.5707950909237
"orng-10",11,2020,3.57142857142857,3,35.5707950909237
"orng-10",11,2021,3.57142857142857,3,35.4289511192925
"orng-10",11,2022,3.57142857142857,3,35.4289511192925
"orng-10",11,2023,3.57142857142857,3,35.4289511192925
"orng-10",11,2024,3.57142857142857,3,35.4289511192925
"orng-10",11,2025,3.57142857142857,3,35.4289511192925
"orng-10",12,1999,33.3333333333333,3,39.6915203781881
"orng-10",12,2000,33.3333333333333,3,39.6915203781881
"orng-10",12,2001,33.3333333333333,3,38.9842843518031
"orng-10",12,2002,33.3333333333333,3,36.5729368340726
"orng-10",12,2003,33.3333333333333,3,36.2892488908102
"orng-10",12,2004,33.3333333333333,3,36.2892488908102
"orng-10",12,2005,33.3333333333333,3,36.4310928624414
"orng-10",12,2006,33.3333333333333,3,36.424970101076
"orng-10",12,2007,33.3333333333333,3,36.5647731522521
"orng-10",12,2008,33.3333333333333,3,37.6995249253018
"orng-10",12,2009,33.3333333333333,3,38.2669008118266
"orng-10",12,2010,33.3333333333333,3,38.2669008118266
"orng-10",12,2011,33.3333333333333,3,38.6924327267202
"orng-10",12,2012,33.3333333333333,3,38.6924327267202
"orng-10",12,2013,33.3333333333333,3,38.8342766983514
"orng-10",12,2014,33.3333333333333,3,38.6944165584913
"orng-10",12,2015,33.3333333333333,3,38.6944165584913
"orng-10",12,2016,33.3333333333333,3,38.6944165584913
"orng-10",12,2017,33.3333333333333,3,38.5505316664049
"orng-10",12,2018,33.3333333333333,3,38.2658305519166
"orng-10",12,2019,33.3333333333333,3,35.5707950909237
"orng-10",12,2020,33.3333333333333,3,35.5707950909237
"orng-10",12,2021,33.3333333333333,3,35.4289511192925
"orng-10",12,2022,33.3333333333333,3,35.4289511192925
"orng-10",12,2023,33.3333333333333,3,35.4289511192925
"orng-10",12,2024,33.3333333333333,3,35.4289511192925
"orng-10",12,2025,33.3333333333333,3,35.4289511192925
"orng-10",13,1999,46.8531468531469,3,39.6915203781881
"orng-10",13,2000,46.8531468531469,3,39.6915203781881
"orng-10",13,2001,46.1538461538462,3,38.9842843518031
"orng-10",13,2002,46.1538461538462,3,36.5729368340726
"orng-10",13,2003,46.1538461538462,3,36.2892488908102
"orng-10",13,2004,46.1538461538462,3,36.2892488908102
"orng-10",13,2005,46.1538461538462,3,36.4310928624414
"orng-10",13,2006,46.1538461538462,3,36.424970101076
"orng-10",13,2007,46.1538461538462,3,36.5647731522521
"orng-10",13,2008,46.1538461538462,3,37.6995249253018
"orng-10",13,2009,46.1538461538462,3,38.2669008118266
"orng-10",13,2010,46.1538461538462,3,38.2669008118266
"orng-10",13,2011,46.1538461538462,3,38.6924327267202
"orng-10",13,2012,46.1538461538462,3,38.6924327267202
"orng-10",13,2013,46.1538461538462,3,38.8342766983514
"orng-10",13,2014,45.4545454545455,3,38.6944165584913
"orng-10",13,2015,45.4545454545455,3,38.6944165584913
"orng-10",13,2016,45.4545454545455,3,38.6944165584913
"orng-10",13,2017,45.4545454545455,3,38.5505316664049
"orng-10",13,2018,45.4545454545455,3,38.2658305519166
"orng-10",13,2019,45.4545454545455,3,35.5707950909237
"orng-10",13,2020,45.4545454545455,3,35.5707950909237
"orng-10",13,2021,45.4545454545455,3,35.4289511192925
"orng-10",13,2022,45.4545454545455,3,35.4289511192925
"orng-10",13,2023,45.4545454545455,3,35.4289511192925
"orng-10",13,2024,45.4545454545455,3,35.4289511192925
"orng-10",13,2025,45.4545454545455,3,35.4289511192925
"orng-10",14,1999,35.9712230215827,3,39.6915203781881
"orng-10",14,2000,35.9712230215827,3,39.6915203781881
"orng-10",14,2001,35.9712230215827,3,38.9842843518031
"orng-10",14,2002,35.9712230215827,3,36.5729368340726
"orng-10",14,2003,35.9712230215827,3,36.2892488908102
"orng-10",14,2004,35.9712230215827,3,36.2892488908102
"orng-10",14,2005,35.9712230215827,3,36.4310928624414
"orng-10",14,2006,33.8129496402878,3,36.424970101076
"orng-10",14,2007,33.0935251798561,3,36.5647731522521
"orng-10",14,2008,33.0935251798561,3,37.6995249253018
"orng-10",14,2009,33.0935251798561,3,38.2669008118266
"orng-10",14,2010,33.0935251798561,3,38.2669008118266
"orng-10",14,2011,33.0935251798561,3,38.6924327267202
"orng-10",14,2012,33.0935251798561,3,38.6924327267202
"orng-10",14,2013,33.0935251798561,3,38.8342766983514
"orng-10",14,2014,33.0935251798561,3,38.6944165584913
"orng-10",14,2015,33.0935251798561,3,38.6944165584913
"orng-10",14,2016,33.0935251798561,3,38.6944165584913
"orng-10",14,2017,32.3741007194245,3,38.5505316664049
"orng-10",14,2018,32.3741007194245,3,38.2658305519166
"orng-10",14,2019,32.3741007194245,3,35.5707950909237
"orng-10",14,2020,32.3741007194245,3,35.5707950909237
"orng-10",14,2021,32.3741007194245,3,35.4289511192925
"orng-10",14,2022,32.3741007194245,3,35.4289511192925
"orng-10",14,2023,32.3741007194245,3,35.4289511192925
"orng-10",14,2024,32.3741007194245,3,35.4289511192925
"orng-10",14,2025,32.3741007194245,3,35.4289511192925
"orng-10",15,1999,78.0141843971631,3,39.6915203781881
"orng-10",15,2000,78.0141843971631,3,39.6915203781881
"orng-10",15,2001,75.177304964539,3,38.9842843518031
"orng-10",15,2002,63.1205673758865,3,36.5729368340726
"orng-10",15,2003,61.7021276595744,3,36.2892488908102
"orng-10",15,2004,61.7021276595744,3,36.2892488908102
"orng-10",15,2005,62.4113475177305,3,36.4310928624414
"orng-10",15,2006,64.5390070921985,3,36.424970101076
"orng-10",15,2007,65.9574468085106,3,36.5647731522521
"orng-10",15,2008,71.6312056737589,3,37.6995249253018
"orng-10",15,2009,74.468085106383,3,38.2669008118266
"orng-10",15,2010,74.468085106383,3,38.2669008118266
"orng-10",15,2011,76.5957446808511,3,38.6924327267202
"orng-10",15,2012,76.5957446808511,3,38.6924327267202
"orng-10",15,2013,77.3049645390071,3,38.8342766983514
"orng-10",15,2014,77.3049645390071,3,38.6944165584913
"orng-10",15,2015,77.3049645390071,3,38.6944165584913
"orng-10",15,2016,77.3049645390071,3,38.6944165584913
"orng-10",15,2017,77.304964539007,3,38.5505316664049
"orng-10",15,2018,76.5957446808511,3,38.2658305519166
"orng-10",15,2019,63.1205673758865,3,35.5707950909237
"orng-10",15,2020,63.1205673758865,3,35.5707950909237
"orng-10",15,2021,62.4113475177305,3,35.4289511192925
"orng-10",15,2022,62.4113475177305,3,35.4289511192925
"orng-10",15,2023,62.4113475177305,3,35.4289511192925
"orng-10",15,2024,62.4113475177305,3,35.4289511192925
"orng-10",15,2025,62.4113475177305,3,35.4289511192925
"orng-10",16,1999,10.0719424460432,4,29.9747133647985
"orng-10",16,2000,10.0719424460432,4,29.9747133647985
"orng-10",16,2001,9.35251798561151,4,29.6909683328521
"orng-10",16,2002,9.35251798561151,4,29.3989975299324
"orng-10",16,2003,9.35251798561151,4,29.3989975299324
"orng-10",16,2004,9.35251798561151,4,29.3989975299324
"orng-10",16,2005,9.35251798561151,4,29.3989975299324
"orng-10",16,2006,9.35251798561151,4,29.3989975299324
"orng-10",16,2007,9.35251798561151,4,29.1192772502121
"orng-10",16,2008,9.35251798561151,4,29.1192772502121
"orng-10",16,2009,9.35251798561151,4,29.2652626516719
"orng-10",16,2010,9.35251798561151,4,29.2652626516719
"orng-10",16,2011,9.35251798561151,4,29.2652626516719
"orng-10",16,2012,9.35251798561151,4,29.2652626516719
"orng-10",16,2013,9.35251798561151,4,29.2652626516719
"orng-10",16,2014,9.35251798561151,4,29.2652626516719
"orng-10",16,2015,9.35251798561151,4,29.2652626516719
"orng-10",16,2016,9.35251798561151,4,29.2652626516719
"orng-10",16,2017,9.35251798561151,4,29.2652626516719
"orng-10",16,2018,9.35251798561151,4,29.2652626516719
"orng-10",16,2019,9.35251798561151,4,29.2652626516719
"orng-10",16,2020,9.35251798561151,4,29.2652626516719
"orng-10",16,2021,9.35251798561151,4,29.12033511544
"orng-10",16,2022,9.35251798561151,4,29.2652626516719
"orng-10",16,2023,9.35251798561151,4,27.9617507610448
"orng-10",16,2024,9.35251798561151,4,28.1066782972767
"orng-10",16,2025,9.35251798561151,4,28.3965333697405
"orng-10",17,1999,1.44927536231884,4,29.9747133647985
"orng-10",17,2000,1.44927536231884,4,29.9747133647985
"orng-10",17,2001,1.44927536231884,4,29.6909683328521
"orng-10",17,2002,1.44927536231884,4,29.3989975299324
"orng-10",17,2003,1.44927536231884,4,29.3989975299324
"orng-10",17,2004,1.44927536231884,4,29.3989975299324
"orng-10",17,2005,1.44927536231884,4,29.3989975299324
"orng-10",17,2006,1.44927536231884,4,29.3989975299324
"orng-10",17,2007,1.44927536231884,4,29.1192772502121
"orng-10",17,2008,1.44927536231884,4,29.1192772502121
"orng-10",17,2009,1.44927536231884,4,29.2652626516719
"orng-10",17,2010,1.44927536231884,4,29.2652626516719
"orng-10",17,2011,1.44927536231884,4,29.2652626516719
"orng-10",17,2012,1.44927536231884,4,29.2652626516719
"orng-10",17,2013,1.44927536231884,4,29.2652626516719
"orng-10",17,2014,1.44927536231884,4,29.2652626516719
"orng-10",17,2015,1.44927536231884,4,29.2652626516719
"orng-10",17,2016,1.44927536231884,4,29.2652626516719
"orng-10",17,2017,1.44927536231884,4,29.2652626516719
"orng-10",17,2018,1.44927536231884,4,29.2652626516719
"orng-10",17,2019,1.44927536231884,4,29.2652626516719
"orng-10",17,2020,1.44927536231884,4,29.2652626516719
"orng-10",17,2021,1.44927536231884,4,29.12033511544
"orng-10",17,2022,1.44927536231884,4,29.2652626516719
"orng-10",17,2023,1.44927536231884,4,27.9617507610448
"orng-10",17,2024,1.44927536231884,4,28.1066782972767
"orng-10",17,2025,1.44927536231884,4,28.3965333697405
"orng-10",18,1999,49.6503496503497,4,29.9747133647985
"orng-10",18,2000,49.6503496503497,4,29.9747133647985
"orng-10",18,2001,48.951048951049,4,29.6909683328521
"orng-10",18,2002,48.951048951049,4,29.3989975299324
"orng-10",18,2003,48.951048951049,4,29.3989975299324
"orng-10",18,2004,48.951048951049,4,29.3989975299324
"orng-10",18,2005,48.951048951049,4,29.3989975299324
"orng-10",18,2006,48.951048951049,4,29.3989975299324
"orng-10",18,2007,47.5524475524476,4,29.1192772502121
"orng-10",18,2008,47.5524475524476,4,29.1192772502121
"orng-10",18,2009,47.5524475524476,4,29.2652626516719
"orng-10",18,2010,47.5524475524476,4,29.2652626516719
"orng-10",18,2011,47.5524475524476,4,29.2652626516719
"orng-10",18,2012,47.5524475524476,4,29.2652626516719
"orng-10",18,2013,47.5524475524476,4,29.2652626516719
"orng-10",18,2014,47.5524475524476,4,29.2652626516719
"orng-10",18,2015,47.5524475524476,4,29.2652626516719
"orng-10",18,2016,47.5524475524476,4,29.2652626516719
"orng-10",18,2017,47.5524475524476,4,29.2652626516719
"orng-10",18,2018,47.5524475524476,4,29.2652626516719
"orng-10",18,2019,47.5524475524476,4,29.2652626516719
"orng-10",18,2020,47.5524475524476,4,29.2652626516719
"orng-10",18,2021,47.5524475524476,4,29.12033511544
"orng-10",18,2022,47.5524475524476,4,29.2652626516719
"orng-10",18,2023,46.8531468531469,4,27.9617507610448
"orng-10",18,2024,46.8531468531469,4,28.1066782972767
"orng-10",18,2025,46.8531468531469,4,28.3965333697405
"orng-10",19,1999,40.8759124087591,4,29.9747133647985
"orng-10",19,2000,40.8759124087591,4,29.9747133647985
"orng-10",19,2001,40.8759124087591,4,29.6909683328521
"orng-10",19,2002,39.4160583941606,4,29.3989975299324
"orng-10",19,2003,39.4160583941606,4,29.3989975299324
"orng-10",19,2004,39.4160583941606,4,29.3989975299324
"orng-10",19,2005,39.4160583941606,4,29.3989975299324
"orng-10",19,2006,39.4160583941606,4,29.3989975299324
"orng-10",19,2007,39.4160583941606,4,29.1192772502121
"orng-10",19,2008,39.4160583941606,4,29.1192772502121
"orng-10",19,2009,40.1459854014599,4,29.2652626516719
"orng-10",19,2010,40.1459854014599,4,29.2652626516719
"orng-10",19,2011,40.1459854014599,4,29.2652626516719
"orng-10",19,2012,40.1459854014599,4,29.2652626516719
"orng-10",19,2013,40.1459854014599,4,29.2652626516719
"orng-10",19,2014,40.1459854014599,4,29.2652626516719
"orng-10",19,2015,40.1459854014599,4,29.2652626516719
"orng-10",19,2016,40.1459854014599,4,29.2652626516719
"orng-10",19,2017,40.1459854014599,4,29.2652626516719
"orng-10",19,2018,40.1459854014599,4,29.2652626516719
"orng-10",19,2019,40.1459854014599,4,29.2652626516719
"orng-10",19,2020,40.1459854014599,4,29.2652626516719
"orng-10",19,2021,40.1459854014599,4,29.12033511544
"orng-10",19,2022,40.1459854014599,4,29.2652626516719
"orng-10",19,2023,37.2262773722628,4,27.9617507610448
"orng-10",19,2024,37.2262773722628,4,28.1066782972767
"orng-10",19,2025,37.2262773722628,4,28.3965333697405
"orng-10",20,1999,47.8260869565218,4,29.9747133647985
"orng-10",20,2000,47.8260869565218,4,29.9747133647985
"orng-10",20,2001,47.8260869565218,4,29.6909683328521
"orng-10",20,2002,47.8260869565218,4,29.3989975299324
"orng-10",20,2003,47.8260869565218,4,29.3989975299324
"orng-10",20,2004,47.8260869565218,4,29.3989975299324
"orng-10",20,2005,47.8260869565218,4,29.3989975299324
"orng-10",20,2006,47.8260869565218,4,29.3989975299324
"orng-10",20,2007,47.8260869565218,4,29.1192772502121
"orng-10",20,2008,47.8260869565218,4,29.1192772502121
"orng-10",20,2009,47.8260869565218,4,29.2652626516719
"orng-10",20,2010,47.8260869565218,4,29.2652626516719
"orng-10",20,2011,47.8260869565218,4,29.2652626516719
"orng-10",20,2012,47.8260869565218,4,29.2652626516719
"orng-10",20,2013,47.8260869565218,4,29.2652626516719
"orng-10",20,2014,47.8260869565218,4,29.2652626516719
"orng-10",20,2015,47.8260869565218,4,29.2652626516719
"orng-10",20,2016,47.8260869565218,4,29.2652626516719
"orng-10",20,2017,47.8260869565218,4,29.2652626516719
"orng-10",20,2018,47.8260869565218,4,29.2652626516719
"orng-10",20,2019,47.8260869565218,4,29.2652626516719
"orng-10",20,2020,47.8260869565218,4,29.2652626516719
"orng-10",20,2021,47.1014492753624,4,29.12033511544
"orng-10",20,2022,47.8260869565217,4,29.2652626516719
"orng-10",20,2023,44.927536231884,4,27.9617507610448
"orng-10",20,2024,45.6521739130434,4,28.1066782972767
"orng-10",20,2025,47.1014492753623,4,28.3965333697405
"orng-11",1,1999,40.2877697841726,1,62.7360652511425
"orng-11",1,2000,40.2877697841726,1,62.7360652511425
"orng-11",1,2001,40.2877697841726,1,62.7360652511425
"orng-11",1,2002,40.2877697841726,1,62.7360652511425
"orng-11",1,2003,40.2877697841726,1,62.7360652511425
"orng-11",1,2004,40.2877697841726,1,62.7360652511425
"orng-11",1,2005,40.2877697841726,1,62.5932081082854
"orng-11",1,2006,40.2877697841726,1,62.3074938225711
"orng-11",1,2007,40.2877697841726,1,62.3074938225711
"orng-11",1,2008,38.8489208633093,1,62.0197240383984
"orng-11",1,2009,38.8489208633093,1,60.1757524071928
"orng-11",1,2010,38.8489208633093,1,60.1757524071928
"orng-11",1,2011,38.8489208633093,1,60.317596378824
"orng-11",1,2012,38.8489208633093,1,60.317596378824
"orng-11",1,2013,38.8489208633093,1,60.6012843220864
"orng-11",1,2014,38.8489208633093,1,61.4523481518736
"orng-11",1,2015,38.8489208633093,1,61.736036095136
"orng-11",1,2016,38.8489208633093,1,62.0197240383984
"orng-11",1,2017,38.8489208633093,1,62.0197240383984
"orng-11",1,2018,38.8489208633093,1,62.1625811812556
"orng-11",1,2019,38.8489208633093,1,62.0186962891692
"orng-11",1,2020,38.8489208633093,1,61.7329820034549
"orng-11",1,2021,38.8489208633093,1,61.0135575430233
"orng-11",1,2022,38.8489208633093,1,61.0135575430233
"orng-11",1,2023,38.8489208633093,1,60.0145269802395
"orng-11",1,2024,38.8489208633093,1,60.0175810719206
"orng-11",1,2025,38.8489208633093,1,59.7298112877479
"orng-11",2,1999,79.2857142857143,1,62.7360652511425
"orng-11",2,2000,79.2857142857143,1,62.7360652511425
"orng-11",2,2001,79.2857142857143,1,62.7360652511425
"orng-11",2,2002,79.2857142857143,1,62.7360652511425
"orng-11",2,2003,79.2857142857143,1,62.7360652511425
"orng-11",2,2004,79.2857142857143,1,62.7360652511425
"orng-11",2,2005,78.5714285714286,1,62.5932081082854
"orng-11",2,2006,77.1428571428572,1,62.3074938225711
"orng-11",2,2007,77.1428571428572,1,62.3074938225711
"orng-11",2,2008,77.1428571428572,1,62.0197240383984
"orng-11",2,2009,77.1428571428572,1,60.1757524071928
"orng-11",2,2010,77.1428571428572,1,60.1757524071928
"orng-11",2,2011,77.1428571428572,1,60.317596378824
"orng-11",2,2012,77.1428571428572,1,60.317596378824
"orng-11",2,2013,77.1428571428572,1,60.6012843220864
"orng-11",2,2014,77.1428571428572,1,61.4523481518736
"orng-11",2,2015,77.1428571428572,1,61.736036095136
"orng-11",2,2016,77.1428571428572,1,62.0197240383984
"orng-11",2,2017,77.1428571428572,1,62.0197240383984
"orng-11",2,2018,77.8571428571429,1,62.1625811812556
"orng-11",2,2019,77.8571428571429,1,62.0186962891692
"orng-11",2,2020,76.4285714285714,1,61.7329820034549
"orng-11",2,2021,76.4285714285714,1,61.0135575430233
"orng-11",2,2022,76.4285714285714,1,61.0135575430233
"orng-11",2,2023,76.4285714285714,1,60.0145269802395
"orng-11",2,2024,77.1428571428571,1,60.0175810719206
"orng-11",2,2025,77.1428571428571,1,59.7298112877479
"orng-11",3,1999,56.8345323741007,1,62.7360652511425
"orng-11",3,2000,56.8345323741007,1,62.7360652511425
"orng-11",3,2001,56.8345323741007,1,62.7360652511425
"orng-11",3,2002,56.8345323741007,1,62.7360652511425
"orng-11",3,2003,56.8345323741007,1,62.7360652511425
"orng-11",3,2004,56.8345323741007,1,62.7360652511425
"orng-11",3,2005,56.8345323741007,1,62.5932081082854
"orng-11",3,2006,56.8345323741007,1,62.3074938225711
"orng-11",3,2007,56.8345323741007,1,62.3074938225711
"orng-11",3,2008,56.8345323741007,1,62.0197240383984
"orng-11",3,2009,56.8345323741007,1,60.1757524071928
"orng-11",3,2010,56.8345323741007,1,60.1757524071928
"orng-11",3,2011,56.8345323741007,1,60.317596378824
"orng-11",3,2012,56.8345323741007,1,60.317596378824
"orng-11",3,2013,56.8345323741007,1,60.6012843220864
"orng-11",3,2014,56.8345323741007,1,61.4523481518736
"orng-11",3,2015,56.8345323741007,1,61.736036095136
"orng-11",3,2016,56.8345323741007,1,62.0197240383984
"orng-11",3,2017,56.8345323741007,1,62.0197240383984
"orng-11",3,2018,56.8345323741007,1,62.1625811812556
"orng-11",3,2019,56.8345323741007,1,62.0186962891692
"orng-11",3,2020,56.8345323741007,1,61.7329820034549
"orng-11",3,2021,56.8345323741007,1,61.0135575430233
"orng-11",3,2022,56.8345323741007,1,61.0135575430233
"orng-11",3,2023,54.6762589928057,1,60.0145269802395
"orng-11",3,2024,55.3956834532374,1,60.0175810719206
"orng-11",3,2025,53.9568345323741,1,59.7298112877479
"orng-11",4,1999,77.6978417266186,1,62.7360652511425
"orng-11",4,2000,77.6978417266186,1,62.7360652511425
"orng-11",4,2001,77.6978417266186,1,62.7360652511425
"orng-11",4,2002,77.6978417266186,1,62.7360652511425
"orng-11",4,2003,77.6978417266186,1,62.7360652511425
"orng-11",4,2004,77.6978417266186,1,62.7360652511425
"orng-11",4,2005,77.6978417266186,1,62.5932081082854
"orng-11",4,2006,77.6978417266186,1,62.3074938225711
"orng-11",4,2007,77.6978417266186,1,62.3074938225711
"orng-11",4,2008,77.6978417266186,1,62.0197240383984
"orng-11",4,2009,77.6978417266186,1,60.1757524071928
"orng-11",4,2010,77.6978417266186,1,60.1757524071928
"orng-11",4,2011,77.6978417266186,1,60.317596378824
"orng-11",4,2012,77.6978417266186,1,60.317596378824
"orng-11",4,2013,77.6978417266186,1,60.6012843220864
"orng-11",4,2014,77.6978417266186,1,61.4523481518736
"orng-11",4,2015,77.6978417266186,1,61.736036095136
"orng-11",4,2016,77.6978417266186,1,62.0197240383984
"orng-11",4,2017,77.6978417266186,1,62.0197240383984
"orng-11",4,2018,77.6978417266186,1,62.1625811812556
"orng-11",4,2019,76.978417266187,1,62.0186962891692
"orng-11",4,2020,76.978417266187,1,61.7329820034549
"orng-11",4,2021,73.3812949640287,1,61.0135575430233
"orng-11",4,2022,73.3812949640287,1,61.0135575430233
"orng-11",4,2023,73.3812949640287,1,60.0145269802395
"orng-11",4,2024,73.3812949640287,1,60.0175810719206
"orng-11",4,2025,73.3812949640287,1,59.7298112877479
"orng-11",5,1999,59.5744680851063,1,62.7360652511425
"orng-11",5,2000,59.5744680851063,1,62.7360652511425
"orng-11",5,2001,59.5744680851063,1,62.7360652511425
"orng-11",5,2002,59.5744680851063,1,62.7360652511425
"orng-11",5,2003,59.5744680851063,1,62.7360652511425
"orng-11",5,2004,59.5744680851063,1,62.7360652511425
"orng-11",5,2005,59.5744680851063,1,62.5932081082854
"orng-11",5,2006,59.5744680851063,1,62.3074938225711
"orng-11",5,2007,59.5744680851063,1,62.3074938225711
"orng-11",5,2008,59.5744680851063,1,62.0197240383984
"orng-11",5,2009,50.354609929078,1,60.1757524071928
"orng-11",5,2010,50.354609929078,1,60.1757524071928
"orng-11",5,2011,51.063829787234,1,60.317596378824
"orng-11",5,2012,51.063829787234,1,60.317596378824
"orng-11",5,2013,52.482269503546,1,60.6012843220864
"orng-11",5,2014,56.7375886524822,1,61.4523481518736
"orng-11",5,2015,58.1560283687942,1,61.736036095136
"orng-11",5,2016,59.5744680851063,1,62.0197240383984
"orng-11",5,2017,59.5744680851063,1,62.0197240383984
"orng-11",5,2018,59.5744680851063,1,62.1625811812556
"orng-11",5,2019,59.5744680851063,1,62.0186962891692
"orng-11",5,2020,59.5744680851063,1,61.7329820034549
"orng-11",5,2021,59.5744680851063,1,61.0135575430233
"orng-11",5,2022,59.5744680851063,1,61.0135575430233
"orng-11",5,2023,56.7375886524823,1,60.0145269802395
"orng-11",5,2024,55.3191489361702,1,60.0175810719206
"orng-11",5,2025,55.3191489361702,1,59.7298112877479
"orng-11",6,1999,25.1798561151079,2,27.1267557382665
"orng-11",6,2000,25.1798561151079,2,27.1267557382665
"orng-11",6,2001,25.1798561151079,2,26.6940435229456
"orng-11",6,2002,25.1798561151079,2,26.6940435229456
"orng-11",6,2003,25.1798561151079,2,26.5491159867137
"orng-11",6,2004,25.1798561151079,2,26.5491159867137
"orng-11",6,2005,25.1798561151079,2,26.5491159867137
"orng-11",6,2006,25.1798561151079,2,26.5491159867137
"orng-11",6,2007,25.1798561151079,2,26.5491159867137
"orng-11",6,2008,25.1798561151079,2,26.4062588438566
"orng-11",6,2009,25.1798561151079,2,26.2634017009995
"orng-11",6,2010,25.1798561151079,2,26.1205445581423
"orng-11",6,2011,25.1798561151079,2,26.1205445581423
"orng-11",6,2012,25.1798561151079,2,26.1205445581423
"orng-11",6,2013,25.1798561151079,2,26.1205445581423
"orng-11",6,2014,25.1798561151079,2,26.1205445581423
"orng-11",6,2015,25.1798561151079,2,26.1205445581423
"orng-11",6,2016,25.1798561151079,2,26.1205445581423
"orng-11",6,2017,25.1798561151079,2,26.1205445581423
"orng-11",6,2018,25.1798561151079,2,26.1205445581423
"orng-11",6,2019,25.1798561151079,2,26.1205445581423
"orng-11",6,2020,25.1798561151079,2,26.1205445581423
"orng-11",6,2021,25.1798561151079,2,25.9776874152852
"orng-11",6,2022,25.1798561151079,2,25.8327598790533
"orng-11",6,2023,25.1798561151079,2,25.8327598790533
"orng-11",6,2024,25.1798561151079,2,23.2438744656449
"orng-11",6,2025,25.1798561151079,2,20.7967886560317
"orng-11",7,1999,16.6666666666667,2,27.1267557382665
"orng-11",7,2000,16.6666666666667,2,27.1267557382665
"orng-11",7,2001,15.2173913043478,2,26.6940435229456
"orng-11",7,2002,15.2173913043478,2,26.6940435229456
"orng-11",7,2003,14.4927536231884,2,26.5491159867137
"orng-11",7,2004,14.4927536231884,2,26.5491159867137
"orng-11",7,2005,14.4927536231884,2,26.5491159867137
"orng-11",7,2006,14.4927536231884,2,26.5491159867137
"orng-11",7,2007,14.4927536231884,2,26.5491159867137
"orng-11",7,2008,14.4927536231884,2,26.4062588438566
"orng-11",7,2009,14.4927536231884,2,26.2634017009995
"orng-11",7,2010,14.4927536231884,2,26.1205445581423
"orng-11",7,2011,14.4927536231884,2,26.1205445581423
"orng-11",7,2012,14.4927536231884,2,26.1205445581423
"orng-11",7,2013,14.4927536231884,2,26.1205445581423
"orng-11",7,2014,14.4927536231884,2,26.1205445581423
"orng-11",7,2015,14.4927536231884,2,26.1205445581423
"orng-11",7,2016,14.4927536231884,2,26.1205445581423
"orng-11",7,2017,14.4927536231884,2,26.1205445581423
"orng-11",7,2018,14.4927536231884,2,26.1205445581423
"orng-11",7,2019,14.4927536231884,2,26.1205445581423
"orng-11",7,2020,14.4927536231884,2,26.1205445581423
"orng-11",7,2021,14.4927536231884,2,25.9776874152852
"orng-11",7,2022,13.768115942029,2,25.8327598790533
"orng-11",7,2023,13.768115942029,2,25.8327598790533
"orng-11",7,2024,14.4927536231884,2,23.2438744656449
"orng-11",7,2025,13.768115942029,2,20.7967886560317
"orng-11",8,1999,25.7142857142857,2,27.1267557382665
"orng-11",8,2000,25.7142857142857,2,27.1267557382665
"orng-11",8,2001,25.7142857142857,2,26.6940435229456
"orng-11",8,2002,25.7142857142857,2,26.6940435229456
"orng-11",8,2003,25.7142857142857,2,26.5491159867137
"orng-11",8,2004,25.7142857142857,2,26.5491159867137
"orng-11",8,2005,25.7142857142857,2,26.5491159867137
"orng-11",8,2006,25.7142857142857,2,26.5491159867137
"orng-11",8,2007,25.7142857142857,2,26.5491159867137
"orng-11",8,2008,25,2,26.4062588438566
"orng-11",8,2009,24.2857142857143,2,26.2634017009995
"orng-11",8,2010,24.2857142857143,2,26.1205445581423
"orng-11",8,2011,24.2857142857143,2,26.1205445581423
"orng-11",8,2012,24.2857142857143,2,26.1205445581423
"orng-11",8,2013,24.2857142857143,2,26.1205445581423
"orng-11",8,2014,24.2857142857143,2,26.1205445581423
"orng-11",8,2015,24.2857142857143,2,26.1205445581423
"orng-11",8,2016,24.2857142857143,2,26.1205445581423
"orng-11",8,2017,24.2857142857143,2,26.1205445581423
"orng-11",8,2018,24.2857142857143,2,26.1205445581423
"orng-11",8,2019,24.2857142857143,2,26.1205445581423
"orng-11",8,2020,24.2857142857143,2,26.1205445581423
"orng-11",8,2021,23.5714285714286,2,25.9776874152852
"orng-11",8,2022,23.5714285714286,2,25.8327598790533
"orng-11",8,2023,23.5714285714286,2,25.8327598790533
"orng-11",8,2024,23.5714285714286,2,23.2438744656449
"orng-11",8,2025,23.5714285714286,2,20.7967886560317
"orng-11",9,1999,37.8571428571429,2,27.1267557382665
"orng-11",9,2000,37.8571428571429,2,27.1267557382665
"orng-11",9,2001,37.1428571428572,2,26.6940435229456
"orng-11",9,2002,37.1428571428572,2,26.6940435229456
"orng-11",9,2003,37.1428571428571,2,26.5491159867137
"orng-11",9,2004,37.1428571428571,2,26.5491159867137
"orng-11",9,2005,37.1428571428571,2,26.5491159867137
"orng-11",9,2006,37.1428571428571,2,26.5491159867137
"orng-11",9,2007,37.1428571428571,2,26.5491159867137
"orng-11",9,2008,37.1428571428571,2,26.4062588438566
"orng-11",9,2009,37.1428571428571,2,26.2634017009995
"orng-11",9,2010,36.4285714285714,2,26.1205445581423
"orng-11",9,2011,36.4285714285714,2,26.1205445581423
"orng-11",9,2012,36.4285714285714,2,26.1205445581423
"orng-11",9,2013,36.4285714285714,2,26.1205445581423
"orng-11",9,2014,36.4285714285714,2,26.1205445581423
"orng-11",9,2015,36.4285714285714,2,26.1205445581423
"orng-11",9,2016,36.4285714285714,2,26.1205445581423
"orng-11",9,2017,36.4285714285714,2,26.1205445581423
"orng-11",9,2018,36.4285714285714,2,26.1205445581423
"orng-11",9,2019,36.4285714285714,2,26.1205445581423
"orng-11",9,2020,36.4285714285714,2,26.1205445581423
"orng-11",9,2021,36.4285714285714,2,25.9776874152852
"orng-11",9,2022,36.4285714285714,2,25.8327598790533
"orng-11",9,2023,36.4285714285714,2,25.8327598790533
"orng-11",9,2024,36.4285714285714,2,23.2438744656449
"orng-11",9,2025,36.4285714285714,2,20.7967886560317
"orng-11",10,1999,30.2158273381295,2,27.1267557382665
"orng-11",10,2000,30.2158273381295,2,27.1267557382665
"orng-11",10,2001,30.2158273381295,2,26.6940435229456
"orng-11",10,2002,30.2158273381295,2,26.6940435229456
"orng-11",10,2003,30.2158273381295,2,26.5491159867137
"orng-11",10,2004,30.2158273381295,2,26.5491159867137
"orng-11",10,2005,30.2158273381295,2,26.5491159867137
"orng-11",10,2006,30.2158273381295,2,26.5491159867137
"orng-11",10,2007,30.2158273381295,2,26.5491159867137
"orng-11",10,2008,30.2158273381295,2,26.4062588438566
"orng-11",10,2009,30.2158273381295,2,26.2634017009995
"orng-11",10,2010,30.2158273381295,2,26.1205445581423
"orng-11",10,2011,30.2158273381295,2,26.1205445581423
"orng-11",10,2012,30.2158273381295,2,26.1205445581423
"orng-11",10,2013,30.2158273381295,2,26.1205445581423
"orng-11",10,2014,30.2158273381295,2,26.1205445581423
"orng-11",10,2015,30.2158273381295,2,26.1205445581423
"orng-11",10,2016,30.2158273381295,2,26.1205445581423
"orng-11",10,2017,30.2158273381295,2,26.1205445581423
"orng-11",10,2018,30.2158273381295,2,26.1205445581423
"orng-11",10,2019,30.2158273381295,2,26.1205445581423
"orng-11",10,2020,30.2158273381295,2,26.1205445581423
"orng-11",10,2021,30.2158273381295,2,25.9776874152852
"orng-11",10,2022,30.2158273381295,2,25.8327598790533
"orng-11",10,2023,30.2158273381295,2,25.8327598790533
"orng-11",10,2024,16.5467625899281,2,23.2438744656449
"orng-11",10,2025,5.03597122302158,2,20.7967886560317
"orng-11",11,1999,27.8571428571428,3,53.5948636623937
"orng-11",11,2000,27.8571428571428,3,53.5948636623937
"orng-11",11,2001,27.8571428571428,3,53.5948636623937
"orng-11",11,2002,27.8571428571428,3,53.4499361261619
"orng-11",11,2003,27.1428571428571,3,53.1652350116735
"orng-11",11,2004,27.1428571428571,3,53.3070789833047
"orng-11",11,2005,27.1428571428571,3,53.3070789833047
"orng-11",11,2006,27.1428571428571,3,53.4550900841373
"orng-11",11,2007,27.1428571428571,3,53.3101625479053
"orng-11",11,2008,27.1428571428571,3,53.1652350116735
"orng-11",11,2009,27.1428571428571,3,53.1652350116735
"orng-11",11,2010,27.1428571428571,3,53.1652350116735
"orng-11",11,2011,27.1428571428571,3,53.0233910400423
"orng-11",11,2012,27.1428571428571,3,53.0233910400423
"orng-11",11,2013,27.1428571428571,3,53.0233910400423
"orng-11",11,2014,27.1428571428571,3,52.8784635038104
"orng-11",11,2015,27.1428571428571,3,53.0203074754416
"orng-11",11,2016,27.1428571428571,3,53.0203074754416
"orng-11",11,2017,27.1428571428571,3,47.062860666931
"orng-11",11,2018,27.1428571428571,3,45.0770450640941
"orng-11",11,2019,25,3,44.5066296638915
"orng-11",11,2020,25,3,44.5066296638915
"orng-11",11,2021,25,3,44.7903176071539
"orng-11",11,2022,25,3,46.3475177304965
"orng-11",11,2023,25,3,47.1985815602837
"orng-11",11,2024,25,3,49.0425531914894
"orng-11",11,2025,25,3,50.0385445575085
"orng-11",12,1999,53.1914893617021,3,53.5948636623937
"orng-11",12,2000,53.1914893617021,3,53.5948636623937
"orng-11",12,2001,53.1914893617021,3,53.5948636623937
"orng-11",12,2002,53.1914893617021,3,53.4499361261619
"orng-11",12,2003,52.4822695035461,3,53.1652350116735
"orng-11",12,2004,53.1914893617021,3,53.3070789833047
"orng-11",12,2005,53.1914893617021,3,53.3070789833047
"orng-11",12,2006,53.1914893617021,3,53.4550900841373
"orng-11",12,2007,53.1914893617021,3,53.3101625479053
"orng-11",12,2008,53.1914893617021,3,53.1652350116735
"orng-11",12,2009,53.1914893617021,3,53.1652350116735
"orng-11",12,2010,53.1914893617021,3,53.1652350116735
"orng-11",12,2011,53.1914893617021,3,53.0233910400423
"orng-11",12,2012,53.1914893617021,3,53.0233910400423
"orng-11",12,2013,53.1914893617021,3,53.0233910400423
"orng-11",12,2014,53.1914893617021,3,52.8784635038104
"orng-11",12,2015,53.9007092198581,3,53.0203074754416
"orng-11",12,2016,53.9007092198581,3,53.0203074754416
"orng-11",12,2017,53.9007092198581,3,47.062860666931
"orng-11",12,2018,53.9007092198582,3,45.0770450640941
"orng-11",12,2019,53.9007092198582,3,44.5066296638915
"orng-11",12,2020,53.9007092198582,3,44.5066296638915
"orng-11",12,2021,53.1914893617021,3,44.7903176071539
"orng-11",12,2022,53.1914893617021,3,46.3475177304965
"orng-11",12,2023,53.1914893617021,3,47.1985815602837
"orng-11",12,2024,53.1914893617021,3,49.0425531914894
"orng-11",12,2025,53.1914893617021,3,50.0385445575085
"orng-11",13,1999,45.6521739130435,3,53.5948636623937
"orng-11",13,2000,45.6521739130435,3,53.5948636623937
"orng-11",13,2001,45.6521739130435,3,53.5948636623937
"orng-11",13,2002,44.9275362318841,3,53.4499361261619
"orng-11",13,2003,44.9275362318841,3,53.1652350116735
"orng-11",13,2004,44.9275362318841,3,53.3070789833047
"orng-11",13,2005,44.9275362318841,3,53.3070789833047
"orng-11",13,2006,44.9275362318841,3,53.4550900841373
"orng-11",13,2007,44.2028985507246,3,53.3101625479053
"orng-11",13,2008,43.4782608695652,3,53.1652350116735
"orng-11",13,2009,43.4782608695652,3,53.1652350116735
"orng-11",13,2010,43.4782608695652,3,53.1652350116735
"orng-11",13,2011,43.4782608695652,3,53.0233910400423
"orng-11",13,2012,43.4782608695652,3,53.0233910400423
"orng-11",13,2013,43.4782608695652,3,53.0233910400423
"orng-11",13,2014,42.7536231884058,3,52.8784635038104
"orng-11",13,2015,42.7536231884058,3,53.0203074754416
"orng-11",13,2016,42.7536231884058,3,53.0203074754416
"orng-11",13,2017,42.7536231884058,3,47.062860666931
"orng-11",13,2018,42.7536231884058,3,45.0770450640941
"orng-11",13,2019,42.7536231884058,3,44.5066296638915
"orng-11",13,2020,42.7536231884058,3,44.5066296638915
"orng-11",13,2021,42.7536231884058,3,44.7903176071539
"orng-11",13,2022,42.0289855072464,3,46.3475177304965
"orng-11",13,2023,42.0289855072464,3,47.1985815602837
"orng-11",13,2024,42.0289855072464,3,49.0425531914894
"orng-11",13,2025,42.7536231884058,3,50.0385445575085
"orng-11",14,1999,73.1884057971015,3,53.5948636623937
"orng-11",14,2000,73.1884057971015,3,53.5948636623937
"orng-11",14,2001,73.1884057971015,3,53.5948636623937
"orng-11",14,2002,73.1884057971015,3,53.4499361261619
"orng-11",14,2003,73.1884057971015,3,53.1652350116735
"orng-11",14,2004,73.1884057971015,3,53.3070789833047
"orng-11",14,2005,73.1884057971015,3,53.3070789833047
"orng-11",14,2006,74.6376811594203,3,53.4550900841373
"orng-11",14,2007,74.6376811594203,3,53.3101625479053
"orng-11",14,2008,74.6376811594203,3,53.1652350116735
"orng-11",14,2009,74.6376811594203,3,53.1652350116735
"orng-11",14,2010,74.6376811594203,3,53.1652350116735
"orng-11",14,2011,74.6376811594203,3,53.0233910400423
"orng-11",14,2012,74.6376811594203,3,53.0233910400423
"orng-11",14,2013,74.6376811594203,3,53.0233910400423
"orng-11",14,2014,74.6376811594203,3,52.8784635038104
"orng-11",14,2015,74.6376811594203,3,53.0203074754416
"orng-11",14,2016,74.6376811594203,3,53.0203074754416
"orng-11",14,2017,74.6376811594203,3,47.062860666931
"orng-11",14,2018,74.6376811594203,3,45.0770450640941
"orng-11",14,2019,74.6376811594203,3,44.5066296638915
"orng-11",14,2020,74.6376811594203,3,44.5066296638915
"orng-11",14,2021,74.6376811594203,3,44.7903176071539
"orng-11",14,2022,74.6376811594203,3,46.3475177304965
"orng-11",14,2023,74.6376811594203,3,47.1985815602837
"orng-11",14,2024,74.6376811594203,3,49.0425531914894
"orng-11",14,2025,74.6376811594203,3,50.0385445575085
"orng-11",15,1999,68.0851063829787,3,53.5948636623937
"orng-11",15,2000,68.0851063829787,3,53.5948636623937
"orng-11",15,2001,68.0851063829787,3,53.5948636623937
"orng-11",15,2002,68.0851063829787,3,53.4499361261619
"orng-11",15,2003,68.0851063829787,3,53.1652350116735
"orng-11",15,2004,68.0851063829787,3,53.3070789833047
"orng-11",15,2005,68.0851063829787,3,53.3070789833047
"orng-11",15,2006,67.3758865248226,3,53.4550900841373
"orng-11",15,2007,67.3758865248226,3,53.3101625479053
"orng-11",15,2008,67.3758865248226,3,53.1652350116735
"orng-11",15,2009,67.3758865248226,3,53.1652350116735
"orng-11",15,2010,67.3758865248226,3,53.1652350116735
"orng-11",15,2011,66.6666666666666,3,53.0233910400423
"orng-11",15,2012,66.6666666666666,3,53.0233910400423
"orng-11",15,2013,66.6666666666666,3,53.0233910400423
"orng-11",15,2014,66.6666666666666,3,52.8784635038104
"orng-11",15,2015,66.6666666666666,3,53.0203074754416
"orng-11",15,2016,66.6666666666666,3,53.0203074754416
"orng-11",15,2017,36.8794326241134,3,47.062860666931
"orng-11",15,2018,26.9503546099291,3,45.0770450640941
"orng-11",15,2019,26.241134751773,3,44.5066296638915
"orng-11",15,2020,26.241134751773,3,44.5066296638915
"orng-11",15,2021,28.3687943262411,3,44.7903176071539
"orng-11",15,2022,36.8794326241135,3,46.3475177304965
"orng-11",15,2023,41.1347517730497,3,47.1985815602837
"orng-11",15,2024,50.354609929078,3,49.0425531914894
"orng-11",15,2025,54.6099290780141,3,50.0385445575085
"orng-11",16,1999,63.3093525179856,4,71.2296758338011
"orng-11",16,2000,63.3093525179856,4,71.3715198054323
"orng-11",16,2001,63.3093525179856,4,71.7970517203259
"orng-11",16,2002,63.3093525179856,4,72.2246245556746
"orng-11",16,2003,63.3093525179856,4,72.2246245556746
"orng-11",16,2004,63.3093525179856,4,72.2246245556746
"orng-11",16,2005,63.3093525179856,4,72.368509447761
"orng-11",16,2006,63.3093525179856,4,72.368509447761
"orng-11",16,2007,63.3093525179856,4,72.5073983366498
"orng-11",16,2008,64.7482014388489,4,72.7951681208225
"orng-11",16,2009,64.7482014388489,4,72.7951681208225
"orng-11",16,2010,64.7482014388489,4,72.7951681208225
"orng-11",16,2011,64.7482014388489,4,72.7951681208225
"orng-11",16,2012,64.7482014388489,4,72.7951681208225
"orng-11",16,2013,64.7482014388489,4,72.7951681208225
"orng-11",16,2014,64.7482014388489,4,72.7951681208225
"orng-11",16,2015,64.7482014388489,4,72.6512832287362
"orng-11",16,2016,64.748201438849,4,72.7951681208225
"orng-11",16,2017,64.748201438849,4,72.6512832287362
"orng-11",16,2018,44.6043165467626,4,68.0469666819736
"orng-11",16,2019,43.8848920863309,4,68.0419706787761
"orng-11",16,2020,43.1654676258993,4,67.6143978434274
"orng-11",16,2021,43.1654676258993,4,67.6143978434274
"orng-11",16,2022,45.3237410071942,4,68.0460525196864
"orng-11",16,2023,47.4820143884891,4,68.4777071959453
"orng-11",16,2024,48.2014388489208,4,68.4827031991428
"orng-11",16,2025,51.0791366906474,4,69.0582427674881
"orng-11",17,1999,70.1388888888889,4,71.2296758338011
"orng-11",17,2000,70.1388888888889,4,71.3715198054323
"orng-11",17,2001,70.1388888888889,4,71.7970517203259
"orng-11",17,2002,70.1388888888889,4,72.2246245556746
"orng-11",17,2003,70.1388888888889,4,72.2246245556746
"orng-11",17,2004,70.1388888888889,4,72.2246245556746
"orng-11",17,2005,70.1388888888889,4,72.368509447761
"orng-11",17,2006,70.1388888888889,4,72.368509447761
"orng-11",17,2007,70.8333333333333,4,72.5073983366498
"orng-11",17,2008,70.8333333333333,4,72.7951681208225
"orng-11",17,2009,70.8333333333333,4,72.7951681208225
"orng-11",17,2010,70.8333333333333,4,72.7951681208225
"orng-11",17,2011,70.8333333333333,4,72.7951681208225
"orng-11",17,2012,70.8333333333333,4,72.7951681208225
"orng-11",17,2013,70.8333333333333,4,72.7951681208225
"orng-11",17,2014,70.8333333333333,4,72.7951681208225
"orng-11",17,2015,70.8333333333333,4,72.6512832287362
"orng-11",17,2016,70.8333333333333,4,72.7951681208225
"orng-11",17,2017,70.8333333333333,4,72.6512832287362
"orng-11",17,2018,70.8333333333333,4,68.0469666819736
"orng-11",17,2019,71.5277777777778,4,68.0419706787761
"orng-11",17,2020,71.5277777777778,4,67.6143978434274
"orng-11",17,2021,71.5277777777778,4,67.6143978434274
"orng-11",17,2022,71.5277777777778,4,68.0460525196864
"orng-11",17,2023,71.5277777777778,4,68.4777071959453
"orng-11",17,2024,70.8333333333334,4,68.4827031991428
"orng-11",17,2025,70.8333333333334,4,69.0582427674881
"orng-11",18,1999,70.5035971223022,4,71.2296758338011
"orng-11",18,2000,70.5035971223022,4,71.3715198054323
"orng-11",18,2001,70.5035971223022,4,71.7970517203259
"orng-11",18,2002,71.2230215827338,4,72.2246245556746
"orng-11",18,2003,71.2230215827338,4,72.2246245556746
"orng-11",18,2004,71.2230215827338,4,72.2246245556746
"orng-11",18,2005,71.9424460431655,4,72.368509447761
"orng-11",18,2006,71.9424460431655,4,72.368509447761
"orng-11",18,2007,71.9424460431655,4,72.5073983366498
"orng-11",18,2008,71.9424460431655,4,72.7951681208225
"orng-11",18,2009,71.9424460431655,4,72.7951681208225
"orng-11",18,2010,71.9424460431655,4,72.7951681208225
"orng-11",18,2011,71.9424460431655,4,72.7951681208225
"orng-11",18,2012,71.9424460431655,4,72.7951681208225
"orng-11",18,2013,71.9424460431655,4,72.7951681208225
"orng-11",18,2014,71.9424460431655,4,72.7951681208225
"orng-11",18,2015,71.9424460431655,4,72.6512832287362
"orng-11",18,2016,71.9424460431655,4,72.7951681208225
"orng-11",18,2017,71.9424460431655,4,72.6512832287362
"orng-11",18,2018,71.9424460431655,4,68.0469666819736
"orng-11",18,2019,71.9424460431655,4,68.0419706787761
"orng-11",18,2020,71.9424460431655,4,67.6143978434274
"orng-11",18,2021,71.9424460431655,4,67.6143978434274
"orng-11",18,2022,71.9424460431655,4,68.0460525196864
"orng-11",18,2023,71.9424460431655,4,68.4777071959453
"orng-11",18,2024,71.9424460431655,4,68.4827031991428
"orng-11",18,2025,71.9424460431655,4,69.0582427674881
"orng-11",19,1999,79.8561151079137,4,71.2296758338011
"orng-11",19,2000,79.8561151079137,4,71.3715198054323
"orng-11",19,2001,79.8561151079137,4,71.7970517203259
"orng-11",19,2002,79.8561151079137,4,72.2246245556746
"orng-11",19,2003,79.8561151079137,4,72.2246245556746
"orng-11",19,2004,79.8561151079137,4,72.2246245556746
"orng-11",19,2005,79.8561151079137,4,72.368509447761
"orng-11",19,2006,79.8561151079137,4,72.368509447761
"orng-11",19,2007,79.8561151079137,4,72.5073983366498
"orng-11",19,2008,79.8561151079137,4,72.7951681208225
"orng-11",19,2009,79.8561151079137,4,72.7951681208225
"orng-11",19,2010,79.8561151079137,4,72.7951681208225
"orng-11",19,2011,79.8561151079137,4,72.7951681208225
"orng-11",19,2012,79.8561151079138,4,72.7951681208225
"orng-11",19,2013,79.8561151079138,4,72.7951681208225
"orng-11",19,2014,79.8561151079137,4,72.7951681208225
"orng-11",19,2015,79.1366906474821,4,72.6512832287362
"orng-11",19,2016,79.8561151079137,4,72.7951681208225
"orng-11",19,2017,79.1366906474821,4,72.6512832287362
"orng-11",19,2018,76.2589928057555,4,68.0469666819736
"orng-11",19,2019,76.2589928057554,4,68.0419706787761
"orng-11",19,2020,76.2589928057554,4,67.6143978434274
"orng-11",19,2021,76.2589928057554,4,67.6143978434274
"orng-11",19,2022,76.2589928057554,4,68.0460525196864
"orng-11",19,2023,76.2589928057554,4,68.4777071959453
"orng-11",19,2024,76.2589928057554,4,68.4827031991428
"orng-11",19,2025,76.2589928057554,4,69.0582427674881
"orng-11",20,1999,72.3404255319149,4,71.2296758338011
"orng-11",20,2000,73.049645390071,4,71.3715198054323
"orng-11",20,2001,75.177304964539,4,71.7970517203259
"orng-11",20,2002,76.5957446808511,4,72.2246245556746
"orng-11",20,2003,76.5957446808511,4,72.2246245556746
"orng-11",20,2004,76.5957446808511,4,72.2246245556746
"orng-11",20,2005,76.5957446808511,4,72.368509447761
"orng-11",20,2006,76.5957446808511,4,72.368509447761
"orng-11",20,2007,76.5957446808511,4,72.5073983366498
"orng-11",20,2008,76.5957446808511,4,72.7951681208225
"orng-11",20,2009,76.5957446808511,4,72.7951681208225
"orng-11",20,2010,76.5957446808511,4,72.7951681208225
"orng-11",20,2011,76.5957446808511,4,72.7951681208225
"orng-11",20,2012,76.5957446808511,4,72.7951681208225
"orng-11",20,2013,76.5957446808511,4,72.7951681208225
"orng-11",20,2014,76.5957446808511,4,72.7951681208225
"orng-11",20,2015,76.5957446808511,4,72.6512832287362
"orng-11",20,2016,76.5957446808511,4,72.7951681208225
"orng-11",20,2017,76.5957446808511,4,72.6512832287362
"orng-11",20,2018,76.5957446808511,4,68.0469666819736
"orng-11",20,2019,76.5957446808511,4,68.0419706787761
"orng-11",20,2020,75.177304964539,4,67.6143978434274
"orng-11",20,2021,75.177304964539,4,67.6143978434274
"orng-11",20,2022,75.177304964539,4,68.0460525196864
"orng-11",20,2023,75.177304964539,4,68.4777071959453
"orng-11",20,2024,75.177304964539,4,68.4827031991428
"orng-11",20,2025,75.177304964539,4,69.0582427674881
"orng-12",1,1999,56.115107913669,1,54.8241050993631
"orng-12",1,2000,56.115107913669,1,54.0994674182037
"orng-12",1,2001,56.115107913669,1,53.6646848095081
"orng-12",1,2002,56.1151079136691,1,53.6596174131364
"orng-12",1,2003,56.1151079136691,1,53.5167602702792
"orng-12",1,2004,56.1151079136691,1,53.5167602702792
"orng-12",1,2005,56.1151079136691,1,53.5167602702792
"orng-12",1,2006,56.1151079136691,1,53.5167602702792
"orng-12",1,2007,56.1151079136691,1,53.5167602702792
"orng-12",1,2008,56.1151079136691,1,53.5167602702792
"orng-12",1,2009,56.1151079136691,1,53.5167602702792
"orng-12",1,2010,56.1151079136691,1,53.5167602702792
"orng-12",1,2011,56.1151079136691,1,53.0881888417078
"orng-12",1,2012,56.1151079136691,1,53.0881888417078
"orng-12",1,2013,56.1151079136691,1,52.8024745559935
"orng-12",1,2014,53.2374100719424,1,51.9412207019339
"orng-12",1,2015,52.5179856115108,1,50.9401929527047
"orng-12",1,2016,51.7985611510792,1,50.5105937749041
"orng-12",1,2017,51.7985611510792,1,50.0820223463326
"orng-12",1,2018,52.5179856115108,1,50.225907238419
"orng-12",1,2019,52.5179856115108,1,50.225907238419
"orng-12",1,2020,52.5179856115108,1,50.225907238419
"orng-12",1,2021,52.5179856115108,1,50.225907238419
"orng-12",1,2022,46.7625899280575,1,49.0748281017283
"orng-12",1,2023,46.7625899280575,1,48.3605423874426
"orng-12",1,2024,47.4820143884892,1,48.7901415652433
"orng-12",1,2025,47.4820143884892,1,49.0758558509575
"orng-12",2,1999,46.8531468531469,1,54.8241050993631
"orng-12",2,2000,46.8531468531469,1,54.0994674182037
"orng-12",2,2001,46.8531468531469,1,53.6646848095081
"orng-12",2,2002,47.5524475524476,1,53.6596174131364
"orng-12",2,2003,47.5524475524476,1,53.5167602702792
"orng-12",2,2004,47.5524475524476,1,53.5167602702792
"orng-12",2,2005,47.5524475524476,1,53.5167602702792
"orng-12",2,2006,47.5524475524476,1,53.5167602702792
"orng-12",2,2007,47.5524475524476,1,53.5167602702792
"orng-12",2,2008,47.5524475524476,1,53.5167602702792
"orng-12",2,2009,47.5524475524476,1,53.5167602702792
"orng-12",2,2010,47.5524475524476,1,53.5167602702792
"orng-12",2,2011,47.5524475524476,1,53.0881888417078
"orng-12",2,2012,47.5524475524476,1,53.0881888417078
"orng-12",2,2013,47.5524475524476,1,52.8024745559935
"orng-12",2,2014,47.5524475524476,1,51.9412207019339
"orng-12",2,2015,47.5524475524476,1,50.9401929527047
"orng-12",2,2016,47.5524475524476,1,50.5105937749041
"orng-12",2,2017,47.5524475524476,1,50.0820223463326
"orng-12",2,2018,47.5524475524476,1,50.225907238419
"orng-12",2,2019,47.5524475524476,1,50.225907238419
"orng-12",2,2020,47.5524475524476,1,50.225907238419
"orng-12",2,2021,47.5524475524476,1,50.225907238419
"orng-12",2,2022,47.5524475524476,1,49.0748281017283
"orng-12",2,2023,47.5524475524476,1,48.3605423874426
"orng-12",2,2024,47.5524475524476,1,48.7901415652433
"orng-12",2,2025,47.5524475524476,1,49.0758558509575
"orng-12",3,1999,38.1294964028777,1,54.8241050993631
"orng-12",3,2000,38.1294964028777,1,54.0994674182037
"orng-12",3,2001,38.1294964028777,1,53.6646848095081
"orng-12",3,2002,38.1294964028777,1,53.6596174131364
"orng-12",3,2003,38.1294964028777,1,53.5167602702792
"orng-12",3,2004,38.1294964028777,1,53.5167602702792
"orng-12",3,2005,38.1294964028777,1,53.5167602702792
"orng-12",3,2006,38.1294964028777,1,53.5167602702792
"orng-12",3,2007,38.1294964028777,1,53.5167602702792
"orng-12",3,2008,38.1294964028777,1,53.5167602702792
"orng-12",3,2009,38.1294964028777,1,53.5167602702792
"orng-12",3,2010,38.1294964028777,1,53.5167602702792
"orng-12",3,2011,38.1294964028777,1,53.0881888417078
"orng-12",3,2012,38.1294964028777,1,53.0881888417078
"orng-12",3,2013,38.1294964028777,1,52.8024745559935
"orng-12",3,2014,38.1294964028777,1,51.9412207019339
"orng-12",3,2015,38.1294964028777,1,50.9401929527047
"orng-12",3,2016,38.1294964028777,1,50.5105937749041
"orng-12",3,2017,38.1294964028777,1,50.0820223463326
"orng-12",3,2018,38.1294964028777,1,50.225907238419
"orng-12",3,2019,38.1294964028777,1,50.225907238419
"orng-12",3,2020,38.1294964028777,1,50.225907238419
"orng-12",3,2021,38.1294964028777,1,50.225907238419
"orng-12",3,2022,38.1294964028777,1,49.0748281017283
"orng-12",3,2023,38.1294964028777,1,48.3605423874426
"orng-12",3,2024,38.1294964028777,1,48.7901415652433
"orng-12",3,2025,38.1294964028777,1,49.0758558509575
"orng-12",4,1999,71.4285714285714,1,54.8241050993631
"orng-12",4,2000,71.4285714285714,1,54.0994674182037
"orng-12",4,2001,71.4285714285714,1,53.6646848095081
"orng-12",4,2002,71.4285714285714,1,53.6596174131364
"orng-12",4,2003,70.7142857142857,1,53.5167602702792
"orng-12",4,2004,70.7142857142857,1,53.5167602702792
"orng-12",4,2005,70.7142857142857,1,53.5167602702792
"orng-12",4,2006,70.7142857142857,1,53.5167602702792
"orng-12",4,2007,70.7142857142857,1,53.5167602702792
"orng-12",4,2008,70.7142857142857,1,53.5167602702792
"orng-12",4,2009,70.7142857142857,1,53.5167602702792
"orng-12",4,2010,70.7142857142857,1,53.5167602702792
"orng-12",4,2011,68.5714285714285,1,53.0881888417078
"orng-12",4,2012,68.5714285714285,1,53.0881888417078
"orng-12",4,2013,67.1428571428571,1,52.8024745559935
"orng-12",4,2014,65.7142857142857,1,51.9412207019339
"orng-12",4,2015,61.4285714285714,1,50.9401929527047
"orng-12",4,2016,60,1,50.5105937749041
"orng-12",4,2017,57.8571428571428,1,50.0820223463326
"orng-12",4,2018,57.8571428571428,1,50.225907238419
"orng-12",4,2019,57.8571428571428,1,50.225907238419
"orng-12",4,2020,57.8571428571428,1,50.225907238419
"orng-12",4,2021,57.8571428571428,1,50.225907238419
"orng-12",4,2022,57.8571428571428,1,49.0748281017283
"orng-12",4,2023,54.2857142857143,1,48.3605423874426
"orng-12",4,2024,55.7142857142858,1,48.7901415652433
"orng-12",4,2025,57.1428571428572,1,49.0758558509575
"orng-12",5,1999,61.5942028985507,1,54.8241050993631
"orng-12",5,2000,57.9710144927536,1,54.0994674182037
"orng-12",5,2001,55.7971014492754,1,53.6646848095081
"orng-12",5,2002,55.072463768116,1,53.6596174131364
"orng-12",5,2003,55.072463768116,1,53.5167602702792
"orng-12",5,2004,55.072463768116,1,53.5167602702792
"orng-12",5,2005,55.072463768116,1,53.5167602702792
"orng-12",5,2006,55.072463768116,1,53.5167602702792
"orng-12",5,2007,55.072463768116,1,53.5167602702792
"orng-12",5,2008,55.072463768116,1,53.5167602702792
"orng-12",5,2009,55.072463768116,1,53.5167602702792
"orng-12",5,2010,55.072463768116,1,53.5167602702792
"orng-12",5,2011,55.072463768116,1,53.0881888417078
"orng-12",5,2012,55.072463768116,1,53.0881888417078
"orng-12",5,2013,55.072463768116,1,52.8024745559935
"orng-12",5,2014,55.072463768116,1,51.9412207019339
"orng-12",5,2015,55.072463768116,1,50.9401929527047
"orng-12",5,2016,55.072463768116,1,50.5105937749041
"orng-12",5,2017,55.072463768116,1,50.0820223463326
"orng-12",5,2018,55.072463768116,1,50.225907238419
"orng-12",5,2019,55.072463768116,1,50.225907238419
"orng-12",5,2020,55.072463768116,1,50.225907238419
"orng-12",5,2021,55.072463768116,1,50.225907238419
"orng-12",5,2022,55.072463768116,1,49.0748281017283
"orng-12",5,2023,55.072463768116,1,48.3605423874426
"orng-12",5,2024,55.072463768116,1,48.7901415652433
"orng-12",5,2025,55.072463768116,1,49.0758558509575
"orng-12",6,1999,29.0780141843972,2,9.22139223711843
"orng-12",6,2000,28.3687943262412,2,9.04408727257943
"orng-12",6,2001,28.3687943262412,2,9.04408727257943
"orng-12",6,2002,28.3687943262412,2,11.8172371363861
"orng-12",6,2003,28.3687943262412,2,11.8172371363861
"orng-12",6,2004,28.3687943262412,2,11.8172371363861
"orng-12",6,2005,28.3687943262412,2,11.8172371363861
"orng-12",6,2006,27.6595744680851,2,11.5808305170007
"orng-12",6,2007,27.6595744680851,2,11.5808305170007
"orng-12",6,2008,27.6595744680851,2,11.5808305170007
"orng-12",6,2009,27.6595744680851,2,11.5808305170007
"orng-12",6,2010,26.950354609929,2,11.3444238976154
"orng-12",6,2011,26.950354609929,2,11.3444238976154
"orng-12",6,2012,26.950354609929,2,11.3444238976154
"orng-12",6,2013,25.531914893617,2,10.8716106588447
"orng-12",6,2014,25.531914893617,2,10.8716106588447
"orng-12",6,2015,25.531914893617,2,10.8716106588447
"orng-12",6,2016,25.531914893617,2,10.8716106588447
"orng-12",6,2017,25.531914893617,2,10.8716106588447
"orng-12",6,2018,25.531914893617,2,10.8716106588447
"orng-12",6,2019,25.531914893617,2,10.8716106588447
"orng-12",6,2020,24.822695035461,2,10.6352040394594
"orng-12",6,2021,24.822695035461,2,10.6352040394594
"orng-12",6,2022,24.822695035461,2,10.6352040394594
"orng-12",6,2023,24.822695035461,2,10.6352040394594
"orng-12",6,2024,24.822695035461,2,10.6352040394594
"orng-12",6,2025,24.822695035461,2,10.6352040394594
"orng-12",7,1999,0.72463768115942,2,9.22139223711843
"orng-12",7,2000,0.72463768115942,2,9.04408727257943
"orng-12",7,2001,0.72463768115942,2,9.04408727257943
"orng-12",8,1999,2.7972027972028,2,9.22139223711843
"orng-12",8,2000,2.7972027972028,2,9.04408727257943
"orng-12",8,2001,2.7972027972028,2,9.04408727257943
"orng-12",8,2002,2.7972027972028,2,11.8172371363861
"orng-12",8,2003,2.7972027972028,2,11.8172371363861
"orng-12",8,2004,2.7972027972028,2,11.8172371363861
"orng-12",8,2005,2.7972027972028,2,11.8172371363861
"orng-12",8,2006,2.7972027972028,2,11.5808305170007
"orng-12",8,2007,2.7972027972028,2,11.5808305170007
"orng-12",8,2008,2.7972027972028,2,11.5808305170007
"orng-12",8,2009,2.7972027972028,2,11.5808305170007
"orng-12",8,2010,2.7972027972028,2,11.3444238976154
"orng-12",8,2011,2.7972027972028,2,11.3444238976154
"orng-12",8,2012,2.7972027972028,2,11.3444238976154
"orng-12",8,2013,2.7972027972028,2,10.8716106588447
"orng-12",8,2014,2.7972027972028,2,10.8716106588447
"orng-12",8,2015,2.7972027972028,2,10.8716106588447
"orng-12",8,2016,2.7972027972028,2,10.8716106588447
"orng-12",8,2017,2.7972027972028,2,10.8716106588447
"orng-12",8,2018,2.7972027972028,2,10.8716106588447
"orng-12",8,2019,2.7972027972028,2,10.8716106588447
"orng-12",8,2020,2.7972027972028,2,10.6352040394594
"orng-12",8,2021,2.7972027972028,2,10.6352040394594
"orng-12",8,2022,2.7972027972028,2,10.6352040394594
"orng-12",8,2023,2.7972027972028,2,10.6352040394594
"orng-12",8,2024,2.7972027972028,2,10.6352040394594
"orng-12",8,2025,2.7972027972028,2,10.6352040394594
"orng-12",9,1999,4.28571428571429,2,9.22139223711843
"orng-12",9,2000,4.28571428571429,2,9.04408727257943
"orng-12",9,2001,4.28571428571429,2,9.04408727257943
"orng-12",9,2002,4.28571428571429,2,11.8172371363861
"orng-12",9,2003,4.28571428571429,2,11.8172371363861
"orng-12",9,2004,4.28571428571429,2,11.8172371363861
"orng-12",9,2005,4.28571428571429,2,11.8172371363861
"orng-12",9,2006,4.28571428571429,2,11.5808305170007
"orng-12",9,2007,4.28571428571429,2,11.5808305170007
"orng-12",9,2008,4.28571428571429,2,11.5808305170007
"orng-12",9,2009,4.28571428571429,2,11.5808305170007
"orng-12",9,2010,4.28571428571429,2,11.3444238976154
"orng-12",9,2011,4.28571428571429,2,11.3444238976154
"orng-12",9,2012,4.28571428571429,2,11.3444238976154
"orng-12",9,2013,4.28571428571429,2,10.8716106588447
"orng-12",9,2014,4.28571428571429,2,10.8716106588447
"orng-12",9,2015,4.28571428571429,2,10.8716106588447
"orng-12",9,2016,4.28571428571429,2,10.8716106588447
"orng-12",9,2017,4.28571428571429,2,10.8716106588447
"orng-12",9,2018,4.28571428571429,2,10.8716106588447
"orng-12",9,2019,4.28571428571429,2,10.8716106588447
"orng-12",9,2020,4.28571428571429,2,10.6352040394594
"orng-12",9,2021,4.28571428571429,2,10.6352040394594
"orng-12",9,2022,4.28571428571429,2,10.6352040394594
"orng-12",9,2023,4.28571428571429,2,10.6352040394594
"orng-12",9,2024,4.28571428571429,2,10.6352040394594
"orng-12",9,2025,4.28571428571429,2,10.6352040394594
"orng-12",12,1999,2.17391304347826,3,5.59661429043629
"orng-12",12,2000,0.72463768115942,3,5.23429544985658
"orng-12",13,1999,2.15827338129496,3,5.59661429043629
"orng-12",13,2000,2.15827338129496,3,5.23429544985658
"orng-12",13,2001,2.15827338129496,3,6.73751470608896
"orng-12",13,2002,2.15827338129496,3,6.73751470608896
"orng-12",13,2003,2.15827338129496,3,6.73751470608896
"orng-12",13,2004,2.15827338129496,3,6.73751470608896
"orng-12",13,2005,2.15827338129496,3,6.73751470608896
"orng-12",13,2006,2.15827338129496,3,6.73751470608896
"orng-12",13,2007,2.15827338129496,3,6.73751470608896
"orng-12",13,2008,2.15827338129496,3,6.73751470608896
"orng-12",13,2009,2.15827338129496,3,6.73751470608896
"orng-12",13,2010,2.15827338129496,3,6.73751470608896
"orng-12",13,2011,2.15827338129496,3,6.73751470608896
"orng-12",13,2012,2.15827338129496,3,6.97906059980877
"orng-12",13,2013,2.15827338129496,3,6.97906059980877
"orng-12",13,2014,1.43884892086331,3,6.73925244633155
"orng-12",13,2015,1.43884892086331,3,6.73925244633155
"orng-12",13,2016,1.43884892086331,3,6.73925244633155
"orng-12",13,2017,1.43884892086331,3,6.73925244633155
"orng-12",13,2018,1.43884892086331,3,6.73925244633155
"orng-12",13,2019,1.43884892086331,3,6.98079834005136
"orng-12",13,2020,1.43884892086331,3,6.49770655261175
"orng-12",13,2021,1.43884892086331,3,6.01461476517213
"orng-12",13,2022,1.43884892086331,3,5.53666225206699
"orng-12",13,2023,1.43884892086331,3,5.29511635834718
"orng-12",13,2024,1.43884892086331,3,5.29511635834718
"orng-12",13,2025,1.43884892086331,3,5.29511635834718
"orng-12",14,1999,2.83687943262411,3,5.59661429043629
"orng-12",14,2000,2.83687943262411,3,5.23429544985658
"orng-12",14,2001,2.83687943262411,3,6.73751470608896
"orng-12",14,2002,2.83687943262411,3,6.73751470608896
"orng-12",14,2003,2.83687943262411,3,6.73751470608896
"orng-12",14,2004,2.83687943262411,3,6.73751470608896
"orng-12",14,2005,2.83687943262411,3,6.73751470608896
"orng-12",14,2006,2.83687943262411,3,6.73751470608896
"orng-12",14,2007,2.83687943262411,3,6.73751470608896
"orng-12",14,2008,2.83687943262411,3,6.73751470608896
"orng-12",14,2009,2.83687943262411,3,6.73751470608896
"orng-12",14,2010,2.83687943262411,3,6.73751470608896
"orng-12",14,2011,2.83687943262411,3,6.73751470608896
"orng-12",14,2012,2.83687943262411,3,6.97906059980877
"orng-12",14,2013,2.83687943262411,3,6.97906059980877
"orng-12",14,2014,2.83687943262411,3,6.73925244633155
"orng-12",14,2015,2.83687943262411,3,6.73925244633155
"orng-12",14,2016,2.83687943262411,3,6.73925244633155
"orng-12",14,2017,2.83687943262411,3,6.73925244633155
"orng-12",14,2018,2.83687943262411,3,6.73925244633155
"orng-12",14,2019,2.83687943262411,3,6.98079834005136
"orng-12",14,2020,2.83687943262411,3,6.49770655261175
"orng-12",14,2021,2.83687943262411,3,6.01461476517213
"orng-12",14,2022,2.12765957446809,3,5.53666225206699
"orng-12",14,2023,2.12765957446809,3,5.29511635834718
"orng-12",14,2024,2.12765957446809,3,5.29511635834718
"orng-12",14,2025,2.12765957446809,3,5.29511635834718
"orng-12",15,1999,15.2173913043478,3,5.59661429043629
"orng-12",15,2000,15.2173913043478,3,5.23429544985658
"orng-12",15,2001,15.2173913043478,3,6.73751470608896
"orng-12",15,2002,15.2173913043478,3,6.73751470608896
"orng-12",15,2003,15.2173913043478,3,6.73751470608896
"orng-12",15,2004,15.2173913043478,3,6.73751470608896
"orng-12",15,2005,15.2173913043478,3,6.73751470608896
"orng-12",15,2006,15.2173913043478,3,6.73751470608896
"orng-12",15,2007,15.2173913043478,3,6.73751470608896
"orng-12",15,2008,15.2173913043478,3,6.73751470608896
"orng-12",15,2009,15.2173913043478,3,6.73751470608896
"orng-12",15,2010,15.2173913043478,3,6.73751470608896
"orng-12",15,2011,15.2173913043478,3,6.73751470608896
"orng-12",15,2012,15.9420289855072,3,6.97906059980877
"orng-12",15,2013,15.9420289855072,3,6.97906059980877
"orng-12",15,2014,15.9420289855072,3,6.73925244633155
"orng-12",15,2015,15.9420289855072,3,6.73925244633155
"orng-12",15,2016,15.9420289855072,3,6.73925244633155
"orng-12",15,2017,15.9420289855072,3,6.73925244633155
"orng-12",15,2018,15.9420289855072,3,6.73925244633155
"orng-12",15,2019,16.6666666666667,3,6.98079834005136
"orng-12",15,2020,15.2173913043478,3,6.49770655261175
"orng-12",15,2021,13.768115942029,3,6.01461476517213
"orng-12",15,2022,13.0434782608696,3,5.53666225206699
"orng-12",15,2023,12.3188405797101,3,5.29511635834718
"orng-12",15,2024,12.3188405797101,3,5.29511635834718
"orng-12",15,2025,12.3188405797101,3,5.29511635834718
"orng-12",16,1999,20.1438848920863,4,39.8101642909275
"orng-12",16,2000,20.1438848920863,4,39.8101642909275
"orng-12",16,2001,20.1438848920863,4,39.6662793988412
"orng-12",16,2002,20.1438848920863,4,39.8101642909275
"orng-12",16,2003,20.1438848920863,4,39.8101642909275
"orng-12",16,2004,20.1438848920863,4,39.9540491830138
"orng-12",16,2005,20.1438848920863,4,39.8101642909275
"orng-12",16,2006,20.1438848920863,4,39.9540491830138
"orng-12",16,2007,20.1438848920863,4,38.514157618005
"orng-12",16,2008,20.1438848920863,4,38.514157618005
"orng-12",16,2009,20.1438848920863,4,38.514157618005
"orng-12",16,2010,20.1438848920863,4,38.082502941746
"orng-12",16,2011,20.1438848920863,4,38.082502941746
"orng-12",16,2012,20.1438848920863,4,38.082502941746
"orng-12",16,2013,20.1438848920863,4,38.082502941746
"orng-12",16,2014,20.1438848920863,4,38.082502941746
"orng-12",16,2015,20.1438848920863,4,37.9386180496596
"orng-12",16,2016,20.1438848920863,4,37.9386180496596
"orng-12",16,2017,20.1438848920863,4,37.9386180496596
"orng-12",16,2018,20.1438848920863,4,37.9386180496596
"orng-12",16,2019,20.1438848920863,4,37.7947331575733
"orng-12",16,2020,20.1438848920863,4,37.7947331575733
"orng-12",16,2021,20.1438848920863,4,37.7947331575733
"orng-12",16,2022,20.1438848920863,4,37.9386180496597
"orng-12",16,2023,20.1438848920863,4,37.9386180496597
"orng-12",16,2024,20.1438848920863,4,37.9386180496597
"orng-12",16,2025,20.1438848920863,4,37.9386180496597
"orng-12",17,1999,17.9856115107914,4,39.8101642909275
"orng-12",17,2000,17.9856115107914,4,39.8101642909275
"orng-12",17,2001,17.2661870503597,4,39.6662793988412
"orng-12",17,2002,17.9856115107914,4,39.8101642909275
"orng-12",17,2003,17.9856115107914,4,39.8101642909275
"orng-12",17,2004,18.705035971223,4,39.9540491830138
"orng-12",17,2005,17.9856115107914,4,39.8101642909275
"orng-12",17,2006,18.705035971223,4,39.9540491830138
"orng-12",17,2007,12.2302158273381,4,38.514157618005
"orng-12",17,2008,12.2302158273381,4,38.514157618005
"orng-12",17,2009,12.2302158273381,4,38.514157618005
"orng-12",17,2010,10.0719424460432,4,38.082502941746
"orng-12",17,2011,10.0719424460432,4,38.082502941746
"orng-12",17,2012,10.0719424460432,4,38.082502941746
"orng-12",17,2013,10.0719424460432,4,38.082502941746
"orng-12",17,2014,10.0719424460432,4,38.082502941746
"orng-12",17,2015,9.35251798561151,4,37.9386180496596
"orng-12",17,2016,9.35251798561151,4,37.9386180496596
"orng-12",17,2017,9.35251798561151,4,37.9386180496596
"orng-12",17,2018,9.35251798561151,4,37.9386180496596
"orng-12",17,2019,8.63309352517985,4,37.7947331575733
"orng-12",17,2020,8.63309352517985,4,37.7947331575733
"orng-12",17,2021,8.63309352517985,4,37.7947331575733
"orng-12",17,2022,9.35251798561151,4,37.9386180496597
"orng-12",17,2023,9.35251798561151,4,37.9386180496597
"orng-12",17,2024,9.35251798561151,4,37.9386180496597
"orng-12",17,2025,9.35251798561151,4,37.9386180496597
"orng-12",18,1999,20.7142857142857,4,39.8101642909275
"orng-12",18,2000,20.7142857142857,4,39.8101642909275
"orng-12",18,2001,20.7142857142857,4,39.6662793988412
"orng-12",18,2002,20.7142857142857,4,39.8101642909275
"orng-12",18,2003,20.7142857142857,4,39.8101642909275
"orng-12",18,2004,20.7142857142857,4,39.9540491830138
"orng-12",18,2005,20.7142857142857,4,39.8101642909275
"orng-12",18,2006,20.7142857142857,4,39.9540491830138
"orng-12",18,2007,20.7142857142857,4,38.514157618005
"orng-12",18,2008,20.7142857142857,4,38.514157618005
"orng-12",18,2009,20.7142857142857,4,38.514157618005
"orng-12",18,2010,20.7142857142857,4,38.082502941746
"orng-12",18,2011,20.7142857142857,4,38.082502941746
"orng-12",18,2012,20.7142857142857,4,38.082502941746
"orng-12",18,2013,20.7142857142857,4,38.082502941746
"orng-12",18,2014,20.7142857142857,4,38.082502941746
"orng-12",18,2015,20.7142857142857,4,37.9386180496596
"orng-12",18,2016,20.7142857142857,4,37.9386180496596
"orng-12",18,2017,20.7142857142857,4,37.9386180496596
"orng-12",18,2018,20.7142857142857,4,37.9386180496596
"orng-12",18,2019,20.7142857142857,4,37.7947331575733
"orng-12",18,2020,20.7142857142857,4,37.7947331575733
"orng-12",18,2021,20.7142857142857,4,37.7947331575733
"orng-12",18,2022,20.7142857142857,4,37.9386180496597
"orng-12",18,2023,20.7142857142857,4,37.9386180496597
"orng-12",18,2024,20.7142857142857,4,37.9386180496597
"orng-12",18,2025,20.7142857142857,4,37.9386180496597
"orng-12",19,1999,64.4927536231884,4,39.8101642909275
"orng-12",19,2000,64.4927536231884,4,39.8101642909275
"orng-12",19,2001,64.4927536231884,4,39.6662793988412
"orng-12",19,2002,64.4927536231884,4,39.8101642909275
"orng-12",19,2003,64.4927536231884,4,39.8101642909275
"orng-12",19,2004,64.4927536231884,4,39.9540491830138
"orng-12",19,2005,64.4927536231884,4,39.8101642909275
"orng-12",19,2006,64.4927536231884,4,39.9540491830138
"orng-12",19,2007,63.768115942029,4,38.514157618005
"orng-12",19,2008,63.768115942029,4,38.514157618005
"orng-12",19,2009,63.768115942029,4,38.514157618005
"orng-12",19,2010,63.768115942029,4,38.082502941746
"orng-12",19,2011,63.768115942029,4,38.082502941746
"orng-12",19,2012,63.768115942029,4,38.082502941746
"orng-12",19,2013,63.768115942029,4,38.082502941746
"orng-12",19,2014,63.768115942029,4,38.082502941746
"orng-12",19,2015,63.768115942029,4,37.9386180496596
"orng-12",19,2016,63.768115942029,4,37.9386180496596
"orng-12",19,2017,63.768115942029,4,37.9386180496596
"orng-12",19,2018,63.768115942029,4,37.9386180496596
"orng-12",19,2019,63.768115942029,4,37.7947331575733
"orng-12",19,2020,63.768115942029,4,37.7947331575733
"orng-12",19,2021,63.768115942029,4,37.7947331575733
"orng-12",19,2022,63.768115942029,4,37.9386180496597
"orng-12",19,2023,63.768115942029,4,37.9386180496597
"orng-12",19,2024,63.768115942029,4,37.9386180496597
"orng-12",19,2025,63.768115942029,4,37.9386180496597
"orng-12",20,1999,75.7142857142857,4,39.8101642909275
"orng-12",20,2000,75.7142857142857,4,39.8101642909275
"orng-12",20,2001,75.7142857142857,4,39.6662793988412
"orng-12",20,2002,75.7142857142857,4,39.8101642909275
"orng-12",20,2003,75.7142857142857,4,39.8101642909275
"orng-12",20,2004,75.7142857142857,4,39.9540491830138
"orng-12",20,2005,75.7142857142857,4,39.8101642909275
"orng-12",20,2006,75.7142857142857,4,39.9540491830138
"orng-12",20,2007,75.7142857142857,4,38.514157618005
"orng-12",20,2008,75.7142857142857,4,38.514157618005
"orng-12",20,2009,75.7142857142857,4,38.514157618005
"orng-12",20,2010,75.7142857142857,4,38.082502941746
"orng-12",20,2011,75.7142857142857,4,38.082502941746
"orng-12",20,2012,75.7142857142857,4,38.082502941746
"orng-12",20,2013,75.7142857142857,4,38.082502941746
"orng-12",20,2014,75.7142857142857,4,38.082502941746
"orng-12",20,2015,75.7142857142857,4,37.9386180496596
"orng-12",20,2016,75.7142857142857,4,37.9386180496596
"orng-12",20,2017,75.7142857142857,4,37.9386180496596
"orng-12",20,2018,75.7142857142857,4,37.9386180496596
"orng-12",20,2019,75.7142857142857,4,37.7947331575733
"orng-12",20,2020,75.7142857142857,4,37.7947331575733
"orng-12",20,2021,75.7142857142857,4,37.7947331575733
"orng-12",20,2022,75.7142857142857,4,37.9386180496597
"orng-12",20,2023,75.7142857142857,4,37.9386180496597
"orng-12",20,2024,75.7142857142857,4,37.9386180496597
"orng-12",20,2025,75.7142857142857,4,37.9386180496597
