"route","stop_num","year","perc_grassland_stop","quarter_route","perc_grassland_quarter"
"cthm-01",1,1999,2.15827338129496,1,15.8656553018455
"cthm-01",1,2000,2.15827338129496,1,15.8656553018455
"cthm-01",1,2001,2.15827338129496,1,16.7714524032948
"cthm-01",1,2002,2.15827338129496,1,19.4888437076426
"cthm-01",1,2003,2.15827338129496,1,19.4888437076426
"cthm-01",1,2004,2.15827338129496,1,19.4888437076426
"cthm-01",1,2005,2.15827338129496,1,19.667415136214
"cthm-01",1,2006,2.15827338129496,1,19.667415136214
"cthm-01",1,2007,2.15827338129496,1,19.4862557159242
"cthm-01",1,2008,2.15827338129496,1,19.3076842873527
"cthm-01",1,2009,2.15827338129496,1,19.3076842873527
"cthm-01",1,2010,2.15827338129496,1,19.1265248670629
"cthm-01",1,2011,2.15827338129496,1,19.1265248670629
"cthm-01",1,2012,2.15827338129496,1,19.1265248670629
"cthm-01",1,2013,2.15827338129496,1,19.1265248670629
"cthm-01",1,2014,2.15827338129496,1,19.1265248670629
"cthm-01",1,2015,2.15827338129496,1,18.76938200992
"cthm-01",1,2016,2.15827338129496,1,18.76938200992
"cthm-01",1,2017,2.15827338129496,1,18.5908105813486
"cthm-01",1,2018,2.15827338129496,1,18.5908105813486
"cthm-01",1,2019,2.15827338129496,1,18.76938200992
"cthm-01",1,2020,2.15827338129496,1,18.5908105813486
"cthm-01",1,2021,2.15827338129496,1,18.4122391527772
"cthm-01",1,2022,2.15827338129496,1,18.2336677242057
"cthm-01",1,2023,2.15827338129496,1,18.2336677242057
"cthm-01",1,2024,2.15827338129496,1,18.2336677242057
"cthm-01",1,2025,2.15827338129496,1,18.2336677242057
"cthm-01",2,1999,41.3043478260869,1,15.8656553018455
"cthm-01",2,2000,41.304347826087,1,15.8656553018455
"cthm-01",2,2001,44.927536231884,1,16.7714524032948
"cthm-01",2,2002,55.7971014492754,1,19.4888437076426
"cthm-01",2,2003,55.7971014492754,1,19.4888437076426
"cthm-01",2,2004,55.7971014492754,1,19.4888437076426
"cthm-01",2,2005,55.7971014492754,1,19.667415136214
"cthm-01",2,2006,55.7971014492754,1,19.667415136214
"cthm-01",2,2007,55.0724637681159,1,19.4862557159242
"cthm-01",2,2008,55.0724637681159,1,19.3076842873527
"cthm-01",2,2009,55.0724637681159,1,19.3076842873527
"cthm-01",2,2010,54.3478260869566,1,19.1265248670629
"cthm-01",2,2011,54.3478260869566,1,19.1265248670629
"cthm-01",2,2012,54.3478260869565,1,19.1265248670629
"cthm-01",2,2013,54.3478260869566,1,19.1265248670629
"cthm-01",2,2014,54.3478260869566,1,19.1265248670629
"cthm-01",2,2015,54.3478260869566,1,18.76938200992
"cthm-01",2,2016,54.3478260869565,1,18.76938200992
"cthm-01",2,2017,54.3478260869565,1,18.5908105813486
"cthm-01",2,2018,54.3478260869565,1,18.5908105813486
"cthm-01",2,2019,54.3478260869565,1,18.76938200992
"cthm-01",2,2020,54.3478260869565,1,18.5908105813486
"cthm-01",2,2021,54.3478260869565,1,18.4122391527772
"cthm-01",2,2022,54.3478260869566,1,18.2336677242057
"cthm-01",2,2023,54.3478260869566,1,18.2336677242057
"cthm-01",2,2024,54.3478260869565,1,18.2336677242057
"cthm-01",2,2025,54.3478260869565,1,18.2336677242057
"cthm-01",3,1999,7.14285714285714,1,15.8656553018455
"cthm-01",3,2000,7.14285714285714,1,15.8656553018455
"cthm-01",3,2001,7.14285714285714,1,16.7714524032948
"cthm-01",3,2002,7.14285714285714,1,19.4888437076426
"cthm-01",3,2003,7.14285714285714,1,19.4888437076426
"cthm-01",3,2004,7.14285714285714,1,19.4888437076426
"cthm-01",3,2005,7.85714285714286,1,19.667415136214
"cthm-01",3,2006,7.85714285714286,1,19.667415136214
"cthm-01",3,2007,7.85714285714286,1,19.4862557159242
"cthm-01",3,2008,7.85714285714286,1,19.3076842873527
"cthm-01",3,2009,7.85714285714286,1,19.3076842873527
"cthm-01",3,2010,7.85714285714286,1,19.1265248670629
"cthm-01",3,2011,7.85714285714286,1,19.1265248670629
"cthm-01",3,2012,7.85714285714286,1,19.1265248670629
"cthm-01",3,2013,7.85714285714286,1,19.1265248670629
"cthm-01",3,2014,7.85714285714286,1,19.1265248670629
"cthm-01",3,2015,7.85714285714286,1,18.76938200992
"cthm-01",3,2016,7.85714285714286,1,18.76938200992
"cthm-01",3,2017,7.85714285714286,1,18.5908105813486
"cthm-01",3,2018,7.85714285714286,1,18.5908105813486
"cthm-01",3,2019,7.85714285714286,1,18.76938200992
"cthm-01",3,2020,7.85714285714286,1,18.5908105813486
"cthm-01",3,2021,7.85714285714286,1,18.4122391527772
"cthm-01",3,2022,7.14285714285714,1,18.2336677242057
"cthm-01",3,2023,7.14285714285714,1,18.2336677242057
"cthm-01",3,2024,7.14285714285714,1,18.2336677242057
"cthm-01",3,2025,7.14285714285714,1,18.2336677242057
"cthm-01",4,1999,12.8571428571429,1,15.8656553018455
"cthm-01",4,2000,12.8571428571429,1,15.8656553018455
"cthm-01",4,2001,12.8571428571429,1,16.7714524032948
"cthm-01",4,2002,12.8571428571429,1,19.4888437076426
"cthm-01",4,2003,12.8571428571429,1,19.4888437076426
"cthm-01",4,2004,12.8571428571429,1,19.4888437076426
"cthm-01",4,2005,12.8571428571429,1,19.667415136214
"cthm-01",4,2006,12.8571428571429,1,19.667415136214
"cthm-01",4,2007,12.8571428571429,1,19.4862557159242
"cthm-01",4,2008,12.1428571428571,1,19.3076842873527
"cthm-01",4,2009,12.1428571428571,1,19.3076842873527
"cthm-01",4,2010,12.1428571428571,1,19.1265248670629
"cthm-01",4,2011,12.1428571428571,1,19.1265248670629
"cthm-01",4,2012,12.1428571428571,1,19.1265248670629
"cthm-01",4,2013,12.1428571428571,1,19.1265248670629
"cthm-01",4,2014,12.1428571428571,1,19.1265248670629
"cthm-01",4,2015,10.7142857142857,1,18.76938200992
"cthm-01",4,2016,10.7142857142857,1,18.76938200992
"cthm-01",4,2017,10,1,18.5908105813486
"cthm-01",4,2018,10,1,18.5908105813486
"cthm-01",4,2019,10.7142857142857,1,18.76938200992
"cthm-01",4,2020,10,1,18.5908105813486
"cthm-01",4,2021,9.28571428571429,1,18.4122391527772
"cthm-01",4,2022,9.28571428571429,1,18.2336677242057
"cthm-01",4,2023,9.28571428571429,1,18.2336677242057
"cthm-01",4,2024,9.28571428571429,1,18.2336677242057
"cthm-01",4,2025,9.28571428571429,1,18.2336677242057
"cthm-01",7,1999,0.694444444444444,2,2.97751160773509
"cthm-01",7,2000,0.694444444444444,2,2.97751160773509
"cthm-01",7,2001,0.694444444444444,2,2.97751160773509
"cthm-01",7,2002,7.63888888888889,2,4.7136227188462
"cthm-01",7,2003,9.02777777777777,2,5.06084494106842
"cthm-01",7,2004,8.33333333333333,2,4.88723382995731
"cthm-01",7,2005,2.08333333333333,2,3.32473382995731
"cthm-01",7,2006,2.08333333333333,2,3.32473382995731
"cthm-01",7,2007,2.08333333333333,2,3.1448777148494
"cthm-01",7,2008,2.08333333333333,2,3.1448777148494
"cthm-01",7,2009,2.08333333333333,2,3.1448777148494
"cthm-01",7,2010,2.08333333333333,2,3.1448777148494
"cthm-01",7,2011,2.08333333333333,2,2.96502159974148
"cthm-01",7,2012,2.08333333333333,2,2.96502159974148
"cthm-01",7,2013,2.08333333333333,2,2.96502159974148
"cthm-01",7,2014,2.08333333333333,2,4.02885138697553
"cthm-01",7,2015,2.08333333333333,2,4.02885138697553
"cthm-01",7,2016,2.08333333333333,2,3.85154642243652
"cthm-01",7,2017,2.08333333333333,2,2.96502159974148
"cthm-01",7,2018,2.08333333333333,2,2.96502159974148
"cthm-01",7,2019,2.08333333333333,2,2.96502159974148
"cthm-01",7,2020,2.08333333333333,2,2.96502159974148
"cthm-01",7,2021,2.08333333333333,2,2.96502159974148
"cthm-01",7,2022,2.08333333333333,2,2.96871545316938
"cthm-01",7,2023,2.08333333333333,2,2.96871545316938
"cthm-01",7,2024,2.08333333333333,2,2.96871545316938
"cthm-01",7,2025,2.08333333333333,2,3.33352998452302
"cthm-01",8,1999,7.63888888888889,2,2.97751160773509
"cthm-01",8,2000,7.63888888888889,2,2.97751160773509
"cthm-01",8,2001,7.63888888888889,2,2.97751160773509
"cthm-01",8,2002,7.63888888888889,2,4.7136227188462
"cthm-01",8,2003,7.63888888888889,2,5.06084494106842
"cthm-01",8,2004,7.63888888888889,2,4.88723382995731
"cthm-01",8,2005,7.63888888888889,2,3.32473382995731
"cthm-01",8,2006,7.63888888888889,2,3.32473382995731
"cthm-01",8,2007,7.63888888888889,2,3.1448777148494
"cthm-01",8,2008,7.63888888888889,2,3.1448777148494
"cthm-01",8,2009,7.63888888888889,2,3.1448777148494
"cthm-01",8,2010,7.63888888888889,2,3.1448777148494
"cthm-01",8,2011,7.63888888888889,2,2.96502159974148
"cthm-01",8,2012,7.63888888888889,2,2.96502159974148
"cthm-01",8,2013,7.63888888888889,2,2.96502159974148
"cthm-01",8,2014,7.63888888888889,2,4.02885138697553
"cthm-01",8,2015,7.63888888888889,2,4.02885138697553
"cthm-01",8,2016,7.63888888888889,2,3.85154642243652
"cthm-01",8,2017,7.63888888888889,2,2.96502159974148
"cthm-01",8,2018,7.63888888888889,2,2.96502159974148
"cthm-01",8,2019,7.63888888888889,2,2.96502159974148
"cthm-01",8,2020,7.63888888888889,2,2.96502159974148
"cthm-01",8,2021,7.63888888888889,2,2.96502159974148
"cthm-01",8,2022,6.94444444444444,2,2.96871545316938
"cthm-01",8,2023,6.94444444444444,2,2.96871545316938
"cthm-01",8,2024,6.94444444444444,2,2.96871545316938
"cthm-01",8,2025,6.94444444444444,2,3.33352998452302
"cthm-01",9,1999,1.41843971631206,2,2.97751160773509
"cthm-01",9,2000,1.41843971631206,2,2.97751160773509
"cthm-01",9,2001,1.41843971631206,2,2.97751160773509
"cthm-01",9,2002,1.41843971631206,2,4.7136227188462
"cthm-01",9,2003,1.41843971631206,2,5.06084494106842
"cthm-01",9,2004,1.41843971631206,2,4.88723382995731
"cthm-01",9,2005,1.41843971631206,2,3.32473382995731
"cthm-01",9,2006,1.41843971631206,2,3.32473382995731
"cthm-01",9,2007,1.41843971631206,2,3.1448777148494
"cthm-01",9,2008,1.41843971631206,2,3.1448777148494
"cthm-01",9,2009,1.41843971631206,2,3.1448777148494
"cthm-01",9,2010,1.41843971631206,2,3.1448777148494
"cthm-01",9,2011,1.41843971631206,2,2.96502159974148
"cthm-01",9,2012,1.41843971631206,2,2.96502159974148
"cthm-01",9,2013,1.41843971631206,2,2.96502159974148
"cthm-01",9,2014,5.67375886524823,2,4.02885138697553
"cthm-01",9,2015,5.67375886524823,2,4.02885138697553
"cthm-01",9,2016,4.9645390070922,2,3.85154642243652
"cthm-01",9,2017,1.41843971631206,2,2.96502159974148
"cthm-01",9,2018,1.41843971631206,2,2.96502159974148
"cthm-01",9,2019,1.41843971631206,2,2.96502159974148
"cthm-01",9,2020,1.41843971631206,2,2.96502159974148
"cthm-01",9,2021,1.41843971631206,2,2.96502159974148
"cthm-01",9,2022,2.12765957446809,2,2.96871545316938
"cthm-01",9,2023,2.12765957446809,2,2.96871545316938
"cthm-01",9,2024,2.12765957446809,2,2.96871545316938
"cthm-01",9,2025,0.709219858156028,2,3.33352998452302
"cthm-01",10,1999,2.15827338129496,2,2.97751160773509
"cthm-01",10,2000,2.15827338129496,2,2.97751160773509
"cthm-01",10,2001,2.15827338129496,2,2.97751160773509
"cthm-01",10,2002,2.15827338129496,2,4.7136227188462
"cthm-01",10,2003,2.15827338129496,2,5.06084494106842
"cthm-01",10,2004,2.15827338129496,2,4.88723382995731
"cthm-01",10,2005,2.15827338129496,2,3.32473382995731
"cthm-01",10,2006,2.15827338129496,2,3.32473382995731
"cthm-01",10,2007,1.43884892086331,2,3.1448777148494
"cthm-01",10,2008,1.43884892086331,2,3.1448777148494
"cthm-01",10,2009,1.43884892086331,2,3.1448777148494
"cthm-01",10,2010,1.43884892086331,2,3.1448777148494
"cthm-01",10,2011,0.719424460431655,2,2.96502159974148
"cthm-01",10,2012,0.719424460431655,2,2.96502159974148
"cthm-01",10,2013,0.719424460431655,2,2.96502159974148
"cthm-01",10,2014,0.719424460431655,2,4.02885138697553
"cthm-01",10,2015,0.719424460431655,2,4.02885138697553
"cthm-01",10,2016,0.719424460431655,2,3.85154642243652
"cthm-01",10,2017,0.719424460431655,2,2.96502159974148
"cthm-01",10,2018,0.719424460431655,2,2.96502159974148
"cthm-01",10,2019,0.719424460431655,2,2.96502159974148
"cthm-01",10,2020,0.719424460431655,2,2.96502159974148
"cthm-01",10,2021,0.719424460431655,2,2.96502159974148
"cthm-01",10,2022,0.719424460431655,2,2.96871545316938
"cthm-01",10,2023,0.719424460431655,2,2.96871545316938
"cthm-01",10,2024,0.719424460431655,2,2.96871545316938
"cthm-01",10,2025,3.59712230215827,2,3.33352998452302
"cthm-01",11,1999,2.18978102189781,3,8.82511976545616
"cthm-01",11,2000,2.18978102189781,3,8.82511976545616
"cthm-01",11,2001,2.18978102189781,3,8.5352646929924
"cthm-01",11,2002,2.18978102189781,3,8.5352646929924
"cthm-01",11,2003,2.91970802919708,3,8.68125009445225
"cthm-01",11,2004,3.64963503649635,3,8.82723549591211
"cthm-01",11,2005,3.64963503649635,3,8.82723549591211
"cthm-01",11,2006,4.37956204379562,3,8.97322089737196
"cthm-01",11,2007,3.64963503649635,3,8.82723549591211
"cthm-01",11,2008,3.64963503649635,3,8.68230795968023
"cthm-01",11,2009,3.64963503649635,3,12.1605688292454
"cthm-01",11,2010,3.64963503649635,3,15.204047090115
"cthm-01",11,2011,3.64963503649635,3,14.3344818727237
"cthm-01",11,2012,3.64963503649635,3,12.8852065104049
"cthm-01",11,2013,3.64963503649635,3,9.26201810460775
"cthm-01",11,2014,3.64963503649635,3,7.81274274228892
"cthm-01",11,2015,3.64963503649635,3,7.52288766982515
"cthm-01",11,2016,3.64963503649635,3,7.23303259736139
"cthm-01",11,2017,3.64963503649635,3,7.23303259736139
"cthm-01",11,2018,3.64963503649635,3,7.23303259736139
"cthm-01",11,2019,3.64963503649635,3,7.23303259736137
"cthm-01",11,2020,3.64963503649635,3,7.6616040259328
"cthm-01",11,2021,3.64963503649635,3,7.65953363255806
"cthm-01",11,2022,3.64963503649635,3,7.51667648970092
"cthm-01",11,2023,3.64963503649635,3,9.23510299073612
"cthm-01",11,2024,3.64963503649635,3,8.94731831164709
"cthm-01",11,2025,3.64963503649635,3,8.65953363255806
"cthm-01",12,1999,29.7101449275362,3,8.82511976545616
"cthm-01",12,2000,29.7101449275362,3,8.82511976545616
"cthm-01",12,2001,28.2608695652174,3,8.5352646929924
"cthm-01",12,2002,28.2608695652174,3,8.5352646929924
"cthm-01",12,2003,28.2608695652174,3,8.68125009445225
"cthm-01",12,2004,28.2608695652174,3,8.82723549591211
"cthm-01",12,2005,28.2608695652174,3,8.82723549591211
"cthm-01",12,2006,28.2608695652174,3,8.97322089737196
"cthm-01",12,2007,28.2608695652174,3,8.82723549591211
"cthm-01",12,2008,27.536231884058,3,8.68230795968023
"cthm-01",12,2009,27.536231884058,3,12.1605688292454
"cthm-01",12,2010,27.536231884058,3,15.204047090115
"cthm-01",12,2011,26.0869565217391,3,14.3344818727237
"cthm-01",12,2012,23.9130434782609,3,12.8852065104049
"cthm-01",12,2013,22.463768115942,3,9.26201810460775
"cthm-01",12,2014,21.7391304347826,3,7.81274274228892
"cthm-01",12,2015,21.7391304347826,3,7.52288766982515
"cthm-01",12,2016,20.2898550724638,3,7.23303259736139
"cthm-01",12,2017,20.2898550724638,3,7.23303259736139
"cthm-01",12,2018,20.2898550724638,3,7.23303259736139
"cthm-01",12,2019,19.5652173913043,3,7.23303259736137
"cthm-01",12,2020,19.5652173913043,3,7.6616040259328
"cthm-01",12,2021,18.8405797101449,3,7.65953363255806
"cthm-01",12,2022,18.8405797101449,3,7.51667648970092
"cthm-01",12,2023,18.8405797101449,3,9.23510299073612
"cthm-01",12,2024,18.8405797101449,3,8.94731831164709
"cthm-01",12,2025,18.8405797101449,3,8.65953363255806
"cthm-01",13,1999,6.42857142857143,3,8.82511976545616
"cthm-01",13,2000,6.42857142857143,3,8.82511976545616
"cthm-01",13,2001,6.42857142857143,3,8.5352646929924
"cthm-01",13,2002,6.42857142857143,3,8.5352646929924
"cthm-01",13,2003,6.42857142857143,3,8.68125009445225
"cthm-01",13,2004,6.42857142857143,3,8.82723549591211
"cthm-01",13,2005,6.42857142857143,3,8.82723549591211
"cthm-01",13,2006,6.42857142857143,3,8.97322089737196
"cthm-01",13,2007,6.42857142857143,3,8.82723549591211
"cthm-01",13,2008,6.42857142857143,3,8.68230795968023
"cthm-01",13,2009,6.42857142857143,3,12.1605688292454
"cthm-01",13,2010,6.42857142857143,3,15.204047090115
"cthm-01",13,2011,6.42857142857143,3,14.3344818727237
"cthm-01",13,2012,6.42857142857143,3,12.8852065104049
"cthm-01",13,2013,6.42857142857143,3,9.26201810460775
"cthm-01",13,2014,6.42857142857143,3,7.81274274228892
"cthm-01",13,2015,6.42857142857143,3,7.52288766982515
"cthm-01",13,2016,6.42857142857143,3,7.23303259736139
"cthm-01",13,2017,6.42857142857143,3,7.23303259736139
"cthm-01",13,2018,6.42857142857143,3,7.23303259736139
"cthm-01",13,2019,6.42857142857143,3,7.23303259736137
"cthm-01",13,2020,8.57142857142857,3,7.6616040259328
"cthm-01",13,2021,9.28571428571428,3,7.65953363255806
"cthm-01",13,2022,8.57142857142857,3,7.51667648970092
"cthm-01",13,2023,15.7142857142857,3,9.23510299073612
"cthm-01",13,2024,15,3,8.94731831164709
"cthm-01",13,2025,14.2857142857143,3,8.65953363255806
"cthm-01",14,1999,3.6231884057971,3,8.82511976545616
"cthm-01",14,2000,3.6231884057971,3,8.82511976545616
"cthm-01",14,2001,3.6231884057971,3,8.5352646929924
"cthm-01",14,2002,3.6231884057971,3,8.5352646929924
"cthm-01",14,2003,3.6231884057971,3,8.68125009445225
"cthm-01",14,2004,3.6231884057971,3,8.82723549591211
"cthm-01",14,2005,3.6231884057971,3,8.82723549591211
"cthm-01",14,2006,3.6231884057971,3,8.97322089737196
"cthm-01",14,2007,3.6231884057971,3,8.82723549591211
"cthm-01",14,2008,3.6231884057971,3,8.68230795968023
"cthm-01",14,2009,21.0144927536232,3,12.1605688292454
"cthm-01",14,2010,20.2898550724638,3,15.204047090115
"cthm-01",14,2011,17.3913043478261,3,14.3344818727237
"cthm-01",14,2012,14.4927536231884,3,12.8852065104049
"cthm-01",14,2013,8.69565217391304,3,9.26201810460775
"cthm-01",14,2014,5.07246376811594,3,7.81274274228892
"cthm-01",14,2015,3.6231884057971,3,7.52288766982515
"cthm-01",14,2016,3.6231884057971,3,7.23303259736139
"cthm-01",14,2017,3.6231884057971,3,7.23303259736139
"cthm-01",14,2018,3.6231884057971,3,7.23303259736139
"cthm-01",14,2019,4.34782608695652,3,7.23303259736137
"cthm-01",14,2020,4.34782608695652,3,7.6616040259328
"cthm-01",14,2021,4.34782608695652,3,7.65953363255806
"cthm-01",14,2022,4.34782608695652,3,7.51667648970092
"cthm-01",14,2023,5.79710144927536,3,9.23510299073612
"cthm-01",14,2024,5.07246376811594,3,8.94731831164709
"cthm-01",14,2025,4.34782608695652,3,8.65953363255806
"cthm-01",15,1999,2.17391304347826,3,8.82511976545616
"cthm-01",15,2000,2.17391304347826,3,8.82511976545616
"cthm-01",15,2001,2.17391304347826,3,8.5352646929924
"cthm-01",15,2002,2.17391304347826,3,8.5352646929924
"cthm-01",15,2003,2.17391304347826,3,8.68125009445225
"cthm-01",15,2004,2.17391304347826,3,8.82723549591211
"cthm-01",15,2005,2.17391304347826,3,8.82723549591211
"cthm-01",15,2006,2.17391304347826,3,8.97322089737196
"cthm-01",15,2007,2.17391304347826,3,8.82723549591211
"cthm-01",15,2008,2.17391304347826,3,8.68230795968023
"cthm-01",15,2009,2.17391304347826,3,12.1605688292454
"cthm-01",15,2010,18.1159420289855,3,15.204047090115
"cthm-01",15,2011,18.1159420289855,3,14.3344818727237
"cthm-01",15,2012,15.9420289855073,3,12.8852065104049
"cthm-01",15,2013,5.07246376811594,3,9.26201810460775
"cthm-01",15,2014,2.17391304347826,3,7.81274274228892
"cthm-01",15,2015,2.17391304347826,3,7.52288766982515
"cthm-01",15,2016,2.17391304347826,3,7.23303259736139
"cthm-01",15,2017,2.17391304347826,3,7.23303259736139
"cthm-01",15,2018,2.17391304347826,3,7.23303259736139
"cthm-01",15,2019,2.17391304347826,3,7.23303259736137
"cthm-01",15,2020,2.17391304347826,3,7.6616040259328
"cthm-01",15,2021,2.17391304347826,3,7.65953363255806
"cthm-01",15,2022,2.17391304347826,3,7.51667648970092
"cthm-01",15,2023,2.17391304347826,3,9.23510299073612
"cthm-01",15,2024,2.17391304347826,3,8.94731831164709
"cthm-01",15,2025,2.17391304347826,3,8.65953363255806
"cthm-01",16,1999,0.714285714285714,4,12.5451979898835
"cthm-01",16,2000,0.714285714285714,4,12.6890828819698
"cthm-01",16,2001,0.714285714285714,4,12.1135433136245
"cthm-01",16,2002,0.714285714285714,4,9.09091793566601
"cthm-01",16,2003,0.714285714285714,4,9.09091793566601
"cthm-01",16,2004,0.714285714285714,4,8.94703304357968
"cthm-01",16,2005,0.714285714285714,4,8.65926325940702
"cthm-01",16,2006,0.714285714285714,4,8.80314815149335
"cthm-01",16,2007,0.714285714285714,4,8.65926325940701
"cthm-01",16,2008,0.714285714285714,4,8.80419079563889
"cthm-01",16,2009,0.714285714285714,4,8.22865122729356
"cthm-01",16,2010,0.714285714285714,4,8.22865122729356
"cthm-01",16,2011,0.714285714285714,4,8.22865122729357
"cthm-01",16,2012,0.714285714285714,4,7.65311165894824
"cthm-01",16,2013,0.714285714285714,4,6.78980230643026
"cthm-01",16,2014,0.714285714285714,4,6.21426273808493
"cthm-01",16,2015,0.714285714285714,4,6.0703778459986
"cthm-01",16,2016,0.714285714285714,4,5.78260806182594
"cthm-01",16,2017,0.714285714285714,4,5.63663788144851
"cthm-01",16,2018,0.714285714285714,4,5.63559523730296
"cthm-01",16,2019,0.714285714285714,4,5.3478254531303
"cthm-01",16,2020,0.714285714285714,4,5.2028979168984
"cthm-01",16,2021,0.714285714285714,4,5.34678280898473
"cthm-01",16,2022,0.714285714285714,4,5.34678280898473
"cthm-01",16,2023,2.14285714285714,4,5.63458238299012
"cthm-01",16,2024,0.714285714285714,4,4.77124324063941
"cthm-01",16,2025,1.42857142857143,4,5.05798527558288
"cthm-01",17,1999,19.4244604316547,4,12.5451979898835
"cthm-01",17,2000,20.1438848920863,4,12.6890828819698
"cthm-01",17,2001,17.2661870503597,4,12.1135433136245
"cthm-01",17,2002,2.87769784172662,4,9.09091793566601
"cthm-01",17,2003,2.87769784172662,4,9.09091793566601
"cthm-01",17,2004,2.15827338129496,4,8.94703304357968
"cthm-01",17,2005,2.87769784172662,4,8.65926325940702
"cthm-01",17,2006,3.59712230215827,4,8.80314815149335
"cthm-01",17,2007,3.59712230215827,4,8.65926325940701
"cthm-01",17,2008,3.59712230215827,4,8.80419079563889
"cthm-01",17,2009,2.87769784172662,4,8.22865122729356
"cthm-01",17,2010,2.87769784172662,4,8.22865122729356
"cthm-01",17,2011,6.47482014388489,4,8.22865122729357
"cthm-01",17,2012,6.47482014388489,4,7.65311165894824
"cthm-01",17,2013,4.31654676258993,4,6.78980230643026
"cthm-01",17,2014,2.15827338129496,4,6.21426273808493
"cthm-01",17,2015,2.15827338129496,4,6.0703778459986
"cthm-01",17,2016,1.43884892086331,4,5.78260806182594
"cthm-01",17,2017,2.15827338129496,4,5.63663788144851
"cthm-01",17,2018,2.87769784172662,4,5.63559523730296
"cthm-01",17,2019,1.43884892086331,4,5.3478254531303
"cthm-01",17,2020,2.87769784172662,4,5.2028979168984
"cthm-01",17,2021,3.59712230215827,4,5.34678280898473
"cthm-01",17,2022,3.59712230215827,4,5.34678280898473
"cthm-01",17,2023,2.15827338129496,4,5.63458238299012
"cthm-01",17,2024,0.719424460431655,4,4.77124324063941
"cthm-01",17,2025,1.43884892086331,4,5.05798527558288
"cthm-01",18,1999,22.463768115942,4,12.5451979898835
"cthm-01",18,2000,22.463768115942,4,12.6890828819698
"cthm-01",18,2001,22.463768115942,4,12.1135433136245
"cthm-01",18,2002,21.7391304347826,4,9.09091793566601
"cthm-01",18,2003,21.7391304347826,4,9.09091793566601
"cthm-01",18,2004,21.7391304347826,4,8.94703304357968
"cthm-01",18,2005,21.7391304347826,4,8.65926325940702
"cthm-01",18,2006,21.7391304347826,4,8.80314815149335
"cthm-01",18,2007,21.7391304347826,4,8.65926325940701
"cthm-01",18,2008,22.463768115942,4,8.80419079563889
"cthm-01",18,2009,22.463768115942,4,8.22865122729356
"cthm-01",18,2010,22.463768115942,4,8.22865122729356
"cthm-01",18,2011,22.463768115942,4,8.22865122729357
"cthm-01",18,2012,22.463768115942,4,7.65311165894824
"cthm-01",18,2013,22.463768115942,4,6.78980230643026
"cthm-01",18,2014,22.463768115942,4,6.21426273808493
"cthm-01",18,2015,22.463768115942,4,6.0703778459986
"cthm-01",18,2016,22.463768115942,4,5.78260806182594
"cthm-01",18,2017,21.0144927536232,4,5.63663788144851
"cthm-01",18,2018,20.2898550724638,4,5.63559523730296
"cthm-01",18,2019,20.2898550724638,4,5.3478254531303
"cthm-01",18,2020,19.5652173913043,4,5.2028979168984
"cthm-01",18,2021,19.5652173913043,4,5.34678280898473
"cthm-01",18,2022,19.5652173913043,4,5.34678280898473
"cthm-01",18,2023,21.0144927536231,4,5.63458238299012
"cthm-01",18,2024,19.5652173913043,4,4.77124324063941
"cthm-01",18,2025,19.5652173913043,4,5.05798527558288
"cthm-01",19,1999,1.41843971631206,4,12.5451979898835
"cthm-01",19,2000,1.41843971631206,4,12.6890828819698
"cthm-01",19,2001,1.41843971631206,4,12.1135433136245
"cthm-01",19,2002,1.41843971631206,4,9.09091793566601
"cthm-01",19,2003,1.41843971631206,4,9.09091793566601
"cthm-01",19,2004,1.41843971631206,4,8.94703304357968
"cthm-01",19,2005,1.41843971631206,4,8.65926325940702
"cthm-01",19,2006,1.41843971631206,4,8.80314815149335
"cthm-01",19,2007,1.41843971631206,4,8.65926325940701
"cthm-01",19,2008,1.41843971631206,4,8.80419079563889
"cthm-01",19,2009,1.41843971631206,4,8.22865122729356
"cthm-01",19,2010,1.41843971631206,4,8.22865122729356
"cthm-01",19,2011,1.41843971631206,4,8.22865122729357
"cthm-01",19,2012,1.41843971631206,4,7.65311165894824
"cthm-01",19,2013,1.41843971631206,4,6.78980230643026
"cthm-01",19,2014,1.41843971631206,4,6.21426273808493
"cthm-01",19,2015,1.41843971631206,4,6.0703778459986
"cthm-01",19,2016,1.41843971631206,4,5.78260806182594
"cthm-01",19,2017,1.41843971631206,4,5.63663788144851
"cthm-01",19,2018,1.41843971631206,4,5.63559523730296
"cthm-01",19,2019,1.41843971631206,4,5.3478254531303
"cthm-01",19,2020,1.41843971631206,4,5.2028979168984
"cthm-01",19,2021,1.41843971631206,4,5.34678280898473
"cthm-01",19,2022,1.41843971631206,4,5.34678280898473
"cthm-01",19,2023,1.41843971631206,4,5.63458238299012
"cthm-01",19,2024,1.41843971631206,4,4.77124324063941
"cthm-01",19,2025,1.41843971631206,4,5.05798527558288
"cthm-01",20,1999,18.705035971223,4,12.5451979898835
"cthm-01",20,2000,18.705035971223,4,12.6890828819698
"cthm-01",20,2001,18.705035971223,4,12.1135433136245
"cthm-01",20,2002,18.7050359712231,4,9.09091793566601
"cthm-01",20,2003,18.7050359712231,4,9.09091793566601
"cthm-01",20,2004,18.7050359712231,4,8.94703304357968
"cthm-01",20,2005,16.5467625899281,4,8.65926325940702
"cthm-01",20,2006,16.5467625899281,4,8.80314815149335
"cthm-01",20,2007,15.8273381294964,4,8.65926325940701
"cthm-01",20,2008,15.8273381294964,4,8.80419079563889
"cthm-01",20,2009,13.6690647482014,4,8.22865122729356
"cthm-01",20,2010,13.6690647482014,4,8.22865122729356
"cthm-01",20,2011,10.0719424460432,4,8.22865122729357
"cthm-01",20,2012,7.19424460431655,4,7.65311165894824
"cthm-01",20,2013,5.03597122302158,4,6.78980230643026
"cthm-01",20,2014,4.31654676258993,4,6.21426273808493
"cthm-01",20,2015,3.59712230215827,4,6.0703778459986
"cthm-01",20,2016,2.87769784172662,4,5.78260806182594
"cthm-01",20,2017,2.87769784172662,4,5.63663788144851
"cthm-01",20,2018,2.87769784172662,4,5.63559523730296
"cthm-01",20,2019,2.87769784172662,4,5.3478254531303
"cthm-01",20,2020,1.43884892086331,4,5.2028979168984
"cthm-01",20,2021,1.43884892086331,4,5.34678280898473
"cthm-01",20,2022,1.43884892086331,4,5.34678280898473
"cthm-01",20,2023,1.43884892086331,4,5.63458238299012
"cthm-01",20,2024,1.43884892086331,4,4.77124324063941
"cthm-01",20,2025,1.43884892086331,4,5.05798527558288
"cthm-02",1,1999,14.3884892086331,1,8.97995889003082
"cthm-02",1,2000,14.3884892086331,1,8.62281603288796
"cthm-02",1,2001,14.3884892086331,1,14.3884892086331
"cthm-02",1,2002,10.7913669064748,1,10.7913669064748
"cthm-02",1,2003,11.5107913669065,1,11.5107913669065
"cthm-02",1,2004,11.5107913669065,1,11.5107913669065
"cthm-02",1,2005,11.5107913669065,1,11.5107913669065
"cthm-02",1,2006,11.5107913669065,1,11.5107913669065
"cthm-02",1,2007,11.5107913669065,1,11.5107913669065
"cthm-02",1,2008,11.5107913669065,1,11.5107913669065
"cthm-02",1,2009,11.5107913669065,1,11.5107913669065
"cthm-02",1,2010,11.5107913669065,1,11.5107913669065
"cthm-02",1,2011,11.5107913669065,1,11.5107913669065
"cthm-02",1,2012,11.5107913669065,1,11.5107913669065
"cthm-02",1,2013,11.5107913669065,1,11.5107913669065
"cthm-02",1,2014,11.5107913669065,1,11.5107913669065
"cthm-02",1,2015,11.5107913669065,1,11.5107913669065
"cthm-02",1,2016,12.9496402877698,1,12.9496402877698
"cthm-02",1,2017,13.6690647482015,1,13.6690647482015
"cthm-02",1,2018,16.5467625899281,1,16.5467625899281
"cthm-02",1,2019,16.5467625899281,1,16.5467625899281
"cthm-02",1,2020,18.7050359712231,1,18.7050359712231
"cthm-02",1,2021,18.7050359712231,1,18.7050359712231
"cthm-02",1,2022,19.4244604316547,1,19.4244604316547
"cthm-02",1,2023,20.1438848920863,1,20.1438848920863
"cthm-02",1,2024,18.7050359712231,1,18.7050359712231
"cthm-02",1,2025,18.7050359712231,1,18.7050359712231
"cthm-02",2,1999,3.57142857142857,1,8.97995889003082
"cthm-02",2,2000,2.85714285714286,1,8.62281603288796
"cthm-02",6,1999,9.72222222222222,2,11.7755807776139
"cthm-02",6,2000,9.72222222222222,2,11.7755807776139
"cthm-02",6,2001,8.33333333333333,2,11.2110609648927
"cthm-02",6,2002,8.33333333333333,2,14.0630501809732
"cthm-02",6,2003,8.33333333333333,2,13.9191652888869
"cthm-02",6,2004,8.33333333333333,2,13.6334510031726
"cthm-02",6,2005,8.33333333333333,2,11.0578816449946
"cthm-02",6,2006,6.94444444444444,2,9.92296101007392
"cthm-02",6,2007,6.94444444444444,2,9.91986286746999
"cthm-02",6,2008,6.25,2,13.4952596928668
"cthm-02",6,2009,6.25,2,13.4952596928668
"cthm-02",6,2010,6.25,2,13.3503321566349
"cthm-02",6,2011,6.25,2,16.6866305092572
"cthm-02",6,2012,6.25,2,16.5054710889673
"cthm-02",6,2013,6.25,2,16.3268996603959
"cthm-02",6,2014,6.25,2,17.0411853746816
"cthm-02",6,2015,6.25,2,16.5054710889673
"cthm-02",6,2016,6.25,2,16.5054710889673
"cthm-02",6,2017,6.25,2,16.5041864024309
"cthm-02",6,2018,6.25,2,15.7899006881451
"cthm-02",6,2019,6.25,2,14.7184721167166
"cthm-02",6,2020,6.25,2,13.2873126964267
"cthm-02",6,2021,6.25,2,13.2873126964267
"cthm-02",6,2022,6.25,2,12.9288851527474
"cthm-02",6,2023,6.25,2,12.573026982141
"cthm-02",6,2024,6.25,2,12.0321367129899
"cthm-02",6,2025,6.25,2,12.3737516198221
"cthm-02",7,1999,10.0719424460432,2,11.7755807776139
"cthm-02",7,2000,10.0719424460432,2,11.7755807776139
"cthm-02",7,2001,9.35251798561151,2,11.2110609648927
"cthm-02",7,2002,7.9136690647482,2,14.0630501809732
"cthm-02",7,2003,7.19424460431655,2,13.9191652888869
"cthm-02",7,2004,7.19424460431655,2,13.6334510031726
"cthm-02",7,2005,7.19424460431655,2,11.0578816449946
"cthm-02",7,2006,7.19424460431655,2,9.92296101007392
"cthm-02",7,2007,7.19424460431655,2,9.91986286746999
"cthm-02",7,2008,7.19424460431655,2,13.4952596928668
"cthm-02",7,2009,7.19424460431655,2,13.4952596928668
"cthm-02",7,2010,7.19424460431655,2,13.3503321566349
"cthm-02",7,2011,7.19424460431655,2,16.6866305092572
"cthm-02",7,2012,7.19424460431655,2,16.5054710889673
"cthm-02",7,2013,7.19424460431655,2,16.3268996603959
"cthm-02",7,2014,7.19424460431655,2,17.0411853746816
"cthm-02",7,2015,7.19424460431655,2,16.5054710889673
"cthm-02",7,2016,7.19424460431655,2,16.5054710889673
"cthm-02",7,2017,6.47482014388489,2,16.5041864024309
"cthm-02",7,2018,6.47482014388489,2,15.7899006881451
"cthm-02",7,2019,6.47482014388489,2,14.7184721167166
"cthm-02",7,2020,6.47482014388489,2,13.2873126964267
"cthm-02",7,2021,6.47482014388489,2,13.2873126964267
"cthm-02",7,2022,5.75539568345324,2,12.9288851527474
"cthm-02",7,2023,6.47482014388489,2,12.573026982141
"cthm-02",7,2024,6.47482014388489,2,12.0321367129899
"cthm-02",7,2025,6.47482014388489,2,12.3737516198221
"cthm-02",8,1999,2.15827338129496,2,11.7755807776139
"cthm-02",8,2000,2.15827338129496,2,11.7755807776139
"cthm-02",8,2001,2.15827338129496,2,11.2110609648927
"cthm-02",8,2002,1.43884892086331,2,14.0630501809732
"cthm-02",8,2003,1.43884892086331,2,13.9191652888869
"cthm-02",8,2004,1.43884892086331,2,13.6334510031726
"cthm-02",8,2005,1.43884892086331,2,11.0578816449946
"cthm-02",8,2006,1.43884892086331,2,9.92296101007392
"cthm-02",8,2007,0.719424460431655,2,9.91986286746999
"cthm-02",8,2008,0.719424460431655,2,13.4952596928668
"cthm-02",8,2009,0.719424460431655,2,13.4952596928668
"cthm-02",8,2010,0.719424460431655,2,13.3503321566349
"cthm-02",9,1999,34.7826086956521,2,11.7755807776139
"cthm-02",9,2000,34.7826086956522,2,11.7755807776139
"cthm-02",9,2001,34.7826086956522,2,11.2110609648927
"cthm-02",9,2002,34.0579710144928,2,14.0630501809732
"cthm-02",9,2003,34.0579710144927,2,13.9191652888869
"cthm-02",9,2004,34.0579710144927,2,13.6334510031726
"cthm-02",9,2005,32.6086956521739,2,11.0578816449946
"cthm-02",9,2006,32.6086956521739,2,9.92296101007392
"cthm-02",9,2007,31.8840579710145,2,9.91986286746999
"cthm-02",9,2008,31.8840579710145,2,13.4952596928668
"cthm-02",9,2009,31.8840579710145,2,13.4952596928668
"cthm-02",9,2010,31.1594202898551,2,13.3503321566349
"cthm-02",9,2011,31.1594202898551,2,16.6866305092572
"cthm-02",9,2012,30.4347826086957,2,16.5054710889673
"cthm-02",9,2013,30.4347826086957,2,16.3268996603959
"cthm-02",9,2014,30.4347826086957,2,17.0411853746816
"cthm-02",9,2015,30.4347826086957,2,16.5054710889673
"cthm-02",9,2016,30.4347826086956,2,16.5054710889673
"cthm-02",9,2017,30.4347826086956,2,16.5041864024309
"cthm-02",9,2018,30.4347826086956,2,15.7899006881451
"cthm-02",9,2019,30.4347826086956,2,14.7184721167166
"cthm-02",9,2020,29.7101449275362,2,13.2873126964267
"cthm-02",9,2021,29.7101449275362,2,13.2873126964267
"cthm-02",9,2022,29.7101449275362,2,12.9288851527474
"cthm-02",9,2023,29.7101449275362,2,12.573026982141
"cthm-02",9,2024,28.2608695652174,2,12.0321367129899
"cthm-02",9,2025,23.9130434782608,2,12.3737516198221
"cthm-02",10,1999,2.14285714285714,2,11.7755807776139
"cthm-02",10,2000,2.14285714285714,2,11.7755807776139
"cthm-02",10,2001,1.42857142857143,2,11.2110609648927
"cthm-02",10,2002,18.5714285714285,2,14.0630501809732
"cthm-02",10,2003,18.5714285714285,2,13.9191652888869
"cthm-02",10,2004,17.1428571428571,2,13.6334510031726
"cthm-02",10,2005,5.71428571428572,2,11.0578816449946
"cthm-02",10,2006,1.42857142857143,2,9.92296101007392
"cthm-02",10,2007,2.85714285714286,2,9.91986286746999
"cthm-02",10,2008,21.4285714285714,2,13.4952596928668
"cthm-02",10,2009,21.4285714285714,2,13.4952596928668
"cthm-02",10,2010,21.4285714285714,2,13.3503321566349
"cthm-02",10,2011,22.1428571428571,2,16.6866305092572
"cthm-02",10,2012,22.1428571428571,2,16.5054710889673
"cthm-02",10,2013,21.4285714285714,2,16.3268996603959
"cthm-02",10,2014,24.2857142857143,2,17.0411853746816
"cthm-02",10,2015,22.1428571428571,2,16.5054710889673
"cthm-02",10,2016,22.1428571428571,2,16.5054710889673
"cthm-02",10,2017,22.8571428571429,2,16.5041864024309
"cthm-02",10,2018,20,2,15.7899006881451
"cthm-02",10,2019,15.7142857142858,2,14.7184721167166
"cthm-02",10,2020,10.7142857142857,2,13.2873126964267
"cthm-02",10,2021,10.7142857142857,2,13.2873126964267
"cthm-02",10,2022,10,2,12.9288851527474
"cthm-02",10,2023,7.85714285714285,2,12.573026982141
"cthm-02",10,2024,7.14285714285714,2,12.0321367129899
"cthm-02",10,2025,12.8571428571428,2,12.3737516198221
"cthm-02",11,1999,0.72992700729927,3,1.69258436475193
"cthm-02",11,2000,0.72992700729927,3,2.17655770654818
"cthm-02",11,2001,0.72992700729927,3,2.16532418531784
"cthm-02",11,2002,0.72992700729927,3,2.17005939157637
"cthm-02",11,2003,0.72992700729927,3,2.16532418531784
"cthm-02",11,2004,0.72992700729927,3,2.17655770654818
"cthm-02",11,2005,0.72992700729927,3,1.69258436475193
"cthm-02",11,2006,0.72992700729927,3,1.68913370912736
"cthm-02",11,2007,0.72992700729927,3,2.64151466150831
"cthm-02",11,2008,0.72992700729927,3,2.64151466150831
"cthm-02",11,2009,0.72992700729927,3,2.16532418531784
"cthm-02",11,2010,0.72992700729927,3,2.16532418531784
"cthm-02",11,2011,0.72992700729927,3,2.16532418531784
"cthm-02",11,2012,0.72992700729927,3,1.68913370912736
"cthm-02",11,2013,0.72992700729927,3,2.17655770654818
"cthm-02",11,2014,6.56934306569343,3,4.12214817165626
"cthm-02",11,2015,6.56934306569343,3,4.12214817165626
"cthm-02",11,2016,6.56934306569343,3,4.91624882077383
"cthm-02",11,2017,2.18978102189781,3,7.90157537115795
"cthm-02",11,2018,0.72992700729927,3,7.60960456823824
"cthm-02",11,2019,0.72992700729927,3,7.75453210447013
"cthm-02",11,2020,0.72992700729927,3,4.17383889506249
"cthm-02",11,2021,0.72992700729927,3,2.17567615219154
"cthm-02",11,2022,0.72992700729927,3,2.88175711414366
"cthm-02",11,2023,0.72992700729927,3,2.88175711414366
"cthm-02",11,2024,0.72992700729927,3,2.5246142570008
"cthm-02",11,2025,0.72992700729927,3,2.16747139985794
"cthm-02",12,1999,0.72463768115942,3,1.69258436475193
"cthm-02",12,2002,2.89855072463768,3,2.17005939157637
"cthm-02",12,2005,0.72463768115942,3,1.69258436475193
"cthm-02",12,2014,2.17391304347826,3,4.12214817165626
"cthm-02",12,2015,2.17391304347826,3,4.12214817165626
"cthm-02",12,2016,2.17391304347826,3,4.91624882077383
"cthm-02",12,2017,1.44927536231884,3,7.90157537115795
"cthm-02",12,2018,1.44927536231884,3,7.60960456823824
"cthm-02",12,2019,2.17391304347826,3,7.75453210447013
"cthm-02",12,2020,1.44927536231884,3,4.17383889506249
"cthm-02",12,2021,2.17391304347826,3,2.17567615219154
"cthm-02",12,2022,2.17391304347826,3,2.88175711414366
"cthm-02",12,2023,2.17391304347826,3,2.88175711414366
"cthm-02",12,2024,2.17391304347826,3,2.5246142570008
"cthm-02",12,2025,2.17391304347826,3,2.16747139985794
"cthm-02",13,1999,3.6231884057971,3,1.69258436475193
"cthm-02",13,2000,3.6231884057971,3,2.17655770654818
"cthm-02",13,2001,3.6231884057971,3,2.16532418531784
"cthm-02",13,2002,3.6231884057971,3,2.17005939157637
"cthm-02",13,2003,3.6231884057971,3,2.16532418531784
"cthm-02",13,2004,3.6231884057971,3,2.17655770654818
"cthm-02",13,2005,3.6231884057971,3,1.69258436475193
"cthm-02",13,2006,3.6231884057971,3,1.68913370912736
"cthm-02",13,2007,3.6231884057971,3,2.64151466150831
"cthm-02",13,2008,3.6231884057971,3,2.64151466150831
"cthm-02",13,2009,3.6231884057971,3,2.16532418531784
"cthm-02",13,2010,3.6231884057971,3,2.16532418531784
"cthm-02",13,2011,3.6231884057971,3,2.16532418531784
"cthm-02",13,2012,3.6231884057971,3,1.68913370912736
"cthm-02",13,2013,3.6231884057971,3,2.17655770654818
"cthm-02",13,2014,3.6231884057971,3,4.12214817165626
"cthm-02",13,2015,3.6231884057971,3,4.12214817165626
"cthm-02",13,2016,3.6231884057971,3,4.91624882077383
"cthm-02",13,2017,3.6231884057971,3,7.90157537115795
"cthm-02",13,2018,3.6231884057971,3,7.60960456823824
"cthm-02",13,2019,3.6231884057971,3,7.75453210447013
"cthm-02",13,2020,3.6231884057971,3,4.17383889506249
"cthm-02",13,2021,3.6231884057971,3,2.17567615219154
"cthm-02",13,2022,3.6231884057971,3,2.88175711414366
"cthm-02",13,2023,3.6231884057971,3,2.88175711414366
"cthm-02",13,2024,3.6231884057971,3,2.5246142570008
"cthm-02",13,2025,3.6231884057971,3,2.16747139985794
"cthm-02",14,2016,10.0719424460432,3,4.91624882077383
"cthm-02",14,2017,14.3884892086331,3,7.90157537115795
"cthm-02",14,2018,14.3884892086331,3,7.60960456823824
"cthm-02",14,2019,14.3884892086331,3,7.75453210447013
"cthm-02",14,2020,9.35251798561151,3,4.17383889506249
"cthm-02",15,2001,2.14285714285714,3,2.16532418531784
"cthm-02",15,2002,1.42857142857143,3,2.17005939157637
"cthm-02",15,2003,2.14285714285714,3,2.16532418531784
"cthm-02",15,2006,0.714285714285714,3,1.68913370912736
"cthm-02",15,2007,3.57142857142857,3,2.64151466150831
"cthm-02",15,2008,3.57142857142857,3,2.64151466150831
"cthm-02",15,2009,2.14285714285714,3,2.16532418531784
"cthm-02",15,2010,2.14285714285714,3,2.16532418531784
"cthm-02",15,2011,2.14285714285714,3,2.16532418531784
"cthm-02",15,2012,0.714285714285714,3,1.68913370912736
"cthm-02",15,2016,2.14285714285714,3,4.91624882077383
"cthm-02",15,2017,17.8571428571429,3,7.90157537115795
"cthm-02",15,2018,17.8571428571429,3,7.60960456823824
"cthm-02",15,2019,17.8571428571429,3,7.75453210447013
"cthm-02",15,2020,5.71428571428571,3,4.17383889506249
"cthm-02",15,2022,5,3,2.88175711414366
"cthm-02",15,2023,5,3,2.88175711414366
"cthm-02",15,2024,3.57142857142857,3,2.5246142570008
"cthm-02",15,2025,2.14285714285714,3,2.16747139985794
"cthm-02",16,1999,2.17391304347826,4,24.6539761979237
"cthm-02",16,2000,2.17391304347826,4,24.5111190550665
"cthm-02",16,2001,2.17391304347826,4,24.6539761979237
"cthm-02",16,2002,2.17391304347826,4,24.366206413751
"cthm-02",16,2003,2.17391304347826,4,24.366206413751
"cthm-02",16,2004,2.17391304347826,4,24.366206413751
"cthm-02",16,2005,1.44927536231884,4,24.2212788775191
"cthm-02",16,2006,1.44927536231884,4,23.9324664492009
"cthm-02",16,2007,1.44927536231884,4,22.9324664492009
"cthm-02",16,2008,1.44927536231884,4,22.3610378777723
"cthm-02",16,2009,1.44927536231884,4,21.7813277328448
"cthm-02",16,2010,1.44927536231884,4,21.2047306254375
"cthm-02",16,2011,2.17391304347826,4,20.9148755529738
"cthm-02",16,2012,0.72463768115942,4,20.4800929442781
"cthm-02",16,2013,0.72463768115942,4,20.4800929442781
"cthm-02",16,2014,0.72463768115942,4,20.3351654080462
"cthm-02",16,2015,0.72463768115942,4,22.6352383931364
"cthm-02",16,2016,1.44927536231884,4,23.9312450660589
"cthm-02",16,2017,1.44927536231884,4,23.7883879232018
"cthm-02",16,2018,1.44927536231884,4,21.6301145419068
"cthm-02",16,2019,0.72463768115942,4,19.616738907011
"cthm-02",16,2024,5.79710144927536,4,20.7740888034914
"cthm-02",16,2025,4.34782608695652,4,20.1964490519386
"cthm-02",17,1999,6.42857142857142,4,24.6539761979237
"cthm-02",17,2000,5.71428571428571,4,24.5111190550665
"cthm-02",17,2001,6.42857142857142,4,24.6539761979237
"cthm-02",17,2002,6.42857142857142,4,24.366206413751
"cthm-02",17,2003,6.42857142857142,4,24.366206413751
"cthm-02",17,2004,6.42857142857142,4,24.366206413751
"cthm-02",17,2005,6.42857142857142,4,24.2212788775191
"cthm-02",17,2006,6.42857142857142,4,23.9324664492009
"cthm-02",17,2007,5.71428571428571,4,22.9324664492009
"cthm-02",17,2008,5.71428571428571,4,22.3610378777723
"cthm-02",17,2009,5.71428571428571,4,21.7813277328448
"cthm-02",17,2010,5.71428571428571,4,21.2047306254375
"cthm-02",17,2011,5.71428571428571,4,20.9148755529738
"cthm-02",17,2012,5.71428571428571,4,20.4800929442781
"cthm-02",17,2013,5.71428571428571,4,20.4800929442781
"cthm-02",17,2014,5.71428571428571,4,20.3351654080462
"cthm-02",17,2015,5.71428571428571,4,22.6352383931364
"cthm-02",17,2016,5.71428571428571,4,23.9312450660589
"cthm-02",17,2017,5,4,23.7883879232018
"cthm-02",17,2018,5,4,21.6301145419068
"cthm-02",17,2019,3.57142857142857,4,19.616738907011
"cthm-02",17,2020,3.57142857142857,4,24.1611927849025
"cthm-02",17,2021,5.71428571428571,4,24.6969070706168
"cthm-02",17,2022,5.71428571428571,4,24.6969070706168
"cthm-02",17,2023,5.71428571428571,4,24.6969070706168
"cthm-02",17,2024,5,4,20.7740888034914
"cthm-02",17,2025,4.28571428571428,4,20.1964490519386
"cthm-02",18,1999,25.8992805755396,4,24.6539761979237
"cthm-02",18,2000,25.8992805755396,4,24.5111190550665
"cthm-02",18,2001,25.8992805755396,4,24.6539761979237
"cthm-02",18,2002,24.4604316546763,4,24.366206413751
"cthm-02",18,2003,24.4604316546763,4,24.366206413751
"cthm-02",18,2004,24.4604316546763,4,24.366206413751
"cthm-02",18,2005,24.4604316546763,4,24.2212788775191
"cthm-02",18,2006,23.7410071942446,4,23.9324664492009
"cthm-02",18,2007,23.7410071942446,4,22.9324664492009
"cthm-02",18,2008,23.7410071942446,4,22.3610378777723
"cthm-02",18,2009,23.7410071942446,4,21.7813277328448
"cthm-02",18,2010,23.021582733813,4,21.2047306254375
"cthm-02",18,2011,23.021582733813,4,20.9148755529738
"cthm-02",18,2012,23.021582733813,4,20.4800929442781
"cthm-02",18,2013,23.021582733813,4,20.4800929442781
"cthm-02",18,2014,23.021582733813,4,20.3351654080462
"cthm-02",18,2015,35.9712230215828,4,22.6352383931364
"cthm-02",18,2016,41.726618705036,4,23.9312450660589
"cthm-02",18,2017,41.726618705036,4,23.7883879232018
"cthm-02",18,2018,30.9352517985612,4,21.6301145419068
"cthm-02",18,2019,23.021582733813,4,19.616738907011
"cthm-02",18,2020,23.021582733813,4,24.1611927849025
"cthm-02",18,2021,23.021582733813,4,24.6969070706168
"cthm-02",18,2022,23.021582733813,4,24.6969070706168
"cthm-02",18,2023,23.021582733813,4,24.6969070706168
"cthm-02",18,2024,23.021582733813,4,20.7740888034914
"cthm-02",18,2025,23.021582733813,4,20.1964490519386
"cthm-02",19,1999,13.768115942029,4,24.6539761979237
"cthm-02",19,2000,13.768115942029,4,24.5111190550665
"cthm-02",19,2001,13.768115942029,4,24.6539761979237
"cthm-02",19,2002,13.768115942029,4,24.366206413751
"cthm-02",19,2003,13.768115942029,4,24.366206413751
"cthm-02",19,2004,13.768115942029,4,24.366206413751
"cthm-02",19,2005,13.768115942029,4,24.2212788775191
"cthm-02",19,2006,13.0434782608696,4,23.9324664492009
"cthm-02",19,2007,13.0434782608696,4,22.9324664492009
"cthm-02",19,2008,13.0434782608696,4,22.3610378777723
"cthm-02",19,2009,10.1449275362319,4,21.7813277328448
"cthm-02",19,2010,8.69565217391304,4,21.2047306254375
"cthm-02",19,2011,6.52173913043478,4,20.9148755529738
"cthm-02",19,2012,5.79710144927536,4,20.4800929442781
"cthm-02",19,2013,5.79710144927536,4,20.4800929442781
"cthm-02",19,2014,5.07246376811594,4,20.3351654080462
"cthm-02",19,2015,3.6231884057971,4,22.6352383931364
"cthm-02",19,2016,3.6231884057971,4,23.9312450660589
"cthm-02",19,2017,3.6231884057971,4,23.7883879232018
"cthm-02",19,2018,3.6231884057971,4,21.6301145419068
"cthm-02",19,2019,3.6231884057971,4,19.616738907011
"cthm-02",19,2020,3.6231884057971,4,24.1611927849025
"cthm-02",19,2021,3.6231884057971,4,24.6969070706168
"cthm-02",19,2022,3.6231884057971,4,24.6969070706168
"cthm-02",19,2023,3.6231884057971,4,24.6969070706168
"cthm-02",19,2024,3.6231884057971,4,20.7740888034914
"cthm-02",19,2025,2.89855072463768,4,20.1964490519386
"cthm-02",20,1999,75,4,24.6539761979237
"cthm-02",20,2000,75,4,24.5111190550665
"cthm-02",20,2001,75,4,24.6539761979237
"cthm-02",20,2002,75,4,24.366206413751
"cthm-02",20,2003,75,4,24.366206413751
"cthm-02",20,2004,75,4,24.366206413751
"cthm-02",20,2005,75,4,24.2212788775191
"cthm-02",20,2006,75,4,23.9324664492009
"cthm-02",20,2007,70.7142857142857,4,22.9324664492009
"cthm-02",20,2008,67.8571428571429,4,22.3610378777723
"cthm-02",20,2009,67.8571428571429,4,21.7813277328448
"cthm-02",20,2010,67.1428571428571,4,21.2047306254375
"cthm-02",20,2011,67.1428571428571,4,20.9148755529738
"cthm-02",20,2012,67.1428571428571,4,20.4800929442781
"cthm-02",20,2013,67.1428571428571,4,20.4800929442781
"cthm-02",20,2014,67.1428571428571,4,20.3351654080462
"cthm-02",20,2015,67.1428571428571,4,22.6352383931364
"cthm-02",20,2016,67.1428571428571,4,23.9312450660589
"cthm-02",20,2017,67.1428571428571,4,23.7883879232018
"cthm-02",20,2018,67.1428571428571,4,21.6301145419068
"cthm-02",20,2019,67.1428571428571,4,19.616738907011
"cthm-02",20,2020,66.4285714285714,4,24.1611927849025
"cthm-02",20,2021,66.4285714285714,4,24.6969070706168
"cthm-02",20,2022,66.4285714285714,4,24.6969070706168
"cthm-02",20,2023,66.4285714285714,4,24.6969070706168
"cthm-02",20,2024,66.4285714285714,4,20.7740888034914
"cthm-02",20,2025,66.4285714285714,4,20.1964490519386
"cthm-03",1,1999,5.71428571428572,1,9.07771185648883
"cthm-03",1,2000,5.71428571428572,1,14.3711683999454
"cthm-03",1,2001,5.71428571428572,1,14.3674221461991
"cthm-03",1,2002,11.4285714285714,1,15.6174221461991
"cthm-03",1,2003,11.4285714285714,1,15.959579988357
"cthm-03",1,2004,11.4285714285714,1,13.8317078604848
"cthm-03",1,2005,11.4285714285714,1,13.2997398285168
"cthm-03",1,2006,11.4285714285714,1,13.2997398285168
"cthm-03",1,2007,11.4285714285714,1,12.0336767548998
"cthm-03",1,2008,11.4285714285714,1,12.7320894533125
"cthm-03",1,2009,11.4285714285714,1,12.5882045612261
"cthm-03",1,2010,10.7142857142857,1,14.6046485488932
"cthm-03",1,2011,10.7142857142857,1,14.054088996535
"cthm-03",1,2012,10.7142857142857,1,16.0038971819547
"cthm-03",1,2013,10.7142857142857,1,15.6441849517389
"cthm-03",1,2014,10.7142857142857,1,13.3486812947245
"cthm-03",1,2015,10,1,11.1864396594612
"cthm-03",1,2016,10,1,10.1862969165127
"cthm-03",1,2017,10,1,10.3291540593699
"cthm-03",1,2018,10,1,9.77262725284308
"cthm-03",1,2019,10,1,11.6949507327205
"cthm-03",1,2020,10,1,11.5100636773299
"cthm-03",1,2021,12.1428571428571,1,11.8672065344727
"cthm-03",1,2022,12.1428571428571,1,11.8672065344727
"cthm-03",1,2023,10.7142857142857,1,11.3352385025047
"cthm-03",1,2024,10,1,10.9818418991081
"cthm-03",1,2025,9.28571428571429,1,10.1724764044908
"cthm-03",2,1999,10.7142857142857,1,9.07771185648883
"cthm-03",2,2000,20,1,14.3711683999454
"cthm-03",2,2001,19.2857142857143,1,14.3674221461991
"cthm-03",2,2002,18.5714285714286,1,15.6174221461991
"cthm-03",2,2003,17.1428571428571,1,15.959579988357
"cthm-03",2,2004,11.4285714285714,1,13.8317078604848
"cthm-03",2,2005,10,1,13.2997398285168
"cthm-03",2,2006,10,1,13.2997398285168
"cthm-03",2,2007,10,1,12.0336767548998
"cthm-03",2,2008,10.7142857142857,1,12.7320894533125
"cthm-03",2,2009,10.7142857142857,1,12.5882045612261
"cthm-03",2,2010,10,1,14.6046485488932
"cthm-03",2,2011,10,1,14.054088996535
"cthm-03",2,2012,10,1,16.0038971819547
"cthm-03",2,2013,10,1,15.6441849517389
"cthm-03",2,2014,10,1,13.3486812947245
"cthm-03",2,2015,10,1,11.1864396594612
"cthm-03",2,2016,8.57142857142857,1,10.1862969165127
"cthm-03",2,2017,9.28571428571429,1,10.3291540593699
"cthm-03",2,2018,9.28571428571429,1,9.77262725284308
"cthm-03",2,2019,9.28571428571429,1,11.6949507327205
"cthm-03",2,2020,9.28571428571429,1,11.5100636773299
"cthm-03",2,2021,8.57142857142857,1,11.8672065344727
"cthm-03",2,2022,8.57142857142857,1,11.8672065344727
"cthm-03",2,2023,8.57142857142857,1,11.3352385025047
"cthm-03",2,2024,8.57142857142857,1,10.9818418991081
"cthm-03",2,2025,8.57142857142857,1,10.1724764044908
"cthm-03",3,1999,9.09090909090909,1,9.07771185648883
"cthm-03",3,2000,20.979020979021,1,14.3711683999454
"cthm-03",3,2001,21.6783216783217,1,14.3674221461991
"cthm-03",3,2002,21.6783216783217,1,15.6174221461991
"cthm-03",3,2003,24.4755244755245,1,15.959579988357
"cthm-03",3,2004,21.6783216783217,1,13.8317078604848
"cthm-03",3,2005,20.979020979021,1,13.2997398285168
"cthm-03",3,2006,20.979020979021,1,13.2997398285168
"cthm-03",3,2007,20.979020979021,1,12.0336767548998
"cthm-03",3,2008,20.979020979021,1,12.7320894533125
"cthm-03",3,2009,20.979020979021,1,12.5882045612261
"cthm-03",3,2010,20.979020979021,1,14.6046485488932
"cthm-03",3,2011,20.979020979021,1,14.054088996535
"cthm-03",3,2012,20.2797202797203,1,16.0038971819547
"cthm-03",3,2013,20.2797202797203,1,15.6441849517389
"cthm-03",3,2014,20.2797202797203,1,13.3486812947245
"cthm-03",3,2015,20.2797202797203,1,11.1864396594612
"cthm-03",3,2016,20.2797202797203,1,10.1862969165127
"cthm-03",3,2017,20.2797202797203,1,10.3291540593699
"cthm-03",3,2018,19.5804195804196,1,9.77262725284308
"cthm-03",3,2019,19.5804195804196,1,11.6949507327205
"cthm-03",3,2020,20.2797202797203,1,11.5100636773299
"cthm-03",3,2021,20.2797202797203,1,11.8672065344727
"cthm-03",3,2022,20.2797202797203,1,11.8672065344727
"cthm-03",3,2023,19.5804195804196,1,11.3352385025047
"cthm-03",3,2024,18.8811188811189,1,10.9818418991081
"cthm-03",3,2025,16.7832167832168,1,10.1724764044908
"cthm-03",4,2007,6.25,1,12.0336767548998
"cthm-03",4,2008,9.02777777777778,1,12.7320894533125
"cthm-03",4,2009,9.02777777777778,1,12.5882045612261
"cthm-03",4,2010,9.02777777777778,1,14.6046485488932
"cthm-03",4,2011,5.55555555555556,1,14.054088996535
"cthm-03",4,2014,4.16666666666667,1,13.3486812947245
"cthm-03",4,2015,4.86111111111111,1,11.1864396594612
"cthm-03",4,2016,4.16666666666667,1,10.1862969165127
"cthm-03",4,2017,4.16666666666667,1,10.3291540593699
"cthm-03",4,2018,2.08333333333333,1,9.77262725284308
"cthm-03",4,2025,9.02777777777778,1,10.1724764044908
"cthm-03",5,1999,10.7913669064748,1,9.07771185648883
"cthm-03",5,2000,10.7913669064748,1,14.3711683999454
"cthm-03",5,2001,10.7913669064748,1,14.3674221461991
"cthm-03",5,2002,10.7913669064748,1,15.6174221461991
"cthm-03",5,2003,10.7913669064748,1,15.959579988357
"cthm-03",5,2004,10.7913669064748,1,13.8317078604848
"cthm-03",5,2005,10.7913669064748,1,13.2997398285168
"cthm-03",5,2006,10.7913669064748,1,13.2997398285168
"cthm-03",5,2007,11.5107913669065,1,12.0336767548998
"cthm-03",5,2008,11.5107913669065,1,12.7320894533125
"cthm-03",5,2009,10.7913669064748,1,12.5882045612261
"cthm-03",5,2010,22.3021582733813,1,14.6046485488932
"cthm-03",5,2011,23.0215827338129,1,14.054088996535
"cthm-03",5,2012,23.0215827338129,1,16.0038971819547
"cthm-03",5,2013,21.5827338129497,1,15.6441849517389
"cthm-03",5,2014,21.5827338129496,1,13.3486812947245
"cthm-03",5,2015,10.7913669064748,1,11.1864396594612
"cthm-03",5,2016,7.9136690647482,1,10.1862969165127
"cthm-03",5,2017,7.9136690647482,1,10.3291540593699
"cthm-03",5,2018,7.9136690647482,1,9.77262725284308
"cthm-03",5,2019,7.9136690647482,1,11.6949507327205
"cthm-03",5,2020,6.47482014388489,1,11.5100636773299
"cthm-03",5,2021,6.47482014388489,1,11.8672065344727
"cthm-03",5,2022,6.47482014388489,1,11.8672065344727
"cthm-03",5,2023,6.47482014388489,1,11.3352385025047
"cthm-03",5,2024,6.47482014388489,1,10.9818418991081
"cthm-03",5,2025,7.19424460431654,1,10.1724764044908
"cthm-03",6,1999,0.719424460431655,2,11.0855601233299
"cthm-03",6,2000,0.719424460431655,2,11.8049845837616
"cthm-03",8,1999,15.7142857142857,2,11.0855601233299
"cthm-03",8,2000,15.7142857142857,2,11.8049845837616
"cthm-03",8,2001,15.7142857142857,2,14.3062692702981
"cthm-03",8,2002,15.7142857142857,2,12.159986296677
"cthm-03",8,2003,15.7142857142857,2,7.38951695786229
"cthm-03",8,2004,15.7142857142857,2,6.91332648167181
"cthm-03",8,2005,15.7142857142857,2,8.93627954779035
"cthm-03",8,2006,15.7142857142857,2,8.57656731757453
"cthm-03",8,2007,15,2,7.85971223021584
"cthm-03",8,2008,15,2,13.6151079136691
"cthm-03",8,2009,28.5714285714286,2,20.4008221993833
"cthm-03",8,2010,28.5714285714286,2,17.8828365878726
"cthm-03",8,2011,29.2857142857143,2,15.7219938335046
"cthm-03",8,2012,28.5714285714286,2,28.5714285714286
"cthm-03",8,2013,28.5714285714286,2,15.005138746146
"cthm-03",8,2014,28.5714285714286,2,28.6742034943474
"cthm-03",8,2015,27.8571428571428,2,28.6767728674203
"cthm-03",8,2016,27.8571428571428,2,26.1587872559095
"cthm-03",8,2017,27.1428571428571,2,17.1685508735868
"cthm-03",8,2018,27.1428571428571,2,13.9311408016444
"cthm-03",8,2019,26.4285714285714,2,26.4285714285714
"cthm-03",8,2020,25,2,25
"cthm-03",8,2021,23.5714285714285,2,22.5
"cthm-03",8,2022,32.1428571428571,2,33.9285714285714
"cthm-03",8,2023,30.7142857142857,2,32.8571428571428
"cthm-03",8,2024,24.2857142857143,2,30
"cthm-03",8,2025,23.5714285714286,2,26.4285714285714
"cthm-03",9,1999,20.7142857142857,2,11.0855601233299
"cthm-03",9,2000,20.7142857142857,2,11.8049845837616
"cthm-03",9,2001,18.5714285714286,2,14.3062692702981
"cthm-03",9,2002,13.5714285714286,2,12.159986296677
"cthm-03",9,2003,2.85714285714286,2,7.38951695786229
"cthm-03",9,2004,1.42857142857143,2,6.91332648167181
"cthm-03",9,2021,21.4285714285714,2,22.5
"cthm-03",9,2022,35.7142857142857,2,33.9285714285714
"cthm-03",9,2023,35,2,32.8571428571428
"cthm-03",9,2024,35.7142857142857,2,30
"cthm-03",9,2025,29.2857142857143,2,26.4285714285714
"cthm-03",10,1999,7.19424460431655,2,11.0855601233299
"cthm-03",10,2000,10.0719424460432,2,11.8049845837616
"cthm-03",10,2001,8.63309352517986,2,14.3062692702981
"cthm-03",10,2002,7.19424460431655,2,12.159986296677
"cthm-03",10,2003,3.59712230215827,2,7.38951695786229
"cthm-03",10,2004,3.59712230215827,2,6.91332648167181
"cthm-03",10,2005,2.15827338129496,2,8.93627954779035
"cthm-03",10,2006,1.43884892086331,2,8.57656731757453
"cthm-03",10,2007,0.719424460431655,2,7.85971223021584
"cthm-03",10,2008,12.2302158273381,2,13.6151079136691
"cthm-03",10,2009,12.2302158273381,2,20.4008221993833
"cthm-03",10,2010,7.19424460431655,2,17.8828365878726
"cthm-03",10,2011,2.15827338129496,2,15.7219938335046
"cthm-03",10,2013,1.43884892086331,2,15.005138746146
"cthm-03",10,2014,28.7769784172662,2,28.6742034943474
"cthm-03",10,2015,29.4964028776978,2,28.6767728674203
"cthm-03",10,2016,24.4604316546763,2,26.1587872559095
"cthm-03",10,2017,7.19424460431655,2,17.1685508735868
"cthm-03",10,2018,0.719424460431655,2,13.9311408016444
"cthm-03",11,2013,0.72463768115942,3,7.86059351276743
"cthm-03",11,2014,1.44927536231884,3,7.864044168392
"cthm-03",11,2015,1.44927536231884,3,6.07660455486542
"cthm-03",11,2016,0.72463768115942,3,15.0025879917184
"cthm-03",11,2018,18.1159420289855,3,23.649909885756
"cthm-03",11,2019,63.0434782608696,3,45.7381920550516
"cthm-03",11,2020,63.0434782608696,3,42.4565887662541
"cthm-03",11,2021,39.1304347826087,3,23.4550694847849
"cthm-03",11,2022,3.6231884057971,3,24.766280143587
"cthm-03",11,2023,24.6376811594203,3,30.342746920476
"cthm-03",11,2024,18.8405797101449,3,26.7372834651533
"cthm-03",11,2025,18.1159420289855,3,24.857515230052
"cthm-03",12,2018,18.705035971223,3,23.649909885756
"cthm-03",12,2019,90.6474820143885,3,45.7381920550516
"cthm-03",12,2020,93.5251798561151,3,42.4565887662541
"cthm-03",12,2021,40.2877697841727,3,23.4550694847849
"cthm-03",12,2022,61.8705035971223,3,24.766280143587
"cthm-03",12,2023,90.6474820143885,3,30.342746920476
"cthm-03",12,2024,78.4172661870504,3,26.7372834651533
"cthm-03",12,2025,64.0287769784173,3,24.857515230052
"cthm-03",13,1999,0.714285714285714,3,7.61904761904761
"cthm-03",13,2000,0.714285714285714,3,7.38095238095237
"cthm-03",13,2001,0.714285714285714,3,6.42857142857142
"cthm-03",13,2002,0.714285714285714,3,6.42857142857142
"cthm-03",13,2003,0.714285714285714,3,6.42857142857142
"cthm-03",13,2004,0.714285714285714,3,6.42857142857142
"cthm-03",13,2005,0.714285714285714,3,6.19047619047618
"cthm-03",13,2006,0.714285714285714,3,6.19047619047618
"cthm-03",13,2015,2.14285714285714,3,6.07660455486542
"cthm-03",13,2016,39.2857142857143,3,15.0025879917184
"cthm-03",13,2017,41.4285714285714,3,23.5714285714286
"cthm-03",13,2018,48.5714285714286,3,23.649909885756
"cthm-03",13,2019,45.7142857142857,3,45.7381920550516
"cthm-03",13,2020,35,3,42.4565887662541
"cthm-03",13,2021,3.57142857142857,3,23.4550694847849
"cthm-03",13,2023,4.28571428571429,3,30.342746920476
"cthm-03",13,2024,12.1428571428571,3,26.7372834651533
"cthm-03",13,2025,16.4285714285714,3,24.857515230052
"cthm-03",14,1999,5,3,7.61904761904761
"cthm-03",14,2000,5,3,7.38095238095237
"cthm-03",14,2001,5,3,6.42857142857142
"cthm-03",14,2002,5,3,6.42857142857142
"cthm-03",14,2003,5,3,6.42857142857142
"cthm-03",14,2004,5,3,6.42857142857142
"cthm-03",14,2005,5,3,6.19047619047618
"cthm-03",14,2006,5,3,6.19047619047618
"cthm-03",14,2007,5,3,8.57142857142857
"cthm-03",14,2008,5,3,14.2857142857143
"cthm-03",14,2009,5,3,14.6428571428571
"cthm-03",14,2010,4.28571428571429,3,11.7857142857143
"cthm-03",14,2011,5,3,12.1428571428571
"cthm-03",14,2012,5,3,12.1428571428571
"cthm-03",14,2013,5,3,7.86059351276743
"cthm-03",14,2014,5,3,7.864044168392
"cthm-03",14,2015,5,3,6.07660455486542
"cthm-03",14,2016,5,3,15.0025879917184
"cthm-03",14,2017,12.8571428571428,3,23.5714285714286
"cthm-03",14,2018,16.4285714285714,3,23.649909885756
"cthm-03",14,2019,13.5714285714285,3,45.7381920550516
"cthm-03",14,2020,5,3,42.4565887662541
"cthm-03",14,2021,19.2857142857143,3,23.4550694847849
"cthm-03",14,2022,19.2857142857143,3,24.766280143587
"cthm-03",14,2023,18.5714285714285,3,30.342746920476
"cthm-03",14,2024,10,3,26.7372834651533
"cthm-03",14,2025,9.28571428571429,3,24.857515230052
"cthm-03",15,1999,17.1428571428571,3,7.61904761904761
"cthm-03",15,2000,16.4285714285714,3,7.38095238095237
"cthm-03",15,2001,13.5714285714285,3,6.42857142857142
"cthm-03",15,2002,13.5714285714285,3,6.42857142857142
"cthm-03",15,2003,13.5714285714285,3,6.42857142857142
"cthm-03",15,2004,13.5714285714285,3,6.42857142857142
"cthm-03",15,2005,12.8571428571428,3,6.19047619047618
"cthm-03",15,2006,12.8571428571428,3,6.19047619047618
"cthm-03",15,2007,12.1428571428571,3,8.57142857142857
"cthm-03",15,2008,23.5714285714285,3,14.2857142857143
"cthm-03",15,2009,24.2857142857142,3,14.6428571428571
"cthm-03",15,2010,19.2857142857143,3,11.7857142857143
"cthm-03",15,2011,19.2857142857143,3,12.1428571428571
"cthm-03",15,2012,19.2857142857143,3,12.1428571428571
"cthm-03",15,2013,17.8571428571429,3,7.86059351276743
"cthm-03",15,2014,17.1428571428571,3,7.864044168392
"cthm-03",15,2015,15.7142857142857,3,6.07660455486542
"cthm-03",15,2016,15,3,15.0025879917184
"cthm-03",15,2017,16.4285714285714,3,23.5714285714286
"cthm-03",15,2018,16.4285714285714,3,23.649909885756
"cthm-03",15,2019,15.7142857142857,3,45.7381920550516
"cthm-03",15,2020,15.7142857142857,3,42.4565887662541
"cthm-03",15,2021,15,3,23.4550694847849
"cthm-03",15,2022,14.2857142857143,3,24.766280143587
"cthm-03",15,2023,13.5714285714286,3,30.342746920476
"cthm-03",15,2024,14.2857142857143,3,26.7372834651533
"cthm-03",15,2025,16.4285714285714,3,24.857515230052
"cthm-03",16,1999,17.2661870503597,4,49.5225193705218
"cthm-03",16,2000,16.5467625899281,4,49.2388314272594
"cthm-03",16,2001,16.5467625899281,4,49.0969874556282
"cthm-03",16,2002,16.5467625899281,4,49.0969874556282
"cthm-03",16,2003,15.8273381294964,4,48.9531025635419
"cthm-03",16,2004,15.8273381294964,4,48.8102454206847
"cthm-03",16,2005,15.8273381294964,4,48.2347058523394
"cthm-03",16,2006,15.1079136690648,4,48.3765498239706
"cthm-03",16,2007,15.1079136690648,4,48.2347058523394
"cthm-03",16,2008,15.1079136690648,4,48.0908209602531
"cthm-03",16,2009,15.1079136690648,4,48.0908209602531
"cthm-03",16,2010,15.1079136690648,4,47.9469360681667
"cthm-03",16,2011,14.3884892086331,4,47.5173368903661
"cthm-03",16,2012,14.3884892086331,4,47.5173368903661
"cthm-03",16,2013,14.3884892086331,4,47.5193778108212
"cthm-03",16,2014,18.7050359712231,4,48.2398300204821
"cthm-03",16,2015,19.4244604316546,4,48.2408577697113
"cthm-03",16,2016,17.9856115107914,4,47.665318201366
"cthm-03",16,2017,15.1079136690648,4,46.9479346613894
"cthm-03",16,2018,13.6690647482014,4,46.5142390646753
"cthm-03",16,2019,13.6690647482014,4,46.370354172589
"cthm-03",16,2020,13.6690647482014,4,46.9356891386587
"cthm-03",16,2021,13.6690647482014,4,47.3612210535523
"cthm-03",16,2022,13.6690647482014,4,50.4797475089837
"cthm-03",16,2023,12.9496402877698,4,50.0480928327247
"cthm-03",16,2024,12.9496402877698,4,48.4878091447814
"cthm-03",16,2025,12.9496402877698,4,48.3469783443762
"cthm-03",17,1999,69.0647482014389,4,49.5225193705218
"cthm-03",17,2000,69.7841726618705,4,49.2388314272594
"cthm-03",17,2001,69.7841726618705,4,49.0969874556282
"cthm-03",17,2002,69.7841726618705,4,49.0969874556282
"cthm-03",17,2003,69.7841726618705,4,48.9531025635419
"cthm-03",17,2004,69.7841726618705,4,48.8102454206847
"cthm-03",17,2005,66.906474820144,4,48.2347058523394
"cthm-03",17,2006,67.6258992805755,4,48.3765498239706
"cthm-03",17,2007,67.6258992805756,4,48.2347058523394
"cthm-03",17,2008,66.906474820144,4,48.0908209602531
"cthm-03",17,2009,66.906474820144,4,48.0908209602531
"cthm-03",17,2010,66.1870503597122,4,47.9469360681667
"cthm-03",17,2011,66.1870503597122,4,47.5173368903661
"cthm-03",17,2012,66.1870503597123,4,47.5173368903661
"cthm-03",17,2013,66.9064748201439,4,47.5193778108212
"cthm-03",17,2014,66.9064748201439,4,48.2398300204821
"cthm-03",17,2015,66.9064748201439,4,48.2408577697113
"cthm-03",17,2016,65.4676258992805,4,47.665318201366
"cthm-03",17,2017,65.4676258992806,4,46.9479346613894
"cthm-03",17,2018,64.0287769784173,4,46.5142390646753
"cthm-03",17,2019,63.3093525179856,4,46.370354172589
"cthm-03",17,2020,62.5899280575539,4,46.9356891386587
"cthm-03",17,2021,62.5899280575539,4,47.3612210535523
"cthm-03",17,2022,61.8705035971223,4,50.4797475089837
"cthm-03",17,2023,60.431654676259,4,50.0480928327247
"cthm-03",17,2024,60.431654676259,4,48.4878091447814
"cthm-03",17,2025,60.431654676259,4,48.3469783443762
"cthm-03",18,1999,78.0141843971631,4,49.5225193705218
"cthm-03",18,2000,77.3049645390071,4,49.2388314272594
"cthm-03",18,2001,77.3049645390071,4,49.0969874556282
"cthm-03",18,2002,77.3049645390071,4,49.0969874556282
"cthm-03",18,2003,77.3049645390071,4,48.9531025635419
"cthm-03",18,2004,77.3049645390071,4,48.8102454206847
"cthm-03",18,2005,77.3049645390071,4,48.2347058523394
"cthm-03",18,2006,77.3049645390072,4,48.3765498239706
"cthm-03",18,2007,76.5957446808511,4,48.2347058523394
"cthm-03",18,2008,76.5957446808511,4,48.0908209602531
"cthm-03",18,2009,76.5957446808511,4,48.0908209602531
"cthm-03",18,2010,76.5957446808511,4,47.9469360681667
"cthm-03",18,2011,76.5957446808511,4,47.5173368903661
"cthm-03",18,2012,76.5957446808511,4,47.5173368903661
"cthm-03",18,2013,76.5957446808511,4,47.5193778108212
"cthm-03",18,2014,76.5957446808511,4,48.2398300204821
"cthm-03",18,2015,76.5957446808511,4,48.2408577697113
"cthm-03",18,2016,76.5957446808511,4,47.665318201366
"cthm-03",18,2017,75.8865248226951,4,46.9479346613894
"cthm-03",18,2018,75.8865248226951,4,46.5142390646753
"cthm-03",18,2019,75.8865248226951,4,46.370354172589
"cthm-03",18,2020,78.0141843971631,4,46.9356891386587
"cthm-03",18,2021,78.0141843971631,4,47.3612210535523
"cthm-03",18,2022,78.0141843971631,4,50.4797475089837
"cthm-03",18,2023,78.0141843971631,4,50.0480928327247
"cthm-03",18,2024,78.0141843971631,4,48.4878091447814
"cthm-03",18,2025,78.0141843971631,4,48.3469783443762
"cthm-03",19,1999,40.7142857142857,4,49.5225193705218
"cthm-03",19,2000,40.7142857142857,4,49.2388314272594
"cthm-03",19,2001,40.7142857142857,4,49.0969874556282
"cthm-03",19,2002,40.7142857142857,4,49.0969874556282
"cthm-03",19,2003,40.7142857142857,4,48.9531025635419
"cthm-03",19,2004,40,4,48.8102454206847
"cthm-03",19,2005,40,4,48.2347058523394
"cthm-03",19,2006,40,4,48.3765498239706
"cthm-03",19,2007,40,4,48.2347058523394
"cthm-03",19,2008,40,4,48.0908209602531
"cthm-03",19,2009,40,4,48.0908209602531
"cthm-03",19,2010,40,4,47.9469360681667
"cthm-03",19,2011,38.5714285714286,4,47.5173368903661
"cthm-03",19,2012,38.5714285714286,4,47.5173368903661
"cthm-03",19,2013,38.5714285714285,4,47.5193778108212
"cthm-03",19,2014,37.8571428571428,4,48.2398300204821
"cthm-03",19,2015,37.1428571428572,4,48.2408577697113
"cthm-03",19,2016,37.1428571428572,4,47.665318201366
"cthm-03",19,2017,37.1428571428572,4,46.9479346613894
"cthm-03",19,2018,37.1428571428572,4,46.5142390646753
"cthm-03",19,2019,37.1428571428572,4,46.370354172589
"cthm-03",19,2020,37.1428571428571,4,46.9356891386587
"cthm-03",19,2021,37.1428571428571,4,47.3612210535523
"cthm-03",19,2022,37.1428571428571,4,50.4797475089837
"cthm-03",19,2023,37.1428571428571,4,50.0480928327247
"cthm-03",19,2024,37.1428571428571,4,48.4878091447814
"cthm-03",19,2025,37.8571428571429,4,48.3469783443762
"cthm-03",20,1999,42.5531914893617,4,49.5225193705218
"cthm-03",20,2000,41.8439716312057,4,49.2388314272594
"cthm-03",20,2001,41.1347517730497,4,49.0969874556282
"cthm-03",20,2002,41.1347517730497,4,49.0969874556282
"cthm-03",20,2003,41.1347517730497,4,48.9531025635419
"cthm-03",20,2004,41.1347517730497,4,48.8102454206847
"cthm-03",20,2005,41.1347517730497,4,48.2347058523394
"cthm-03",20,2006,41.8439716312057,4,48.3765498239706
"cthm-03",20,2007,41.8439716312057,4,48.2347058523394
"cthm-03",20,2008,41.8439716312057,4,48.0908209602531
"cthm-03",20,2009,41.8439716312057,4,48.0908209602531
"cthm-03",20,2010,41.8439716312057,4,47.9469360681667
"cthm-03",20,2011,41.8439716312057,4,47.5173368903661
"cthm-03",20,2012,41.8439716312056,4,47.5173368903661
"cthm-03",20,2013,41.1347517730496,4,47.5193778108212
"cthm-03",20,2014,41.1347517730496,4,48.2398300204821
"cthm-03",20,2015,41.1347517730496,4,48.2408577697113
"cthm-03",20,2016,41.1347517730496,4,47.665318201366
"cthm-03",20,2017,41.1347517730496,4,46.9479346613894
"cthm-03",20,2018,41.8439716312056,4,46.5142390646753
"cthm-03",20,2019,41.8439716312056,4,46.370354172589
"cthm-03",20,2020,43.2624113475177,4,46.9356891386587
"cthm-03",20,2021,45.3900709219859,4,47.3612210535523
"cthm-03",20,2022,61.7021276595745,4,50.4797475089837
"cthm-03",20,2023,61.7021276595745,4,50.0480928327247
"cthm-03",20,2024,53.9007092198581,4,48.4878091447814
"cthm-03",20,2025,52.4822695035461,4,48.3469783443762
"cthm-04",1,2020,55,1,26.8659236744343
"cthm-04",1,2021,55,1,26.8659236744343
"cthm-04",1,2022,55,1,25.5456808070129
"cthm-04",1,2023,52.8571428571429,1,24.3007466631426
"cthm-04",1,2024,40.7142857142857,1,17.4876657415973
"cthm-04",2,1999,38.2978723404255,1,32.7659574468085
"cthm-04",2,2000,27.6595744680851,1,23.1985375093608
"cthm-04",2,2001,9.9290780141844,1,16.6230562530285
"cthm-04",2,2002,4.9645390070922,1,13.4150477952513
"cthm-04",2,2003,2.83687943262411,1,9.30135236333201
"cthm-04",2,2004,1.41843971631206,1,7.39137776603087
"cthm-04",2,2005,1.41843971631206,1,7.14638121668649
"cthm-04",2,2006,1.41843971631206,1,9.63779128672746
"cthm-04",2,2007,1.41843971631206,1,9.63779128672746
"cthm-04",2,2008,1.41843971631206,1,9.2806484295846
"cthm-04",2,2009,1.41843971631206,1,9.2806484295846
"cthm-04",2,2010,1.41843971631206,1,9.28064842958461
"cthm-04",2,2011,1.41843971631206,1,8.92350557244175
"cthm-04",2,2012,1.41843971631206,1,8.92350557244175
"cthm-04",2,2013,1.41843971631206,1,8.92350557244175
"cthm-04",2,2014,0.709219858156028,1,7.85460992907803
"cthm-04",2,2015,0.709219858156028,1,7.85460992907803
"cthm-04",2,2016,0.709219858156028,1,7.14032421479228
"cthm-04",2,2017,0.709219858156028,1,7.14032421479228
"cthm-04",2,2018,0.709219858156028,1,5.71175278622087
"cthm-04",2,2019,14.1843971631206,1,11.7350557244174
"cthm-04",2,2020,16.3120567375887,1,26.8659236744343
"cthm-04",2,2021,16.3120567375887,1,26.8659236744343
"cthm-04",2,2022,23.4042553191489,1,25.5456808070129
"cthm-04",2,2023,20.5673758865248,1,24.3007466631426
"cthm-04",2,2024,15.6028368794326,1,17.4876657415973
"cthm-04",2,2025,4.9645390070922,1,7.12512664640325
"cthm-04",3,2000,9.42028985507246,1,23.1985375093608
"cthm-04",3,2001,9.42028985507246,1,16.6230562530285
"cthm-04",3,2002,8.69565217391304,1,13.4150477952513
"cthm-04",3,2003,5.79710144927536,1,9.30135236333201
"cthm-04",3,2004,2.89855072463768,1,7.39137776603087
"cthm-04",3,2005,1.44927536231884,1,7.14638121668649
"cthm-04",3,2022,14.4927536231884,1,25.5456808070129
"cthm-04",3,2023,14.4927536231884,1,24.3007466631426
"cthm-04",3,2024,4.34782608695652,1,17.4876657415973
"cthm-04",4,1999,28.5714285714286,1,32.7659574468085
"cthm-04",4,2000,27.1428571428571,1,23.1985375093608
"cthm-04",4,2001,25,1,16.6230562530285
"cthm-04",4,2002,17.8571428571429,1,13.4150477952513
"cthm-04",4,2003,8.57142857142857,1,9.30135236333201
"cthm-04",5,1999,31.4285714285714,1,32.7659574468085
"cthm-04",5,2000,28.5714285714286,1,23.1985375093608
"cthm-04",5,2001,22.1428571428571,1,16.6230562530285
"cthm-04",5,2002,22.1428571428571,1,13.4150477952513
"cthm-04",5,2003,20,1,9.30135236333201
"cthm-04",5,2004,17.8571428571429,1,7.39137776603087
"cthm-04",5,2005,18.5714285714286,1,7.14638121668649
"cthm-04",5,2006,17.8571428571429,1,9.63779128672746
"cthm-04",5,2007,17.8571428571429,1,9.63779128672746
"cthm-04",5,2008,17.1428571428571,1,9.2806484295846
"cthm-04",5,2009,17.1428571428571,1,9.2806484295846
"cthm-04",5,2010,17.1428571428572,1,9.28064842958461
"cthm-04",5,2011,16.4285714285714,1,8.92350557244175
"cthm-04",5,2012,16.4285714285714,1,8.92350557244175
"cthm-04",5,2013,16.4285714285714,1,8.92350557244175
"cthm-04",5,2014,15,1,7.85460992907803
"cthm-04",5,2015,15,1,7.85460992907803
"cthm-04",5,2016,13.5714285714285,1,7.14032421479228
"cthm-04",5,2017,13.5714285714285,1,7.14032421479228
"cthm-04",5,2018,10.7142857142857,1,5.71175278622087
"cthm-04",5,2019,9.28571428571429,1,11.7350557244174
"cthm-04",5,2020,9.28571428571429,1,26.8659236744343
"cthm-04",5,2021,9.28571428571429,1,26.8659236744343
"cthm-04",5,2022,9.28571428571429,1,25.5456808070129
"cthm-04",5,2023,9.28571428571429,1,24.3007466631426
"cthm-04",5,2024,9.28571428571429,1,17.4876657415973
"cthm-04",5,2025,9.28571428571429,1,7.12512664640325
"cthm-04",6,1999,12.8571428571429,2,22.8953185277865
"cthm-04",6,2000,12.8571428571429,2,22.8953185277865
"cthm-04",6,2001,12.8571428571429,2,22.8953185277865
"cthm-04",6,2002,12.8571428571429,2,22.8953185277865
"cthm-04",6,2003,12.8571428571429,2,22.8953185277865
"cthm-04",6,2004,12.8571428571429,2,23.0392034198728
"cthm-04",6,2005,12.8571428571429,2,25.0764705006182
"cthm-04",6,2006,12.8571428571429,2,25.0764705006182
"cthm-04",6,2007,12.8571428571429,2,24.9315429643863
"cthm-04",6,2008,12.8571428571429,2,24.3528754636043
"cthm-04",6,2009,14.2857142857143,2,23.3342419232316
"cthm-04",6,2010,14.2857142857143,2,23.0433442066223
"cthm-04",6,2011,13.5714285714286,2,22.3207769188376
"cthm-04",6,2012,13.5714285714286,2,22.3207769188376
"cthm-04",6,2013,13.5714285714286,2,22.4646618109239
"cthm-04",6,2014,13.5714285714286,2,23.7700522811565
"cthm-04",6,2015,13.5714285714286,2,24.0599073536202
"cthm-04",6,2016,13.5714285714286,2,23.9139371732428
"cthm-04",6,2017,13.5714285714286,2,23.0443719558515
"cthm-04",6,2018,13.5714285714286,2,22.8994444196196
"cthm-04",6,2019,13.5714285714286,2,22.6106319913014
"cthm-04",6,2020,13.5714285714286,2,22.3228622071287
"cthm-04",6,2021,13.5714285714286,2,22.1789773150424
"cthm-04",6,2022,14.2857142857143,2,22.1769069216676
"cthm-04",6,2023,14.2857142857143,2,22.0319793854358
"cthm-04",6,2024,14.2857142857143,2,22.0319793854358
"cthm-04",6,2025,14.2857142857143,2,22.0319793854358
"cthm-04",7,1999,12.2302158273381,2,22.8953185277865
"cthm-04",7,2000,12.2302158273381,2,22.8953185277865
"cthm-04",7,2001,12.2302158273381,2,22.8953185277865
"cthm-04",7,2002,12.2302158273381,2,22.8953185277865
"cthm-04",7,2003,12.2302158273381,2,22.8953185277865
"cthm-04",7,2004,12.9496402877698,2,23.0392034198728
"cthm-04",7,2005,12.9496402877698,2,25.0764705006182
"cthm-04",7,2006,12.9496402877698,2,25.0764705006182
"cthm-04",7,2007,12.9496402877698,2,24.9315429643863
"cthm-04",7,2008,12.2302158273381,2,24.3528754636043
"cthm-04",7,2009,12.2302158273381,2,23.3342419232316
"cthm-04",7,2010,12.9496402877698,2,23.0433442066223
"cthm-04",7,2011,12.9496402877698,2,22.3207769188376
"cthm-04",7,2012,12.9496402877698,2,22.3207769188376
"cthm-04",7,2013,13.6690647482014,2,22.4646618109239
"cthm-04",7,2014,12.9496402877698,2,23.7700522811565
"cthm-04",7,2015,12.9496402877698,2,24.0599073536202
"cthm-04",7,2016,13.6690647482015,2,23.9139371732428
"cthm-04",7,2017,13.6690647482014,2,23.0443719558515
"cthm-04",7,2018,13.6690647482014,2,22.8994444196196
"cthm-04",7,2019,12.9496402877698,2,22.6106319913014
"cthm-04",7,2020,11.5107913669065,2,22.3228622071287
"cthm-04",7,2021,10.7913669064748,2,22.1789773150424
"cthm-04",7,2022,10.7913669064748,2,22.1769069216676
"cthm-04",7,2023,10.7913669064748,2,22.0319793854358
"cthm-04",7,2024,10.7913669064748,2,22.0319793854358
"cthm-04",7,2025,10.7913669064748,2,22.0319793854358
"cthm-04",8,1999,82.1428571428571,2,22.8953185277865
"cthm-04",8,2000,82.1428571428571,2,22.8953185277865
"cthm-04",8,2001,82.1428571428571,2,22.8953185277865
"cthm-04",8,2002,82.1428571428571,2,22.8953185277865
"cthm-04",8,2003,82.1428571428571,2,22.8953185277865
"cthm-04",8,2004,82.1428571428571,2,23.0392034198728
"cthm-04",8,2005,79.2857142857143,2,25.0764705006182
"cthm-04",8,2006,79.2857142857143,2,25.0764705006182
"cthm-04",8,2007,79.2857142857143,2,24.9315429643863
"cthm-04",8,2008,79.2857142857143,2,24.3528754636043
"cthm-04",8,2009,79.2857142857143,2,23.3342419232316
"cthm-04",8,2010,79.2857142857143,2,23.0433442066223
"cthm-04",8,2011,79.2857142857143,2,22.3207769188376
"cthm-04",8,2012,79.2857142857143,2,22.3207769188376
"cthm-04",8,2013,79.2857142857143,2,22.4646618109239
"cthm-04",8,2014,79.2857142857143,2,23.7700522811565
"cthm-04",8,2015,79.2857142857143,2,24.0599073536202
"cthm-04",8,2016,79.2857142857143,2,23.9139371732428
"cthm-04",8,2017,79.2857142857143,2,23.0443719558515
"cthm-04",8,2018,79.2857142857143,2,22.8994444196196
"cthm-04",8,2019,79.2857142857143,2,22.6106319913014
"cthm-04",8,2020,79.2857142857143,2,22.3228622071287
"cthm-04",8,2021,79.2857142857143,2,22.1789773150424
"cthm-04",8,2022,79.2857142857143,2,22.1769069216676
"cthm-04",8,2023,79.2857142857143,2,22.0319793854358
"cthm-04",8,2024,79.2857142857143,2,22.0319793854358
"cthm-04",8,2025,79.2857142857143,2,22.0319793854358
"cthm-04",9,1999,0.72463768115942,2,22.8953185277865
"cthm-04",9,2000,0.72463768115942,2,22.8953185277865
"cthm-04",9,2001,0.72463768115942,2,22.8953185277865
"cthm-04",9,2002,0.72463768115942,2,22.8953185277865
"cthm-04",9,2003,0.72463768115942,2,22.8953185277865
"cthm-04",9,2004,0.72463768115942,2,23.0392034198728
"cthm-04",9,2005,0.72463768115942,2,25.0764705006182
"cthm-04",9,2006,0.72463768115942,2,25.0764705006182
"cthm-04",9,2007,0.72463768115942,2,24.9315429643863
"cthm-04",9,2008,0.72463768115942,2,24.3528754636043
"cthm-04",9,2009,0.72463768115942,2,23.3342419232316
"cthm-04",9,2010,0.72463768115942,2,23.0433442066223
"cthm-04",9,2011,0.72463768115942,2,22.3207769188376
"cthm-04",9,2012,0.72463768115942,2,22.3207769188376
"cthm-04",9,2013,0.72463768115942,2,22.4646618109239
"cthm-04",9,2014,0.72463768115942,2,23.7700522811565
"cthm-04",9,2015,0.72463768115942,2,24.0599073536202
"cthm-04",9,2016,0.72463768115942,2,23.9139371732428
"cthm-04",9,2017,0.72463768115942,2,23.0443719558515
"cthm-04",9,2018,0.72463768115942,2,22.8994444196196
"cthm-04",9,2019,0.72463768115942,2,22.6106319913014
"cthm-04",9,2020,0.72463768115942,2,22.3228622071287
"cthm-04",9,2021,0.72463768115942,2,22.1789773150424
"cthm-04",9,2022,0.72463768115942,2,22.1769069216676
"cthm-04",9,2023,0.72463768115942,2,22.0319793854358
"cthm-04",9,2024,0.72463768115942,2,22.0319793854358
"cthm-04",9,2025,0.72463768115942,2,22.0319793854358
"cthm-04",10,1999,6.52173913043478,2,22.8953185277865
"cthm-04",10,2000,6.52173913043478,2,22.8953185277865
"cthm-04",10,2001,6.52173913043478,2,22.8953185277865
"cthm-04",10,2002,6.52173913043478,2,22.8953185277865
"cthm-04",10,2003,6.52173913043478,2,22.8953185277865
"cthm-04",10,2004,6.52173913043478,2,23.0392034198728
"cthm-04",10,2005,19.5652173913044,2,25.0764705006182
"cthm-04",10,2006,19.5652173913044,2,25.0764705006182
"cthm-04",10,2007,18.840579710145,2,24.9315429643863
"cthm-04",10,2008,16.6666666666667,2,24.3528754636043
"cthm-04",10,2009,10.1449275362319,2,23.3342419232316
"cthm-04",10,2010,7.97101449275362,2,23.0433442066223
"cthm-04",10,2011,5.07246376811594,2,22.3207769188376
"cthm-04",10,2012,5.07246376811594,2,22.3207769188376
"cthm-04",10,2013,5.07246376811594,2,22.4646618109239
"cthm-04",10,2014,12.3188405797101,2,23.7700522811565
"cthm-04",10,2015,13.768115942029,2,24.0599073536202
"cthm-04",10,2016,12.3188405797101,2,23.9139371732428
"cthm-04",10,2017,7.97101449275362,2,23.0443719558515
"cthm-04",10,2018,7.2463768115942,2,22.8994444196196
"cthm-04",10,2019,6.52173913043478,2,22.6106319913014
"cthm-04",10,2020,6.52173913043478,2,22.3228622071287
"cthm-04",10,2021,6.52173913043478,2,22.1789773150424
"cthm-04",10,2022,5.79710144927536,2,22.1769069216676
"cthm-04",10,2023,5.07246376811594,2,22.0319793854358
"cthm-04",10,2024,5.07246376811594,2,22.0319793854358
"cthm-04",10,2025,5.07246376811594,2,22.0319793854358
"cthm-04",11,1999,7.19424460431654,3,22.622816032888
"cthm-04",11,2000,7.19424460431654,3,22.622816032888
"cthm-04",11,2001,6.47482014388489,3,22.7646454265159
"cthm-04",11,2002,6.47482014388489,3,22.7646454265159
"cthm-04",11,2003,6.47482014388489,3,22.7646454265159
"cthm-04",11,2004,6.47482014388489,3,22.7646454265159
"cthm-04",11,2005,6.47482014388489,3,22.7646454265159
"cthm-04",11,2006,6.47482014388489,3,22.7646454265159
"cthm-04",11,2007,6.47482014388489,3,24.0503597122302
"cthm-04",11,2008,6.47482014388489,3,24.1932168550874
"cthm-04",11,2009,6.47482014388489,3,24.3360739979445
"cthm-04",11,2010,6.47482014388489,3,24.3360739979445
"cthm-04",11,2011,6.47482014388489,3,23.0503597122302
"cthm-04",11,2012,6.47482014388489,3,21.7646454265159
"cthm-04",11,2013,6.47482014388489,3,21.9075025693731
"cthm-04",11,2014,6.47482014388489,3,21.9075025693731
"cthm-04",11,2015,6.47482014388489,3,22.0503597122302
"cthm-04",11,2016,6.47482014388489,3,22.3360739979445
"cthm-04",11,2017,6.47482014388489,3,29.6731757451182
"cthm-04",11,2018,6.47482014388489,3,29.9609455292909
"cthm-04",11,2019,6.47482014388489,3,29.9609455292909
"cthm-04",11,2020,6.47482014388489,3,29.6742034943474
"cthm-04",11,2021,6.47482014388489,3,28.6670092497431
"cthm-04",11,2022,6.47482014388489,3,22.1932168550874
"cthm-04",11,2023,6.47482014388489,3,22.0503597122302
"cthm-04",11,2024,6.47482014388489,3,22.0503597122302
"cthm-04",11,2025,6.47482014388489,3,22.0503597122302
"cthm-04",12,1999,28.7769784172662,3,22.622816032888
"cthm-04",12,2000,28.7769784172662,3,22.622816032888
"cthm-04",12,2001,28.7769784172662,3,22.7646454265159
"cthm-04",12,2002,28.7769784172662,3,22.7646454265159
"cthm-04",12,2003,28.7769784172662,3,22.7646454265159
"cthm-04",12,2004,28.7769784172662,3,22.7646454265159
"cthm-04",12,2005,28.7769784172662,3,22.7646454265159
"cthm-04",12,2006,28.7769784172662,3,22.7646454265159
"cthm-04",12,2007,28.7769784172662,3,24.0503597122302
"cthm-04",12,2008,28.7769784172662,3,24.1932168550874
"cthm-04",12,2009,28.7769784172662,3,24.3360739979445
"cthm-04",12,2010,28.7769784172662,3,24.3360739979445
"cthm-04",12,2011,28.7769784172662,3,23.0503597122302
"cthm-04",12,2012,28.7769784172662,3,21.7646454265159
"cthm-04",12,2013,28.7769784172662,3,21.9075025693731
"cthm-04",12,2014,28.7769784172662,3,21.9075025693731
"cthm-04",12,2015,28.7769784172662,3,22.0503597122302
"cthm-04",12,2016,28.7769784172662,3,22.3360739979445
"cthm-04",12,2017,64.7482014388489,3,29.6731757451182
"cthm-04",12,2018,66.1870503597122,3,29.9609455292909
"cthm-04",12,2019,66.1870503597122,3,29.9609455292909
"cthm-04",12,2020,65.4676258992806,3,29.6742034943474
"cthm-04",12,2021,60.431654676259,3,28.6670092497431
"cthm-04",12,2022,28.7769784172662,3,22.1932168550874
"cthm-04",12,2023,28.7769784172662,3,22.0503597122302
"cthm-04",12,2024,28.7769784172662,3,22.0503597122302
"cthm-04",12,2025,28.7769784172662,3,22.0503597122302
"cthm-04",13,1999,10.7142857142857,3,22.622816032888
"cthm-04",13,2000,10.7142857142857,3,22.622816032888
"cthm-04",13,2001,12.1428571428571,3,22.7646454265159
"cthm-04",13,2002,12.1428571428571,3,22.7646454265159
"cthm-04",13,2003,12.1428571428571,3,22.7646454265159
"cthm-04",13,2004,12.1428571428571,3,22.7646454265159
"cthm-04",13,2005,12.1428571428571,3,22.7646454265159
"cthm-04",13,2006,12.1428571428571,3,22.7646454265159
"cthm-04",13,2007,19.2857142857143,3,24.0503597122302
"cthm-04",13,2008,20.7142857142857,3,24.1932168550874
"cthm-04",13,2009,21.4285714285714,3,24.3360739979445
"cthm-04",13,2010,21.4285714285715,3,24.3360739979445
"cthm-04",13,2011,15,3,23.0503597122302
"cthm-04",13,2012,7.85714285714286,3,21.7646454265159
"cthm-04",13,2013,7.85714285714286,3,21.9075025693731
"cthm-04",13,2014,7.85714285714286,3,21.9075025693731
"cthm-04",13,2015,7.85714285714286,3,22.0503597122302
"cthm-04",13,2016,7.85714285714286,3,22.3360739979445
"cthm-04",13,2017,7.85714285714286,3,29.6731757451182
"cthm-04",13,2018,7.85714285714286,3,29.9609455292909
"cthm-04",13,2019,7.85714285714286,3,29.9609455292909
"cthm-04",13,2020,7.85714285714286,3,29.6742034943474
"cthm-04",13,2021,7.85714285714286,3,28.6670092497431
"cthm-04",13,2022,7.85714285714286,3,22.1932168550874
"cthm-04",13,2023,7.85714285714286,3,22.0503597122302
"cthm-04",13,2024,7.85714285714286,3,22.0503597122302
"cthm-04",13,2025,7.85714285714286,3,22.0503597122302
"cthm-04",14,1999,40.7142857142857,3,22.622816032888
"cthm-04",14,2000,40.7142857142857,3,22.622816032888
"cthm-04",14,2001,40.7142857142857,3,22.7646454265159
"cthm-04",14,2002,40.7142857142857,3,22.7646454265159
"cthm-04",14,2003,40.7142857142857,3,22.7646454265159
"cthm-04",14,2004,40.7142857142857,3,22.7646454265159
"cthm-04",14,2005,40.7142857142857,3,22.7646454265159
"cthm-04",14,2006,40.7142857142857,3,22.7646454265159
"cthm-04",14,2007,40,3,24.0503597122302
"cthm-04",14,2008,40,3,24.1932168550874
"cthm-04",14,2009,40,3,24.3360739979445
"cthm-04",14,2010,40,3,24.3360739979445
"cthm-04",14,2011,40,3,23.0503597122302
"cthm-04",14,2012,40.7142857142857,3,21.7646454265159
"cthm-04",14,2013,40.7142857142857,3,21.9075025693731
"cthm-04",14,2014,40.7142857142857,3,21.9075025693731
"cthm-04",14,2015,41.4285714285714,3,22.0503597122302
"cthm-04",14,2016,42.8571428571429,3,22.3360739979445
"cthm-04",14,2017,43.5714285714286,3,29.6731757451182
"cthm-04",14,2018,43.5714285714286,3,29.9609455292909
"cthm-04",14,2019,43.5714285714286,3,29.9609455292909
"cthm-04",14,2020,42.8571428571429,3,29.6742034943474
"cthm-04",14,2021,42.8571428571429,3,28.6670092497431
"cthm-04",14,2022,42.8571428571429,3,22.1932168550874
"cthm-04",14,2023,42.8571428571429,3,22.0503597122302
"cthm-04",14,2024,42.8571428571429,3,22.0503597122302
"cthm-04",14,2025,42.8571428571429,3,22.0503597122302
"cthm-04",15,1999,25.7142857142857,3,22.622816032888
"cthm-04",15,2000,25.7142857142857,3,22.622816032888
"cthm-04",15,2001,25.7142857142857,3,22.7646454265159
"cthm-04",15,2002,25.7142857142857,3,22.7646454265159
"cthm-04",15,2003,25.7142857142857,3,22.7646454265159
"cthm-04",15,2004,25.7142857142857,3,22.7646454265159
"cthm-04",15,2005,25.7142857142857,3,22.7646454265159
"cthm-04",15,2006,25.7142857142857,3,22.7646454265159
"cthm-04",15,2007,25.7142857142857,3,24.0503597122302
"cthm-04",15,2008,25,3,24.1932168550874
"cthm-04",15,2009,25,3,24.3360739979445
"cthm-04",15,2010,25,3,24.3360739979445
"cthm-04",15,2011,25,3,23.0503597122302
"cthm-04",15,2012,25,3,21.7646454265159
"cthm-04",15,2013,25.7142857142857,3,21.9075025693731
"cthm-04",15,2014,25.7142857142857,3,21.9075025693731
"cthm-04",15,2015,25.7142857142857,3,22.0503597122302
"cthm-04",15,2016,25.7142857142857,3,22.3360739979445
"cthm-04",15,2017,25.7142857142857,3,29.6731757451182
"cthm-04",15,2018,25.7142857142857,3,29.9609455292909
"cthm-04",15,2019,25.7142857142857,3,29.9609455292909
"cthm-04",15,2020,25.7142857142857,3,29.6742034943474
"cthm-04",15,2021,25.7142857142857,3,28.6670092497431
"cthm-04",15,2022,25,3,22.1932168550874
"cthm-04",15,2023,24.2857142857143,3,22.0503597122302
"cthm-04",15,2024,24.2857142857143,3,22.0503597122302
"cthm-04",15,2025,24.2857142857143,3,22.0503597122302
"cthm-04",16,2000,21.5827338129496,4,34.6348064405618
"cthm-04",16,2001,20.863309352518,4,34.7787062275645
"cthm-04",16,2002,11.5107913669065,4,32.9082026304422
"cthm-04",16,2003,5.75539568345324,4,31.610125564145
"cthm-04",16,2022,2.87769784172662,4,32.4713645232882
"cthm-04",16,2023,58.273381294964,4,44.4158958547448
"cthm-04",16,2024,51.0791366906475,4,43.4045757183073
"cthm-04",16,2025,10.0719424460432,4,35.2020942252409
"cthm-04",17,1999,34.0579710144928,4,38.4361268748976
"cthm-04",17,2000,33.3333333333333,4,34.6348064405618
"cthm-04",17,2001,34.0579710144927,4,34.7787062275645
"cthm-04",17,2002,34.0579710144927,4,32.9082026304422
"cthm-04",17,2003,32.6086956521739,4,31.610125564145
"cthm-04",17,2004,32.6086956521739,4,37.7153804906386
"cthm-04",17,2005,32.6086956521739,4,37.89395191921
"cthm-04",17,2006,32.6086956521739,4,37.89395191921
"cthm-04",17,2007,32.6086956521739,4,40.5892242727557
"cthm-04",17,2008,32.6086956521739,4,40.9540752491175
"cthm-04",17,2009,32.6086956521739,4,44.5499128647393
"cthm-04",17,2010,32.6086956521739,4,44.3700567496314
"cthm-04",17,2011,32.6086956521739,4,43.111063943876
"cthm-04",17,2012,32.6086956521739,4,41.8520711381206
"cthm-04",17,2013,32.6086956521739,4,40.0547946735779
"cthm-04",17,2014,32.6086956521739,4,40.2333661021493
"cthm-04",17,2015,32.6086956521739,4,40.2333661021493
"cthm-04",17,2016,32.6086956521739,4,40.2333661021493
"cthm-04",17,2017,32.6086956521739,4,40.4119375307208
"cthm-04",17,2018,32.6086956521739,4,40.4119375307208
"cthm-04",17,2019,31.8840579710145,4,40.0496373087865
"cthm-04",17,2020,31.8840579710145,4,39.8697811936786
"cthm-04",17,2021,31.8840579710145,4,39.6912097651072
"cthm-04",17,2022,31.8840579710145,4,32.4713645232882
"cthm-04",17,2023,33.3333333333333,4,44.4158958547448
"cthm-04",17,2024,32.6086956521739,4,43.4045757183073
"cthm-04",17,2025,31.8840579710145,4,35.2020942252409
"cthm-04",18,1999,63.5714285714285,4,38.4361268748976
"cthm-04",18,2000,62.1428571428571,4,34.6348064405618
"cthm-04",18,2001,62.8571428571429,4,34.7787062275645
"cthm-04",18,2002,62.8571428571429,4,32.9082026304422
"cthm-04",18,2003,63.5714285714286,4,31.610125564145
"cthm-04",18,2004,62.8571428571429,4,37.7153804906386
"cthm-04",18,2005,63.5714285714286,4,37.89395191921
"cthm-04",18,2006,63.5714285714286,4,37.89395191921
"cthm-04",18,2007,65,4,40.5892242727557
"cthm-04",18,2008,62.1428571428571,4,40.9540752491175
"cthm-04",18,2009,62.8571428571429,4,44.5499128647393
"cthm-04",18,2010,62.8571428571429,4,44.3700567496314
"cthm-04",18,2011,62.8571428571429,4,43.111063943876
"cthm-04",18,2012,62.8571428571429,4,41.8520711381206
"cthm-04",18,2013,62.1428571428571,4,40.0547946735779
"cthm-04",18,2014,62.8571428571429,4,40.2333661021493
"cthm-04",18,2015,62.8571428571429,4,40.2333661021493
"cthm-04",18,2016,62.8571428571429,4,40.2333661021493
"cthm-04",18,2017,63.5714285714286,4,40.4119375307208
"cthm-04",18,2018,63.5714285714286,4,40.4119375307208
"cthm-04",18,2019,64.2857142857143,4,40.0496373087865
"cthm-04",18,2020,64.2857142857143,4,39.8697811936786
"cthm-04",18,2021,63.5714285714286,4,39.6912097651072
"cthm-04",18,2022,64.2857142857143,4,32.4713645232882
"cthm-04",18,2023,64.2857142857143,4,44.4158958547448
"cthm-04",18,2024,66.4285714285714,4,43.4045757183073
"cthm-04",18,2025,66.4285714285714,4,35.2020942252409
"cthm-04",19,1999,17.2661870503597,4,38.4361268748976
"cthm-04",19,2000,17.2661870503597,4,34.6348064405618
"cthm-04",19,2001,17.2661870503597,4,34.7787062275645
"cthm-04",19,2002,17.2661870503597,4,32.9082026304422
"cthm-04",19,2003,17.2661870503597,4,31.610125564145
"cthm-04",19,2004,16.5467625899281,4,37.7153804906386
"cthm-04",19,2005,16.5467625899281,4,37.89395191921
"cthm-04",19,2006,16.5467625899281,4,37.89395191921
"cthm-04",19,2007,25.8992805755395,4,40.5892242727557
"cthm-04",19,2008,26.6187050359713,4,40.9540752491175
"cthm-04",19,2009,40.2877697841727,4,44.5499128647393
"cthm-04",19,2010,40.2877697841727,4,44.3700567496314
"cthm-04",19,2011,38.1294964028777,4,43.111063943876
"cthm-04",19,2012,25.179856115108,4,41.8520711381206
"cthm-04",19,2013,18.705035971223,4,40.0547946735779
"cthm-04",19,2014,18.705035971223,4,40.2333661021493
"cthm-04",19,2015,18.705035971223,4,40.2333661021493
"cthm-04",19,2016,18.705035971223,4,40.2333661021493
"cthm-04",19,2017,18.705035971223,4,40.4119375307208
"cthm-04",19,2018,18.705035971223,4,40.4119375307208
"cthm-04",19,2019,18.705035971223,4,40.0496373087865
"cthm-04",19,2020,18.705035971223,4,39.8697811936786
"cthm-04",19,2021,18.705035971223,4,39.6912097651072
"cthm-04",19,2022,18.705035971223,4,32.4713645232882
"cthm-04",19,2023,18.705035971223,4,44.4158958547448
"cthm-04",19,2024,19.4244604316547,4,43.4045757183073
"cthm-04",19,2025,18.705035971223,4,35.2020942252409
"cthm-04",20,1999,38.8489208633094,4,38.4361268748976
"cthm-04",20,2000,38.8489208633094,4,34.6348064405618
"cthm-04",20,2001,38.8489208633094,4,34.7787062275645
"cthm-04",20,2002,38.8489208633094,4,32.9082026304422
"cthm-04",20,2003,38.8489208633094,4,31.610125564145
"cthm-04",20,2004,38.8489208633094,4,37.7153804906386
"cthm-04",20,2005,38.8489208633094,4,37.89395191921
"cthm-04",20,2006,38.8489208633094,4,37.89395191921
"cthm-04",20,2007,38.8489208633094,4,40.5892242727557
"cthm-04",20,2008,42.4460431654677,4,40.9540752491175
"cthm-04",20,2009,42.4460431654677,4,44.5499128647393
"cthm-04",20,2010,41.726618705036,4,44.3700567496314
"cthm-04",20,2011,38.8489208633094,4,43.111063943876
"cthm-04",20,2012,46.7625899280576,4,41.8520711381206
"cthm-04",20,2013,46.7625899280576,4,40.0547946735779
"cthm-04",20,2014,46.7625899280576,4,40.2333661021493
"cthm-04",20,2015,46.7625899280576,4,40.2333661021493
"cthm-04",20,2016,46.7625899280576,4,40.2333661021493
"cthm-04",20,2017,46.7625899280576,4,40.4119375307208
"cthm-04",20,2018,46.7625899280576,4,40.4119375307208
"cthm-04",20,2019,45.3237410071942,4,40.0496373087865
"cthm-04",20,2020,44.6043165467626,4,39.8697811936786
"cthm-04",20,2021,44.6043165467626,4,39.6912097651072
"cthm-04",20,2022,44.6043165467626,4,32.4713645232882
"cthm-04",20,2023,47.4820143884892,4,44.4158958547448
"cthm-04",20,2024,47.4820143884892,4,43.4045757183073
"cthm-04",20,2025,48.9208633093525,4,35.2020942252409
"cthm-05",1,1999,39.8550724637681,1,42.8867390559602
"cthm-05",1,2000,45.6521739130435,1,43.9012467044997
"cthm-05",1,2001,45.6521739130435,1,43.9012467044997
"cthm-05",1,2002,45.6521739130435,1,44.1890164886724
"cthm-05",1,2003,45.6521739130435,1,44.0461593458153
"cthm-05",1,2004,45.6521739130435,1,43.6145046695563
"cthm-05",1,2005,45.6521739130435,1,43.7583895616426
"cthm-05",1,2006,45.6521739130435,1,44.3339291299879
"cthm-05",1,2007,44.2028985507246,1,45.3400658355303
"cthm-05",1,2008,44.2028985507246,1,47.3523988262806
"cthm-05",1,2009,44.2028985507246,1,47.2085139341942
"cthm-05",1,2010,44.2028985507246,1,47.2085139341942
"cthm-05",1,2011,44.2028985507246,1,47.6411963596824
"cthm-05",1,2012,44.2028985507246,1,47.6411963596824
"cthm-05",1,2013,44.2028985507246,1,47.4983392168253
"cthm-05",1,2014,44.2028985507246,1,47.0677122897955
"cthm-05",1,2015,44.2028985507246,1,47.3554820739682
"cthm-05",1,2016,44.2028985507246,1,47.3554820739682
"cthm-05",1,2017,44.2028985507246,1,47.2115971818818
"cthm-05",1,2018,44.2028985507246,1,47.0677122897955
"cthm-05",1,2019,44.2028985507246,1,46.9258828961675
"cthm-05",1,2020,44.2028985507246,1,46.4962837183669
"cthm-05",1,2021,44.2028985507246,1,46.7840535025396
"cthm-05",1,2022,44.2028985507246,1,46.6401686104533
"cthm-05",1,2023,44.2028985507246,1,46.9279383946259
"cthm-05",1,2024,44.2028985507246,1,46.9279383946259
"cthm-05",1,2025,44.2028985507246,1,46.9279383946259
"cthm-05",2,1999,66.4285714285714,1,42.8867390559602
"cthm-05",2,2000,67.1428571428571,1,43.9012467044997
"cthm-05",2,2001,67.1428571428571,1,43.9012467044997
"cthm-05",2,2002,67.1428571428571,1,44.1890164886724
"cthm-05",2,2003,67.1428571428571,1,44.0461593458153
"cthm-05",2,2004,67.1428571428571,1,43.6145046695563
"cthm-05",2,2005,67.1428571428571,1,43.7583895616426
"cthm-05",2,2006,67.1428571428571,1,44.3339291299879
"cthm-05",2,2007,66.4285714285714,1,45.3400658355303
"cthm-05",2,2008,65.7142857142857,1,47.3523988262806
"cthm-05",2,2009,65.7142857142857,1,47.2085139341942
"cthm-05",2,2010,65.7142857142857,1,47.2085139341942
"cthm-05",2,2011,65,1,47.6411963596824
"cthm-05",2,2012,65,1,47.6411963596824
"cthm-05",2,2013,64.2857142857143,1,47.4983392168253
"cthm-05",2,2014,63.5714285714286,1,47.0677122897955
"cthm-05",2,2015,63.5714285714286,1,47.3554820739682
"cthm-05",2,2016,63.5714285714286,1,47.3554820739682
"cthm-05",2,2017,63.5714285714286,1,47.2115971818818
"cthm-05",2,2018,63.5714285714286,1,47.0677122897955
"cthm-05",2,2019,62.1428571428571,1,46.9258828961675
"cthm-05",2,2020,60.7142857142857,1,46.4962837183669
"cthm-05",2,2021,60.7142857142857,1,46.7840535025396
"cthm-05",2,2022,60.7142857142857,1,46.6401686104533
"cthm-05",2,2023,60.7142857142857,1,46.9279383946259
"cthm-05",2,2024,60.7142857142857,1,46.9279383946259
"cthm-05",2,2025,60.7142857142857,1,46.9279383946259
"cthm-05",3,1999,35.9712230215827,1,42.8867390559602
"cthm-05",3,2000,35.2517985611511,1,43.9012467044997
"cthm-05",3,2001,35.2517985611511,1,43.9012467044997
"cthm-05",3,2002,36.6906474820144,1,44.1890164886724
"cthm-05",3,2003,36.6906474820144,1,44.0461593458153
"cthm-05",3,2004,34.5323741007194,1,43.6145046695563
"cthm-05",3,2005,35.2517985611511,1,43.7583895616426
"cthm-05",3,2006,35.9712230215827,1,44.3339291299879
"cthm-05",3,2007,35.9712230215827,1,45.3400658355303
"cthm-05",3,2008,37.410071942446,1,47.3523988262806
"cthm-05",3,2009,35.9712230215827,1,47.2085139341942
"cthm-05",3,2010,35.9712230215827,1,47.2085139341942
"cthm-05",3,2011,36.6906474820144,1,47.6411963596824
"cthm-05",3,2012,35.9712230215827,1,47.6411963596824
"cthm-05",3,2013,35.9712230215827,1,47.4983392168253
"cthm-05",3,2014,34.5323741007194,1,47.0677122897955
"cthm-05",3,2015,35.9712230215827,1,47.3554820739682
"cthm-05",3,2016,35.9712230215827,1,47.3554820739682
"cthm-05",3,2017,35.2517985611511,1,47.2115971818818
"cthm-05",3,2018,34.5323741007194,1,47.0677122897955
"cthm-05",3,2019,35.2517985611511,1,46.9258828961675
"cthm-05",3,2020,34.5323741007194,1,46.4962837183669
"cthm-05",3,2021,35.9712230215827,1,46.7840535025396
"cthm-05",3,2022,35.2517985611511,1,46.6401686104533
"cthm-05",3,2023,35.9712230215827,1,46.9279383946259
"cthm-05",3,2024,35.9712230215827,1,46.9279383946259
"cthm-05",3,2025,35.9712230215827,1,46.9279383946259
"cthm-05",4,1999,5.03597122302158,1,42.8867390559602
"cthm-05",4,2000,4.31654676258993,1,43.9012467044997
"cthm-05",4,2001,4.31654676258993,1,43.9012467044997
"cthm-05",4,2002,4.31654676258993,1,44.1890164886724
"cthm-05",4,2003,4.31654676258993,1,44.0461593458153
"cthm-05",4,2004,4.31654676258993,1,43.6145046695563
"cthm-05",4,2005,4.31654676258993,1,43.7583895616426
"cthm-05",4,2006,6.47482014388489,1,44.3339291299879
"cthm-05",4,2007,13.6690647482014,1,45.3400658355303
"cthm-05",4,2008,20.863309352518,1,47.3523988262806
"cthm-05",4,2009,21.5827338129496,1,47.2085139341942
"cthm-05",4,2010,21.5827338129496,1,47.2085139341942
"cthm-05",4,2011,23.7410071942446,1,47.6411963596824
"cthm-05",4,2012,24.4604316546763,1,47.6411963596824
"cthm-05",4,2013,24.4604316546763,1,47.4983392168253
"cthm-05",4,2014,24.4604316546763,1,47.0677122897955
"cthm-05",4,2015,24.4604316546763,1,47.3554820739682
"cthm-05",4,2016,24.4604316546763,1,47.3554820739682
"cthm-05",4,2017,24.4604316546763,1,47.2115971818818
"cthm-05",4,2018,24.4604316546763,1,47.0677122897955
"cthm-05",4,2019,24.4604316546763,1,46.9258828961675
"cthm-05",4,2020,24.4604316546763,1,46.4962837183669
"cthm-05",4,2021,24.4604316546763,1,46.7840535025396
"cthm-05",4,2022,24.4604316546763,1,46.6401686104533
"cthm-05",4,2023,25.179856115108,1,46.9279383946259
"cthm-05",4,2024,25.179856115108,1,46.9279383946259
"cthm-05",4,2025,25.179856115108,1,46.9279383946259
"cthm-05",5,1999,67.1428571428571,1,42.8867390559602
"cthm-05",5,2000,67.1428571428571,1,43.9012467044997
"cthm-05",5,2001,67.1428571428571,1,43.9012467044997
"cthm-05",5,2002,67.1428571428571,1,44.1890164886724
"cthm-05",5,2003,66.4285714285714,1,44.0461593458153
"cthm-05",5,2004,66.4285714285714,1,43.6145046695563
"cthm-05",5,2005,66.4285714285714,1,43.7583895616426
"cthm-05",5,2006,66.4285714285714,1,44.3339291299879
"cthm-05",5,2007,66.4285714285714,1,45.3400658355303
"cthm-05",5,2008,68.5714285714286,1,47.3523988262806
"cthm-05",5,2009,68.5714285714286,1,47.2085139341942
"cthm-05",5,2010,68.5714285714286,1,47.2085139341942
"cthm-05",5,2011,68.5714285714286,1,47.6411963596824
"cthm-05",5,2012,68.5714285714286,1,47.6411963596824
"cthm-05",5,2013,68.5714285714286,1,47.4983392168253
"cthm-05",5,2014,68.5714285714286,1,47.0677122897955
"cthm-05",5,2015,68.5714285714286,1,47.3554820739682
"cthm-05",5,2016,68.5714285714286,1,47.3554820739682
"cthm-05",5,2017,68.5714285714286,1,47.2115971818818
"cthm-05",5,2018,68.5714285714286,1,47.0677122897955
"cthm-05",5,2019,68.5714285714286,1,46.9258828961675
"cthm-05",5,2020,68.5714285714286,1,46.4962837183669
"cthm-05",5,2021,68.5714285714286,1,46.7840535025396
"cthm-05",5,2022,68.5714285714286,1,46.6401686104533
"cthm-05",5,2023,68.5714285714286,1,46.9279383946259
"cthm-05",5,2024,68.5714285714286,1,46.9279383946259
"cthm-05",5,2025,68.5714285714286,1,46.9279383946259
"cthm-05",6,1999,23.7410071942446,2,40.662884599153
"cthm-05",6,2000,23.7410071942446,2,40.2343131705815
"cthm-05",6,2001,23.7410071942446,2,40.0914560277244
"cthm-05",6,2002,23.021582733813,2,39.5189997070666
"cthm-05",6,2003,22.3021582733813,2,39.3751148149803
"cthm-05",6,2004,22.3021582733813,2,39.8036862435517
"cthm-05",6,2005,22.3021582733813,2,39.6608291006946
"cthm-05",6,2006,22.3021582733813,2,39.8036862435517
"cthm-05",6,2007,22.3021582733813,2,39.8036862435517
"cthm-05",6,2008,22.3021582733813,2,39.5298767197422
"cthm-05",6,2009,22.3021582733813,2,40.9812224754358
"cthm-05",6,2010,22.3021582733813,2,41.1240796182929
"cthm-05",6,2011,22.3021582733813,2,40.6934377963468
"cthm-05",6,2012,22.3021582733813,2,39.8259429723302
"cthm-05",6,2013,22.3021582733813,2,39.1013052911708
"cthm-05",6,2014,22.3021582733813,2,39.1013052911708
"cthm-05",6,2015,22.3021582733813,2,38.9584481483136
"cthm-05",6,2016,22.3021582733813,2,39.1013052911708
"cthm-05",6,2017,22.3021582733813,2,39.1013052911708
"cthm-05",6,2018,22.3021582733813,2,39.1013052911708
"cthm-05",6,2019,22.3021582733813,2,39.1013052911708
"cthm-05",6,2020,22.3021582733813,2,43.541781481647
"cthm-05",6,2021,22.3021582733813,2,43.541781481647
"cthm-05",6,2022,22.3021582733813,2,43.541781481647
"cthm-05",6,2023,30.2158273381295,2,44.0294497321398
"cthm-05",6,2024,30.2158273381295,2,45.1115840247057
"cthm-05",6,2025,28.7769784172662,2,43.9965046596263
"cthm-05",7,1999,38.1944444444444,2,40.662884599153
"cthm-05",7,2000,38.1944444444444,2,40.2343131705815
"cthm-05",7,2001,38.1944444444444,2,40.0914560277244
"cthm-05",7,2002,38.1944444444444,2,39.5189997070666
"cthm-05",7,2003,38.1944444444444,2,39.3751148149803
"cthm-05",7,2004,38.1944444444444,2,39.8036862435517
"cthm-05",7,2005,38.1944444444444,2,39.6608291006946
"cthm-05",7,2006,38.1944444444444,2,39.8036862435517
"cthm-05",7,2007,38.1944444444444,2,39.8036862435517
"cthm-05",7,2008,36.1111111111111,2,39.5298767197422
"cthm-05",7,2009,36.1111111111111,2,40.9812224754358
"cthm-05",7,2010,36.1111111111111,2,41.1240796182929
"cthm-05",7,2011,36.1111111111111,2,40.6934377963468
"cthm-05",7,2012,36.1111111111111,2,39.8259429723302
"cthm-05",7,2013,36.1111111111111,2,39.1013052911708
"cthm-05",7,2014,36.1111111111111,2,39.1013052911708
"cthm-05",7,2015,36.1111111111111,2,38.9584481483136
"cthm-05",7,2016,36.1111111111111,2,39.1013052911708
"cthm-05",7,2017,36.1111111111111,2,39.1013052911708
"cthm-05",7,2018,36.1111111111111,2,39.1013052911708
"cthm-05",7,2019,36.1111111111111,2,39.1013052911708
"cthm-05",7,2020,59.0277777777778,2,43.541781481647
"cthm-05",7,2021,59.0277777777778,2,43.541781481647
"cthm-05",7,2022,59.0277777777778,2,43.541781481647
"cthm-05",7,2023,51.3888888888889,2,44.0294497321398
"cthm-05",7,2024,40.9722222222222,2,45.1115840247057
"cthm-05",7,2025,36.1111111111111,2,43.9965046596263
"cthm-05",8,1999,58.273381294964,2,40.662884599153
"cthm-05",8,2000,58.273381294964,2,40.2343131705815
"cthm-05",8,2001,58.273381294964,2,40.0914560277244
"cthm-05",8,2002,58.273381294964,2,39.5189997070666
"cthm-05",8,2003,58.273381294964,2,39.3751148149803
"cthm-05",8,2004,58.273381294964,2,39.8036862435517
"cthm-05",8,2005,58.273381294964,2,39.6608291006946
"cthm-05",8,2006,58.273381294964,2,39.8036862435517
"cthm-05",8,2007,58.273381294964,2,39.8036862435517
"cthm-05",8,2008,58.273381294964,2,39.5298767197422
"cthm-05",8,2009,58.273381294964,2,40.9812224754358
"cthm-05",8,2010,58.273381294964,2,41.1240796182929
"cthm-05",8,2011,58.273381294964,2,40.6934377963468
"cthm-05",8,2012,58.273381294964,2,39.8259429723302
"cthm-05",8,2013,58.273381294964,2,39.1013052911708
"cthm-05",8,2014,58.273381294964,2,39.1013052911708
"cthm-05",8,2015,58.273381294964,2,38.9584481483136
"cthm-05",8,2016,58.273381294964,2,39.1013052911708
"cthm-05",8,2017,58.273381294964,2,39.1013052911708
"cthm-05",8,2018,58.273381294964,2,39.1013052911708
"cthm-05",8,2019,58.273381294964,2,39.1013052911708
"cthm-05",8,2020,58.273381294964,2,43.541781481647
"cthm-05",8,2021,58.273381294964,2,43.541781481647
"cthm-05",8,2022,58.273381294964,2,43.541781481647
"cthm-05",8,2023,58.273381294964,2,44.0294497321398
"cthm-05",8,2024,74.1007194244604,2,45.1115840247057
"cthm-05",8,2025,75.5395683453238,2,43.9965046596263
"cthm-05",9,1999,65.7142857142857,2,40.662884599153
"cthm-05",9,2000,63.5714285714286,2,40.2343131705815
"cthm-05",9,2001,62.8571428571429,2,40.0914560277244
"cthm-05",9,2002,60.7142857142857,2,39.5189997070666
"cthm-05",9,2003,60.7142857142857,2,39.3751148149803
"cthm-05",9,2004,62.8571428571429,2,39.8036862435517
"cthm-05",9,2005,62.1428571428571,2,39.6608291006946
"cthm-05",9,2006,62.8571428571428,2,39.8036862435517
"cthm-05",9,2007,62.8571428571428,2,39.8036862435517
"cthm-05",9,2008,63.5714285714285,2,39.5298767197422
"cthm-05",9,2009,62.8571428571428,2,40.9812224754358
"cthm-05",9,2010,63.5714285714285,2,41.1240796182929
"cthm-05",9,2011,62.1428571428571,2,40.6934377963468
"cthm-05",9,2012,61.4285714285714,2,39.8259429723302
"cthm-05",9,2013,61.4285714285714,2,39.1013052911708
"cthm-05",9,2014,61.4285714285714,2,39.1013052911708
"cthm-05",9,2015,60.7142857142857,2,38.9584481483136
"cthm-05",9,2016,61.4285714285714,2,39.1013052911708
"cthm-05",9,2017,61.4285714285714,2,39.1013052911708
"cthm-05",9,2018,61.4285714285714,2,39.1013052911708
"cthm-05",9,2019,61.4285714285714,2,39.1013052911708
"cthm-05",9,2020,60.7142857142857,2,43.541781481647
"cthm-05",9,2021,60.7142857142857,2,43.541781481647
"cthm-05",9,2022,60.7142857142857,2,43.541781481647
"cthm-05",9,2023,61.4285714285714,2,44.0294497321398
"cthm-05",9,2024,61.4285714285714,2,45.1115840247057
"cthm-05",9,2025,60.7142857142857,2,43.9965046596263
"cthm-05",10,1999,17.3913043478261,2,40.662884599153
"cthm-05",10,2000,17.3913043478261,2,40.2343131705815
"cthm-05",10,2001,17.3913043478261,2,40.0914560277244
"cthm-05",10,2002,17.3913043478261,2,39.5189997070666
"cthm-05",10,2003,17.3913043478261,2,39.3751148149803
"cthm-05",10,2004,17.3913043478261,2,39.8036862435517
"cthm-05",10,2005,17.3913043478261,2,39.6608291006946
"cthm-05",10,2006,17.3913043478261,2,39.8036862435517
"cthm-05",10,2007,17.3913043478261,2,39.8036862435517
"cthm-05",10,2008,17.3913043478261,2,39.5298767197422
"cthm-05",10,2009,25.3623188405797,2,40.9812224754358
"cthm-05",10,2010,25.3623188405797,2,41.1240796182929
"cthm-05",10,2011,24.6376811594203,2,40.6934377963468
"cthm-05",10,2012,21.0144927536232,2,39.8259429723302
"cthm-05",10,2013,17.3913043478261,2,39.1013052911708
"cthm-05",10,2014,17.3913043478261,2,39.1013052911708
"cthm-05",10,2015,17.3913043478261,2,38.9584481483136
"cthm-05",10,2016,17.3913043478261,2,39.1013052911708
"cthm-05",10,2017,17.3913043478261,2,39.1013052911708
"cthm-05",10,2018,17.3913043478261,2,39.1013052911708
"cthm-05",10,2019,17.3913043478261,2,39.1013052911708
"cthm-05",10,2020,17.3913043478261,2,43.541781481647
"cthm-05",10,2021,17.3913043478261,2,43.541781481647
"cthm-05",10,2022,17.3913043478261,2,43.541781481647
"cthm-05",10,2023,18.8405797101449,2,44.0294497321398
"cthm-05",10,2024,18.8405797101449,2,45.1115840247057
"cthm-05",10,2025,18.8405797101449,2,43.9965046596263
"cthm-05",11,1999,1.42857142857143,3,28.2577574154129
"cthm-05",11,2000,1.42857142857143,3,27.6738158095735
"cthm-05",11,2001,2.85714285714286,3,26.8040711730949
"cthm-05",11,2002,2.85714285714286,3,26.0636416189281
"cthm-05",11,2003,2.85714285714286,3,25.1877292101689
"cthm-05",11,2004,2.85714285714286,3,24.3118168014098
"cthm-05",11,2005,2.85714285714286,3,23.7278751955704
"cthm-05",11,2006,2.85714285714286,3,23.7278751955704
"cthm-05",11,2007,2.85714285714286,3,23.8677353354305
"cthm-05",11,2008,2.85714285714286,3,23.7217499339707
"cthm-05",11,2009,2.85714285714286,3,23.7217499339707
"cthm-05",11,2010,2.85714285714286,3,23.7217499339707
"cthm-05",11,2011,2.85714285714286,3,23.7217499339707
"cthm-05",11,2012,2.85714285714286,3,23.7217499339707
"cthm-05",11,2013,2.85714285714286,3,23.7217499339707
"cthm-05",11,2014,2.85714285714286,3,23.7217499339707
"cthm-05",11,2015,2.85714285714286,3,23.7217499339707
"cthm-05",11,2016,2.85714285714286,3,23.7217499339707
"cthm-05",11,2017,12.1428571428571,3,25.5788927911135
"cthm-05",11,2018,12.1428571428571,3,25.4329073896537
"cthm-05",11,2019,10.7142857142857,3,25.1471931039394
"cthm-05",11,2020,2.14285714285714,3,23.4329073896537
"cthm-05",11,2021,2.14285714285714,3,23.4329073896537
"cthm-05",11,2022,2.14285714285714,3,23.4329073896537
"cthm-05",11,2023,2.14285714285714,3,23.5727675295138
"cthm-05",11,2024,2.14285714285714,3,23.714611501145
"cthm-05",11,2025,2.14285714285714,3,23.8604802250024
"cthm-05",12,1999,43.1654676258993,3,28.2577574154129
"cthm-05",12,2000,43.1654676258993,3,27.6738158095735
"cthm-05",12,2001,43.1654676258993,3,26.8040711730949
"cthm-05",12,2002,46.7625899280576,3,26.0636416189281
"cthm-05",12,2003,46.7625899280576,3,25.1877292101689
"cthm-05",12,2004,46.7625899280576,3,24.3118168014098
"cthm-05",12,2005,46.7625899280576,3,23.7278751955704
"cthm-05",12,2006,46.7625899280576,3,23.7278751955704
"cthm-05",12,2007,46.7625899280576,3,23.8677353354305
"cthm-05",12,2008,46.7625899280576,3,23.7217499339707
"cthm-05",12,2009,46.7625899280576,3,23.7217499339707
"cthm-05",12,2010,46.7625899280576,3,23.7217499339707
"cthm-05",12,2011,46.7625899280576,3,23.7217499339707
"cthm-05",12,2012,46.7625899280576,3,23.7217499339707
"cthm-05",12,2013,46.7625899280576,3,23.7217499339707
"cthm-05",12,2014,46.7625899280576,3,23.7217499339707
"cthm-05",12,2015,46.7625899280576,3,23.7217499339707
"cthm-05",12,2016,46.7625899280576,3,23.7217499339707
"cthm-05",12,2017,46.7625899280576,3,25.5788927911135
"cthm-05",12,2018,46.7625899280576,3,25.4329073896537
"cthm-05",12,2019,46.7625899280576,3,25.1471931039394
"cthm-05",12,2020,46.7625899280576,3,23.4329073896537
"cthm-05",12,2021,46.7625899280576,3,23.4329073896537
"cthm-05",12,2022,46.7625899280576,3,23.4329073896537
"cthm-05",12,2023,46.7625899280576,3,23.5727675295138
"cthm-05",12,2024,46.7625899280576,3,23.714611501145
"cthm-05",12,2025,47.4820143884892,3,23.8604802250024
"cthm-05",13,1999,48.1751824817518,3,28.2577574154129
"cthm-05",13,2000,45.2554744525548,3,27.6738158095735
"cthm-05",13,2001,41.6058394160584,3,26.8040711730949
"cthm-05",13,2002,34.3065693430657,3,26.0636416189281
"cthm-05",13,2003,29.9270072992701,3,25.1877292101689
"cthm-05",13,2004,25.5474452554744,3,24.3118168014098
"cthm-05",13,2005,22.6277372262774,3,23.7278751955704
"cthm-05",13,2006,22.6277372262774,3,23.7278751955704
"cthm-05",13,2007,22.6277372262774,3,23.8677353354305
"cthm-05",13,2008,21.8978102189781,3,23.7217499339707
"cthm-05",13,2009,21.8978102189781,3,23.7217499339707
"cthm-05",13,2010,21.8978102189781,3,23.7217499339707
"cthm-05",13,2011,21.8978102189781,3,23.7217499339707
"cthm-05",13,2012,21.8978102189781,3,23.7217499339707
"cthm-05",13,2013,21.8978102189781,3,23.7217499339707
"cthm-05",13,2014,21.8978102189781,3,23.7217499339707
"cthm-05",13,2015,21.8978102189781,3,23.7217499339707
"cthm-05",13,2016,21.8978102189781,3,23.7217499339707
"cthm-05",13,2017,21.8978102189781,3,25.5788927911135
"cthm-05",13,2018,21.1678832116788,3,25.4329073896537
"cthm-05",13,2019,21.1678832116788,3,25.1471931039394
"cthm-05",13,2020,21.1678832116788,3,23.4329073896537
"cthm-05",13,2021,21.1678832116788,3,23.4329073896537
"cthm-05",13,2022,21.1678832116788,3,23.4329073896537
"cthm-05",13,2023,21.1678832116788,3,23.5727675295138
"cthm-05",13,2024,21.1678832116788,3,23.714611501145
"cthm-05",13,2025,21.1678832116788,3,23.8604802250024
"cthm-05",14,1999,19.1489361702128,3,28.2577574154129
"cthm-05",14,2000,19.1489361702128,3,27.6738158095735
"cthm-05",14,2001,17.0212765957447,3,26.8040711730949
"cthm-05",14,2002,17.0212765957447,3,26.0636416189281
"cthm-05",14,2003,17.0212765957447,3,25.1877292101689
"cthm-05",14,2004,17.0212765957447,3,24.3118168014098
"cthm-05",14,2005,17.0212765957447,3,23.7278751955704
"cthm-05",14,2006,17.0212765957447,3,23.7278751955704
"cthm-05",14,2007,17.0212765957447,3,23.8677353354305
"cthm-05",14,2008,17.0212765957447,3,23.7217499339707
"cthm-05",14,2009,17.0212765957447,3,23.7217499339707
"cthm-05",14,2010,17.0212765957447,3,23.7217499339707
"cthm-05",14,2011,17.0212765957447,3,23.7217499339707
"cthm-05",14,2012,17.0212765957447,3,23.7217499339707
"cthm-05",14,2013,17.0212765957447,3,23.7217499339707
"cthm-05",14,2014,17.0212765957447,3,23.7217499339707
"cthm-05",14,2015,17.0212765957447,3,23.7217499339707
"cthm-05",14,2016,17.0212765957447,3,23.7217499339707
"cthm-05",14,2017,17.0212765957447,3,25.5788927911135
"cthm-05",14,2018,17.0212765957447,3,25.4329073896537
"cthm-05",14,2019,17.0212765957447,3,25.1471931039394
"cthm-05",14,2020,17.0212765957447,3,23.4329073896537
"cthm-05",14,2021,17.0212765957447,3,23.4329073896537
"cthm-05",14,2022,17.0212765957447,3,23.4329073896537
"cthm-05",14,2023,17.0212765957447,3,23.5727675295138
"cthm-05",14,2024,17.7304964539007,3,23.714611501145
"cthm-05",14,2025,18.4397163120568,3,23.8604802250024
"cthm-05",15,1999,29.3706293706294,3,28.2577574154129
"cthm-05",15,2000,29.3706293706294,3,27.6738158095735
"cthm-05",15,2001,29.3706293706294,3,26.8040711730949
"cthm-05",15,2002,29.3706293706294,3,26.0636416189281
"cthm-05",15,2003,29.3706293706294,3,25.1877292101689
"cthm-05",15,2004,29.3706293706294,3,24.3118168014098
"cthm-05",15,2005,29.3706293706294,3,23.7278751955704
"cthm-05",15,2006,29.3706293706294,3,23.7278751955704
"cthm-05",15,2007,30.0699300699301,3,23.8677353354305
"cthm-05",15,2008,30.0699300699301,3,23.7217499339707
"cthm-05",15,2009,30.0699300699301,3,23.7217499339707
"cthm-05",15,2010,30.0699300699301,3,23.7217499339707
"cthm-05",15,2011,30.0699300699301,3,23.7217499339707
"cthm-05",15,2012,30.0699300699301,3,23.7217499339707
"cthm-05",15,2013,30.0699300699301,3,23.7217499339707
"cthm-05",15,2014,30.0699300699301,3,23.7217499339707
"cthm-05",15,2015,30.0699300699301,3,23.7217499339707
"cthm-05",15,2016,30.0699300699301,3,23.7217499339707
"cthm-05",15,2017,30.0699300699301,3,25.5788927911135
"cthm-05",15,2018,30.0699300699301,3,25.4329073896537
"cthm-05",15,2019,30.0699300699301,3,25.1471931039394
"cthm-05",15,2020,30.0699300699301,3,23.4329073896537
"cthm-05",15,2021,30.0699300699301,3,23.4329073896537
"cthm-05",15,2022,30.0699300699301,3,23.4329073896537
"cthm-05",15,2023,30.7692307692308,3,23.5727675295138
"cthm-05",15,2024,30.7692307692308,3,23.714611501145
"cthm-05",15,2025,30.0699300699301,3,23.8604802250024
"cthm-05",16,1999,39.4160583941606,4,49.3133349252858
"cthm-05",16,2000,55.4744525547445,4,52.0933590811436
"cthm-05",16,2001,56.2043795620438,4,52.2393444826035
"cthm-05",16,2002,56.9343065693431,4,51.0903658552864
"cthm-05",16,2003,55.4744525547445,4,50.510625268194
"cthm-05",16,2004,54.7445255474453,4,50.2257509778453
"cthm-05",16,2005,54.7445255474453,4,50.2257509778453
"cthm-05",16,2006,59.8540145985402,4,51.2476487880642
"cthm-05",16,2007,58.3941605839416,4,51.3812099000381
"cthm-05",16,2008,58.3941605839416,4,51.3812099000381
"cthm-05",16,2009,57.6642335766423,4,51.2352244985783
"cthm-05",16,2010,57.6642335766423,4,51.2352244985783
"cthm-05",16,2011,57.6642335766423,4,51.3770684702095
"cthm-05",16,2012,57.6642335766423,4,51.3770684702095
"cthm-05",16,2013,57.6642335766423,4,51.5219960064414
"cthm-05",16,2014,57.6642335766423,4,51.5219960064414
"cthm-05",16,2015,57.6642335766423,4,51.5219960064414
"cthm-05",16,2016,57.6642335766423,4,51.5219960064414
"cthm-05",16,2017,62.043795620438,4,52.8326910238962
"cthm-05",16,2018,62.043795620438,4,52.977618560128
"cthm-05",16,2019,62.043795620438,4,52.8337336680417
"cthm-05",16,2020,62.043795620438,4,52.8337336680417
"cthm-05",16,2021,62.043795620438,4,52.9786612042736
"cthm-05",16,2022,62.043795620438,4,52.9786612042736
"cthm-05",16,2023,61.3138686131387,4,52.54282073035
"cthm-05",16,2024,61.3138686131387,4,52.6817096192389
"cthm-05",16,2025,61.3138686131387,4,52.6817096192389
"cthm-05",17,1999,61.1111111111111,4,49.3133349252858
"cthm-05",17,2000,61.1111111111111,4,52.0933590811436
"cthm-05",17,2001,61.1111111111111,4,52.2393444826035
"cthm-05",17,2002,61.1111111111111,4,51.0903658552864
"cthm-05",17,2003,61.1111111111111,4,50.510625268194
"cthm-05",17,2004,60.4166666666667,4,50.2257509778453
"cthm-05",17,2005,60.4166666666667,4,50.2257509778453
"cthm-05",17,2006,60.4166666666667,4,51.2476487880642
"cthm-05",17,2007,60.4166666666667,4,51.3812099000381
"cthm-05",17,2008,60.4166666666667,4,51.3812099000381
"cthm-05",17,2009,60.4166666666667,4,51.2352244985783
"cthm-05",17,2010,60.4166666666667,4,51.2352244985783
"cthm-05",17,2011,60.4166666666667,4,51.3770684702095
"cthm-05",17,2012,60.4166666666667,4,51.3770684702095
"cthm-05",17,2013,60.4166666666667,4,51.5219960064414
"cthm-05",17,2014,60.4166666666667,4,51.5219960064414
"cthm-05",17,2015,60.4166666666667,4,51.5219960064414
"cthm-05",17,2016,60.4166666666667,4,51.5219960064414
"cthm-05",17,2017,60.4166666666667,4,52.8326910238962
"cthm-05",17,2018,60.4166666666667,4,52.977618560128
"cthm-05",17,2019,60.4166666666667,4,52.8337336680417
"cthm-05",17,2020,60.4166666666667,4,52.8337336680417
"cthm-05",17,2021,60.4166666666667,4,52.9786612042736
"cthm-05",17,2022,60.4166666666667,4,52.9786612042736
"cthm-05",17,2023,60.4166666666667,4,52.54282073035
"cthm-05",17,2024,61.1111111111111,4,52.6817096192389
"cthm-05",17,2025,61.1111111111111,4,52.6817096192389
"cthm-05",18,1999,71.6312056737589,4,49.3133349252858
"cthm-05",18,2000,71.6312056737589,4,52.0933590811436
"cthm-05",18,2001,71.6312056737589,4,52.2393444826035
"cthm-05",18,2002,71.6312056737589,4,51.0903658552864
"cthm-05",18,2003,71.6312056737589,4,50.510625268194
"cthm-05",18,2004,71.6312056737589,4,50.2257509778453
"cthm-05",18,2005,71.6312056737589,4,50.2257509778453
"cthm-05",18,2006,71.6312056737589,4,51.2476487880642
"cthm-05",18,2007,73.7588652482269,4,51.3812099000381
"cthm-05",18,2008,73.7588652482269,4,51.3812099000381
"cthm-05",18,2009,73.7588652482269,4,51.2352244985783
"cthm-05",18,2010,73.7588652482269,4,51.2352244985783
"cthm-05",18,2011,74.468085106383,4,51.3770684702095
"cthm-05",18,2012,74.468085106383,4,51.3770684702095
"cthm-05",18,2013,74.468085106383,4,51.5219960064414
"cthm-05",18,2014,74.468085106383,4,51.5219960064414
"cthm-05",18,2015,74.468085106383,4,51.5219960064414
"cthm-05",18,2016,74.468085106383,4,51.5219960064414
"cthm-05",18,2017,74.468085106383,4,52.8326910238962
"cthm-05",18,2018,74.468085106383,4,52.977618560128
"cthm-05",18,2019,74.468085106383,4,52.8337336680417
"cthm-05",18,2020,74.468085106383,4,52.8337336680417
"cthm-05",18,2021,74.468085106383,4,52.9786612042736
"cthm-05",18,2022,74.4680851063829,4,52.9786612042736
"cthm-05",18,2023,74.468085106383,4,52.54282073035
"cthm-05",18,2024,74.468085106383,4,52.6817096192389
"cthm-05",18,2025,74.468085106383,4,52.6817096192389
"cthm-05",19,1999,42.7536231884058,4,49.3133349252858
"cthm-05",19,2000,42.7536231884058,4,52.0933590811436
"cthm-05",19,2001,42.7536231884058,4,52.2393444826035
"cthm-05",19,2002,42.7536231884058,4,51.0903658552864
"cthm-05",19,2003,42.7536231884058,4,50.510625268194
"cthm-05",19,2004,42.7536231884058,4,50.2257509778453
"cthm-05",19,2005,42.7536231884058,4,50.2257509778453
"cthm-05",19,2006,42.7536231884058,4,51.2476487880642
"cthm-05",19,2007,42.7536231884058,4,51.3812099000381
"cthm-05",19,2008,42.7536231884058,4,51.3812099000381
"cthm-05",19,2009,42.7536231884058,4,51.2352244985783
"cthm-05",19,2010,42.7536231884058,4,51.2352244985783
"cthm-05",19,2011,42.7536231884058,4,51.3770684702095
"cthm-05",19,2012,42.7536231884058,4,51.3770684702095
"cthm-05",19,2013,43.4782608695652,4,51.5219960064414
"cthm-05",19,2014,43.4782608695652,4,51.5219960064414
"cthm-05",19,2015,43.4782608695652,4,51.5219960064414
"cthm-05",19,2016,43.4782608695652,4,51.5219960064414
"cthm-05",19,2017,45.6521739130435,4,52.8326910238962
"cthm-05",19,2018,46.3768115942029,4,52.977618560128
"cthm-05",19,2019,46.3768115942029,4,52.8337336680417
"cthm-05",19,2020,46.3768115942029,4,52.8337336680417
"cthm-05",19,2021,47.1014492753623,4,52.9786612042736
"cthm-05",19,2022,47.1014492753623,4,52.9786612042736
"cthm-05",19,2023,45.6521739130435,4,52.54282073035
"cthm-05",19,2024,45.6521739130435,4,52.6817096192389
"cthm-05",19,2025,45.6521739130435,4,52.6817096192389
"cthm-05",20,1999,31.6546762589928,4,49.3133349252858
"cthm-05",20,2000,29.4964028776978,4,52.0933590811436
"cthm-05",20,2001,29.4964028776978,4,52.2393444826035
"cthm-05",20,2002,23.0215827338129,4,51.0903658552864
"cthm-05",20,2003,21.5827338129496,4,50.510625268194
"cthm-05",20,2004,21.5827338129496,4,50.2257509778453
"cthm-05",20,2005,21.5827338129496,4,50.2257509778453
"cthm-05",20,2006,21.5827338129496,4,51.2476487880642
"cthm-05",20,2007,21.5827338129496,4,51.3812099000381
"cthm-05",20,2008,21.5827338129496,4,51.3812099000381
"cthm-05",20,2009,21.5827338129496,4,51.2352244985783
"cthm-05",20,2010,21.5827338129496,4,51.2352244985783
"cthm-05",20,2011,21.5827338129496,4,51.3770684702095
"cthm-05",20,2012,21.5827338129496,4,51.3770684702095
"cthm-05",20,2013,21.5827338129496,4,51.5219960064414
"cthm-05",20,2014,21.5827338129496,4,51.5219960064414
"cthm-05",20,2015,21.5827338129496,4,51.5219960064414
"cthm-05",20,2016,21.5827338129496,4,51.5219960064414
"cthm-05",20,2017,21.5827338129496,4,52.8326910238962
"cthm-05",20,2018,21.5827338129496,4,52.977618560128
"cthm-05",20,2019,20.863309352518,4,52.8337336680417
"cthm-05",20,2020,20.863309352518,4,52.8337336680417
"cthm-05",20,2021,20.863309352518,4,52.9786612042736
"cthm-05",20,2022,20.863309352518,4,52.9786612042736
"cthm-05",20,2023,20.863309352518,4,52.54282073035
"cthm-05",20,2024,20.863309352518,4,52.6817096192389
"cthm-05",20,2025,20.863309352518,4,52.6817096192389
"cthm-06",1,1999,20.2898550724638,1,34.9130583731773
"cthm-06",1,2000,20.2898550724638,1,34.7691734810909
"cthm-06",1,2001,20.2898550724638,1,36.9274468623859
"cthm-06",1,2002,21.0144927536232,1,36.2080372968706
"cthm-06",1,2003,21.0144927536232,1,35.9202675126979
"cthm-06",1,2004,21.0144927536232,1,35.488612836439
"cthm-06",1,2005,21.0144927536232,1,35.4896405856681
"cthm-06",1,2006,20.2898550724638,1,38.2008281573499
"cthm-06",1,2007,19.5652173913043,1,38.1997855132043
"cthm-06",1,2008,17.3913043478261,1,37.4782608695652
"cthm-06",1,2009,17.3913043478261,1,37.9068322981366
"cthm-06",1,2010,18.1159420289855,1,37.9078749422822
"cthm-06",1,2011,18.1159420289855,1,37.4793035137108
"cthm-06",1,2012,18.1159420289855,1,37.906847193053
"cthm-06",1,2013,18.1159420289855,1,37.906847193053
"cthm-06",1,2014,18.1159420289855,1,37.906847193053
"cthm-06",1,2015,18.1159420289855,1,37.7629623009667
"cthm-06",1,2016,18.1159420289855,1,37.4772480152524
"cthm-06",1,2017,18.1159420289855,1,37.4772480152524
"cthm-06",1,2018,17.3913043478261,1,36.9037490504491
"cthm-06",1,2019,17.3913043478261,1,36.9037490504491
"cthm-06",1,2020,17.3913043478261,1,36.7598641583627
"cthm-06",1,2021,17.3913043478261,1,36.4751776218777
"cthm-06",1,2022,17.3913043478261,1,36.4751776218777
"cthm-06",1,2023,17.3913043478261,1,36.6180347647348
"cthm-06",1,2024,17.3913043478261,1,36.1884355869342
"cthm-06",1,2025,21.0144927536232,1,37.1998153030371
"cthm-06",2,1999,32.8571428571429,1,34.9130583731773
"cthm-06",2,2000,32.8571428571429,1,34.7691734810909
"cthm-06",2,2001,32.8571428571429,1,36.9274468623859
"cthm-06",2,2002,33.5714285714286,1,36.2080372968706
"cthm-06",2,2003,33.5714285714286,1,35.9202675126979
"cthm-06",2,2004,33.5714285714286,1,35.488612836439
"cthm-06",2,2005,32.8571428571429,1,35.4896405856681
"cthm-06",2,2006,32.1428571428571,1,38.2008281573499
"cthm-06",2,2007,32.1428571428571,1,38.1997855132043
"cthm-06",2,2008,31.4285714285714,1,37.4782608695652
"cthm-06",2,2009,31.4285714285714,1,37.9068322981366
"cthm-06",2,2010,32.1428571428571,1,37.9078749422822
"cthm-06",2,2011,32.1428571428571,1,37.4793035137108
"cthm-06",2,2012,32.1428571428571,1,37.906847193053
"cthm-06",2,2013,32.1428571428571,1,37.906847193053
"cthm-06",2,2014,32.1428571428571,1,37.906847193053
"cthm-06",2,2015,32.1428571428571,1,37.7629623009667
"cthm-06",2,2016,30.7142857142857,1,37.4772480152524
"cthm-06",2,2017,31.4285714285714,1,37.4772480152524
"cthm-06",2,2018,30.7142857142857,1,36.9037490504491
"cthm-06",2,2019,30.7142857142857,1,36.9037490504491
"cthm-06",2,2020,30.7142857142857,1,36.7598641583627
"cthm-06",2,2021,30,1,36.4751776218777
"cthm-06",2,2022,30,1,36.4751776218777
"cthm-06",2,2023,30,1,36.6180347647348
"cthm-06",2,2024,30,1,36.1884355869342
"cthm-06",2,2025,30,1,37.1998153030371
"cthm-06",3,1999,71.2230215827338,1,34.9130583731773
"cthm-06",3,2000,70.5035971223022,1,34.7691734810909
"cthm-06",3,2001,72.6618705035971,1,36.9274468623859
"cthm-06",3,2002,73.3812949640288,1,36.2080372968706
"cthm-06",3,2003,72.6618705035972,1,35.9202675126979
"cthm-06",3,2004,72.6618705035972,1,35.488612836439
"cthm-06",3,2005,73.3812949640288,1,35.4896405856681
"cthm-06",3,2006,73.3812949640288,1,38.2008281573499
"cthm-06",3,2007,73.3812949640288,1,38.1997855132043
"cthm-06",3,2008,73.3812949640288,1,37.4782608695652
"cthm-06",3,2009,73.3812949640288,1,37.9068322981366
"cthm-06",3,2010,73.3812949640288,1,37.9078749422822
"cthm-06",3,2011,73.3812949640288,1,37.4793035137108
"cthm-06",3,2012,72.6618705035972,1,37.906847193053
"cthm-06",3,2013,72.6618705035971,1,37.906847193053
"cthm-06",3,2014,72.6618705035972,1,37.906847193053
"cthm-06",3,2015,71.9424460431655,1,37.7629623009667
"cthm-06",3,2016,71.9424460431655,1,37.4772480152524
"cthm-06",3,2017,71.9424460431655,1,37.4772480152524
"cthm-06",3,2018,72.6618705035972,1,36.9037490504491
"cthm-06",3,2019,72.6618705035972,1,36.9037490504491
"cthm-06",3,2020,71.9424460431655,1,36.7598641583627
"cthm-06",3,2021,72.6618705035972,1,36.4751776218777
"cthm-06",3,2022,72.6618705035972,1,36.4751776218777
"cthm-06",3,2023,72.6618705035972,1,36.6180347647348
"cthm-06",3,2024,71.9424460431655,1,36.1884355869342
"cthm-06",3,2025,72.6618705035972,1,37.1998153030371
"cthm-06",4,1999,27.3381294964029,1,34.9130583731773
"cthm-06",4,2000,27.3381294964029,1,34.7691734810909
"cthm-06",4,2001,35.9712230215828,1,36.9274468623859
"cthm-06",4,2002,30.2158273381295,1,36.2080372968706
"cthm-06",4,2003,29.4964028776979,1,35.9202675126979
"cthm-06",4,2004,27.3381294964029,1,35.488612836439
"cthm-06",4,2005,27.3381294964029,1,35.4896405856681
"cthm-06",4,2006,26.6187050359712,1,38.2008281573499
"cthm-06",4,2007,27.3381294964029,1,38.1997855132043
"cthm-06",4,2008,26.6187050359712,1,37.4782608695652
"cthm-06",4,2009,26.6187050359712,1,37.9068322981366
"cthm-06",4,2010,25.8992805755396,1,37.9078749422822
"cthm-06",4,2011,25.8992805755396,1,37.4793035137108
"cthm-06",4,2012,25.8992805755396,1,37.906847193053
"cthm-06",4,2013,25.8992805755396,1,37.906847193053
"cthm-06",4,2014,25.8992805755396,1,37.906847193053
"cthm-06",4,2015,25.8992805755396,1,37.7629623009667
"cthm-06",4,2016,25.8992805755396,1,37.4772480152524
"cthm-06",4,2017,25.8992805755396,1,37.4772480152524
"cthm-06",4,2018,25.1798561151079,1,36.9037490504491
"cthm-06",4,2019,25.1798561151079,1,36.9037490504491
"cthm-06",4,2020,25.1798561151079,1,36.7598641583627
"cthm-06",4,2021,25.1798561151079,1,36.4751776218777
"cthm-06",4,2022,25.1798561151079,1,36.4751776218777
"cthm-06",4,2023,25.1798561151079,1,36.6180347647348
"cthm-06",4,2024,25.1798561151079,1,36.1884355869342
"cthm-06",4,2025,25.1798561151079,1,37.1998153030371
"cthm-06",5,1999,22.8571428571429,1,34.9130583731773
"cthm-06",5,2000,22.8571428571429,1,34.7691734810909
"cthm-06",5,2001,22.8571428571429,1,36.9274468623859
"cthm-06",5,2002,22.8571428571429,1,36.2080372968706
"cthm-06",5,2003,22.8571428571429,1,35.9202675126979
"cthm-06",5,2004,22.8571428571429,1,35.488612836439
"cthm-06",5,2005,22.8571428571429,1,35.4896405856681
"cthm-06",5,2006,38.5714285714286,1,38.2008281573499
"cthm-06",5,2007,38.5714285714286,1,38.1997855132043
"cthm-06",5,2008,38.5714285714286,1,37.4782608695652
"cthm-06",5,2009,40.7142857142857,1,37.9068322981366
"cthm-06",5,2010,40,1,37.9078749422822
"cthm-06",5,2011,37.8571428571428,1,37.4793035137108
"cthm-06",5,2012,40.7142857142857,1,37.906847193053
"cthm-06",5,2013,40.7142857142857,1,37.906847193053
"cthm-06",5,2014,40.7142857142857,1,37.906847193053
"cthm-06",5,2015,40.7142857142857,1,37.7629623009667
"cthm-06",5,2016,40.7142857142857,1,37.4772480152524
"cthm-06",5,2017,40,1,37.4772480152524
"cthm-06",5,2018,38.5714285714285,1,36.9037490504491
"cthm-06",5,2019,38.5714285714285,1,36.9037490504491
"cthm-06",5,2020,38.5714285714285,1,36.7598641583627
"cthm-06",5,2021,37.1428571428571,1,36.4751776218777
"cthm-06",5,2022,37.1428571428571,1,36.4751776218777
"cthm-06",5,2023,37.8571428571428,1,36.6180347647348
"cthm-06",5,2024,36.4285714285714,1,36.1884355869342
"cthm-06",5,2025,37.1428571428571,1,37.1998153030371
"cthm-06",6,1999,65.4676258992806,2,47.8032381548178
"cthm-06",6,2000,65.4676258992806,2,47.8032381548178
"cthm-06",6,2001,65.4676258992805,2,47.8032381548178
"cthm-06",6,2002,65.4676258992806,2,47.6593532627314
"cthm-06",6,2003,65.4676258992806,2,47.6593532627314
"cthm-06",6,2004,65.4676258992806,2,47.6593532627314
"cthm-06",6,2005,64.7482014388489,2,47.5154683706451
"cthm-06",6,2006,66.1870503597122,2,47.6603810119606
"cthm-06",6,2007,66.1870503597123,2,47.6603810119606
"cthm-06",6,2008,66.1870503597123,2,47.6603810119606
"cthm-06",6,2009,66.1870503597123,2,47.6603810119606
"cthm-06",6,2010,66.1870503597123,2,47.5164961198743
"cthm-06",6,2011,66.1870503597123,2,47.372611227788
"cthm-06",6,2012,66.1870503597123,2,49.372611227788
"cthm-06",6,2013,66.1870503597123,2,48.9368455546122
"cthm-06",6,2014,66.1870503597123,2,48.9317068084663
"cthm-06",6,2015,66.1870503597123,2,48.2133100972638
"cthm-06",6,2016,66.1870503597123,2,44.6377705289185
"cthm-06",6,2017,65.4676258992806,2,44.0632587098023
"cthm-06",6,2018,65.4676258992806,2,43.6316040335434
"cthm-06",6,2019,65.4676258992806,2,43.6316040335434
"cthm-06",6,2020,65.4676258992806,2,43.4887468906862
"cthm-06",6,2021,65.4676258992806,2,43.4887468906862
"cthm-06",6,2022,64.748201438849,2,43.4887468906862
"cthm-06",6,2023,64.748201438849,2,44.2081713511179
"cthm-06",6,2024,64.7482014388489,2,44.2081713511179
"cthm-06",6,2025,64.7482014388489,2,44.2081713511179
"cthm-06",7,1999,41.726618705036,2,47.8032381548178
"cthm-06",7,2000,41.726618705036,2,47.8032381548178
"cthm-06",7,2001,41.726618705036,2,47.8032381548178
"cthm-06",7,2002,41.0071942446043,2,47.6593532627314
"cthm-06",7,2003,41.0071942446043,2,47.6593532627314
"cthm-06",7,2004,41.0071942446043,2,47.6593532627314
"cthm-06",7,2005,41.0071942446043,2,47.5154683706451
"cthm-06",7,2006,41.0071942446043,2,47.6603810119606
"cthm-06",7,2007,41.0071942446043,2,47.6603810119606
"cthm-06",7,2008,41.0071942446043,2,47.6603810119606
"cthm-06",7,2009,41.0071942446043,2,47.6603810119606
"cthm-06",7,2010,40.2877697841727,2,47.5164961198743
"cthm-06",7,2011,39.568345323741,2,47.372611227788
"cthm-06",7,2012,39.568345323741,2,49.372611227788
"cthm-06",7,2013,34.5323741007194,2,48.9368455546122
"cthm-06",7,2014,30.9352517985612,2,48.9317068084663
"cthm-06",7,2015,28.0575539568346,2,48.2133100972638
"cthm-06",7,2016,25.1798561151079,2,44.6377705289185
"cthm-06",7,2017,23.7410071942446,2,44.0632587098023
"cthm-06",7,2018,21.5827338129496,2,43.6316040335434
"cthm-06",7,2019,21.5827338129496,2,43.6316040335434
"cthm-06",7,2020,21.5827338129496,2,43.4887468906862
"cthm-06",7,2021,21.5827338129496,2,43.4887468906862
"cthm-06",7,2022,22.3021582733813,2,43.4887468906862
"cthm-06",7,2023,25.8992805755396,2,44.2081713511179
"cthm-06",7,2024,25.8992805755396,2,44.2081713511179
"cthm-06",7,2025,25.8992805755396,2,44.2081713511179
"cthm-06",8,1999,63.5714285714286,2,47.8032381548178
"cthm-06",8,2000,63.5714285714286,2,47.8032381548178
"cthm-06",8,2001,63.5714285714286,2,47.8032381548178
"cthm-06",8,2002,63.5714285714286,2,47.6593532627314
"cthm-06",8,2003,63.5714285714286,2,47.6593532627314
"cthm-06",8,2004,63.5714285714286,2,47.6593532627314
"cthm-06",8,2005,63.5714285714286,2,47.5154683706451
"cthm-06",8,2006,63.5714285714286,2,47.6603810119606
"cthm-06",8,2007,63.5714285714286,2,47.6603810119606
"cthm-06",8,2008,63.5714285714286,2,47.6603810119606
"cthm-06",8,2009,63.5714285714286,2,47.6603810119606
"cthm-06",8,2010,63.5714285714286,2,47.5164961198743
"cthm-06",8,2011,63.5714285714286,2,47.372611227788
"cthm-06",8,2012,63.5714285714286,2,49.372611227788
"cthm-06",8,2013,63.5714285714286,2,48.9368455546122
"cthm-06",8,2014,63.5714285714286,2,48.9317068084663
"cthm-06",8,2015,63.5714285714286,2,48.2133100972638
"cthm-06",8,2016,63.5714285714286,2,44.6377705289185
"cthm-06",8,2017,63.5714285714286,2,44.0632587098023
"cthm-06",8,2018,63.5714285714286,2,43.6316040335434
"cthm-06",8,2019,63.5714285714286,2,43.6316040335434
"cthm-06",8,2020,62.8571428571429,2,43.4887468906862
"cthm-06",8,2021,62.8571428571429,2,43.4887468906862
"cthm-06",8,2022,62.8571428571429,2,43.4887468906862
"cthm-06",8,2023,62.8571428571429,2,44.2081713511179
"cthm-06",8,2024,62.8571428571429,2,44.2081713511179
"cthm-06",8,2025,62.8571428571429,2,44.2081713511179
"cthm-06",9,1999,40.7142857142857,2,47.8032381548178
"cthm-06",9,2000,40.7142857142857,2,47.8032381548178
"cthm-06",9,2001,40.7142857142857,2,47.8032381548178
"cthm-06",9,2002,40.7142857142857,2,47.6593532627314
"cthm-06",9,2003,40.7142857142857,2,47.6593532627314
"cthm-06",9,2004,40.7142857142857,2,47.6593532627314
"cthm-06",9,2005,40.7142857142857,2,47.5154683706451
"cthm-06",9,2006,40,2,47.6603810119606
"cthm-06",9,2007,40,2,47.6603810119606
"cthm-06",9,2008,40,2,47.6603810119606
"cthm-06",9,2009,40,2,47.6603810119606
"cthm-06",9,2010,40,2,47.5164961198743
"cthm-06",9,2011,40,2,47.372611227788
"cthm-06",9,2012,50,2,49.372611227788
"cthm-06",9,2013,52.8571428571429,2,48.9368455546122
"cthm-06",9,2014,56.4285714285714,2,48.9317068084663
"cthm-06",9,2015,55.7142857142857,2,48.2133100972638
"cthm-06",9,2016,40.7142857142857,2,44.6377705289185
"cthm-06",9,2017,40,2,44.0632587098023
"cthm-06",9,2018,40,2,43.6316040335434
"cthm-06",9,2019,40,2,43.6316040335434
"cthm-06",9,2020,40,2,43.4887468906862
"cthm-06",9,2021,40,2,43.4887468906862
"cthm-06",9,2022,40,2,43.4887468906862
"cthm-06",9,2023,40,2,44.2081713511179
"cthm-06",9,2024,40,2,44.2081713511179
"cthm-06",9,2025,40,2,44.2081713511179
"cthm-06",10,1999,27.536231884058,2,47.8032381548178
"cthm-06",10,2000,27.536231884058,2,47.8032381548178
"cthm-06",10,2001,27.536231884058,2,47.8032381548178
"cthm-06",10,2002,27.536231884058,2,47.6593532627314
"cthm-06",10,2003,27.536231884058,2,47.6593532627314
"cthm-06",10,2004,27.536231884058,2,47.6593532627314
"cthm-06",10,2005,27.536231884058,2,47.5154683706451
"cthm-06",10,2006,27.536231884058,2,47.6603810119606
"cthm-06",10,2007,27.536231884058,2,47.6603810119606
"cthm-06",10,2008,27.536231884058,2,47.6603810119606
"cthm-06",10,2009,27.536231884058,2,47.6603810119606
"cthm-06",10,2010,27.536231884058,2,47.5164961198743
"cthm-06",10,2011,27.536231884058,2,47.372611227788
"cthm-06",10,2012,27.536231884058,2,49.372611227788
"cthm-06",10,2013,27.536231884058,2,48.9368455546122
"cthm-06",10,2014,27.536231884058,2,48.9317068084663
"cthm-06",10,2015,27.536231884058,2,48.2133100972638
"cthm-06",10,2016,27.536231884058,2,44.6377705289185
"cthm-06",10,2017,27.536231884058,2,44.0632587098023
"cthm-06",10,2018,27.536231884058,2,43.6316040335434
"cthm-06",10,2019,27.536231884058,2,43.6316040335434
"cthm-06",10,2020,27.536231884058,2,43.4887468906862
"cthm-06",10,2021,27.536231884058,2,43.4887468906862
"cthm-06",10,2022,27.536231884058,2,43.4887468906862
"cthm-06",10,2023,27.536231884058,2,44.2081713511179
"cthm-06",10,2024,27.536231884058,2,44.2081713511179
"cthm-06",10,2025,27.536231884058,2,44.2081713511179
"cthm-06",11,1999,31.6546762589928,3,41.1832819458719
"cthm-06",11,2000,31.6546762589928,3,41.4669698891343
"cthm-06",11,2001,31.6546762589928,3,41.3251259175031
"cthm-06",11,2002,31.6546762589928,3,41.3251259175031
"cthm-06",11,2003,31.6546762589928,3,41.1832819458719
"cthm-06",11,2004,31.6546762589928,3,41.1832819458719
"cthm-06",11,2005,31.6546762589928,3,41.3251259175031
"cthm-06",11,2006,31.6546762589928,3,41.0393970537856
"cthm-06",11,2007,31.6546762589928,3,41.0393970537856
"cthm-06",11,2008,31.6546762589928,3,40.8965399109284
"cthm-06",11,2009,31.6546762589928,3,40.8965399109284
"cthm-06",11,2010,34.5323741007195,3,41.4720794792737
"cthm-06",11,2011,34.5323741007195,3,41.4720794792737
"cthm-06",11,2012,33.8129496402878,3,41.3281945871874
"cthm-06",11,2013,33.0935251798562,3,41.1843096951011
"cthm-06",11,2014,33.0935251798562,3,41.0424657234699
"cthm-06",11,2015,33.0935251798562,3,40.9006217518386
"cthm-06",11,2016,33.0935251798562,3,41.1883915360113
"cthm-06",11,2017,33.0935251798562,3,41.1883915360113
"cthm-06",11,2018,33.0935251798562,3,45.1883915360113
"cthm-06",11,2019,33.0935251798562,3,45.6169629645827
"cthm-06",11,2020,32.3741007194245,3,45.1883769580081
"cthm-06",11,2021,32.3741007194245,3,45.0455198151509
"cthm-06",11,2022,32.3741007194245,3,44.4740912437224
"cthm-06",11,2023,32.3741007194245,3,44.0455198151509
"cthm-06",11,2024,32.3741007194245,3,43.7608187006626
"cthm-06",11,2025,33.0935251798561,3,44.3332750213203
"cthm-06",12,1999,11.4285714285714,3,41.1832819458719
"cthm-06",12,2000,11.4285714285714,3,41.4669698891343
"cthm-06",12,2001,11.4285714285714,3,41.3251259175031
"cthm-06",12,2002,11.4285714285714,3,41.3251259175031
"cthm-06",12,2003,11.4285714285714,3,41.1832819458719
"cthm-06",12,2004,11.4285714285714,3,41.1832819458719
"cthm-06",12,2005,11.4285714285714,3,41.3251259175031
"cthm-06",12,2006,11.4285714285714,3,41.0393970537856
"cthm-06",12,2007,11.4285714285714,3,41.0393970537856
"cthm-06",12,2008,11.4285714285714,3,40.8965399109284
"cthm-06",12,2009,11.4285714285714,3,40.8965399109284
"cthm-06",12,2010,11.4285714285714,3,41.4720794792737
"cthm-06",12,2011,11.4285714285714,3,41.4720794792737
"cthm-06",12,2012,11.4285714285714,3,41.3281945871874
"cthm-06",12,2013,11.4285714285714,3,41.1843096951011
"cthm-06",12,2014,11.4285714285714,3,41.0424657234699
"cthm-06",12,2015,11.4285714285714,3,40.9006217518386
"cthm-06",12,2016,11.4285714285714,3,41.1883915360113
"cthm-06",12,2017,11.4285714285714,3,41.1883915360113
"cthm-06",12,2018,31.4285714285715,3,45.1883915360113
"cthm-06",12,2019,33.5714285714285,3,45.6169629645827
"cthm-06",12,2020,32.8571428571428,3,45.1883769580081
"cthm-06",12,2021,32.1428571428571,3,45.0455198151509
"cthm-06",12,2022,29.2857142857143,3,44.4740912437224
"cthm-06",12,2023,27.1428571428572,3,44.0455198151509
"cthm-06",12,2024,26.4285714285714,3,43.7608187006626
"cthm-06",12,2025,28.5714285714285,3,44.3332750213203
"cthm-06",13,1999,32.8571428571429,3,41.1832819458719
"cthm-06",13,2000,32.8571428571429,3,41.4669698891343
"cthm-06",13,2001,32.8571428571429,3,41.3251259175031
"cthm-06",13,2002,32.8571428571429,3,41.3251259175031
"cthm-06",13,2003,32.8571428571429,3,41.1832819458719
"cthm-06",13,2004,32.8571428571429,3,41.1832819458719
"cthm-06",13,2005,32.8571428571429,3,41.3251259175031
"cthm-06",13,2006,32.8571428571429,3,41.0393970537856
"cthm-06",13,2007,32.8571428571429,3,41.0393970537856
"cthm-06",13,2008,32.1428571428571,3,40.8965399109284
"cthm-06",13,2009,32.1428571428571,3,40.8965399109284
"cthm-06",13,2010,32.1428571428571,3,41.4720794792737
"cthm-06",13,2011,32.1428571428571,3,41.4720794792737
"cthm-06",13,2012,32.1428571428571,3,41.3281945871874
"cthm-06",13,2013,32.1428571428571,3,41.1843096951011
"cthm-06",13,2014,32.1428571428571,3,41.0424657234699
"cthm-06",13,2015,32.1428571428571,3,40.9006217518386
"cthm-06",13,2016,32.1428571428571,3,41.1883915360113
"cthm-06",13,2017,32.1428571428571,3,41.1883915360113
"cthm-06",13,2018,32.1428571428571,3,45.1883915360113
"cthm-06",13,2019,32.1428571428571,3,45.6169629645827
"cthm-06",13,2020,32.1428571428571,3,45.1883769580081
"cthm-06",13,2021,32.1428571428571,3,45.0455198151509
"cthm-06",13,2022,32.1428571428571,3,44.4740912437224
"cthm-06",13,2023,32.1428571428571,3,44.0455198151509
"cthm-06",13,2024,32.1428571428571,3,43.7608187006626
"cthm-06",13,2025,32.1428571428571,3,44.3332750213203
"cthm-06",14,1999,63.3093525179856,3,41.1832819458719
"cthm-06",14,2000,63.3093525179856,3,41.4669698891343
"cthm-06",14,2001,63.3093525179856,3,41.3251259175031
"cthm-06",14,2002,63.3093525179856,3,41.3251259175031
"cthm-06",14,2003,63.3093525179856,3,41.1832819458719
"cthm-06",14,2004,63.3093525179856,3,41.1832819458719
"cthm-06",14,2005,63.3093525179856,3,41.3251259175031
"cthm-06",14,2006,62.589928057554,3,41.0393970537856
"cthm-06",14,2007,62.589928057554,3,41.0393970537856
"cthm-06",14,2008,62.589928057554,3,40.8965399109284
"cthm-06",14,2009,62.589928057554,3,40.8965399109284
"cthm-06",14,2010,62.589928057554,3,41.4720794792737
"cthm-06",14,2011,62.589928057554,3,41.4720794792737
"cthm-06",14,2012,62.589928057554,3,41.3281945871874
"cthm-06",14,2013,62.589928057554,3,41.1843096951011
"cthm-06",14,2014,62.589928057554,3,41.0424657234699
"cthm-06",14,2015,62.589928057554,3,40.9006217518386
"cthm-06",14,2016,64.0287769784173,3,41.1883915360113
"cthm-06",14,2017,64.0287769784173,3,41.1883915360113
"cthm-06",14,2018,64.0287769784173,3,45.1883915360113
"cthm-06",14,2019,64.0287769784173,3,45.6169629645827
"cthm-06",14,2020,64.0287769784173,3,45.1883769580081
"cthm-06",14,2021,64.0287769784173,3,45.0455198151509
"cthm-06",14,2022,64.0287769784173,3,44.4740912437224
"cthm-06",14,2023,64.0287769784173,3,44.0455198151509
"cthm-06",14,2024,64.0287769784173,3,43.7608187006626
"cthm-06",14,2025,64.0287769784173,3,44.3332750213203
"cthm-06",15,1999,66.6666666666667,3,41.1832819458719
"cthm-06",15,2000,68.0851063829787,3,41.4669698891343
"cthm-06",15,2001,67.3758865248227,3,41.3251259175031
"cthm-06",15,2002,67.3758865248227,3,41.3251259175031
"cthm-06",15,2003,66.6666666666667,3,41.1832819458719
"cthm-06",15,2004,66.6666666666667,3,41.1832819458719
"cthm-06",15,2005,67.3758865248227,3,41.3251259175031
"cthm-06",15,2006,66.6666666666667,3,41.0393970537856
"cthm-06",15,2007,66.6666666666667,3,41.0393970537856
"cthm-06",15,2008,66.6666666666667,3,40.8965399109284
"cthm-06",15,2009,66.6666666666667,3,40.8965399109284
"cthm-06",15,2010,66.6666666666667,3,41.4720794792737
"cthm-06",15,2011,66.6666666666667,3,41.4720794792737
"cthm-06",15,2012,66.6666666666667,3,41.3281945871874
"cthm-06",15,2013,66.6666666666667,3,41.1843096951011
"cthm-06",15,2014,65.9574468085106,3,41.0424657234699
"cthm-06",15,2015,65.2482269503546,3,40.9006217518386
"cthm-06",15,2016,65.2482269503546,3,41.1883915360113
"cthm-06",15,2017,65.2482269503546,3,41.1883915360113
"cthm-06",15,2018,65.2482269503546,3,45.1883915360113
"cthm-06",15,2019,65.2482269503546,3,45.6169629645827
"cthm-06",15,2020,64.5390070921986,3,45.1883769580081
"cthm-06",15,2021,64.5390070921986,3,45.0455198151509
"cthm-06",15,2022,64.5390070921986,3,44.4740912437224
"cthm-06",15,2023,64.5390070921986,3,44.0455198151509
"cthm-06",15,2024,63.8297872340426,3,43.7608187006626
"cthm-06",15,2025,63.8297872340426,3,44.3332750213203
"cthm-06",16,1999,62.589928057554,4,46.4758406041125
"cthm-06",16,2000,62.589928057554,4,46.4758406041125
"cthm-06",16,2001,62.589928057554,4,46.4758406041125
"cthm-06",16,2002,62.589928057554,4,46.3339966324813
"cthm-06",16,2003,62.589928057554,4,46.3339966324813
"cthm-06",16,2004,65.4676258992805,4,49.7872340425532
"cthm-06",16,2005,65.4676258992806,4,51.2260829634165
"cthm-06",16,2006,65.4676258992806,4,51.3699678555029
"cthm-06",16,2007,64.7482014388489,4,49.9311189346395
"cthm-06",16,2008,64.7482014388489,4,46.6217664166539
"cthm-06",16,2009,64.7482014388489,4,46.6217664166539
"cthm-06",16,2010,64.7482014388489,4,46.6217664166539
"cthm-06",16,2011,64.7482014388489,4,46.6217664166539
"cthm-06",16,2012,64.7482014388489,4,46.3339966324813
"cthm-06",16,2013,64.7482014388489,4,46.3339966324813
"cthm-06",16,2014,64.7482014388489,4,46.3339966324813
"cthm-06",16,2015,64.7482014388489,4,46.3339966324813
"cthm-06",16,2016,64.7482014388489,4,46.3339966324813
"cthm-06",16,2017,64.748201438849,4,46.190111740395
"cthm-06",16,2018,64.748201438849,4,46.190111740395
"cthm-06",16,2019,64.7482014388489,4,46.1901117403949
"cthm-06",16,2020,64.7482014388489,4,46.0462268483086
"cthm-06",16,2021,64.7482014388489,4,46.0462268483086
"cthm-06",16,2022,64.7482014388489,4,48.5994183376703
"cthm-06",16,2023,64.7482014388489,4,48.4596152864942
"cthm-06",16,2024,64.7482014388489,4,46.6156436552885
"cthm-06",16,2025,64.7482014388489,4,45.4768100413286
"cthm-06",17,1999,16.5467625899281,4,46.4758406041125
"cthm-06",17,2000,16.5467625899281,4,46.4758406041125
"cthm-06",17,2001,16.5467625899281,4,46.4758406041125
"cthm-06",17,2002,16.5467625899281,4,46.3339966324813
"cthm-06",17,2003,16.5467625899281,4,46.3339966324813
"cthm-06",17,2004,30.9352517985612,4,49.7872340425532
"cthm-06",17,2005,38.1294964028777,4,51.2260829634165
"cthm-06",17,2006,38.8489208633094,4,51.3699678555029
"cthm-06",17,2007,32.3741007194245,4,49.9311189346395
"cthm-06",17,2008,16.5467625899281,4,46.6217664166539
"cthm-06",17,2009,16.5467625899281,4,46.6217664166539
"cthm-06",17,2010,16.5467625899281,4,46.6217664166539
"cthm-06",17,2011,16.5467625899281,4,46.6217664166539
"cthm-06",17,2012,16.5467625899281,4,46.3339966324813
"cthm-06",17,2013,16.5467625899281,4,46.3339966324813
"cthm-06",17,2014,16.5467625899281,4,46.3339966324813
"cthm-06",17,2015,16.5467625899281,4,46.3339966324813
"cthm-06",17,2016,16.5467625899281,4,46.3339966324813
"cthm-06",17,2017,16.5467625899281,4,46.190111740395
"cthm-06",17,2018,16.5467625899281,4,46.190111740395
"cthm-06",17,2019,16.5467625899281,4,46.1901117403949
"cthm-06",17,2020,16.5467625899281,4,46.0462268483086
"cthm-06",17,2021,16.5467625899281,4,46.0462268483086
"cthm-06",17,2022,16.5467625899281,4,48.5994183376703
"cthm-06",17,2023,16.5467625899281,4,48.4596152864942
"cthm-06",17,2024,16.5467625899281,4,46.6156436552885
"cthm-06",17,2025,16.5467625899281,4,45.4768100413286
"cthm-06",18,1999,49.645390070922,4,46.4758406041125
"cthm-06",18,2000,49.645390070922,4,46.4758406041125
"cthm-06",18,2001,49.645390070922,4,46.4758406041125
"cthm-06",18,2002,48.936170212766,4,46.3339966324813
"cthm-06",18,2003,48.936170212766,4,46.3339966324813
"cthm-06",18,2004,48.936170212766,4,49.7872340425532
"cthm-06",18,2005,48.936170212766,4,51.2260829634165
"cthm-06",18,2006,48.936170212766,4,51.3699678555029
"cthm-06",18,2007,48.936170212766,4,49.9311189346395
"cthm-06",18,2008,48.936170212766,4,46.6217664166539
"cthm-06",18,2009,48.936170212766,4,46.6217664166539
"cthm-06",18,2010,48.936170212766,4,46.6217664166539
"cthm-06",18,2011,48.936170212766,4,46.6217664166539
"cthm-06",18,2012,48.936170212766,4,46.3339966324813
"cthm-06",18,2013,48.936170212766,4,46.3339966324813
"cthm-06",18,2014,48.936170212766,4,46.3339966324813
"cthm-06",18,2015,48.936170212766,4,46.3339966324813
"cthm-06",18,2016,48.936170212766,4,46.3339966324813
"cthm-06",18,2017,48.936170212766,4,46.190111740395
"cthm-06",18,2018,48.936170212766,4,46.190111740395
"cthm-06",18,2019,48.936170212766,4,46.1901117403949
"cthm-06",18,2020,48.936170212766,4,46.0462268483086
"cthm-06",18,2021,48.936170212766,4,46.0462268483086
"cthm-06",18,2022,61.7021276595745,4,48.5994183376703
"cthm-06",18,2023,60.2836879432624,4,48.4596152864942
"cthm-06",18,2024,51.0638297872341,4,46.6156436552885
"cthm-06",18,2025,46.8085106382979,4,45.4768100413286
"cthm-06",19,1999,30.2158273381295,4,46.4758406041125
"cthm-06",19,2000,30.2158273381295,4,46.4758406041125
"cthm-06",19,2001,30.2158273381295,4,46.4758406041125
"cthm-06",19,2002,30.2158273381295,4,46.3339966324813
"cthm-06",19,2003,30.2158273381295,4,46.3339966324813
"cthm-06",19,2004,30.2158273381295,4,49.7872340425532
"cthm-06",19,2005,30.2158273381295,4,51.2260829634165
"cthm-06",19,2006,30.2158273381295,4,51.3699678555029
"cthm-06",19,2007,30.2158273381295,4,49.9311189346395
"cthm-06",19,2008,29.4964028776978,4,46.6217664166539
"cthm-06",19,2009,29.4964028776978,4,46.6217664166539
"cthm-06",19,2010,29.4964028776978,4,46.6217664166539
"cthm-06",19,2011,29.4964028776978,4,46.6217664166539
"cthm-06",19,2012,29.4964028776978,4,46.3339966324813
"cthm-06",19,2013,29.4964028776978,4,46.3339966324813
"cthm-06",19,2014,29.4964028776978,4,46.3339966324813
"cthm-06",19,2015,29.4964028776978,4,46.3339966324813
"cthm-06",19,2016,29.4964028776978,4,46.3339966324813
"cthm-06",19,2017,28.7769784172662,4,46.190111740395
"cthm-06",19,2018,28.7769784172662,4,46.190111740395
"cthm-06",19,2019,28.7769784172662,4,46.1901117403949
"cthm-06",19,2020,28.0575539568345,4,46.0462268483086
"cthm-06",19,2021,28.0575539568345,4,46.0462268483086
"cthm-06",19,2022,28.0575539568345,4,48.5994183376703
"cthm-06",19,2023,28.0575539568345,4,48.4596152864942
"cthm-06",19,2024,28.0575539568345,4,46.6156436552885
"cthm-06",19,2025,28.0575539568345,4,45.4768100413286
"cthm-06",20,1999,73.3812949640288,4,46.4758406041125
"cthm-06",20,2000,73.3812949640288,4,46.4758406041125
"cthm-06",20,2001,73.3812949640288,4,46.4758406041125
"cthm-06",20,2002,73.3812949640288,4,46.3339966324813
"cthm-06",20,2003,73.3812949640288,4,46.3339966324813
"cthm-06",20,2004,73.3812949640288,4,49.7872340425532
"cthm-06",20,2005,73.3812949640288,4,51.2260829634165
"cthm-06",20,2006,73.3812949640288,4,51.3699678555029
"cthm-06",20,2007,73.3812949640288,4,49.9311189346395
"cthm-06",20,2008,73.3812949640288,4,46.6217664166539
"cthm-06",20,2009,73.3812949640288,4,46.6217664166539
"cthm-06",20,2010,73.3812949640288,4,46.6217664166539
"cthm-06",20,2011,73.3812949640288,4,46.6217664166539
"cthm-06",20,2012,71.9424460431655,4,46.3339966324813
"cthm-06",20,2013,71.9424460431655,4,46.3339966324813
"cthm-06",20,2014,71.9424460431655,4,46.3339966324813
"cthm-06",20,2015,71.9424460431655,4,46.3339966324813
"cthm-06",20,2016,71.9424460431655,4,46.3339966324813
"cthm-06",20,2017,71.9424460431655,4,46.190111740395
"cthm-06",20,2018,71.9424460431655,4,46.190111740395
"cthm-06",20,2019,71.9424460431655,4,46.1901117403949
"cthm-06",20,2020,71.9424460431655,4,46.0462268483086
"cthm-06",20,2021,71.9424460431655,4,46.0462268483086
"cthm-06",20,2022,71.9424460431655,4,48.5994183376703
"cthm-06",20,2023,72.6618705035971,4,48.4596152864942
"cthm-06",20,2024,72.6618705035971,4,46.6156436552885
"cthm-06",20,2025,71.2230215827338,4,45.4768100413286
"cthm-07",1,1999,17.3913043478261,1,10.1242236024845
"cthm-07",1,2000,17.3913043478261,1,10.1242236024845
"cthm-07",1,2001,17.3913043478261,1,10.1242236024845
"cthm-07",1,2002,17.3913043478261,1,10.1242236024845
"cthm-07",1,2003,17.3913043478261,1,10.1242236024845
"cthm-07",1,2004,17.3913043478261,1,10.1242236024845
"cthm-07",1,2005,17.3913043478261,1,10.1242236024845
"cthm-07",1,2006,17.3913043478261,1,10.1242236024845
"cthm-07",1,2007,17.3913043478261,1,9.76708074534162
"cthm-07",1,2008,17.3913043478261,1,9.76708074534162
"cthm-07",1,2009,17.3913043478261,1,9.76708074534162
"cthm-07",1,2010,17.3913043478261,1,9.76708074534162
"cthm-07",1,2011,17.3913043478261,1,9.76708074534162
"cthm-07",1,2012,17.3913043478261,1,11.8633540372671
"cthm-07",1,2013,17.3913043478261,1,11.6847826086957
"cthm-07",1,2014,17.3913043478261,1,16.3302277432712
"cthm-07",1,2015,16.6666666666667,1,22.4689440993789
"cthm-07",1,2016,15.9420289855072,1,16.5434261286623
"cthm-07",1,2017,15.9420289855072,1,8.79601412038071
"cthm-07",1,2018,15.2173913043478,1,5.24193067905923
"cthm-07",1,2019,15.2173913043478,1,6.02998346664282
"cthm-07",1,2020,15.2173913043478,1,15.2173913043478
"cthm-07",1,2021,15.2173913043478,1,15.2173913043478
"cthm-07",1,2022,15.2173913043478,1,14.1869113404928
"cthm-07",1,2023,15.2173913043478,1,13.709032773781
"cthm-07",1,2024,15.2173913043478,1,13.3640913356271
"cthm-07",1,2025,14.4927536231884,1,5.54862941944581
"cthm-07",2,2012,23.5714285714286,1,11.8633540372671
"cthm-07",2,2013,23.5714285714286,1,11.6847826086957
"cthm-07",2,2014,40,1,16.3302277432712
"cthm-07",2,2015,42.8571428571429,1,22.4689440993789
"cthm-07",2,2016,34.2857142857143,1,16.5434261286623
"cthm-07",2,2017,9.28571428571429,1,8.79601412038071
"cthm-07",3,1999,2.85714285714286,1,10.1242236024845
"cthm-07",3,2000,2.85714285714286,1,10.1242236024845
"cthm-07",3,2001,2.85714285714286,1,10.1242236024845
"cthm-07",3,2002,2.85714285714286,1,10.1242236024845
"cthm-07",3,2003,2.85714285714286,1,10.1242236024845
"cthm-07",3,2004,2.85714285714286,1,10.1242236024845
"cthm-07",3,2005,2.85714285714286,1,10.1242236024845
"cthm-07",3,2006,2.85714285714286,1,10.1242236024845
"cthm-07",3,2007,2.14285714285714,1,9.76708074534162
"cthm-07",3,2008,2.14285714285714,1,9.76708074534162
"cthm-07",3,2009,2.14285714285714,1,9.76708074534162
"cthm-07",3,2010,2.14285714285714,1,9.76708074534162
"cthm-07",3,2011,2.14285714285714,1,9.76708074534162
"cthm-07",3,2012,2.14285714285714,1,11.8633540372671
"cthm-07",3,2013,1.42857142857143,1,11.6847826086957
"cthm-07",3,2014,2.85714285714286,1,16.3302277432712
"cthm-07",3,2015,5.71428571428571,1,22.4689440993789
"cthm-07",3,2016,5.71428571428571,1,16.5434261286623
"cthm-07",3,2017,3.57142857142857,1,8.79601412038071
"cthm-07",3,2018,1.42857142857143,1,5.24193067905923
"cthm-07",3,2019,0.714285714285714,1,6.02998346664282
"cthm-07",3,2025,0.714285714285714,1,5.54862941944581
"cthm-07",4,2012,4.34782608695652,1,11.8633540372671
"cthm-07",4,2013,4.34782608695652,1,11.6847826086957
"cthm-07",4,2014,5.07246376811594,1,16.3302277432712
"cthm-07",4,2015,24.6376811594203,1,22.4689440993789
"cthm-07",4,2016,21.7391304347826,1,16.5434261286623
"cthm-07",4,2017,10.1449275362319,1,8.79601412038071
"cthm-07",4,2018,0.72463768115942,1,5.24193067905923
"cthm-07",4,2022,0.72463768115942,1,14.1869113404928
"cthm-07",4,2023,1.44927536231884,1,13.709032773781
"cthm-07",5,2016,5.03597122302158,1,16.5434261286623
"cthm-07",5,2017,5.03597122302158,1,8.79601412038071
"cthm-07",5,2018,3.59712230215827,1,5.24193067905923
"cthm-07",5,2019,2.15827338129496,1,6.02998346664282
"cthm-07",5,2022,26.6187050359712,1,14.1869113404928
"cthm-07",5,2023,24.4604316546763,1,13.709032773781
"cthm-07",5,2024,11.5107913669065,1,13.3640913356271
"cthm-07",5,2025,1.43884892086331,1,5.54862941944581
"cthm-07",6,1999,0.709219858156028,2,3.56805133400878
"cthm-07",6,2000,0.709219858156028,2,3.32995609591354
"cthm-07",6,2001,0.709219858156028,2,3.32995609591354
"cthm-07",6,2002,0.709219858156028,2,3.09186085781831
"cthm-07",6,2003,0.709219858156028,2,1.78575073072241
"cthm-07",6,2004,0.709219858156028,2,0.952429545725122
"cthm-07",6,2005,0.709219858156028,2,0.952429545725122
"cthm-07",6,2006,0.709219858156028,2,0.709219858156028
"cthm-07",6,2007,0.709219858156028,2,0.709219858156028
"cthm-07",6,2008,0.709219858156028,2,0.709219858156028
"cthm-07",6,2009,0.709219858156028,2,0.709219858156028
"cthm-07",6,2010,0.709219858156028,2,0.709219858156028
"cthm-07",6,2011,0.709219858156028,2,0.709219858156028
"cthm-07",6,2012,0.709219858156028,2,0.709219858156028
"cthm-07",6,2013,0.709219858156028,2,0.709219858156028
"cthm-07",6,2022,20.5673758865248,2,20.5673758865248
"cthm-07",6,2023,38.2978723404255,2,29.1489361702127
"cthm-07",6,2024,37.5886524822695,2,28.7943262411348
"cthm-07",6,2025,21.2765957446809,2,18.1775764798496
"cthm-07",7,2023,20,2,29.1489361702127
"cthm-07",7,2024,20,2,28.7943262411348
"cthm-07",7,2025,42.1428571428571,2,18.1775764798496
"cthm-07",8,1999,9.28571428571429,2,3.56805133400878
"cthm-07",8,2000,8.57142857142857,2,3.32995609591354
"cthm-07",8,2001,8.57142857142857,2,3.32995609591354
"cthm-07",8,2002,7.85714285714286,2,3.09186085781831
"cthm-07",8,2003,4.28571428571429,2,1.78575073072241
"cthm-07",8,2014,2.85714285714286,2,3.91084093211753
"cthm-07",8,2015,8.57142857142857,2,8.89564336372847
"cthm-07",8,2016,8.57142857142857,2,8.89564336372847
"cthm-07",8,2017,7.14285714285714,2,4.98986828774062
"cthm-07",8,2018,2.14285714285714,2,2.14285714285714
"cthm-07",8,2025,8.57142857142857,2,18.1775764798496
"cthm-07",9,1999,0.709219858156028,2,3.56805133400878
"cthm-07",9,2000,0.709219858156028,2,3.32995609591354
"cthm-07",9,2001,0.709219858156028,2,3.32995609591354
"cthm-07",9,2002,0.709219858156028,2,3.09186085781831
"cthm-07",9,2003,0.709219858156028,2,1.78575073072241
"cthm-07",9,2004,0.709219858156028,2,0.952429545725122
"cthm-07",9,2005,0.709219858156028,2,0.952429545725122
"cthm-07",9,2006,0.709219858156028,2,0.709219858156028
"cthm-07",9,2007,0.709219858156028,2,0.709219858156028
"cthm-07",9,2008,0.709219858156028,2,0.709219858156028
"cthm-07",9,2009,0.709219858156028,2,0.709219858156028
"cthm-07",9,2010,0.709219858156028,2,0.709219858156028
"cthm-07",9,2014,4.9645390070922,2,3.91084093211753
"cthm-07",9,2015,9.21985815602837,2,8.89564336372847
"cthm-07",9,2016,9.21985815602837,2,8.89564336372847
"cthm-07",9,2017,2.83687943262411,2,4.98986828774062
"cthm-07",10,2003,1.43884892086331,2,1.78575073072241
"cthm-07",10,2004,1.43884892086331,2,0.952429545725122
"cthm-07",10,2005,1.43884892086331,2,0.952429545725122
"cthm-07",10,2025,0.719424460431655,2,18.1775764798496
"cthm-07",11,1999,25.1798561151079,3,50.1407569596497
"cthm-07",11,2000,25.1798561151079,3,50.1407569596497
"cthm-07",11,2001,25.1798561151079,3,50.2835992075904
"cthm-07",11,2002,25.1798561151079,3,50.2835992075904
"cthm-07",11,2003,25.1798561151079,3,50.1386716713586
"cthm-07",11,2004,25.1798561151079,3,50.1386716713586
"cthm-07",11,2005,25.1798561151079,3,49.9937441351267
"cthm-07",11,2006,25.1798561151079,3,49.9937441351267
"cthm-07",11,2007,25.1798561151079,3,52.4397873005943
"cthm-07",11,2008,25.1798561151079,3,52.2948597643624
"cthm-07",11,2009,24.4604316546763,3,50.706912730685
"cthm-07",11,2010,24.4604316546763,3,50.5630278385987
"cthm-07",11,2011,24.4604316546763,3,50.1313731623397
"cthm-07",11,2012,24.4604316546763,3,49.843603378167
"cthm-07",11,2013,24.4604316546763,3,49.2680638098217
"cthm-07",11,2014,24.4604316546763,3,48.6904389531853
"cthm-07",11,2015,24.4604316546763,3,48.4026691690126
"cthm-07",11,2016,24.4604316546763,3,48.11489938484
"cthm-07",11,2017,24.4604316546763,3,47.8271296006673
"cthm-07",11,2018,24.4604316546763,3,47.8271296006673
"cthm-07",11,2019,24.4604316546763,3,47.5393598164947
"cthm-07",11,2020,24.4604316546763,3,47.5393598164947
"cthm-07",11,2021,24.4604316546763,3,47.5393598164947
"cthm-07",11,2022,24.4604316546763,3,47.5393598164947
"cthm-07",11,2023,24.4604316546763,3,47.5404024606402
"cthm-07",11,2024,24.4604316546763,3,47.3965175685539
"cthm-07",11,2025,24.4604316546763,3,47.1087477843812
"cthm-07",12,1999,26.6187050359712,3,50.1407569596497
"cthm-07",12,2000,26.6187050359712,3,50.1407569596497
"cthm-07",12,2001,26.6187050359712,3,50.2835992075904
"cthm-07",12,2002,26.6187050359712,3,50.2835992075904
"cthm-07",12,2003,26.6187050359712,3,50.1386716713586
"cthm-07",12,2004,26.6187050359712,3,50.1386716713586
"cthm-07",12,2005,26.6187050359712,3,49.9937441351267
"cthm-07",12,2006,26.6187050359712,3,49.9937441351267
"cthm-07",12,2007,26.6187050359712,3,52.4397873005943
"cthm-07",12,2008,26.6187050359712,3,52.2948597643624
"cthm-07",12,2009,26.6187050359712,3,50.706912730685
"cthm-07",12,2010,26.6187050359712,3,50.5630278385987
"cthm-07",12,2011,28.7769784172662,3,50.1313731623397
"cthm-07",12,2012,28.7769784172662,3,49.843603378167
"cthm-07",12,2013,28.7769784172662,3,49.2680638098217
"cthm-07",12,2014,27.3381294964029,3,48.6904389531853
"cthm-07",12,2015,26.6187050359712,3,48.4026691690126
"cthm-07",12,2016,26.6187050359712,3,48.11489938484
"cthm-07",12,2017,26.6187050359712,3,47.8271296006673
"cthm-07",12,2018,26.6187050359712,3,47.8271296006673
"cthm-07",12,2019,26.6187050359712,3,47.5393598164947
"cthm-07",12,2020,26.6187050359712,3,47.5393598164947
"cthm-07",12,2021,26.6187050359712,3,47.5393598164947
"cthm-07",12,2022,26.6187050359712,3,47.5393598164947
"cthm-07",12,2023,26.6187050359712,3,47.5404024606402
"cthm-07",12,2024,26.6187050359712,3,47.3965175685539
"cthm-07",12,2025,26.6187050359712,3,47.1087477843812
"cthm-07",13,1999,65.9420289855072,3,50.1407569596497
"cthm-07",13,2000,65.9420289855072,3,50.1407569596497
"cthm-07",13,2001,65.2173913043478,3,50.2835992075904
"cthm-07",13,2002,65.2173913043478,3,50.2835992075904
"cthm-07",13,2003,64.4927536231884,3,50.1386716713586
"cthm-07",13,2004,64.4927536231884,3,50.1386716713586
"cthm-07",13,2005,64.4927536231884,3,49.9937441351267
"cthm-07",13,2006,63.768115942029,3,49.9937441351267
"cthm-07",13,2007,63.768115942029,3,52.4397873005943
"cthm-07",13,2008,63.0434782608696,3,52.2948597643624
"cthm-07",13,2009,60.1449275362319,3,50.706912730685
"cthm-07",13,2010,60.1449275362319,3,50.5630278385987
"cthm-07",13,2011,60.1449275362319,3,50.1313731623397
"cthm-07",13,2012,60.1449275362319,3,49.843603378167
"cthm-07",13,2013,60.1449275362319,3,49.2680638098217
"cthm-07",13,2014,59.4202898550725,3,48.6904389531853
"cthm-07",13,2015,59.4202898550725,3,48.4026691690126
"cthm-07",13,2016,59.4202898550725,3,48.11489938484
"cthm-07",13,2017,59.4202898550725,3,47.8271296006673
"cthm-07",13,2018,59.4202898550725,3,47.8271296006673
"cthm-07",13,2019,59.4202898550725,3,47.5393598164947
"cthm-07",13,2020,59.4202898550725,3,47.5393598164947
"cthm-07",13,2021,59.4202898550725,3,47.5393598164947
"cthm-07",13,2022,59.4202898550725,3,47.5393598164947
"cthm-07",13,2023,60.1449275362319,3,47.5404024606402
"cthm-07",13,2024,60.1449275362319,3,47.3965175685539
"cthm-07",13,2025,60.1449275362319,3,47.1087477843812
"cthm-07",14,1999,81.8840579710145,3,50.1407569596497
"cthm-07",14,2000,81.8840579710145,3,50.1407569596497
"cthm-07",14,2001,81.8840579710145,3,50.2835992075904
"cthm-07",14,2002,81.8840579710145,3,50.2835992075904
"cthm-07",14,2003,81.8840579710145,3,50.1386716713586
"cthm-07",14,2004,81.8840579710145,3,50.1386716713586
"cthm-07",14,2005,81.1594202898551,3,49.9937441351267
"cthm-07",14,2006,81.8840579710145,3,49.9937441351267
"cthm-07",14,2007,81.8840579710145,3,52.4397873005943
"cthm-07",14,2008,81.8840579710145,3,52.2948597643624
"cthm-07",14,2009,81.1594202898551,3,50.706912730685
"cthm-07",14,2010,81.1594202898551,3,50.5630278385987
"cthm-07",14,2011,81.1594202898551,3,50.1313731623397
"cthm-07",14,2012,81.1594202898551,3,49.843603378167
"cthm-07",14,2013,81.1594202898551,3,49.2680638098217
"cthm-07",14,2014,80.4347826086957,3,48.6904389531853
"cthm-07",14,2015,80.4347826086957,3,48.4026691690126
"cthm-07",14,2016,80.4347826086957,3,48.11489938484
"cthm-07",14,2017,80.4347826086957,3,47.8271296006673
"cthm-07",14,2018,80.4347826086957,3,47.8271296006673
"cthm-07",14,2019,80.4347826086957,3,47.5393598164947
"cthm-07",14,2020,80.4347826086957,3,47.5393598164947
"cthm-07",14,2021,80.4347826086957,3,47.5393598164947
"cthm-07",14,2022,80.4347826086957,3,47.5393598164947
"cthm-07",14,2023,80.4347826086957,3,47.5404024606402
"cthm-07",14,2024,80.4347826086957,3,47.3965175685539
"cthm-07",14,2025,80.4347826086957,3,47.1087477843812
"cthm-07",15,1999,51.0791366906475,3,50.1407569596497
"cthm-07",15,2000,51.0791366906475,3,50.1407569596497
"cthm-07",15,2001,52.5179856115108,3,50.2835992075904
"cthm-07",15,2002,52.5179856115108,3,50.2835992075904
"cthm-07",15,2003,52.5179856115108,3,50.1386716713586
"cthm-07",15,2004,52.5179856115108,3,50.1386716713586
"cthm-07",15,2005,52.5179856115108,3,49.9937441351267
"cthm-07",15,2006,52.5179856115108,3,49.9937441351267
"cthm-07",15,2007,64.7482014388489,3,52.4397873005943
"cthm-07",15,2008,64.7482014388489,3,52.2948597643624
"cthm-07",15,2009,61.1510791366906,3,50.706912730685
"cthm-07",15,2010,60.431654676259,3,50.5630278385987
"cthm-07",15,2011,56.115107913669,3,50.1313731623397
"cthm-07",15,2012,54.6762589928057,3,49.843603378167
"cthm-07",15,2013,51.7985611510791,3,49.2680638098217
"cthm-07",15,2014,51.7985611510791,3,48.6904389531853
"cthm-07",15,2015,51.0791366906475,3,48.4026691690126
"cthm-07",15,2016,49.6402877697842,3,48.11489938484
"cthm-07",15,2017,48.2014388489209,3,47.8271296006673
"cthm-07",15,2018,48.2014388489209,3,47.8271296006673
"cthm-07",15,2019,46.7625899280576,3,47.5393598164947
"cthm-07",15,2020,46.7625899280576,3,47.5393598164947
"cthm-07",15,2021,46.7625899280576,3,47.5393598164947
"cthm-07",15,2022,46.7625899280576,3,47.5393598164947
"cthm-07",15,2023,46.0431654676259,3,47.5404024606402
"cthm-07",15,2024,45.3237410071942,3,47.3965175685539
"cthm-07",15,2025,43.8848920863309,3,47.1087477843812
"cthm-07",16,1999,2.85714285714286,4,18.7212411781596
"cthm-07",16,2000,2.85714285714286,4,18.28328497378
"cthm-07",16,2001,2.85714285714286,4,18.1372995723202
"cthm-07",16,2002,2.85714285714286,4,19.2571871867334
"cthm-07",16,2003,2.85714285714286,4,23.5667109962572
"cthm-07",16,2004,2.85714285714286,4,23.4238538534
"cthm-07",16,2005,2.85714285714286,4,23.2849649645112
"cthm-07",16,2006,2.85714285714286,4,21.1857586153048
"cthm-07",16,2007,2.85714285714286,4,20.6540125835588
"cthm-07",16,2008,2.85714285714286,4,20.1063935359397
"cthm-07",16,2009,2.85714285714286,4,19.9714729010191
"cthm-07",16,2010,2.85714285714286,4,19.8286157581619
"cthm-07",16,2011,2.85714285714286,4,19.8286157581619
"cthm-07",16,2012,2.85714285714286,4,19.5429014724477
"cthm-07",16,2013,2.85714285714286,4,19.2571871867334
"cthm-07",16,2014,3.57142857142857,4,19.2571871867334
"cthm-07",16,2015,3.57142857142857,4,23.4000443295905
"cthm-07",16,2016,2.85714285714286,4,23.1182982978445
"cthm-07",16,2017,2.85714285714286,4,22.8325840121302
"cthm-07",16,2018,2.85714285714286,4,20.2611554407016
"cthm-07",16,2019,2.85714285714286,4,19.5508379803842
"cthm-07",16,2020,2.85714285714286,4,18.6936951232413
"cthm-07",16,2021,2.85714285714286,4,18.6936951232413
"cthm-07",16,2022,2.85714285714286,4,19.1284777319369
"cthm-07",16,2023,3.57142857142857,4,19.1264073385622
"cthm-07",16,2024,3.57142857142857,4,19.1264073385622
"cthm-07",16,2025,3.57142857142857,4,19.40418511634
"cthm-07",17,1999,45.6521739130435,4,18.7212411781596
"cthm-07",17,2000,45.6521739130435,4,18.28328497378
"cthm-07",17,2001,45.6521739130435,4,18.1372995723202
"cthm-07",17,2002,45.6521739130435,4,19.2571871867334
"cthm-07",17,2003,45.6521739130435,4,23.5667109962572
"cthm-07",17,2004,45.6521739130435,4,23.4238538534
"cthm-07",17,2005,45.6521739130435,4,23.2849649645112
"cthm-07",17,2006,45.6521739130435,4,21.1857586153048
"cthm-07",17,2007,45.6521739130435,4,20.6540125835588
"cthm-07",17,2008,45.6521739130435,4,20.1063935359397
"cthm-07",17,2009,45.6521739130435,4,19.9714729010191
"cthm-07",17,2010,45.6521739130435,4,19.8286157581619
"cthm-07",17,2011,45.6521739130435,4,19.8286157581619
"cthm-07",17,2012,45.6521739130435,4,19.5429014724477
"cthm-07",17,2013,45.6521739130435,4,19.2571871867334
"cthm-07",17,2014,45.6521739130435,4,19.2571871867334
"cthm-07",17,2015,45.6521739130435,4,23.4000443295905
"cthm-07",17,2016,45.6521739130435,4,23.1182982978445
"cthm-07",17,2017,45.6521739130435,4,22.8325840121302
"cthm-07",17,2018,45.6521739130435,4,20.2611554407016
"cthm-07",17,2019,45.6521739130435,4,19.5508379803842
"cthm-07",17,2020,45.6521739130435,4,18.6936951232413
"cthm-07",17,2021,45.6521739130435,4,18.6936951232413
"cthm-07",17,2022,47.8260869565217,4,19.1284777319369
"cthm-07",17,2023,47.1014492753623,4,19.1264073385622
"cthm-07",17,2024,47.1014492753623,4,19.1264073385622
"cthm-07",17,2025,47.1014492753623,4,19.40418511634
"cthm-07",18,1999,10.7142857142857,4,18.7212411781596
"cthm-07",18,2000,10.7142857142857,4,18.28328497378
"cthm-07",18,2001,10.7142857142857,4,18.1372995723202
"cthm-07",18,2002,13.5714285714286,4,19.2571871867334
"cthm-07",18,2003,14.2857142857143,4,23.5667109962572
"cthm-07",18,2004,13.5714285714286,4,23.4238538534
"cthm-07",18,2005,13.5714285714286,4,23.2849649645112
"cthm-07",18,2006,10.7142857142857,4,21.1857586153048
"cthm-07",18,2007,15,4,20.6540125835588
"cthm-07",18,2008,16.4285714285714,4,20.1063935359397
"cthm-07",18,2009,17.1428571428571,4,19.9714729010191
"cthm-07",18,2010,16.4285714285714,4,19.8286157581619
"cthm-07",18,2011,16.4285714285714,4,19.8286157581619
"cthm-07",18,2012,15,4,19.5429014724477
"cthm-07",18,2013,13.5714285714285,4,19.2571871867334
"cthm-07",18,2014,12.8571428571428,4,19.2571871867334
"cthm-07",18,2015,33.5714285714285,4,23.4000443295905
"cthm-07",18,2016,33.5714285714285,4,23.1182982978445
"cthm-07",18,2017,32.1428571428571,4,22.8325840121302
"cthm-07",18,2018,19.2857142857142,4,20.2611554407016
"cthm-07",18,2019,16.4285714285714,4,19.5508379803842
"cthm-07",18,2020,12.1428571428571,4,18.6936951232413
"cthm-07",18,2021,12.1428571428571,4,18.6936951232413
"cthm-07",18,2022,12.1428571428571,4,19.1284777319369
"cthm-07",18,2023,12.1428571428571,4,19.1264073385622
"cthm-07",18,2024,12.1428571428571,4,19.1264073385622
"cthm-07",18,2025,12.1428571428571,4,19.40418511634
"cthm-07",19,1999,7.2992700729927,4,18.7212411781596
"cthm-07",19,2000,5.10948905109489,4,18.28328497378
"cthm-07",19,2001,4.37956204379562,4,18.1372995723202
"cthm-07",19,2002,3.64963503649635,4,19.2571871867334
"cthm-07",19,2003,3.64963503649635,4,23.5667109962572
"cthm-07",19,2004,3.64963503649635,4,23.4238538534
"cthm-07",19,2005,3.64963503649635,4,23.2849649645112
"cthm-07",19,2006,3.64963503649635,4,21.1857586153048
"cthm-07",19,2007,3.64963503649635,4,20.6540125835588
"cthm-07",19,2008,3.64963503649635,4,20.1063935359397
"cthm-07",19,2009,3.64963503649635,4,19.9714729010191
"cthm-07",19,2010,3.64963503649635,4,19.8286157581619
"cthm-07",19,2011,3.64963503649635,4,19.8286157581619
"cthm-07",19,2012,3.64963503649635,4,19.5429014724477
"cthm-07",19,2013,3.64963503649635,4,19.2571871867334
"cthm-07",19,2014,3.64963503649635,4,19.2571871867334
"cthm-07",19,2015,3.64963503649635,4,23.4000443295905
"cthm-07",19,2016,3.64963503649635,4,23.1182982978445
"cthm-07",19,2017,3.64963503649635,4,22.8325840121302
"cthm-07",19,2018,3.64963503649635,4,20.2611554407016
"cthm-07",19,2019,3.64963503649635,4,19.5508379803842
"cthm-07",19,2020,3.64963503649635,4,18.6936951232413
"cthm-07",19,2021,3.64963503649635,4,18.6936951232413
"cthm-07",19,2022,3.64963503649635,4,19.1284777319369
"cthm-07",19,2023,3.64963503649635,4,19.1264073385622
"cthm-07",19,2024,3.64963503649635,4,19.1264073385622
"cthm-07",19,2025,3.64963503649635,4,19.40418511634
"cthm-07",20,1999,27.0833333333333,4,18.7212411781596
"cthm-07",20,2000,27.0833333333333,4,18.28328497378
"cthm-07",20,2001,27.0833333333333,4,18.1372995723202
"cthm-07",20,2002,30.5555555555556,4,19.2571871867334
"cthm-07",20,2003,51.3888888888889,4,23.5667109962572
"cthm-07",20,2004,51.3888888888889,4,23.4238538534
"cthm-07",20,2005,50.6944444444445,4,23.2849649645112
"cthm-07",20,2006,43.0555555555556,4,21.1857586153048
"cthm-07",20,2007,36.1111111111112,4,20.6540125835588
"cthm-07",20,2008,31.9444444444445,4,20.1063935359397
"cthm-07",20,2009,30.5555555555556,4,19.9714729010191
"cthm-07",20,2010,30.5555555555556,4,19.8286157581619
"cthm-07",20,2011,30.5555555555556,4,19.8286157581619
"cthm-07",20,2012,30.5555555555556,4,19.5429014724477
"cthm-07",20,2013,30.5555555555556,4,19.2571871867334
"cthm-07",20,2014,30.5555555555556,4,19.2571871867334
"cthm-07",20,2015,30.5555555555556,4,23.4000443295905
"cthm-07",20,2016,29.8611111111111,4,23.1182982978445
"cthm-07",20,2017,29.8611111111111,4,22.8325840121302
"cthm-07",20,2018,29.8611111111111,4,20.2611554407016
"cthm-07",20,2019,29.1666666666667,4,19.5508379803842
"cthm-07",20,2020,29.1666666666667,4,18.6936951232413
"cthm-07",20,2021,29.1666666666667,4,18.6936951232413
"cthm-07",20,2022,29.1666666666667,4,19.1284777319369
"cthm-07",20,2023,29.1666666666667,4,19.1264073385622
"cthm-07",20,2024,29.1666666666667,4,19.1264073385622
"cthm-07",20,2025,30.5555555555555,4,19.40418511634
"cthm-08",1,1999,61.4285714285715,1,37.4093106467208
"cthm-08",1,2000,60,1,31.9309764953994
"cthm-08",1,2001,60,1,30.0762103083491
"cthm-08",1,2002,60.7142857142857,1,27.0588012872377
"cthm-08",1,2003,59.2857142857143,1,23.1683946156145
"cthm-08",1,2004,58.5714285714285,1,25.0941404930766
"cthm-08",1,2005,58.5714285714285,1,20.9176235506023
"cthm-08",1,2006,59.2857142857143,1,29.9900793650794
"cthm-08",1,2007,60,1,32.1582733812949
"cthm-08",1,2008,60,1,34.6762589928057
"cthm-08",1,2009,60,1,33.2374100719424
"cthm-08",1,2010,59.2857142857143,1,31.8011305241521
"cthm-08",1,2011,59.2857142857143,1,31.4414182939363
"cthm-08",1,2012,59.2857142857143,1,30.7219938335046
"cthm-08",1,2013,62.1428571428572,1,31.4311408016444
"cthm-08",1,2014,62.8571428571428,1,31.7882836587872
"cthm-08",1,2015,62.8571428571428,1,33.5119047619048
"cthm-08",1,2016,61.4285714285715,1,35.2281746031746
"cthm-08",1,2017,61.4285714285714,1,44.9503968253968
"cthm-08",1,2018,61.4285714285714,1,46.3392857142857
"cthm-08",1,2019,61.4285714285714,1,34.7048075825054
"cthm-08",1,2020,60.7142857142857,1,33.9870960374557
"cthm-08",1,2021,60,1,32.8480548894218
"cthm-08",1,2022,62.1428571428571,1,29.1808457995508
"cthm-08",1,2023,61.4285714285714,1,25.7020098207149
"cthm-08",1,2024,58.5714285714286,1,24.7746088843211
"cthm-08",1,2025,60.7142857142857,1,39.3378154619162
"cthm-08",2,2000,6.38297872340426,1,31.9309764953994
"cthm-08",2,2001,6.38297872340426,1,30.0762103083491
"cthm-08",2,2002,3.54609929078014,1,27.0588012872377
"cthm-08",2,2003,1.41843971631206,1,23.1683946156145
"cthm-08",2,2004,2.12765957446809,1,25.0941404930766
"cthm-08",2,2005,0.709219858156028,1,20.9176235506023
"cthm-08",4,1999,23.021582733813,1,37.4093106467208
"cthm-08",4,2000,26.6187050359712,1,31.9309764953994
"cthm-08",4,2001,12.9496402877698,1,30.0762103083491
"cthm-08",4,2002,6.47482014388489,1,27.0588012872377
"cthm-08",4,2003,0.719424460431655,1,23.1683946156145
"cthm-08",4,2007,4.31654676258993,1,32.1582733812949
"cthm-08",4,2008,9.35251798561151,1,34.6762589928057
"cthm-08",4,2009,6.47482014388489,1,33.2374100719424
"cthm-08",4,2010,4.31654676258993,1,31.8011305241521
"cthm-08",4,2011,3.59712230215827,1,31.4414182939363
"cthm-08",4,2012,2.15827338129496,1,30.7219938335046
"cthm-08",4,2013,0.719424460431655,1,31.4311408016444
"cthm-08",4,2014,0.719424460431655,1,31.7882836587872
"cthm-08",4,2019,9.35251798561151,1,34.7048075825054
"cthm-08",4,2020,7.9136690647482,1,33.9870960374557
"cthm-08",4,2021,10.0719424460432,1,32.8480548894218
"cthm-08",4,2022,11.5107913669065,1,29.1808457995508
"cthm-08",4,2023,11.5107913669065,1,25.7020098207149
"cthm-08",4,2024,13.6690647482014,1,24.7746088843211
"cthm-08",4,2025,30.2158273381295,1,39.3378154619162
"cthm-08",5,1999,27.7777777777778,1,37.4093106467208
"cthm-08",5,2000,34.7222222222222,1,31.9309764953994
"cthm-08",5,2001,40.9722222222222,1,30.0762103083491
"cthm-08",5,2002,37.5,1,27.0588012872377
"cthm-08",5,2003,31.25,1,23.1683946156145
"cthm-08",5,2004,14.5833333333333,1,25.0941404930766
"cthm-08",5,2005,3.47222222222222,1,20.9176235506023
"cthm-08",5,2006,0.694444444444444,1,29.9900793650794
"cthm-08",5,2015,4.16666666666667,1,33.5119047619048
"cthm-08",5,2016,9.02777777777778,1,35.2281746031746
"cthm-08",5,2017,28.4722222222222,1,44.9503968253968
"cthm-08",5,2018,31.25,1,46.3392857142857
"cthm-08",5,2019,33.3333333333333,1,34.7048075825054
"cthm-08",5,2020,33.3333333333333,1,33.9870960374557
"cthm-08",5,2021,28.4722222222222,1,32.8480548894218
"cthm-08",5,2022,13.8888888888889,1,29.1808457995508
"cthm-08",5,2023,4.16666666666667,1,25.7020098207149
"cthm-08",5,2024,2.08333333333333,1,24.7746088843211
"cthm-08",5,2025,27.0833333333333,1,39.3378154619162
"cthm-08",6,1999,0.719424460431655,2,13.8788745401195
"cthm-08",6,2000,0.719424460431655,2,13.8788745401195
"cthm-08",6,2001,0.719424460431655,2,13.8788745401195
"cthm-08",6,2002,0.719424460431655,2,14.0238020763513
"cthm-08",6,2003,0.719424460431655,2,15.458584685047
"cthm-08",6,2004,17.2661870503598,2,18.9107943458898
"cthm-08",6,2005,27.3381294964029,2,20.9251828350984
"cthm-08",6,2006,29.4964028776979,2,21.6425517970717
"cthm-08",6,2007,27.3381294964029,2,21.0680399779555
"cthm-08",6,2008,15.1079136690648,2,18.1934253839165
"cthm-08",6,2009,3.59712230215827,2,17.0341242533923
"cthm-08",6,2010,0.719424460431655,2,23.0300132564756
"cthm-08",6,2011,0.719424460431655,2,23.0300132564756
"cthm-08",6,2012,0.719424460431655,2,23.0300132564756
"cthm-08",6,2013,0.719424460431655,2,19.8871561136184
"cthm-08",6,2014,0.719424460431655,2,15.0279428631008
"cthm-08",6,2015,0.719424460431655,2,14.5931602544052
"cthm-08",6,2016,0.719424460431655,2,15.0196612896019
"cthm-08",6,2017,0.719424460431655,2,15.5910898610304
"cthm-08",6,2018,0.719424460431655,2,15.5910898610304
"cthm-08",6,2019,0.719424460431655,2,15.3053755753161
"cthm-08",6,2020,0.719424460431655,2,14.7339470038876
"cthm-08",6,2021,0.719424460431655,2,14.7339470038876
"cthm-08",6,2022,0.719424460431655,2,14.7339470038876
"cthm-08",6,2023,0.719424460431655,2,14.4482327181733
"cthm-08",6,2024,0.719424460431655,2,14.4482327181733
"cthm-08",6,2025,0.719424460431655,2,14.4482327181733
"cthm-08",7,1999,7.2463768115942,2,13.8788745401195
"cthm-08",7,2000,7.2463768115942,2,13.8788745401195
"cthm-08",7,2001,7.2463768115942,2,13.8788745401195
"cthm-08",7,2002,7.97101449275362,2,14.0238020763513
"cthm-08",7,2003,10.1449275362319,2,15.458584685047
"cthm-08",7,2004,10.1449275362319,2,18.9107943458898
"cthm-08",7,2005,10.1449275362319,2,20.9251828350984
"cthm-08",7,2006,10.1449275362319,2,21.6425517970717
"cthm-08",7,2007,10.1449275362319,2,21.0680399779555
"cthm-08",7,2008,10.1449275362319,2,18.1934253839165
"cthm-08",7,2009,10.1449275362319,2,17.0341242533923
"cthm-08",7,2010,10.1449275362319,2,23.0300132564756
"cthm-08",7,2011,10.1449275362319,2,23.0300132564756
"cthm-08",7,2012,10.1449275362319,2,23.0300132564756
"cthm-08",7,2013,10.1449275362319,2,19.8871561136184
"cthm-08",7,2014,9.42028985507246,2,15.0279428631008
"cthm-08",7,2015,7.2463768115942,2,14.5931602544052
"cthm-08",7,2016,6.52173913043478,2,15.0196612896019
"cthm-08",7,2017,6.52173913043478,2,15.5910898610304
"cthm-08",7,2018,6.52173913043478,2,15.5910898610304
"cthm-08",7,2019,6.52173913043478,2,15.3053755753161
"cthm-08",7,2020,6.52173913043478,2,14.7339470038876
"cthm-08",7,2021,6.52173913043478,2,14.7339470038876
"cthm-08",7,2022,6.52173913043478,2,14.7339470038876
"cthm-08",7,2023,6.52173913043478,2,14.4482327181733
"cthm-08",7,2024,6.52173913043478,2,14.4482327181733
"cthm-08",7,2025,6.52173913043478,2,14.4482327181733
"cthm-08",8,1999,10,2,13.8788745401195
"cthm-08",8,2000,10,2,13.8788745401195
"cthm-08",8,2001,10,2,13.8788745401195
"cthm-08",8,2002,10,2,14.0238020763513
"cthm-08",8,2003,10,2,15.458584685047
"cthm-08",8,2004,10,2,18.9107943458898
"cthm-08",8,2005,10,2,20.9251828350984
"cthm-08",8,2006,10,2,21.6425517970717
"cthm-08",8,2007,10,2,21.0680399779555
"cthm-08",8,2008,10,2,18.1934253839165
"cthm-08",8,2009,16.4285714285714,2,17.0341242533923
"cthm-08",8,2010,49.2857142857143,2,23.0300132564756
"cthm-08",8,2011,49.2857142857143,2,23.0300132564756
"cthm-08",8,2012,49.2857142857143,2,23.0300132564756
"cthm-08",8,2013,33.5714285714286,2,19.8871561136184
"cthm-08",8,2014,10,2,15.0279428631008
"cthm-08",8,2015,10,2,14.5931602544052
"cthm-08",8,2016,10,2,15.0196612896019
"cthm-08",8,2017,10,2,15.5910898610304
"cthm-08",8,2018,10,2,15.5910898610304
"cthm-08",8,2019,10,2,15.3053755753161
"cthm-08",8,2020,10,2,14.7339470038876
"cthm-08",8,2021,10,2,14.7339470038876
"cthm-08",8,2022,10,2,14.7339470038876
"cthm-08",8,2023,10,2,14.4482327181733
"cthm-08",8,2024,10,2,14.4482327181733
"cthm-08",8,2025,10,2,14.4482327181733
"cthm-08",9,1999,40,2,13.8788745401195
"cthm-08",9,2000,40,2,13.8788745401195
"cthm-08",9,2001,40,2,13.8788745401195
"cthm-08",9,2002,40,2,14.0238020763513
"cthm-08",9,2003,40,2,15.458584685047
"cthm-08",9,2004,40,2,18.9107943458898
"cthm-08",9,2005,40,2,20.9251828350984
"cthm-08",9,2006,40,2,21.6425517970717
"cthm-08",9,2007,40,2,21.0680399779555
"cthm-08",9,2008,39.2857142857143,2,18.1934253839165
"cthm-08",9,2009,39.2857142857143,2,17.0341242533923
"cthm-08",9,2010,39.2857142857143,2,23.0300132564756
"cthm-08",9,2011,39.2857142857143,2,23.0300132564756
"cthm-08",9,2012,39.2857142857143,2,23.0300132564756
"cthm-08",9,2013,39.2857142857143,2,19.8871561136184
"cthm-08",9,2014,39.2857142857143,2,15.0279428631008
"cthm-08",9,2015,39.2857142857143,2,14.5931602544052
"cthm-08",9,2016,41.4285714285715,2,15.0196612896019
"cthm-08",9,2017,43.5714285714286,2,15.5910898610304
"cthm-08",9,2018,43.5714285714286,2,15.5910898610304
"cthm-08",9,2019,42.8571428571429,2,15.3053755753161
"cthm-08",9,2020,40,2,14.7339470038876
"cthm-08",9,2021,40,2,14.7339470038876
"cthm-08",9,2022,40,2,14.7339470038876
"cthm-08",9,2023,40,2,14.4482327181733
"cthm-08",9,2024,40,2,14.4482327181733
"cthm-08",9,2025,40,2,14.4482327181733
"cthm-08",10,1999,11.4285714285714,2,13.8788745401195
"cthm-08",10,2000,11.4285714285714,2,13.8788745401195
"cthm-08",10,2001,11.4285714285714,2,13.8788745401195
"cthm-08",10,2002,11.4285714285714,2,14.0238020763513
"cthm-08",10,2003,16.4285714285714,2,15.458584685047
"cthm-08",10,2004,17.1428571428571,2,18.9107943458898
"cthm-08",10,2005,17.1428571428571,2,20.9251828350984
"cthm-08",10,2006,18.5714285714285,2,21.6425517970717
"cthm-08",10,2007,17.8571428571428,2,21.0680399779555
"cthm-08",10,2008,16.4285714285714,2,18.1934253839165
"cthm-08",10,2009,15.7142857142857,2,17.0341242533923
"cthm-08",10,2010,15.7142857142857,2,23.0300132564756
"cthm-08",10,2011,15.7142857142857,2,23.0300132564756
"cthm-08",10,2012,15.7142857142857,2,23.0300132564756
"cthm-08",10,2013,15.7142857142857,2,19.8871561136184
"cthm-08",10,2014,15.7142857142857,2,15.0279428631008
"cthm-08",10,2015,15.7142857142857,2,14.5931602544052
"cthm-08",10,2016,16.4285714285714,2,15.0196612896019
"cthm-08",10,2017,17.1428571428571,2,15.5910898610304
"cthm-08",10,2018,17.1428571428571,2,15.5910898610304
"cthm-08",10,2019,16.4285714285714,2,15.3053755753161
"cthm-08",10,2020,16.4285714285714,2,14.7339470038876
"cthm-08",10,2021,16.4285714285714,2,14.7339470038876
"cthm-08",10,2022,16.4285714285714,2,14.7339470038876
"cthm-08",10,2023,15,2,14.4482327181733
"cthm-08",10,2024,15,2,14.4482327181733
"cthm-08",10,2025,15,2,14.4482327181733
"cthm-08",11,1999,16.5467625899281,3,27.1994578250443
"cthm-08",11,2000,16.5467625899281,3,27.6311125013033
"cthm-08",11,2001,16.5467625899281,3,27.6311125013033
"cthm-08",11,2002,16.5467625899281,3,27.487227609217
"cthm-08",11,2003,16.5467625899281,3,27.487227609217
"cthm-08",11,2004,23.021582733813,3,28.782191637994
"cthm-08",11,2005,24.4604316546763,3,29.0699614221666
"cthm-08",11,2006,23.7410071942447,3,28.9260765300803
"cthm-08",11,2007,17.2661870503598,3,26.9116880408717
"cthm-08",11,2008,16.5467625899281,3,26.9116880408717
"cthm-08",11,2009,17.9856115107914,3,36.4226879366072
"cthm-08",11,2010,17.9856115107914,3,36.4226879366072
"cthm-08",11,2011,17.9856115107914,3,36.4226879366072
"cthm-08",11,2012,16.5467625899281,3,38.5747054530289
"cthm-08",11,2013,16.5467625899281,3,34.3937024293609
"cthm-08",11,2014,16.5467625899281,3,29.6455009905119
"cthm-08",11,2015,16.5467625899281,3,26.9116880408717
"cthm-08",11,2016,16.5467625899281,3,26.3361484725263
"cthm-08",11,2017,16.5467625899281,3,26.3361484725263
"cthm-08",11,2018,16.5467625899281,3,26.0483786883537
"cthm-08",11,2019,16.5467625899281,3,25.9044937962673
"cthm-08",11,2020,16.5467625899281,3,25.760608904181
"cthm-08",11,2021,16.5467625899281,3,25.9065790845585
"cthm-08",11,2022,16.5467625899281,3,25.7626941924721
"cthm-08",11,2023,16.5467625899281,3,25.7626941924721
"cthm-08",11,2024,16.5467625899281,3,25.328954227922
"cthm-08",11,2025,16.5467625899281,3,25.1850693358357
"cthm-08",12,1999,43.1654676258993,3,27.1994578250443
"cthm-08",12,2000,43.1654676258993,3,27.6311125013033
"cthm-08",12,2001,43.1654676258993,3,27.6311125013033
"cthm-08",12,2002,43.1654676258993,3,27.487227609217
"cthm-08",12,2003,43.1654676258993,3,27.487227609217
"cthm-08",12,2004,43.1654676258993,3,28.782191637994
"cthm-08",12,2005,43.1654676258993,3,29.0699614221666
"cthm-08",12,2006,43.1654676258993,3,28.9260765300803
"cthm-08",12,2007,42.4460431654676,3,26.9116880408717
"cthm-08",12,2008,43.1654676258993,3,26.9116880408717
"cthm-08",12,2009,79.136690647482,3,36.4226879366072
"cthm-08",12,2010,79.136690647482,3,36.4226879366072
"cthm-08",12,2011,79.136690647482,3,36.4226879366072
"cthm-08",12,2012,75.5395683453238,3,38.5747054530289
"cthm-08",12,2013,59.7122302158274,3,34.3937024293609
"cthm-08",12,2014,43.8848920863309,3,29.6455009905119
"cthm-08",12,2015,40.2877697841727,3,26.9116880408717
"cthm-08",12,2016,38.1294964028777,3,26.3361484725263
"cthm-08",12,2017,38.1294964028777,3,26.3361484725263
"cthm-08",12,2018,36.6906474820144,3,26.0483786883537
"cthm-08",12,2019,36.6906474820144,3,25.9044937962673
"cthm-08",12,2020,36.6906474820144,3,25.760608904181
"cthm-08",12,2021,36.6906474820144,3,25.9065790845585
"cthm-08",12,2022,36.6906474820144,3,25.7626941924721
"cthm-08",12,2023,36.6906474820144,3,25.7626941924721
"cthm-08",12,2024,36.6906474820144,3,25.328954227922
"cthm-08",12,2025,35.9712230215827,3,25.1850693358357
"cthm-08",13,1999,3.6231884057971,3,27.1994578250443
"cthm-08",13,2000,3.6231884057971,3,27.6311125013033
"cthm-08",13,2001,3.6231884057971,3,27.6311125013033
"cthm-08",13,2002,3.6231884057971,3,27.487227609217
"cthm-08",13,2003,3.6231884057971,3,27.487227609217
"cthm-08",13,2004,3.6231884057971,3,28.782191637994
"cthm-08",13,2005,3.6231884057971,3,29.0699614221666
"cthm-08",13,2006,3.6231884057971,3,28.9260765300803
"cthm-08",13,2007,3.6231884057971,3,26.9116880408717
"cthm-08",13,2008,3.6231884057971,3,26.9116880408717
"cthm-08",13,2009,13.768115942029,3,36.4226879366072
"cthm-08",13,2010,13.768115942029,3,36.4226879366072
"cthm-08",13,2011,13.768115942029,3,36.4226879366072
"cthm-08",13,2012,9.42028985507246,3,38.5747054530289
"cthm-08",13,2013,3.6231884057971,3,34.3937024293609
"cthm-08",13,2014,3.6231884057971,3,29.6455009905119
"cthm-08",13,2015,3.6231884057971,3,26.9116880408717
"cthm-08",13,2016,3.6231884057971,3,26.3361484725263
"cthm-08",13,2017,3.6231884057971,3,26.3361484725263
"cthm-08",13,2018,3.6231884057971,3,26.0483786883537
"cthm-08",13,2019,3.6231884057971,3,25.9044937962673
"cthm-08",13,2020,3.6231884057971,3,25.760608904181
"cthm-08",13,2021,5.07246376811594,3,25.9065790845585
"cthm-08",13,2022,5.07246376811594,3,25.7626941924721
"cthm-08",13,2023,5.07246376811594,3,25.7626941924721
"cthm-08",13,2024,3.6231884057971,3,25.328954227922
"cthm-08",13,2025,3.6231884057971,3,25.1850693358357
"cthm-08",14,1999,20.1438848920863,3,27.1994578250443
"cthm-08",14,2000,22.3021582733813,3,27.6311125013033
"cthm-08",14,2001,22.3021582733813,3,27.6311125013033
"cthm-08",14,2002,21.5827338129496,3,27.487227609217
"cthm-08",14,2003,21.5827338129496,3,27.487227609217
"cthm-08",14,2004,21.5827338129496,3,28.782191637994
"cthm-08",14,2005,21.5827338129496,3,29.0699614221666
"cthm-08",14,2006,21.5827338129496,3,28.9260765300803
"cthm-08",14,2007,18.705035971223,3,26.9116880408717
"cthm-08",14,2008,18.705035971223,3,26.9116880408717
"cthm-08",14,2009,18.705035971223,3,36.4226879366072
"cthm-08",14,2010,18.705035971223,3,36.4226879366072
"cthm-08",14,2011,18.705035971223,3,36.4226879366072
"cthm-08",14,2012,38.8489208633093,3,38.5747054530289
"cthm-08",14,2013,39.568345323741,3,34.3937024293609
"cthm-08",14,2014,31.6546762589928,3,29.6455009905119
"cthm-08",14,2015,21.5827338129497,3,26.9116880408717
"cthm-08",14,2016,20.863309352518,3,26.3361484725263
"cthm-08",14,2017,20.863309352518,3,26.3361484725263
"cthm-08",14,2018,20.863309352518,3,26.0483786883537
"cthm-08",14,2019,20.1438848920863,3,25.9044937962673
"cthm-08",14,2020,19.4244604316547,3,25.760608904181
"cthm-08",14,2021,18.7050359712231,3,25.9065790845585
"cthm-08",14,2022,17.9856115107914,3,25.7626941924721
"cthm-08",14,2023,17.9856115107914,3,25.7626941924721
"cthm-08",14,2024,17.2661870503597,3,25.328954227922
"cthm-08",14,2025,17.2661870503597,3,25.1850693358357
"cthm-08",15,1999,52.5179856115108,3,27.1994578250443
"cthm-08",15,2000,52.5179856115108,3,27.6311125013033
"cthm-08",15,2001,52.5179856115108,3,27.6311125013033
"cthm-08",15,2002,52.5179856115108,3,27.487227609217
"cthm-08",15,2003,52.5179856115108,3,27.487227609217
"cthm-08",15,2004,52.5179856115108,3,28.782191637994
"cthm-08",15,2005,52.5179856115108,3,29.0699614221666
"cthm-08",15,2006,52.5179856115108,3,28.9260765300803
"cthm-08",15,2007,52.5179856115108,3,26.9116880408717
"cthm-08",15,2008,52.5179856115108,3,26.9116880408717
"cthm-08",15,2009,52.5179856115108,3,36.4226879366072
"cthm-08",15,2010,52.5179856115108,3,36.4226879366072
"cthm-08",15,2011,52.5179856115108,3,36.4226879366072
"cthm-08",15,2012,52.5179856115108,3,38.5747054530289
"cthm-08",15,2013,52.5179856115108,3,34.3937024293609
"cthm-08",15,2014,52.5179856115108,3,29.6455009905119
"cthm-08",15,2015,52.5179856115108,3,26.9116880408717
"cthm-08",15,2016,52.5179856115108,3,26.3361484725263
"cthm-08",15,2017,52.5179856115108,3,26.3361484725263
"cthm-08",15,2018,52.5179856115108,3,26.0483786883537
"cthm-08",15,2019,52.5179856115108,3,25.9044937962673
"cthm-08",15,2020,52.5179856115108,3,25.760608904181
"cthm-08",15,2021,52.5179856115108,3,25.9065790845585
"cthm-08",15,2022,52.5179856115108,3,25.7626941924721
"cthm-08",15,2023,52.5179856115108,3,25.7626941924721
"cthm-08",15,2024,52.5179856115108,3,25.328954227922
"cthm-08",15,2025,52.5179856115108,3,25.1850693358357
"cthm-08",16,1999,50,4,33.3668431261248
"cthm-08",16,2000,50,4,33.2208577246649
"cthm-08",16,2001,50,4,32.6463008946336
"cthm-08",16,2002,50,4,32.5003154931737
"cthm-08",16,2003,50,4,32.6463008946336
"cthm-08",16,2004,50,4,32.5003154931737
"cthm-08",16,2005,50,4,32.5003154931737
"cthm-08",16,2006,50.7246376811594,4,32.7881001722628
"cthm-08",16,2007,50.7246376811594,4,33.6535100341543
"cthm-08",16,2008,50.7246376811594,4,33.9412798183269
"cthm-08",16,2009,50.7246376811594,4,33.7952944168671
"cthm-08",16,2010,50,4,33.2187122043762
"cthm-08",16,2011,50,4,32.6463008946336
"cthm-08",16,2012,50,4,32.5074120057447
"cthm-08",16,2013,49.2753623188406,4,32.216499068053
"cthm-08",16,2014,49.2753623188406,4,32.3624844695128
"cthm-08",16,2015,49.2753623188406,4,32.216499068053
"cthm-08",16,2016,49.2753623188406,4,34.8064271256069
"cthm-08",16,2017,49.2753623188406,4,34.9524125270668
"cthm-08",16,2018,49.2753623188406,4,32.7941391457718
"cthm-08",16,2019,49.2753623188406,4,34.5207578508078
"cthm-08",16,2020,49.2753623188406,4,34.3747724493479
"cthm-08",16,2021,49.2753623188406,4,33.9481137762864
"cthm-08",16,2022,49.2753623188406,4,34.2379840698326
"cthm-08",16,2023,49.2753623188406,4,34.2379840698326
"cthm-08",16,2024,49.2753623188406,4,33.9502142856599
"cthm-08",16,2025,49.2753623188406,4,33.6624445014873
"cthm-08",17,1999,29.2857142857142,4,33.3668431261248
"cthm-08",17,2000,29.2857142857142,4,33.2208577246649
"cthm-08",17,2001,27.1428571428571,4,32.6463008946336
"cthm-08",17,2002,27.1428571428571,4,32.5003154931737
"cthm-08",17,2003,27.1428571428571,4,32.6463008946336
"cthm-08",17,2004,27.1428571428571,4,32.5003154931737
"cthm-08",17,2005,27.1428571428571,4,32.5003154931737
"cthm-08",17,2006,27.8571428571428,4,32.7881001722628
"cthm-08",17,2007,27.8571428571428,4,33.6535100341543
"cthm-08",17,2008,27.8571428571428,4,33.9412798183269
"cthm-08",17,2009,27.8571428571428,4,33.7952944168671
"cthm-08",17,2010,27.8571428571428,4,33.2187122043762
"cthm-08",17,2011,27.1428571428571,4,32.6463008946336
"cthm-08",17,2012,27.1428571428571,4,32.5074120057447
"cthm-08",17,2013,27.1428571428571,4,32.216499068053
"cthm-08",17,2014,27.1428571428571,4,32.3624844695128
"cthm-08",17,2015,27.1428571428571,4,32.216499068053
"cthm-08",17,2016,27.1428571428571,4,34.8064271256069
"cthm-08",17,2017,27.1428571428571,4,34.9524125270668
"cthm-08",17,2018,27.1428571428571,4,32.7941391457718
"cthm-08",17,2019,27.1428571428571,4,34.5207578508078
"cthm-08",17,2020,27.1428571428571,4,34.3747724493479
"cthm-08",17,2021,27.1428571428571,4,33.9481137762864
"cthm-08",17,2022,27.1428571428571,4,34.2379840698326
"cthm-08",17,2023,27.1428571428571,4,34.2379840698326
"cthm-08",17,2024,27.1428571428571,4,33.9502142856599
"cthm-08",17,2025,27.1428571428571,4,33.6624445014873
"cthm-08",18,1999,13.8888888888889,4,33.3668431261248
"cthm-08",18,2000,13.8888888888889,4,33.2208577246649
"cthm-08",18,2001,13.8888888888889,4,32.6463008946336
"cthm-08",18,2002,13.8888888888889,4,32.5003154931737
"cthm-08",18,2003,13.8888888888889,4,32.6463008946336
"cthm-08",18,2004,13.8888888888889,4,32.5003154931737
"cthm-08",18,2005,13.8888888888889,4,32.5003154931737
"cthm-08",18,2006,13.8888888888889,4,32.7881001722628
"cthm-08",18,2007,13.8888888888889,4,33.6535100341543
"cthm-08",18,2008,13.8888888888889,4,33.9412798183269
"cthm-08",18,2009,13.8888888888889,4,33.7952944168671
"cthm-08",18,2010,13.8888888888889,4,33.2187122043762
"cthm-08",18,2011,13.8888888888889,4,32.6463008946336
"cthm-08",18,2012,13.1944444444444,4,32.5074120057447
"cthm-08",18,2013,13.1944444444444,4,32.216499068053
"cthm-08",18,2014,13.1944444444444,4,32.3624844695128
"cthm-08",18,2015,13.1944444444444,4,32.216499068053
"cthm-08",18,2016,13.1944444444444,4,34.8064271256069
"cthm-08",18,2017,13.1944444444444,4,34.9524125270668
"cthm-08",18,2018,13.1944444444444,4,32.7941391457718
"cthm-08",18,2019,13.1944444444444,4,34.5207578508078
"cthm-08",18,2020,13.1944444444444,4,34.3747724493479
"cthm-08",18,2021,12.5,4,33.9481137762864
"cthm-08",18,2022,12.5,4,34.2379840698326
"cthm-08",18,2023,12.5,4,34.2379840698326
"cthm-08",18,2024,12.5,4,33.9502142856599
"cthm-08",18,2025,12.5,4,33.6624445014873
"cthm-08",19,1999,4.31654676258993,4,33.3668431261248
"cthm-08",19,2000,4.31654676258993,4,33.2208577246649
"cthm-08",19,2001,4.31654676258993,4,32.6463008946336
"cthm-08",19,2002,4.31654676258993,4,32.5003154931737
"cthm-08",19,2003,4.31654676258993,4,32.6463008946336
"cthm-08",19,2004,4.31654676258993,4,32.5003154931737
"cthm-08",19,2005,4.31654676258993,4,32.5003154931737
"cthm-08",19,2006,4.31654676258993,4,32.7881001722628
"cthm-08",19,2007,7.9136690647482,4,33.6535100341543
"cthm-08",19,2008,9.35251798561151,4,33.9412798183269
"cthm-08",19,2009,9.35251798561151,4,33.7952944168671
"cthm-08",19,2010,7.19424460431655,4,33.2187122043762
"cthm-08",19,2011,4.31654676258993,4,32.6463008946336
"cthm-08",19,2012,4.31654676258993,4,32.5074120057447
"cthm-08",19,2013,4.31654676258993,4,32.216499068053
"cthm-08",19,2014,4.31654676258993,4,32.3624844695128
"cthm-08",19,2015,4.31654676258993,4,32.216499068053
"cthm-08",19,2016,17.2661870503597,4,34.8064271256069
"cthm-08",19,2017,17.2661870503597,4,34.9524125270668
"cthm-08",19,2018,6.47482014388489,4,32.7941391457718
"cthm-08",19,2019,15.1079136690648,4,34.5207578508078
"cthm-08",19,2020,15.1079136690648,4,34.3747724493479
"cthm-08",19,2021,13.6690647482014,4,33.9481137762864
"cthm-08",19,2022,14.3884892086331,4,34.2379840698326
"cthm-08",19,2023,14.3884892086331,4,34.2379840698326
"cthm-08",19,2024,12.9496402877698,4,33.9502142856599
"cthm-08",19,2025,11.5107913669065,4,33.6624445014873
"cthm-08",20,1999,69.3430656934307,4,33.3668431261248
"cthm-08",20,2000,68.6131386861314,4,33.2208577246649
"cthm-08",20,2001,67.8832116788321,4,32.6463008946336
"cthm-08",20,2002,67.1532846715328,4,32.5003154931737
"cthm-08",20,2003,67.8832116788321,4,32.6463008946336
"cthm-08",20,2004,67.1532846715328,4,32.5003154931737
"cthm-08",20,2005,67.1532846715328,4,32.5003154931737
"cthm-08",20,2006,67.1532846715328,4,32.7881001722628
"cthm-08",20,2007,67.8832116788321,4,33.6535100341543
"cthm-08",20,2008,67.8832116788321,4,33.9412798183269
"cthm-08",20,2009,67.1532846715328,4,33.7952944168671
"cthm-08",20,2010,67.1532846715328,4,33.2187122043762
"cthm-08",20,2011,67.8832116788321,4,32.6463008946336
"cthm-08",20,2012,67.8832116788321,4,32.5074120057447
"cthm-08",20,2013,67.1532846715328,4,32.216499068053
"cthm-08",20,2014,67.8832116788321,4,32.3624844695128
"cthm-08",20,2015,67.1532846715328,4,32.216499068053
"cthm-08",20,2016,67.1532846715328,4,34.8064271256069
"cthm-08",20,2017,67.8832116788321,4,34.9524125270668
"cthm-08",20,2018,67.8832116788321,4,32.7941391457718
"cthm-08",20,2019,67.8832116788321,4,34.5207578508078
"cthm-08",20,2020,67.1532846715328,4,34.3747724493479
"cthm-08",20,2021,67.1532846715328,4,33.9481137762864
"cthm-08",20,2022,67.8832116788321,4,34.2379840698326
"cthm-08",20,2023,67.8832116788321,4,34.2379840698326
"cthm-08",20,2024,67.8832116788321,4,33.9502142856599
"cthm-08",20,2025,67.8832116788321,4,33.6624445014873
"cthm-09",1,1999,35,1,21.7509915608761
"cthm-09",1,2000,34.2857142857143,1,21.5724201323047
"cthm-09",1,2001,35,1,21.5749352228479
"cthm-09",1,2002,34.2857142857143,1,21.2165076791686
"cthm-09",1,2003,35,1,21.5749352228479
"cthm-09",1,2004,35,1,21.2228225467916
"cthm-09",1,2005,35,1,21.0429664316836
"cthm-09",1,2006,34.2857142857143,1,21.0442511182201
"cthm-09",1,2007,34.2857142857143,1,22.4413024912062
"cthm-09",1,2008,34.2857142857143,1,22.6211586063142
"cthm-09",1,2009,35,1,22.7997300348856
"cthm-09",1,2010,35,1,22.4438175817495
"cthm-09",1,2011,35,1,21.5597361145289
"cthm-09",1,2012,35,1,21.3836797765007
"cthm-09",1,2013,35,1,21.2076234384726
"cthm-09",1,2014,35,1,20.8555107624162
"cthm-09",1,2015,35,1,20.859310539496
"cthm-09",1,2016,34.2857142857143,1,20.5008829958167
"cthm-09",1,2017,33.5714285714286,1,20.1424554521373
"cthm-09",1,2018,33.5714285714286,1,20.3223115672452
"cthm-09",1,2019,33.5714285714286,1,19.9663991141091
"cthm-09",1,2020,34.2857142857143,1,20.1449705426806
"cthm-09",1,2021,34.2857142857143,1,19.9651144275726
"cthm-09",1,2022,33.5714285714286,1,19.7865429990012
"cthm-09",1,2023,33.5714285714286,1,19.7865429990012
"cthm-09",1,2024,34.2857142857143,1,19.9651144275726
"cthm-09",1,2025,35.7142857142857,1,16.2599063371459
"cthm-09",2,1999,12.9496402877698,1,21.7509915608761
"cthm-09",2,2000,12.9496402877698,1,21.5724201323047
"cthm-09",2,2001,12.9496402877698,1,21.5749352228479
"cthm-09",2,2002,12.2302158273381,1,21.2165076791686
"cthm-09",2,2003,12.9496402877698,1,21.5749352228479
"cthm-09",2,2004,12.9496402877698,1,21.2228225467916
"cthm-09",2,2005,12.2302158273381,1,21.0429664316836
"cthm-09",2,2006,12.9496402877698,1,21.0442511182201
"cthm-09",2,2007,10.7913669064748,1,22.4413024912062
"cthm-09",2,2008,11.5107913669065,1,22.6211586063142
"cthm-09",2,2009,11.5107913669065,1,22.7997300348856
"cthm-09",2,2010,10.7913669064748,1,22.4438175817495
"cthm-09",2,2011,10.0719424460432,1,21.5597361145289
"cthm-09",2,2012,10.0719424460432,1,21.3836797765007
"cthm-09",2,2013,10.0719424460432,1,21.2076234384726
"cthm-09",2,2014,10.0719424460432,1,20.8555107624162
"cthm-09",2,2015,10.7913669064748,1,20.859310539496
"cthm-09",2,2016,10.0719424460432,1,20.5008829958167
"cthm-09",2,2017,9.35251798561151,1,20.1424554521373
"cthm-09",2,2018,10.0719424460432,1,20.3223115672452
"cthm-09",2,2019,9.35251798561151,1,19.9663991141091
"cthm-09",2,2020,9.35251798561151,1,20.1449705426806
"cthm-09",2,2021,8.63309352517986,1,19.9651144275726
"cthm-09",2,2022,8.63309352517986,1,19.7865429990012
"cthm-09",2,2023,8.63309352517986,1,19.7865429990012
"cthm-09",2,2024,8.63309352517986,1,19.9651144275726
"cthm-09",2,2025,7.9136690647482,1,16.2599063371459
"cthm-09",3,1999,22.8571428571429,1,21.7509915608761
"cthm-09",3,2000,22.8571428571429,1,21.5724201323047
"cthm-09",3,2001,22.8571428571429,1,21.5749352228479
"cthm-09",3,2002,22.8571428571429,1,21.2165076791686
"cthm-09",3,2003,22.8571428571429,1,21.5749352228479
"cthm-09",3,2004,22.8571428571429,1,21.2228225467916
"cthm-09",3,2005,22.8571428571429,1,21.0429664316836
"cthm-09",3,2006,22.8571428571429,1,21.0442511182201
"cthm-09",3,2007,22.8571428571429,1,22.4413024912062
"cthm-09",3,2008,22.8571428571429,1,22.6211586063142
"cthm-09",3,2009,22.8571428571429,1,22.7997300348856
"cthm-09",3,2010,22.8571428571429,1,22.4438175817495
"cthm-09",3,2011,22.8571428571429,1,21.5597361145289
"cthm-09",3,2012,22.8571428571429,1,21.3836797765007
"cthm-09",3,2013,22.8571428571429,1,21.2076234384726
"cthm-09",3,2014,22.8571428571429,1,20.8555107624162
"cthm-09",3,2015,22.8571428571429,1,20.859310539496
"cthm-09",3,2016,22.8571428571429,1,20.5008829958167
"cthm-09",3,2017,22.8571428571429,1,20.1424554521373
"cthm-09",3,2018,22.8571428571429,1,20.3223115672452
"cthm-09",3,2019,22.8571428571429,1,19.9663991141091
"cthm-09",3,2020,22.8571428571429,1,20.1449705426806
"cthm-09",3,2021,22.8571428571429,1,19.9651144275726
"cthm-09",3,2022,22.8571428571429,1,19.7865429990012
"cthm-09",3,2023,22.8571428571429,1,19.7865429990012
"cthm-09",3,2024,22.8571428571429,1,19.9651144275726
"cthm-09",3,2025,22.8571428571429,1,16.2599063371459
"cthm-09",4,1999,16.1971830985916,1,21.7509915608761
"cthm-09",4,2000,16.1971830985916,1,21.5724201323047
"cthm-09",4,2001,15.4929577464789,1,21.5749352228479
"cthm-09",4,2002,15.4929577464789,1,21.2165076791686
"cthm-09",4,2003,15.4929577464789,1,21.5749352228479
"cthm-09",4,2004,14.0845070422535,1,21.2228225467916
"cthm-09",4,2005,14.0845070422535,1,21.0429664316836
"cthm-09",4,2006,14.0845070422535,1,21.0442511182201
"cthm-09",4,2007,21.830985915493,1,22.4413024912062
"cthm-09",4,2008,21.830985915493,1,22.6211586063142
"cthm-09",4,2009,21.830985915493,1,22.7997300348856
"cthm-09",4,2010,21.1267605633803,1,22.4438175817495
"cthm-09",4,2011,18.3098591549296,1,21.5597361145289
"cthm-09",4,2012,17.6056338028169,1,21.3836797765007
"cthm-09",4,2013,16.9014084507042,1,21.2076234384726
"cthm-09",4,2014,15.4929577464789,1,20.8555107624162
"cthm-09",4,2015,14.7887323943662,1,20.859310539496
"cthm-09",4,2016,14.7887323943662,1,20.5008829958167
"cthm-09",4,2017,14.7887323943662,1,20.1424554521373
"cthm-09",4,2018,14.7887323943662,1,20.3223115672452
"cthm-09",4,2019,14.0845070422535,1,19.9663991141091
"cthm-09",4,2020,14.0845070422535,1,20.1449705426806
"cthm-09",4,2021,14.0845070422535,1,19.9651144275726
"cthm-09",4,2022,14.0845070422535,1,19.7865429990012
"cthm-09",4,2023,14.0845070422535,1,19.7865429990012
"cthm-09",4,2024,14.0845070422535,1,19.9651144275726
"cthm-09",4,2025,14.0845070422535,1,16.2599063371459
"cthm-09",5,2025,0.72992700729927,1,16.2599063371459
"cthm-09",6,2005,4.31654676258993,2,4.85611510791367
"cthm-09",6,2006,12.2302158273381,2,6.83453237410071
"cthm-09",6,2007,12.2302158273381,2,6.11510791366906
"cthm-09",6,2008,9.35251798561151,2,5.2158273381295
"cthm-09",6,2009,9.35251798561151,2,5.2158273381295
"cthm-09",6,2010,7.9136690647482,2,4.13669064748201
"cthm-09",6,2011,4.31654676258993,2,3.23741007194245
"cthm-09",6,2012,5.75539568345324,2,3.59712230215827
"cthm-09",6,2013,5.03597122302158,2,3.59712230215827
"cthm-09",6,2014,2.87769784172662,2,10.6115107913669
"cthm-09",6,2015,2.87769784172662,2,10.7913669064748
"cthm-09",6,2016,2.87769784172662,2,10.7913669064748
"cthm-09",6,2017,2.15827338129496,2,2.87769784172662
"cthm-09",6,2018,1.43884892086331,2,2.69784172661871
"cthm-09",6,2019,1.43884892086331,2,2.51798561151079
"cthm-09",6,2020,1.43884892086331,2,2.51798561151079
"cthm-09",6,2021,1.43884892086331,2,2.51798561151079
"cthm-09",6,2022,1.43884892086331,2,2.51798561151079
"cthm-09",6,2023,1.43884892086331,2,2.51798561151079
"cthm-09",6,2024,1.43884892086331,2,2.51798561151079
"cthm-09",6,2025,1.43884892086331,2,2.51798561151079
"cthm-09",8,1999,6.47482014388489,2,5.03597122302158
"cthm-09",8,2000,6.47482014388489,2,5.03597122302158
"cthm-09",8,2001,6.47482014388489,2,5.03597122302158
"cthm-09",8,2002,6.47482014388489,2,5.03597122302158
"cthm-09",8,2003,6.47482014388489,2,5.03597122302158
"cthm-09",8,2004,6.47482014388489,2,5.03597122302158
"cthm-09",8,2005,6.47482014388489,2,4.85611510791367
"cthm-09",8,2006,6.47482014388489,2,6.83453237410071
"cthm-09",8,2007,5.03597122302158,2,6.11510791366906
"cthm-09",8,2008,5.03597122302158,2,5.2158273381295
"cthm-09",8,2009,5.03597122302158,2,5.2158273381295
"cthm-09",8,2010,3.59712230215827,2,4.13669064748201
"cthm-09",8,2011,3.59712230215827,2,3.23741007194245
"cthm-09",8,2012,3.59712230215827,2,3.59712230215827
"cthm-09",8,2013,2.87769784172662,2,3.59712230215827
"cthm-09",8,2014,17.9856115107913,2,10.6115107913669
"cthm-09",8,2015,17.9856115107913,2,10.7913669064748
"cthm-09",8,2016,17.9856115107913,2,10.7913669064748
"cthm-09",8,2017,2.87769784172662,2,2.87769784172662
"cthm-09",8,2018,2.87769784172662,2,2.69784172661871
"cthm-09",8,2019,2.87769784172662,2,2.51798561151079
"cthm-09",8,2020,2.87769784172662,2,2.51798561151079
"cthm-09",8,2021,2.87769784172662,2,2.51798561151079
"cthm-09",8,2022,2.87769784172662,2,2.51798561151079
"cthm-09",8,2023,2.87769784172662,2,2.51798561151079
"cthm-09",8,2024,2.87769784172662,2,2.51798561151079
"cthm-09",8,2025,2.87769784172662,2,2.51798561151079
"cthm-09",9,1999,6.47482014388489,2,5.03597122302158
"cthm-09",9,2000,6.47482014388489,2,5.03597122302158
"cthm-09",9,2001,6.47482014388489,2,5.03597122302158
"cthm-09",9,2002,6.47482014388489,2,5.03597122302158
"cthm-09",9,2003,6.47482014388489,2,5.03597122302158
"cthm-09",9,2004,6.47482014388489,2,5.03597122302158
"cthm-09",9,2005,6.47482014388489,2,4.85611510791367
"cthm-09",9,2006,6.47482014388489,2,6.83453237410071
"cthm-09",9,2007,5.03597122302158,2,6.11510791366906
"cthm-09",9,2008,5.03597122302158,2,5.2158273381295
"cthm-09",9,2009,5.03597122302158,2,5.2158273381295
"cthm-09",9,2010,3.59712230215827,2,4.13669064748201
"cthm-09",9,2011,3.59712230215827,2,3.23741007194245
"cthm-09",9,2012,3.59712230215827,2,3.59712230215827
"cthm-09",9,2013,2.87769784172662,2,3.59712230215827
"cthm-09",9,2014,17.9856115107913,2,10.6115107913669
"cthm-09",9,2015,17.9856115107913,2,10.7913669064748
"cthm-09",9,2016,17.9856115107913,2,10.7913669064748
"cthm-09",9,2017,2.87769784172662,2,2.87769784172662
"cthm-09",9,2018,2.87769784172662,2,2.69784172661871
"cthm-09",9,2019,2.87769784172662,2,2.51798561151079
"cthm-09",9,2020,2.87769784172662,2,2.51798561151079
"cthm-09",9,2021,2.87769784172662,2,2.51798561151079
"cthm-09",9,2022,2.87769784172662,2,2.51798561151079
"cthm-09",9,2023,2.87769784172662,2,2.51798561151079
"cthm-09",9,2024,2.87769784172662,2,2.51798561151079
"cthm-09",9,2025,2.87769784172662,2,2.51798561151079
"cthm-09",10,1999,2.15827338129496,2,5.03597122302158
"cthm-09",10,2000,2.15827338129496,2,5.03597122302158
"cthm-09",10,2001,2.15827338129496,2,5.03597122302158
"cthm-09",10,2002,2.15827338129496,2,5.03597122302158
"cthm-09",10,2003,2.15827338129496,2,5.03597122302158
"cthm-09",10,2004,2.15827338129496,2,5.03597122302158
"cthm-09",10,2005,2.15827338129496,2,4.85611510791367
"cthm-09",10,2006,2.15827338129496,2,6.83453237410071
"cthm-09",10,2007,2.15827338129496,2,6.11510791366906
"cthm-09",10,2008,1.43884892086331,2,5.2158273381295
"cthm-09",10,2009,1.43884892086331,2,5.2158273381295
"cthm-09",10,2010,1.43884892086331,2,4.13669064748201
"cthm-09",10,2011,1.43884892086331,2,3.23741007194245
"cthm-09",10,2012,1.43884892086331,2,3.59712230215827
"cthm-09",10,2013,3.59712230215827,2,3.59712230215827
"cthm-09",10,2014,3.59712230215827,2,10.6115107913669
"cthm-09",10,2015,4.31654676258993,2,10.7913669064748
"cthm-09",10,2016,4.31654676258993,2,10.7913669064748
"cthm-09",10,2017,3.59712230215827,2,2.87769784172662
"cthm-09",10,2018,3.59712230215827,2,2.69784172661871
"cthm-09",10,2019,2.87769784172662,2,2.51798561151079
"cthm-09",10,2020,2.87769784172662,2,2.51798561151079
"cthm-09",10,2021,2.87769784172662,2,2.51798561151079
"cthm-09",10,2022,2.87769784172662,2,2.51798561151079
"cthm-09",10,2023,2.87769784172662,2,2.51798561151079
"cthm-09",10,2024,2.87769784172662,2,2.51798561151079
"cthm-09",10,2025,2.87769784172662,2,2.51798561151079
"cthm-09",11,1999,35.7142857142857,3,17.9504206863134
"cthm-09",11,2000,35.7142857142857,3,27.663153605568
"cthm-09",11,2001,35.7142857142857,3,28.9183295890049
"cthm-09",11,2002,35.7142857142857,3,30.164475133254
"cthm-09",11,2003,20,3,25.6924254438131
"cthm-09",11,2004,0.714285714285714,3,19.4320734769393
"cthm-09",11,2005,0.714285714285714,3,15.8321769966081
"cthm-09",11,2006,0.714285714285714,3,10.0713074313907
"cthm-09",11,2016,1.42857142857143,3,3.58585524866746
"cthm-09",11,2017,1.42857142857143,3,3.58585524866746
"cthm-09",11,2018,0.714285714285714,3,3.40728382009603
"cthm-09",11,2019,5,3,4.4787123915246
"cthm-09",11,2020,0.714285714285714,3,4.0668546172709
"cthm-09",11,2024,0.714285714285714,3,4.49936126161843
"cthm-09",12,1999,2.83687943262411,3,17.9504206863134
"cthm-09",12,2000,2.83687943262411,3,27.663153605568
"cthm-09",12,2001,2.83687943262411,3,28.9183295890049
"cthm-09",12,2002,3.54609929078014,3,30.164475133254
"cthm-09",12,2003,3.54609929078014,3,25.6924254438131
"cthm-09",12,2004,3.54609929078014,3,19.4320734769393
"cthm-09",12,2005,3.54609929078014,3,15.8321769966081
"cthm-09",12,2006,3.54609929078014,3,10.0713074313907
"cthm-09",12,2007,3.54609929078014,3,5.03391921060746
"cthm-09",12,2008,3.54609929078014,3,5.03391921060746
"cthm-09",12,2009,3.54609929078014,3,5.39623805118717
"cthm-09",12,2010,3.54609929078014,3,5.03391921060746
"cthm-09",12,2011,3.54609929078014,3,5.03391921060746
"cthm-09",12,2012,4.25531914893617,3,5.38852913968547
"cthm-09",12,2013,4.9645390070922,3,5.01850138760407
"cthm-09",12,2014,5.67375886524823,3,5.37311131668208
"cthm-09",12,2015,5.67375886524823,3,4.05826468731187
"cthm-09",12,2016,4.9645390070922,3,3.58585524866746
"cthm-09",12,2017,4.9645390070922,3,3.58585524866746
"cthm-09",12,2018,4.9645390070922,3,3.40728382009603
"cthm-09",12,2019,4.9645390070922,3,4.4787123915246
"cthm-09",12,2020,4.9645390070922,3,4.0668546172709
"cthm-09",12,2021,4.9645390070922,3,9.36632747456059
"cthm-09",12,2022,4.25531914893617,3,8.39911604481447
"cthm-09",12,2023,3.54609929078014,3,6.95497995683009
"cthm-09",12,2024,3.54609929078014,3,4.49936126161843
"cthm-09",12,2025,4.25531914893617,3,5.51436794267506
"cthm-09",13,1999,27.5362318840579,3,17.9504206863134
"cthm-09",13,2000,47.1014492753623,3,27.663153605568
"cthm-09",13,2001,48.5507246376811,3,28.9183295890049
"cthm-09",13,2002,47.8260869565217,3,30.164475133254
"cthm-09",13,2003,45.6521739130435,3,25.6924254438131
"cthm-09",13,2004,42.7536231884058,3,19.4320734769393
"cthm-09",13,2005,34.7826086956522,3,15.8321769966081
"cthm-09",13,2006,21.7391304347826,3,10.0713074313907
"cthm-09",13,2007,6.52173913043478,3,5.03391921060746
"cthm-09",13,2008,6.52173913043478,3,5.03391921060746
"cthm-09",13,2009,7.2463768115942,3,5.39623805118717
"cthm-09",13,2010,6.52173913043478,3,5.03391921060746
"cthm-09",13,2011,6.52173913043478,3,5.03391921060746
"cthm-09",13,2012,6.52173913043478,3,5.38852913968547
"cthm-09",13,2013,5.07246376811594,3,5.01850138760407
"cthm-09",13,2014,5.07246376811594,3,5.37311131668208
"cthm-09",13,2015,5.07246376811594,3,4.05826468731187
"cthm-09",13,2016,6.52173913043478,3,3.58585524866746
"cthm-09",13,2017,6.52173913043478,3,3.58585524866746
"cthm-09",13,2018,6.52173913043478,3,3.40728382009603
"cthm-09",13,2019,6.52173913043478,3,4.4787123915246
"cthm-09",13,2020,6.52173913043478,3,4.0668546172709
"cthm-09",13,2021,13.768115942029,3,9.36632747456059
"cthm-09",13,2022,15.9420289855072,3,8.39911604481447
"cthm-09",13,2023,12.3188405797101,3,6.95497995683009
"cthm-09",13,2024,11.5942028985507,3,4.49936126161843
"cthm-09",13,2025,10.1449275362319,3,5.51436794267506
"cthm-09",14,1999,5.71428571428571,3,17.9504206863134
"cthm-09",14,2000,25,3,27.663153605568
"cthm-09",14,2001,28.5714285714286,3,28.9183295890049
"cthm-09",14,2002,33.5714285714286,3,30.164475133254
"cthm-09",14,2003,33.5714285714286,3,25.6924254438131
"cthm-09",14,2004,30.7142857142857,3,19.4320734769393
"cthm-09",14,2005,24.2857142857143,3,15.8321769966081
"cthm-09",14,2006,14.2857142857143,3,10.0713074313907
"cthm-09",14,2015,1.42857142857143,3,4.05826468731187
"cthm-09",14,2016,1.42857142857143,3,3.58585524866746
"cthm-09",14,2017,1.42857142857143,3,3.58585524866746
"cthm-09",14,2018,1.42857142857143,3,3.40728382009603
"cthm-09",14,2019,1.42857142857143,3,4.4787123915246
"cthm-09",14,2022,5,3,8.39911604481447
"cthm-09",14,2023,5,3,6.95497995683009
"cthm-09",14,2024,2.14285714285714,3,4.49936126161843
"cthm-09",14,2025,2.14285714285714,3,5.51436794267506
"cthm-09",16,1999,1.43884892086331,4,10.3959441142738
"cthm-09",17,2005,18.705035971223,4,17.0339194482923
"cthm-09",17,2006,18.705035971223,4,17.0339194482923
"cthm-09",17,2007,15.1079136690647,4,16.3132103013242
"cthm-09",17,2013,7.19424460431655,4,10.5744410682634
"cthm-09",17,2014,6.47482014388489,4,10.2160135245841
"cthm-09",17,2015,6.47482014388489,4,10.0374420960126
"cthm-09",17,2016,5.03597122302158,4,9.6777298657968
"cthm-09",17,2017,3.59712230215827,4,14.1394462070095
"cthm-09",17,2018,6.47482014388489,4,14.8588706674412
"cthm-09",17,2019,9.35251798561151,4,15.5782951278729
"cthm-09",17,2020,6.47482014388489,4,15.2315414748946
"cthm-09",18,1999,25,4,10.3959441142738
"cthm-09",18,2000,25,4,13.3816425120773
"cthm-09",18,2001,25,4,13.3816425120773
"cthm-09",18,2002,25,4,13.3816425120773
"cthm-09",18,2003,25,4,13.3816425120773
"cthm-09",18,2004,25,4,13.3816425120773
"cthm-09",18,2005,34.2857142857143,4,17.0339194482923
"cthm-09",18,2006,34.2857142857143,4,17.0339194482923
"cthm-09",18,2007,35,4,16.3132103013242
"cthm-09",18,2008,32.8571428571428,4,16.0006901311249
"cthm-09",18,2009,25,4,13.3816425120773
"cthm-09",18,2010,25,4,13.3816425120773
"cthm-09",18,2011,24.2857142857143,4,12.6604554865424
"cthm-09",18,2012,23.5714285714286,4,12.4223602484472
"cthm-09",18,2013,22.8571428571428,4,10.5744410682634
"cthm-09",18,2014,22.1428571428571,4,10.2160135245841
"cthm-09",18,2015,21.4285714285714,4,10.0374420960126
"cthm-09",18,2016,21.4285714285714,4,9.6777298657968
"cthm-09",18,2017,20,4,14.1394462070095
"cthm-09",18,2018,20,4,14.8588706674412
"cthm-09",18,2019,20,4,15.5782951278729
"cthm-09",18,2020,20,4,15.2315414748946
"cthm-09",18,2021,20,4,12.9089026915114
"cthm-09",18,2022,20,4,12.1980676328503
"cthm-09",18,2023,20,4,12.1980676328503
"cthm-09",18,2024,20,4,12.1980676328502
"cthm-09",18,2025,20,4,11.9565217391304
"cthm-09",19,1999,5,4,10.3959441142738
"cthm-09",19,2000,5,4,13.3816425120773
"cthm-09",19,2001,5,4,13.3816425120773
"cthm-09",19,2002,5,4,13.3816425120773
"cthm-09",19,2003,5,4,13.3816425120773
"cthm-09",19,2004,5,4,13.3816425120773
"cthm-09",19,2005,5,4,17.0339194482923
"cthm-09",19,2006,5,4,17.0339194482923
"cthm-09",19,2007,5,4,16.3132103013242
"cthm-09",19,2008,5,4,16.0006901311249
"cthm-09",19,2009,5,4,13.3816425120773
"cthm-09",19,2010,5,4,13.3816425120773
"cthm-09",19,2011,5,4,12.6604554865424
"cthm-09",19,2012,5,4,12.4223602484472
"cthm-09",19,2013,5,4,10.5744410682634
"cthm-09",19,2014,5,4,10.2160135245841
"cthm-09",19,2015,5,4,10.0374420960126
"cthm-09",19,2016,5,4,9.6777298657968
"cthm-09",19,2017,25.7142857142857,4,14.1394462070095
"cthm-09",19,2018,25.7142857142857,4,14.8588706674412
"cthm-09",19,2019,25.7142857142857,4,15.5782951278729
"cthm-09",19,2020,22.8571428571429,4,15.2315414748946
"cthm-09",19,2021,7.85714285714286,4,12.9089026915114
"cthm-09",19,2022,5,4,12.1980676328503
"cthm-09",19,2023,5,4,12.1980676328503
"cthm-09",19,2024,5,4,12.1980676328502
"cthm-09",19,2025,5,4,11.9565217391304
"cthm-09",20,1999,10.1449275362319,4,10.3959441142738
"cthm-09",20,2000,10.1449275362319,4,13.3816425120773
"cthm-09",20,2001,10.1449275362319,4,13.3816425120773
"cthm-09",20,2002,10.1449275362319,4,13.3816425120773
"cthm-09",20,2003,10.1449275362319,4,13.3816425120773
"cthm-09",20,2004,10.1449275362319,4,13.3816425120773
"cthm-09",20,2005,10.1449275362319,4,17.0339194482923
"cthm-09",20,2006,10.1449275362319,4,17.0339194482923
"cthm-09",20,2007,10.1449275362319,4,16.3132103013242
"cthm-09",20,2008,10.1449275362319,4,16.0006901311249
"cthm-09",20,2009,10.1449275362319,4,13.3816425120773
"cthm-09",20,2010,10.1449275362319,4,13.3816425120773
"cthm-09",20,2011,8.69565217391304,4,12.6604554865424
"cthm-09",20,2012,8.69565217391304,4,12.4223602484472
"cthm-09",20,2013,7.2463768115942,4,10.5744410682634
"cthm-09",20,2014,7.2463768115942,4,10.2160135245841
"cthm-09",20,2015,7.2463768115942,4,10.0374420960126
"cthm-09",20,2016,7.2463768115942,4,9.6777298657968
"cthm-09",20,2017,7.2463768115942,4,14.1394462070095
"cthm-09",20,2018,7.2463768115942,4,14.8588706674412
"cthm-09",20,2019,7.2463768115942,4,15.5782951278729
"cthm-09",20,2020,11.5942028985507,4,15.2315414748946
"cthm-09",20,2021,10.8695652173913,4,12.9089026915114
"cthm-09",20,2022,11.5942028985507,4,12.1980676328503
"cthm-09",20,2023,11.5942028985507,4,12.1980676328503
"cthm-09",20,2024,11.5942028985507,4,12.1980676328502
"cthm-09",20,2025,10.8695652173913,4,11.9565217391304
"cthm-10",1,2014,0.72463768115942,1,10.9314163575971
"cthm-10",1,2015,39.1304347826087,1,20.1731534027436
"cthm-10",1,2016,29.7101449275362,1,14.4085228711441
"cthm-10",1,2017,13.768115942029,1,8.81715745416091
"cthm-10",2,1999,18.5714285714286,1,9.52380952380953
"cthm-10",2,2000,2.85714285714286,1,4.28571428571429
"cthm-10",2,2002,2.85714285714286,1,5.23809523809524
"cthm-10",2,2003,3.57142857142857,1,5.71428571428571
"cthm-10",2,2004,3.57142857142857,1,4.52380952380952
"cthm-10",2,2005,2.85714285714286,1,5.1811408016444
"cthm-10",2,2006,2.14285714285714,1,5.53956834532374
"cthm-10",2,2007,1.42857142857143,1,5.53956834532374
"cthm-10",2,2008,1.42857142857143,1,4.64414182939363
"cthm-10",2,2020,8.57142857142857,1,6.42857142857143
"cthm-10",2,2021,8.57142857142857,1,6.42857142857143
"cthm-10",2,2022,5.71428571428571,1,5.47619047619048
"cthm-10",3,2005,1.43884892086331,1,5.1811408016444
"cthm-10",3,2006,2.15827338129496,1,5.53956834532374
"cthm-10",3,2007,2.15827338129496,1,5.53956834532374
"cthm-10",3,2008,0.719424460431655,1,4.64414182939363
"cthm-10",3,2013,20.1438848920863,1,14.3336759164097
"cthm-10",3,2014,20.1438848920863,1,10.9314163575971
"cthm-10",3,2015,18.705035971223,1,20.1731534027436
"cthm-10",3,2016,9.35251798561151,1,14.4085228711441
"cthm-10",3,2017,10.0719424460432,1,8.81715745416091
"cthm-10",3,2018,7.9136690647482,1,6.20931825967797
"cthm-10",3,2019,6.47482014388489,1,5.72970195272354
"cthm-10",4,1999,5.71428571428571,1,9.52380952380953
"cthm-10",4,2000,5.71428571428571,1,4.28571428571429
"cthm-10",4,2001,5.71428571428571,1,6.78571428571428
"cthm-10",4,2002,5.71428571428571,1,5.23809523809524
"cthm-10",4,2003,6.42857142857142,1,5.71428571428571
"cthm-10",4,2004,5.71428571428571,1,4.52380952380952
"cthm-10",4,2005,12.1428571428571,1,5.1811408016444
"cthm-10",4,2006,13.5714285714286,1,5.53956834532374
"cthm-10",4,2007,14.2857142857143,1,5.53956834532374
"cthm-10",4,2008,12.1428571428571,1,4.64414182939363
"cthm-10",4,2009,6.42857142857143,1,5.35714285714286
"cthm-10",4,2010,6.42857142857143,1,5.35714285714286
"cthm-10",4,2011,6.42857142857143,1,5.35714285714286
"cthm-10",4,2012,6.42857142857143,1,5.35714285714286
"cthm-10",4,2013,10,1,14.3336759164097
"cthm-10",4,2014,10,1,10.9314163575971
"cthm-10",4,2015,10,1,20.1731534027436
"cthm-10",4,2016,9.28571428571429,1,14.4085228711441
"cthm-10",4,2017,6.42857142857143,1,8.81715745416091
"cthm-10",4,2018,6.42857142857143,1,6.20931825967797
"cthm-10",4,2019,6.42857142857143,1,5.72970195272354
"cthm-10",4,2020,6.42857142857143,1,6.42857142857143
"cthm-10",4,2021,6.42857142857143,1,6.42857142857143
"cthm-10",4,2022,6.42857142857143,1,5.47619047619048
"cthm-10",4,2023,6.42857142857143,1,5.35714285714286
"cthm-10",4,2024,6.42857142857143,1,5.35714285714286
"cthm-10",4,2025,6.42857142857143,1,5.71428571428572
"cthm-10",5,1999,4.28571428571429,1,9.52380952380953
"cthm-10",5,2000,4.28571428571429,1,4.28571428571429
"cthm-10",5,2001,7.85714285714286,1,6.78571428571428
"cthm-10",5,2002,7.14285714285715,1,5.23809523809524
"cthm-10",5,2003,7.14285714285715,1,5.71428571428571
"cthm-10",5,2004,4.28571428571429,1,4.52380952380952
"cthm-10",5,2005,4.28571428571429,1,5.1811408016444
"cthm-10",5,2006,4.28571428571429,1,5.53956834532374
"cthm-10",5,2007,4.28571428571429,1,5.53956834532374
"cthm-10",5,2008,4.28571428571429,1,4.64414182939363
"cthm-10",5,2009,4.28571428571429,1,5.35714285714286
"cthm-10",5,2010,4.28571428571429,1,5.35714285714286
"cthm-10",5,2011,4.28571428571429,1,5.35714285714286
"cthm-10",5,2012,4.28571428571429,1,5.35714285714286
"cthm-10",5,2013,12.8571428571429,1,14.3336759164097
"cthm-10",5,2014,12.8571428571429,1,10.9314163575971
"cthm-10",5,2015,12.8571428571429,1,20.1731534027436
"cthm-10",5,2016,9.28571428571429,1,14.4085228711441
"cthm-10",5,2017,5,1,8.81715745416091
"cthm-10",5,2018,4.28571428571429,1,6.20931825967797
"cthm-10",5,2019,4.28571428571429,1,5.72970195272354
"cthm-10",5,2020,4.28571428571429,1,6.42857142857143
"cthm-10",5,2021,4.28571428571429,1,6.42857142857143
"cthm-10",5,2022,4.28571428571429,1,5.47619047619048
"cthm-10",5,2023,4.28571428571429,1,5.35714285714286
"cthm-10",5,2024,4.28571428571429,1,5.35714285714286
"cthm-10",5,2025,5,1,5.71428571428572
"cthm-10",6,1999,19.5652173913043,2,22.6906363108271
"cthm-10",6,2000,19.5652173913043,2,21.6114996201796
"cthm-10",6,2001,19.5652173913043,2,18.7350864649895
"cthm-10",6,2002,19.5652173913043,2,18.0156620045578
"cthm-10",6,2003,19.5652173913043,2,18.0156620045578
"cthm-10",6,2004,19.5652173913043,2,14.5585150051061
"cthm-10",6,2005,19.5652173913043,2,17.4477431429295
"cthm-10",6,2006,19.5652173913043,2,20.1815560925698
"cthm-10",6,2007,18.8405797101449,2,19.8906431548781
"cthm-10",6,2008,18.1159420289855,2,19.7457156186462
"cthm-10",6,2009,18.1159420289855,2,19.4589735837028
"cthm-10",6,2010,17.3913043478261,2,19.0262762632982
"cthm-10",6,2011,17.3913043478261,2,18.8823913712119
"cthm-10",6,2012,16.6666666666667,2,18.5956794522672
"cthm-10",6,2013,16.6666666666667,2,18.5998804710142
"cthm-10",6,2014,16.6666666666667,2,18.8876502551869
"cthm-10",6,2015,16.6666666666666,2,18.8876502551869
"cthm-10",6,2016,16.6666666666666,2,18.5998804710142
"cthm-10",6,2017,13.0434782608695,2,17.7313578977685
"cthm-10",6,2018,13.0434782608695,2,17.5874730056821
"cthm-10",6,2019,12.3188405797101,2,16.8670059011049
"cthm-10",6,2020,12.3188405797101,2,19.2027723244626
"cthm-10",6,2021,12.3188405797101,2,19.0588874323762
"cthm-10",6,2022,13.0434782608696,2,22.7967362520194
"cthm-10",6,2023,12.3188405797101,2,20.7560990061829
"cthm-10",6,2024,12.3188405797101,2,20.0324735270042
"cthm-10",6,2025,12.3188405797101,2,18.0180850377956
"cthm-10",7,1999,64.0287769784172,2,22.6906363108271
"cthm-10",7,2000,59.7122302158273,2,21.6114996201796
"cthm-10",7,2001,48.9208633093526,2,18.7350864649895
"cthm-10",7,2002,46.0431654676259,2,18.0156620045578
"cthm-10",7,2003,46.0431654676259,2,18.0156620045578
"cthm-10",7,2004,46.0431654676259,2,14.5585150051061
"cthm-10",7,2005,46.0431654676259,2,17.4477431429295
"cthm-10",7,2006,48.9208633093526,2,20.1815560925698
"cthm-10",7,2007,48.9208633093526,2,19.8906431548781
"cthm-10",7,2008,48.9208633093526,2,19.7457156186462
"cthm-10",7,2009,48.2014388489209,2,19.4589735837028
"cthm-10",7,2010,47.4820143884892,2,19.0262762632982
"cthm-10",7,2011,48.2014388489209,2,18.8823913712119
"cthm-10",7,2012,48.2014388489209,2,18.5956794522672
"cthm-10",7,2013,48.2014388489209,2,18.5998804710142
"cthm-10",7,2014,47.4820143884892,2,18.8876502551869
"cthm-10",7,2015,47.4820143884892,2,18.8876502551869
"cthm-10",7,2016,47.4820143884892,2,18.5998804710142
"cthm-10",7,2017,47.4820143884892,2,17.7313578977685
"cthm-10",7,2018,46.7625899280576,2,17.5874730056821
"cthm-10",7,2019,46.7625899280576,2,16.8670059011049
"cthm-10",7,2020,46.7625899280576,2,19.2027723244626
"cthm-10",7,2021,46.0431654676259,2,19.0588874323762
"cthm-10",7,2022,46.0431654676259,2,22.7967362520194
"cthm-10",7,2023,46.0431654676259,2,20.7560990061829
"cthm-10",7,2024,46.0431654676259,2,20.0324735270042
"cthm-10",7,2025,46.0431654676259,2,18.0180850377956
"cthm-10",8,1999,3.57142857142857,2,22.6906363108271
"cthm-10",8,2000,3.57142857142857,2,21.6114996201796
"cthm-10",8,2001,2.85714285714286,2,18.7350864649895
"cthm-10",8,2002,2.85714285714286,2,18.0156620045578
"cthm-10",8,2003,2.85714285714286,2,18.0156620045578
"cthm-10",8,2004,2.85714285714286,2,14.5585150051061
"cthm-10",8,2005,2.14285714285714,2,17.4477431429295
"cthm-10",8,2006,2.14285714285714,2,20.1815560925698
"cthm-10",8,2007,2.14285714285714,2,19.8906431548781
"cthm-10",8,2008,2.14285714285714,2,19.7457156186462
"cthm-10",8,2009,1.42857142857143,2,19.4589735837028
"cthm-10",8,2010,1.42857142857143,2,19.0262762632982
"cthm-10",8,2011,1.42857142857143,2,18.8823913712119
"cthm-10",8,2012,1.42857142857143,2,18.5956794522672
"cthm-10",8,2013,1.42857142857143,2,18.5998804710142
"cthm-10",8,2014,1.42857142857143,2,18.8876502551869
"cthm-10",8,2015,1.42857142857143,2,18.8876502551869
"cthm-10",8,2016,1.42857142857143,2,18.5998804710142
"cthm-10",8,2017,1.42857142857143,2,17.7313578977685
"cthm-10",8,2018,1.42857142857143,2,17.5874730056821
"cthm-10",8,2019,1.42857142857143,2,16.8670059011049
"cthm-10",8,2020,1.42857142857143,2,19.2027723244626
"cthm-10",8,2021,1.42857142857143,2,19.0588874323762
"cthm-10",8,2022,1.42857142857143,2,22.7967362520194
"cthm-10",8,2023,1.42857142857143,2,20.7560990061829
"cthm-10",8,2024,1.42857142857143,2,20.0324735270042
"cthm-10",8,2025,1.42857142857143,2,18.0180850377956
"cthm-10",9,2004,0.72992700729927,2,14.5585150051061
"cthm-10",9,2005,4.37956204379562,2,17.4477431429295
"cthm-10",9,2006,4.37956204379562,2,20.1815560925698
"cthm-10",9,2007,3.64963503649635,2,19.8906431548781
"cthm-10",9,2008,3.64963503649635,2,19.7457156186462
"cthm-10",9,2009,3.64963503649635,2,19.4589735837028
"cthm-10",9,2010,3.64963503649635,2,19.0262762632982
"cthm-10",9,2011,3.64963503649635,2,18.8823913712119
"cthm-10",9,2012,4.37956204379562,2,18.5956794522672
"cthm-10",9,2013,5.83941605839416,2,18.5998804710142
"cthm-10",9,2014,5.83941605839416,2,18.8876502551869
"cthm-10",9,2015,5.83941605839416,2,18.8876502551869
"cthm-10",9,2016,5.83941605839416,2,18.5998804710142
"cthm-10",9,2017,5.83941605839416,2,17.7313578977685
"cthm-10",9,2018,5.83941605839416,2,17.5874730056821
"cthm-10",9,2019,5.83941605839416,2,16.8670059011049
"cthm-10",9,2020,17.5182481751825,2,19.2027723244626
"cthm-10",9,2021,17.5182481751825,2,19.0588874323762
"cthm-10",9,2022,16.058394160584,2,22.7967362520194
"cthm-10",9,2023,7.2992700729927,2,20.7560990061829
"cthm-10",9,2024,5.83941605839416,2,20.0324735270042
"cthm-10",9,2025,5.83941605839416,2,18.0180850377956
"cthm-10",10,1999,3.59712230215827,2,22.6906363108271
"cthm-10",10,2000,3.59712230215827,2,21.6114996201796
"cthm-10",10,2001,3.59712230215827,2,18.7350864649895
"cthm-10",10,2002,3.59712230215827,2,18.0156620045578
"cthm-10",10,2003,3.59712230215827,2,18.0156620045578
"cthm-10",10,2004,3.59712230215827,2,14.5585150051061
"cthm-10",10,2005,15.1079136690648,2,17.4477431429295
"cthm-10",10,2006,25.8992805755396,2,20.1815560925698
"cthm-10",10,2007,25.8992805755395,2,19.8906431548781
"cthm-10",10,2008,25.8992805755396,2,19.7457156186462
"cthm-10",10,2009,25.8992805755396,2,19.4589735837028
"cthm-10",10,2010,25.1798561151079,2,19.0262762632982
"cthm-10",10,2011,23.7410071942446,2,18.8823913712119
"cthm-10",10,2012,22.3021582733813,2,18.5956794522672
"cthm-10",10,2013,20.863309352518,2,18.5998804710142
"cthm-10",10,2014,23.021582733813,2,18.8876502551869
"cthm-10",10,2015,23.021582733813,2,18.8876502551869
"cthm-10",10,2016,21.5827338129496,2,18.5998804710142
"cthm-10",10,2017,20.863309352518,2,17.7313578977685
"cthm-10",10,2018,20.863309352518,2,17.5874730056821
"cthm-10",10,2019,17.9856115107914,2,16.8670059011049
"cthm-10",10,2020,17.9856115107914,2,19.2027723244626
"cthm-10",10,2021,17.9856115107914,2,19.0588874323762
"cthm-10",10,2022,37.4100719424461,2,22.7967362520194
"cthm-10",10,2023,36.6906474820144,2,20.7560990061829
"cthm-10",10,2024,34.5323741007194,2,20.0324735270042
"cthm-10",10,2025,24.4604316546763,2,18.0180850377956
"cthm-10",11,1999,12.4087591240876,3,14.2388068653364
"cthm-10",11,2000,12.4087591240876,3,14.2388068653364
"cthm-10",11,2001,12.4087591240876,3,14.5265766495091
"cthm-10",11,2002,12.4087591240876,3,13.3681990037996
"cthm-10",11,2003,12.4087591240876,3,13.3681990037996
"cthm-10",11,2004,12.4087591240876,3,13.3681990037996
"cthm-10",11,2005,10.9489051094891,3,13.0762282008799
"cthm-10",11,2006,10.9489051094891,3,13.0762282008799
"cthm-10",11,2007,10.9489051094891,3,12.931300664648
"cthm-10",11,2008,10.9489051094891,3,12.931300664648
"cthm-10",11,2009,10.9489051094891,3,12.6435308804753
"cthm-10",11,2010,10.9489051094891,3,12.6435308804753
"cthm-10",11,2011,10.9489051094891,3,12.6435308804753
"cthm-10",11,2012,10.9489051094891,3,12.6435308804753
"cthm-10",11,2013,10.9489051094891,3,12.499645988389
"cthm-10",11,2014,10.9489051094891,3,18.2915342169366
"cthm-10",11,2015,10.9489051094891,3,18.2894489286455
"cthm-10",11,2016,10.9489051094891,3,17.2759988191679
"cthm-10",11,2017,10.9489051094891,3,11.4903664554936
"cthm-10",11,2018,10.9489051094891,3,11.2015540271754
"cthm-10",11,2019,10.9489051094891,3,11.057669135089
"cthm-10",11,2020,10.9489051094891,3,11.057669135089
"cthm-10",11,2021,10.9489051094891,3,11.057669135089
"cthm-10",11,2022,10.9489051094891,3,11.057669135089
"cthm-10",11,2023,10.9489051094891,3,10.9137842430027
"cthm-10",11,2024,10.9489051094891,3,11.057669135089
"cthm-10",11,2025,10.9489051094891,3,10.6239291705389
"cthm-10",12,1999,19.8581560283688,3,14.2388068653364
"cthm-10",12,2000,19.8581560283688,3,14.2388068653364
"cthm-10",12,2001,19.8581560283688,3,14.5265766495091
"cthm-10",12,2002,19.8581560283688,3,13.3681990037996
"cthm-10",12,2003,19.8581560283688,3,13.3681990037996
"cthm-10",12,2004,19.8581560283688,3,13.3681990037996
"cthm-10",12,2005,19.8581560283688,3,13.0762282008799
"cthm-10",12,2006,19.8581560283688,3,13.0762282008799
"cthm-10",12,2007,19.8581560283688,3,12.931300664648
"cthm-10",12,2008,19.8581560283688,3,12.931300664648
"cthm-10",12,2009,19.8581560283688,3,12.6435308804753
"cthm-10",12,2010,19.8581560283688,3,12.6435308804753
"cthm-10",12,2011,19.8581560283688,3,12.6435308804753
"cthm-10",12,2012,19.8581560283688,3,12.6435308804753
"cthm-10",12,2013,19.8581560283688,3,12.499645988389
"cthm-10",12,2014,19.8581560283688,3,18.2915342169366
"cthm-10",12,2015,19.8581560283688,3,18.2894489286455
"cthm-10",12,2016,19.8581560283688,3,17.2759988191679
"cthm-10",12,2017,19.8581560283688,3,11.4903664554936
"cthm-10",12,2018,19.8581560283688,3,11.2015540271754
"cthm-10",12,2019,19.8581560283688,3,11.057669135089
"cthm-10",12,2020,19.8581560283688,3,11.057669135089
"cthm-10",12,2021,19.8581560283688,3,11.057669135089
"cthm-10",12,2022,19.8581560283688,3,11.057669135089
"cthm-10",12,2023,19.8581560283688,3,10.9137842430027
"cthm-10",12,2024,19.8581560283688,3,11.057669135089
"cthm-10",12,2025,19.8581560283688,3,10.6239291705389
"cthm-10",13,1999,22.3021582733813,3,14.2388068653364
"cthm-10",13,2000,22.3021582733813,3,14.2388068653364
"cthm-10",13,2001,22.3021582733813,3,14.5265766495091
"cthm-10",13,2002,21.5827338129496,3,13.3681990037996
"cthm-10",13,2003,21.5827338129496,3,13.3681990037996
"cthm-10",13,2004,21.5827338129496,3,13.3681990037996
"cthm-10",13,2005,21.5827338129496,3,13.0762282008799
"cthm-10",13,2006,21.5827338129496,3,13.0762282008799
"cthm-10",13,2007,21.5827338129496,3,12.931300664648
"cthm-10",13,2008,21.5827338129496,3,12.931300664648
"cthm-10",13,2009,21.5827338129496,3,12.6435308804753
"cthm-10",13,2010,21.5827338129496,3,12.6435308804753
"cthm-10",13,2011,21.5827338129496,3,12.6435308804753
"cthm-10",13,2012,21.5827338129496,3,12.6435308804753
"cthm-10",13,2013,21.5827338129496,3,12.499645988389
"cthm-10",13,2014,20.863309352518,3,18.2915342169366
"cthm-10",13,2015,21.5827338129497,3,18.2894489286455
"cthm-10",13,2016,21.5827338129497,3,17.2759988191679
"cthm-10",13,2017,20.863309352518,3,11.4903664554936
"cthm-10",13,2018,20.863309352518,3,11.2015540271754
"cthm-10",13,2019,20.863309352518,3,11.057669135089
"cthm-10",13,2020,20.863309352518,3,11.057669135089
"cthm-10",13,2021,20.863309352518,3,11.057669135089
"cthm-10",13,2022,20.863309352518,3,11.057669135089
"cthm-10",13,2023,20.1438848920863,3,10.9137842430027
"cthm-10",13,2024,20.1438848920863,3,11.057669135089
"cthm-10",13,2025,20.1438848920863,3,10.6239291705389
"cthm-10",14,1999,5.75539568345324,3,14.2388068653364
"cthm-10",14,2000,5.75539568345324,3,14.2388068653364
"cthm-10",14,2001,7.19424460431655,3,14.5265766495091
"cthm-10",14,2002,7.19424460431655,3,13.3681990037996
"cthm-10",14,2003,7.19424460431655,3,13.3681990037996
"cthm-10",14,2004,7.19424460431655,3,13.3681990037996
"cthm-10",14,2005,7.19424460431655,3,13.0762282008799
"cthm-10",14,2006,7.19424460431655,3,13.0762282008799
"cthm-10",14,2007,7.19424460431655,3,12.931300664648
"cthm-10",14,2008,7.19424460431655,3,12.931300664648
"cthm-10",14,2009,5.75539568345324,3,12.6435308804753
"cthm-10",14,2010,5.75539568345324,3,12.6435308804753
"cthm-10",14,2011,5.75539568345324,3,12.6435308804753
"cthm-10",14,2012,5.75539568345324,3,12.6435308804753
"cthm-10",14,2013,5.03597122302158,3,12.499645988389
"cthm-10",14,2014,9.35251798561151,3,18.2915342169366
"cthm-10",14,2015,10.0719424460432,3,18.2894489286455
"cthm-10",14,2016,9.35251798561151,3,17.2759988191679
"cthm-10",14,2017,2.15827338129496,3,11.4903664554936
"cthm-10",14,2018,1.43884892086331,3,11.2015540271754
"cthm-10",14,2019,0.719424460431655,3,11.057669135089
"cthm-10",14,2020,0.719424460431655,3,11.057669135089
"cthm-10",14,2021,0.719424460431655,3,11.057669135089
"cthm-10",14,2022,0.719424460431655,3,11.057669135089
"cthm-10",14,2023,0.719424460431655,3,10.9137842430027
"cthm-10",14,2024,1.43884892086331,3,11.057669135089
"cthm-10",14,2025,0.719424460431655,3,10.6239291705389
"cthm-10",15,1999,10.8695652173913,3,14.2388068653364
"cthm-10",15,2000,10.8695652173913,3,14.2388068653364
"cthm-10",15,2001,10.8695652173913,3,14.5265766495091
"cthm-10",15,2002,5.79710144927536,3,13.3681990037996
"cthm-10",15,2003,5.79710144927536,3,13.3681990037996
"cthm-10",15,2004,5.79710144927536,3,13.3681990037996
"cthm-10",15,2005,5.79710144927536,3,13.0762282008799
"cthm-10",15,2006,5.79710144927536,3,13.0762282008799
"cthm-10",15,2007,5.07246376811594,3,12.931300664648
"cthm-10",15,2008,5.07246376811594,3,12.931300664648
"cthm-10",15,2009,5.07246376811594,3,12.6435308804753
"cthm-10",15,2010,5.07246376811594,3,12.6435308804753
"cthm-10",15,2011,5.07246376811594,3,12.6435308804753
"cthm-10",15,2012,5.07246376811594,3,12.6435308804753
"cthm-10",15,2013,5.07246376811594,3,12.499645988389
"cthm-10",15,2014,30.4347826086957,3,18.2915342169366
"cthm-10",15,2015,28.9855072463768,3,18.2894489286455
"cthm-10",15,2016,24.6376811594203,3,17.2759988191679
"cthm-10",15,2017,3.6231884057971,3,11.4903664554936
"cthm-10",15,2018,2.89855072463768,3,11.2015540271754
"cthm-10",15,2019,2.89855072463768,3,11.057669135089
"cthm-10",15,2020,2.89855072463768,3,11.057669135089
"cthm-10",15,2021,2.89855072463768,3,11.057669135089
"cthm-10",15,2022,2.89855072463768,3,11.057669135089
"cthm-10",15,2023,2.89855072463768,3,10.9137842430027
"cthm-10",15,2024,2.89855072463768,3,11.057669135089
"cthm-10",15,2025,1.44927536231884,3,10.6239291705389
"cthm-10",16,1999,16.6666666666667,4,20.2406646111682
"cthm-10",16,2000,10.1449275362319,4,18.6102298285595
"cthm-10",16,2001,10.1449275362319,4,21.6652144123211
"cthm-10",16,2002,10.1449275362319,4,21.3067868686417
"cthm-10",16,2003,10.1449275362319,4,20.5886470947466
"cthm-10",16,2004,10.1449275362319,4,23.4663449364732
"cthm-10",16,2005,10.1449275362319,4,24.1857693969048
"cthm-10",16,2006,9.42028985507246,4,23.4663263178277
"cthm-10",16,2007,9.42028985507246,4,19.3309203568822
"cthm-10",16,2008,9.42028985507246,4,18.6114958964505
"cthm-10",16,2009,8.69565217391304,4,17.8946221904464
"cthm-10",16,2010,7.97101449275362,4,16.1037505399407
"cthm-10",16,2011,7.2463768115942,4,15.9225911196509
"cthm-10",16,2012,7.2463768115942,4,15.565448262508
"cthm-10",16,2013,7.2463768115942,4,15.3868768339366
"cthm-10",16,2014,6.52173913043478,4,15.0271459850753
"cthm-10",16,2015,6.52173913043478,4,14.8485745565039
"cthm-10",16,2016,6.52173913043478,4,14.6700031279324
"cthm-10",16,2017,6.52173913043478,4,14.6700031279324
"cthm-10",16,2018,6.52173913043478,4,14.6700031279324
"cthm-10",16,2019,6.52173913043478,4,18.6076232181956
"cthm-10",16,2020,6.52173913043478,4,17.1790517896242
"cthm-10",16,2021,6.52173913043478,4,16.7028613134337
"cthm-10",16,2022,6.52173913043478,4,16.4647660753385
"cthm-10",16,2023,6.52173913043478,4,16.4647660753385
"cthm-10",16,2024,6.52173913043478,4,16.4647660753385
"cthm-10",16,2025,6.52173913043478,4,16.4647660753385
"cthm-10",17,1999,12.8571428571429,4,20.2406646111682
"cthm-10",17,2000,12.8571428571429,4,18.6102298285595
"cthm-10",17,2001,14.2857142857143,4,21.6652144123211
"cthm-10",17,2002,13.5714285714286,4,21.3067868686417
"cthm-10",17,2003,12.8571428571429,4,20.5886470947466
"cthm-10",17,2004,12.8571428571429,4,23.4663449364732
"cthm-10",17,2005,12.8571428571429,4,24.1857693969048
"cthm-10",17,2006,12.8571428571429,4,23.4663263178277
"cthm-10",17,2007,12.1428571428571,4,19.3309203568822
"cthm-10",17,2008,12.1428571428571,4,18.6114958964505
"cthm-10",17,2009,10,4,17.8946221904464
"cthm-10",17,2010,5,4,16.1037505399407
"cthm-10",17,2011,5,4,15.9225911196509
"cthm-10",17,2012,3.57142857142857,4,15.565448262508
"cthm-10",17,2013,2.85714285714286,4,15.3868768339366
"cthm-10",17,2014,2.14285714285714,4,15.0271459850753
"cthm-10",17,2015,1.42857142857143,4,14.8485745565039
"cthm-10",17,2016,0.714285714285714,4,14.6700031279324
"cthm-10",17,2017,0.714285714285714,4,14.6700031279324
"cthm-10",17,2018,0.714285714285714,4,14.6700031279324
"cthm-10",19,1999,50,4,20.2406646111682
"cthm-10",19,2000,50,4,18.6102298285595
"cthm-10",19,2001,50,4,21.6652144123211
"cthm-10",19,2002,50,4,21.3067868686417
"cthm-10",19,2003,50,4,20.5886470947466
"cthm-10",19,2004,50,4,23.4663449364732
"cthm-10",19,2005,50,4,24.1857693969048
"cthm-10",19,2006,49.2857142857143,4,23.4663263178277
"cthm-10",19,2007,49.2857142857143,4,19.3309203568822
"cthm-10",19,2008,49.2857142857143,4,18.6114958964505
"cthm-10",19,2009,49.2857142857143,4,17.8946221904464
"cthm-10",19,2010,49.2857142857143,4,16.1037505399407
"cthm-10",19,2011,49.2857142857143,4,15.9225911196509
"cthm-10",19,2012,49.2857142857143,4,15.565448262508
"cthm-10",19,2013,49.2857142857143,4,15.3868768339366
"cthm-10",19,2014,49.2857142857143,4,15.0271459850753
"cthm-10",19,2015,49.2857142857143,4,14.8485745565039
"cthm-10",19,2016,49.2857142857143,4,14.6700031279324
"cthm-10",19,2017,49.2857142857143,4,14.6700031279324
"cthm-10",19,2018,49.2857142857143,4,14.6700031279324
"cthm-10",19,2019,47.1428571428571,4,18.6076232181956
"cthm-10",19,2020,42.8571428571429,4,17.1790517896242
"cthm-10",19,2021,41.4285714285714,4,16.7028613134337
"cthm-10",19,2022,40.7142857142857,4,16.4647660753385
"cthm-10",19,2023,40.7142857142857,4,16.4647660753385
"cthm-10",19,2024,40.7142857142857,4,16.4647660753385
"cthm-10",19,2025,40.7142857142857,4,16.4647660753385
"cthm-10",20,1999,1.43884892086331,4,20.2406646111682
"cthm-10",20,2000,1.43884892086331,4,18.6102298285595
"cthm-10",20,2001,12.2302158273381,4,21.6652144123211
"cthm-10",20,2002,11.5107913669065,4,21.3067868686417
"cthm-10",20,2003,9.35251798561151,4,20.5886470947466
"cthm-10",20,2004,20.863309352518,4,23.4663449364732
"cthm-10",20,2005,23.7410071942446,4,24.1857693969048
"cthm-10",20,2006,22.3021582733813,4,23.4663263178277
"cthm-10",20,2007,6.47482014388489,4,19.3309203568822
"cthm-10",20,2008,3.59712230215827,4,18.6114958964505
"cthm-10",20,2009,3.59712230215827,4,17.8946221904464
"cthm-10",20,2010,2.15827338129496,4,16.1037505399407
"cthm-10",20,2011,2.15827338129496,4,15.9225911196509
"cthm-10",20,2012,2.15827338129496,4,15.565448262508
"cthm-10",20,2013,2.15827338129496,4,15.3868768339366
"cthm-10",20,2014,2.15827338129496,4,15.0271459850753
"cthm-10",20,2015,2.15827338129496,4,14.8485745565039
"cthm-10",20,2016,2.15827338129496,4,14.6700031279324
"cthm-10",20,2017,2.15827338129496,4,14.6700031279324
"cthm-10",20,2018,2.15827338129496,4,14.6700031279324
"cthm-10",20,2019,2.15827338129496,4,18.6076232181956
"cthm-10",20,2020,2.15827338129496,4,17.1790517896242
"cthm-10",20,2021,2.15827338129496,4,16.7028613134337
"cthm-10",20,2022,2.15827338129496,4,16.4647660753385
"cthm-10",20,2023,2.15827338129496,4,16.4647660753385
"cthm-10",20,2024,2.15827338129496,4,16.4647660753385
"cthm-10",20,2025,2.15827338129496,4,16.4647660753385
"cthm-11",1,2004,31.1594202898551,1,19.0453252304988
"cthm-11",1,2005,31.1594202898551,1,19.0453252304988
"cthm-11",1,2006,31.1594202898551,1,19.0453252304988
"cthm-11",1,2007,36.231884057971,1,20.0608457333512
"cthm-11",1,2008,35.5072463768116,1,19.4852912700895
"cthm-11",1,2009,34.7826086956522,1,19.3403637338576
"cthm-11",1,2010,28.2608695652174,1,18.0360159077707
"cthm-11",1,2011,7.2463768115942,1,13.833117357046
"cthm-11",1,2012,3.6231884057971,1,13.1084796758866
"cthm-11",1,2013,2.17391304347826,1,13.1043388891371
"cthm-11",1,2014,4.34782608695652,1,13.2534072121185
"cthm-11",1,2015,4.34782608695652,1,13.8289467804638
"cthm-11",1,2016,4.34782608695652,1,13.8289467804638
"cthm-11",1,2017,3.6231884057971,1,13.6840192442319
"cthm-11",2,1999,2.85714285714285,1,20.9002859823942
"cthm-11",2,2000,5.71428571428571,1,19.078339812622
"cthm-11",2,2001,3.57142857142857,1,16.7375478499188
"cthm-11",2,2002,2.85714285714286,1,16.1966575807677
"cthm-11",2,2003,2.85714285714286,1,16.0168014656598
"cthm-11",2,2004,2.85714285714286,1,19.0453252304988
"cthm-11",2,2005,2.85714285714286,1,19.0453252304988
"cthm-11",2,2006,2.85714285714286,1,19.0453252304988
"cthm-11",2,2007,2.14285714285714,1,20.0608457333512
"cthm-11",2,2008,1.42857142857143,1,19.4852912700895
"cthm-11",2,2009,1.42857142857143,1,19.3403637338576
"cthm-11",2,2010,1.42857142857143,1,18.0360159077707
"cthm-11",2,2011,1.42857142857143,1,13.833117357046
"cthm-11",2,2012,1.42857142857143,1,13.1084796758866
"cthm-11",2,2013,2.85714285714286,1,13.1043388891371
"cthm-11",2,2014,1.42857142857143,1,13.2534072121185
"cthm-11",2,2015,1.42857142857143,1,13.8289467804638
"cthm-11",2,2016,1.42857142857143,1,13.8289467804638
"cthm-11",2,2017,1.42857142857143,1,13.6840192442319
"cthm-11",2,2018,2.14285714285714,1,16.3777983824121
"cthm-11",2,2019,2.14285714285714,1,16.3777983824121
"cthm-11",2,2020,2.85714285714286,1,16.5563698109835
"cthm-11",2,2021,2.85714285714286,1,16.5563698109835
"cthm-11",2,2022,2.14285714285714,1,16.3777983824121
"cthm-11",2,2023,2.14285714285714,1,19.7706555252692
"cthm-11",2,2024,2.14285714285714,1,18.6992269538407
"cthm-11",2,2025,2.14285714285714,1,16.3777983824121
"cthm-11",3,1999,15.7142857142857,1,20.9002859823942
"cthm-11",3,2000,15.7142857142857,1,19.078339812622
"cthm-11",3,2001,15.7142857142857,1,16.7375478499188
"cthm-11",3,2002,15.7142857142857,1,16.1966575807677
"cthm-11",3,2003,15.7142857142857,1,16.0168014656598
"cthm-11",3,2004,15.7142857142857,1,19.0453252304988
"cthm-11",3,2005,15.7142857142857,1,19.0453252304988
"cthm-11",3,2006,15.7142857142857,1,19.0453252304988
"cthm-11",3,2007,15.7142857142857,1,20.0608457333512
"cthm-11",3,2008,15.7142857142857,1,19.4852912700895
"cthm-11",3,2009,15.7142857142857,1,19.3403637338576
"cthm-11",3,2010,15.7142857142857,1,18.0360159077707
"cthm-11",3,2011,15.7142857142857,1,13.833117357046
"cthm-11",3,2012,15.7142857142857,1,13.1084796758866
"cthm-11",3,2013,15.7142857142857,1,13.1043388891371
"cthm-11",3,2014,15.7142857142857,1,13.2534072121185
"cthm-11",3,2015,15.7142857142857,1,13.8289467804638
"cthm-11",3,2016,15.7142857142857,1,13.8289467804638
"cthm-11",3,2017,15.7142857142857,1,13.6840192442319
"cthm-11",3,2018,15.7142857142857,1,16.3777983824121
"cthm-11",3,2019,15.7142857142857,1,16.3777983824121
"cthm-11",3,2020,15.7142857142857,1,16.5563698109835
"cthm-11",3,2021,15.7142857142857,1,16.5563698109835
"cthm-11",3,2022,15.7142857142857,1,16.3777983824121
"cthm-11",3,2023,29.2857142857143,1,19.7706555252692
"cthm-11",3,2024,25,1,18.6992269538407
"cthm-11",3,2025,15.7142857142857,1,16.3777983824121
"cthm-11",4,1999,25.8992805755396,1,20.9002859823942
"cthm-11",4,2000,25.8992805755396,1,19.078339812622
"cthm-11",4,2001,22.3021582733813,1,16.7375478499188
"cthm-11",4,2002,22.3021582733813,1,16.1966575807677
"cthm-11",4,2003,21.5827338129496,1,16.0168014656598
"cthm-11",4,2004,21.5827338129496,1,19.0453252304988
"cthm-11",4,2005,21.5827338129496,1,19.0453252304988
"cthm-11",4,2006,21.5827338129496,1,19.0453252304988
"cthm-11",4,2007,22.3021582733813,1,20.0608457333512
"cthm-11",4,2008,20.863309352518,1,19.4852912700895
"cthm-11",4,2009,20.863309352518,1,19.3403637338576
"cthm-11",4,2010,20.863309352518,1,18.0360159077707
"cthm-11",4,2011,20.863309352518,1,13.833117357046
"cthm-11",4,2012,20.863309352518,1,13.1084796758866
"cthm-11",4,2013,20.863309352518,1,13.1043388891371
"cthm-11",4,2014,20.863309352518,1,13.2534072121185
"cthm-11",4,2015,23.7410071942446,1,13.8289467804638
"cthm-11",4,2016,23.7410071942446,1,13.8289467804638
"cthm-11",4,2017,23.7410071942446,1,13.6840192442319
"cthm-11",4,2018,23.7410071942446,1,16.3777983824121
"cthm-11",4,2019,23.7410071942446,1,16.3777983824121
"cthm-11",4,2020,23.7410071942446,1,16.5563698109835
"cthm-11",4,2021,23.7410071942446,1,16.5563698109835
"cthm-11",4,2022,23.7410071942446,1,16.3777983824121
"cthm-11",4,2023,23.7410071942446,1,19.7706555252692
"cthm-11",4,2024,23.7410071942446,1,18.6992269538407
"cthm-11",4,2025,23.7410071942446,1,16.3777983824121
"cthm-11",5,1999,39.1304347826087,1,20.9002859823942
"cthm-11",5,2000,28.9855072463768,1,19.078339812622
"cthm-11",5,2001,25.3623188405797,1,16.7375478499188
"cthm-11",5,2002,23.9130434782609,1,16.1966575807677
"cthm-11",5,2003,23.9130434782609,1,16.0168014656598
"cthm-11",5,2004,23.9130434782609,1,19.0453252304988
"cthm-11",5,2005,23.9130434782609,1,19.0453252304988
"cthm-11",5,2006,23.9130434782609,1,19.0453252304988
"cthm-11",5,2007,23.9130434782609,1,20.0608457333512
"cthm-11",5,2008,23.9130434782609,1,19.4852912700895
"cthm-11",5,2009,23.9130434782609,1,19.3403637338576
"cthm-11",5,2010,23.9130434782609,1,18.0360159077707
"cthm-11",5,2011,23.9130434782609,1,13.833117357046
"cthm-11",5,2012,23.9130434782609,1,13.1084796758866
"cthm-11",5,2013,23.9130434782609,1,13.1043388891371
"cthm-11",5,2014,23.9130434782609,1,13.2534072121185
"cthm-11",5,2015,23.9130434782609,1,13.8289467804638
"cthm-11",5,2016,23.9130434782609,1,13.8289467804638
"cthm-11",5,2017,23.9130434782609,1,13.6840192442319
"cthm-11",5,2018,23.9130434782609,1,16.3777983824121
"cthm-11",5,2019,23.9130434782609,1,16.3777983824121
"cthm-11",5,2020,23.9130434782609,1,16.5563698109835
"cthm-11",5,2021,23.9130434782609,1,16.5563698109835
"cthm-11",5,2022,23.9130434782609,1,16.3777983824121
"cthm-11",5,2023,23.9130434782609,1,19.7706555252692
"cthm-11",5,2024,23.9130434782609,1,18.6992269538407
"cthm-11",5,2025,23.9130434782609,1,16.3777983824121
"cthm-11",6,1999,2.14285714285714,2,31.1399703813004
"cthm-11",6,2000,2.14285714285714,2,31.1399703813004
"cthm-11",6,2001,2.14285714285714,2,29.9950428450685
"cthm-11",6,2002,1.42857142857143,2,25.4225865244107
"cthm-11",6,2003,1.42857142857143,2,25.1368722386964
"cthm-11",6,2004,25.7142857142857,2,31.708300810125
"cthm-11",6,2005,25.7142857142857,2,32.4225865244107
"cthm-11",6,2006,20.7142857142857,2,32.7103712034997
"cthm-11",6,2007,2.85714285714286,2,28.1337740960925
"cthm-11",6,2008,1.42857142857143,2,27.4194883818068
"cthm-11",6,2009,1.42857142857143,2,27.7031322741463
"cthm-11",6,2010,1.42857142857143,2,27.9929873466101
"cthm-11",6,2011,1.42857142857143,2,27.8480598103782
"cthm-11",6,2012,1.42857142857143,2,30.4053480355665
"cthm-11",6,2013,1.42857142857143,2,31.3982558369849
"cthm-11",6,2014,1.42857142857143,2,31.1104711578959
"cthm-11",6,2015,1.42857142857143,2,30.6829129005504
"cthm-11",6,2016,1.42857142857143,2,29.4124842850709
"cthm-11",6,2017,1.42857142857143,2,27.8501742546758
"cthm-11",6,2018,1.42857142857143,2,27.4236291685562
"cthm-11",6,2019,1.42857142857143,2,27.281785196925
"cthm-11",6,2020,1.42857142857143,2,27.1399412252938
"cthm-11",6,2021,12.8571428571428,2,29.282798368151
"cthm-11",6,2022,12.1428571428571,2,28.4194592258003
"cthm-11",6,2023,3.57142857142857,2,33.3718401781812
"cthm-11",6,2024,0.714285714285714,2,32.6585676351214
"cthm-11",6,2025,0.714285714285714,2,31.5238158620718
"cthm-11",7,1999,32.6086956521739,2,31.1399703813004
"cthm-11",7,2000,32.6086956521739,2,31.1399703813004
"cthm-11",7,2001,31.8840579710145,2,29.9950428450685
"cthm-11",7,2002,31.8840579710145,2,25.4225865244107
"cthm-11",7,2003,31.8840579710145,2,25.1368722386964
"cthm-11",7,2004,31.8840579710145,2,31.708300810125
"cthm-11",7,2005,31.8840579710145,2,32.4225865244107
"cthm-11",7,2006,32.6086956521739,2,32.7103712034997
"cthm-11",7,2007,31.1594202898551,2,28.1337740960925
"cthm-11",7,2008,31.1594202898551,2,27.4194883818068
"cthm-11",7,2009,30.4347826086957,2,27.7031322741463
"cthm-11",7,2010,31.8840579710145,2,27.9929873466101
"cthm-11",7,2011,31.1594202898551,2,27.8480598103782
"cthm-11",7,2012,31.8840579710145,2,30.4053480355665
"cthm-11",7,2013,31.8840579710145,2,31.3982558369849
"cthm-11",7,2014,31.1594202898551,2,31.1104711578959
"cthm-11",7,2015,31.1594202898551,2,30.6829129005504
"cthm-11",7,2016,32.6086956521739,2,29.4124842850709
"cthm-11",7,2017,32.6086956521739,2,27.8501742546758
"cthm-11",7,2018,32.6086956521739,2,27.4236291685562
"cthm-11",7,2019,32.6086956521739,2,27.281785196925
"cthm-11",7,2020,32.6086956521739,2,27.1399412252938
"cthm-11",7,2021,32.6086956521739,2,29.282798368151
"cthm-11",7,2022,31.1594202898551,2,28.4194592258003
"cthm-11",7,2023,31.159420289855,2,33.3718401781812
"cthm-11",7,2024,31.1594202898551,2,32.6585676351214
"cthm-11",7,2025,31.1594202898551,2,31.5238158620718
"cthm-11",8,1999,26.9503546099291,2,31.1399703813004
"cthm-11",8,2000,26.9503546099291,2,31.1399703813004
"cthm-11",8,2001,26.9503546099291,2,29.9950428450685
"cthm-11",8,2002,26.9503546099291,2,25.4225865244107
"cthm-11",8,2003,26.9503546099291,2,25.1368722386964
"cthm-11",8,2004,26.9503546099291,2,31.708300810125
"cthm-11",8,2005,26.9503546099291,2,32.4225865244107
"cthm-11",8,2006,26.9503546099291,2,32.7103712034997
"cthm-11",8,2007,26.9503546099291,2,28.1337740960925
"cthm-11",8,2008,26.9503546099291,2,27.4194883818068
"cthm-11",8,2009,26.9503546099291,2,27.7031322741463
"cthm-11",8,2010,26.9503546099291,2,27.9929873466101
"cthm-11",8,2011,26.9503546099291,2,27.8480598103782
"cthm-11",8,2012,38.2978723404256,2,30.4053480355665
"cthm-11",8,2013,43.2624113475177,2,31.3982558369849
"cthm-11",8,2014,43.2624113475177,2,31.1104711578959
"cthm-11",8,2015,42.5531914893617,2,30.6829129005504
"cthm-11",8,2016,34.7517730496454,2,29.4124842850709
"cthm-11",8,2017,28.3687943262411,2,27.8501742546758
"cthm-11",8,2018,26.9503546099291,2,27.4236291685562
"cthm-11",8,2019,26.241134751773,2,27.281785196925
"cthm-11",8,2020,25.531914893617,2,27.1399412252938
"cthm-11",8,2021,25.531914893617,2,29.282798368151
"cthm-11",8,2022,25.531914893617,2,28.4194592258003
"cthm-11",8,2023,58.8652482269503,2,33.3718401781812
"cthm-11",8,2024,58.1560283687943,2,32.6585676351214
"cthm-11",8,2025,52.4822695035461,2,31.5238158620718
"cthm-11",9,1999,34.2857142857143,2,31.1399703813004
"cthm-11",9,2000,34.2857142857143,2,31.1399703813004
"cthm-11",9,2001,29.2857142857143,2,29.9950428450685
"cthm-11",9,2002,7.85714285714286,2,25.4225865244107
"cthm-11",9,2003,6.42857142857143,2,25.1368722386964
"cthm-11",9,2004,15,2,31.708300810125
"cthm-11",9,2005,18.5714285714285,2,32.4225865244107
"cthm-11",9,2006,24.2857142857143,2,32.7103712034997
"cthm-11",9,2007,21.4285714285714,2,28.1337740960925
"cthm-11",9,2008,19.2857142857142,2,27.4194883818068
"cthm-11",9,2009,21.4285714285714,2,27.7031322741463
"cthm-11",9,2010,21.4285714285714,2,27.9929873466101
"cthm-11",9,2011,21.4285714285714,2,27.8480598103782
"cthm-11",9,2012,22.1428571428571,2,30.4053480355665
"cthm-11",9,2013,22.1428571428571,2,31.3982558369849
"cthm-11",9,2014,21.4285714285715,2,31.1104711578959
"cthm-11",9,2015,20,2,30.6829129005504
"cthm-11",9,2016,20,2,29.4124842850709
"cthm-11",9,2017,18.5714285714285,2,27.8501742546758
"cthm-11",9,2018,17.8571428571428,2,27.4236291685562
"cthm-11",9,2019,17.8571428571428,2,27.281785196925
"cthm-11",9,2020,17.8571428571428,2,27.1399412252938
"cthm-11",9,2021,17.1428571428571,2,29.282798368151
"cthm-11",9,2022,16.4285714285714,2,28.4194592258003
"cthm-11",9,2023,16.4285714285715,2,33.3718401781812
"cthm-11",9,2024,16.4285714285714,2,32.6585676351214
"cthm-11",9,2025,16.4285714285714,2,31.5238158620718
"cthm-11",10,1999,59.7122302158273,2,31.1399703813004
"cthm-11",10,2000,59.7122302158273,2,31.1399703813004
"cthm-11",10,2001,59.7122302158273,2,29.9950428450685
"cthm-11",10,2002,58.9928057553957,2,25.4225865244107
"cthm-11",10,2003,58.9928057553957,2,25.1368722386964
"cthm-11",10,2004,58.9928057553957,2,31.708300810125
"cthm-11",10,2005,58.9928057553957,2,32.4225865244107
"cthm-11",10,2006,58.9928057553957,2,32.7103712034997
"cthm-11",10,2007,58.273381294964,2,28.1337740960925
"cthm-11",10,2008,58.273381294964,2,27.4194883818068
"cthm-11",10,2009,58.273381294964,2,27.7031322741463
"cthm-11",10,2010,58.273381294964,2,27.9929873466101
"cthm-11",10,2011,58.273381294964,2,27.8480598103782
"cthm-11",10,2012,58.273381294964,2,30.4053480355665
"cthm-11",10,2013,58.273381294964,2,31.3982558369849
"cthm-11",10,2014,58.273381294964,2,31.1104711578959
"cthm-11",10,2015,58.273381294964,2,30.6829129005504
"cthm-11",10,2016,58.273381294964,2,29.4124842850709
"cthm-11",10,2017,58.273381294964,2,27.8501742546758
"cthm-11",10,2018,58.273381294964,2,27.4236291685562
"cthm-11",10,2019,58.273381294964,2,27.281785196925
"cthm-11",10,2020,58.273381294964,2,27.1399412252938
"cthm-11",10,2021,58.273381294964,2,29.282798368151
"cthm-11",10,2022,56.8345323741007,2,28.4194592258003
"cthm-11",10,2023,56.8345323741007,2,33.3718401781812
"cthm-11",10,2024,56.8345323741007,2,32.6585676351214
"cthm-11",10,2025,56.8345323741007,2,31.5238158620718
"cthm-11",11,1999,10.4895104895105,3,7.2396083034381
"cthm-11",11,2000,10.4895104895105,3,5.85071941454921
"cthm-11",11,2001,10.4895104895105,3,3.14811887285292
"cthm-11",11,2002,11.1888111888112,3,4.42728567728568
"cthm-11",11,2003,11.1888111888112,3,5.94405594405595
"cthm-11",11,2004,11.1888111888112,3,11.1888111888112
"cthm-11",11,2005,10.4895104895105,3,10.4895104895105
"cthm-11",11,2006,10.4895104895105,3,10.4895104895105
"cthm-11",11,2007,9.79020979020979,3,9.79020979020979
"cthm-11",11,2008,9.09090909090909,3,5.94405594405595
"cthm-11",11,2009,8.39160839160839,3,7.20182595182596
"cthm-11",11,2010,7.69230769230769,3,20.3946516446516
"cthm-11",11,2011,7.69230769230769,3,20.3946516446516
"cthm-11",11,2012,7.69230769230769,3,19.2372442372442
"cthm-11",11,2013,7.69230769230769,3,16.456228956229
"cthm-11",11,2014,7.69230769230769,3,31.9711538461538
"cthm-11",11,2015,7.69230769230769,3,26.068376068376
"cthm-11",11,2016,7.69230769230769,3,18.4294871794872
"cthm-11",11,2017,7.69230769230769,3,13.568376068376
"cthm-11",11,2018,7.69230769230769,3,12.5267094017094
"cthm-11",11,2019,6.99300699300699,3,6.96872571872571
"cthm-11",11,2020,6.99300699300699,3,10.8561346061346
"cthm-11",11,2021,6.99300699300699,3,10.6343656343656
"cthm-11",11,2022,6.99300699300699,3,7.53912753912753
"cthm-11",11,2023,6.99300699300699,3,6.99300699300699
"cthm-11",11,2024,6.99300699300699,3,6.99300699300699
"cthm-11",11,2025,6.99300699300699,3,3.85364635364635
"cthm-11",12,2001,0.699300699300699,3,3.14811887285292
"cthm-11",12,2002,1.3986013986014,3,4.42728567728568
"cthm-11",12,2003,0.699300699300699,3,5.94405594405595
"cthm-11",12,2008,2.7972027972028,3,5.94405594405595
"cthm-11",12,2009,2.7972027972028,3,7.20182595182596
"cthm-11",12,2010,2.7972027972028,3,20.3946516446516
"cthm-11",12,2011,2.7972027972028,3,20.3946516446516
"cthm-11",12,2012,2.7972027972028,3,19.2372442372442
"cthm-11",12,2013,1.3986013986014,3,16.456228956229
"cthm-11",12,2021,4.1958041958042,3,10.6343656343656
"cthm-11",12,2022,4.1958041958042,3,7.53912753912753
"cthm-11",13,1999,5.67375886524823,3,7.2396083034381
"cthm-11",13,2000,5.67375886524823,3,5.85071941454921
"cthm-11",13,2001,0.709219858156028,3,3.14811887285292
"cthm-11",14,1999,5.55555555555556,3,7.2396083034381
"cthm-11",14,2000,1.38888888888889,3,5.85071941454921
"cthm-11",14,2001,0.694444444444444,3,3.14811887285292
"cthm-11",14,2002,0.694444444444444,3,4.42728567728568
"cthm-11",14,2009,10.4166666666667,3,7.20182595182596
"cthm-11",14,2010,50.6944444444444,3,20.3946516446516
"cthm-11",14,2011,50.6944444444444,3,20.3946516446516
"cthm-11",14,2012,47.2222222222222,3,19.2372442372442
"cthm-11",14,2013,40.2777777777778,3,16.456228956229
"cthm-11",14,2014,56.25,3,31.9711538461538
"cthm-11",14,2015,44.4444444444444,3,26.068376068376
"cthm-11",14,2016,29.1666666666667,3,18.4294871794872
"cthm-11",14,2017,19.4444444444444,3,13.568376068376
"cthm-11",14,2018,17.3611111111111,3,12.5267094017094
"cthm-11",14,2019,6.94444444444444,3,6.96872571872571
"cthm-11",14,2020,4.86111111111111,3,10.8561346061346
"cthm-11",15,2020,20.7142857142857,3,10.8561346061346
"cthm-11",15,2021,20.7142857142857,3,10.6343656343656
"cthm-11",15,2022,11.4285714285714,3,7.53912753912753
"cthm-11",15,2025,0.714285714285714,3,3.85364635364635
"cthm-11",16,1999,6.47482014388489,4,10.171282426946
"cthm-11",16,2000,6.47482014388489,4,10.171282426946
"cthm-11",16,2001,7.9136690647482,4,10.5309946571618
"cthm-11",16,2002,7.9136690647482,4,10.3511385420539
"cthm-11",16,2003,7.9136690647482,4,10.3511385420539
"cthm-11",16,2004,7.19424460431654,4,10.171282426946
"cthm-11",16,2005,6.47482014388489,4,9.99142631183807
"cthm-11",16,2006,6.47482014388489,4,9.99142631183807
"cthm-11",16,2007,5.75539568345324,4,9.81157019673016
"cthm-11",16,2008,5.03597122302158,4,9.63171408162224
"cthm-11",16,2009,5.03597122302158,4,9.45185796651433
"cthm-11",16,2010,5.03597122302158,4,9.45183974401025
"cthm-11",16,2011,5.03597122302158,4,9.45183974401025
"cthm-11",16,2012,6.47482014388489,4,9.45440911708321
"cthm-11",16,2013,5.75539568345324,4,9.2745530019753
"cthm-11",16,2014,5.75539568345324,4,9.2745530019753
"cthm-11",16,2015,5.75539568345324,4,9.2745530019753
"cthm-11",16,2016,5.75539568345324,4,10.1738335775149
"cthm-11",16,2017,5.75539568345324,4,13.2313875343494
"cthm-11",16,2018,5.75539568345324,4,13.5910997645652
"cthm-11",16,2019,5.75539568345324,4,13.5910997645652
"cthm-11",16,2020,6.47482014388489,4,13.4112436494573
"cthm-11",16,2021,6.47482014388489,4,12.6918191890257
"cthm-11",16,2022,6.47482014388489,4,12.1522508437019
"cthm-11",16,2023,5.75539568345324,4,11.4328263832703
"cthm-11",16,2024,5.75539568345324,4,11.2529702681624
"cthm-11",16,2025,5.75539568345324,4,10.8932580379465
"cthm-11",17,1999,5.75539568345324,4,10.171282426946
"cthm-11",17,2000,5.75539568345324,4,10.171282426946
"cthm-11",17,2001,5.75539568345324,4,10.5309946571618
"cthm-11",17,2002,5.03597122302158,4,10.3511385420539
"cthm-11",17,2003,5.03597122302158,4,10.3511385420539
"cthm-11",17,2004,5.03597122302158,4,10.171282426946
"cthm-11",17,2005,5.03597122302158,4,9.99142631183807
"cthm-11",17,2006,5.03597122302158,4,9.99142631183807
"cthm-11",17,2007,5.03597122302158,4,9.81157019673016
"cthm-11",17,2008,5.03597122302158,4,9.63171408162224
"cthm-11",17,2009,4.31654676258993,4,9.45185796651433
"cthm-11",17,2010,3.59712230215827,4,9.45183974401025
"cthm-11",17,2011,3.59712230215827,4,9.45183974401025
"cthm-11",17,2012,3.59712230215827,4,9.45440911708321
"cthm-11",17,2013,3.59712230215827,4,9.2745530019753
"cthm-11",17,2014,3.59712230215827,4,9.2745530019753
"cthm-11",17,2015,3.59712230215827,4,9.2745530019753
"cthm-11",17,2016,7.19424460431654,4,10.1738335775149
"cthm-11",17,2017,19.4244604316547,4,13.2313875343494
"cthm-11",17,2018,20.863309352518,4,13.5910997645652
"cthm-11",17,2019,20.863309352518,4,13.5910997645652
"cthm-11",17,2020,19.4244604316547,4,13.4112436494573
"cthm-11",17,2021,16.5467625899281,4,12.6918191890257
"cthm-11",17,2022,14.3884892086331,4,12.1522508437019
"cthm-11",17,2023,12.2302158273381,4,11.4328263832703
"cthm-11",17,2024,11.5107913669065,4,11.2529702681624
"cthm-11",17,2025,10.0719424460432,4,10.8932580379465
"cthm-11",19,1999,16.3120567375887,4,10.171282426946
"cthm-11",19,2000,16.3120567375887,4,10.171282426946
"cthm-11",19,2001,16.3120567375887,4,10.5309946571618
"cthm-11",19,2002,16.3120567375887,4,10.3511385420539
"cthm-11",19,2003,16.3120567375887,4,10.3511385420539
"cthm-11",19,2004,16.3120567375887,4,10.171282426946
"cthm-11",19,2005,16.3120567375887,4,9.99142631183807
"cthm-11",19,2006,16.3120567375887,4,9.99142631183807
"cthm-11",19,2007,16.3120567375887,4,9.81157019673016
"cthm-11",19,2008,16.3120567375887,4,9.63171408162224
"cthm-11",19,2009,16.3120567375887,4,9.45185796651433
"cthm-11",19,2010,15.6028368794326,4,9.45183974401025
"cthm-11",19,2011,15.6028368794326,4,9.45183974401025
"cthm-11",19,2012,15.6028368794326,4,9.45440911708321
"cthm-11",19,2013,15.6028368794326,4,9.2745530019753
"cthm-11",19,2014,15.6028368794326,4,9.2745530019753
"cthm-11",19,2015,15.6028368794326,4,9.2745530019753
"cthm-11",19,2016,15.6028368794326,4,10.1738335775149
"cthm-11",19,2017,15.6028368794326,4,13.2313875343494
"cthm-11",19,2018,15.6028368794326,4,13.5910997645652
"cthm-11",19,2019,15.6028368794326,4,13.5910997645652
"cthm-11",19,2020,15.6028368794326,4,13.4112436494573
"cthm-11",19,2021,15.6028368794326,4,12.6918191890257
"cthm-11",19,2022,15.6028368794326,4,12.1522508437019
"cthm-11",19,2023,15.6028368794326,4,11.4328263832703
"cthm-11",19,2024,15.6028368794326,4,11.2529702681624
"cthm-11",19,2025,15.6028368794326,4,10.8932580379465
"cthm-11",20,1999,12.1428571428571,4,10.171282426946
"cthm-11",20,2000,12.1428571428571,4,10.171282426946
"cthm-11",20,2001,12.1428571428571,4,10.5309946571618
"cthm-11",20,2002,12.1428571428571,4,10.3511385420539
"cthm-11",20,2003,12.1428571428571,4,10.3511385420539
"cthm-11",20,2004,12.1428571428571,4,10.171282426946
"cthm-11",20,2005,12.1428571428571,4,9.99142631183807
"cthm-11",20,2006,12.1428571428571,4,9.99142631183807
"cthm-11",20,2007,12.1428571428571,4,9.81157019673016
"cthm-11",20,2008,12.1428571428571,4,9.63171408162224
"cthm-11",20,2009,12.1428571428571,4,9.45185796651433
"cthm-11",20,2010,13.5714285714285,4,9.45183974401025
"cthm-11",20,2011,13.5714285714285,4,9.45183974401025
"cthm-11",20,2012,12.1428571428571,4,9.45440911708321
"cthm-11",20,2013,12.1428571428571,4,9.2745530019753
"cthm-11",20,2014,12.1428571428571,4,9.2745530019753
"cthm-11",20,2015,12.1428571428571,4,9.2745530019753
"cthm-11",20,2016,12.1428571428571,4,10.1738335775149
"cthm-11",20,2017,12.1428571428571,4,13.2313875343494
"cthm-11",20,2018,12.1428571428571,4,13.5910997645652
"cthm-11",20,2019,12.1428571428571,4,13.5910997645652
"cthm-11",20,2020,12.1428571428571,4,13.4112436494573
"cthm-11",20,2021,12.1428571428571,4,12.6918191890257
"cthm-11",20,2022,12.1428571428571,4,12.1522508437019
"cthm-11",20,2023,12.1428571428571,4,11.4328263832703
"cthm-11",20,2024,12.1428571428571,4,11.2529702681624
"cthm-11",20,2025,12.1428571428571,4,10.8932580379465
"cthm-12",1,1999,46.3768115942029,1,35.8144354081952
"cthm-12",1,2000,46.3768115942029,1,35.8144354081952
"cthm-12",1,2001,46.3768115942029,1,35.8144354081952
"cthm-12",1,2002,46.3768115942029,1,35.6705505161089
"cthm-12",1,2003,46.3768115942029,1,36.5317745803358
"cthm-12",1,2004,46.3768115942029,1,34.358904181003
"cthm-12",1,2005,46.3768115942029,1,31.7522938171202
"cthm-12",1,2006,46.3768115942029,1,30.7388437076426
"cthm-12",1,2007,47.8260869565217,1,35.4662357070865
"cthm-12",1,2008,50.7246376811594,1,36.7653703124457
"cthm-12",1,2009,50,1,36.6194001320683
"cthm-12",1,2010,50,1,35.8989330274911
"cthm-12",1,2011,50,1,35.0356236749731
"cthm-12",1,2012,50,1,33.8845445382824
"cthm-12",1,2013,50,1,32.5895805095055
"cthm-12",1,2014,50,1,32.4057275918396
"cthm-12",1,2015,54.3478260869565,1,33.2752928092309
"cthm-12",1,2016,54.3478260869565,1,32.8536301393668
"cthm-12",1,2017,53.6231884057971,1,31.5875994856289
"cthm-12",1,2018,53.6231884057971,1,31.5875994856289
"cthm-12",1,2019,52.8985507246377,1,31.442671949397
"cthm-12",1,2020,52.8985507246377,1,33.7987870573107
"cthm-12",1,2021,52.8985507246377,1,33.382120390644
"cthm-12",1,2022,54.3478260869565,1,33.6719754631078
"cthm-12",1,2023,54.3478260869565,1,31.8664199075522
"cthm-12",1,2024,53.6231884057971,1,31.7214923713203
"cthm-12",1,2025,52.8985507246377,1,31.2987870573107
"cthm-12",2,1999,2.08333333333333,1,35.8144354081952
"cthm-12",2,2000,2.08333333333333,1,35.8144354081952
"cthm-12",2,2001,2.08333333333333,1,35.8144354081952
"cthm-12",2,2002,2.08333333333333,1,35.6705505161089
"cthm-12",2,2003,2.08333333333333,1,36.5317745803358
"cthm-12",2,2004,2.08333333333333,1,34.358904181003
"cthm-12",2,2005,2.08333333333333,1,31.7522938171202
"cthm-12",2,2006,2.08333333333333,1,30.7388437076426
"cthm-12",2,2007,5.55555555555556,1,35.4662357070865
"cthm-12",2,2008,5.55555555555556,1,36.7653703124457
"cthm-12",2,2009,5.55555555555556,1,36.6194001320683
"cthm-12",2,2010,5.55555555555556,1,35.8989330274911
"cthm-12",2,2011,5.55555555555556,1,35.0356236749731
"cthm-12",2,2012,5.55555555555556,1,33.8845445382824
"cthm-12",2,2013,5.55555555555556,1,32.5895805095055
"cthm-12",2,2014,11.1111111111111,1,32.4057275918396
"cthm-12",2,2015,11.1111111111111,1,33.2752928092309
"cthm-12",2,2016,9.72222222222223,1,32.8536301393668
"cthm-12",2,2017,5.55555555555556,1,31.5875994856289
"cthm-12",2,2018,5.55555555555556,1,31.5875994856289
"cthm-12",2,2019,5.55555555555556,1,31.442671949397
"cthm-12",2,2020,18.0555555555556,1,33.7987870573107
"cthm-12",2,2021,15.9722222222223,1,33.382120390644
"cthm-12",2,2022,15.9722222222223,1,33.6719754631078
"cthm-12",2,2023,6.94444444444445,1,31.8664199075522
"cthm-12",2,2024,6.94444444444445,1,31.7214923713203
"cthm-12",2,2025,5.55555555555556,1,31.2987870573107
"cthm-12",3,1999,51.7985611510791,1,35.8144354081952
"cthm-12",3,2000,51.7985611510791,1,35.8144354081952
"cthm-12",3,2001,51.7985611510791,1,35.8144354081952
"cthm-12",3,2002,51.7985611510791,1,35.6705505161089
"cthm-12",3,2003,57.5539568345324,1,36.5317745803358
"cthm-12",3,2004,56.8345323741007,1,34.358904181003
"cthm-12",3,2005,55.3956834532374,1,31.7522938171202
"cthm-12",3,2006,54.6762589928058,1,30.7388437076426
"cthm-12",3,2007,53.2374100719424,1,35.4662357070865
"cthm-12",3,2008,53.2374100719424,1,36.7653703124457
"cthm-12",3,2009,53.2374100719424,1,36.6194001320683
"cthm-12",3,2010,53.9568345323741,1,35.8989330274911
"cthm-12",3,2011,58.9928057553957,1,35.0356236749731
"cthm-12",3,2012,59.7122302158273,1,33.8845445382824
"cthm-12",3,2013,56.115107913669,1,32.5895805095055
"cthm-12",3,2014,51.0791366906475,1,32.4057275918396
"cthm-12",3,2015,51.0791366906475,1,33.2752928092309
"cthm-12",3,2016,50.3597122302158,1,32.8536301393668
"cthm-12",3,2017,50.3597122302158,1,31.5875994856289
"cthm-12",3,2018,50.3597122302158,1,31.5875994856289
"cthm-12",3,2019,50.3597122302158,1,31.442671949397
"cthm-12",3,2020,50.3597122302158,1,33.7987870573107
"cthm-12",3,2021,50.3597122302158,1,33.382120390644
"cthm-12",3,2022,50.3597122302158,1,33.6719754631078
"cthm-12",3,2023,50.3597122302158,1,31.8664199075522
"cthm-12",3,2024,50.3597122302158,1,31.7214923713203
"cthm-12",3,2025,50.3597122302158,1,31.2987870573107
"cthm-12",4,1999,23.7410071942446,1,35.8144354081952
"cthm-12",4,2000,23.7410071942446,1,35.8144354081952
"cthm-12",4,2001,23.7410071942446,1,35.8144354081952
"cthm-12",4,2002,23.021582733813,1,35.6705505161089
"cthm-12",4,2003,23.021582733813,1,36.5317745803358
"cthm-12",4,2004,23.021582733813,1,34.358904181003
"cthm-12",4,2005,23.021582733813,1,31.7522938171202
"cthm-12",4,2006,23.021582733813,1,30.7388437076426
"cthm-12",4,2007,41.7266187050359,1,35.4662357070865
"cthm-12",4,2008,45.3237410071942,1,36.7653703124457
"cthm-12",4,2009,46.0431654676259,1,36.6194001320683
"cthm-12",4,2010,42.4460431654677,1,35.8989330274911
"cthm-12",4,2011,33.0935251798562,1,35.0356236749731
"cthm-12",4,2012,26.6187050359713,1,33.8845445382824
"cthm-12",4,2013,23.7410071942447,1,32.5895805095055
"cthm-12",4,2014,22.3021582733813,1,32.4057275918396
"cthm-12",4,2015,22.3021582733813,1,33.2752928092309
"cthm-12",4,2016,22.3021582733813,1,32.8536301393668
"cthm-12",4,2017,20.863309352518,1,31.5875994856289
"cthm-12",4,2018,20.863309352518,1,31.5875994856289
"cthm-12",4,2019,20.863309352518,1,31.442671949397
"cthm-12",4,2020,20.1438848920863,1,33.7987870573107
"cthm-12",4,2021,20.1438848920863,1,33.382120390644
"cthm-12",4,2022,20.1438848920863,1,33.6719754631078
"cthm-12",4,2023,20.1438848920863,1,31.8664199075522
"cthm-12",4,2024,20.1438848920863,1,31.7214923713203
"cthm-12",4,2025,20.1438848920863,1,31.2987870573107
"cthm-12",5,1999,55.072463768116,1,35.8144354081952
"cthm-12",5,2000,55.072463768116,1,35.8144354081952
"cthm-12",5,2001,55.072463768116,1,35.8144354081952
"cthm-12",5,2002,55.072463768116,1,35.6705505161089
"cthm-12",5,2003,53.6231884057972,1,36.5317745803358
"cthm-12",5,2004,43.4782608695653,1,34.358904181003
"cthm-12",5,2005,31.8840579710145,1,31.7522938171202
"cthm-12",5,2006,27.5362318840579,1,30.7388437076426
"cthm-12",5,2007,28.9855072463768,1,35.4662357070865
"cthm-12",5,2008,28.9855072463768,1,36.7653703124457
"cthm-12",5,2009,28.2608695652174,1,36.6194001320683
"cthm-12",5,2010,27.536231884058,1,35.8989330274911
"cthm-12",5,2011,27.536231884058,1,35.0356236749731
"cthm-12",5,2012,27.536231884058,1,33.8845445382824
"cthm-12",5,2013,27.536231884058,1,32.5895805095055
"cthm-12",5,2014,27.536231884058,1,32.4057275918396
"cthm-12",5,2015,27.536231884058,1,33.2752928092309
"cthm-12",5,2016,27.536231884058,1,32.8536301393668
"cthm-12",5,2017,27.536231884058,1,31.5875994856289
"cthm-12",5,2018,27.536231884058,1,31.5875994856289
"cthm-12",5,2019,27.536231884058,1,31.442671949397
"cthm-12",5,2020,27.536231884058,1,33.7987870573107
"cthm-12",5,2021,27.536231884058,1,33.382120390644
"cthm-12",5,2022,27.536231884058,1,33.6719754631078
"cthm-12",5,2023,27.536231884058,1,31.8664199075522
"cthm-12",5,2024,27.536231884058,1,31.7214923713203
"cthm-12",5,2025,27.536231884058,1,31.2987870573107
"cthm-12",6,1999,12.7659574468085,2,48.0222608016132
"cthm-12",6,2000,12.7659574468085,2,49.1828743248607
"cthm-12",6,2001,12.7659574468085,2,49.0400171820035
"cthm-12",6,2002,20.5673758865248,2,49.1373185967455
"cthm-12",6,2003,20.5673758865248,2,48.2614061879864
"cthm-12",6,2004,20.5673758865248,2,48.2614061879864
"cthm-12",6,2005,20.5673758865248,2,48.2614061879864
"cthm-12",6,2006,20.5673758865248,2,48.1195622163552
"cthm-12",6,2007,20.5673758865248,2,48.2574379340182
"cthm-12",6,2008,20.5673758865248,2,49.0907712673515
"cthm-12",6,2009,20.5673758865248,2,48.9408176119234
"cthm-12",6,2010,20.5673758865248,2,48.656116497435
"cthm-12",6,2011,20.5673758865248,2,48.656116497435
"cthm-12",6,2012,20.5673758865248,2,48.656116497435
"cthm-12",6,2013,20.5673758865248,2,48.656116497435
"cthm-12",6,2014,29.7872340425532,2,50.5000881286407
"cthm-12",6,2015,30.4964539007092,2,50.6419321002719
"cthm-12",6,2016,29.7872340425532,2,50.3541027271809
"cthm-12",6,2017,20.5673758865248,2,48.3712422070863
"cthm-12",6,2018,20.5673758865248,2,48.5140993499434
"cthm-12",6,2019,20.5673758865248,2,48.5140993499434
"cthm-12",6,2020,20.5673758865248,2,48.5140993499434
"cthm-12",6,2021,20.5673758865248,2,48.6529882388323
"cthm-12",6,2022,21.2765957446809,2,48.9337210993524
"cthm-12",6,2023,21.2765957446809,2,48.6448785550354
"cthm-12",6,2024,21.2765957446809,2,48.5059896661466
"cthm-12",6,2025,21.2765957446809,2,48.4988931535756
"cthm-12",7,1999,64.2857142857143,2,48.0222608016132
"cthm-12",7,2000,65,2,49.1828743248607
"cthm-12",7,2001,64.2857142857143,2,49.0400171820035
"cthm-12",7,2002,65,2,49.1373185967455
"cthm-12",7,2003,65,2,48.2614061879864
"cthm-12",7,2004,65,2,48.2614061879864
"cthm-12",7,2005,65,2,48.2614061879864
"cthm-12",7,2006,65,2,48.1195622163552
"cthm-12",7,2007,64.2857142857143,2,48.2574379340182
"cthm-12",7,2008,64.2857142857143,2,49.0907712673515
"cthm-12",7,2009,63.5714285714286,2,48.9408176119234
"cthm-12",7,2010,62.8571428571429,2,48.656116497435
"cthm-12",7,2011,62.8571428571429,2,48.656116497435
"cthm-12",7,2012,62.8571428571429,2,48.656116497435
"cthm-12",7,2013,62.8571428571429,2,48.656116497435
"cthm-12",7,2014,62.8571428571429,2,50.5000881286407
"cthm-12",7,2015,62.8571428571429,2,50.6419321002719
"cthm-12",7,2016,62.8571428571429,2,50.3541027271809
"cthm-12",7,2017,62.8571428571429,2,48.3712422070863
"cthm-12",7,2018,63.5714285714286,2,48.5140993499434
"cthm-12",7,2019,63.5714285714286,2,48.5140993499434
"cthm-12",7,2020,63.5714285714286,2,48.5140993499434
"cthm-12",7,2021,63.5714285714286,2,48.6529882388323
"cthm-12",7,2022,63.5714285714286,2,48.9337210993524
"cthm-12",7,2023,62.8571428571429,2,48.6448785550354
"cthm-12",7,2024,62.8571428571429,2,48.5059896661466
"cthm-12",7,2025,62.8571428571429,2,48.4988931535756
"cthm-12",8,1999,53.4722222222222,2,48.0222608016132
"cthm-12",8,2000,53.4722222222222,2,49.1828743248607
"cthm-12",8,2001,53.4722222222222,2,49.0400171820035
"cthm-12",8,2002,53.4722222222222,2,49.1373185967455
"cthm-12",8,2003,53.4722222222222,2,48.2614061879864
"cthm-12",8,2004,53.4722222222222,2,48.2614061879864
"cthm-12",8,2005,53.4722222222222,2,48.2614061879864
"cthm-12",8,2006,53.4722222222222,2,48.1195622163552
"cthm-12",8,2007,54.1666666666667,2,48.2574379340182
"cthm-12",8,2008,58.3333333333333,2,49.0907712673515
"cthm-12",8,2009,59.0277777777778,2,48.9408176119234
"cthm-12",8,2010,59.0277777777778,2,48.656116497435
"cthm-12",8,2011,59.0277777777778,2,48.656116497435
"cthm-12",8,2012,59.0277777777778,2,48.656116497435
"cthm-12",8,2013,59.0277777777778,2,48.656116497435
"cthm-12",8,2014,59.0277777777778,2,50.5000881286407
"cthm-12",8,2015,59.0277777777778,2,50.6419321002719
"cthm-12",8,2016,59.0277777777778,2,50.3541027271809
"cthm-12",8,2017,58.3333333333333,2,48.3712422070863
"cthm-12",8,2018,58.3333333333333,2,48.5140993499434
"cthm-12",8,2019,58.3333333333333,2,48.5140993499434
"cthm-12",8,2020,58.3333333333333,2,48.5140993499434
"cthm-12",8,2021,59.0277777777778,2,48.6529882388323
"cthm-12",8,2022,59.7222222222222,2,48.9337210993524
"cthm-12",8,2023,59.7222222222222,2,48.6448785550354
"cthm-12",8,2024,59.0277777777778,2,48.5059896661466
"cthm-12",8,2025,59.7222222222222,2,48.4988931535756
"cthm-12",9,1999,71.6312056737589,2,48.0222608016132
"cthm-12",9,2000,72.3404255319149,2,49.1828743248607
"cthm-12",9,2001,72.3404255319149,2,49.0400171820035
"cthm-12",9,2002,72.3404255319149,2,49.1373185967455
"cthm-12",9,2003,72.3404255319149,2,48.2614061879864
"cthm-12",9,2004,72.3404255319149,2,48.2614061879864
"cthm-12",9,2005,72.3404255319149,2,48.2614061879864
"cthm-12",9,2006,71.6312056737589,2,48.1195622163552
"cthm-12",9,2007,72.3404255319149,2,48.2574379340182
"cthm-12",9,2008,72.3404255319149,2,49.0907712673515
"cthm-12",9,2009,72.3404255319149,2,48.9408176119234
"cthm-12",9,2010,71.6312056737589,2,48.656116497435
"cthm-12",9,2011,71.6312056737589,2,48.656116497435
"cthm-12",9,2012,71.6312056737589,2,48.656116497435
"cthm-12",9,2013,71.6312056737589,2,48.656116497435
"cthm-12",9,2014,71.6312056737589,2,50.5000881286407
"cthm-12",9,2015,71.6312056737589,2,50.6419321002719
"cthm-12",9,2016,71.6312056737589,2,50.3541027271809
"cthm-12",9,2017,71.6312056737589,2,48.3712422070863
"cthm-12",9,2018,71.6312056737589,2,48.5140993499434
"cthm-12",9,2019,71.6312056737589,2,48.5140993499434
"cthm-12",9,2020,71.6312056737589,2,48.5140993499434
"cthm-12",9,2021,71.6312056737589,2,48.6529882388323
"cthm-12",9,2022,71.6312056737589,2,48.9337210993524
"cthm-12",9,2023,71.6312056737589,2,48.6448785550354
"cthm-12",9,2024,71.6312056737589,2,48.5059896661466
"cthm-12",9,2025,71.6312056737589,2,48.4988931535756
"cthm-12",10,1999,37.956204379562,2,48.0222608016132
"cthm-12",10,2000,42.3357664233577,2,49.1828743248607
"cthm-12",10,2001,42.3357664233577,2,49.0400171820035
"cthm-12",10,2002,34.3065693430657,2,49.1373185967455
"cthm-12",10,2003,29.9270072992701,2,48.2614061879864
"cthm-12",10,2004,29.9270072992701,2,48.2614061879864
"cthm-12",10,2005,29.9270072992701,2,48.2614061879864
"cthm-12",10,2006,29.9270072992701,2,48.1195622163552
"cthm-12",10,2007,29.9270072992701,2,48.2574379340182
"cthm-12",10,2008,29.9270072992701,2,49.0907712673515
"cthm-12",10,2009,29.1970802919708,2,48.9408176119234
"cthm-12",10,2010,29.1970802919708,2,48.656116497435
"cthm-12",10,2011,29.1970802919708,2,48.656116497435
"cthm-12",10,2012,29.1970802919708,2,48.656116497435
"cthm-12",10,2013,29.1970802919708,2,48.656116497435
"cthm-12",10,2014,29.1970802919708,2,50.5000881286407
"cthm-12",10,2015,29.1970802919708,2,50.6419321002719
"cthm-12",10,2016,28.4671532846715,2,50.3541027271809
"cthm-12",10,2017,28.4671532846715,2,48.3712422070863
"cthm-12",10,2018,28.4671532846715,2,48.5140993499434
"cthm-12",10,2019,28.4671532846715,2,48.5140993499434
"cthm-12",10,2020,28.4671532846715,2,48.5140993499434
"cthm-12",10,2021,28.4671532846715,2,48.6529882388323
"cthm-12",10,2022,28.4671532846715,2,48.9337210993524
"cthm-12",10,2023,27.7372262773723,2,48.6448785550354
"cthm-12",10,2024,27.7372262773723,2,48.5059896661466
"cthm-12",10,2025,27.007299270073,2,48.4988931535756
"cthm-12",11,1999,7.9136690647482,3,48.3164089846136
"cthm-12",11,2000,7.9136690647482,3,48.3164089846136
"cthm-12",11,2001,7.9136690647482,3,48.1352495643237
"cthm-12",11,2002,7.9136690647482,3,48.3164089846136
"cthm-12",11,2003,7.9136690647482,3,48.1352495643237
"cthm-12",11,2004,7.9136690647482,3,48.1352495643237
"cthm-12",11,2005,7.9136690647482,3,48.1352495643237
"cthm-12",11,2006,7.9136690647482,3,47.9540901440338
"cthm-12",11,2007,8.63309352517986,3,47.9527868388519
"cthm-12",11,2008,8.63309352517986,3,48.1313582674233
"cthm-12",11,2009,8.63309352517986,3,48.1313582674233
"cthm-12",11,2010,8.63309352517986,3,48.1313582674233
"cthm-12",11,2011,8.63309352517986,3,48.1313582674233
"cthm-12",11,2012,8.63309352517986,3,48.1313582674233
"cthm-12",11,2013,8.63309352517986,3,48.1313582674233
"cthm-12",11,2014,8.63309352517986,3,48.1313582674233
"cthm-12",11,2015,8.63309352517986,3,47.9501988471335
"cthm-12",11,2016,8.63309352517986,3,47.9501988471335
"cthm-12",11,2017,8.63309352517986,3,48.1313582674233
"cthm-12",11,2018,8.63309352517986,3,47.9527868388519
"cthm-12",11,2019,8.63309352517986,3,52.0521657208395
"cthm-12",11,2020,8.63309352517986,3,52.0521657208395
"cthm-12",11,2021,8.63309352517986,3,51.1644845614192
"cthm-12",11,2022,8.63309352517986,3,49.1976108554151
"cthm-12",11,2023,18.7050359712231,3,49.7513107526402
"cthm-12",11,2024,17.9856115107914,3,49.0383283435364
"cthm-12",11,2025,15.8273381294964,3,48.3227765613596
"cthm-12",12,1999,74.6376811594203,3,48.3164089846136
"cthm-12",12,2000,74.6376811594203,3,48.3164089846136
"cthm-12",12,2001,73.9130434782609,3,48.1352495643237
"cthm-12",12,2002,74.6376811594203,3,48.3164089846136
"cthm-12",12,2003,73.9130434782609,3,48.1352495643237
"cthm-12",12,2004,73.9130434782609,3,48.1352495643237
"cthm-12",12,2005,73.9130434782609,3,48.1352495643237
"cthm-12",12,2006,73.1884057971015,3,47.9540901440338
"cthm-12",12,2007,72.463768115942,3,47.9527868388519
"cthm-12",12,2008,72.463768115942,3,48.1313582674233
"cthm-12",12,2009,72.463768115942,3,48.1313582674233
"cthm-12",12,2010,72.463768115942,3,48.1313582674233
"cthm-12",12,2011,72.463768115942,3,48.1313582674233
"cthm-12",12,2012,72.463768115942,3,48.1313582674233
"cthm-12",12,2013,72.463768115942,3,48.1313582674233
"cthm-12",12,2014,72.463768115942,3,48.1313582674233
"cthm-12",12,2015,71.7391304347826,3,47.9501988471335
"cthm-12",12,2016,71.7391304347826,3,47.9501988471335
"cthm-12",12,2017,72.463768115942,3,48.1313582674233
"cthm-12",12,2018,72.463768115942,3,47.9527868388519
"cthm-12",12,2019,70.2898550724638,3,52.0521657208395
"cthm-12",12,2020,70.2898550724638,3,52.0521657208395
"cthm-12",12,2021,71.7391304347826,3,51.1644845614192
"cthm-12",12,2022,71.0144927536232,3,49.1976108554151
"cthm-12",12,2023,71.0144927536232,3,49.7513107526402
"cthm-12",12,2024,71.7391304347826,3,49.0383283435364
"cthm-12",12,2025,72.463768115942,3,48.3227765613596
"cthm-12",13,1999,60,3,48.3164089846136
"cthm-12",13,2000,60,3,48.3164089846136
"cthm-12",13,2001,60,3,48.1352495643237
"cthm-12",13,2002,60.7142857142857,3,48.3164089846136
"cthm-12",13,2003,60.7142857142857,3,48.1352495643237
"cthm-12",13,2004,60.7142857142857,3,48.1352495643237
"cthm-12",13,2005,60.7142857142857,3,48.1352495643237
"cthm-12",13,2006,60.7142857142857,3,47.9540901440338
"cthm-12",13,2007,60.7142857142857,3,47.9527868388519
"cthm-12",13,2008,61.4285714285714,3,48.1313582674233
"cthm-12",13,2009,61.4285714285714,3,48.1313582674233
"cthm-12",13,2010,61.4285714285714,3,48.1313582674233
"cthm-12",13,2011,61.4285714285714,3,48.1313582674233
"cthm-12",13,2012,61.4285714285714,3,48.1313582674233
"cthm-12",13,2013,61.4285714285714,3,48.1313582674233
"cthm-12",13,2014,61.4285714285714,3,48.1313582674233
"cthm-12",13,2015,61.4285714285714,3,47.9501988471335
"cthm-12",13,2016,61.4285714285714,3,47.9501988471335
"cthm-12",13,2017,61.4285714285714,3,48.1313582674233
"cthm-12",13,2018,61.4285714285714,3,47.9527868388519
"cthm-12",13,2019,80,3,52.0521657208395
"cthm-12",13,2020,80,3,52.0521657208395
"cthm-12",13,2021,75,3,51.1644845614192
"cthm-12",13,2022,67.8571428571429,3,49.1976108554151
"cthm-12",13,2023,60,3,49.7513107526402
"cthm-12",13,2024,57.1428571428572,3,49.0383283435364
"cthm-12",13,2025,55.7142857142857,3,48.3227765613596
"cthm-12",15,1999,50.7142857142857,3,48.3164089846136
"cthm-12",15,2000,50.7142857142857,3,48.3164089846136
"cthm-12",15,2001,50.7142857142857,3,48.1352495643237
"cthm-12",15,2002,50,3,48.3164089846136
"cthm-12",15,2003,50,3,48.1352495643237
"cthm-12",15,2004,50,3,48.1352495643237
"cthm-12",15,2005,50,3,48.1352495643237
"cthm-12",15,2006,50,3,47.9540901440338
"cthm-12",15,2007,50,3,47.9527868388519
"cthm-12",15,2008,50,3,48.1313582674233
"cthm-12",15,2009,50,3,48.1313582674233
"cthm-12",15,2010,50,3,48.1313582674233
"cthm-12",15,2011,50,3,48.1313582674233
"cthm-12",15,2012,50,3,48.1313582674233
"cthm-12",15,2013,50,3,48.1313582674233
"cthm-12",15,2014,50,3,48.1313582674233
"cthm-12",15,2015,50,3,47.9501988471335
"cthm-12",15,2016,50,3,47.9501988471335
"cthm-12",15,2017,50,3,48.1313582674233
"cthm-12",15,2018,49.2857142857143,3,47.9527868388519
"cthm-12",15,2019,49.2857142857143,3,52.0521657208395
"cthm-12",15,2020,49.2857142857143,3,52.0521657208395
"cthm-12",15,2021,49.2857142857143,3,51.1644845614192
"cthm-12",15,2022,49.2857142857143,3,49.1976108554151
"cthm-12",15,2023,49.2857142857143,3,49.7513107526402
"cthm-12",15,2024,49.2857142857143,3,49.0383283435364
"cthm-12",15,2025,49.2857142857143,3,48.3227765613596
"cthm-12",16,1999,9.28571428571429,4,33.5051759834369
"cthm-12",16,2000,9.28571428571429,4,32.9337474120083
"cthm-12",16,2001,9.28571428571429,4,33.2236024844721
"cthm-12",16,2002,9.28571428571429,4,33.9378881987578
"cthm-12",16,2003,16.4285714285714,4,37.8281573498965
"cthm-12",16,2004,15.7142857142857,4,37.8281573498965
"cthm-12",16,2005,15.7142857142857,4,37.5424430641822
"cthm-12",16,2006,12.8571428571429,4,35.6666666666667
"cthm-12",16,2007,10.7142857142857,4,34.368530020704
"cthm-12",16,2008,9.28571428571429,4,33.6521739130435
"cthm-12",16,2009,9.28571428571429,4,33.6521739130435
"cthm-12",16,2010,9.28571428571429,4,33.6521739130435
"cthm-12",16,2011,9.28571428571429,4,33.6521739130435
"cthm-12",16,2012,9.28571428571429,4,33.6521739130435
"cthm-12",16,2013,9.28571428571429,4,33.5093167701863
"cthm-12",16,2014,7.85714285714286,4,34.3664596273292
"cthm-12",16,2015,7.85714285714286,4,34.2236024844721
"cthm-12",16,2016,7.85714285714286,4,33.7908902691511
"cthm-12",16,2017,7.85714285714286,4,33.648033126294
"cthm-12",16,2018,7.85714285714286,4,33.3623188405797
"cthm-12",16,2019,7.85714285714286,4,32.9316770186335
"cthm-12",16,2020,7.85714285714286,4,32.9316770186335
"cthm-12",16,2021,7.14285714285714,4,32.7888198757764
"cthm-12",16,2022,7.14285714285714,4,33.3623188405797
"cthm-12",16,2023,7.14285714285714,4,34.3581780538302
"cthm-12",16,2024,30,4,38.7867494824017
"cthm-12",16,2025,32.1428571428571,4,39.072463768116
"cthm-12",17,1999,48.5507246376812,4,33.5051759834369
"cthm-12",17,2000,48.5507246376812,4,32.9337474120083
"cthm-12",17,2001,48.5507246376812,4,33.2236024844721
"cthm-12",17,2002,48.5507246376812,4,33.9378881987578
"cthm-12",17,2003,60.1449275362319,4,37.8281573498965
"cthm-12",17,2004,60.1449275362319,4,37.8281573498965
"cthm-12",17,2005,60.1449275362319,4,37.5424430641822
"cthm-12",17,2006,54.3478260869565,4,35.6666666666667
"cthm-12",17,2007,49.2753623188406,4,34.368530020704
"cthm-12",17,2008,48.5507246376812,4,33.6521739130435
"cthm-12",17,2009,48.5507246376812,4,33.6521739130435
"cthm-12",17,2010,48.5507246376812,4,33.6521739130435
"cthm-12",17,2011,48.5507246376812,4,33.6521739130435
"cthm-12",17,2012,48.5507246376812,4,33.6521739130435
"cthm-12",17,2013,48.5507246376812,4,33.5093167701863
"cthm-12",17,2014,48.5507246376812,4,34.3664596273292
"cthm-12",17,2015,48.5507246376812,4,34.2236024844721
"cthm-12",17,2016,47.8260869565217,4,33.7908902691511
"cthm-12",17,2017,47.8260869565217,4,33.648033126294
"cthm-12",17,2018,47.8260869565217,4,33.3623188405797
"cthm-12",17,2019,47.1014492753623,4,32.9316770186335
"cthm-12",17,2020,47.1014492753623,4,32.9316770186335
"cthm-12",17,2021,47.1014492753623,4,32.7888198757764
"cthm-12",17,2022,47.8260869565217,4,33.3623188405797
"cthm-12",17,2023,46.3768115942029,4,34.3581780538302
"cthm-12",17,2024,46.3768115942029,4,38.7867494824017
"cthm-12",17,2025,46.3768115942029,4,39.072463768116
"cthm-12",18,1999,28.2608695652174,4,33.5051759834369
"cthm-12",18,2000,28.2608695652174,4,32.9337474120083
"cthm-12",18,2001,29.7101449275362,4,33.2236024844721
"cthm-12",18,2002,29.7101449275362,4,33.9378881987578
"cthm-12",18,2003,29.7101449275362,4,37.8281573498965
"cthm-12",18,2004,29.7101449275362,4,37.8281573498965
"cthm-12",18,2005,29.7101449275362,4,37.5424430641822
"cthm-12",18,2006,28.9855072463768,4,35.6666666666667
"cthm-12",18,2007,29.7101449275362,4,34.368530020704
"cthm-12",18,2008,29.7101449275362,4,33.6521739130435
"cthm-12",18,2009,29.7101449275362,4,33.6521739130435
"cthm-12",18,2010,29.7101449275362,4,33.6521739130435
"cthm-12",18,2011,29.7101449275362,4,33.6521739130435
"cthm-12",18,2012,29.7101449275362,4,33.6521739130435
"cthm-12",18,2013,29.7101449275362,4,33.5093167701863
"cthm-12",18,2014,29.7101449275362,4,34.3664596273292
"cthm-12",18,2015,29.7101449275362,4,34.2236024844721
"cthm-12",18,2016,28.9855072463768,4,33.7908902691511
"cthm-12",18,2017,28.9855072463768,4,33.648033126294
"cthm-12",18,2018,28.9855072463768,4,33.3623188405797
"cthm-12",18,2019,28.9855072463768,4,32.9316770186335
"cthm-12",18,2020,28.9855072463768,4,32.9316770186335
"cthm-12",18,2021,28.9855072463768,4,32.7888198757764
"cthm-12",18,2022,28.9855072463768,4,33.3623188405797
"cthm-12",18,2023,28.9855072463768,4,34.3581780538302
"cthm-12",18,2024,28.9855072463768,4,38.7867494824017
"cthm-12",18,2025,28.9855072463768,4,39.072463768116
"cthm-12",19,1999,30,4,33.5051759834369
"cthm-12",19,2000,27.8571428571429,4,32.9337474120083
"cthm-12",19,2001,27.8571428571429,4,33.2236024844721
"cthm-12",19,2002,27.8571428571429,4,33.9378881987578
"cthm-12",19,2003,27.8571428571429,4,37.8281573498965
"cthm-12",19,2004,27.8571428571429,4,37.8281573498965
"cthm-12",19,2005,27.8571428571429,4,37.5424430641822
"cthm-12",19,2006,27.8571428571429,4,35.6666666666667
"cthm-12",19,2007,27.8571428571429,4,34.368530020704
"cthm-12",19,2008,26.4285714285714,4,33.6521739130435
"cthm-12",19,2009,26.4285714285714,4,33.6521739130435
"cthm-12",19,2010,26.4285714285714,4,33.6521739130435
"cthm-12",19,2011,26.4285714285714,4,33.6521739130435
"cthm-12",19,2012,26.4285714285714,4,33.6521739130435
"cthm-12",19,2013,26.4285714285714,4,33.5093167701863
"cthm-12",19,2014,32.1428571428571,4,34.3664596273292
"cthm-12",19,2015,31.4285714285714,4,34.2236024844721
"cthm-12",19,2016,30.7142857142857,4,33.7908902691511
"cthm-12",19,2017,30,4,33.648033126294
"cthm-12",19,2018,27.8571428571428,4,33.3623188405797
"cthm-12",19,2019,26.4285714285714,4,32.9316770186335
"cthm-12",19,2020,26.4285714285714,4,32.9316770186335
"cthm-12",19,2021,26.4285714285714,4,32.7888198757764
"cthm-12",19,2022,28.5714285714285,4,33.3623188405797
"cthm-12",19,2023,35,4,34.3581780538302
"cthm-12",19,2024,34.2857142857143,4,38.7867494824017
"cthm-12",19,2025,33.5714285714286,4,39.072463768116
"cthm-12",20,1999,51.4285714285714,4,33.5051759834369
"cthm-12",20,2000,50.7142857142857,4,32.9337474120083
"cthm-12",20,2001,50.7142857142857,4,33.2236024844721
"cthm-12",20,2002,54.2857142857143,4,33.9378881987578
"cthm-12",20,2003,55,4,37.8281573498965
"cthm-12",20,2004,55.7142857142857,4,37.8281573498965
"cthm-12",20,2005,54.2857142857143,4,37.5424430641822
"cthm-12",20,2006,54.2857142857143,4,35.6666666666667
"cthm-12",20,2007,54.2857142857143,4,34.368530020704
"cthm-12",20,2008,54.2857142857143,4,33.6521739130435
"cthm-12",20,2009,54.2857142857143,4,33.6521739130435
"cthm-12",20,2010,54.2857142857143,4,33.6521739130435
"cthm-12",20,2011,54.2857142857143,4,33.6521739130435
"cthm-12",20,2012,54.2857142857143,4,33.6521739130435
"cthm-12",20,2013,53.5714285714286,4,33.5093167701863
"cthm-12",20,2014,53.5714285714286,4,34.3664596273292
"cthm-12",20,2015,53.5714285714286,4,34.2236024844721
"cthm-12",20,2016,53.5714285714286,4,33.7908902691511
"cthm-12",20,2017,53.5714285714286,4,33.648033126294
"cthm-12",20,2018,54.2857142857143,4,33.3623188405797
"cthm-12",20,2019,54.2857142857143,4,32.9316770186335
"cthm-12",20,2020,54.2857142857143,4,32.9316770186335
"cthm-12",20,2021,54.2857142857143,4,32.7888198757764
"cthm-12",20,2022,54.2857142857143,4,33.3623188405797
"cthm-12",20,2023,54.2857142857143,4,34.3581780538302
"cthm-12",20,2024,54.2857142857143,4,38.7867494824017
"cthm-12",20,2025,54.2857142857143,4,39.072463768116
"cthm-13",1,1999,68.0555555555556,1,53.334462864491
"cthm-13",1,2000,68.0555555555556,1,53.2016126229451
"cthm-13",1,2001,68.0555555555556,1,53.3454975150315
"cthm-13",1,2002,68.0555555555556,1,53.3454975150315
"cthm-13",1,2003,68.0555555555556,1,53.3454975150315
"cthm-13",1,2004,68.0555555555556,1,54.7343864039204
"cthm-13",1,2005,68.0555555555556,1,54.7343864039204
"cthm-13",1,2006,67.3611111111111,1,55.0302801237271
"cthm-13",1,2007,67.3611111111111,1,55.0302801237271
"cthm-13",1,2008,67.3611111111111,1,55.0242414763841
"cthm-13",1,2009,67.3611111111111,1,55.0242414763841
"cthm-13",1,2010,67.3611111111111,1,55.1681263684704
"cthm-13",1,2011,67.3611111111111,1,55.0242414763841
"cthm-13",1,2012,67.3611111111111,1,54.7364716922114
"cthm-13",1,2013,67.3611111111111,1,54.7364716922114
"cthm-13",1,2014,67.3611111111111,1,54.7364716922114
"cthm-13",1,2015,67.3611111111111,1,54.7364716922114
"cthm-13",1,2016,67.3611111111111,1,54.5925868001251
"cthm-13",1,2017,67.3611111111111,1,54.737514336357
"cthm-13",1,2018,67.3611111111111,1,54.8824418725889
"cthm-13",1,2019,67.3611111111111,1,54.8824418725889
"cthm-13",1,2020,66.6666666666667,1,54.7435529837
"cthm-13",1,2021,66.6666666666667,1,54.3098130191499
"cthm-13",1,2022,66.6666666666667,1,54.3108556632955
"cthm-13",1,2023,66.6666666666667,1,54.1659281270636
"cthm-13",1,2024,66.6666666666667,1,54.4557831995274
"cthm-13",1,2025,66.6666666666667,1,54.6007107357592
"cthm-13",2,1999,63.0434782608696,1,53.334462864491
"cthm-13",2,2000,63.768115942029,1,53.2016126229451
"cthm-13",2,2001,63.768115942029,1,53.3454975150315
"cthm-13",2,2002,63.768115942029,1,53.3454975150315
"cthm-13",2,2003,63.768115942029,1,53.3454975150315
"cthm-13",2,2004,63.768115942029,1,54.7343864039204
"cthm-13",2,2005,63.768115942029,1,54.7343864039204
"cthm-13",2,2006,65.9420289855072,1,55.0302801237271
"cthm-13",2,2007,65.9420289855072,1,55.0302801237271
"cthm-13",2,2008,65.2173913043478,1,55.0242414763841
"cthm-13",2,2009,65.2173913043478,1,55.0242414763841
"cthm-13",2,2010,65.2173913043478,1,55.1681263684704
"cthm-13",2,2011,65.2173913043478,1,55.0242414763841
"cthm-13",2,2012,65.2173913043478,1,54.7364716922114
"cthm-13",2,2013,65.2173913043478,1,54.7364716922114
"cthm-13",2,2014,65.2173913043478,1,54.7364716922114
"cthm-13",2,2015,65.2173913043478,1,54.7364716922114
"cthm-13",2,2016,65.2173913043478,1,54.5925868001251
"cthm-13",2,2017,65.9420289855072,1,54.737514336357
"cthm-13",2,2018,65.9420289855072,1,54.8824418725889
"cthm-13",2,2019,65.9420289855072,1,54.8824418725889
"cthm-13",2,2020,65.9420289855072,1,54.7435529837
"cthm-13",2,2021,65.2173913043478,1,54.3098130191499
"cthm-13",2,2022,65.9420289855072,1,54.3108556632955
"cthm-13",2,2023,65.2173913043478,1,54.1659281270636
"cthm-13",2,2024,66.6666666666667,1,54.4557831995274
"cthm-13",2,2025,67.3913043478261,1,54.6007107357592
"cthm-13",3,1999,57.5539568345324,1,53.334462864491
"cthm-13",3,2000,57.5539568345324,1,53.2016126229451
"cthm-13",3,2001,58.273381294964,1,53.3454975150315
"cthm-13",3,2002,58.273381294964,1,53.3454975150315
"cthm-13",3,2003,58.273381294964,1,53.3454975150315
"cthm-13",3,2004,58.273381294964,1,54.7343864039204
"cthm-13",3,2005,58.273381294964,1,54.7343864039204
"cthm-13",3,2006,58.273381294964,1,55.0302801237271
"cthm-13",3,2007,58.273381294964,1,55.0302801237271
"cthm-13",3,2008,58.273381294964,1,55.0242414763841
"cthm-13",3,2009,58.273381294964,1,55.0242414763841
"cthm-13",3,2010,58.9928057553957,1,55.1681263684704
"cthm-13",3,2011,58.2733812949641,1,55.0242414763841
"cthm-13",3,2012,56.8345323741007,1,54.7364716922114
"cthm-13",3,2013,56.8345323741007,1,54.7364716922114
"cthm-13",3,2014,56.8345323741007,1,54.7364716922114
"cthm-13",3,2015,56.8345323741007,1,54.7364716922114
"cthm-13",3,2016,56.1151079136691,1,54.5925868001251
"cthm-13",3,2017,56.1151079136691,1,54.737514336357
"cthm-13",3,2018,56.1151079136691,1,54.8824418725889
"cthm-13",3,2019,56.1151079136691,1,54.8824418725889
"cthm-13",3,2020,56.1151079136691,1,54.7435529837
"cthm-13",3,2021,55.3956834532374,1,54.3098130191499
"cthm-13",3,2022,54.6762589928058,1,54.3108556632955
"cthm-13",3,2023,54.6762589928058,1,54.1659281270636
"cthm-13",3,2024,54.6762589928058,1,54.4557831995274
"cthm-13",3,2025,54.6762589928058,1,54.6007107357592
"cthm-13",4,1999,72.2222222222222,1,53.334462864491
"cthm-13",4,2000,70.8333333333333,1,53.2016126229451
"cthm-13",4,2001,70.8333333333333,1,53.3454975150315
"cthm-13",4,2002,70.8333333333333,1,53.3454975150315
"cthm-13",4,2003,70.8333333333333,1,53.3454975150315
"cthm-13",4,2004,77.7777777777778,1,54.7343864039204
"cthm-13",4,2005,77.7777777777778,1,54.7343864039204
"cthm-13",4,2006,77.7777777777778,1,55.0302801237271
"cthm-13",4,2007,77.7777777777778,1,55.0302801237271
"cthm-13",4,2008,78.4722222222222,1,55.0242414763841
"cthm-13",4,2009,78.4722222222222,1,55.0242414763841
"cthm-13",4,2010,78.4722222222222,1,55.1681263684704
"cthm-13",4,2011,78.4722222222222,1,55.0242414763841
"cthm-13",4,2012,78.4722222222222,1,54.7364716922114
"cthm-13",4,2013,78.4722222222222,1,54.7364716922114
"cthm-13",4,2014,78.4722222222222,1,54.7364716922114
"cthm-13",4,2015,78.4722222222222,1,54.7364716922114
"cthm-13",4,2016,78.4722222222222,1,54.5925868001251
"cthm-13",4,2017,78.4722222222222,1,54.737514336357
"cthm-13",4,2018,78.4722222222222,1,54.8824418725889
"cthm-13",4,2019,78.4722222222222,1,54.8824418725889
"cthm-13",4,2020,78.4722222222222,1,54.7435529837
"cthm-13",4,2021,78.4722222222222,1,54.3098130191499
"cthm-13",4,2022,78.4722222222222,1,54.3108556632955
"cthm-13",4,2023,78.4722222222222,1,54.1659281270636
"cthm-13",4,2024,78.4722222222222,1,54.4557831995274
"cthm-13",4,2025,78.4722222222222,1,54.6007107357592
"cthm-13",5,1999,5.79710144927536,1,53.334462864491
"cthm-13",5,2000,5.79710144927536,1,53.2016126229451
"cthm-13",5,2001,5.79710144927536,1,53.3454975150315
"cthm-13",5,2002,5.79710144927536,1,53.3454975150315
"cthm-13",5,2003,5.79710144927536,1,53.3454975150315
"cthm-13",5,2004,5.79710144927536,1,54.7343864039204
"cthm-13",5,2005,5.79710144927536,1,54.7343864039204
"cthm-13",5,2006,5.79710144927536,1,55.0302801237271
"cthm-13",5,2007,5.79710144927536,1,55.0302801237271
"cthm-13",5,2008,5.79710144927536,1,55.0242414763841
"cthm-13",5,2009,5.79710144927536,1,55.0242414763841
"cthm-13",5,2010,5.79710144927536,1,55.1681263684704
"cthm-13",5,2011,5.79710144927536,1,55.0242414763841
"cthm-13",5,2012,5.79710144927536,1,54.7364716922114
"cthm-13",5,2013,5.79710144927536,1,54.7364716922114
"cthm-13",5,2014,5.79710144927536,1,54.7364716922114
"cthm-13",5,2015,5.79710144927536,1,54.7364716922114
"cthm-13",5,2016,5.79710144927536,1,54.5925868001251
"cthm-13",5,2017,5.79710144927536,1,54.737514336357
"cthm-13",5,2018,6.52173913043478,1,54.8824418725889
"cthm-13",5,2019,6.52173913043478,1,54.8824418725889
"cthm-13",5,2020,6.52173913043478,1,54.7435529837
"cthm-13",5,2021,5.79710144927536,1,54.3098130191499
"cthm-13",5,2022,5.79710144927536,1,54.3108556632955
"cthm-13",5,2023,5.79710144927536,1,54.1659281270636
"cthm-13",5,2024,5.79710144927536,1,54.4557831995274
"cthm-13",5,2025,5.79710144927536,1,54.6007107357592
"cthm-13",6,1999,19.2857142857143,2,10.4644916285816
"cthm-13",6,2000,19.2857142857143,2,10.4644916285816
"cthm-13",6,2001,19.2857142857143,2,10.4644916285816
"cthm-13",6,2002,17.8571428571429,2,9.98830115239117
"cthm-13",6,2003,17.8571428571429,2,9.98830115239117
"cthm-13",6,2004,17.8571428571429,2,9.98830115239117
"cthm-13",6,2005,18.5714285714286,2,10.9356162486424
"cthm-13",6,2006,18.5714285714286,2,10.9356162486424
"cthm-13",6,2007,22.1428571428572,2,12.1260924391186
"cthm-13",6,2008,22.1428571428571,2,12.1260924391186
"cthm-13",6,2009,18.5714285714285,2,15.7351808522786
"cthm-13",6,2010,17.8571428571428,2,15.4970856141834
"cthm-13",6,2011,17.1428571428571,2,15.019182222611
"cthm-13",6,2012,17.1428571428571,2,13.3405251482704
"cthm-13",6,2013,17.1428571428571,2,10.2230191530666
"cthm-13",6,2014,17.1428571428571,2,10.2230191530666
"cthm-13",6,2015,16.4285714285714,2,9.98492391497136
"cthm-13",6,2016,16.4285714285714,2,9.98492391497136
"cthm-13",6,2017,16.4285714285714,2,9.98492391497136
"cthm-13",6,2018,16.4285714285714,2,9.98492391497136
"cthm-13",6,2019,16.4285714285714,2,9.98492391497136
"cthm-13",6,2020,16.4285714285714,2,9.98492391497136
"cthm-13",6,2021,22.8571428571428,2,11.8913744384432
"cthm-13",6,2022,22.8571428571428,2,11.8913744384432
"cthm-13",6,2023,16.4285714285714,2,9.74851729558601
"cthm-13",6,2024,19.2857142857143,2,10.700898247967
"cthm-13",6,2025,17.1428571428571,2,9.75020591429591
"cthm-13",7,1999,8.51063829787234,2,10.4644916285816
"cthm-13",7,2000,8.51063829787234,2,10.4644916285816
"cthm-13",7,2001,8.51063829787234,2,10.4644916285816
"cthm-13",7,2002,8.51063829787234,2,9.98830115239117
"cthm-13",7,2003,8.51063829787234,2,9.98830115239117
"cthm-13",7,2004,8.51063829787234,2,9.98830115239117
"cthm-13",7,2005,10.6382978723404,2,10.9356162486424
"cthm-13",7,2006,10.6382978723404,2,10.9356162486424
"cthm-13",7,2007,10.6382978723404,2,12.1260924391186
"cthm-13",7,2008,10.6382978723404,2,12.1260924391186
"cthm-13",7,2009,9.9290780141844,2,15.7351808522786
"cthm-13",7,2010,9.9290780141844,2,15.4970856141834
"cthm-13",7,2011,9.9290780141844,2,15.019182222611
"cthm-13",7,2012,9.9290780141844,2,13.3405251482704
"cthm-13",7,2013,9.9290780141844,2,10.2230191530666
"cthm-13",7,2014,9.9290780141844,2,10.2230191530666
"cthm-13",7,2015,9.9290780141844,2,9.98492391497136
"cthm-13",7,2016,9.9290780141844,2,9.98492391497136
"cthm-13",7,2017,9.9290780141844,2,9.98492391497136
"cthm-13",7,2018,9.9290780141844,2,9.98492391497136
"cthm-13",7,2019,9.9290780141844,2,9.98492391497136
"cthm-13",7,2020,9.9290780141844,2,9.98492391497136
"cthm-13",7,2021,9.21985815602837,2,11.8913744384432
"cthm-13",7,2022,9.21985815602837,2,11.8913744384432
"cthm-13",7,2023,9.21985815602837,2,9.74851729558601
"cthm-13",7,2024,9.21985815602837,2,10.700898247967
"cthm-13",7,2025,8.51063829787234,2,9.75020591429591
"cthm-13",8,1999,3.59712230215827,2,10.4644916285816
"cthm-13",8,2000,3.59712230215827,2,10.4644916285816
"cthm-13",8,2001,3.59712230215827,2,10.4644916285816
"cthm-13",8,2002,3.59712230215827,2,9.98830115239117
"cthm-13",8,2003,3.59712230215827,2,9.98830115239117
"cthm-13",8,2004,3.59712230215827,2,9.98830115239117
"cthm-13",8,2005,3.59712230215827,2,10.9356162486424
"cthm-13",8,2006,3.59712230215827,2,10.9356162486424
"cthm-13",8,2007,3.59712230215827,2,12.1260924391186
"cthm-13",8,2008,3.59712230215827,2,12.1260924391186
"cthm-13",8,2009,18.705035971223,2,15.7351808522786
"cthm-13",8,2010,18.705035971223,2,15.4970856141834
"cthm-13",8,2011,17.9856115107914,2,15.019182222611
"cthm-13",8,2012,12.9496402877698,2,13.3405251482704
"cthm-13",8,2013,3.59712230215827,2,10.2230191530666
"cthm-13",8,2014,3.59712230215827,2,10.2230191530666
"cthm-13",8,2015,3.59712230215827,2,9.98492391497136
"cthm-13",8,2016,3.59712230215827,2,9.98492391497136
"cthm-13",8,2017,3.59712230215827,2,9.98492391497136
"cthm-13",8,2018,3.59712230215827,2,9.98492391497136
"cthm-13",8,2019,3.59712230215827,2,9.98492391497136
"cthm-13",8,2020,3.59712230215827,2,9.98492391497136
"cthm-13",8,2021,3.59712230215827,2,11.8913744384432
"cthm-13",8,2022,3.59712230215827,2,11.8913744384432
"cthm-13",8,2023,3.59712230215827,2,9.74851729558601
"cthm-13",8,2024,3.59712230215827,2,10.700898247967
"cthm-13",8,2025,3.59712230215827,2,9.75020591429591
"cthm-13",13,1999,4.1958041958042,3,26.9878442900026
"cthm-13",13,2000,4.1958041958042,3,26.9878442900026
"cthm-13",13,2001,4.1958041958042,3,26.9878442900026
"cthm-13",13,2002,4.1958041958042,3,26.9878442900026
"cthm-13",13,2003,5.5944055944056,3,27.2159495181078
"cthm-13",13,2004,6.2937062937063,3,27.449049751208
"cthm-13",13,2005,10.4895104895105,3,28.8476511498094
"cthm-13",13,2006,9.79020979020979,3,28.374742763232
"cthm-13",13,2007,9.79020979020979,3,28.374742763232
"cthm-13",13,2008,8.39160839160839,3,27.6721599743182
"cthm-13",13,2009,6.29370629370629,3,26.9728592750175
"cthm-13",13,2010,4.89510489510489,3,26.5066588088171
"cthm-13",13,2011,6.29370629370629,3,26.9728592750175
"cthm-13",13,2012,6.29370629370629,3,26.9728592750175
"cthm-13",13,2013,6.29370629370629,3,26.9728592750175
"cthm-13",13,2014,6.29370629370629,3,25.7755314230134
"cthm-13",13,2015,6.29370629370629,3,25.7755314230134
"cthm-13",13,2016,6.99300699300699,3,26.0086316561136
"cthm-13",13,2017,7.69230769230769,3,26.2417318892139
"cthm-13",13,2018,7.69230769230769,3,26.4815400426911
"cthm-13",13,2019,7.69230769230769,3,26.4815400426911
"cthm-13",13,2020,6.99300699300699,3,26.2484398095909
"cthm-13",13,2021,6.99300699300699,3,26.2484398095909
"cthm-13",13,2022,6.99300699300699,3,26.4882479630681
"cthm-13",13,2023,6.29370629370629,3,26.2551477299678
"cthm-13",13,2024,6.29370629370629,3,26.2551477299678
"cthm-13",13,2025,6.29370629370629,3,26.4932429680631
"cthm-13",14,1999,47.4820143884892,3,26.9878442900026
"cthm-13",14,2000,47.4820143884892,3,26.9878442900026
"cthm-13",14,2001,47.4820143884892,3,26.9878442900026
"cthm-13",14,2002,47.4820143884892,3,26.9878442900026
"cthm-13",14,2003,47.4820143884892,3,27.2159495181078
"cthm-13",14,2004,47.4820143884892,3,27.449049751208
"cthm-13",14,2005,47.4820143884892,3,28.8476511498094
"cthm-13",14,2006,46.7625899280576,3,28.374742763232
"cthm-13",14,2007,46.7625899280576,3,28.374742763232
"cthm-13",14,2008,47.4820143884892,3,27.6721599743182
"cthm-13",14,2009,47.4820143884892,3,26.9728592750175
"cthm-13",14,2010,47.4820143884892,3,26.5066588088171
"cthm-13",14,2011,47.4820143884892,3,26.9728592750175
"cthm-13",14,2012,47.4820143884892,3,26.9728592750175
"cthm-13",14,2013,47.4820143884892,3,26.9728592750175
"cthm-13",14,2014,44.6043165467626,3,25.7755314230134
"cthm-13",14,2015,44.6043165467626,3,25.7755314230134
"cthm-13",14,2016,44.6043165467626,3,26.0086316561136
"cthm-13",14,2017,44.6043165467626,3,26.2417318892139
"cthm-13",14,2018,45.3237410071942,3,26.4815400426911
"cthm-13",14,2019,45.3237410071943,3,26.4815400426911
"cthm-13",14,2020,45.3237410071943,3,26.2484398095909
"cthm-13",14,2021,45.3237410071943,3,26.2484398095909
"cthm-13",14,2022,46.0431654676259,3,26.4882479630681
"cthm-13",14,2023,46.0431654676259,3,26.2551477299678
"cthm-13",14,2024,46.0431654676259,3,26.2551477299678
"cthm-13",14,2025,46.0431654676259,3,26.4932429680631
"cthm-13",15,1999,29.2857142857143,3,26.9878442900026
"cthm-13",15,2000,29.2857142857143,3,26.9878442900026
"cthm-13",15,2001,29.2857142857143,3,26.9878442900026
"cthm-13",15,2002,29.2857142857143,3,26.9878442900026
"cthm-13",15,2003,28.5714285714286,3,27.2159495181078
"cthm-13",15,2004,28.5714285714286,3,27.449049751208
"cthm-13",15,2005,28.5714285714286,3,28.8476511498094
"cthm-13",15,2006,28.5714285714286,3,28.374742763232
"cthm-13",15,2007,28.5714285714286,3,28.374742763232
"cthm-13",15,2008,27.1428571428571,3,27.6721599743182
"cthm-13",15,2009,27.1428571428571,3,26.9728592750175
"cthm-13",15,2010,27.1428571428571,3,26.5066588088171
"cthm-13",15,2011,27.1428571428571,3,26.9728592750175
"cthm-13",15,2012,27.1428571428571,3,26.9728592750175
"cthm-13",15,2013,27.1428571428571,3,26.9728592750175
"cthm-13",15,2014,26.4285714285714,3,25.7755314230134
"cthm-13",15,2015,26.4285714285714,3,25.7755314230134
"cthm-13",15,2016,26.4285714285714,3,26.0086316561136
"cthm-13",15,2017,26.4285714285714,3,26.2417318892139
"cthm-13",15,2018,26.4285714285714,3,26.4815400426911
"cthm-13",15,2019,26.4285714285714,3,26.4815400426911
"cthm-13",15,2020,26.4285714285714,3,26.2484398095909
"cthm-13",15,2021,26.4285714285714,3,26.2484398095909
"cthm-13",15,2022,26.4285714285714,3,26.4882479630681
"cthm-13",15,2023,26.4285714285714,3,26.2551477299678
"cthm-13",15,2024,26.4285714285714,3,26.2551477299678
"cthm-13",15,2025,27.1428571428571,3,26.4932429680631
"cthm-13",16,1999,25.5474452554745,4,33.4772842559248
"cthm-13",16,2000,24.8175182481752,4,37.3600758328822
"cthm-13",16,2001,24.8175182481752,4,38.0743615471679
"cthm-13",16,2002,24.8175182481752,4,37.6416642267634
"cthm-13",16,2003,24.0875912408759,4,36.4884845806992
"cthm-13",16,2004,24.0875912408759,4,34.6179809835769
"cthm-13",16,2005,24.0875912408759,4,41.5134211531804
"cthm-13",16,2006,24.0875912408759,4,42.4856433754026
"cthm-13",16,2007,23.3576642335766,4,43.3168761993624
"cthm-13",16,2008,23.3576642335766,4,47.3396579739427
"cthm-13",16,2009,23.3576642335766,4,47.1947304377108
"cthm-13",16,2010,22.6277372262774,4,43.8832774103517
"cthm-13",16,2011,22.6277372262774,4,45.579920096203
"cthm-13",16,2012,22.6277372262774,4,45.4410312073142
"cthm-13",16,2013,22.6277372262774,4,45.579920096203
"cthm-13",16,2014,22.6277372262774,4,45.57388144886
"cthm-13",16,2015,22.6277372262774,4,45.57388144886
"cthm-13",16,2016,22.6277372262774,4,45.292135417114
"cthm-13",16,2017,22.6277372262774,4,45.1482505250277
"cthm-13",16,2018,21.8978102189781,4,45.0022651235678
"cthm-13",16,2019,21.8978102189781,4,44.8583802314815
"cthm-13",16,2020,21.8978102189781,4,44.7144953393952
"cthm-13",16,2021,21.8978102189781,4,44.4267255552225
"cthm-13",16,2022,21.8978102189781,4,43.2856384249267
"cthm-13",16,2023,21.8978102189781,4,41.5650434723174
"cthm-13",16,2024,21.8978102189781,4,41.8478172532926
"cthm-13",16,2025,21.8978102189781,4,41.128392792861
"cthm-13",17,1999,13.8888888888889,4,33.4772842559248
"cthm-13",17,2000,13.8888888888889,4,37.3600758328822
"cthm-13",17,2001,13.8888888888889,4,38.0743615471679
"cthm-13",17,2002,13.8888888888889,4,37.6416642267634
"cthm-13",17,2003,13.8888888888889,4,36.4884845806992
"cthm-13",17,2004,13.8888888888889,4,34.6179809835769
"cthm-13",17,2005,15.2777777777778,4,41.5134211531804
"cthm-13",17,2006,20.1388888888888,4,42.4856433754026
"cthm-13",17,2007,24.3055555555555,4,43.3168761993624
"cthm-13",17,2008,45.1388888888889,4,47.3396579739427
"cthm-13",17,2009,45.1388888888889,4,47.1947304377108
"cthm-13",17,2010,45.1388888888889,4,43.8832774103517
"cthm-13",17,2011,49.3055555555556,4,45.579920096203
"cthm-13",17,2012,48.6111111111111,4,45.4410312073142
"cthm-13",17,2013,49.3055555555555,4,45.579920096203
"cthm-13",17,2014,50,4,45.57388144886
"cthm-13",17,2015,50,4,45.57388144886
"cthm-13",17,2016,49.3055555555555,4,45.292135417114
"cthm-13",17,2017,49.3055555555555,4,45.1482505250277
"cthm-13",17,2018,49.3055555555555,4,45.0022651235678
"cthm-13",17,2019,49.3055555555555,4,44.8583802314815
"cthm-13",17,2020,49.3055555555556,4,44.7144953393952
"cthm-13",17,2021,49.3055555555556,4,44.4267255552225
"cthm-13",17,2022,47.9166666666667,4,43.2856384249267
"cthm-13",17,2023,47.2222222222222,4,41.5650434723174
"cthm-13",17,2024,47.9166666666667,4,41.8478172532926
"cthm-13",17,2025,47.9166666666667,4,41.128392792861
"cthm-13",18,1999,4.31654676258993,4,33.4772842559248
"cthm-13",18,2000,24.4604316546762,4,37.3600758328822
"cthm-13",18,2001,24.4604316546762,4,38.0743615471679
"cthm-13",18,2002,23.0215827338129,4,37.6416642267634
"cthm-13",18,2003,17.9856115107913,4,36.4884845806992
"cthm-13",18,2004,8.63309352517986,4,34.6179809835769
"cthm-13",18,2005,42.4460431654676,4,41.5134211531804
"cthm-13",18,2006,42.4460431654676,4,42.4856433754026
"cthm-13",18,2007,43.1654676258993,4,43.3168761993624
"cthm-13",18,2008,42.4460431654676,4,47.3396579739427
"cthm-13",18,2009,42.4460431654676,4,47.1947304377108
"cthm-13",18,2010,26.6187050359712,4,43.8832774103517
"cthm-13",18,2011,30.9352517985612,4,45.579920096203
"cthm-13",18,2012,30.9352517985612,4,45.4410312073142
"cthm-13",18,2013,30.9352517985612,4,45.579920096203
"cthm-13",18,2014,30.9352517985612,4,45.57388144886
"cthm-13",18,2015,30.9352517985612,4,45.57388144886
"cthm-13",18,2016,30.9352517985612,4,45.292135417114
"cthm-13",18,2017,30.2158273381295,4,45.1482505250277
"cthm-13",18,2018,30.2158273381295,4,45.0022651235678
"cthm-13",18,2019,29.4964028776979,4,44.8583802314815
"cthm-13",18,2020,28.7769784172662,4,44.7144953393952
"cthm-13",18,2021,27.3381294964029,4,44.4267255552225
"cthm-13",18,2022,23.0215827338129,4,43.2856384249267
"cthm-13",18,2023,15.8273381294964,4,41.5650434723174
"cthm-13",18,2024,16.546762589928,4,41.8478172532926
"cthm-13",18,2025,12.9496402877698,4,41.128392792861
"cthm-13",19,1999,54.3478260869565,4,33.4772842559248
"cthm-13",19,2000,54.3478260869565,4,37.3600758328822
"cthm-13",19,2001,54.3478260869565,4,38.0743615471679
"cthm-13",19,2002,53.6231884057971,4,37.6416642267634
"cthm-13",19,2003,53.6231884057971,4,36.4884845806992
"cthm-13",19,2004,53.6231884057971,4,34.6179809835769
"cthm-13",19,2005,52.8985507246377,4,41.5134211531804
"cthm-13",19,2006,52.8985507246377,4,42.4856433754026
"cthm-13",19,2007,52.8985507246377,4,43.3168761993624
"cthm-13",19,2008,52.8985507246377,4,47.3396579739427
"cthm-13",19,2009,52.1739130434783,4,47.1947304377108
"cthm-13",19,2010,52.1739130434783,4,43.8832774103517
"cthm-13",19,2011,52.1739130434783,4,45.579920096203
"cthm-13",19,2012,52.1739130434783,4,45.4410312073142
"cthm-13",19,2013,52.1739130434783,4,45.579920096203
"cthm-13",19,2014,51.4492753623188,4,45.57388144886
"cthm-13",19,2015,51.4492753623188,4,45.57388144886
"cthm-13",19,2016,51.4492753623188,4,45.292135417114
"cthm-13",19,2017,51.4492753623188,4,45.1482505250277
"cthm-13",19,2018,51.4492753623188,4,45.0022651235678
"cthm-13",19,2019,51.4492753623188,4,44.8583802314815
"cthm-13",19,2020,51.4492753623188,4,44.7144953393952
"cthm-13",19,2021,51.4492753623188,4,44.4267255552225
"cthm-13",19,2022,51.4492753623188,4,43.2856384249267
"cthm-13",19,2023,51.4492753623188,4,41.5650434723174
"cthm-13",19,2024,51.4492753623188,4,41.8478172532926
"cthm-13",19,2025,51.4492753623188,4,41.128392792861
"cthm-13",20,1999,69.2857142857143,4,33.4772842559248
"cthm-13",20,2000,69.2857142857143,4,37.3600758328822
"cthm-13",20,2001,72.8571428571428,4,38.0743615471679
"cthm-13",20,2002,72.8571428571428,4,37.6416642267634
"cthm-13",20,2003,72.8571428571428,4,36.4884845806992
"cthm-13",20,2004,72.8571428571428,4,34.6179809835769
"cthm-13",20,2005,72.8571428571428,4,41.5134211531804
"cthm-13",20,2006,72.8571428571428,4,42.4856433754026
"cthm-13",20,2007,72.8571428571428,4,43.3168761993624
"cthm-13",20,2008,72.8571428571428,4,47.3396579739427
"cthm-13",20,2009,72.8571428571428,4,47.1947304377108
"cthm-13",20,2010,72.8571428571428,4,43.8832774103517
"cthm-13",20,2011,72.8571428571428,4,45.579920096203
"cthm-13",20,2012,72.8571428571428,4,45.4410312073142
"cthm-13",20,2013,72.8571428571428,4,45.579920096203
"cthm-13",20,2014,72.8571428571428,4,45.57388144886
"cthm-13",20,2015,72.8571428571428,4,45.57388144886
"cthm-13",20,2016,72.1428571428571,4,45.292135417114
"cthm-13",20,2017,72.1428571428571,4,45.1482505250277
"cthm-13",20,2018,72.1428571428571,4,45.0022651235678
"cthm-13",20,2019,72.1428571428571,4,44.8583802314815
"cthm-13",20,2020,72.1428571428571,4,44.7144953393952
"cthm-13",20,2021,72.1428571428571,4,44.4267255552225
"cthm-13",20,2022,72.1428571428571,4,43.2856384249267
"cthm-13",20,2023,71.4285714285714,4,41.5650434723174
"cthm-13",20,2024,71.4285714285714,4,41.8478172532926
"cthm-13",20,2025,71.4285714285714,4,41.128392792861
"cthm-14",1,1999,2.89855072463768,1,8.90285477704535
"cthm-14",1,2000,2.17391304347826,1,8.61299970458158
"cthm-14",1,2001,2.17391304347826,1,7.75576874559299
"cthm-14",1,2002,2.17391304347826,1,8.1925351860597
"cthm-14",1,2003,2.17391304347826,1,8.04760764982782
"cthm-14",1,2004,2.17391304347826,1,7.90268011359593
"cthm-14",1,2005,2.17391304347826,1,7.76281997373579
"cthm-14",1,2006,2.17391304347826,1,7.61789243750391
"cthm-14",1,2007,2.17391304347826,1,7.76281997373579
"cthm-14",1,2008,2.17391304347826,1,8.05267504619956
"cthm-14",1,2009,2.17391304347826,1,8.1925351860597
"cthm-14",1,2010,2.17391304347826,1,7.47296490127203
"cthm-14",1,2011,2.17391304347826,1,7.91281490633942
"cthm-14",1,2012,2.17391304347826,1,7.62295983387565
"cthm-14",1,2013,2.17391304347826,1,7.47803229764377
"cthm-14",1,2014,1.44927536231884,1,7.62295983387565
"cthm-14",1,2015,1.44927536231884,1,7.19324462155175
"cthm-14",1,2016,1.44927536231884,1,7.19831201792349
"cthm-14",1,2017,0.72463768115942,1,6.6236692693677
"cthm-14",1,2018,0.72463768115942,1,6.34394898964742
"cthm-14",1,2019,0.72463768115942,1,6.76859680559958
"cthm-14",1,2020,0.72463768115942,1,6.76859680559958
"cthm-14",1,2021,0.72463768115942,1,6.76352940922784
"cthm-14",1,2022,0.72463768115942,1,6.34394898964742
"cthm-14",1,2023,0.72463768115942,1,6.0591613135554
"cthm-14",2,1999,6.52173913043478,1,8.90285477704535
"cthm-14",2,2000,5.79710144927536,1,8.61299970458158
"cthm-14",2,2001,4.34782608695652,1,7.75576874559299
"cthm-14",2,2002,6.52173913043478,1,8.1925351860597
"cthm-14",2,2003,5.79710144927536,1,8.04760764982782
"cthm-14",2,2004,5.07246376811594,1,7.90268011359593
"cthm-14",2,2005,5.07246376811594,1,7.76281997373579
"cthm-14",2,2006,4.34782608695652,1,7.61789243750391
"cthm-14",2,2007,5.07246376811594,1,7.76281997373579
"cthm-14",2,2008,6.52173913043478,1,8.05267504619956
"cthm-14",2,2009,6.52173913043478,1,8.1925351860597
"cthm-14",2,2010,3.6231884057971,1,7.47296490127203
"cthm-14",2,2011,6.52173913043478,1,7.91281490633942
"cthm-14",2,2012,5.07246376811594,1,7.62295983387565
"cthm-14",2,2013,4.34782608695652,1,7.47803229764377
"cthm-14",2,2014,5.79710144927536,1,7.62295983387565
"cthm-14",2,2015,4.34782608695652,1,7.19324462155175
"cthm-14",2,2016,5.07246376811594,1,7.19831201792349
"cthm-14",2,2017,3.6231884057971,1,6.6236692693677
"cthm-14",2,2018,3.6231884057971,1,6.34394898964742
"cthm-14",2,2019,4.34782608695652,1,6.76859680559958
"cthm-14",2,2020,4.34782608695652,1,6.76859680559958
"cthm-14",2,2021,3.6231884057971,1,6.76352940922784
"cthm-14",2,2022,3.6231884057971,1,6.34394898964742
"cthm-14",2,2023,2.89855072463768,1,6.0591613135554
"cthm-14",2,2024,3.6231884057971,1,7.22430129229389
"cthm-14",2,2025,3.6231884057971,1,7.04947611746872
"cthm-14",3,1999,18.8811188811189,1,8.90285477704535
"cthm-14",3,2000,18.8811188811189,1,8.61299970458158
"cthm-14",3,2001,18.8811188811189,1,7.75576874559299
"cthm-14",3,2002,18.8811188811189,1,8.1925351860597
"cthm-14",3,2003,18.8811188811189,1,8.04760764982782
"cthm-14",3,2004,18.8811188811189,1,7.90268011359593
"cthm-14",3,2005,18.8811188811189,1,7.76281997373579
"cthm-14",3,2006,18.8811188811189,1,7.61789243750391
"cthm-14",3,2007,18.8811188811189,1,7.76281997373579
"cthm-14",3,2008,18.8811188811189,1,8.05267504619956
"cthm-14",3,2009,18.8811188811189,1,8.1925351860597
"cthm-14",3,2010,18.1818181818182,1,7.47296490127203
"cthm-14",3,2011,18.1818181818182,1,7.91281490633942
"cthm-14",3,2012,18.1818181818182,1,7.62295983387565
"cthm-14",3,2013,18.1818181818182,1,7.47803229764377
"cthm-14",3,2014,18.1818181818182,1,7.62295983387565
"cthm-14",3,2015,17.4825174825175,1,7.19324462155175
"cthm-14",3,2016,17.4825174825175,1,7.19831201792349
"cthm-14",3,2017,16.7832167832168,1,6.6236692693677
"cthm-14",3,2018,15.3846153846154,1,6.34394898964742
"cthm-14",3,2019,16.7832167832168,1,6.76859680559958
"cthm-14",3,2020,16.7832167832168,1,6.76859680559958
"cthm-14",3,2021,16.7832167832168,1,6.76352940922784
"cthm-14",3,2022,16.0839160839161,1,6.34394898964742
"cthm-14",3,2023,15.3846153846154,1,6.0591613135554
"cthm-14",3,2024,15.3846153846154,1,7.22430129229389
"cthm-14",3,2025,14.6853146853147,1,7.04947611746872
"cthm-14",4,1999,6.99300699300699,1,8.90285477704535
"cthm-14",4,2000,6.99300699300699,1,8.61299970458158
"cthm-14",4,2001,6.99300699300699,1,7.75576874559299
"cthm-14",4,2002,6.29370629370629,1,8.1925351860597
"cthm-14",4,2003,6.29370629370629,1,8.04760764982782
"cthm-14",4,2004,6.29370629370629,1,7.90268011359593
"cthm-14",4,2005,5.59440559440559,1,7.76281997373579
"cthm-14",4,2006,5.59440559440559,1,7.61789243750391
"cthm-14",4,2007,5.59440559440559,1,7.76281997373579
"cthm-14",4,2008,5.59440559440559,1,8.05267504619956
"cthm-14",4,2009,6.29370629370629,1,8.1925351860597
"cthm-14",4,2010,6.29370629370629,1,7.47296490127203
"cthm-14",4,2011,5.59440559440559,1,7.91281490633942
"cthm-14",4,2012,5.59440559440559,1,7.62295983387565
"cthm-14",4,2013,5.59440559440559,1,7.47803229764377
"cthm-14",4,2014,5.59440559440559,1,7.62295983387565
"cthm-14",4,2015,5.59440559440559,1,7.19324462155175
"cthm-14",4,2016,4.89510489510489,1,7.19831201792349
"cthm-14",4,2017,4.89510489510489,1,6.6236692693677
"cthm-14",4,2018,4.89510489510489,1,6.34394898964742
"cthm-14",4,2019,4.89510489510489,1,6.76859680559958
"cthm-14",4,2020,4.89510489510489,1,6.76859680559958
"cthm-14",4,2021,5.59440559440559,1,6.76352940922784
"cthm-14",4,2022,4.1958041958042,1,6.34394898964742
"cthm-14",4,2023,4.1958041958042,1,6.0591613135554
"cthm-14",4,2024,2.7972027972028,1,7.22430129229389
"cthm-14",4,2025,2.7972027972028,1,7.04947611746872
"cthm-14",5,1999,9.21985815602837,1,8.90285477704535
"cthm-14",5,2000,9.21985815602837,1,8.61299970458158
"cthm-14",5,2001,6.38297872340426,1,7.75576874559299
"cthm-14",5,2002,7.09219858156028,1,8.1925351860597
"cthm-14",5,2003,7.09219858156028,1,8.04760764982782
"cthm-14",5,2004,7.09219858156028,1,7.90268011359593
"cthm-14",5,2005,7.09219858156028,1,7.76281997373579
"cthm-14",5,2006,7.09219858156028,1,7.61789243750391
"cthm-14",5,2007,7.09219858156028,1,7.76281997373579
"cthm-14",5,2008,7.09219858156028,1,8.05267504619956
"cthm-14",5,2009,7.09219858156028,1,8.1925351860597
"cthm-14",5,2010,7.09219858156028,1,7.47296490127203
"cthm-14",5,2011,7.09219858156028,1,7.91281490633942
"cthm-14",5,2012,7.09219858156028,1,7.62295983387565
"cthm-14",5,2013,7.09219858156028,1,7.47803229764377
"cthm-14",5,2014,7.09219858156028,1,7.62295983387565
"cthm-14",5,2015,7.09219858156028,1,7.19324462155175
"cthm-14",5,2016,7.09219858156028,1,7.19831201792349
"cthm-14",5,2017,7.09219858156028,1,6.6236692693677
"cthm-14",5,2018,7.09219858156028,1,6.34394898964742
"cthm-14",5,2019,7.09219858156028,1,6.76859680559958
"cthm-14",5,2020,7.09219858156028,1,6.76859680559958
"cthm-14",5,2021,7.09219858156028,1,6.76352940922784
"cthm-14",5,2022,7.09219858156028,1,6.34394898964742
"cthm-14",5,2023,7.09219858156028,1,6.0591613135554
"cthm-14",5,2024,7.09219858156028,1,7.22430129229389
"cthm-14",5,2025,7.09219858156028,1,7.04947611746872
"cthm-14",6,1999,1.41843971631206,2,11.8680269327014
"cthm-14",6,2000,1.41843971631206,2,15.5807269078354
"cthm-14",6,2001,2.12765957446809,2,15.8171335272208
"cthm-14",6,2002,2.12765957446809,2,12.0453318972404
"cthm-14",6,2003,2.83687943262412,2,16.0535401466061
"cthm-14",6,2004,3.54609929078015,2,16.2899467659915
"cthm-14",6,2005,3.54609929078015,2,16.2899467659915
"cthm-14",6,2006,3.54609929078015,2,16.2899467659915
"cthm-14",6,2007,3.54609929078015,2,16.2899467659915
"cthm-14",6,2008,3.54609929078015,2,16.2899467659915
"cthm-14",6,2009,3.54609929078015,2,12.3947468165285
"cthm-14",6,2010,3.54609929078015,2,12.5733182451
"cthm-14",6,2011,3.54609929078015,2,12.5733182451
"cthm-14",6,2012,3.54609929078015,2,12.2148907014206
"cthm-14",6,2013,2.83687943262412,2,11.6791581932023
"cthm-14",6,2014,2.83687943262412,2,11.6791581932023
"cthm-14",6,2015,2.83687943262412,2,11.6791581932023
"cthm-14",6,2016,2.83687943262412,2,12.7505867646308
"cthm-14",6,2017,2.83687943262412,2,12.9304428797387
"cthm-14",6,2018,2.83687943262412,2,12.5745847091324
"cthm-14",6,2019,2.83687943262412,2,12.2174418519895
"cthm-14",6,2020,2.83687943262412,2,12.0375857368816
"cthm-14",6,2021,2.83687943262412,2,11.8590143083102
"cthm-14",6,2022,2.83687943262412,2,12.3947285940245
"cthm-14",6,2023,2.83687943262412,2,12.3947285940245
"cthm-14",6,2024,2.83687943262412,2,12.2148724789166
"cthm-14",6,2025,2.83687943262412,2,12.0375857368816
"cthm-14",7,1999,0.72992700729927,2,11.8680269327014
"cthm-14",7,2002,0.72992700729927,2,12.0453318972404
"cthm-14",8,1999,15.1079136690647,2,11.8680269327014
"cthm-14",8,2000,15.1079136690647,2,15.5807269078354
"cthm-14",8,2001,15.1079136690647,2,15.8171335272208
"cthm-14",8,2002,15.1079136690647,2,12.0453318972404
"cthm-14",8,2003,15.1079136690647,2,16.0535401466061
"cthm-14",8,2004,15.1079136690647,2,16.2899467659915
"cthm-14",8,2005,15.1079136690647,2,16.2899467659915
"cthm-14",8,2006,15.1079136690647,2,16.2899467659915
"cthm-14",8,2007,15.1079136690647,2,16.2899467659915
"cthm-14",8,2008,15.1079136690647,2,16.2899467659915
"cthm-14",8,2009,15.1079136690647,2,12.3947468165285
"cthm-14",8,2010,15.1079136690647,2,12.5733182451
"cthm-14",8,2011,15.1079136690647,2,12.5733182451
"cthm-14",8,2012,15.1079136690647,2,12.2148907014206
"cthm-14",8,2013,14.3884892086331,2,11.6791581932023
"cthm-14",8,2014,14.3884892086331,2,11.6791581932023
"cthm-14",8,2015,14.3884892086331,2,11.6791581932023
"cthm-14",8,2016,14.3884892086331,2,12.7505867646308
"cthm-14",8,2017,14.3884892086331,2,12.9304428797387
"cthm-14",8,2018,14.3884892086331,2,12.5745847091324
"cthm-14",8,2019,14.3884892086331,2,12.2174418519895
"cthm-14",8,2020,13.6690647482014,2,12.0375857368816
"cthm-14",8,2021,13.6690647482014,2,11.8590143083102
"cthm-14",8,2022,13.6690647482014,2,12.3947285940245
"cthm-14",8,2023,13.6690647482014,2,12.3947285940245
"cthm-14",8,2024,12.9496402877698,2,12.2148724789166
"cthm-14",8,2025,13.6690647482014,2,12.0375857368816
"cthm-14",9,2009,1.42857142857143,2,12.3947468165285
"cthm-14",9,2010,2.14285714285714,2,12.5733182451
"cthm-14",9,2011,2.14285714285714,2,12.5733182451
"cthm-14",9,2012,1.42857142857143,2,12.2148907014206
"cthm-14",9,2013,0.714285714285714,2,11.6791581932023
"cthm-14",9,2014,0.714285714285714,2,11.6791581932023
"cthm-14",9,2015,0.714285714285714,2,11.6791581932023
"cthm-14",9,2016,5,2,12.7505867646308
"cthm-14",9,2017,5,2,12.9304428797387
"cthm-14",9,2018,2.85714285714286,2,12.5745847091324
"cthm-14",9,2019,1.42857142857143,2,12.2174418519895
"cthm-14",9,2020,1.42857142857143,2,12.0375857368816
"cthm-14",9,2021,0.714285714285714,2,11.8590143083102
"cthm-14",9,2022,2.85714285714286,2,12.3947285940245
"cthm-14",9,2023,2.85714285714286,2,12.3947285940245
"cthm-14",9,2024,2.85714285714286,2,12.2148724789166
"cthm-14",9,2025,1.42857142857143,2,12.0375857368816
"cthm-14",10,1999,30.2158273381295,2,11.8680269327014
"cthm-14",10,2000,30.2158273381295,2,15.5807269078354
"cthm-14",10,2001,30.2158273381295,2,15.8171335272208
"cthm-14",10,2002,30.2158273381295,2,12.0453318972404
"cthm-14",10,2003,30.2158273381295,2,16.0535401466061
"cthm-14",10,2004,30.2158273381295,2,16.2899467659915
"cthm-14",10,2005,30.2158273381295,2,16.2899467659915
"cthm-14",10,2006,30.2158273381295,2,16.2899467659915
"cthm-14",10,2007,30.2158273381295,2,16.2899467659915
"cthm-14",10,2008,30.2158273381295,2,16.2899467659915
"cthm-14",10,2009,29.4964028776978,2,12.3947468165285
"cthm-14",10,2010,29.4964028776978,2,12.5733182451
"cthm-14",10,2011,29.4964028776978,2,12.5733182451
"cthm-14",10,2012,28.7769784172662,2,12.2148907014206
"cthm-14",10,2013,28.7769784172662,2,11.6791581932023
"cthm-14",10,2014,28.7769784172662,2,11.6791581932023
"cthm-14",10,2015,28.7769784172662,2,11.6791581932023
"cthm-14",10,2016,28.7769784172662,2,12.7505867646308
"cthm-14",10,2017,29.4964028776978,2,12.9304428797387
"cthm-14",10,2018,30.2158273381295,2,12.5745847091324
"cthm-14",10,2019,30.2158273381295,2,12.2174418519895
"cthm-14",10,2020,30.2158273381295,2,12.0375857368816
"cthm-14",10,2021,30.2158273381295,2,11.8590143083102
"cthm-14",10,2022,30.2158273381295,2,12.3947285940245
"cthm-14",10,2023,30.2158273381295,2,12.3947285940245
"cthm-14",10,2024,30.2158273381295,2,12.2148724789166
"cthm-14",10,2025,30.2158273381295,2,12.0375857368816
"cthm-14",11,1999,13.768115942029,3,20.8995635789505
"cthm-14",11,2000,13.0434782608696,3,20.4689217570043
"cthm-14",11,2001,13.0434782608696,3,20.4689217570043
"cthm-14",11,2002,13.0434782608696,3,20.3260646141472
"cthm-14",11,2003,13.0434782608696,3,20.0403503284329
"cthm-14",11,2004,13.0434782608696,3,20.0403503284329
"cthm-14",11,2005,13.0434782608696,3,20.0403503284329
"cthm-14",11,2006,13.0434782608696,3,19.6107511506323
"cthm-14",11,2007,13.0434782608696,3,21.6107511506323
"cthm-14",11,2008,11.5942028985507,3,21.1780389353114
"cthm-14",11,2009,11.5942028985507,3,21.0351817924542
"cthm-14",11,2010,10.8695652173913,3,18.4616828276509
"cthm-14",11,2011,10.8695652173913,3,17.7473971133652
"cthm-14",11,2012,10.8695652173913,3,17.4616828276509
"cthm-14",11,2013,10.1449275362319,3,17.1738981485619
"cthm-14",11,2014,9.42028985507246,3,17.1718277551872
"cthm-14",11,2015,8.69565217391304,3,16.5983287903838
"cthm-14",11,2016,7.2463768115942,3,16.1656165750629
"cthm-14",11,2017,7.2463768115942,3,15.5941880036344
"cthm-14",11,2018,7.2463768115942,3,15.4513308607772
"cthm-14",11,2019,7.2463768115942,3,15.5941880036344
"cthm-14",11,2020,7.2463768115942,3,15.3084737179201
"cthm-14",11,2021,7.2463768115942,3,15.1656165750629
"cthm-14",11,2022,7.2463768115942,3,15.0227594322058
"cthm-14",11,2023,7.2463768115942,3,14.7370451464915
"cthm-14",11,2024,7.2463768115942,3,14.4513308607772
"cthm-14",11,2025,7.2463768115942,3,14.3084737179201
"cthm-14",12,1999,33.5714285714285,3,20.8995635789505
"cthm-14",12,2000,32.8571428571428,3,20.4689217570043
"cthm-14",12,2001,32.8571428571428,3,20.4689217570043
"cthm-14",12,2002,32.1428571428571,3,20.3260646141472
"cthm-14",12,2003,31.4285714285714,3,20.0403503284329
"cthm-14",12,2004,31.4285714285714,3,20.0403503284329
"cthm-14",12,2005,31.4285714285714,3,20.0403503284329
"cthm-14",12,2006,30.7142857142857,3,19.6107511506323
"cthm-14",12,2007,28.5714285714286,3,21.6107511506323
"cthm-14",12,2008,26.4285714285715,3,21.1780389353114
"cthm-14",12,2009,27.1428571428572,3,21.0351817924542
"cthm-14",12,2010,25.7142857142857,3,18.4616828276509
"cthm-14",12,2011,24.2857142857143,3,17.7473971133652
"cthm-14",12,2012,24.2857142857143,3,17.4616828276509
"cthm-14",12,2013,23.5714285714285,3,17.1738981485619
"cthm-14",12,2014,24.2857142857143,3,17.1718277551872
"cthm-14",12,2015,23.5714285714286,3,16.5983287903838
"cthm-14",12,2016,23.5714285714286,3,16.1656165750629
"cthm-14",12,2017,22.8571428571429,3,15.5941880036344
"cthm-14",12,2018,22.8571428571429,3,15.4513308607772
"cthm-14",12,2019,23.5714285714286,3,15.5941880036344
"cthm-14",12,2020,22.1428571428571,3,15.3084737179201
"cthm-14",12,2021,21.4285714285715,3,15.1656165750629
"cthm-14",12,2022,20.7142857142857,3,15.0227594322058
"cthm-14",12,2023,20,3,14.7370451464915
"cthm-14",12,2024,18.5714285714285,3,14.4513308607772
"cthm-14",12,2025,17.8571428571428,3,14.3084737179201
"cthm-14",13,1999,33.5714285714286,3,20.8995635789505
"cthm-14",13,2000,33.5714285714286,3,20.4689217570043
"cthm-14",13,2001,33.5714285714286,3,20.4689217570043
"cthm-14",13,2002,33.5714285714286,3,20.3260646141472
"cthm-14",13,2003,33.5714285714286,3,20.0403503284329
"cthm-14",13,2004,33.5714285714286,3,20.0403503284329
"cthm-14",13,2005,33.5714285714286,3,20.0403503284329
"cthm-14",13,2006,33.5714285714286,3,19.6107511506323
"cthm-14",13,2007,45,3,21.6107511506323
"cthm-14",13,2008,46.4285714285715,3,21.1780389353114
"cthm-14",13,2009,45,3,21.0351817924542
"cthm-14",13,2010,35,3,18.4616828276509
"cthm-14",13,2011,32.8571428571429,3,17.7473971133652
"cthm-14",13,2012,32.8571428571429,3,17.4616828276509
"cthm-14",13,2013,32.8571428571429,3,17.1738981485619
"cthm-14",13,2014,32.8571428571429,3,17.1718277551872
"cthm-14",13,2015,32.1428571428571,3,16.5983287903838
"cthm-14",13,2016,32.1428571428571,3,16.1656165750629
"cthm-14",13,2017,32.1428571428571,3,15.5941880036344
"cthm-14",13,2018,31.4285714285714,3,15.4513308607772
"cthm-14",13,2019,31.4285714285714,3,15.5941880036344
"cthm-14",13,2020,31.4285714285714,3,15.3084737179201
"cthm-14",13,2021,31.4285714285714,3,15.1656165750629
"cthm-14",13,2022,31.4285714285714,3,15.0227594322058
"cthm-14",13,2023,30.7142857142857,3,14.7370451464915
"cthm-14",13,2024,30.7142857142857,3,14.4513308607772
"cthm-14",13,2025,30.7142857142857,3,14.3084737179201
"cthm-14",14,1999,21.4285714285714,3,20.8995635789505
"cthm-14",14,2000,20.7142857142857,3,20.4689217570043
"cthm-14",14,2001,20.7142857142857,3,20.4689217570043
"cthm-14",14,2002,20.7142857142857,3,20.3260646141472
"cthm-14",14,2003,20,3,20.0403503284329
"cthm-14",14,2004,20,3,20.0403503284329
"cthm-14",14,2005,20,3,20.0403503284329
"cthm-14",14,2006,19.2857142857142,3,19.6107511506323
"cthm-14",14,2007,20,3,21.6107511506323
"cthm-14",14,2008,20,3,21.1780389353114
"cthm-14",14,2009,20,3,21.0351817924542
"cthm-14",14,2010,19.2857142857143,3,18.4616828276509
"cthm-14",14,2011,19.2857142857143,3,17.7473971133652
"cthm-14",14,2012,17.8571428571429,3,17.4616828276509
"cthm-14",14,2013,17.8571428571429,3,17.1738981485619
"cthm-14",14,2014,17.8571428571429,3,17.1718277551872
"cthm-14",14,2015,17.1428571428572,3,16.5983287903838
"cthm-14",14,2016,16.4285714285715,3,16.1656165750629
"cthm-14",14,2017,14.2857142857143,3,15.5941880036344
"cthm-14",14,2018,14.2857142857143,3,15.4513308607772
"cthm-14",14,2019,14.2857142857143,3,15.5941880036344
"cthm-14",14,2020,14.2857142857143,3,15.3084737179201
"cthm-14",14,2021,14.2857142857143,3,15.1656165750629
"cthm-14",14,2022,14.2857142857143,3,15.0227594322058
"cthm-14",14,2023,14.2857142857143,3,14.7370451464915
"cthm-14",14,2024,14.2857142857143,3,14.4513308607772
"cthm-14",14,2025,14.2857142857143,3,14.3084737179201
"cthm-14",15,1999,2.15827338129496,3,20.8995635789505
"cthm-14",15,2000,2.15827338129496,3,20.4689217570043
"cthm-14",15,2001,2.15827338129496,3,20.4689217570043
"cthm-14",15,2002,2.15827338129496,3,20.3260646141472
"cthm-14",15,2003,2.15827338129496,3,20.0403503284329
"cthm-14",15,2004,2.15827338129496,3,20.0403503284329
"cthm-14",15,2005,2.15827338129496,3,20.0403503284329
"cthm-14",15,2006,1.43884892086331,3,19.6107511506323
"cthm-14",15,2007,1.43884892086331,3,21.6107511506323
"cthm-14",15,2008,1.43884892086331,3,21.1780389353114
"cthm-14",15,2009,1.43884892086331,3,21.0351817924542
"cthm-14",15,2010,1.43884892086331,3,18.4616828276509
"cthm-14",15,2011,1.43884892086331,3,17.7473971133652
"cthm-14",15,2012,1.43884892086331,3,17.4616828276509
"cthm-14",15,2013,1.43884892086331,3,17.1738981485619
"cthm-14",15,2014,1.43884892086331,3,17.1718277551872
"cthm-14",15,2015,1.43884892086331,3,16.5983287903838
"cthm-14",15,2016,1.43884892086331,3,16.1656165750629
"cthm-14",15,2017,1.43884892086331,3,15.5941880036344
"cthm-14",15,2018,1.43884892086331,3,15.4513308607772
"cthm-14",15,2019,1.43884892086331,3,15.5941880036344
"cthm-14",15,2020,1.43884892086331,3,15.3084737179201
"cthm-14",15,2021,1.43884892086331,3,15.1656165750629
"cthm-14",15,2022,1.43884892086331,3,15.0227594322058
"cthm-14",15,2023,1.43884892086331,3,14.7370451464915
"cthm-14",15,2024,1.43884892086331,3,14.4513308607772
"cthm-14",15,2025,1.43884892086331,3,14.3084737179201
"cthm-14",16,1999,12.3188405797102,4,14.9919805136464
"cthm-14",16,2000,12.3188405797102,4,15.1358654057328
"cthm-14",16,2001,12.3188405797102,4,15.1358654057328
"cthm-14",16,2002,12.3188405797102,4,15.1358654057328
"cthm-14",16,2003,12.3188405797102,4,15.2797502978191
"cthm-14",16,2004,12.3188405797102,4,14.9919805136464
"cthm-14",16,2005,11.5942028985507,4,14.8470529774145
"cthm-14",16,2006,13.768115942029,4,15.2818355861102
"cthm-14",16,2007,13.0434782608696,4,15.1369080498783
"cthm-14",16,2008,11.5942028985507,4,14.9909378695009
"cthm-14",16,2009,12.3188405797102,4,14.9940214341016
"cthm-14",16,2010,11.5942028985507,4,14.8490938978697
"cthm-14",16,2011,10.8695652173913,4,15.415427140249
"cthm-14",16,2012,10.8695652173913,4,15.1276573560763
"cthm-14",16,2013,10.8695652173913,4,14.7000845207275
"cthm-14",16,2014,10.8695652173913,4,14.8439694128139
"cthm-14",16,2015,10.8695652173913,4,14.5582405490963
"cthm-14",16,2016,10.1449275362319,4,15.1327374732961
"cthm-14",16,2017,9.42028985507246,4,15.8511192895822
"cthm-14",16,2018,9.42028985507246,4,15.9950041816685
"cthm-14",16,2019,9.42028985507246,4,15.9950041816685
"cthm-14",16,2020,9.42028985507246,4,15.709275317951
"cthm-14",16,2021,9.42028985507246,4,15.5674313463198
"cthm-14",16,2022,9.42028985507246,4,15.4235464542335
"cthm-14",16,2023,7.97101449275362,4,15.2734944329458
"cthm-14",16,2024,7.97101449275362,4,15.1316504613146
"cthm-14",16,2025,7.97101449275362,4,15.2734944329458
"cthm-14",17,1999,14.3884892086331,4,14.9919805136464
"cthm-14",17,2000,15.1079136690648,4,15.1358654057328
"cthm-14",17,2001,15.1079136690648,4,15.1358654057328
"cthm-14",17,2002,15.1079136690647,4,15.1358654057328
"cthm-14",17,2003,15.8273381294964,4,15.2797502978191
"cthm-14",17,2004,14.3884892086331,4,14.9919805136464
"cthm-14",17,2005,14.3884892086331,4,14.8470529774145
"cthm-14",17,2006,14.3884892086331,4,15.2818355861102
"cthm-14",17,2007,14.3884892086331,4,15.1369080498783
"cthm-14",17,2008,14.3884892086331,4,14.9909378695009
"cthm-14",17,2009,14.3884892086331,4,14.9940214341016
"cthm-14",17,2010,14.3884892086331,4,14.8490938978697
"cthm-14",17,2011,15.1079136690648,4,15.415427140249
"cthm-14",17,2012,13.6690647482014,4,15.1276573560763
"cthm-14",17,2013,12.9496402877698,4,14.7000845207275
"cthm-14",17,2014,13.6690647482015,4,14.8439694128139
"cthm-14",17,2015,12.9496402877698,4,14.5582405490963
"cthm-14",17,2016,16.5467625899281,4,15.1327374732961
"cthm-14",17,2017,20.863309352518,4,15.8511192895822
"cthm-14",17,2018,21.5827338129497,4,15.9950041816685
"cthm-14",17,2019,21.5827338129496,4,15.9950041816685
"cthm-14",17,2020,21.5827338129497,4,15.709275317951
"cthm-14",17,2021,21.5827338129496,4,15.5674313463198
"cthm-14",17,2022,20.863309352518,4,15.4235464542335
"cthm-14",17,2023,20.1438848920863,4,15.2734944329458
"cthm-14",17,2024,20.1438848920864,4,15.1316504613146
"cthm-14",17,2025,20.1438848920863,4,15.2734944329458
"cthm-14",18,1999,0.719424460431655,4,14.9919805136464
"cthm-14",18,2000,0.719424460431655,4,15.1358654057328
"cthm-14",18,2001,0.719424460431655,4,15.1358654057328
"cthm-14",18,2002,0.719424460431655,4,15.1358654057328
"cthm-14",18,2003,0.719424460431655,4,15.2797502978191
"cthm-14",18,2004,0.719424460431655,4,14.9919805136464
"cthm-14",18,2005,0.719424460431655,4,14.8470529774145
"cthm-14",18,2006,0.719424460431655,4,15.2818355861102
"cthm-14",18,2007,0.719424460431655,4,15.1369080498783
"cthm-14",18,2008,1.43884892086331,4,14.9909378695009
"cthm-14",18,2009,1.43884892086331,4,14.9940214341016
"cthm-14",18,2010,1.43884892086331,4,14.8490938978697
"cthm-14",18,2011,1.43884892086331,4,15.415427140249
"cthm-14",18,2012,1.43884892086331,4,15.1276573560763
"cthm-14",18,2013,1.43884892086331,4,14.7000845207275
"cthm-14",18,2014,1.43884892086331,4,14.8439694128139
"cthm-14",18,2015,1.43884892086331,4,14.5582405490963
"cthm-14",18,2016,1.43884892086331,4,15.1327374732961
"cthm-14",18,2017,1.43884892086331,4,15.8511192895822
"cthm-14",18,2018,1.43884892086331,4,15.9950041816685
"cthm-14",18,2019,1.43884892086331,4,15.9950041816685
"cthm-14",18,2020,0.719424460431655,4,15.709275317951
"cthm-14",18,2021,0.719424460431655,4,15.5674313463198
"cthm-14",18,2022,0.719424460431655,4,15.4235464542335
"cthm-14",18,2023,0.719424460431655,4,15.2734944329458
"cthm-14",18,2024,0.719424460431655,4,15.1316504613146
"cthm-14",18,2025,0.719424460431655,4,15.2734944329458
"cthm-14",19,1999,0.72463768115942,4,14.9919805136464
"cthm-14",19,2000,0.72463768115942,4,15.1358654057328
"cthm-14",19,2001,0.72463768115942,4,15.1358654057328
"cthm-14",19,2002,0.72463768115942,4,15.1358654057328
"cthm-14",19,2003,0.72463768115942,4,15.2797502978191
"cthm-14",19,2004,0.72463768115942,4,14.9919805136464
"cthm-14",19,2005,0.72463768115942,4,14.8470529774145
"cthm-14",19,2006,0.72463768115942,4,15.2818355861102
"cthm-14",19,2007,0.72463768115942,4,15.1369080498783
"cthm-14",19,2008,0.72463768115942,4,14.9909378695009
"cthm-14",19,2009,0.72463768115942,4,14.9940214341016
"cthm-14",19,2010,0.72463768115942,4,14.8490938978697
"cthm-14",19,2011,0.72463768115942,4,15.415427140249
"cthm-14",19,2012,0.72463768115942,4,15.1276573560763
"cthm-14",19,2013,0.72463768115942,4,14.7000845207275
"cthm-14",19,2014,0.72463768115942,4,14.8439694128139
"cthm-14",19,2015,0.72463768115942,4,14.5582405490963
"cthm-14",19,2016,0.72463768115942,4,15.1327374732961
"cthm-14",19,2017,0.72463768115942,4,15.8511192895822
"cthm-14",19,2018,0.72463768115942,4,15.9950041816685
"cthm-14",19,2019,0.72463768115942,4,15.9950041816685
"cthm-14",19,2020,0.72463768115942,4,15.709275317951
"cthm-14",19,2021,0.72463768115942,4,15.5674313463198
"cthm-14",19,2022,0.72463768115942,4,15.4235464542335
"cthm-14",19,2023,0.72463768115942,4,15.2734944329458
"cthm-14",19,2024,0.72463768115942,4,15.1316504613146
"cthm-14",19,2025,0.72463768115942,4,15.2734944329458
"cthm-14",20,1999,46.8085106382978,4,14.9919805136464
"cthm-14",20,2000,46.8085106382978,4,15.1358654057328
"cthm-14",20,2001,46.8085106382978,4,15.1358654057328
"cthm-14",20,2002,46.8085106382978,4,15.1358654057328
"cthm-14",20,2003,46.8085106382978,4,15.2797502978191
"cthm-14",20,2004,46.8085106382978,4,14.9919805136464
"cthm-14",20,2005,46.8085106382978,4,14.8470529774145
"cthm-14",20,2006,46.8085106382978,4,15.2818355861102
"cthm-14",20,2007,46.8085106382978,4,15.1369080498783
"cthm-14",20,2008,46.8085106382978,4,14.9909378695009
"cthm-14",20,2009,46.0992907801418,4,14.9940214341016
"cthm-14",20,2010,46.0992907801418,4,14.8490938978697
"cthm-14",20,2011,48.936170212766,4,15.415427140249
"cthm-14",20,2012,48.936170212766,4,15.1276573560763
"cthm-14",20,2013,47.5177304964539,4,14.7000845207275
"cthm-14",20,2014,47.5177304964539,4,14.8439694128139
"cthm-14",20,2015,46.8085106382979,4,14.5582405490963
"cthm-14",20,2016,46.8085106382979,4,15.1327374732961
"cthm-14",20,2017,46.8085106382979,4,15.8511192895822
"cthm-14",20,2018,46.8085106382979,4,15.9950041816685
"cthm-14",20,2019,46.8085106382979,4,15.9950041816685
"cthm-14",20,2020,46.0992907801418,4,15.709275317951
"cthm-14",20,2021,45.3900709219858,4,15.5674313463198
"cthm-14",20,2022,45.3900709219858,4,15.4235464542335
"cthm-14",20,2023,46.8085106382978,4,15.2734944329458
"cthm-14",20,2024,46.0992907801418,4,15.1316504613146
"cthm-14",20,2025,46.8085106382978,4,15.2734944329458
"drhm-01",1,1999,21.5827338129496,1,49.8877931089778
"drhm-01",1,2000,21.5827338129496,1,49.8877931089778
"drhm-01",1,2001,21.5827338129496,1,49.8877931089778
"drhm-01",1,2002,21.5827338129496,1,49.4612480228583
"drhm-01",1,2003,21.5827338129496,1,50.0326765942869
"drhm-01",1,2004,21.5827338129497,1,50.4582085091805
"drhm-01",1,2005,21.5827338129497,1,50.4582085091805
"drhm-01",1,2006,21.5827338129497,1,50.172479645463
"drhm-01",1,2007,21.5827338129497,1,49.8887917022006
"drhm-01",1,2008,21.5827338129497,1,50.0306356738318
"drhm-01",1,2009,21.5827338129496,1,50.1724796454629
"drhm-01",1,2010,21.5827338129496,1,50.1724796454629
"drhm-01",1,2011,21.5827338129496,1,50.0306356738317
"drhm-01",1,2012,21.5827338129497,1,50.0285947533766
"drhm-01",1,2013,21.5827338129497,1,49.7438936388883
"drhm-01",1,2014,21.5827338129497,1,49.4581647751707
"drhm-01",1,2015,20.863309352518,1,48.8846661272805
"drhm-01",1,2016,20.863309352518,1,49.0265100989117
"drhm-01",1,2017,20.863309352518,1,48.4560946987091
"drhm-01",1,2018,20.863309352518,1,48.4560946987091
"drhm-01",1,2019,20.863309352518,1,48.1693526637657
"drhm-01",1,2020,20.863309352518,1,47.7376979875066
"drhm-01",1,2021,20.863309352518,1,46.8743886349887
"drhm-01",1,2022,20.863309352518,1,45.0079668787766
"drhm-01",1,2023,20.863309352518,1,45.0079668787766
"drhm-01",1,2024,20.863309352518,1,44.8640819866903
"drhm-01",1,2025,20.863309352518,1,44.8640819866903
"drhm-01",2,1999,79.8561151079136,1,49.8877931089778
"drhm-01",2,2000,79.8561151079137,1,49.8877931089778
"drhm-01",2,2001,79.8561151079137,1,49.8877931089778
"drhm-01",2,2002,79.8561151079136,1,49.4612480228583
"drhm-01",2,2003,79.8561151079136,1,50.0326765942869
"drhm-01",2,2004,79.8561151079137,1,50.4582085091805
"drhm-01",2,2005,79.8561151079137,1,50.4582085091805
"drhm-01",2,2006,79.1366906474821,1,50.172479645463
"drhm-01",2,2007,79.136690647482,1,49.8887917022006
"drhm-01",2,2008,79.136690647482,1,50.0306356738318
"drhm-01",2,2009,79.136690647482,1,50.1724796454629
"drhm-01",2,2010,79.136690647482,1,50.1724796454629
"drhm-01",2,2011,79.136690647482,1,50.0306356738317
"drhm-01",2,2012,79.136690647482,1,50.0285947533766
"drhm-01",2,2013,79.136690647482,1,49.7438936388883
"drhm-01",2,2014,79.136690647482,1,49.4581647751707
"drhm-01",2,2015,77.6978417266187,1,48.8846661272805
"drhm-01",2,2016,77.6978417266187,1,49.0265100989117
"drhm-01",2,2017,77.6978417266187,1,48.4560946987091
"drhm-01",2,2018,77.6978417266187,1,48.4560946987091
"drhm-01",2,2019,77.6978417266187,1,48.1693526637657
"drhm-01",2,2020,77.6978417266187,1,47.7376979875066
"drhm-01",2,2021,77.6978417266187,1,46.8743886349887
"drhm-01",2,2022,77.6978417266187,1,45.0079668787766
"drhm-01",2,2023,77.6978417266187,1,45.0079668787766
"drhm-01",2,2024,76.9784172661871,1,44.8640819866903
"drhm-01",2,2025,76.9784172661871,1,44.8640819866903
"drhm-01",3,1999,61.1510791366906,1,49.8877931089778
"drhm-01",3,2000,61.1510791366906,1,49.8877931089778
"drhm-01",3,2001,61.1510791366906,1,49.8877931089778
"drhm-01",3,2002,61.1510791366906,1,49.4612480228583
"drhm-01",3,2003,61.1510791366906,1,50.0326765942869
"drhm-01",3,2004,61.1510791366906,1,50.4582085091805
"drhm-01",3,2005,61.1510791366906,1,50.4582085091805
"drhm-01",3,2006,61.1510791366906,1,50.172479645463
"drhm-01",3,2007,61.1510791366906,1,49.8887917022006
"drhm-01",3,2008,61.1510791366906,1,50.0306356738318
"drhm-01",3,2009,61.1510791366906,1,50.1724796454629
"drhm-01",3,2010,61.1510791366906,1,50.1724796454629
"drhm-01",3,2011,61.1510791366906,1,50.0306356738317
"drhm-01",3,2012,60.431654676259,1,50.0285947533766
"drhm-01",3,2013,60.431654676259,1,49.7438936388883
"drhm-01",3,2014,59.7122302158273,1,49.4581647751707
"drhm-01",3,2015,59.7122302158273,1,48.8846661272805
"drhm-01",3,2016,59.7122302158273,1,49.0265100989117
"drhm-01",3,2017,59.7122302158273,1,48.4560946987091
"drhm-01",3,2018,59.7122302158273,1,48.4560946987091
"drhm-01",3,2019,58.9928057553957,1,48.1693526637657
"drhm-01",3,2020,56.8345323741007,1,47.7376979875066
"drhm-01",3,2021,52.5179856115108,1,46.8743886349887
"drhm-01",3,2022,44.6043165467626,1,45.0079668787766
"drhm-01",3,2023,44.6043165467626,1,45.0079668787766
"drhm-01",3,2024,44.6043165467626,1,44.8640819866903
"drhm-01",3,2025,44.6043165467626,1,44.8640819866903
"drhm-01",4,1999,45.7142857142857,1,49.8877931089778
"drhm-01",4,2000,45.7142857142857,1,49.8877931089778
"drhm-01",4,2001,45.7142857142857,1,49.8877931089778
"drhm-01",4,2002,45,1,49.4612480228583
"drhm-01",4,2003,47.8571428571429,1,50.0326765942869
"drhm-01",4,2004,47.8571428571429,1,50.4582085091805
"drhm-01",4,2005,47.8571428571429,1,50.4582085091805
"drhm-01",4,2006,47.8571428571429,1,50.172479645463
"drhm-01",4,2007,47.8571428571429,1,49.8887917022006
"drhm-01",4,2008,47.8571428571429,1,50.0306356738318
"drhm-01",4,2009,47.8571428571429,1,50.1724796454629
"drhm-01",4,2010,47.8571428571429,1,50.1724796454629
"drhm-01",4,2011,47.8571428571429,1,50.0306356738317
"drhm-01",4,2012,47.8571428571429,1,50.0285947533766
"drhm-01",4,2013,47.1428571428571,1,49.7438936388883
"drhm-01",4,2014,47.1428571428571,1,49.4581647751707
"drhm-01",4,2015,47.1428571428571,1,48.8846661272805
"drhm-01",4,2016,47.1428571428571,1,49.0265100989117
"drhm-01",4,2017,45,1,48.4560946987091
"drhm-01",4,2018,45,1,48.4560946987091
"drhm-01",4,2019,44.2857142857143,1,48.1693526637657
"drhm-01",4,2020,44.2857142857143,1,47.7376979875066
"drhm-01",4,2021,44.2857142857143,1,46.8743886349887
"drhm-01",4,2022,44.2857142857143,1,45.0079668787766
"drhm-01",4,2023,44.2857142857143,1,45.0079668787766
"drhm-01",4,2024,44.2857142857143,1,44.8640819866903
"drhm-01",4,2025,44.2857142857143,1,44.8640819866903
"drhm-01",5,1999,41.1347517730496,1,49.8877931089778
"drhm-01",5,2000,41.1347517730496,1,49.8877931089778
"drhm-01",5,2001,41.1347517730496,1,49.8877931089778
"drhm-01",5,2002,39.7163120567376,1,49.4612480228583
"drhm-01",5,2003,39.7163120567376,1,50.0326765942869
"drhm-01",5,2004,41.8439716312057,1,50.4582085091805
"drhm-01",5,2005,41.8439716312057,1,50.4582085091805
"drhm-01",5,2006,41.1347517730496,1,50.172479645463
"drhm-01",5,2007,39.7163120567376,1,49.8887917022006
"drhm-01",5,2008,40.4255319148936,1,50.0306356738318
"drhm-01",5,2009,41.1347517730496,1,50.1724796454629
"drhm-01",5,2010,41.1347517730496,1,50.1724796454629
"drhm-01",5,2011,40.4255319148936,1,50.0306356738317
"drhm-01",5,2012,41.1347517730496,1,50.0285947533766
"drhm-01",5,2013,40.4255319148936,1,49.7438936388883
"drhm-01",5,2014,39.7163120567376,1,49.4581647751707
"drhm-01",5,2015,39.0070921985816,1,48.8846661272805
"drhm-01",5,2016,39.7163120567376,1,49.0265100989117
"drhm-01",5,2017,39.0070921985816,1,48.4560946987091
"drhm-01",5,2018,39.0070921985816,1,48.4560946987091
"drhm-01",5,2019,39.0070921985816,1,48.1693526637657
"drhm-01",5,2020,39.0070921985816,1,47.7376979875066
"drhm-01",5,2021,39.0070921985816,1,46.8743886349887
"drhm-01",5,2022,37.5886524822695,1,45.0079668787766
"drhm-01",5,2023,37.5886524822695,1,45.0079668787766
"drhm-01",5,2024,37.5886524822695,1,44.8640819866903
"drhm-01",5,2025,37.5886524822695,1,44.8640819866903
"drhm-01",6,1999,60.2836879432624,2,53.1528893443987
"drhm-01",6,2000,60.2836879432624,2,53.1528893443987
"drhm-01",6,2001,60.2836879432624,2,52.7253165090499
"drhm-01",6,2002,59.5744680851064,2,52.4385450011869
"drhm-01",6,2003,59.5744680851064,2,52.5824298932732
"drhm-01",6,2004,59.5744680851064,2,52.5824298932732
"drhm-01",6,2005,59.5744680851064,2,52.5824298932732
"drhm-01",6,2006,59.5744680851064,2,52.2967010295556
"drhm-01",6,2007,59.5744680851063,2,52.2956583854101
"drhm-01",6,2008,59.5744680851063,2,52.1517734933237
"drhm-01",6,2009,59.5744680851063,2,51.8660446296062
"drhm-01",6,2010,59.5744680851063,2,51.8660446296062
"drhm-01",6,2011,59.5744680851064,2,51.724200657975
"drhm-01",6,2012,59.5744680851064,2,51.724200657975
"drhm-01",6,2013,59.5744680851064,2,51.8701708383525
"drhm-01",6,2014,59.5744680851064,2,51.8701708383525
"drhm-01",6,2015,58.8652482269503,2,51.5833993304893
"drhm-01",6,2016,58.8652482269503,2,51.8691281942069
"drhm-01",6,2017,58.8652482269503,2,51.7272842225757
"drhm-01",6,2018,58.1560283687943,2,51.5854402509445
"drhm-01",6,2019,58.1560283687943,2,51.4435962793133
"drhm-01",6,2020,58.1560283687943,2,51.4435962793133
"drhm-01",6,2021,58.1560283687943,2,53.1457239388878
"drhm-01",6,2022,58.1560283687943,2,53.287567910519
"drhm-01",6,2023,58.1560283687943,2,52.4365040807317
"drhm-01",6,2024,58.1560283687943,2,51.3017523076821
"drhm-01",6,2025,58.1560283687943,2,51.3017523076821
"drhm-01",7,1999,36.1702127659575,2,53.1528893443987
"drhm-01",7,2000,36.1702127659575,2,53.1528893443987
"drhm-01",7,2001,36.1702127659575,2,52.7253165090499
"drhm-01",7,2002,36.1702127659575,2,52.4385450011869
"drhm-01",7,2003,36.1702127659575,2,52.5824298932732
"drhm-01",7,2004,36.1702127659574,2,52.5824298932732
"drhm-01",7,2005,36.1702127659574,2,52.5824298932732
"drhm-01",7,2006,35.4609929078014,2,52.2967010295556
"drhm-01",7,2007,35.4609929078014,2,52.2956583854101
"drhm-01",7,2008,35.4609929078014,2,52.1517734933237
"drhm-01",7,2009,35.4609929078014,2,51.8660446296062
"drhm-01",7,2010,35.4609929078014,2,51.8660446296062
"drhm-01",7,2011,34.7517730496454,2,51.724200657975
"drhm-01",7,2012,34.7517730496454,2,51.724200657975
"drhm-01",7,2013,34.7517730496454,2,51.8701708383525
"drhm-01",7,2014,34.7517730496454,2,51.8701708383525
"drhm-01",7,2015,34.7517730496454,2,51.5833993304893
"drhm-01",7,2016,35.4609929078014,2,51.8691281942069
"drhm-01",7,2017,35.4609929078015,2,51.7272842225757
"drhm-01",7,2018,35.4609929078015,2,51.5854402509445
"drhm-01",7,2019,34.7517730496454,2,51.4435962793133
"drhm-01",7,2020,34.7517730496454,2,51.4435962793133
"drhm-01",7,2021,34.0425531914894,2,53.1457239388878
"drhm-01",7,2022,34.0425531914894,2,53.287567910519
"drhm-01",7,2023,34.0425531914894,2,52.4365040807317
"drhm-01",7,2024,34.0425531914894,2,51.3017523076821
"drhm-01",7,2025,33.3333333333333,2,51.3017523076821
"drhm-01",8,1999,77.6978417266187,2,53.1528893443987
"drhm-01",8,2000,77.6978417266187,2,53.1528893443987
"drhm-01",8,2001,76.9784172661871,2,52.7253165090499
"drhm-01",8,2002,76.9784172661871,2,52.4385450011869
"drhm-01",8,2003,77.6978417266187,2,52.5824298932732
"drhm-01",8,2004,77.6978417266187,2,52.5824298932732
"drhm-01",8,2005,77.6978417266187,2,52.5824298932732
"drhm-01",8,2006,76.9784172661871,2,52.2967010295556
"drhm-01",8,2007,77.6978417266187,2,52.2956583854101
"drhm-01",8,2008,76.9784172661871,2,52.1517734933237
"drhm-01",8,2009,76.2589928057554,2,51.8660446296062
"drhm-01",8,2010,76.2589928057554,2,51.8660446296062
"drhm-01",8,2011,76.2589928057554,2,51.724200657975
"drhm-01",8,2012,76.2589928057554,2,51.724200657975
"drhm-01",8,2013,75.5395683453237,2,51.8701708383525
"drhm-01",8,2014,75.5395683453237,2,51.8701708383525
"drhm-01",8,2015,75.5395683453237,2,51.5833993304893
"drhm-01",8,2016,76.2589928057554,2,51.8691281942069
"drhm-01",8,2017,76.2589928057554,2,51.7272842225757
"drhm-01",8,2018,76.2589928057554,2,51.5854402509445
"drhm-01",8,2019,76.2589928057554,2,51.4435962793133
"drhm-01",8,2020,76.2589928057554,2,51.4435962793133
"drhm-01",8,2021,76.2589928057554,2,53.1457239388878
"drhm-01",8,2022,76.2589928057554,2,53.287567910519
"drhm-01",8,2023,76.2589928057554,2,52.4365040807317
"drhm-01",8,2024,76.2589928057554,2,51.3017523076821
"drhm-01",8,2025,76.2589928057554,2,51.3017523076821
"drhm-01",9,1999,19.1489361702128,2,53.1528893443987
"drhm-01",9,2000,19.1489361702128,2,53.1528893443987
"drhm-01",9,2001,17.7304964539007,2,52.7253165090499
"drhm-01",9,2002,17.7304964539007,2,52.4385450011869
"drhm-01",9,2003,17.7304964539007,2,52.5824298932732
"drhm-01",9,2004,17.7304964539007,2,52.5824298932732
"drhm-01",9,2005,17.7304964539007,2,52.5824298932732
"drhm-01",9,2006,17.7304964539007,2,52.2967010295556
"drhm-01",9,2007,17.7304964539007,2,52.2956583854101
"drhm-01",9,2008,17.7304964539007,2,52.1517734933237
"drhm-01",9,2009,17.0212765957447,2,51.8660446296062
"drhm-01",9,2010,17.0212765957447,2,51.8660446296062
"drhm-01",9,2011,17.0212765957447,2,51.724200657975
"drhm-01",9,2012,17.0212765957447,2,51.724200657975
"drhm-01",9,2013,17.0212765957447,2,51.8701708383525
"drhm-01",9,2014,17.0212765957447,2,51.8701708383525
"drhm-01",9,2015,17.0212765957447,2,51.5833993304893
"drhm-01",9,2016,17.0212765957447,2,51.8691281942069
"drhm-01",9,2017,16.3120567375887,2,51.7272842225757
"drhm-01",9,2018,16.3120567375887,2,51.5854402509445
"drhm-01",9,2019,16.3120567375887,2,51.4435962793133
"drhm-01",9,2020,16.3120567375887,2,51.4435962793133
"drhm-01",9,2021,25.5319148936171,2,53.1457239388878
"drhm-01",9,2022,26.2411347517731,2,53.287567910519
"drhm-01",9,2023,21.9858156028369,2,52.4365040807317
"drhm-01",9,2024,16.3120567375887,2,51.3017523076821
"drhm-01",9,2025,17.0212765957447,2,51.3017523076821
"drhm-01",10,1999,72.463768115942,2,53.1528893443987
"drhm-01",10,2000,72.463768115942,2,53.1528893443987
"drhm-01",10,2001,72.463768115942,2,52.7253165090499
"drhm-01",10,2002,71.7391304347826,2,52.4385450011869
"drhm-01",10,2003,71.7391304347826,2,52.5824298932732
"drhm-01",10,2004,71.7391304347826,2,52.5824298932732
"drhm-01",10,2005,71.7391304347826,2,52.5824298932732
"drhm-01",10,2006,71.7391304347826,2,52.2967010295556
"drhm-01",10,2007,71.0144927536232,2,52.2956583854101
"drhm-01",10,2008,71.0144927536232,2,52.1517734933237
"drhm-01",10,2009,71.0144927536232,2,51.8660446296062
"drhm-01",10,2010,71.0144927536232,2,51.8660446296062
"drhm-01",10,2011,71.0144927536232,2,51.724200657975
"drhm-01",10,2012,71.0144927536232,2,51.724200657975
"drhm-01",10,2013,72.463768115942,2,51.8701708383525
"drhm-01",10,2014,72.463768115942,2,51.8701708383525
"drhm-01",10,2015,71.7391304347826,2,51.5833993304893
"drhm-01",10,2016,71.7391304347826,2,51.8691281942069
"drhm-01",10,2017,71.7391304347826,2,51.7272842225757
"drhm-01",10,2018,71.7391304347826,2,51.5854402509445
"drhm-01",10,2019,71.7391304347826,2,51.4435962793133
"drhm-01",10,2020,71.7391304347826,2,51.4435962793133
"drhm-01",10,2021,71.7391304347826,2,53.1457239388878
"drhm-01",10,2022,71.7391304347826,2,53.287567910519
"drhm-01",10,2023,71.7391304347826,2,52.4365040807317
"drhm-01",10,2024,71.7391304347826,2,51.3017523076821
"drhm-01",10,2025,71.7391304347826,2,51.3017523076821
"drhm-01",11,1999,12.1428571428571,3,10.4064110546808
"drhm-01",11,2000,12.1428571428571,3,8.78770601870953
"drhm-01",11,2001,12.1428571428571,3,12.8571428571429
"drhm-01",11,2002,12.1428571428571,3,12.8571428571429
"drhm-01",11,2003,12.1428571428571,3,14.8064405618362
"drhm-01",11,2004,12.1428571428571,3,15.0462487153135
"drhm-01",11,2005,14.2857142857143,3,15.0411099691675
"drhm-01",11,2006,15,3,12.6413155190134
"drhm-01",11,2007,15,3,9.47205009714857
"drhm-01",11,2008,15,3,17.7202440341783
"drhm-01",11,2009,15,3,17.7202440341783
"drhm-01",11,2010,14.2857142857143,3,17.361816490499
"drhm-01",11,2011,13.5714285714286,3,16.0883545509786
"drhm-01",11,2012,13.5714285714286,3,18.3350462487153
"drhm-01",11,2013,13.5714285714286,3,10.7159986296677
"drhm-01",11,2014,15.7142857142857,3,10.001712915382
"drhm-01",11,2015,15.7142857142857,3,14.6428571428571
"drhm-01",11,2016,15.7142857142857,3,14.6428571428571
"drhm-01",11,2017,15.7142857142857,3,14.6428571428571
"drhm-01",11,2018,15.7142857142857,3,14.6428571428571
"drhm-01",11,2019,15.7142857142857,3,14.6428571428571
"drhm-01",11,2020,21.4285714285714,3,11.9064748201439
"drhm-01",11,2021,56.4285714285714,3,23.5731414868106
"drhm-01",11,2022,48.5714285714286,3,20.954093867763
"drhm-01",11,2023,45.7142857142857,3,29.6428571428572
"drhm-01",11,2024,16.4285714285714,3,15
"drhm-01",11,2025,12.8571428571429,3,13.2142857142857
"drhm-01",12,2008,1.43884892086331,3,17.7202440341783
"drhm-01",12,2009,1.43884892086331,3,17.7202440341783
"drhm-01",12,2010,0.719424460431655,3,17.361816490499
"drhm-01",12,2011,0.719424460431655,3,16.0883545509786
"drhm-01",12,2012,0.719424460431655,3,18.3350462487153
"drhm-01",12,2013,0.719424460431655,3,10.7159986296677
"drhm-01",12,2014,0.719424460431655,3,10.001712915382
"drhm-01",12,2020,0.719424460431655,3,11.9064748201439
"drhm-01",12,2021,0.719424460431655,3,23.5731414868106
"drhm-01",12,2022,0.719424460431655,3,20.954093867763
"drhm-01",13,1999,10.0719424460432,3,10.4064110546808
"drhm-01",13,2000,3.59712230215827,3,8.78770601870953
"drhm-01",13,2003,18.705035971223,3,14.8064405618362
"drhm-01",13,2004,19.4244604316547,3,15.0462487153135
"drhm-01",13,2005,17.2661870503597,3,15.0411099691675
"drhm-01",13,2006,9.35251798561151,3,12.6413155190134
"drhm-01",13,2007,2.15827338129496,3,9.47205009714857
"drhm-01",14,1999,5.83941605839416,3,10.4064110546808
"drhm-01",14,2000,5.83941605839416,3,8.78770601870953
"drhm-01",14,2007,0.72992700729927,3,9.47205009714857
"drhm-01",14,2008,7.2992700729927,3,17.7202440341783
"drhm-01",14,2009,7.2992700729927,3,17.7202440341783
"drhm-01",14,2010,7.2992700729927,3,17.361816490499
"drhm-01",14,2011,2.91970802919708,3,16.0883545509786
"drhm-01",15,1999,13.5714285714286,3,10.4064110546808
"drhm-01",15,2000,13.5714285714286,3,8.78770601870953
"drhm-01",15,2001,13.5714285714286,3,12.8571428571429
"drhm-01",15,2002,13.5714285714286,3,12.8571428571429
"drhm-01",15,2003,13.5714285714286,3,14.8064405618362
"drhm-01",15,2004,13.5714285714286,3,15.0462487153135
"drhm-01",15,2005,13.5714285714286,3,15.0411099691675
"drhm-01",15,2006,13.5714285714286,3,12.6413155190134
"drhm-01",15,2007,20,3,9.47205009714857
"drhm-01",15,2008,47.1428571428572,3,17.7202440341783
"drhm-01",15,2009,47.1428571428572,3,17.7202440341783
"drhm-01",15,2010,47.1428571428572,3,17.361816490499
"drhm-01",15,2011,47.1428571428572,3,16.0883545509786
"drhm-01",15,2012,40.7142857142857,3,18.3350462487153
"drhm-01",15,2013,17.8571428571429,3,10.7159986296677
"drhm-01",15,2014,13.5714285714286,3,10.001712915382
"drhm-01",15,2015,13.5714285714286,3,14.6428571428571
"drhm-01",15,2016,13.5714285714286,3,14.6428571428571
"drhm-01",15,2017,13.5714285714286,3,14.6428571428571
"drhm-01",15,2018,13.5714285714286,3,14.6428571428571
"drhm-01",15,2019,13.5714285714286,3,14.6428571428571
"drhm-01",15,2020,13.5714285714286,3,11.9064748201439
"drhm-01",15,2021,13.5714285714286,3,23.5731414868106
"drhm-01",15,2022,13.5714285714286,3,20.954093867763
"drhm-01",15,2023,13.5714285714286,3,29.6428571428572
"drhm-01",15,2024,13.5714285714286,3,15
"drhm-01",15,2025,13.5714285714286,3,13.2142857142857
"drhm-01",16,1999,19.8581560283688,4,29.7424580224812
"drhm-01",16,2000,19.8581560283688,4,29.7424580224812
"drhm-01",16,2001,25.5319148936171,4,31.1670648679946
"drhm-01",16,2002,36.1702127659574,4,33.1518672996056
"drhm-01",16,2003,37.5886524822695,4,33.435555242868
"drhm-01",16,2004,36.8794326241135,4,33.0059265921477
"drhm-01",16,2005,34.7517730496454,4,32.4354671410222
"drhm-01",16,2006,34.0425531914894,4,32.293623169391
"drhm-01",16,2007,32.6241134751773,4,32.0099352261286
"drhm-01",16,2008,50.354609929078,4,35.5560345169088
"drhm-01",16,2009,49.645390070922,4,35.4141905452776
"drhm-01",16,2010,49.645390070922,4,35.4141905452776
"drhm-01",16,2011,49.645390070922,4,35.1264207611049
"drhm-01",16,2012,43.9716312056738,4,33.7018139155915
"drhm-01",16,2013,35.4609929078014,4,31.999686256017
"drhm-01",16,2014,31.2056737588652,4,30.858767353766
"drhm-01",16,2015,31.2056737588652,4,30.858767353766
"drhm-01",16,2016,31.2056737588652,4,30.7159102109088
"drhm-01",16,2017,31.2056737588652,4,30.7159102109088
"drhm-01",16,2018,31.2056737588652,4,30.5730530680517
"drhm-01",16,2019,31.2056737588652,4,30.5730530680517
"drhm-01",16,2020,31.2056737588652,4,30.5730530680517
"drhm-01",16,2021,31.2056737588652,4,30.285283283879
"drhm-01",16,2022,31.2056737588652,4,30.8608228522243
"drhm-01",16,2023,32.6241134751773,4,31.1445107954868
"drhm-01",16,2024,32.6241134751773,4,31.2883956875731
"drhm-01",16,2025,32.6241134751773,4,31.2883956875731
"drhm-01",17,1999,38.1294964028777,4,29.7424580224812
"drhm-01",17,2000,38.1294964028777,4,29.7424580224812
"drhm-01",17,2001,38.1294964028777,4,31.1670648679946
"drhm-01",17,2002,38.1294964028777,4,33.1518672996056
"drhm-01",17,2003,38.1294964028777,4,33.435555242868
"drhm-01",17,2004,38.1294964028777,4,33.0059265921477
"drhm-01",17,2005,38.1294964028777,4,32.4354671410222
"drhm-01",17,2006,38.1294964028777,4,32.293623169391
"drhm-01",17,2007,38.1294964028777,4,32.0099352261286
"drhm-01",17,2008,38.1294964028777,4,35.5560345169088
"drhm-01",17,2009,38.1294964028777,4,35.4141905452776
"drhm-01",17,2010,38.1294964028777,4,35.4141905452776
"drhm-01",17,2011,36.6906474820144,4,35.1264207611049
"drhm-01",17,2012,36.6906474820144,4,33.7018139155915
"drhm-01",17,2013,36.6906474820144,4,31.999686256017
"drhm-01",17,2014,36.6906474820144,4,30.858767353766
"drhm-01",17,2015,36.6906474820144,4,30.858767353766
"drhm-01",17,2016,36.6906474820144,4,30.7159102109088
"drhm-01",17,2017,36.6906474820144,4,30.7159102109088
"drhm-01",17,2018,36.6906474820144,4,30.5730530680517
"drhm-01",17,2019,36.6906474820144,4,30.5730530680517
"drhm-01",17,2020,36.6906474820144,4,30.5730530680517
"drhm-01",17,2021,35.2517985611511,4,30.285283283879
"drhm-01",17,2022,38.1294964028777,4,30.8608228522243
"drhm-01",17,2023,38.1294964028777,4,31.1445107954868
"drhm-01",17,2024,38.8489208633094,4,31.2883956875731
"drhm-01",17,2025,38.8489208633094,4,31.2883956875731
"drhm-01",18,1999,40,4,29.7424580224812
"drhm-01",18,2000,40,4,29.7424580224812
"drhm-01",18,2001,40,4,31.1670648679946
"drhm-01",18,2002,39.2857142857143,4,33.1518672996056
"drhm-01",18,2003,39.2857142857143,4,33.435555242868
"drhm-01",18,2004,38.5714285714286,4,33.0059265921477
"drhm-01",18,2005,38.5714285714286,4,32.4354671410222
"drhm-01",18,2006,38.5714285714286,4,32.293623169391
"drhm-01",18,2007,38.5714285714286,4,32.0099352261286
"drhm-01",18,2008,38.5714285714286,4,35.5560345169088
"drhm-01",18,2009,38.5714285714286,4,35.4141905452776
"drhm-01",18,2010,38.5714285714286,4,35.4141905452776
"drhm-01",18,2011,38.5714285714286,4,35.1264207611049
"drhm-01",18,2012,38.5714285714286,4,33.7018139155915
"drhm-01",18,2013,38.5714285714286,4,31.999686256017
"drhm-01",18,2014,38.5714285714286,4,30.858767353766
"drhm-01",18,2015,38.5714285714286,4,30.858767353766
"drhm-01",18,2016,37.8571428571429,4,30.7159102109088
"drhm-01",18,2017,37.8571428571429,4,30.7159102109088
"drhm-01",18,2018,37.1428571428571,4,30.5730530680517
"drhm-01",18,2019,37.1428571428571,4,30.5730530680517
"drhm-01",18,2020,37.1428571428571,4,30.5730530680517
"drhm-01",18,2021,37.1428571428571,4,30.285283283879
"drhm-01",18,2022,37.1428571428571,4,30.8608228522243
"drhm-01",18,2023,37.1428571428571,4,31.1445107954868
"drhm-01",18,2024,37.1428571428571,4,31.2883956875731
"drhm-01",18,2025,37.1428571428571,4,31.2883956875731
"drhm-01",19,1999,26.8115942028986,4,29.7424580224812
"drhm-01",19,2000,26.8115942028986,4,29.7424580224812
"drhm-01",19,2001,26.8115942028986,4,31.1670648679946
"drhm-01",19,2002,26.8115942028986,4,33.1518672996056
"drhm-01",19,2003,26.8115942028986,4,33.435555242868
"drhm-01",19,2004,26.8115942028986,4,33.0059265921477
"drhm-01",19,2005,26.8115942028986,4,32.4354671410222
"drhm-01",19,2006,26.8115942028986,4,32.293623169391
"drhm-01",19,2007,26.8115942028986,4,32.0099352261286
"drhm-01",19,2008,26.8115942028986,4,35.5560345169088
"drhm-01",19,2009,26.8115942028986,4,35.4141905452776
"drhm-01",19,2010,26.8115942028986,4,35.4141905452776
"drhm-01",19,2011,26.8115942028986,4,35.1264207611049
"drhm-01",19,2012,26.8115942028986,4,33.7018139155915
"drhm-01",19,2013,26.8115942028986,4,31.999686256017
"drhm-01",19,2014,25.3623188405797,4,30.858767353766
"drhm-01",19,2015,25.3623188405797,4,30.858767353766
"drhm-01",19,2016,25.3623188405797,4,30.7159102109088
"drhm-01",19,2017,25.3623188405797,4,30.7159102109088
"drhm-01",19,2018,25.3623188405797,4,30.5730530680517
"drhm-01",19,2019,25.3623188405797,4,30.5730530680517
"drhm-01",19,2020,25.3623188405797,4,30.5730530680517
"drhm-01",19,2021,25.3623188405797,4,30.285283283879
"drhm-01",19,2022,25.3623188405797,4,30.8608228522243
"drhm-01",19,2023,25.3623188405797,4,31.1445107954868
"drhm-01",19,2024,25.3623188405797,4,31.2883956875731
"drhm-01",19,2025,25.3623188405797,4,31.2883956875731
"drhm-01",20,1999,23.9130434782609,4,29.7424580224812
"drhm-01",20,2000,23.9130434782609,4,29.7424580224812
"drhm-01",20,2001,25.3623188405797,4,31.1670648679946
"drhm-01",20,2002,25.3623188405797,4,33.1518672996056
"drhm-01",20,2003,25.3623188405797,4,33.435555242868
"drhm-01",20,2004,24.6376811594203,4,33.0059265921477
"drhm-01",20,2005,23.9130434782609,4,32.4354671410222
"drhm-01",20,2006,23.9130434782609,4,32.293623169391
"drhm-01",20,2007,23.9130434782609,4,32.0099352261286
"drhm-01",20,2008,23.9130434782609,4,35.5560345169088
"drhm-01",20,2009,23.9130434782609,4,35.4141905452776
"drhm-01",20,2010,23.9130434782609,4,35.4141905452776
"drhm-01",20,2011,23.9130434782609,4,35.1264207611049
"drhm-01",20,2012,22.463768115942,4,33.7018139155915
"drhm-01",20,2013,22.463768115942,4,31.999686256017
"drhm-01",20,2014,22.463768115942,4,30.858767353766
"drhm-01",20,2015,22.463768115942,4,30.858767353766
"drhm-01",20,2016,22.463768115942,4,30.7159102109088
"drhm-01",20,2017,22.463768115942,4,30.7159102109088
"drhm-01",20,2018,22.463768115942,4,30.5730530680517
"drhm-01",20,2019,22.463768115942,4,30.5730530680517
"drhm-01",20,2020,22.463768115942,4,30.5730530680517
"drhm-01",20,2021,22.463768115942,4,30.285283283879
"drhm-01",20,2022,22.463768115942,4,30.8608228522243
"drhm-01",20,2023,22.463768115942,4,31.1445107954868
"drhm-01",20,2024,22.463768115942,4,31.2883956875731
"drhm-01",20,2025,22.463768115942,4,31.2883956875731
"drhm-02",3,1999,1.44927536231884,1,3.81642512077295
"drhm-02",3,2000,1.44927536231884,1,3.81642512077295
"drhm-02",3,2001,1.44927536231884,1,4.29261559696342
"drhm-02",3,2002,1.44927536231884,1,6.08178053830228
"drhm-02",3,2003,1.44927536231884,1,6.08178053830228
"drhm-02",3,2004,1.44927536231884,1,4.05452035886819
"drhm-02",3,2005,1.44927536231884,1,3.81642512077295
"drhm-02",3,2006,1.44927536231884,1,3.57832988267771
"drhm-02",3,2007,1.44927536231884,1,3.57832988267771
"drhm-02",3,2008,1.44927536231884,1,3.57832988267771
"drhm-02",3,2009,1.44927536231884,1,5.0103519668737
"drhm-02",3,2010,1.44927536231884,1,5.0103519668737
"drhm-02",3,2011,1.44927536231884,1,5.0103519668737
"drhm-02",3,2012,0.72463768115942,1,4.64803312629399
"drhm-02",3,2013,0.72463768115942,1,4.64803312629399
"drhm-02",3,2014,0.72463768115942,1,4.64803312629399
"drhm-02",3,2015,0.72463768115942,1,4.64803312629399
"drhm-02",3,2016,0.72463768115942,1,4.64803312629399
"drhm-02",3,2017,0.72463768115942,1,4.64803312629399
"drhm-02",3,2018,0.72463768115942,1,4.64803312629399
"drhm-02",3,2019,0.72463768115942,1,4.64803312629399
"drhm-02",3,2020,0.72463768115942,1,4.64803312629399
"drhm-02",3,2021,0.72463768115942,1,4.64803312629399
"drhm-02",3,2022,0.72463768115942,1,4.64803312629399
"drhm-02",3,2023,0.72463768115942,1,4.64803312629399
"drhm-02",3,2024,0.72463768115942,1,4.64803312629399
"drhm-02",3,2025,0.72463768115942,1,4.64803312629399
"drhm-02",4,1999,0.714285714285714,1,3.81642512077295
"drhm-02",4,2000,0.714285714285714,1,3.81642512077295
"drhm-02",4,2001,0.714285714285714,1,4.29261559696342
"drhm-02",4,2004,0.714285714285714,1,4.05452035886819
"drhm-02",4,2005,0.714285714285714,1,3.81642512077295
"drhm-02",4,2006,0.714285714285714,1,3.57832988267771
"drhm-02",4,2007,0.714285714285714,1,3.57832988267771
"drhm-02",4,2008,0.714285714285714,1,3.57832988267771
"drhm-02",5,1999,9.28571428571429,1,3.81642512077295
"drhm-02",5,2000,9.28571428571429,1,3.81642512077295
"drhm-02",5,2001,10.7142857142857,1,4.29261559696342
"drhm-02",5,2002,10.7142857142857,1,6.08178053830228
"drhm-02",5,2003,10.7142857142857,1,6.08178053830228
"drhm-02",5,2004,10,1,4.05452035886819
"drhm-02",5,2005,9.28571428571429,1,3.81642512077295
"drhm-02",5,2006,8.57142857142857,1,3.57832988267771
"drhm-02",5,2007,8.57142857142857,1,3.57832988267771
"drhm-02",5,2008,8.57142857142857,1,3.57832988267771
"drhm-02",5,2009,8.57142857142857,1,5.0103519668737
"drhm-02",5,2010,8.57142857142857,1,5.0103519668737
"drhm-02",5,2011,8.57142857142857,1,5.0103519668737
"drhm-02",5,2012,8.57142857142857,1,4.64803312629399
"drhm-02",5,2013,8.57142857142857,1,4.64803312629399
"drhm-02",5,2014,8.57142857142857,1,4.64803312629399
"drhm-02",5,2015,8.57142857142857,1,4.64803312629399
"drhm-02",5,2016,8.57142857142857,1,4.64803312629399
"drhm-02",5,2017,8.57142857142857,1,4.64803312629399
"drhm-02",5,2018,8.57142857142857,1,4.64803312629399
"drhm-02",5,2019,8.57142857142857,1,4.64803312629399
"drhm-02",5,2020,8.57142857142857,1,4.64803312629399
"drhm-02",5,2021,8.57142857142857,1,4.64803312629399
"drhm-02",5,2022,8.57142857142857,1,4.64803312629399
"drhm-02",5,2023,8.57142857142857,1,4.64803312629399
"drhm-02",5,2024,8.57142857142857,1,4.64803312629399
"drhm-02",5,2025,8.57142857142857,1,4.64803312629399
"drhm-02",6,1999,45.985401459854,2,22.327711871503
"drhm-02",6,2000,45.985401459854,2,24.1262730225821
"drhm-02",6,2001,45.985401459854,2,20.0204428784973
"drhm-02",6,2002,45.985401459854,2,20.4520975547563
"drhm-02",6,2003,45.985401459854,2,18.8693637418067
"drhm-02",6,2004,45.985401459854,2,18.5316339256596
"drhm-02",6,2005,45.985401459854,2,19.1021774908075
"drhm-02",6,2006,45.985401459854,2,18.9603335191763
"drhm-02",6,2007,45.985401459854,2,19.5358730875216
"drhm-02",6,2008,45.985401459854,2,19.2481033033489
"drhm-02",6,2009,45.985401459854,2,19.1042184112626
"drhm-02",6,2010,45.985401459854,2,18.6725637350036
"drhm-02",6,2011,45.985401459854,2,18.8164486270899
"drhm-02",6,2012,45.985401459854,2,18.8164486270899
"drhm-02",6,2013,45.985401459854,2,18.5286788429173
"drhm-02",6,2014,45.2554744525547,2,18.9582330098027
"drhm-02",6,2015,45.2554744525547,2,18.8043561113215
"drhm-02",6,2016,45.2554744525547,2,18.5215823303463
"drhm-02",6,2017,45.2554744525547,2,18.37769743826
"drhm-02",6,2018,45.2554744525547,2,18.37769743826
"drhm-02",6,2019,45.2554744525547,2,18.5215823303463
"drhm-02",6,2020,45.2554744525547,2,18.37769743826
"drhm-02",6,2021,45.2554744525547,2,21.3992801720729
"drhm-02",6,2022,44.5255474452555,2,20.8216400943541
"drhm-02",6,2023,45.2554744525547,2,21.8309348483319
"drhm-02",6,2024,44.5255474452555,2,18.8072516051454
"drhm-02",6,2025,45.2554744525547,2,18.8143481177164
"drhm-02",7,2001,0.719424460431655,2,20.0204428784973
"drhm-02",7,2002,0.719424460431655,2,20.4520975547563
"drhm-02",7,2003,0.719424460431655,2,18.8693637418067
"drhm-02",7,2004,0.719424460431655,2,18.5316339256596
"drhm-02",7,2005,1.43884892086331,2,19.1021774908075
"drhm-02",7,2006,1.43884892086331,2,18.9603335191763
"drhm-02",7,2007,1.43884892086331,2,19.5358730875216
"drhm-02",7,2008,1.43884892086331,2,19.2481033033489
"drhm-02",7,2009,1.43884892086331,2,19.1042184112626
"drhm-02",7,2010,1.43884892086331,2,18.6725637350036
"drhm-02",7,2011,1.43884892086331,2,18.8164486270899
"drhm-02",7,2012,1.43884892086331,2,18.8164486270899
"drhm-02",7,2013,1.43884892086331,2,18.5286788429173
"drhm-02",7,2014,1.43884892086331,2,18.9582330098027
"drhm-02",7,2015,1.43884892086331,2,18.8043561113215
"drhm-02",7,2016,1.43884892086331,2,18.5215823303463
"drhm-02",7,2017,1.43884892086331,2,18.37769743826
"drhm-02",7,2018,1.43884892086331,2,18.37769743826
"drhm-02",7,2019,1.43884892086331,2,18.5215823303463
"drhm-02",7,2020,1.43884892086331,2,18.37769743826
"drhm-02",7,2021,1.43884892086331,2,21.3992801720729
"drhm-02",7,2022,1.43884892086331,2,20.8216400943541
"drhm-02",7,2023,0.719424460431655,2,21.8309348483319
"drhm-02",7,2024,0.719424460431655,2,18.8072516051454
"drhm-02",7,2025,1.43884892086331,2,18.8143481177164
"drhm-02",8,1999,9.02777777777778,2,22.327711871503
"drhm-02",8,2000,9.02777777777778,2,24.1262730225821
"drhm-02",8,2001,9.02777777777778,2,20.0204428784973
"drhm-02",8,2002,9.02777777777778,2,20.4520975547563
"drhm-02",8,2003,9.02777777777778,2,18.8693637418067
"drhm-02",8,2004,15.9722222222222,2,18.5316339256596
"drhm-02",8,2005,16.6666666666667,2,19.1021774908075
"drhm-02",8,2006,16.6666666666667,2,18.9603335191763
"drhm-02",8,2007,16.6666666666667,2,19.5358730875216
"drhm-02",8,2008,16.6666666666667,2,19.2481033033489
"drhm-02",8,2009,16.6666666666667,2,19.1042184112626
"drhm-02",8,2010,16.6666666666667,2,18.6725637350036
"drhm-02",8,2011,16.6666666666667,2,18.8164486270899
"drhm-02",8,2012,16.6666666666667,2,18.8164486270899
"drhm-02",8,2013,16.6666666666667,2,18.5286788429173
"drhm-02",8,2014,16.6666666666667,2,18.9582330098027
"drhm-02",8,2015,18.0555555555556,2,18.8043561113215
"drhm-02",8,2016,17.3611111111111,2,18.5215823303463
"drhm-02",8,2017,17.3611111111111,2,18.37769743826
"drhm-02",8,2018,17.3611111111111,2,18.37769743826
"drhm-02",8,2019,17.3611111111111,2,18.5215823303463
"drhm-02",8,2020,17.3611111111111,2,18.37769743826
"drhm-02",8,2021,17.3611111111111,2,21.3992801720729
"drhm-02",8,2022,17.3611111111111,2,20.8216400943541
"drhm-02",8,2023,17.3611111111111,2,21.8309348483319
"drhm-02",8,2024,17.3611111111111,2,18.8072516051454
"drhm-02",8,2025,16.6666666666667,2,18.8143481177164
"drhm-02",9,1999,16.3120567375887,2,22.327711871503
"drhm-02",9,2000,16.3120567375887,2,24.1262730225821
"drhm-02",9,2001,16.3120567375887,2,20.0204428784973
"drhm-02",9,2002,16.3120567375887,2,20.4520975547563
"drhm-02",9,2003,16.3120567375887,2,18.8693637418067
"drhm-02",9,2004,16.3120567375887,2,18.5316339256596
"drhm-02",9,2005,16.3120567375887,2,19.1021774908075
"drhm-02",9,2006,15.6028368794326,2,18.9603335191763
"drhm-02",9,2007,15.6028368794326,2,19.5358730875216
"drhm-02",9,2008,15.6028368794326,2,19.2481033033489
"drhm-02",9,2009,15.6028368794326,2,19.1042184112626
"drhm-02",9,2010,15.6028368794326,2,18.6725637350036
"drhm-02",9,2011,15.6028368794326,2,18.8164486270899
"drhm-02",9,2012,15.6028368794326,2,18.8164486270899
"drhm-02",9,2013,15.6028368794326,2,18.5286788429173
"drhm-02",9,2014,15.6028368794326,2,18.9582330098027
"drhm-02",9,2015,15.6028368794326,2,18.8043561113215
"drhm-02",9,2016,15.6028368794326,2,18.5215823303463
"drhm-02",9,2017,15.6028368794326,2,18.37769743826
"drhm-02",9,2018,15.6028368794326,2,18.37769743826
"drhm-02",9,2019,15.6028368794326,2,18.5215823303463
"drhm-02",9,2020,15.6028368794326,2,18.37769743826
"drhm-02",9,2021,15.6028368794326,2,21.3992801720729
"drhm-02",9,2022,15.6028368794326,2,20.8216400943541
"drhm-02",9,2023,15.6028368794326,2,21.8309348483319
"drhm-02",9,2024,15.6028368794326,2,18.8072516051454
"drhm-02",9,2025,15.6028368794326,2,18.8143481177164
"drhm-02",10,1999,17.9856115107914,2,22.327711871503
"drhm-02",10,2000,25.1798561151079,2,24.1262730225821
"drhm-02",10,2001,28.0575539568345,2,20.0204428784973
"drhm-02",10,2002,30.2158273381295,2,20.4520975547563
"drhm-02",10,2003,22.3021582733813,2,18.8693637418067
"drhm-02",10,2004,13.6690647482014,2,18.5316339256596
"drhm-02",10,2005,15.1079136690647,2,19.1021774908075
"drhm-02",10,2006,15.1079136690647,2,18.9603335191763
"drhm-02",10,2007,17.9856115107914,2,19.5358730875216
"drhm-02",10,2008,16.546762589928,2,19.2481033033489
"drhm-02",10,2009,15.8273381294964,2,19.1042184112626
"drhm-02",10,2010,13.6690647482014,2,18.6725637350036
"drhm-02",10,2011,14.3884892086331,2,18.8164486270899
"drhm-02",10,2012,14.3884892086331,2,18.8164486270899
"drhm-02",10,2013,12.9496402877698,2,18.5286788429173
"drhm-02",10,2014,15.8273381294964,2,18.9582330098027
"drhm-02",10,2015,13.6690647482014,2,18.8043561113215
"drhm-02",10,2016,12.9496402877698,2,18.5215823303463
"drhm-02",10,2017,12.2302158273381,2,18.37769743826
"drhm-02",10,2018,12.2302158273381,2,18.37769743826
"drhm-02",10,2019,12.9496402877698,2,18.5215823303463
"drhm-02",10,2020,12.2302158273381,2,18.37769743826
"drhm-02",10,2021,27.3381294964029,2,21.3992801720729
"drhm-02",10,2022,25.1798561151079,2,20.8216400943541
"drhm-02",10,2023,30.2158273381295,2,21.8309348483319
"drhm-02",10,2024,15.8273381294964,2,18.8072516051454
"drhm-02",10,2025,15.1079136690648,2,18.8143481177164
"drhm-02",11,1999,50.7246376811594,3,48.3664596273292
"drhm-02",11,2000,50.7246376811594,3,48.3664596273292
"drhm-02",11,2001,50,3,48.2215320910973
"drhm-02",11,2002,50,3,48.2215320910973
"drhm-02",11,2003,50,3,48.2215320910973
"drhm-02",11,2004,50,3,48.2215320910973
"drhm-02",11,2005,50,3,48.2215320910973
"drhm-02",11,2006,50,3,47.9316770186335
"drhm-02",11,2007,50,3,48.656314699793
"drhm-02",11,2008,50,3,48.656314699793
"drhm-02",11,2009,50,3,48.656314699793
"drhm-02",11,2010,50,3,48.6563146997929
"drhm-02",11,2011,50,3,48.6563146997929
"drhm-02",11,2012,50,3,48.6563146997929
"drhm-02",11,2013,50,3,48.3685300207039
"drhm-02",11,2014,50,3,48.0807453416149
"drhm-02",11,2015,50,3,48.223602484472
"drhm-02",11,2016,50,3,48.223602484472
"drhm-02",11,2017,50,3,48.223602484472
"drhm-02",11,2018,50,3,48.223602484472
"drhm-02",11,2019,50,3,48.0807453416149
"drhm-02",11,2020,50,3,48.0807453416149
"drhm-02",11,2021,50,3,47.7950310559006
"drhm-02",11,2022,50,3,47.0807453416149
"drhm-02",11,2023,50,3,46.9378881987578
"drhm-02",11,2024,49.2753623188406,3,46.648033126294
"drhm-02",11,2025,49.2753623188406,3,46.5051759834369
"drhm-02",12,1999,56.5217391304348,3,48.3664596273292
"drhm-02",12,2000,56.5217391304348,3,48.3664596273292
"drhm-02",12,2001,56.5217391304348,3,48.2215320910973
"drhm-02",12,2002,56.5217391304348,3,48.2215320910973
"drhm-02",12,2003,56.5217391304348,3,48.2215320910973
"drhm-02",12,2004,56.5217391304348,3,48.2215320910973
"drhm-02",12,2005,56.5217391304348,3,48.2215320910973
"drhm-02",12,2006,55.0724637681159,3,47.9316770186335
"drhm-02",12,2007,58.695652173913,3,48.656314699793
"drhm-02",12,2008,58.695652173913,3,48.656314699793
"drhm-02",12,2009,58.695652173913,3,48.656314699793
"drhm-02",12,2010,58.695652173913,3,48.6563146997929
"drhm-02",12,2011,58.695652173913,3,48.6563146997929
"drhm-02",12,2012,58.695652173913,3,48.6563146997929
"drhm-02",12,2013,57.9710144927536,3,48.3685300207039
"drhm-02",12,2014,57.2463768115942,3,48.0807453416149
"drhm-02",12,2015,57.2463768115942,3,48.223602484472
"drhm-02",12,2016,57.2463768115942,3,48.223602484472
"drhm-02",12,2017,57.2463768115942,3,48.223602484472
"drhm-02",12,2018,57.2463768115942,3,48.223602484472
"drhm-02",12,2019,57.2463768115942,3,48.0807453416149
"drhm-02",12,2020,57.2463768115942,3,48.0807453416149
"drhm-02",12,2021,57.2463768115942,3,47.7950310559006
"drhm-02",12,2022,57.2463768115942,3,47.0807453416149
"drhm-02",12,2023,57.2463768115942,3,46.9378881987578
"drhm-02",12,2024,56.5217391304348,3,46.648033126294
"drhm-02",12,2025,56.5217391304348,3,46.5051759834369
"drhm-02",13,1999,32.8571428571429,3,48.3664596273292
"drhm-02",13,2000,32.8571428571429,3,48.3664596273292
"drhm-02",13,2001,32.8571428571429,3,48.2215320910973
"drhm-02",13,2002,32.8571428571429,3,48.2215320910973
"drhm-02",13,2003,32.8571428571429,3,48.2215320910973
"drhm-02",13,2004,32.8571428571429,3,48.2215320910973
"drhm-02",13,2005,32.8571428571429,3,48.2215320910973
"drhm-02",13,2006,32.8571428571429,3,47.9316770186335
"drhm-02",13,2007,32.8571428571429,3,48.656314699793
"drhm-02",13,2008,32.8571428571429,3,48.656314699793
"drhm-02",13,2009,32.8571428571429,3,48.656314699793
"drhm-02",13,2010,32.8571428571428,3,48.6563146997929
"drhm-02",13,2011,32.8571428571428,3,48.6563146997929
"drhm-02",13,2012,32.8571428571428,3,48.6563146997929
"drhm-02",13,2013,32.8571428571428,3,48.3685300207039
"drhm-02",13,2014,32.8571428571428,3,48.0807453416149
"drhm-02",13,2015,32.8571428571428,3,48.223602484472
"drhm-02",13,2016,32.8571428571428,3,48.223602484472
"drhm-02",13,2017,32.8571428571428,3,48.223602484472
"drhm-02",13,2018,32.8571428571428,3,48.223602484472
"drhm-02",13,2019,32.8571428571428,3,48.0807453416149
"drhm-02",13,2020,32.8571428571428,3,48.0807453416149
"drhm-02",13,2021,32.8571428571428,3,47.7950310559006
"drhm-02",13,2022,32.8571428571428,3,47.0807453416149
"drhm-02",13,2023,32.1428571428571,3,46.9378881987578
"drhm-02",13,2024,32.1428571428571,3,46.648033126294
"drhm-02",13,2025,32.1428571428571,3,46.5051759834369
"drhm-02",14,1999,21.0144927536232,3,48.3664596273292
"drhm-02",14,2000,21.0144927536232,3,48.3664596273292
"drhm-02",14,2001,21.0144927536232,3,48.2215320910973
"drhm-02",14,2002,21.0144927536232,3,48.2215320910973
"drhm-02",14,2003,21.0144927536232,3,48.2215320910973
"drhm-02",14,2004,21.0144927536232,3,48.2215320910973
"drhm-02",14,2005,21.0144927536232,3,48.2215320910973
"drhm-02",14,2006,21.0144927536232,3,47.9316770186335
"drhm-02",14,2007,21.0144927536232,3,48.656314699793
"drhm-02",14,2008,21.0144927536232,3,48.656314699793
"drhm-02",14,2009,21.0144927536232,3,48.656314699793
"drhm-02",14,2010,21.0144927536232,3,48.6563146997929
"drhm-02",14,2011,21.0144927536232,3,48.6563146997929
"drhm-02",14,2012,21.0144927536232,3,48.6563146997929
"drhm-02",14,2013,21.0144927536232,3,48.3685300207039
"drhm-02",14,2014,21.0144927536232,3,48.0807453416149
"drhm-02",14,2015,21.0144927536232,3,48.223602484472
"drhm-02",14,2016,21.0144927536232,3,48.223602484472
"drhm-02",14,2017,21.0144927536232,3,48.223602484472
"drhm-02",14,2018,21.0144927536232,3,48.223602484472
"drhm-02",14,2019,21.0144927536232,3,48.0807453416149
"drhm-02",14,2020,21.0144927536232,3,48.0807453416149
"drhm-02",14,2021,21.0144927536232,3,47.7950310559006
"drhm-02",14,2022,21.0144927536232,3,47.0807453416149
"drhm-02",14,2023,21.0144927536232,3,46.9378881987578
"drhm-02",14,2024,21.0144927536232,3,46.648033126294
"drhm-02",14,2025,21.0144927536232,3,46.5051759834369
"drhm-02",15,1999,80.7142857142857,3,48.3664596273292
"drhm-02",15,2000,80.7142857142857,3,48.3664596273292
"drhm-02",15,2001,80.7142857142857,3,48.2215320910973
"drhm-02",15,2002,80.7142857142857,3,48.2215320910973
"drhm-02",15,2003,80.7142857142857,3,48.2215320910973
"drhm-02",15,2004,80.7142857142857,3,48.2215320910973
"drhm-02",15,2005,80.7142857142857,3,48.2215320910973
"drhm-02",15,2006,80.7142857142857,3,47.9316770186335
"drhm-02",15,2007,80.7142857142857,3,48.656314699793
"drhm-02",15,2008,80.7142857142857,3,48.656314699793
"drhm-02",15,2009,80.7142857142857,3,48.656314699793
"drhm-02",15,2010,80.7142857142857,3,48.6563146997929
"drhm-02",15,2011,80.7142857142857,3,48.6563146997929
"drhm-02",15,2012,80.7142857142857,3,48.6563146997929
"drhm-02",15,2013,80,3,48.3685300207039
"drhm-02",15,2014,79.2857142857143,3,48.0807453416149
"drhm-02",15,2015,80,3,48.223602484472
"drhm-02",15,2016,80,3,48.223602484472
"drhm-02",15,2017,80,3,48.223602484472
"drhm-02",15,2018,80,3,48.223602484472
"drhm-02",15,2019,79.2857142857143,3,48.0807453416149
"drhm-02",15,2020,79.2857142857143,3,48.0807453416149
"drhm-02",15,2021,77.8571428571428,3,47.7950310559006
"drhm-02",15,2022,74.2857142857143,3,47.0807453416149
"drhm-02",15,2023,74.2857142857143,3,46.9378881987578
"drhm-02",15,2024,74.2857142857143,3,46.648033126294
"drhm-02",15,2025,73.5714285714286,3,46.5051759834369
"drhm-02",16,1999,15.6028368794326,4,15.797716894543
"drhm-02",16,2000,21.2765957446808,4,17.076353559679
"drhm-02",16,2001,21.2765957446808,4,16.7885837755063
"drhm-02",16,2002,21.2765957446808,4,16.213044207161
"drhm-02",16,2003,21.2765957446808,4,16.9222640653171
"drhm-02",16,2004,21.9858156028369,4,16.7804200936858
"drhm-02",16,2005,20.5673758865249,4,17.3600415029414
"drhm-02",16,2006,19.8581560283688,4,17.2181975313102
"drhm-02",16,2007,17.7304964539008,4,16.7926656164166
"drhm-02",16,2008,17.0212765957447,4,17.6498084735595
"drhm-02",16,2009,17.0212765957447,4,17.6498084735595
"drhm-02",16,2010,16.3120567375887,4,17.5079645019283
"drhm-02",16,2011,16.3120567375887,4,17.5079645019283
"drhm-02",16,2012,16.3120567375887,4,16.9365359304997
"drhm-02",16,2013,16.3120567375887,4,15.926183963626
"drhm-02",16,2014,21.9858156028369,4,17.2037928795328
"drhm-02",16,2015,21.2765957446809,4,19.0629620791275
"drhm-02",16,2016,20.5673758865249,4,18.7782609646391
"drhm-02",16,2017,16.3120567375887,4,16.3557685634234
"drhm-02",16,2018,16.3120567375887,4,19.3773512972363
"drhm-02",16,2019,16.3120567375887,4,19.6630655829506
"drhm-02",16,2020,16.3120567375887,4,19.3763235480071
"drhm-02",16,2021,16.3120567375887,4,17.6538158398879
"drhm-02",16,2022,16.3120567375887,4,15.9190480310347
"drhm-02",16,2023,16.3120567375887,4,15.9190480310347
"drhm-02",16,2024,16.3120567375887,4,15.6353600877723
"drhm-02",16,2025,16.3120567375887,4,15.9251707924001
"drhm-02",17,1999,11.4285714285714,4,15.797716894543
"drhm-02",17,2000,11.4285714285714,4,17.076353559679
"drhm-02",17,2001,11.4285714285714,4,16.7885837755063
"drhm-02",17,2002,11.4285714285714,4,16.213044207161
"drhm-02",17,2003,11.4285714285714,4,16.9222640653171
"drhm-02",17,2004,11.4285714285714,4,16.7804200936858
"drhm-02",17,2005,11.4285714285714,4,17.3600415029414
"drhm-02",17,2006,11.4285714285714,4,17.2181975313102
"drhm-02",17,2007,11.4285714285714,4,16.7926656164166
"drhm-02",17,2008,15.7142857142857,4,17.6498084735595
"drhm-02",17,2009,15.7142857142857,4,17.6498084735595
"drhm-02",17,2010,15.7142857142857,4,17.5079645019283
"drhm-02",17,2011,15.7142857142857,4,17.5079645019283
"drhm-02",17,2012,12.8571428571428,4,16.9365359304997
"drhm-02",17,2013,11.4285714285714,4,15.926183963626
"drhm-02",17,2014,12.1428571428571,4,17.2037928795328
"drhm-02",17,2015,22.8571428571428,4,19.0629620791275
"drhm-02",17,2016,22.1428571428571,4,18.7782609646391
"drhm-02",17,2017,14.2857142857143,4,16.3557685634234
"drhm-02",17,2018,14.2857142857143,4,19.3773512972363
"drhm-02",17,2019,15.7142857142857,4,19.6630655829506
"drhm-02",17,2020,15,4,19.3763235480071
"drhm-02",17,2021,12.1428571428571,4,17.6538158398879
"drhm-02",17,2022,10.7142857142857,4,15.9190480310347
"drhm-02",17,2023,10.7142857142857,4,15.9190480310347
"drhm-02",17,2024,10.7142857142857,4,15.6353600877723
"drhm-02",17,2025,10.7142857142857,4,15.9251707924001
"drhm-02",18,1999,8.63309352517985,4,15.797716894543
"drhm-02",18,2000,9.35251798561151,4,17.076353559679
"drhm-02",18,2001,7.9136690647482,4,16.7885837755063
"drhm-02",18,2002,5.03597122302158,4,16.213044207161
"drhm-02",18,2003,5.03597122302158,4,16.9222640653171
"drhm-02",18,2004,5.03597122302158,4,16.7804200936858
"drhm-02",18,2005,9.35251798561151,4,17.3600415029414
"drhm-02",18,2006,9.35251798561151,4,17.2181975313102
"drhm-02",18,2007,9.35251798561151,4,16.7926656164166
"drhm-02",18,2008,9.35251798561151,4,17.6498084735595
"drhm-02",18,2009,9.35251798561151,4,17.6498084735595
"drhm-02",18,2010,9.35251798561151,4,17.5079645019283
"drhm-02",18,2011,9.35251798561151,4,17.5079645019283
"drhm-02",18,2012,9.35251798561151,4,16.9365359304997
"drhm-02",18,2013,9.35251798561151,4,15.926183963626
"drhm-02",18,2014,9.35251798561151,4,17.2037928795328
"drhm-02",18,2015,9.35251798561151,4,19.0629620791275
"drhm-02",18,2016,9.35251798561151,4,18.7782609646391
"drhm-02",18,2017,9.35251798561151,4,16.3557685634234
"drhm-02",18,2018,24.4604316546763,4,19.3773512972363
"drhm-02",18,2019,24.4604316546763,4,19.6630655829506
"drhm-02",18,2020,23.7410071942446,4,19.3763235480071
"drhm-02",18,2021,17.9856115107914,4,17.6538158398879
"drhm-02",18,2022,7.19424460431655,4,15.9190480310347
"drhm-02",18,2023,7.19424460431655,4,15.9190480310347
"drhm-02",18,2024,7.19424460431655,4,15.6353600877723
"drhm-02",18,2025,9.35251798561151,4,15.9251707924001
"drhm-02",19,1999,7.09219858156028,4,15.797716894543
"drhm-02",19,2000,7.09219858156028,4,17.076353559679
"drhm-02",19,2001,7.09219858156028,4,16.7885837755063
"drhm-02",19,2002,7.09219858156028,4,16.213044207161
"drhm-02",19,2003,10.6382978723404,4,16.9222640653171
"drhm-02",19,2004,9.21985815602837,4,16.7804200936858
"drhm-02",19,2005,9.21985815602837,4,17.3600415029414
"drhm-02",19,2006,9.21985815602837,4,17.2181975313102
"drhm-02",19,2007,9.21985815602837,4,16.7926656164166
"drhm-02",19,2008,9.9290780141844,4,17.6498084735595
"drhm-02",19,2009,9.9290780141844,4,17.6498084735595
"drhm-02",19,2010,9.9290780141844,4,17.5079645019283
"drhm-02",19,2011,9.9290780141844,4,17.5079645019283
"drhm-02",19,2012,9.9290780141844,4,16.9365359304997
"drhm-02",19,2013,9.9290780141844,4,15.926183963626
"drhm-02",19,2014,9.9290780141844,4,17.2037928795328
"drhm-02",19,2015,9.21985815602837,4,19.0629620791275
"drhm-02",19,2016,9.21985815602837,4,18.7782609646391
"drhm-02",19,2017,9.21985815602837,4,16.3557685634234
"drhm-02",19,2018,9.21985815602837,4,19.3773512972363
"drhm-02",19,2019,9.21985815602837,4,19.6630655829506
"drhm-02",19,2020,9.21985815602837,4,19.3763235480071
"drhm-02",19,2021,9.21985815602837,4,17.6538158398879
"drhm-02",19,2022,12.7659574468085,4,15.9190480310347
"drhm-02",19,2023,12.7659574468085,4,15.9190480310347
"drhm-02",19,2024,11.3475177304964,4,15.6353600877723
"drhm-02",19,2025,10.6382978723404,4,15.9251707924001
"drhm-02",20,1999,36.231884057971,4,15.797716894543
"drhm-02",20,2000,36.231884057971,4,17.076353559679
"drhm-02",20,2001,36.231884057971,4,16.7885837755063
"drhm-02",20,2002,36.231884057971,4,16.213044207161
"drhm-02",20,2003,36.231884057971,4,16.9222640653171
"drhm-02",20,2004,36.231884057971,4,16.7804200936858
"drhm-02",20,2005,36.231884057971,4,17.3600415029414
"drhm-02",20,2006,36.231884057971,4,17.2181975313102
"drhm-02",20,2007,36.231884057971,4,16.7926656164166
"drhm-02",20,2008,36.231884057971,4,17.6498084735595
"drhm-02",20,2009,36.231884057971,4,17.6498084735595
"drhm-02",20,2010,36.231884057971,4,17.5079645019283
"drhm-02",20,2011,36.231884057971,4,17.5079645019283
"drhm-02",20,2012,36.231884057971,4,16.9365359304997
"drhm-02",20,2013,32.6086956521739,4,15.926183963626
"drhm-02",20,2014,32.6086956521739,4,17.2037928795328
"drhm-02",20,2015,32.6086956521739,4,19.0629620791275
"drhm-02",20,2016,32.6086956521739,4,18.7782609646391
"drhm-02",20,2017,32.6086956521739,4,16.3557685634234
"drhm-02",20,2018,32.6086956521739,4,19.3773512972363
"drhm-02",20,2019,32.6086956521739,4,19.6630655829506
"drhm-02",20,2020,32.6086956521739,4,19.3763235480071
"drhm-02",20,2021,32.6086956521739,4,17.6538158398879
"drhm-02",20,2022,32.6086956521739,4,15.9190480310347
"drhm-02",20,2023,32.6086956521739,4,15.9190480310347
"drhm-02",20,2024,32.6086956521739,4,15.6353600877723
"drhm-02",20,2025,32.6086956521739,4,15.9251707924001
"drhm-03",11,2004,1.43884892086331,3,7.9136690647482
"drhm-03",11,2005,1.43884892086331,3,8.63309352517986
"drhm-03",11,2006,1.43884892086331,3,8.63309352517986
"drhm-03",12,1999,7.9136690647482,3,7.9136690647482
"drhm-03",12,2000,7.9136690647482,3,7.9136690647482
"drhm-03",12,2001,7.9136690647482,3,7.9136690647482
"drhm-03",12,2002,7.9136690647482,3,7.9136690647482
"drhm-03",12,2003,10.7913669064748,3,10.7913669064748
"drhm-03",12,2004,14.3884892086331,3,7.9136690647482
"drhm-03",12,2005,15.8273381294964,3,8.63309352517986
"drhm-03",12,2006,15.8273381294964,3,8.63309352517986
"drhm-03",12,2007,10.7913669064748,3,10.7913669064748
"drhm-03",12,2008,7.9136690647482,3,7.9136690647482
"drhm-03",12,2009,7.9136690647482,3,7.9136690647482
"drhm-03",12,2010,7.9136690647482,3,7.9136690647482
"drhm-03",12,2011,7.9136690647482,3,7.9136690647482
"drhm-03",12,2012,7.9136690647482,3,7.9136690647482
"drhm-03",12,2013,7.9136690647482,3,7.9136690647482
"drhm-03",12,2014,7.9136690647482,3,7.9136690647482
"drhm-03",12,2015,7.9136690647482,3,7.9136690647482
"drhm-03",12,2016,7.9136690647482,3,7.9136690647482
"drhm-03",12,2017,7.9136690647482,3,7.9136690647482
"drhm-03",12,2018,7.19424460431655,3,7.19424460431655
"drhm-03",12,2019,6.47482014388489,3,6.47482014388489
"drhm-03",12,2020,6.47482014388489,3,6.47482014388489
"drhm-03",12,2021,6.47482014388489,3,6.47482014388489
"drhm-03",12,2022,6.47482014388489,3,6.47482014388489
"drhm-03",12,2023,6.47482014388489,3,6.47482014388489
"drhm-03",12,2024,6.47482014388489,3,6.47482014388489
"drhm-03",12,2025,6.47482014388489,3,6.47482014388489
"drhm-03",17,1999,2.14285714285714,4,2.8699897225077
"drhm-03",17,2000,0.714285714285714,4,2.15570400822199
"drhm-03",18,1999,3.59712230215827,4,2.8699897225077
"drhm-03",18,2000,3.59712230215827,4,2.15570400822199
"drhm-03",18,2001,3.59712230215827,4,3.59712230215827
"drhm-03",18,2002,2.87769784172662,4,2.87769784172662
"drhm-03",18,2003,2.87769784172662,4,2.87769784172662
"drhm-03",18,2004,2.87769784172662,4,2.87769784172662
"drhm-03",18,2005,1.43884892086331,4,1.43884892086331
"drhm-04",2,1999,0.714285714285714,1,1.08178053830228
"drhm-04",2,2000,0.714285714285714,1,1.08178053830228
"drhm-04",2,2001,0.714285714285714,1,1.08178053830228
"drhm-04",2,2002,1.42857142857143,1,1.43892339544513
"drhm-04",2,2003,1.42857142857143,1,1.43892339544513
"drhm-04",2,2004,1.42857142857143,1,1.43892339544513
"drhm-04",2,2005,0.714285714285714,1,1.08178053830228
"drhm-04",2,2006,0.714285714285714,1,1.08178053830228
"drhm-04",2,2007,0.714285714285714,1,1.08178053830228
"drhm-04",2,2008,0.714285714285714,1,1.08178053830228
"drhm-04",2,2009,0.714285714285714,1,1.08178053830228
"drhm-04",2,2010,1.42857142857143,1,1.43892339544513
"drhm-04",2,2011,1.42857142857143,1,1.43892339544513
"drhm-04",2,2012,1.42857142857143,1,1.43892339544513
"drhm-04",2,2013,0.714285714285714,1,1.08178053830228
"drhm-04",2,2014,0.714285714285714,1,1.08178053830228
"drhm-04",2,2015,0.714285714285714,1,1.08178053830228
"drhm-04",2,2016,0.714285714285714,1,1.08178053830228
"drhm-04",2,2017,0.714285714285714,1,1.08178053830228
"drhm-04",2,2018,1.42857142857143,1,1.43892339544513
"drhm-04",2,2019,0.714285714285714,1,1.08178053830228
"drhm-04",2,2020,0.714285714285714,1,1.08178053830228
"drhm-04",2,2021,0.714285714285714,1,1.08178053830228
"drhm-04",2,2022,0.714285714285714,1,1.08178053830228
"drhm-04",2,2023,0.714285714285714,1,1.08178053830228
"drhm-04",2,2024,0.714285714285714,1,1.08178053830228
"drhm-04",2,2025,1.42857142857143,1,1.43892339544513
"drhm-04",3,1999,1.44927536231884,1,1.08178053830228
"drhm-04",3,2000,1.44927536231884,1,1.08178053830228
"drhm-04",3,2001,1.44927536231884,1,1.08178053830228
"drhm-04",3,2002,1.44927536231884,1,1.43892339544513
"drhm-04",3,2003,1.44927536231884,1,1.43892339544513
"drhm-04",3,2004,1.44927536231884,1,1.43892339544513
"drhm-04",3,2005,1.44927536231884,1,1.08178053830228
"drhm-04",3,2006,1.44927536231884,1,1.08178053830228
"drhm-04",3,2007,1.44927536231884,1,1.08178053830228
"drhm-04",3,2008,1.44927536231884,1,1.08178053830228
"drhm-04",3,2009,1.44927536231884,1,1.08178053830228
"drhm-04",3,2010,1.44927536231884,1,1.43892339544513
"drhm-04",3,2011,1.44927536231884,1,1.43892339544513
"drhm-04",3,2012,1.44927536231884,1,1.43892339544513
"drhm-04",3,2013,1.44927536231884,1,1.08178053830228
"drhm-04",3,2014,1.44927536231884,1,1.08178053830228
"drhm-04",3,2015,1.44927536231884,1,1.08178053830228
"drhm-04",3,2016,1.44927536231884,1,1.08178053830228
"drhm-04",3,2017,1.44927536231884,1,1.08178053830228
"drhm-04",3,2018,1.44927536231884,1,1.43892339544513
"drhm-04",3,2019,1.44927536231884,1,1.08178053830228
"drhm-04",3,2020,1.44927536231884,1,1.08178053830228
"drhm-04",3,2021,1.44927536231884,1,1.08178053830228
"drhm-04",3,2022,1.44927536231884,1,1.08178053830228
"drhm-04",3,2023,1.44927536231884,1,1.08178053830228
"drhm-04",3,2024,1.44927536231884,1,1.08178053830228
"drhm-04",3,2025,1.44927536231884,1,1.43892339544513
"drhm-04",7,1999,47.5177304964539,2,20.6579005330162
"drhm-04",7,2000,47.5177304964539,2,20.6579005330162
"drhm-04",7,2001,47.5177304964539,2,20.6579005330162
"drhm-04",7,2002,47.5177304964539,2,20.6579005330162
"drhm-04",7,2003,47.5177304964539,2,20.6579005330162
"drhm-04",7,2004,47.5177304964539,2,20.6579005330162
"drhm-04",7,2005,47.5177304964539,2,20.6579005330162
"drhm-04",7,2006,47.5177304964539,2,20.6579005330162
"drhm-04",7,2007,47.5177304964539,2,20.2981696841549
"drhm-04",7,2008,47.5177304964539,2,20.117010263865
"drhm-04",7,2009,47.5177304964539,2,19.9384388352936
"drhm-04",7,2010,47.5177304964539,2,19.9384388352936
"drhm-04",7,2011,47.5177304964539,2,19.7598674067222
"drhm-04",7,2012,47.5177304964539,2,19.7598674067222
"drhm-04",7,2013,47.5177304964539,2,19.4001365578609
"drhm-04",7,2014,47.5177304964539,2,19.5812959781507
"drhm-04",7,2015,47.5177304964539,2,19.5812959781507
"drhm-04",7,2016,47.5177304964539,2,19.5812959781507
"drhm-04",7,2017,46.8085106382979,2,19.0442601647505
"drhm-04",7,2018,46.8085106382979,2,19.0442601647505
"drhm-04",7,2019,46.8085106382979,2,19.0442601647505
"drhm-04",7,2020,46.8085106382979,2,19.0442601647505
"drhm-04",7,2021,46.8085106382979,2,18.865688736179
"drhm-04",7,2022,46.8085106382979,2,18.865688736179
"drhm-04",7,2023,46.8085106382979,2,18.865688736179
"drhm-04",7,2024,46.8085106382979,2,18.6845293158892
"drhm-04",7,2025,46.8085106382979,2,18.865688736179
"drhm-04",8,1999,5.79710144927536,2,20.6579005330162
"drhm-04",8,2000,5.79710144927536,2,20.6579005330162
"drhm-04",8,2001,5.79710144927536,2,20.6579005330162
"drhm-04",8,2002,5.79710144927536,2,20.6579005330162
"drhm-04",8,2003,5.79710144927536,2,20.6579005330162
"drhm-04",8,2004,5.79710144927536,2,20.6579005330162
"drhm-04",8,2005,5.79710144927536,2,20.6579005330162
"drhm-04",8,2006,5.79710144927536,2,20.6579005330162
"drhm-04",8,2007,5.07246376811594,2,20.2981696841549
"drhm-04",8,2008,4.34782608695652,2,20.117010263865
"drhm-04",8,2009,4.34782608695652,2,19.9384388352936
"drhm-04",8,2010,4.34782608695652,2,19.9384388352936
"drhm-04",8,2011,4.34782608695652,2,19.7598674067222
"drhm-04",8,2012,4.34782608695652,2,19.7598674067222
"drhm-04",8,2013,3.6231884057971,2,19.4001365578609
"drhm-04",8,2014,4.34782608695652,2,19.5812959781507
"drhm-04",8,2015,4.34782608695652,2,19.5812959781507
"drhm-04",8,2016,4.34782608695652,2,19.5812959781507
"drhm-04",8,2017,3.6231884057971,2,19.0442601647505
"drhm-04",8,2018,3.6231884057971,2,19.0442601647505
"drhm-04",8,2019,3.6231884057971,2,19.0442601647505
"drhm-04",8,2020,3.6231884057971,2,19.0442601647505
"drhm-04",8,2021,3.6231884057971,2,18.865688736179
"drhm-04",8,2022,3.6231884057971,2,18.865688736179
"drhm-04",8,2023,3.6231884057971,2,18.865688736179
"drhm-04",8,2024,2.89855072463768,2,18.6845293158892
"drhm-04",8,2025,3.6231884057971,2,18.865688736179
"drhm-04",9,1999,27.1428571428571,2,20.6579005330162
"drhm-04",9,2000,27.1428571428571,2,20.6579005330162
"drhm-04",9,2001,27.1428571428571,2,20.6579005330162
"drhm-04",9,2002,27.1428571428571,2,20.6579005330162
"drhm-04",9,2003,27.1428571428571,2,20.6579005330162
"drhm-04",9,2004,27.1428571428571,2,20.6579005330162
"drhm-04",9,2005,27.1428571428571,2,20.6579005330162
"drhm-04",9,2006,27.1428571428571,2,20.6579005330162
"drhm-04",9,2007,26.4285714285714,2,20.2981696841549
"drhm-04",9,2008,26.4285714285714,2,20.117010263865
"drhm-04",9,2009,25.7142857142857,2,19.9384388352936
"drhm-04",9,2010,25.7142857142857,2,19.9384388352936
"drhm-04",9,2011,25,2,19.7598674067222
"drhm-04",9,2012,25,2,19.7598674067222
"drhm-04",9,2013,24.2857142857143,2,19.4001365578609
"drhm-04",9,2014,24.2857142857143,2,19.5812959781507
"drhm-04",9,2015,24.2857142857143,2,19.5812959781507
"drhm-04",9,2016,24.2857142857143,2,19.5812959781507
"drhm-04",9,2017,23.5714285714286,2,19.0442601647505
"drhm-04",9,2018,23.5714285714286,2,19.0442601647505
"drhm-04",9,2019,23.5714285714286,2,19.0442601647505
"drhm-04",9,2020,23.5714285714286,2,19.0442601647505
"drhm-04",9,2021,22.8571428571429,2,18.865688736179
"drhm-04",9,2022,22.8571428571429,2,18.865688736179
"drhm-04",9,2023,22.8571428571429,2,18.865688736179
"drhm-04",9,2024,22.8571428571429,2,18.6845293158892
"drhm-04",9,2025,22.8571428571429,2,18.865688736179
"drhm-04",10,1999,2.17391304347826,2,20.6579005330162
"drhm-04",10,2000,2.17391304347826,2,20.6579005330162
"drhm-04",10,2001,2.17391304347826,2,20.6579005330162
"drhm-04",10,2002,2.17391304347826,2,20.6579005330162
"drhm-04",10,2003,2.17391304347826,2,20.6579005330162
"drhm-04",10,2004,2.17391304347826,2,20.6579005330162
"drhm-04",10,2005,2.17391304347826,2,20.6579005330162
"drhm-04",10,2006,2.17391304347826,2,20.6579005330162
"drhm-04",10,2007,2.17391304347826,2,20.2981696841549
"drhm-04",10,2008,2.17391304347826,2,20.117010263865
"drhm-04",10,2009,2.17391304347826,2,19.9384388352936
"drhm-04",10,2010,2.17391304347826,2,19.9384388352936
"drhm-04",10,2011,2.17391304347826,2,19.7598674067222
"drhm-04",10,2012,2.17391304347826,2,19.7598674067222
"drhm-04",10,2013,2.17391304347826,2,19.4001365578609
"drhm-04",10,2014,2.17391304347826,2,19.5812959781507
"drhm-04",10,2015,2.17391304347826,2,19.5812959781507
"drhm-04",10,2016,2.17391304347826,2,19.5812959781507
"drhm-04",10,2017,2.17391304347826,2,19.0442601647505
"drhm-04",10,2018,2.17391304347826,2,19.0442601647505
"drhm-04",10,2019,2.17391304347826,2,19.0442601647505
"drhm-04",10,2020,2.17391304347826,2,19.0442601647505
"drhm-04",10,2021,2.17391304347826,2,18.865688736179
"drhm-04",10,2022,2.17391304347826,2,18.865688736179
"drhm-04",10,2023,2.17391304347826,2,18.865688736179
"drhm-04",10,2024,2.17391304347826,2,18.6845293158892
"drhm-04",10,2025,2.17391304347826,2,18.865688736179
"drhm-04",11,1999,4.28571428571429,3,7.80561064227089
"drhm-04",11,2000,4.28571428571429,3,7.26989635655661
"drhm-04",11,2001,6.42857142857143,3,7.80561064227089
"drhm-04",11,2002,4.28571428571429,3,9.21529175050302
"drhm-04",11,2003,3.57142857142857,3,8.97719651240778
"drhm-04",11,2004,3.57142857142857,3,8.97719651240778
"drhm-04",11,2005,3.57142857142857,3,8.97719651240778
"drhm-04",11,2006,3.57142857142857,3,8.97719651240778
"drhm-04",11,2007,3.57142857142857,3,8.97719651240778
"drhm-04",11,2008,3.57142857142857,3,8.97719651240778
"drhm-04",11,2009,3.57142857142857,3,8.97719651240778
"drhm-04",11,2010,3.57142857142857,3,8.97719651240778
"drhm-04",11,2011,3.57142857142857,3,8.73910127431254
"drhm-04",11,2012,3.57142857142857,3,8.97719651240778
"drhm-04",11,2013,3.57142857142857,3,8.97719651240778
"drhm-04",11,2014,3.57142857142857,3,8.97719651240778
"drhm-04",11,2015,3.57142857142857,3,8.97719651240778
"drhm-04",11,2016,3.57142857142857,3,10.8551307847082
"drhm-04",11,2017,3.57142857142857,3,10.617035546613
"drhm-04",11,2018,5,3,11.3313212608987
"drhm-04",11,2019,5,3,11.0932260228035
"drhm-04",11,2020,5,3,11.3313212608987
"drhm-04",11,2021,4.28571428571429,3,11.0932260228035
"drhm-04",11,2022,4.28571428571429,3,11.0932260228035
"drhm-04",11,2023,4.28571428571429,3,11.0932260228035
"drhm-04",11,2024,4.28571428571429,3,11.0932260228035
"drhm-04",11,2025,4.28571428571429,3,11.0932260228035
"drhm-04",12,1999,11.4285714285714,3,7.80561064227089
"drhm-04",12,2000,9.28571428571429,3,7.26989635655661
"drhm-04",12,2001,9.28571428571429,3,7.80561064227089
"drhm-04",12,2002,8.57142857142857,3,9.21529175050302
"drhm-04",12,2003,8.57142857142857,3,8.97719651240778
"drhm-04",12,2004,8.57142857142857,3,8.97719651240778
"drhm-04",12,2005,8.57142857142857,3,8.97719651240778
"drhm-04",12,2006,8.57142857142857,3,8.97719651240778
"drhm-04",12,2007,8.57142857142857,3,8.97719651240778
"drhm-04",12,2008,8.57142857142857,3,8.97719651240778
"drhm-04",12,2009,8.57142857142857,3,8.97719651240778
"drhm-04",12,2010,8.57142857142857,3,8.97719651240778
"drhm-04",12,2011,7.85714285714286,3,8.73910127431254
"drhm-04",12,2012,8.57142857142857,3,8.97719651240778
"drhm-04",12,2013,8.57142857142857,3,8.97719651240778
"drhm-04",12,2014,8.57142857142857,3,8.97719651240778
"drhm-04",12,2015,8.57142857142857,3,8.97719651240778
"drhm-04",12,2016,8.57142857142857,3,10.8551307847082
"drhm-04",12,2017,7.85714285714286,3,10.617035546613
"drhm-04",12,2018,8.57142857142857,3,11.3313212608987
"drhm-04",12,2019,7.85714285714286,3,11.0932260228035
"drhm-04",12,2020,8.57142857142857,3,11.3313212608987
"drhm-04",12,2021,8.57142857142857,3,11.0932260228035
"drhm-04",12,2022,8.57142857142857,3,11.0932260228035
"drhm-04",12,2023,8.57142857142857,3,11.0932260228035
"drhm-04",12,2024,8.57142857142857,3,11.0932260228035
"drhm-04",12,2025,8.57142857142857,3,11.0932260228035
"drhm-04",13,1999,0.719424460431655,3,7.80561064227089
"drhm-04",13,2000,0.719424460431655,3,7.26989635655661
"drhm-04",13,2001,0.719424460431655,3,7.80561064227089
"drhm-04",15,1999,14.7887323943662,3,7.80561064227089
"drhm-04",15,2000,14.7887323943662,3,7.26989635655661
"drhm-04",15,2001,14.7887323943662,3,7.80561064227089
"drhm-04",15,2002,14.7887323943662,3,9.21529175050302
"drhm-04",15,2003,14.7887323943662,3,8.97719651240778
"drhm-04",15,2004,14.7887323943662,3,8.97719651240778
"drhm-04",15,2005,14.7887323943662,3,8.97719651240778
"drhm-04",15,2006,14.7887323943662,3,8.97719651240778
"drhm-04",15,2007,14.7887323943662,3,8.97719651240778
"drhm-04",15,2008,14.7887323943662,3,8.97719651240778
"drhm-04",15,2009,14.7887323943662,3,8.97719651240778
"drhm-04",15,2010,14.7887323943662,3,8.97719651240778
"drhm-04",15,2011,14.7887323943662,3,8.73910127431254
"drhm-04",15,2012,14.7887323943662,3,8.97719651240778
"drhm-04",15,2013,14.7887323943662,3,8.97719651240778
"drhm-04",15,2014,14.7887323943662,3,8.97719651240778
"drhm-04",15,2015,14.7887323943662,3,8.97719651240778
"drhm-04",15,2016,20.4225352112676,3,10.8551307847082
"drhm-04",15,2017,20.4225352112676,3,10.617035546613
"drhm-04",15,2018,20.4225352112676,3,11.3313212608987
"drhm-04",15,2019,20.4225352112676,3,11.0932260228035
"drhm-04",15,2020,20.4225352112676,3,11.3313212608987
"drhm-04",15,2021,20.4225352112676,3,11.0932260228035
"drhm-04",15,2022,20.4225352112676,3,11.0932260228035
"drhm-04",15,2023,20.4225352112676,3,11.0932260228035
"drhm-04",15,2024,20.4225352112676,3,11.0932260228035
"drhm-04",15,2025,20.4225352112676,3,11.0932260228035
"drhm-04",16,1999,37.8571428571429,4,27.3540039912038
"drhm-04",16,2000,37.8571428571429,4,27.3540039912038
"drhm-04",16,2001,37.8571428571429,4,27.3540039912038
"drhm-04",16,2002,37.8571428571429,4,28.3611982358081
"drhm-04",16,2003,37.8571428571429,4,28.0754693720906
"drhm-04",16,2004,37.8571428571429,4,28.8021923415411
"drhm-04",16,2005,37.8571428571429,4,28.5133799132229
"drhm-04",16,2006,37.8571428571429,4,28.083766157419
"drhm-04",16,2007,38.5714285714286,4,28.2266233002761
"drhm-04",16,2008,37.8571428571429,4,27.8000782141566
"drhm-04",16,2009,37.8571428571429,4,27.7980372937015
"drhm-04",16,2010,37.1428571428571,4,27.511295258758
"drhm-04",16,2011,36.4285714285714,4,27.0796256875826
"drhm-04",16,2012,37.1428571428571,4,27.0806388588086
"drhm-04",16,2013,37.8571428571428,4,27.0796111095794
"drhm-04",16,2014,37.1428571428571,4,26.9367539667222
"drhm-04",16,2015,37.1428571428571,4,27.0816815029541
"drhm-04",16,2016,35.7142857142857,4,26.7959672172398
"drhm-04",16,2017,36.4285714285714,4,26.9398670042425
"drhm-04",16,2018,36.4285714285714,4,26.7959821121562
"drhm-04",16,2019,36.4285714285714,4,26.7959821121562
"drhm-04",16,2020,36.4285714285714,4,26.7959821121562
"drhm-04",16,2021,36.4285714285714,4,26.6520972200698
"drhm-04",16,2022,36.4285714285714,4,26.507169683838
"drhm-04",16,2023,35.7142857142857,4,25.3498197873576
"drhm-04",16,2024,35.7142857142857,4,25.4978308881902
"drhm-04",16,2025,35.7142857142857,4,25.355986916559
"drhm-04",17,1999,17.9856115107914,4,27.3540039912038
"drhm-04",17,2000,17.9856115107914,4,27.3540039912038
"drhm-04",17,2001,18.705035971223,4,27.3540039912038
"drhm-04",17,2002,23.7410071942446,4,28.3611982358081
"drhm-04",17,2003,23.021582733813,4,28.0754693720906
"drhm-04",17,2004,21.5827338129497,4,28.8021923415411
"drhm-04",17,2005,20.863309352518,4,28.5133799132229
"drhm-04",17,2006,19.4244604316547,4,28.083766157419
"drhm-04",17,2007,19.4244604316547,4,28.2266233002761
"drhm-04",17,2008,19.4244604316547,4,27.8000782141566
"drhm-04",17,2009,18.705035971223,4,27.7980372937015
"drhm-04",17,2010,18.705035971223,4,27.511295258758
"drhm-04",17,2011,18.705035971223,4,27.0796256875826
"drhm-04",17,2012,18.705035971223,4,27.0806388588086
"drhm-04",17,2013,17.9856115107914,4,27.0796111095794
"drhm-04",17,2014,17.9856115107914,4,26.9367539667222
"drhm-04",17,2015,17.9856115107914,4,27.0816815029541
"drhm-04",17,2016,17.9856115107914,4,26.7959672172398
"drhm-04",17,2017,17.9856115107914,4,26.9398670042425
"drhm-04",17,2018,17.9856115107914,4,26.7959821121562
"drhm-04",17,2019,17.9856115107914,4,26.7959821121562
"drhm-04",17,2020,17.9856115107914,4,26.7959821121562
"drhm-04",17,2021,17.2661870503597,4,26.6520972200698
"drhm-04",17,2022,17.2661870503597,4,26.507169683838
"drhm-04",17,2023,17.2661870503597,4,25.3498197873576
"drhm-04",17,2024,17.2661870503597,4,25.4978308881902
"drhm-04",17,2025,17.2661870503597,4,25.355986916559
"drhm-04",18,1999,7.80141843971631,4,27.3540039912038
"drhm-04",18,2000,7.80141843971631,4,27.3540039912038
"drhm-04",18,2001,7.80141843971631,4,27.3540039912038
"drhm-04",18,2002,7.80141843971631,4,28.3611982358081
"drhm-04",18,2003,7.09219858156028,4,28.0754693720906
"drhm-04",18,2004,7.09219858156028,4,28.8021923415411
"drhm-04",18,2005,7.09219858156028,4,28.5133799132229
"drhm-04",18,2006,6.38297872340425,4,28.083766157419
"drhm-04",18,2007,6.38297872340425,4,28.2266233002761
"drhm-04",18,2008,4.9645390070922,4,27.8000782141566
"drhm-04",18,2009,5.67375886524823,4,27.7980372937015
"drhm-04",18,2010,5.67375886524823,4,27.511295258758
"drhm-04",18,2011,5.67375886524823,4,27.0796256875826
"drhm-04",18,2012,4.9645390070922,4,27.0806388588086
"drhm-04",18,2013,4.9645390070922,4,27.0796111095794
"drhm-04",18,2014,4.9645390070922,4,26.9367539667222
"drhm-04",18,2015,4.9645390070922,4,27.0816815029541
"drhm-04",18,2016,4.9645390070922,4,26.7959672172398
"drhm-04",18,2017,4.9645390070922,4,26.9398670042425
"drhm-04",18,2018,4.9645390070922,4,26.7959821121562
"drhm-04",18,2019,4.9645390070922,4,26.7959821121562
"drhm-04",18,2020,4.9645390070922,4,26.7959821121562
"drhm-04",18,2021,4.9645390070922,4,26.6520972200698
"drhm-04",18,2022,4.9645390070922,4,26.507169683838
"drhm-04",18,2023,4.9645390070922,4,25.3498197873576
"drhm-04",18,2024,4.25531914893618,4,25.4978308881902
"drhm-04",18,2025,3.54609929078015,4,25.355986916559
"drhm-04",19,1999,64.4927536231884,4,27.3540039912038
"drhm-04",19,2000,64.4927536231884,4,27.3540039912038
"drhm-04",19,2001,64.4927536231884,4,27.3540039912038
"drhm-04",19,2002,64.4927536231884,4,28.3611982358081
"drhm-04",19,2003,64.4927536231884,4,28.0754693720906
"drhm-04",19,2004,69.5652173913043,4,28.8021923415411
"drhm-04",19,2005,68.8405797101449,4,28.5133799132229
"drhm-04",19,2006,68.8405797101449,4,28.083766157419
"drhm-04",19,2007,68.8405797101449,4,28.2266233002761
"drhm-04",19,2008,68.8405797101449,4,27.8000782141566
"drhm-04",19,2009,68.8405797101449,4,27.7980372937015
"drhm-04",19,2010,68.8405797101449,4,27.511295258758
"drhm-04",19,2011,68.1159420289855,4,27.0796256875826
"drhm-04",19,2012,68.1159420289855,4,27.0806388588086
"drhm-04",19,2013,68.1159420289855,4,27.0796111095794
"drhm-04",19,2014,68.1159420289855,4,26.9367539667222
"drhm-04",19,2015,68.8405797101449,4,27.0816815029541
"drhm-04",19,2016,68.8405797101449,4,26.7959672172398
"drhm-04",19,2017,69.5652173913043,4,26.9398670042425
"drhm-04",19,2018,69.5652173913043,4,26.7959821121562
"drhm-04",19,2019,69.5652173913043,4,26.7959821121562
"drhm-04",19,2020,69.5652173913043,4,26.7959821121562
"drhm-04",19,2021,69.5652173913043,4,26.6520972200698
"drhm-04",19,2022,68.8405797101449,4,26.507169683838
"drhm-04",19,2023,63.768115942029,4,25.3498197873576
"drhm-04",19,2024,65.2173913043478,4,25.4978308881902
"drhm-04",19,2025,65.2173913043478,4,25.355986916559
"drhm-04",20,1999,8.63309352517986,4,27.3540039912038
"drhm-04",20,2000,8.63309352517986,4,27.3540039912038
"drhm-04",20,2001,7.9136690647482,4,27.3540039912038
"drhm-04",20,2002,7.9136690647482,4,28.3611982358081
"drhm-04",20,2003,7.9136690647482,4,28.0754693720906
"drhm-04",20,2004,7.9136690647482,4,28.8021923415411
"drhm-04",20,2005,7.9136690647482,4,28.5133799132229
"drhm-04",20,2006,7.9136690647482,4,28.083766157419
"drhm-04",20,2007,7.9136690647482,4,28.2266233002761
"drhm-04",20,2008,7.9136690647482,4,27.8000782141566
"drhm-04",20,2009,7.9136690647482,4,27.7980372937015
"drhm-04",20,2010,7.19424460431655,4,27.511295258758
"drhm-04",20,2011,6.47482014388489,4,27.0796256875826
"drhm-04",20,2012,6.47482014388489,4,27.0806388588086
"drhm-04",20,2013,6.47482014388489,4,27.0796111095794
"drhm-04",20,2014,6.47482014388489,4,26.9367539667222
"drhm-04",20,2015,6.47482014388489,4,27.0816815029541
"drhm-04",20,2016,6.47482014388489,4,26.7959672172398
"drhm-04",20,2017,5.75539568345324,4,26.9398670042425
"drhm-04",20,2018,5.03597122302158,4,26.7959821121562
"drhm-04",20,2019,5.03597122302158,4,26.7959821121562
"drhm-04",20,2020,5.03597122302158,4,26.7959821121562
"drhm-04",20,2021,5.03597122302158,4,26.6520972200698
"drhm-04",20,2022,5.03597122302158,4,26.507169683838
"drhm-04",20,2023,5.03597122302158,4,25.3498197873576
"drhm-04",20,2024,5.03597122302158,4,25.4978308881902
"drhm-04",20,2025,5.03597122302158,4,25.355986916559
"drhm-05",1,1999,17.8571428571429,1,8.33847207947929
"drhm-05",1,2000,22.8571428571429,1,10.0051387461459
"drhm-05",1,2001,22.8571428571429,1,10.0051387461459
"drhm-05",1,2002,22.8571428571429,1,10.0051387461459
"drhm-05",1,2003,22.8571428571429,1,10.0051387461459
"drhm-05",1,2004,22.8571428571429,1,10.0051387461459
"drhm-05",1,2005,22.8571428571429,1,10.0051387461459
"drhm-05",1,2006,22.1428571428572,1,9.76704350805071
"drhm-05",1,2007,22.1428571428572,1,9.76704350805071
"drhm-05",1,2008,22.1428571428572,1,9.76704350805071
"drhm-05",1,2009,22.1428571428572,1,9.76704350805071
"drhm-05",1,2010,22.1428571428572,1,9.76704350805071
"drhm-05",1,2011,22.1428571428572,1,9.76704350805071
"drhm-05",1,2012,28.5714285714286,1,11.9099006509079
"drhm-05",1,2013,28.5714285714286,1,11.9099006509079
"drhm-05",1,2014,28.5714285714286,1,11.9099006509079
"drhm-05",1,2015,25.7142857142857,1,10.9575196985269
"drhm-05",1,2016,22.1428571428572,1,9.52894826995547
"drhm-05",1,2017,22.1428571428572,1,9.52894826995547
"drhm-05",1,2018,22.1428571428572,1,9.52894826995547
"drhm-05",1,2019,22.1428571428572,1,9.52894826995547
"drhm-05",1,2020,22.1428571428572,1,9.52894826995547
"drhm-05",1,2021,22.1428571428572,1,9.52894826995547
"drhm-05",1,2022,22.1428571428572,1,9.52894826995547
"drhm-05",1,2023,27.1428571428571,1,10.9575196985269
"drhm-05",1,2024,27.8571428571428,1,11.1956149366221
"drhm-05",1,2025,27.8571428571428,1,11.1956149366221
"drhm-05",2,1999,5,1,8.33847207947929
"drhm-05",2,2000,5,1,10.0051387461459
"drhm-05",2,2001,5,1,10.0051387461459
"drhm-05",2,2002,5,1,10.0051387461459
"drhm-05",2,2003,5,1,10.0051387461459
"drhm-05",2,2004,5,1,10.0051387461459
"drhm-05",2,2005,5,1,10.0051387461459
"drhm-05",2,2006,5,1,9.76704350805071
"drhm-05",2,2007,5,1,9.76704350805071
"drhm-05",2,2008,5,1,9.76704350805071
"drhm-05",2,2009,5,1,9.76704350805071
"drhm-05",2,2010,5,1,9.76704350805071
"drhm-05",2,2011,5,1,9.76704350805071
"drhm-05",2,2012,5,1,11.9099006509079
"drhm-05",2,2013,5,1,11.9099006509079
"drhm-05",2,2014,5,1,11.9099006509079
"drhm-05",2,2015,5,1,10.9575196985269
"drhm-05",2,2016,4.28571428571428,1,9.52894826995547
"drhm-05",2,2017,4.28571428571428,1,9.52894826995547
"drhm-05",2,2018,4.28571428571428,1,9.52894826995547
"drhm-05",2,2019,4.28571428571428,1,9.52894826995547
"drhm-05",2,2020,4.28571428571428,1,9.52894826995547
"drhm-05",2,2021,4.28571428571428,1,9.52894826995547
"drhm-05",2,2022,4.28571428571428,1,9.52894826995547
"drhm-05",2,2023,3.57142857142857,1,10.9575196985269
"drhm-05",2,2024,3.57142857142857,1,11.1956149366221
"drhm-05",2,2025,3.57142857142857,1,11.1956149366221
"drhm-05",3,1999,2.15827338129496,1,8.33847207947929
"drhm-05",3,2000,2.15827338129496,1,10.0051387461459
"drhm-05",3,2001,2.15827338129496,1,10.0051387461459
"drhm-05",3,2002,2.15827338129496,1,10.0051387461459
"drhm-05",3,2003,2.15827338129496,1,10.0051387461459
"drhm-05",3,2004,2.15827338129496,1,10.0051387461459
"drhm-05",3,2005,2.15827338129496,1,10.0051387461459
"drhm-05",3,2006,2.15827338129496,1,9.76704350805071
"drhm-05",3,2007,2.15827338129496,1,9.76704350805071
"drhm-05",3,2008,2.15827338129496,1,9.76704350805071
"drhm-05",3,2009,2.15827338129496,1,9.76704350805071
"drhm-05",3,2010,2.15827338129496,1,9.76704350805071
"drhm-05",3,2011,2.15827338129496,1,9.76704350805071
"drhm-05",3,2012,2.15827338129496,1,11.9099006509079
"drhm-05",3,2013,2.15827338129496,1,11.9099006509079
"drhm-05",3,2014,2.15827338129496,1,11.9099006509079
"drhm-05",3,2015,2.15827338129496,1,10.9575196985269
"drhm-05",3,2016,2.15827338129496,1,9.52894826995547
"drhm-05",3,2017,2.15827338129496,1,9.52894826995547
"drhm-05",3,2018,2.15827338129496,1,9.52894826995547
"drhm-05",3,2019,2.15827338129496,1,9.52894826995547
"drhm-05",3,2020,2.15827338129496,1,9.52894826995547
"drhm-05",3,2021,2.15827338129496,1,9.52894826995547
"drhm-05",3,2022,2.15827338129496,1,9.52894826995547
"drhm-05",3,2023,2.15827338129496,1,10.9575196985269
"drhm-05",3,2024,2.15827338129496,1,11.1956149366221
"drhm-05",3,2025,2.15827338129496,1,11.1956149366221
"drhm-05",8,1999,9.42028985507246,2,9.42028985507246
"drhm-05",8,2000,9.42028985507246,2,9.42028985507246
"drhm-05",8,2001,9.42028985507246,2,9.42028985507246
"drhm-05",8,2002,7.2463768115942,2,7.2463768115942
"drhm-05",8,2003,7.2463768115942,2,7.2463768115942
"drhm-05",8,2004,24.6376811594203,2,24.6376811594203
"drhm-05",8,2005,24.6376811594203,2,12.675983436853
"drhm-05",8,2006,22.463768115942,2,22.463768115942
"drhm-05",8,2007,15.2173913043478,2,15.2173913043478
"drhm-05",8,2008,3.6231884057971,2,3.6231884057971
"drhm-05",8,2009,1.44927536231884,2,1.44927536231884
"drhm-05",9,2005,0.714285714285714,2,12.675983436853
"drhm-05",11,1999,0.709219858156028,3,1.80388529139685
"drhm-05",11,2000,0.709219858156028,3,1.80388529139685
"drhm-05",11,2001,0.709219858156028,3,0.709219858156028
"drhm-05",11,2002,0.709219858156028,3,0.709219858156028
"drhm-05",11,2003,0.709219858156028,3,0.709219858156028
"drhm-05",11,2004,0.709219858156028,3,0.709219858156028
"drhm-05",11,2005,0.709219858156028,3,0.709219858156028
"drhm-05",12,1999,2.89855072463768,3,1.80388529139685
"drhm-05",12,2000,2.89855072463768,3,1.80388529139685
"drhm-05",20,2014,5.71428571428571,4,5.71428571428571
"drhm-05",20,2015,5,4,5
"drhm-05",20,2016,3.57142857142857,4,3.57142857142857
"drhm-05",20,2017,0.714285714285714,4,0.714285714285714
"drhm-06",1,1999,11.1111111111111,1,11.1111111111111
"drhm-06",1,2000,9.72222222222223,1,9.72222222222223
"drhm-06",1,2001,6.25,1,6.25
"drhm-06",1,2002,6.25,1,6.25
"drhm-06",1,2003,6.25,1,6.25
"drhm-06",1,2004,6.25,1,6.25
"drhm-06",1,2005,6.25,1,6.25
"drhm-06",1,2006,5.55555555555555,1,5.55555555555555
"drhm-06",1,2007,4.86111111111111,1,4.86111111111111
"drhm-06",1,2008,4.16666666666666,1,4.16666666666666
"drhm-06",1,2009,2.77777777777777,1,2.77777777777777
"drhm-06",1,2010,2.08333333333333,1,2.08333333333333
"drhm-06",1,2011,2.08333333333333,1,2.08333333333333
"drhm-06",1,2012,2.08333333333333,1,2.08333333333333
"drhm-06",1,2013,1.38888888888889,1,1.38888888888889
"drhm-06",2,2017,11.5942028985507,1,11.5942028985507
"drhm-06",9,2023,7.19424460431655,2,7.19424460431655
"drhm-06",9,2024,3.59712230215827,2,3.59712230215827
"drhm-06",9,2025,0.719424460431655,2,0.719424460431655
"drhm-06",11,1999,13.768115942029,3,13.768115942029
"drhm-06",11,2000,13.768115942029,3,13.768115942029
"drhm-06",11,2001,13.768115942029,3,13.768115942029
"drhm-06",11,2002,9.42028985507246,3,9.42028985507246
"drhm-06",11,2003,7.2463768115942,3,7.2463768115942
"drhm-06",11,2004,7.2463768115942,3,7.2463768115942
"drhm-06",11,2005,6.52173913043478,3,6.52173913043478
"drhm-06",11,2006,5.79710144927536,3,3.96238051187173
"drhm-06",11,2007,5.79710144927536,3,3.96238051187173
"drhm-06",11,2008,5.79710144927536,3,5.79710144927536
"drhm-06",11,2009,5.79710144927536,3,5.79710144927536
"drhm-06",11,2010,5.07246376811594,3,5.07246376811594
"drhm-06",11,2011,5.07246376811594,3,5.07246376811594
"drhm-06",11,2012,5.07246376811594,3,5.07246376811594
"drhm-06",11,2013,4.34782608695652,3,4.34782608695652
"drhm-06",11,2014,2.89855072463768,3,2.89855072463768
"drhm-06",11,2015,2.89855072463768,3,2.89855072463768
"drhm-06",11,2016,2.17391304347826,3,2.17391304347826
"drhm-06",11,2017,1.44927536231884,3,1.44927536231884
"drhm-06",11,2018,1.44927536231884,3,1.44927536231884
"drhm-06",11,2019,1.44927536231884,3,1.44927536231884
"drhm-06",11,2020,1.44927536231884,3,1.44927536231884
"drhm-06",11,2021,1.44927536231884,3,1.44927536231884
"drhm-06",11,2022,1.44927536231884,3,1.44927536231884
"drhm-06",15,2006,2.12765957446809,3,3.96238051187173
"drhm-06",15,2007,2.12765957446809,3,3.96238051187173
"drhm-07",2,1999,32.1167883211679,1,31.2565172054223
"drhm-07",2,2000,32.8467153284671,1,31.4389989572471
"drhm-07",2,2001,35.7664233576642,1,31.9864442127216
"drhm-07",2,2002,30.6569343065693,1,30.7090719499478
"drhm-07",2,2003,28.4671532846715,1,29.0901981230448
"drhm-07",2,2004,28.4671532846715,1,28.7291449426486
"drhm-07",2,2005,28.4671532846715,1,21.7987486965589
"drhm-07",2,2006,28.4671532846715,1,21.441605839416
"drhm-07",2,2007,29.1970802919708,1,21.2591240875912
"drhm-07",2,2008,27.7372262773723,1,20.3584462982273
"drhm-07",2,2009,24.8175182481752,1,19.6285192909281
"drhm-07",2,2010,10.2189781021898,1,15.8003128258603
"drhm-07",2,2011,10.2189781021898,1,15.4353493222106
"drhm-07",2,2012,9.48905109489051,1,15.2528675703858
"drhm-07",2,2013,8.02919708029197,1,14.8879040667362
"drhm-07",2,2014,7.2992700729927,1,14.3443691345151
"drhm-07",2,2015,6.56934306569343,1,13.082638164755
"drhm-07",2,2016,5.10948905109489,1,12.3605318039625
"drhm-07",2,2017,2.91970802919708,1,11.6345151199166
"drhm-07",2,2018,2.91970802919708,1,11.0988008342023
"drhm-07",2,2019,2.18978102189781,1,10.9163190823775
"drhm-07",2,2020,2.18978102189781,1,10.7377476538061
"drhm-07",2,2021,2.18978102189781,1,18.8825165102537
"drhm-07",2,2022,1.45985401459854,1,18.1525895029545
"drhm-07",2,2023,1.45985401459854,1,16.9464720194647
"drhm-07",2,2024,0.72992700729927,1,17.8649635036496
"drhm-07",2,2025,0.72992700729927,1,15.7221063607925
"drhm-07",3,1999,57.1428571428571,1,31.2565172054223
"drhm-07",3,2000,57.1428571428571,1,31.4389989572471
"drhm-07",3,2001,57.1428571428571,1,31.9864442127216
"drhm-07",3,2002,57.1428571428571,1,30.7090719499478
"drhm-07",3,2003,52.8571428571428,1,29.0901981230448
"drhm-07",3,2004,52.1428571428571,1,28.7291449426486
"drhm-07",3,2005,51.4285714285714,1,21.7987486965589
"drhm-07",3,2006,50,1,21.441605839416
"drhm-07",3,2007,50,1,21.2591240875912
"drhm-07",3,2008,47.8571428571429,1,20.3584462982273
"drhm-07",3,2009,47.8571428571429,1,19.6285192909281
"drhm-07",3,2010,47.1428571428571,1,15.8003128258603
"drhm-07",3,2011,47.1428571428571,1,15.4353493222106
"drhm-07",3,2012,47.1428571428571,1,15.2528675703858
"drhm-07",3,2013,47.1428571428571,1,14.8879040667362
"drhm-07",3,2014,46.4285714285714,1,14.3443691345151
"drhm-07",3,2015,43.5714285714286,1,13.082638164755
"drhm-07",3,2016,42.1428571428571,1,12.3605318039625
"drhm-07",3,2017,41.4285714285714,1,11.6345151199166
"drhm-07",3,2018,39.2857142857143,1,11.0988008342023
"drhm-07",3,2019,39.2857142857143,1,10.9163190823775
"drhm-07",3,2020,38.5714285714286,1,10.7377476538061
"drhm-07",3,2021,46.4285714285714,1,18.8825165102537
"drhm-07",3,2022,46.4285714285714,1,18.1525895029545
"drhm-07",3,2023,45,1,16.9464720194647
"drhm-07",3,2024,35,1,17.8649635036496
"drhm-07",3,2025,30.7142857142857,1,15.7221063607925
"drhm-07",4,1999,2.18978102189781,1,31.2565172054223
"drhm-07",4,2000,2.18978102189781,1,31.4389989572471
"drhm-07",4,2001,1.45985401459854,1,31.9864442127216
"drhm-07",4,2002,1.45985401459854,1,30.7090719499478
"drhm-07",4,2003,1.45985401459854,1,29.0901981230448
"drhm-07",4,2004,1.45985401459854,1,28.7291449426486
"drhm-07",4,2005,1.45985401459854,1,21.7987486965589
"drhm-07",4,2006,1.45985401459854,1,21.441605839416
"drhm-07",4,2007,1.45985401459854,1,21.2591240875912
"drhm-07",4,2008,1.45985401459854,1,20.3584462982273
"drhm-07",4,2009,1.45985401459854,1,19.6285192909281
"drhm-07",4,2010,1.45985401459854,1,15.8003128258603
"drhm-07",4,2011,1.45985401459854,1,15.4353493222106
"drhm-07",4,2012,1.45985401459854,1,15.2528675703858
"drhm-07",4,2013,1.45985401459854,1,14.8879040667362
"drhm-07",4,2014,1.45985401459854,1,14.3443691345151
"drhm-07",4,2015,1.45985401459854,1,13.082638164755
"drhm-07",4,2016,1.45985401459854,1,12.3605318039625
"drhm-07",4,2017,1.45985401459854,1,11.6345151199166
"drhm-07",4,2018,1.45985401459854,1,11.0988008342023
"drhm-07",4,2019,1.45985401459854,1,10.9163190823775
"drhm-07",4,2020,1.45985401459854,1,10.7377476538061
"drhm-07",4,2021,8.02919708029197,1,18.8825165102537
"drhm-07",4,2022,6.56934306569343,1,18.1525895029545
"drhm-07",4,2023,4.37956204379562,1,16.9464720194647
"drhm-07",5,1999,33.5766423357664,1,31.2565172054223
"drhm-07",5,2000,33.5766423357664,1,31.4389989572471
"drhm-07",5,2001,33.5766423357664,1,31.9864442127216
"drhm-07",5,2002,33.5766423357664,1,30.7090719499478
"drhm-07",5,2003,33.5766423357664,1,29.0901981230448
"drhm-07",5,2004,32.8467153284671,1,28.7291449426486
"drhm-07",5,2005,5.83941605839416,1,21.7987486965589
"drhm-07",5,2006,5.83941605839416,1,21.441605839416
"drhm-07",5,2007,4.37956204379562,1,21.2591240875912
"drhm-07",5,2008,4.37956204379562,1,20.3584462982273
"drhm-07",5,2009,4.37956204379562,1,19.6285192909281
"drhm-07",5,2010,4.37956204379562,1,15.8003128258603
"drhm-07",5,2011,2.91970802919708,1,15.4353493222106
"drhm-07",5,2012,2.91970802919708,1,15.2528675703858
"drhm-07",5,2013,2.91970802919708,1,14.8879040667362
"drhm-07",5,2014,2.18978102189781,1,14.3443691345151
"drhm-07",5,2015,0.72992700729927,1,13.082638164755
"drhm-07",5,2016,0.72992700729927,1,12.3605318039625
"drhm-07",5,2017,0.72992700729927,1,11.6345151199166
"drhm-07",5,2018,0.72992700729927,1,11.0988008342023
"drhm-07",5,2019,0.72992700729927,1,10.9163190823775
"drhm-07",5,2020,0.72992700729927,1,10.7377476538061
"drhm-07",6,1999,15.9722222222222,2,9.56294467531564
"drhm-07",6,2000,15.2777777777777,2,7.25014274294849
"drhm-07",6,2001,14.5833333333333,2,12.908355303335
"drhm-07",6,2002,14.5833333333333,2,12.7634277671031
"drhm-07",6,2003,14.5833333333333,2,12.1837176221755
"drhm-07",6,2004,14.5833333333333,2,9.8648770424654
"drhm-07",6,2005,14.5833333333333,2,6.96632631782771
"drhm-07",6,2006,11.8055555555556,2,5.5432759382556
"drhm-07",6,2007,11.8055555555556,2,4.81968090124174
"drhm-07",6,2008,10.4166666666667,2,4.25204805100019
"drhm-07",6,2009,9.72222222222222,2,4.96028953234927
"drhm-07",6,2010,6.25,2,4.09223397679372
"drhm-07",6,2011,5.55555555555556,2,3.91862286568261
"drhm-07",6,2012,5.55555555555556,2,3.91862286568261
"drhm-07",6,2013,5.55555555555556,2,3.91862286568261
"drhm-07",6,2014,3.47222222222222,2,3.39778953234927
"drhm-07",6,2015,3.47222222222222,2,3.57894895263913
"drhm-07",6,2016,2.77777777777778,2,3.40533784152802
"drhm-07",6,2017,2.77777777777778,2,3.40533784152802
"drhm-07",6,2018,2.08333333333333,2,4.31241962951378
"drhm-07",6,2019,1.38888888888889,2,4.0809381480323
"drhm-07",6,2020,1.38888888888889,2,3.83939225431249
"drhm-07",6,2021,1.38888888888889,2,3.83939225431249
"drhm-07",6,2022,1.38888888888889,2,3.83939225431249
"drhm-07",6,2023,1.38888888888889,2,3.83939225431249
"drhm-07",6,2024,0.694444444444444,2,10.6127416907054
"drhm-07",6,2025,0.694444444444444,2,10.3711957969856
"drhm-07",7,1999,1.42857142857143,2,9.56294467531564
"drhm-07",7,2000,1.42857142857143,2,7.25014274294849
"drhm-07",7,2001,1.42857142857143,2,12.908355303335
"drhm-07",7,2002,1.42857142857143,2,12.7634277671031
"drhm-07",7,2003,1.42857142857143,2,12.1837176221755
"drhm-07",7,2004,1.42857142857143,2,9.8648770424654
"drhm-07",7,2005,1.42857142857143,2,6.96632631782771
"drhm-07",7,2006,0.714285714285714,2,5.5432759382556
"drhm-07",7,2007,0.714285714285714,2,4.81968090124174
"drhm-07",7,2008,0.714285714285714,2,4.25204805100019
"drhm-07",7,2009,0.714285714285714,2,4.96028953234927
"drhm-07",7,2010,0.714285714285714,2,4.09223397679372
"drhm-07",7,2011,0.714285714285714,2,3.91862286568261
"drhm-07",7,2012,0.714285714285714,2,3.91862286568261
"drhm-07",7,2013,0.714285714285714,2,3.91862286568261
"drhm-07",7,2014,0.714285714285714,2,3.39778953234927
"drhm-07",7,2015,0.714285714285714,2,3.57894895263913
"drhm-07",7,2016,0.714285714285714,2,3.40533784152802
"drhm-07",7,2017,0.714285714285714,2,3.40533784152802
"drhm-07",8,1999,2.87769784172662,2,9.56294467531564
"drhm-07",8,2000,2.87769784172662,2,7.25014274294849
"drhm-07",8,2001,2.87769784172662,2,12.908355303335
"drhm-07",8,2002,2.87769784172662,2,12.7634277671031
"drhm-07",8,2003,2.87769784172662,2,12.1837176221755
"drhm-07",8,2004,2.87769784172662,2,9.8648770424654
"drhm-07",8,2005,2.87769784172662,2,6.96632631782771
"drhm-07",8,2006,2.87769784172662,2,5.5432759382556
"drhm-07",8,2007,2.15827338129496,2,4.81968090124174
"drhm-07",8,2008,2.15827338129496,2,4.25204805100019
"drhm-07",8,2009,2.15827338129496,2,4.96028953234927
"drhm-07",8,2010,2.15827338129496,2,4.09223397679372
"drhm-07",8,2011,2.15827338129496,2,3.91862286568261
"drhm-07",8,2012,2.15827338129496,2,3.91862286568261
"drhm-07",8,2013,2.15827338129496,2,3.91862286568261
"drhm-07",8,2014,2.15827338129496,2,3.39778953234927
"drhm-07",8,2015,2.15827338129496,2,3.57894895263913
"drhm-07",8,2016,2.15827338129496,2,3.40533784152802
"drhm-07",8,2017,2.15827338129496,2,3.40533784152802
"drhm-07",8,2018,2.15827338129496,2,4.31241962951378
"drhm-07",8,2019,2.15827338129496,2,4.0809381480323
"drhm-07",8,2020,2.15827338129496,2,3.83939225431249
"drhm-07",8,2021,2.15827338129496,2,3.83939225431249
"drhm-07",8,2022,2.15827338129496,2,3.83939225431249
"drhm-07",8,2023,2.15827338129496,2,3.83939225431249
"drhm-07",8,2024,2.15827338129496,2,10.6127416907054
"drhm-07",8,2025,2.15827338129496,2,10.3711957969856
"drhm-07",9,1999,20.2898550724637,2,9.56294467531564
"drhm-07",9,2000,9.42028985507246,2,7.25014274294849
"drhm-07",9,2001,5.07246376811594,2,12.908355303335
"drhm-07",9,2002,4.34782608695652,2,12.7634277671031
"drhm-07",9,2003,4.34782608695652,2,12.1837176221755
"drhm-07",9,2004,4.34782608695652,2,9.8648770424654
"drhm-07",9,2005,2.89855072463768,2,6.96632631782771
"drhm-07",9,2006,2.89855072463768,2,5.5432759382556
"drhm-07",9,2007,2.17391304347826,2,4.81968090124174
"drhm-07",9,2008,0.72463768115942,2,4.25204805100019
"drhm-07",10,1999,7.2463768115942,2,9.56294467531564
"drhm-07",10,2000,7.2463768115942,2,7.25014274294849
"drhm-07",10,2001,40.5797101449275,2,12.908355303335
"drhm-07",10,2002,40.5797101449275,2,12.7634277671031
"drhm-07",10,2003,37.6811594202898,2,12.1837176221755
"drhm-07",10,2004,26.0869565217391,2,9.8648770424654
"drhm-07",10,2005,13.0434782608695,2,6.96632631782771
"drhm-07",10,2006,9.42028985507246,2,5.5432759382556
"drhm-07",10,2007,7.2463768115942,2,4.81968090124174
"drhm-07",10,2008,7.2463768115942,2,4.25204805100019
"drhm-07",10,2009,7.2463768115942,2,4.96028953234927
"drhm-07",10,2010,7.2463768115942,2,4.09223397679372
"drhm-07",10,2011,7.2463768115942,2,3.91862286568261
"drhm-07",10,2012,7.2463768115942,2,3.91862286568261
"drhm-07",10,2013,7.2463768115942,2,3.91862286568261
"drhm-07",10,2014,7.2463768115942,2,3.39778953234927
"drhm-07",10,2015,7.97101449275362,2,3.57894895263913
"drhm-07",10,2016,7.97101449275362,2,3.40533784152802
"drhm-07",10,2017,7.97101449275362,2,3.40533784152802
"drhm-07",10,2018,8.69565217391304,2,4.31241962951378
"drhm-07",10,2019,8.69565217391304,2,4.0809381480323
"drhm-07",10,2020,7.97101449275362,2,3.83939225431249
"drhm-07",10,2021,7.97101449275362,2,3.83939225431249
"drhm-07",10,2022,7.97101449275362,2,3.83939225431249
"drhm-07",10,2023,7.97101449275362,2,3.83939225431249
"drhm-07",10,2024,28.9855072463768,2,10.6127416907054
"drhm-07",10,2025,28.2608695652174,2,10.3711957969856
"drhm-07",11,1999,8.57142857142857,3,21.9469773725093
"drhm-07",11,2000,8.57142857142857,3,21.7154958910278
"drhm-07",11,2001,8.57142857142857,3,20.5334627941011
"drhm-07",11,2002,8.57142857142857,3,20.5334627941011
"drhm-07",11,2003,8.57142857142857,3,20.9964257570641
"drhm-07",11,2004,8.57142857142857,3,20.7649442755826
"drhm-07",11,2005,7.85714285714286,3,20.5268490374874
"drhm-07",11,2006,7.85714285714286,3,21.2212934819318
"drhm-07",11,2007,7.14285714285714,3,20.9831982438366
"drhm-07",11,2008,7.14285714285714,3,20.9831982438366
"drhm-07",11,2009,7.14285714285714,3,20.9831982438365
"drhm-07",11,2010,7.14285714285714,3,20.7517167623551
"drhm-07",11,2011,7.14285714285714,3,20.7517167623551
"drhm-07",11,2012,7.14285714285714,3,20.0572723179106
"drhm-07",11,2013,7.14285714285714,3,20.0572723179106
"drhm-07",11,2014,7.14285714285714,3,20.0572723179106
"drhm-07",11,2015,16.4285714285714,3,23.1525104131487
"drhm-07",11,2016,16.4285714285714,3,23.1525104131487
"drhm-07",11,2017,16.4285714285714,3,24.5413993020376
"drhm-07",11,2018,13.5714285714286,3,23.8204998311382
"drhm-07",11,2019,7.14285714285714,3,21.4461612067995
"drhm-07",11,2020,7.14285714285714,3,21.214679725318
"drhm-07",11,2021,7.14285714285714,3,20.751716762355
"drhm-07",11,2022,7.14285714285714,3,20.0572723179106
"drhm-07",11,2023,7.14285714285714,3,17.9739389845773
"drhm-07",11,2024,7.14285714285714,3,18.4369019475402
"drhm-07",11,2025,7.14285714285714,3,18.2054204660588
"drhm-07",12,1999,41.6666666666666,3,21.9469773725093
"drhm-07",12,2000,40.9722222222222,3,21.7154958910278
"drhm-07",12,2001,40.9722222222222,3,20.5334627941011
"drhm-07",12,2002,40.9722222222222,3,20.5334627941011
"drhm-07",12,2003,42.3611111111111,3,20.9964257570641
"drhm-07",12,2004,41.6666666666667,3,20.7649442755826
"drhm-07",12,2005,41.6666666666667,3,20.5268490374874
"drhm-07",12,2006,43.75,3,21.2212934819318
"drhm-07",12,2007,43.75,3,20.9831982438366
"drhm-07",12,2008,43.75,3,20.9831982438366
"drhm-07",12,2009,43.75,3,20.9831982438365
"drhm-07",12,2010,43.0555555555556,3,20.7517167623551
"drhm-07",12,2011,43.0555555555555,3,20.7517167623551
"drhm-07",12,2012,40.9722222222222,3,20.0572723179106
"drhm-07",12,2013,40.9722222222222,3,20.0572723179106
"drhm-07",12,2014,40.9722222222222,3,20.0572723179106
"drhm-07",12,2015,40.9722222222222,3,23.1525104131487
"drhm-07",12,2016,40.9722222222222,3,23.1525104131487
"drhm-07",12,2017,45.1388888888889,3,24.5413993020376
"drhm-07",12,2018,45.8333333333334,3,23.8204998311382
"drhm-07",12,2019,45.1388888888889,3,21.4461612067995
"drhm-07",12,2020,44.4444444444444,3,21.214679725318
"drhm-07",12,2021,43.0555555555555,3,20.751716762355
"drhm-07",12,2022,40.9722222222222,3,20.0572723179106
"drhm-07",12,2023,34.7222222222223,3,17.9739389845773
"drhm-07",12,2024,36.1111111111111,3,18.4369019475402
"drhm-07",12,2025,35.4166666666667,3,18.2054204660588
"drhm-07",15,1999,15.6028368794326,3,21.9469773725093
"drhm-07",15,2000,15.6028368794326,3,21.7154958910278
"drhm-07",15,2001,12.0567375886525,3,20.5334627941011
"drhm-07",15,2002,12.0567375886525,3,20.5334627941011
"drhm-07",15,2003,12.0567375886525,3,20.9964257570641
"drhm-07",15,2004,12.0567375886525,3,20.7649442755826
"drhm-07",15,2005,12.0567375886525,3,20.5268490374874
"drhm-07",15,2006,12.0567375886525,3,21.2212934819318
"drhm-07",15,2007,12.0567375886525,3,20.9831982438366
"drhm-07",15,2008,12.0567375886525,3,20.9831982438366
"drhm-07",15,2009,12.0567375886525,3,20.9831982438365
"drhm-07",15,2010,12.0567375886525,3,20.7517167623551
"drhm-07",15,2011,12.0567375886525,3,20.7517167623551
"drhm-07",15,2012,12.0567375886525,3,20.0572723179106
"drhm-07",15,2013,12.0567375886525,3,20.0572723179106
"drhm-07",15,2014,12.0567375886525,3,20.0572723179106
"drhm-07",15,2015,12.0567375886525,3,23.1525104131487
"drhm-07",15,2016,12.0567375886525,3,23.1525104131487
"drhm-07",15,2017,12.0567375886525,3,24.5413993020376
"drhm-07",15,2018,12.0567375886525,3,23.8204998311382
"drhm-07",15,2019,12.0567375886525,3,21.4461612067995
"drhm-07",15,2020,12.0567375886525,3,21.214679725318
"drhm-07",15,2021,12.0567375886525,3,20.751716762355
"drhm-07",15,2022,12.0567375886525,3,20.0572723179106
"drhm-07",15,2023,12.0567375886525,3,17.9739389845773
"drhm-07",15,2024,12.0567375886525,3,18.4369019475402
"drhm-07",15,2025,12.0567375886525,3,18.2054204660588
"drhm-07",16,1999,4.37956204379562,4,5.44966828368923
"drhm-07",16,2000,4.37956204379562,4,5.44966828368923
"drhm-07",16,2001,4.37956204379562,4,4.93741971558538
"drhm-07",16,2002,5.10948905109489,4,5.99711353916368
"drhm-07",16,2003,5.10948905109489,4,8.16970425110698
"drhm-07",16,2004,5.10948905109489,4,9.62955826570553
"drhm-07",16,2005,5.83941605839416,4,9.81204001753034
"drhm-07",16,2006,5.83941605839416,4,9.6334685889589
"drhm-07",16,2007,5.83941605839416,4,7.26573574526606
"drhm-07",16,2008,5.83941605839416,4,6.39511266264679
"drhm-07",16,2009,5.83941605839416,4,6.90693430656936
"drhm-07",16,2010,5.83941605839416,4,6.54197080291972
"drhm-07",16,2011,5.83941605839416,4,6.54197080291972
"drhm-07",16,2012,5.83941605839416,4,6.54197080291972
"drhm-07",16,2013,5.83941605839416,4,6.54197080291972
"drhm-07",16,2014,5.83941605839416,4,6.3594890510949
"drhm-07",16,2015,5.83941605839416,4,6.35948905109489
"drhm-07",16,2016,5.83941605839416,4,6.53806047966632
"drhm-07",16,2017,5.83941605839416,4,8.00312825860272
"drhm-07",16,2018,5.83941605839416,4,7.76503302050748
"drhm-07",16,2019,5.83941605839416,4,7.52172401807439
"drhm-07",16,2020,5.83941605839416,4,7.5217240180744
"drhm-07",16,2021,5.83941605839416,4,7.5217240180744
"drhm-07",16,2022,5.83941605839416,4,14.5590968853425
"drhm-07",16,2023,5.83941605839416,4,14.9214157259222
"drhm-07",16,2024,5.83941605839416,4,11.4648410935304
"drhm-07",16,2025,5.83941605839416,4,5.45748893019601
"drhm-07",17,1999,12.4087591240876,4,5.44966828368923
"drhm-07",17,2000,12.4087591240876,4,5.44966828368923
"drhm-07",17,2001,13.8686131386861,4,4.93741971558538
"drhm-07",17,2002,13.8686131386861,4,5.99711353916368
"drhm-07",17,2003,13.1386861313869,4,8.16970425110698
"drhm-07",17,2004,18.9781021897811,4,9.62955826570553
"drhm-07",17,2005,18.978102189781,4,9.81204001753034
"drhm-07",17,2006,18.978102189781,4,9.6334685889589
"drhm-07",17,2007,17.5182481751825,4,7.26573574526606
"drhm-07",17,2008,16.7883211678833,4,6.39511266264679
"drhm-07",17,2009,16.7883211678833,4,6.90693430656936
"drhm-07",17,2010,15.3284671532847,4,6.54197080291972
"drhm-07",17,2011,15.3284671532847,4,6.54197080291972
"drhm-07",17,2012,15.3284671532847,4,6.54197080291972
"drhm-07",17,2013,15.3284671532847,4,6.54197080291972
"drhm-07",17,2014,14.5985401459854,4,6.3594890510949
"drhm-07",17,2015,14.5985401459854,4,6.35948905109489
"drhm-07",17,2016,14.5985401459854,4,6.53806047966632
"drhm-07",17,2017,14.5985401459854,4,8.00312825860272
"drhm-07",17,2018,14.5985401459854,4,7.76503302050748
"drhm-07",17,2019,13.8686131386862,4,7.52172401807439
"drhm-07",17,2020,13.8686131386862,4,7.5217240180744
"drhm-07",17,2021,13.8686131386862,4,7.5217240180744
"drhm-07",17,2022,36.4963503649635,4,14.5590968853425
"drhm-07",17,2023,36.4963503649635,4,14.9214157259222
"drhm-07",17,2024,28.4671532846716,4,11.4648410935304
"drhm-07",17,2025,12.4087591240876,4,5.45748893019601
"drhm-07",18,1999,0.72463768115942,4,5.44966828368923
"drhm-07",18,2000,0.72463768115942,4,5.44966828368923
"drhm-07",18,2001,0.72463768115942,4,4.93741971558538
"drhm-07",18,2002,0.72463768115942,4,5.99711353916368
"drhm-07",18,2003,10.1449275362319,4,8.16970425110698
"drhm-07",18,2004,10.1449275362319,4,9.62955826570553
"drhm-07",18,2005,10.1449275362319,4,9.81204001753034
"drhm-07",18,2006,10.1449275362319,4,9.6334685889589
"drhm-07",18,2007,7.97101449275362,4,7.26573574526606
"drhm-07",18,2008,4.34782608695652,4,6.39511266264679
"drhm-07",18,2022,13.0434782608696,4,14.5590968853425
"drhm-07",18,2023,14.4927536231884,4,14.9214157259222
"drhm-07",18,2024,8.69565217391304,4,11.4648410935304
"drhm-07",18,2025,0.72463768115942,4,5.45748893019601
"drhm-07",19,1999,4.28571428571429,4,5.44966828368923
"drhm-07",19,2000,4.28571428571429,4,5.44966828368923
"drhm-07",19,2001,3.57142857142857,4,4.93741971558538
"drhm-07",19,2002,4.28571428571429,4,5.99711353916368
"drhm-07",19,2003,4.28571428571429,4,8.16970425110698
"drhm-07",19,2004,4.28571428571429,4,9.62955826570553
"drhm-07",19,2005,4.28571428571429,4,9.81204001753034
"drhm-07",19,2006,3.57142857142857,4,9.6334685889589
"drhm-07",19,2007,3.57142857142857,4,7.26573574526606
"drhm-07",19,2008,3.57142857142857,4,6.39511266264679
"drhm-07",19,2009,3.57142857142857,4,6.90693430656936
"drhm-07",19,2010,3.57142857142857,4,6.54197080291972
"drhm-07",19,2011,3.57142857142857,4,6.54197080291972
"drhm-07",19,2012,3.57142857142857,4,6.54197080291972
"drhm-07",19,2013,3.57142857142857,4,6.54197080291972
"drhm-07",19,2014,3.57142857142857,4,6.3594890510949
"drhm-07",19,2015,3.57142857142857,4,6.35948905109489
"drhm-07",19,2016,4.28571428571428,4,6.53806047966632
"drhm-07",19,2017,3.57142857142857,4,8.00312825860272
"drhm-07",19,2018,2.85714285714286,4,7.76503302050748
"drhm-07",19,2019,2.85714285714286,4,7.52172401807439
"drhm-07",19,2020,2.85714285714286,4,7.5217240180744
"drhm-07",19,2021,2.85714285714286,4,7.5217240180744
"drhm-07",19,2022,2.85714285714286,4,14.5590968853425
"drhm-07",19,2023,2.85714285714286,4,14.9214157259222
"drhm-07",19,2024,2.85714285714286,4,11.4648410935304
"drhm-07",19,2025,2.85714285714286,4,5.45748893019601
"drhm-07",20,2001,2.14285714285714,4,4.93741971558538
"drhm-07",20,2007,1.42857142857143,4,7.26573574526606
"drhm-07",20,2008,1.42857142857143,4,6.39511266264679
"drhm-07",20,2009,1.42857142857143,4,6.90693430656936
"drhm-07",20,2010,1.42857142857143,4,6.54197080291972
"drhm-07",20,2011,1.42857142857143,4,6.54197080291972
"drhm-07",20,2012,1.42857142857143,4,6.54197080291972
"drhm-07",20,2013,1.42857142857143,4,6.54197080291972
"drhm-07",20,2014,1.42857142857143,4,6.3594890510949
"drhm-07",20,2015,1.42857142857143,4,6.35948905109489
"drhm-07",20,2016,1.42857142857143,4,6.53806047966632
"drhm-08",1,1999,29.2857142857142,1,17.8591412584218
"drhm-08",1,2000,29.2857142857142,1,17.7162841155647
"drhm-08",1,2001,29.2857142857142,1,17.8591412584218
"drhm-08",1,2002,28.5714285714285,1,17.5723992234783
"drhm-08",1,2003,28.5714285714285,1,17.4295420806212
"drhm-08",1,2004,28.5714285714285,1,17.8541452552244
"drhm-08",1,2005,27.1428571428571,1,19.5723992234784
"drhm-08",1,2006,25.7142857142857,1,19.4205778234555
"drhm-08",1,2007,25.7142857142857,1,19.4205778234555
"drhm-08",1,2008,25.7142857142857,1,19.4205778234555
"drhm-08",1,2009,24.2857142857142,1,18.8570857599635
"drhm-08",1,2010,23.5714285714285,1,18.5753397282174
"drhm-08",1,2011,22.1428571428571,1,18.2896254425031
"drhm-08",1,2012,22.1428571428571,1,18.1457405504168
"drhm-08",1,2013,21.4285714285714,1,18.0028834075597
"drhm-08",1,2014,19.2857142857142,1,18.6893913440676
"drhm-08",1,2015,19.2857142857142,1,23.6724905789654
"drhm-08",1,2016,17.8571428571428,1,24.3828080392829
"drhm-08",1,2017,17.8571428571428,1,23.557411213886
"drhm-08",1,2018,17.8571428571428,1,20.1436850519584
"drhm-08",1,2019,12.1428571428571,1,18.8579707662441
"drhm-08",1,2020,11.4285714285714,1,18.1436850519584
"drhm-08",1,2021,10.7142857142857,1,20.0008279091013
"drhm-08",1,2022,10.7142857142857,1,18.4293993376727
"drhm-08",1,2023,8.57142857142857,1,18.2865421948156
"drhm-08",1,2024,7.85714285714286,1,18.5722564805299
"drhm-08",1,2025,7.14285714285714,1,19.0037684138403
"drhm-08",2,1999,40.2877697841727,1,17.8591412584218
"drhm-08",2,2000,40.2877697841727,1,17.7162841155647
"drhm-08",2,2001,40.2877697841727,1,17.8591412584218
"drhm-08",2,2002,39.568345323741,1,17.5723992234783
"drhm-08",2,2003,39.568345323741,1,17.4295420806212
"drhm-08",2,2004,39.568345323741,1,17.8541452552244
"drhm-08",2,2005,39.568345323741,1,19.5723992234784
"drhm-08",2,2006,38.8489208633094,1,19.4205778234555
"drhm-08",2,2007,38.8489208633094,1,19.4205778234555
"drhm-08",2,2008,38.8489208633094,1,19.4205778234555
"drhm-08",2,2009,38.8489208633094,1,18.8570857599635
"drhm-08",2,2010,38.8489208633094,1,18.5753397282174
"drhm-08",2,2011,38.8489208633093,1,18.2896254425031
"drhm-08",2,2012,38.1294964028777,1,18.1457405504168
"drhm-08",2,2013,38.1294964028777,1,18.0028834075597
"drhm-08",2,2014,38.1294964028777,1,18.6893913440676
"drhm-08",2,2015,37.410071942446,1,23.6724905789654
"drhm-08",2,2016,37.410071942446,1,24.3828080392829
"drhm-08",2,2017,37.410071942446,1,23.557411213886
"drhm-08",2,2018,36.6906474820144,1,20.1436850519584
"drhm-08",2,2019,36.6906474820144,1,18.8579707662441
"drhm-08",2,2020,36.6906474820144,1,18.1436850519584
"drhm-08",2,2021,36.6906474820144,1,20.0008279091013
"drhm-08",2,2022,36.6906474820144,1,18.4293993376727
"drhm-08",2,2023,36.6906474820144,1,18.2865421948156
"drhm-08",2,2024,36.6906474820144,1,18.5722564805299
"drhm-08",2,2025,35.9712230215827,1,19.0037684138403
"drhm-08",3,1999,2.14285714285714,1,17.8591412584218
"drhm-08",3,2000,2.14285714285714,1,17.7162841155647
"drhm-08",3,2001,2.14285714285714,1,17.8591412584218
"drhm-08",3,2002,2.14285714285714,1,17.5723992234783
"drhm-08",3,2003,2.14285714285714,1,17.4295420806212
"drhm-08",3,2004,3.57142857142857,1,17.8541452552244
"drhm-08",3,2005,14.2857142857143,1,19.5723992234784
"drhm-08",3,2006,14.2857142857143,1,19.4205778234555
"drhm-08",3,2007,14.2857142857143,1,19.4205778234555
"drhm-08",3,2008,14.2857142857143,1,19.4205778234555
"drhm-08",3,2009,14.2857142857143,1,18.8570857599635
"drhm-08",3,2010,14.2857142857143,1,18.5753397282174
"drhm-08",3,2011,14.2857142857143,1,18.2896254425031
"drhm-08",3,2012,14.2857142857143,1,18.1457405504168
"drhm-08",3,2013,14.2857142857143,1,18.0028834075597
"drhm-08",3,2014,15.7142857142858,1,18.6893913440676
"drhm-08",3,2015,31.4285714285715,1,23.6724905789654
"drhm-08",3,2016,32.1428571428572,1,24.3828080392829
"drhm-08",3,2017,23.5714285714285,1,23.557411213886
"drhm-08",3,2018,12.8571428571428,1,20.1436850519584
"drhm-08",3,2019,12.1428571428571,1,18.8579707662441
"drhm-08",3,2020,12.1428571428571,1,18.1436850519584
"drhm-08",3,2021,12.1428571428571,1,20.0008279091013
"drhm-08",3,2022,12.1428571428571,1,18.4293993376727
"drhm-08",3,2023,12.1428571428571,1,18.2865421948156
"drhm-08",3,2024,11.4285714285714,1,18.5722564805299
"drhm-08",3,2025,11.4285714285714,1,19.0037684138403
"drhm-08",4,1999,9.72222222222222,1,17.8591412584218
"drhm-08",4,2000,9.72222222222222,1,17.7162841155647
"drhm-08",4,2001,9.72222222222222,1,17.8591412584218
"drhm-08",4,2002,9.72222222222222,1,17.5723992234783
"drhm-08",4,2003,9.72222222222222,1,17.4295420806212
"drhm-08",4,2004,10.4166666666667,1,17.8541452552244
"drhm-08",4,2005,9.72222222222222,1,19.5723992234784
"drhm-08",4,2006,11.1111111111111,1,19.4205778234555
"drhm-08",4,2007,11.1111111111111,1,19.4205778234555
"drhm-08",4,2008,11.1111111111111,1,19.4205778234555
"drhm-08",4,2009,9.72222222222222,1,18.8570857599635
"drhm-08",4,2010,9.02777777777778,1,18.5753397282174
"drhm-08",4,2011,9.02777777777778,1,18.2896254425031
"drhm-08",4,2012,9.02777777777778,1,18.1457405504168
"drhm-08",4,2013,9.02777777777778,1,18.0028834075597
"drhm-08",4,2014,13.8888888888889,1,18.6893913440676
"drhm-08",4,2015,16.6666666666667,1,23.6724905789654
"drhm-08",4,2016,17.3611111111111,1,24.3828080392829
"drhm-08",4,2017,11.8055555555556,1,23.557411213886
"drhm-08",4,2018,9.02777777777778,1,20.1436850519584
"drhm-08",4,2019,9.02777777777778,1,18.8579707662441
"drhm-08",4,2020,9.02777777777778,1,18.1436850519584
"drhm-08",4,2021,9.02777777777778,1,20.0008279091013
"drhm-08",4,2022,9.02777777777778,1,18.4293993376727
"drhm-08",4,2023,9.02777777777778,1,18.2865421948156
"drhm-08",4,2024,9.02777777777778,1,18.5722564805299
"drhm-08",4,2025,8.33333333333333,1,19.0037684138403
"drhm-08",5,1999,7.85714285714286,1,17.8591412584218
"drhm-08",5,2000,7.14285714285714,1,17.7162841155647
"drhm-08",5,2001,7.85714285714286,1,17.8591412584218
"drhm-08",5,2002,7.85714285714286,1,17.5723992234783
"drhm-08",5,2003,7.14285714285714,1,17.4295420806212
"drhm-08",5,2004,7.14285714285714,1,17.8541452552244
"drhm-08",5,2005,7.14285714285714,1,19.5723992234784
"drhm-08",5,2006,7.14285714285714,1,19.4205778234555
"drhm-08",5,2007,7.14285714285714,1,19.4205778234555
"drhm-08",5,2008,7.14285714285714,1,19.4205778234555
"drhm-08",5,2009,7.14285714285714,1,18.8570857599635
"drhm-08",5,2010,7.14285714285714,1,18.5753397282174
"drhm-08",5,2011,7.14285714285714,1,18.2896254425031
"drhm-08",5,2012,7.14285714285714,1,18.1457405504168
"drhm-08",5,2013,7.14285714285714,1,18.0028834075597
"drhm-08",5,2014,6.42857142857143,1,18.6893913440676
"drhm-08",5,2015,13.5714285714286,1,23.6724905789654
"drhm-08",5,2016,17.1428571428571,1,24.3828080392829
"drhm-08",5,2017,27.1428571428572,1,23.557411213886
"drhm-08",5,2018,24.2857142857143,1,20.1436850519584
"drhm-08",5,2019,24.2857142857143,1,18.8579707662441
"drhm-08",5,2020,21.4285714285715,1,18.1436850519584
"drhm-08",5,2021,31.4285714285714,1,20.0008279091013
"drhm-08",5,2022,23.5714285714286,1,18.4293993376727
"drhm-08",5,2023,25,1,18.2865421948156
"drhm-08",5,2024,27.8571428571428,1,18.5722564805299
"drhm-08",5,2025,32.1428571428571,1,19.0037684138403
"drhm-08",6,1999,7.2463768115942,2,8.41997753295753
"drhm-08",6,2000,5.79710144927536,2,7.93688574551792
"drhm-08",6,2001,2.89855072463768,2,6.97070217063869
"drhm-08",6,2002,2.89855072463768,2,6.73260693254346
"drhm-08",6,2003,2.89855072463768,2,6.49451169444822
"drhm-08",6,2004,2.89855072463768,2,6.9811296993144
"drhm-08",6,2005,2.89855072463768,2,7.47296146851843
"drhm-08",6,2006,2.89855072463768,2,7.22965246608534
"drhm-08",6,2007,2.89855072463768,2,5.79586727317606
"drhm-08",6,2008,2.89855072463768,2,5.31967679698559
"drhm-08",6,2009,2.89855072463768,2,5.31967679698559
"drhm-08",6,2010,2.89855072463768,2,5.56298579941868
"drhm-08",6,2011,2.89855072463768,2,5.32489056132344
"drhm-08",6,2012,2.89855072463768,2,5.32489056132344
"drhm-08",6,2013,2.17391304347826,2,5.08334466760363
"drhm-08",6,2014,1.44927536231884,2,4.59848977145074
"drhm-08",6,2015,1.44927536231884,2,4.12229929526026
"drhm-08",6,2016,1.44927536231884,2,3.63568129039408
"drhm-08",6,2017,1.44927536231884,2,3.63568129039408
"drhm-08",6,2020,4.34782608695652,2,4.60186486527331
"drhm-08",6,2021,16.6666666666667,2,8.70814505851003
"drhm-08",6,2022,20.2898550724638,2,10.6458015344083
"drhm-08",6,2023,36.9565217391304,2,15.4714300826646
"drhm-08",6,2024,68.1159420289855,2,25.6145945101832
"drhm-08",6,2025,52.1739130434783,2,20.3005848483475
"drhm-08",7,1999,7.2992700729927,2,8.41997753295753
"drhm-08",7,2000,7.2992700729927,2,7.93688574551792
"drhm-08",7,2001,7.2992700729927,2,6.97070217063869
"drhm-08",7,2002,7.2992700729927,2,6.73260693254346
"drhm-08",7,2003,7.2992700729927,2,6.49451169444822
"drhm-08",7,2004,8.75912408759124,2,6.9811296993144
"drhm-08",7,2005,10.9489051094891,2,7.47296146851843
"drhm-08",7,2006,10.2189781021898,2,7.22965246608534
"drhm-08",7,2007,9.48905109489051,2,5.79586727317606
"drhm-08",7,2008,9.48905109489051,2,5.31967679698559
"drhm-08",7,2009,9.48905109489051,2,5.31967679698559
"drhm-08",7,2010,10.2189781021898,2,5.56298579941868
"drhm-08",7,2011,10.2189781021898,2,5.32489056132344
"drhm-08",7,2012,10.2189781021898,2,5.32489056132344
"drhm-08",7,2013,10.2189781021898,2,5.08334466760363
"drhm-08",7,2014,9.48905109489051,2,4.59848977145074
"drhm-08",7,2015,9.48905109489051,2,4.12229929526026
"drhm-08",7,2016,8.02919708029197,2,3.63568129039408
"drhm-08",7,2017,8.02919708029197,2,3.63568129039408
"drhm-08",7,2018,8.02919708029197,2,4.7288842544317
"drhm-08",7,2019,8.02919708029197,2,4.7288842544317
"drhm-08",7,2020,8.02919708029197,2,4.60186486527331
"drhm-08",7,2021,8.02919708029197,2,8.70814505851003
"drhm-08",7,2022,10.2189781021898,2,10.6458015344083
"drhm-08",7,2023,8.02919708029197,2,15.4714300826646
"drhm-08",7,2024,7.2992700729927,2,25.6145945101832
"drhm-08",7,2025,7.2992700729927,2,20.3005848483475
"drhm-08",9,1999,10.7142857142857,2,8.41997753295753
"drhm-08",9,2000,10.7142857142857,2,7.93688574551792
"drhm-08",9,2001,10.7142857142857,2,6.97070217063869
"drhm-08",9,2002,10,2,6.73260693254346
"drhm-08",9,2003,9.28571428571429,2,6.49451169444822
"drhm-08",9,2004,9.28571428571429,2,6.9811296993144
"drhm-08",9,2005,8.57142857142857,2,7.47296146851843
"drhm-08",9,2006,8.57142857142857,2,7.22965246608534
"drhm-08",9,2007,5,2,5.79586727317606
"drhm-08",9,2008,3.57142857142857,2,5.31967679698559
"drhm-08",9,2009,3.57142857142857,2,5.31967679698559
"drhm-08",9,2010,3.57142857142857,2,5.56298579941868
"drhm-08",9,2011,2.85714285714286,2,5.32489056132344
"drhm-08",9,2012,2.85714285714286,2,5.32489056132344
"drhm-08",9,2013,2.85714285714286,2,5.08334466760363
"drhm-08",9,2014,2.85714285714286,2,4.59848977145074
"drhm-08",9,2015,1.42857142857143,2,4.12229929526026
"drhm-08",9,2016,1.42857142857143,2,3.63568129039408
"drhm-08",9,2017,1.42857142857143,2,3.63568129039408
"drhm-08",9,2018,1.42857142857143,2,4.7288842544317
"drhm-08",9,2019,1.42857142857143,2,4.7288842544317
"drhm-08",9,2020,1.42857142857143,2,4.60186486527331
"drhm-08",9,2021,1.42857142857143,2,8.70814505851003
"drhm-08",9,2022,1.42857142857143,2,10.6458015344083
"drhm-08",9,2023,1.42857142857143,2,15.4714300826646
"drhm-08",9,2024,1.42857142857143,2,25.6145945101832
"drhm-08",9,2025,1.42857142857143,2,20.3005848483475
"drhm-08",11,1999,2.14285714285714,3,10.3447696120657
"drhm-08",11,2000,1.42857142857143,3,10.1661981834943
"drhm-08",11,2001,1.42857142857143,3,10.7416541989693
"drhm-08",11,2002,1.42857142857143,3,8.55187317707153
"drhm-08",11,2003,1.42857142857143,3,8.40694564083962
"drhm-08",11,2004,1.42857142857143,3,8.40694564083964
"drhm-08",11,2005,0.714285714285714,3,8.2640884979825
"drhm-08",11,2006,0.714285714285714,3,8.11916096175062
"drhm-08",11,2007,0.714285714285714,3,10.2930740052289
"drhm-08",11,2008,0.714285714285714,3,10.2930740052289
"drhm-08",11,2009,0.714285714285714,3,9.71230599507337
"drhm-08",11,2010,0.714285714285714,3,7.82824802405888
"drhm-08",11,2011,0.714285714285714,3,7.82824802405889
"drhm-08",11,2012,0.714285714285714,3,7.53839295159512
"drhm-08",11,2013,0.714285714285714,3,9.24183176920405
"drhm-08",11,2014,0.714285714285714,3,9.24183176920405
"drhm-08",11,2015,0.714285714285714,3,9.24183176920405
"drhm-08",11,2016,0.714285714285714,3,10.509947711233
"drhm-08",11,2017,0.714285714285714,3,10.509947711233
"drhm-08",11,2018,0.714285714285714,3,10.3287882909432
"drhm-08",11,2019,0.714285714285714,3,9.7853100300736
"drhm-08",11,2020,0.714285714285714,3,9.60415060978374
"drhm-08",11,2021,0.714285714285714,3,8.87951292862433
"drhm-08",11,2022,0.714285714285714,3,8.69835350833448
"drhm-08",12,1999,23.9130434782609,3,10.3447696120657
"drhm-08",12,2000,23.9130434782609,3,10.1661981834943
"drhm-08",12,2001,23.9130434782609,3,10.7416541989693
"drhm-08",12,2002,23.9130434782609,3,8.55187317707153
"drhm-08",12,2003,23.1884057971014,3,8.40694564083962
"drhm-08",12,2004,23.1884057971014,3,8.40694564083964
"drhm-08",12,2005,23.1884057971014,3,8.2640884979825
"drhm-08",12,2006,22.463768115942,3,8.11916096175062
"drhm-08",12,2007,22.463768115942,3,10.2930740052289
"drhm-08",12,2008,22.463768115942,3,10.2930740052289
"drhm-08",12,2009,22.463768115942,3,9.71230599507337
"drhm-08",12,2010,21.7391304347826,3,7.82824802405888
"drhm-08",12,2011,21.0144927536232,3,7.82824802405889
"drhm-08",12,2012,20.2898550724638,3,7.53839295159512
"drhm-08",12,2013,20.2898550724638,3,9.24183176920405
"drhm-08",12,2014,20.2898550724638,3,9.24183176920405
"drhm-08",12,2015,20.2898550724638,3,9.24183176920405
"drhm-08",12,2016,20.2898550724638,3,10.509947711233
"drhm-08",12,2017,20.2898550724638,3,10.509947711233
"drhm-08",12,2018,19.5652173913043,3,10.3287882909432
"drhm-08",12,2019,18.8405797101449,3,9.7853100300736
"drhm-08",12,2020,18.8405797101449,3,9.60415060978374
"drhm-08",12,2021,18.1159420289855,3,8.87951292862433
"drhm-08",12,2022,17.3913043478261,3,8.69835350833448
"drhm-08",12,2023,17.3913043478261,3,11.1181635459643
"drhm-08",12,2024,17.3913043478261,3,11.116400437251
"drhm-08",12,2025,17.3913043478261,3,10.6333086498113
"drhm-08",13,2001,13.0434782608696,3,10.7416541989693
"drhm-08",13,2002,13.0434782608695,3,8.55187317707153
"drhm-08",13,2003,13.0434782608695,3,8.40694564083962
"drhm-08",13,2004,13.0434782608696,3,8.40694564083964
"drhm-08",13,2005,13.0434782608696,3,8.2640884979825
"drhm-08",13,2006,13.0434782608696,3,8.11916096175062
"drhm-08",13,2007,23.9130434782609,3,10.2930740052289
"drhm-08",13,2008,23.9130434782609,3,10.2930740052289
"drhm-08",13,2009,21.7391304347826,3,9.71230599507337
"drhm-08",13,2010,13.0434782608696,3,7.82824802405888
"drhm-08",13,2011,13.0434782608696,3,7.82824802405889
"drhm-08",13,2012,13.0434782608696,3,7.53839295159512
"drhm-08",13,2013,13.0434782608696,3,9.24183176920405
"drhm-08",13,2014,13.0434782608696,3,9.24183176920405
"drhm-08",13,2015,13.0434782608696,3,9.24183176920405
"drhm-08",13,2016,18.1159420289855,3,10.509947711233
"drhm-08",13,2017,18.1159420289855,3,10.509947711233
"drhm-08",13,2018,18.1159420289855,3,10.3287882909432
"drhm-08",13,2019,16.6666666666667,3,9.7853100300736
"drhm-08",13,2020,15.9420289855073,3,9.60415060978374
"drhm-08",13,2021,13.768115942029,3,8.87951292862433
"drhm-08",13,2022,13.768115942029,3,8.69835350833448
"drhm-08",13,2023,13.0434782608696,3,11.1181635459643
"drhm-08",13,2024,13.768115942029,3,11.116400437251
"drhm-08",13,2025,12.3188405797101,3,10.6333086498113
"drhm-08",14,1999,14.5985401459854,3,10.3447696120657
"drhm-08",14,2000,14.5985401459854,3,10.1661981834943
"drhm-08",14,2001,14.5985401459854,3,10.7416541989693
"drhm-08",14,2002,3.64963503649635,3,8.55187317707153
"drhm-08",14,2003,3.64963503649635,3,8.40694564083962
"drhm-08",14,2004,3.64963503649635,3,8.40694564083964
"drhm-08",14,2005,3.64963503649635,3,8.2640884979825
"drhm-08",14,2006,3.64963503649635,3,8.11916096175062
"drhm-08",14,2007,3.64963503649635,3,10.2930740052289
"drhm-08",14,2008,3.64963503649635,3,10.2930740052289
"drhm-08",14,2009,2.91970802919708,3,9.71230599507337
"drhm-08",14,2010,2.91970802919708,3,7.82824802405888
"drhm-08",14,2011,2.91970802919708,3,7.82824802405889
"drhm-08",14,2012,2.91970802919708,3,7.53839295159512
"drhm-08",14,2013,2.91970802919708,3,9.24183176920405
"drhm-08",14,2014,2.91970802919708,3,9.24183176920405
"drhm-08",14,2015,2.91970802919708,3,9.24183176920405
"drhm-08",14,2016,2.91970802919708,3,10.509947711233
"drhm-08",14,2017,2.91970802919708,3,10.509947711233
"drhm-08",14,2018,2.91970802919708,3,10.3287882909432
"drhm-08",14,2019,2.91970802919708,3,9.7853100300736
"drhm-08",14,2020,2.91970802919708,3,9.60415060978374
"drhm-08",14,2021,2.91970802919708,3,8.87951292862433
"drhm-08",14,2022,2.91970802919708,3,8.69835350833448
"drhm-08",14,2023,2.91970802919708,3,11.1181635459643
"drhm-08",14,2024,2.18978102189781,3,11.116400437251
"drhm-08",14,2025,2.18978102189781,3,10.6333086498113
"drhm-08",15,1999,0.72463768115942,3,10.3447696120657
"drhm-08",15,2000,0.72463768115942,3,10.1661981834943
"drhm-08",15,2001,0.72463768115942,3,10.7416541989693
"drhm-08",15,2002,0.72463768115942,3,8.55187317707153
"drhm-08",15,2003,0.72463768115942,3,8.40694564083962
"drhm-08",15,2004,0.72463768115942,3,8.40694564083964
"drhm-08",15,2005,0.72463768115942,3,8.2640884979825
"drhm-08",15,2006,0.72463768115942,3,8.11916096175062
"drhm-08",15,2007,0.72463768115942,3,10.2930740052289
"drhm-08",15,2008,0.72463768115942,3,10.2930740052289
"drhm-08",15,2009,0.72463768115942,3,9.71230599507337
"drhm-08",15,2010,0.72463768115942,3,7.82824802405888
"drhm-08",15,2011,1.44927536231884,3,7.82824802405889
"drhm-08",15,2012,0.72463768115942,3,7.53839295159512
"drhm-08",16,2012,19.4244604316547,4,21.6688078108942
"drhm-08",16,2013,18.705035971223,4,20.950668036999
"drhm-08",16,2014,18.705035971223,4,20.773381294964
"drhm-08",16,2015,11.5107913669065,4,19.1546762589928
"drhm-08",16,2016,2.15827338129496,4,16.636690647482
"drhm-08",18,1999,37.1428571428572,4,22.8896882494005
"drhm-08",18,2000,38.5714285714286,4,23.6056868790682
"drhm-08",18,2001,42.8571428571429,4,25.0342583076396
"drhm-08",18,2002,42.8571428571429,4,25.0342583076396
"drhm-08",18,2003,42.1428571428571,4,24.7961630695444
"drhm-08",18,2004,37.8571428571428,4,23.3675916409729
"drhm-08",18,2005,36.4285714285714,4,22.8914011647825
"drhm-08",18,2006,35.7142857142857,4,23.1329222336417
"drhm-08",18,2007,33.5714285714286,4,22.1788283658788
"drhm-08",18,2008,33.5714285714286,4,21.9390202124015
"drhm-08",18,2009,33.5714285714286,4,21.9390202124015
"drhm-08",18,2010,33.5714285714286,4,21.9390202124015
"drhm-08",18,2011,33.5714285714286,4,22.1771154504968
"drhm-08",18,2012,33.5714285714286,4,21.6688078108942
"drhm-08",18,2013,33.5714285714286,4,20.950668036999
"drhm-08",18,2014,32.1428571428571,4,20.773381294964
"drhm-08",18,2015,32.1428571428571,4,19.1546762589928
"drhm-08",18,2016,32.1428571428571,4,16.636690647482
"drhm-08",18,2017,32.1428571428571,4,21.462829736211
"drhm-08",18,2018,32.1428571428571,4,21.2213086673518
"drhm-08",18,2019,32.1428571428571,4,21.2230215827338
"drhm-08",18,2020,32.1428571428571,4,21.2230215827338
"drhm-08",18,2021,32.1428571428571,4,21.2213086673518
"drhm-08",18,2022,32.1428571428571,4,21.2213086673518
"drhm-08",18,2023,32.1428571428571,4,20.7434052757793
"drhm-08",18,2024,32.1428571428571,4,19.5495032545392
"drhm-08",18,2025,32.1428571428571,4,20.5018842069202
"drhm-08",19,1999,13.6690647482014,4,22.8896882494005
"drhm-08",19,2000,14.3884892086331,4,23.6056868790682
"drhm-08",19,2001,14.3884892086331,4,25.0342583076396
"drhm-08",19,2002,14.3884892086331,4,25.0342583076396
"drhm-08",19,2003,14.3884892086331,4,24.7961630695444
"drhm-08",19,2004,14.3884892086331,4,23.3675916409729
"drhm-08",19,2005,14.3884892086331,4,22.8914011647825
"drhm-08",19,2006,15.8273381294964,4,23.1329222336417
"drhm-08",19,2007,15.1079136690648,4,22.1788283658788
"drhm-08",19,2008,14.3884892086331,4,21.9390202124015
"drhm-08",19,2009,14.3884892086331,4,21.9390202124015
"drhm-08",19,2010,14.3884892086331,4,21.9390202124015
"drhm-08",19,2011,14.3884892086331,4,22.1771154504968
"drhm-08",19,2012,15.1079136690648,4,21.6688078108942
"drhm-08",19,2013,13.6690647482014,4,20.950668036999
"drhm-08",19,2014,14.3884892086331,4,20.773381294964
"drhm-08",19,2015,15.1079136690648,4,19.1546762589928
"drhm-08",19,2016,14.3884892086331,4,16.636690647482
"drhm-08",19,2017,14.3884892086331,4,21.462829736211
"drhm-08",19,2018,12.9496402877698,4,21.2213086673518
"drhm-08",19,2019,13.6690647482014,4,21.2230215827338
"drhm-08",19,2020,13.6690647482014,4,21.2230215827338
"drhm-08",19,2021,12.9496402877698,4,21.2213086673518
"drhm-08",19,2022,12.9496402877698,4,21.2213086673518
"drhm-08",19,2023,12.2302158273381,4,20.7434052757793
"drhm-08",19,2024,10.7913669064748,4,19.5495032545392
"drhm-08",19,2025,10.7913669064748,4,20.5018842069202
"drhm-08",20,1999,17.8571428571429,4,22.8896882494005
"drhm-08",20,2000,17.8571428571429,4,23.6056868790682
"drhm-08",20,2001,17.8571428571429,4,25.0342583076396
"drhm-08",20,2002,17.8571428571429,4,25.0342583076396
"drhm-08",20,2003,17.8571428571429,4,24.7961630695444
"drhm-08",20,2004,17.8571428571429,4,23.3675916409729
"drhm-08",20,2005,17.8571428571429,4,22.8914011647825
"drhm-08",20,2006,17.8571428571429,4,23.1329222336417
"drhm-08",20,2007,17.8571428571429,4,22.1788283658788
"drhm-08",20,2008,17.8571428571429,4,21.9390202124015
"drhm-08",20,2009,17.8571428571429,4,21.9390202124015
"drhm-08",20,2010,17.8571428571429,4,21.9390202124015
"drhm-08",20,2011,18.5714285714286,4,22.1771154504968
"drhm-08",20,2012,18.5714285714286,4,21.6688078108942
"drhm-08",20,2013,17.8571428571429,4,20.950668036999
"drhm-08",20,2014,17.8571428571429,4,20.773381294964
"drhm-08",20,2015,17.8571428571429,4,19.1546762589928
"drhm-08",20,2016,17.8571428571429,4,16.636690647482
"drhm-08",20,2017,17.8571428571429,4,21.462829736211
"drhm-08",20,2018,18.5714285714286,4,21.2213086673518
"drhm-08",20,2019,17.8571428571429,4,21.2230215827338
"drhm-08",20,2020,17.8571428571429,4,21.2230215827338
"drhm-08",20,2021,18.5714285714286,4,21.2213086673518
"drhm-08",20,2022,18.5714285714285,4,21.2213086673518
"drhm-08",20,2023,17.8571428571428,4,20.7434052757793
"drhm-08",20,2024,15.7142857142857,4,19.5495032545392
"drhm-08",20,2025,18.5714285714285,4,20.5018842069202
"orng-01",1,1999,31.2056737588652,1,37.1698576119942
"orng-01",1,2000,31.2056737588652,1,37.1698576119942
"orng-01",1,2001,31.2056737588652,1,37.1698576119942
"orng-01",1,2002,35.4609929078014,1,38.0209214417814
"orng-01",1,2003,35.4609929078014,1,38.0209214417814
"orng-01",1,2004,35.4609929078015,1,37.8759939055495
"orng-01",1,2005,34.7517730496454,1,37.5892223976864
"orng-01",1,2006,34.7517730496454,1,37.4463652548293
"orng-01",1,2007,32.6241134751773,1,36.8779761970785
"orng-01",1,2008,30.4964539007092,1,36.307516745953
"orng-01",1,2009,29.7872340425532,1,35.8789307393784
"orng-01",1,2010,29.7872340425532,1,35.6011529616006
"orng-01",1,2011,29.7872340425532,1,35.7450378536869
"orng-01",1,2012,29.7872340425532,1,35.4572680695143
"orng-01",1,2013,29.7872340425532,1,35.4572680695143
"orng-01",1,2014,29.7872340425532,1,35.3133831774279
"orng-01",1,2015,29.7872340425532,1,35.3133831774279
"orng-01",1,2016,29.7872340425532,1,35.1694982853416
"orng-01",1,2017,29.7872340425532,1,35.0256133932553
"orng-01",1,2018,29.7872340425532,1,34.8817285011689
"orng-01",1,2019,29.0780141843972,1,34.7398845295377
"orng-01",1,2020,29.0780141843972,1,34.7398845295377
"orng-01",1,2021,29.0780141843972,1,34.5949569933058
"orng-01",1,2022,29.0780141843972,1,34.7338458821947
"orng-01",1,2023,29.0780141843972,1,38.6468893604556
"orng-01",1,2024,29.0780141843972,1,38.2121067517599
"orng-01",1,2025,29.0780141843972,1,36.7628313894411
"orng-01",2,1999,43.4782608695652,1,37.1698576119942
"orng-01",2,2000,43.4782608695652,1,37.1698576119942
"orng-01",2,2001,43.4782608695652,1,37.1698576119942
"orng-01",2,2002,43.4782608695652,1,38.0209214417814
"orng-01",2,2003,43.4782608695652,1,38.0209214417814
"orng-01",2,2004,42.7536231884057,1,37.8759939055495
"orng-01",2,2005,42.0289855072464,1,37.5892223976864
"orng-01",2,2006,42.0289855072463,1,37.4463652548293
"orng-01",2,2007,42.0289855072464,1,36.8779761970785
"orng-01",2,2008,41.304347826087,1,36.307516745953
"orng-01",2,2009,41.304347826087,1,35.8789307393784
"orng-01",2,2010,41.3043478260869,1,35.6011529616006
"orng-01",2,2011,41.304347826087,1,35.7450378536869
"orng-01",2,2012,41.304347826087,1,35.4572680695143
"orng-01",2,2013,41.304347826087,1,35.4572680695143
"orng-01",2,2014,41.304347826087,1,35.3133831774279
"orng-01",2,2015,41.304347826087,1,35.3133831774279
"orng-01",2,2016,41.304347826087,1,35.1694982853416
"orng-01",2,2017,41.304347826087,1,35.0256133932553
"orng-01",2,2018,41.3043478260869,1,34.8817285011689
"orng-01",2,2019,41.3043478260869,1,34.7398845295377
"orng-01",2,2020,41.3043478260869,1,34.7398845295377
"orng-01",2,2021,40.5797101449275,1,34.5949569933058
"orng-01",2,2022,40.5797101449275,1,34.7338458821947
"orng-01",2,2023,60.1449275362319,1,38.6468893604556
"orng-01",2,2024,57.9710144927536,1,38.2121067517599
"orng-01",2,2025,50.7246376811594,1,36.7628313894411
"orng-01",3,1999,53.5714285714286,1,37.1698576119942
"orng-01",3,2000,53.5714285714286,1,37.1698576119942
"orng-01",3,2001,53.5714285714286,1,37.1698576119942
"orng-01",3,2002,53.5714285714286,1,38.0209214417814
"orng-01",3,2003,53.5714285714286,1,38.0209214417814
"orng-01",3,2004,53.5714285714286,1,37.8759939055495
"orng-01",3,2005,53.5714285714286,1,37.5892223976864
"orng-01",3,2006,52.8571428571429,1,37.4463652548293
"orng-01",3,2007,52.1428571428571,1,36.8779761970785
"orng-01",3,2008,52.1428571428571,1,36.307516745953
"orng-01",3,2009,51.4285714285714,1,35.8789307393784
"orng-01",3,2010,51.4285714285714,1,35.6011529616006
"orng-01",3,2011,51.4285714285714,1,35.7450378536869
"orng-01",3,2012,51.4285714285714,1,35.4572680695143
"orng-01",3,2013,51.4285714285714,1,35.4572680695143
"orng-01",3,2014,51.4285714285714,1,35.3133831774279
"orng-01",3,2015,51.4285714285714,1,35.3133831774279
"orng-01",3,2016,51.4285714285714,1,35.1694982853416
"orng-01",3,2017,51.4285714285714,1,35.0256133932553
"orng-01",3,2018,51.4285714285714,1,34.8817285011689
"orng-01",3,2019,51.4285714285714,1,34.7398845295377
"orng-01",3,2020,51.4285714285714,1,34.7398845295377
"orng-01",3,2021,51.4285714285714,1,34.5949569933058
"orng-01",3,2022,51.4285714285714,1,34.7338458821947
"orng-01",3,2023,51.4285714285714,1,38.6468893604556
"orng-01",3,2024,51.4285714285714,1,38.2121067517599
"orng-01",3,2025,51.4285714285714,1,36.7628313894411
"orng-01",4,1999,38.8888888888889,1,37.1698576119942
"orng-01",4,2000,38.8888888888889,1,37.1698576119942
"orng-01",4,2001,38.8888888888889,1,37.1698576119942
"orng-01",4,2002,38.8888888888889,1,38.0209214417814
"orng-01",4,2003,38.8888888888889,1,38.0209214417814
"orng-01",4,2004,38.8888888888889,1,37.8759939055495
"orng-01",4,2005,38.8888888888888,1,37.5892223976864
"orng-01",4,2006,38.8888888888888,1,37.4463652548293
"orng-01",4,2007,38.8888888888888,1,36.8779761970785
"orng-01",4,2008,38.8888888888889,1,36.307516745953
"orng-01",4,2009,38.8888888888889,1,35.8789307393784
"orng-01",4,2010,37.5,1,35.6011529616006
"orng-01",4,2011,37.5,1,35.7450378536869
"orng-01",4,2012,37.5,1,35.4572680695143
"orng-01",4,2013,37.5,1,35.4572680695143
"orng-01",4,2014,37.5,1,35.3133831774279
"orng-01",4,2015,37.5,1,35.3133831774279
"orng-01",4,2016,37.5,1,35.1694982853416
"orng-01",4,2017,37.5,1,35.0256133932553
"orng-01",4,2018,37.5,1,34.8817285011689
"orng-01",4,2019,37.5,1,34.7398845295377
"orng-01",4,2020,37.5,1,34.7398845295377
"orng-01",4,2021,37.5,1,34.5949569933058
"orng-01",4,2022,38.1944444444444,1,34.7338458821947
"orng-01",4,2023,38.1944444444444,1,38.6468893604556
"orng-01",4,2024,38.1944444444444,1,38.2121067517599
"orng-01",4,2025,38.1944444444444,1,36.7628313894411
"orng-01",5,1999,18.705035971223,1,37.1698576119942
"orng-01",5,2000,18.705035971223,1,37.1698576119942
"orng-01",5,2001,18.705035971223,1,37.1698576119942
"orng-01",5,2002,18.705035971223,1,38.0209214417814
"orng-01",5,2003,18.705035971223,1,38.0209214417814
"orng-01",5,2004,18.705035971223,1,37.8759939055495
"orng-01",5,2005,18.705035971223,1,37.5892223976864
"orng-01",5,2006,18.705035971223,1,37.4463652548293
"orng-01",5,2007,18.705035971223,1,36.8779761970785
"orng-01",5,2008,18.705035971223,1,36.307516745953
"orng-01",5,2009,17.9856115107914,1,35.8789307393784
"orng-01",5,2010,17.9856115107914,1,35.6011529616006
"orng-01",5,2011,18.705035971223,1,35.7450378536869
"orng-01",5,2012,17.2661870503597,1,35.4572680695143
"orng-01",5,2013,17.2661870503597,1,35.4572680695143
"orng-01",5,2014,16.5467625899281,1,35.3133831774279
"orng-01",5,2015,16.5467625899281,1,35.3133831774279
"orng-01",5,2016,15.8273381294964,1,35.1694982853416
"orng-01",5,2017,15.1079136690647,1,35.0256133932553
"orng-01",5,2018,14.3884892086331,1,34.8817285011689
"orng-01",5,2019,14.3884892086331,1,34.7398845295377
"orng-01",5,2020,14.3884892086331,1,34.7398845295377
"orng-01",5,2021,14.3884892086331,1,34.5949569933058
"orng-01",5,2022,14.3884892086331,1,34.7338458821947
"orng-01",5,2023,14.3884892086331,1,38.6468893604556
"orng-01",5,2024,14.3884892086331,1,38.2121067517599
"orng-01",5,2025,14.3884892086331,1,36.7628313894411
"orng-01",6,1999,50,2,57.1613566289825
"orng-01",6,2000,50,2,57.1613566289825
"orng-01",6,2001,50,2,57.1613566289825
"orng-01",6,2002,50,2,57.3052415210689
"orng-01",6,2003,50,2,57.1623843782117
"orng-01",6,2004,50,2,57.1623843782117
"orng-01",6,2005,50,2,57.1623843782117
"orng-01",6,2006,50,2,56.874614594039
"orng-01",6,2007,50,2,57.874614594039
"orng-01",6,2008,60.7142857142857,2,62.4552929085303
"orng-01",6,2009,60.7142857142857,2,62.743062692703
"orng-01",6,2010,60.7142857142857,2,62.4552929085303
"orng-01",6,2011,60.7142857142857,2,61.8818088386434
"orng-01",6,2012,60.7142857142857,2,61.3062692702981
"orng-01",6,2013,58.5714285714286,2,61.0195272353546
"orng-01",6,2014,57.1428571428572,2,60.8766700924975
"orng-01",6,2015,56.4285714285715,2,60.8766700924974
"orng-01",6,2016,56.4285714285715,2,60.8766700924974
"orng-01",6,2017,57.1428571428571,2,61.0195272353546
"orng-01",6,2018,57.1428571428571,2,61.0195272353546
"orng-01",6,2019,57.1428571428572,2,61.0195272353546
"orng-01",6,2020,58.5714285714285,2,61.1613566289825
"orng-01",6,2021,59.9999999999999,2,61.1593011305241
"orng-01",6,2022,63.5714285714285,2,61.7297019527235
"orng-01",6,2023,63.5714285714285,2,61.7297019527235
"orng-01",6,2024,61.4285714285715,2,61.3011305241521
"orng-01",6,2025,62.1428571428571,2,61.4439876670092
"orng-01",7,1999,53.2374100719424,2,57.1613566289825
"orng-01",7,2000,53.2374100719424,2,57.1613566289825
"orng-01",7,2001,53.2374100719425,2,57.1613566289825
"orng-01",7,2002,53.2374100719425,2,57.3052415210689
"orng-01",7,2003,53.2374100719424,2,57.1623843782117
"orng-01",7,2004,53.2374100719425,2,57.1623843782117
"orng-01",7,2005,53.2374100719425,2,57.1623843782117
"orng-01",7,2006,52.5179856115108,2,56.874614594039
"orng-01",7,2007,52.5179856115108,2,57.874614594039
"orng-01",7,2008,58.9928057553956,2,62.4552929085303
"orng-01",7,2009,60.431654676259,2,62.743062692703
"orng-01",7,2010,58.9928057553957,2,62.4552929085303
"orng-01",7,2011,57.5539568345324,2,61.8818088386434
"orng-01",7,2012,55.3956834532374,2,61.3062692702981
"orng-01",7,2013,54.6762589928058,2,61.0195272353546
"orng-01",7,2014,54.6762589928058,2,60.8766700924975
"orng-01",7,2015,54.6762589928058,2,60.8766700924974
"orng-01",7,2016,54.6762589928058,2,60.8766700924974
"orng-01",7,2017,54.6762589928057,2,61.0195272353546
"orng-01",7,2018,54.6762589928057,2,61.0195272353546
"orng-01",7,2019,54.6762589928058,2,61.0195272353546
"orng-01",7,2020,53.9568345323741,2,61.1613566289825
"orng-01",7,2021,53.9568345323741,2,61.1593011305241
"orng-01",7,2022,53.2374100719424,2,61.7297019527235
"orng-01",7,2023,53.2374100719424,2,61.7297019527235
"orng-01",7,2024,53.2374100719424,2,61.3011305241521
"orng-01",7,2025,53.2374100719424,2,61.4439876670092
"orng-01",8,1999,62.8571428571429,2,57.1613566289825
"orng-01",8,2000,62.8571428571428,2,57.1613566289825
"orng-01",8,2001,62.8571428571428,2,57.1613566289825
"orng-01",8,2002,62.8571428571429,2,57.3052415210689
"orng-01",8,2003,62.8571428571428,2,57.1623843782117
"orng-01",8,2004,62.8571428571429,2,57.1623843782117
"orng-01",8,2005,62.8571428571429,2,57.1623843782117
"orng-01",8,2006,62.8571428571428,2,56.874614594039
"orng-01",8,2007,67.8571428571429,2,57.874614594039
"orng-01",8,2008,72.8571428571429,2,62.4552929085303
"orng-01",8,2009,72.8571428571429,2,62.743062692703
"orng-01",8,2010,72.8571428571429,2,62.4552929085303
"orng-01",8,2011,71.4285714285715,2,61.8818088386434
"orng-01",8,2012,71.4285714285715,2,61.3062692702981
"orng-01",8,2013,72.8571428571429,2,61.0195272353546
"orng-01",8,2014,73.5714285714286,2,60.8766700924975
"orng-01",8,2015,74.2857142857142,2,60.8766700924974
"orng-01",8,2016,74.2857142857142,2,60.8766700924974
"orng-01",8,2017,74.2857142857142,2,61.0195272353546
"orng-01",8,2018,74.2857142857142,2,61.0195272353546
"orng-01",8,2019,74.2857142857142,2,61.0195272353546
"orng-01",8,2020,74.2857142857142,2,61.1613566289825
"orng-01",8,2021,74.2857142857142,2,61.1593011305241
"orng-01",8,2022,74.2857142857142,2,61.7297019527235
"orng-01",8,2023,74.2857142857142,2,61.7297019527235
"orng-01",8,2024,74.2857142857142,2,61.3011305241521
"orng-01",8,2025,74.2857142857142,2,61.4439876670092
"orng-01",9,1999,59.9999999999999,2,57.1613566289825
"orng-01",9,2000,59.9999999999999,2,57.1613566289825
"orng-01",9,2001,59.9999999999999,2,57.1613566289825
"orng-01",9,2002,59.9999999999999,2,57.3052415210689
"orng-01",9,2003,59.2857142857143,2,57.1623843782117
"orng-01",9,2004,59.2857142857142,2,57.1623843782117
"orng-01",9,2005,59.2857142857142,2,57.1623843782117
"orng-01",9,2006,59.2857142857143,2,56.874614594039
"orng-01",9,2007,59.2857142857142,2,57.874614594039
"orng-01",9,2008,60,2,62.4552929085303
"orng-01",9,2009,60,2,62.743062692703
"orng-01",9,2010,60,2,62.4552929085303
"orng-01",9,2011,60,2,61.8818088386434
"orng-01",9,2012,60,2,61.3062692702981
"orng-01",9,2013,60,2,61.0195272353546
"orng-01",9,2014,60,2,60.8766700924975
"orng-01",9,2015,60,2,60.8766700924974
"orng-01",9,2016,60,2,60.8766700924974
"orng-01",9,2017,60,2,61.0195272353546
"orng-01",9,2018,60,2,61.0195272353546
"orng-01",9,2019,60,2,61.0195272353546
"orng-01",9,2020,60,2,61.1613566289825
"orng-01",9,2021,60,2,61.1593011305241
"orng-01",9,2022,60,2,61.7297019527235
"orng-01",9,2023,60,2,61.7297019527235
"orng-01",9,2024,60,2,61.3011305241521
"orng-01",9,2025,60,2,61.4439876670092
"orng-01",10,1999,59.7122302158273,2,57.1613566289825
"orng-01",10,2000,59.7122302158273,2,57.1613566289825
"orng-01",10,2001,59.7122302158273,2,57.1613566289825
"orng-01",10,2002,60.431654676259,2,57.3052415210689
"orng-01",10,2003,60.431654676259,2,57.1623843782117
"orng-01",10,2004,60.431654676259,2,57.1623843782117
"orng-01",10,2005,60.431654676259,2,57.1623843782117
"orng-01",10,2006,59.7122302158273,2,56.874614594039
"orng-01",10,2007,59.7122302158273,2,57.874614594039
"orng-01",10,2008,59.7122302158273,2,62.4552929085303
"orng-01",10,2009,59.7122302158273,2,62.743062692703
"orng-01",10,2010,59.7122302158273,2,62.4552929085303
"orng-01",10,2011,59.7122302158273,2,61.8818088386434
"orng-01",10,2012,58.9928057553957,2,61.3062692702981
"orng-01",10,2013,58.9928057553957,2,61.0195272353546
"orng-01",10,2014,58.9928057553957,2,60.8766700924975
"orng-01",10,2015,58.9928057553957,2,60.8766700924974
"orng-01",10,2016,58.9928057553957,2,60.8766700924974
"orng-01",10,2017,58.9928057553957,2,61.0195272353546
"orng-01",10,2018,58.9928057553957,2,61.0195272353546
"orng-01",10,2019,58.9928057553957,2,61.0195272353546
"orng-01",10,2020,58.9928057553957,2,61.1613566289825
"orng-01",10,2021,57.5539568345324,2,61.1593011305241
"orng-01",10,2022,57.5539568345324,2,61.7297019527235
"orng-01",10,2023,57.5539568345324,2,61.7297019527235
"orng-01",10,2024,57.5539568345324,2,61.3011305241521
"orng-01",10,2025,57.5539568345324,2,61.4439876670092
"orng-01",11,1999,41.304347826087,3,45.6104383573886
"orng-01",11,2000,41.304347826087,3,45.175655748693
"orng-01",11,2001,41.304347826087,3,45.175655748693
"orng-01",11,2002,41.304347826087,3,44.5980159971402
"orng-01",11,2003,41.304347826087,3,43.4385957072851
"orng-01",11,2004,41.304347826087,3,42.4241029536619
"orng-01",11,2005,41.304347826087,3,43.1518536723416
"orng-01",11,2006,41.304347826087,3,43.0079687802553
"orng-01",11,2007,41.304347826087,3,43.442751388951
"orng-01",11,2008,41.304347826087,3,43.5897493185576
"orng-01",11,2009,41.304347826087,3,43.0079687802553
"orng-01",11,2010,41.304347826087,3,42.2864441366162
"orng-01",11,2011,41.304347826087,3,43.0110818177756
"orng-01",11,2012,41.304347826087,3,42.8661542815437
"orng-01",11,2013,41.304347826087,3,42.5762992090799
"orng-01",11,2014,40.5797101449275,3,40.9841667039039
"orng-01",11,2015,40.5797101449275,3,41.2740217763677
"orng-01",11,2016,40.5797101449275,3,41.1290942401358
"orng-01",11,2017,40.5797101449275,3,41.1290942401358
"orng-01",11,2018,40.5797101449275,3,41.8537319212952
"orng-01",11,2019,40.5797101449275,3,42.7232971386866
"orng-01",11,2020,40.5797101449275,3,43.7377898923098
"orng-01",11,2021,40.5797101449275,3,43.7377898923098
"orng-01",11,2022,40.5797101449275,3,43.3030072836141
"orng-01",11,2023,40.5797101449275,3,42.2864441366162
"orng-01",11,2024,40.5797101449275,3,40.839239167672
"orng-01",11,2025,40.5797101449275,3,40.8371687742973
"orng-01",12,1999,44.9275362318841,3,45.6104383573886
"orng-01",12,2000,44.9275362318841,3,45.175655748693
"orng-01",12,2001,44.9275362318841,3,45.175655748693
"orng-01",12,2002,44.9275362318841,3,44.5980159971402
"orng-01",12,2003,44.9275362318841,3,43.4385957072851
"orng-01",12,2004,45.6521739130435,3,42.4241029536619
"orng-01",12,2005,45.6521739130435,3,43.1518536723416
"orng-01",12,2006,44.9275362318841,3,43.0079687802553
"orng-01",12,2007,44.9275362318841,3,43.442751388951
"orng-01",12,2008,44.9275362318841,3,43.5897493185576
"orng-01",12,2009,44.9275362318841,3,43.0079687802553
"orng-01",12,2010,44.9275362318841,3,42.2864441366162
"orng-01",12,2011,44.9275362318841,3,43.0110818177756
"orng-01",12,2012,44.9275362318841,3,42.8661542815437
"orng-01",12,2013,44.9275362318841,3,42.5762992090799
"orng-01",12,2014,44.9275362318841,3,40.9841667039039
"orng-01",12,2015,44.9275362318841,3,41.2740217763677
"orng-01",12,2016,44.9275362318841,3,41.1290942401358
"orng-01",12,2017,44.9275362318841,3,41.1290942401358
"orng-01",12,2018,44.9275362318841,3,41.8537319212952
"orng-01",12,2019,44.9275362318841,3,42.7232971386866
"orng-01",12,2020,51.4492753623188,3,43.7377898923098
"orng-01",12,2021,51.4492753623188,3,43.7377898923098
"orng-01",12,2022,51.4492753623188,3,43.3030072836141
"orng-01",12,2023,48.5507246376811,3,42.2864441366162
"orng-01",12,2024,47.8260869565217,3,40.839239167672
"orng-01",12,2025,47.8260869565217,3,40.8371687742973
"orng-01",13,1999,48.5714285714286,3,45.6104383573886
"orng-01",13,2000,48.5714285714286,3,45.175655748693
"orng-01",13,2001,48.5714285714286,3,45.175655748693
"orng-01",13,2002,47.8571428571429,3,44.5980159971402
"orng-01",13,2003,47.8571428571429,3,43.4385957072851
"orng-01",13,2004,47.8571428571429,3,42.4241029536619
"orng-01",13,2005,47.1428571428571,3,43.1518536723416
"orng-01",13,2006,47.1428571428571,3,43.0079687802553
"orng-01",13,2007,47.1428571428571,3,43.442751388951
"orng-01",13,2008,46.4285714285714,3,43.5897493185576
"orng-01",13,2009,47.1428571428571,3,43.0079687802553
"orng-01",13,2010,46.4285714285714,3,42.2864441366162
"orng-01",13,2011,46.4285714285714,3,43.0110818177756
"orng-01",13,2012,46.4285714285714,3,42.8661542815437
"orng-01",13,2013,46.4285714285714,3,42.5762992090799
"orng-01",13,2014,45.7142857142857,3,40.9841667039039
"orng-01",13,2015,45.7142857142857,3,41.2740217763677
"orng-01",13,2016,45.7142857142857,3,41.1290942401358
"orng-01",13,2017,45.7142857142857,3,41.1290942401358
"orng-01",13,2018,45.7142857142857,3,41.8537319212952
"orng-01",13,2019,45.7142857142857,3,42.7232971386866
"orng-01",13,2020,45.7142857142857,3,43.7377898923098
"orng-01",13,2021,45.7142857142857,3,43.7377898923098
"orng-01",13,2022,45.7142857142857,3,43.3030072836141
"orng-01",13,2023,46.4285714285714,3,42.2864441366162
"orng-01",13,2024,45.7142857142857,3,40.839239167672
"orng-01",13,2025,46.4285714285714,3,40.8371687742973
"orng-01",14,1999,31.6546762589928,3,45.6104383573886
"orng-01",14,2000,31.6546762589928,3,45.175655748693
"orng-01",14,2001,31.6546762589928,3,45.175655748693
"orng-01",14,2002,31.6546762589928,3,44.5980159971402
"orng-01",14,2003,31.6546762589928,3,43.4385957072851
"orng-01",14,2004,31.6546762589928,3,42.4241029536619
"orng-01",14,2005,30.9352517985612,3,43.1518536723416
"orng-01",14,2006,30.2158273381295,3,43.0079687802553
"orng-01",14,2007,30.2158273381295,3,43.442751388951
"orng-01",14,2008,30.2158273381295,3,43.5897493185576
"orng-01",14,2009,30.2158273381295,3,43.0079687802553
"orng-01",14,2010,29.4964028776978,3,42.2864441366162
"orng-01",14,2011,29.4964028776978,3,43.0110818177756
"orng-01",14,2012,29.4964028776978,3,42.8661542815437
"orng-01",14,2013,29.4964028776978,3,42.5762992090799
"orng-01",14,2014,29.4964028776978,3,40.9841667039039
"orng-01",14,2015,29.4964028776978,3,41.2740217763677
"orng-01",14,2016,29.4964028776978,3,41.1290942401358
"orng-01",14,2017,29.4964028776978,3,41.1290942401358
"orng-01",14,2018,29.4964028776978,3,41.8537319212952
"orng-01",14,2019,29.4964028776979,3,42.7232971386866
"orng-01",14,2020,29.4964028776979,3,43.7377898923098
"orng-01",14,2021,29.4964028776979,3,43.7377898923098
"orng-01",14,2022,29.4964028776979,3,43.3030072836141
"orng-01",14,2023,29.4964028776978,3,42.2864441366162
"orng-01",14,2024,29.4964028776978,3,40.839239167672
"orng-01",14,2025,29.4964028776978,3,40.8371687742973
"orng-01",15,1999,61.5942028985507,3,45.6104383573886
"orng-01",15,2000,59.4202898550725,3,45.175655748693
"orng-01",15,2001,59.4202898550724,3,45.175655748693
"orng-01",15,2002,57.2463768115942,3,44.5980159971402
"orng-01",15,2003,51.4492753623188,3,43.4385957072851
"orng-01",15,2004,45.6521739130435,3,42.4241029536619
"orng-01",15,2005,50.7246376811594,3,43.1518536723416
"orng-01",15,2006,51.4492753623188,3,43.0079687802553
"orng-01",15,2007,53.6231884057971,3,43.442751388951
"orng-01",15,2008,55.072463768116,3,43.5897493185576
"orng-01",15,2009,51.4492753623188,3,43.0079687802553
"orng-01",15,2010,49.2753623188406,3,42.2864441366162
"orng-01",15,2011,52.8985507246377,3,43.0110818177756
"orng-01",15,2012,52.1739130434783,3,42.8661542815437
"orng-01",15,2013,50.7246376811594,3,42.5762992090799
"orng-01",15,2014,44.2028985507246,3,40.9841667039039
"orng-01",15,2015,45.6521739130435,3,41.2740217763677
"orng-01",15,2016,44.9275362318841,3,41.1290942401358
"orng-01",15,2017,44.9275362318841,3,41.1290942401358
"orng-01",15,2018,48.5507246376811,3,41.8537319212952
"orng-01",15,2019,52.8985507246377,3,42.7232971386866
"orng-01",15,2020,51.4492753623189,3,43.7377898923098
"orng-01",15,2021,51.4492753623189,3,43.7377898923098
"orng-01",15,2022,49.2753623188405,3,43.3030072836141
"orng-01",15,2023,46.3768115942029,3,42.2864441366162
"orng-01",15,2024,40.5797101449275,3,40.839239167672
"orng-01",15,2025,39.8550724637681,3,40.8371687742973
"orng-01",16,1999,52.5179856115108,4,54.2292144622416
"orng-01",16,2000,52.5179856115108,4,54.2292144622416
"orng-01",16,2001,52.5179856115108,4,54.2292144622416
"orng-01",16,2002,51.7985611510791,4,54.0853295701552
"orng-01",16,2003,51.7985611510791,4,53.9424724272981
"orng-01",16,2004,51.7985611510791,4,53.8006284556669
"orng-01",16,2005,51.7985611510791,4,53.8006284556669
"orng-01",16,2006,51.7985611510791,4,53.6597833852444
"orng-01",16,2007,51.7985611510791,4,53.6597833852444
"orng-01",16,2008,51.7985611510791,4,53.6597833852444
"orng-01",16,2009,51.7985611510791,4,53.6597833852444
"orng-01",16,2010,51.7985611510791,4,53.5189383148218
"orng-01",16,2011,51.7985611510791,4,53.3780932443993
"orng-01",16,2012,51.7985611510791,4,53.3780932443993
"orng-01",16,2013,51.7985611510791,4,53.2372481739768
"orng-01",16,2014,51.7985611510791,4,53.2372481739768
"orng-01",16,2015,51.7985611510791,4,53.0964031035542
"orng-01",16,2016,51.7985611510791,4,53.0964031035542
"orng-01",16,2017,51.7985611510791,4,53.0964031035542
"orng-01",16,2018,51.7985611510791,4,53.0964031035542
"orng-01",16,2019,51.7985611510791,4,52.9555580331317
"orng-01",16,2020,51.7985611510791,4,52.9555580331317
"orng-01",16,2021,51.7985611510791,4,52.9555580331317
"orng-01",16,2022,51.7985611510791,4,52.9555580331317
"orng-01",16,2023,51.7985611510791,4,52.8137140615005
"orng-01",16,2024,51.7985611510791,4,52.8137140615005
"orng-01",16,2025,51.7985611510791,4,52.8137140615005
"orng-01",17,1999,77.1428571428571,4,54.2292144622416
"orng-01",17,2000,77.1428571428571,4,54.2292144622416
"orng-01",17,2001,77.1428571428571,4,54.2292144622416
"orng-01",17,2002,77.1428571428571,4,54.0853295701552
"orng-01",17,2003,76.4285714285714,4,53.9424724272981
"orng-01",17,2004,76.4285714285714,4,53.8006284556669
"orng-01",17,2005,76.4285714285714,4,53.8006284556669
"orng-01",17,2006,76.4285714285714,4,53.6597833852444
"orng-01",17,2007,76.4285714285714,4,53.6597833852444
"orng-01",17,2008,76.4285714285714,4,53.6597833852444
"orng-01",17,2009,76.4285714285714,4,53.6597833852444
"orng-01",17,2010,76.4285714285714,4,53.5189383148218
"orng-01",17,2011,76.4285714285714,4,53.3780932443993
"orng-01",17,2012,76.4285714285714,4,53.3780932443993
"orng-01",17,2013,76.4285714285714,4,53.2372481739768
"orng-01",17,2014,76.4285714285714,4,53.2372481739768
"orng-01",17,2015,76.4285714285714,4,53.0964031035542
"orng-01",17,2016,76.4285714285714,4,53.0964031035542
"orng-01",17,2017,76.4285714285714,4,53.0964031035542
"orng-01",17,2018,76.4285714285715,4,53.0964031035542
"orng-01",17,2019,76.4285714285715,4,52.9555580331317
"orng-01",17,2020,76.4285714285714,4,52.9555580331317
"orng-01",17,2021,76.4285714285714,4,52.9555580331317
"orng-01",17,2022,76.4285714285714,4,52.9555580331317
"orng-01",17,2023,76.4285714285714,4,52.8137140615005
"orng-01",17,2024,76.4285714285714,4,52.8137140615005
"orng-01",17,2025,76.4285714285714,4,52.8137140615005
"orng-01",18,1999,2.87769784172662,4,54.2292144622416
"orng-01",18,2000,2.87769784172662,4,54.2292144622416
"orng-01",18,2001,2.87769784172662,4,54.2292144622416
"orng-01",18,2002,2.87769784172662,4,54.0853295701552
"orng-01",18,2003,2.87769784172662,4,53.9424724272981
"orng-01",18,2004,2.87769784172662,4,53.8006284556669
"orng-01",18,2005,2.87769784172662,4,53.8006284556669
"orng-01",18,2006,2.87769784172662,4,53.6597833852444
"orng-01",18,2007,2.87769784172662,4,53.6597833852444
"orng-01",18,2008,2.87769784172662,4,53.6597833852444
"orng-01",18,2009,2.87769784172662,4,53.6597833852444
"orng-01",18,2010,2.87769784172662,4,53.5189383148218
"orng-01",18,2011,2.87769784172662,4,53.3780932443993
"orng-01",18,2012,2.87769784172662,4,53.3780932443993
"orng-01",18,2013,2.87769784172662,4,53.2372481739768
"orng-01",18,2014,2.87769784172662,4,53.2372481739768
"orng-01",18,2015,2.87769784172662,4,53.0964031035542
"orng-01",18,2016,2.87769784172662,4,53.0964031035542
"orng-01",18,2017,2.87769784172662,4,53.0964031035542
"orng-01",18,2018,2.87769784172662,4,53.0964031035542
"orng-01",18,2019,2.87769784172662,4,52.9555580331317
"orng-01",18,2020,2.87769784172662,4,52.9555580331317
"orng-01",18,2021,2.87769784172662,4,52.9555580331317
"orng-01",18,2022,2.87769784172662,4,52.9555580331317
"orng-01",18,2023,2.87769784172662,4,52.8137140615005
"orng-01",18,2024,2.87769784172662,4,52.8137140615005
"orng-01",18,2025,2.87769784172662,4,52.8137140615005
"orng-01",19,1999,56.3380281690141,4,54.2292144622416
"orng-01",19,2000,56.3380281690141,4,54.2292144622416
"orng-01",19,2001,56.3380281690141,4,54.2292144622416
"orng-01",19,2002,56.3380281690141,4,54.0853295701552
"orng-01",19,2003,56.3380281690141,4,53.9424724272981
"orng-01",19,2004,56.3380281690141,4,53.8006284556669
"orng-01",19,2005,56.3380281690141,4,53.8006284556669
"orng-01",19,2006,55.6338028169014,4,53.6597833852444
"orng-01",19,2007,55.6338028169014,4,53.6597833852444
"orng-01",19,2008,55.6338028169014,4,53.6597833852444
"orng-01",19,2009,55.6338028169014,4,53.6597833852444
"orng-01",19,2010,54.9295774647887,4,53.5189383148218
"orng-01",19,2011,54.2253521126761,4,53.3780932443993
"orng-01",19,2012,54.2253521126761,4,53.3780932443993
"orng-01",19,2013,53.5211267605634,4,53.2372481739768
"orng-01",19,2014,53.5211267605634,4,53.2372481739768
"orng-01",19,2015,52.8169014084507,4,53.0964031035542
"orng-01",19,2016,52.8169014084507,4,53.0964031035542
"orng-01",19,2017,52.8169014084507,4,53.0964031035542
"orng-01",19,2018,52.8169014084507,4,53.0964031035542
"orng-01",19,2019,52.112676056338,4,52.9555580331317
"orng-01",19,2020,52.112676056338,4,52.9555580331317
"orng-01",19,2021,52.112676056338,4,52.9555580331317
"orng-01",19,2022,52.112676056338,4,52.9555580331317
"orng-01",19,2023,52.112676056338,4,52.8137140615005
"orng-01",19,2024,52.112676056338,4,52.8137140615005
"orng-01",19,2025,52.112676056338,4,52.8137140615005
"orng-01",20,1999,82.2695035460993,4,54.2292144622416
"orng-01",20,2000,82.2695035460993,4,54.2292144622416
"orng-01",20,2001,82.2695035460993,4,54.2292144622416
"orng-01",20,2002,82.2695035460993,4,54.0853295701552
"orng-01",20,2003,82.2695035460993,4,53.9424724272981
"orng-01",20,2004,81.5602836879433,4,53.8006284556669
"orng-01",20,2005,81.5602836879433,4,53.8006284556669
"orng-01",20,2006,81.5602836879433,4,53.6597833852444
"orng-01",20,2007,81.5602836879433,4,53.6597833852444
"orng-01",20,2008,81.5602836879433,4,53.6597833852444
"orng-01",20,2009,81.5602836879433,4,53.6597833852444
"orng-01",20,2010,81.5602836879433,4,53.5189383148218
"orng-01",20,2011,81.5602836879433,4,53.3780932443993
"orng-01",20,2012,81.5602836879433,4,53.3780932443993
"orng-01",20,2013,81.5602836879433,4,53.2372481739768
"orng-01",20,2014,81.5602836879433,4,53.2372481739768
"orng-01",20,2015,81.5602836879433,4,53.0964031035542
"orng-01",20,2016,81.5602836879433,4,53.0964031035542
"orng-01",20,2017,81.5602836879433,4,53.0964031035542
"orng-01",20,2018,81.5602836879433,4,53.0964031035542
"orng-01",20,2019,81.5602836879433,4,52.9555580331317
"orng-01",20,2020,81.5602836879433,4,52.9555580331317
"orng-01",20,2021,81.5602836879433,4,52.9555580331317
"orng-01",20,2022,81.5602836879433,4,52.9555580331317
"orng-01",20,2023,80.8510638297872,4,52.8137140615005
"orng-01",20,2024,80.8510638297872,4,52.8137140615005
"orng-01",20,2025,80.8510638297872,4,52.8137140615005
"orng-02",1,1999,46.0431654676259,1,14.1236873854953
"orng-02",1,2000,45.3237410071942,1,13.979802493409
"orng-02",1,2001,48.9208633093525,1,14.6992269538407
"orng-02",1,2002,66.9064748201438,1,19.3108420096221
"orng-02",1,2003,66.1870503597122,1,18.5872469726082
"orng-02",1,2004,65.4676258992806,1,18.29843454429
"orng-02",1,2005,67.6258992805755,1,18.4402341480853
"orng-02",1,2006,64.0287769784173,1,17.8657372238855
"orng-02",1,2007,58.2733812949641,1,16.8595856234267
"orng-02",1,2008,49.6402877697842,1,15.2778944546227
"orng-02",1,2009,48.9208633093525,1,15.1340095625363
"orng-02",1,2010,48.9208633093525,1,15.1340095625363
"orng-02",1,2011,48.9208633093525,1,15.1340095625363
"orng-02",1,2012,48.2014388489209,1,14.99012467045
"orng-02",1,2013,48.9208633093525,1,15.1340095625363
"orng-02",1,2014,48.9208633093525,1,15.1340095625363
"orng-02",1,2015,48.9208633093525,1,15.1329818133071
"orng-02",1,2016,48.9208633093525,1,15.1329818133071
"orng-02",1,2017,48.9208633093525,1,15.2758389561643
"orng-02",1,2018,48.9208633093526,1,15.2758389561643
"orng-02",1,2019,48.9208633093526,1,15.2758389561643
"orng-02",1,2020,48.9208633093526,1,15.2758389561643
"orng-02",1,2021,48.9208633093526,1,15.2758389561643
"orng-02",1,2022,48.9208633093526,1,16.5801867822512
"orng-02",1,2023,48.9208633093526,1,16.5801867822512
"orng-02",1,2024,48.9208633093526,1,16.8679565664239
"orng-02",1,2025,48.9208633093526,1,17.7312510240255
"orng-02",2,1999,16.6666666666667,1,14.1236873854953
"orng-02",2,2000,16.6666666666667,1,13.979802493409
"orng-02",2,2001,16.6666666666667,1,14.6992269538407
"orng-02",2,2002,21.7391304347826,1,19.3108420096221
"orng-02",2,2003,18.840579710145,1,18.5872469726082
"orng-02",2,2004,18.1159420289855,1,18.29843454429
"orng-02",2,2005,16.6666666666667,1,18.4402341480853
"orng-02",2,2006,16.6666666666667,1,17.8657372238855
"orng-02",2,2007,16.6666666666667,1,16.8595856234267
"orng-02",2,2008,16.6666666666667,1,15.2778944546227
"orng-02",2,2009,16.6666666666667,1,15.1340095625363
"orng-02",2,2010,16.6666666666667,1,15.1340095625363
"orng-02",2,2011,16.6666666666667,1,15.1340095625363
"orng-02",2,2012,16.6666666666667,1,14.99012467045
"orng-02",2,2013,16.6666666666667,1,15.1340095625363
"orng-02",2,2014,16.6666666666667,1,15.1340095625363
"orng-02",2,2015,16.6666666666667,1,15.1329818133071
"orng-02",2,2016,16.6666666666667,1,15.1329818133071
"orng-02",2,2017,16.6666666666667,1,15.2758389561643
"orng-02",2,2018,16.6666666666667,1,15.2758389561643
"orng-02",2,2019,16.6666666666667,1,15.2758389561643
"orng-02",2,2020,16.6666666666667,1,15.2758389561643
"orng-02",2,2021,16.6666666666667,1,15.2758389561643
"orng-02",2,2022,23.1884057971015,1,16.5801867822512
"orng-02",2,2023,23.1884057971015,1,16.5801867822512
"orng-02",2,2024,23.1884057971015,1,16.8679565664239
"orng-02",2,2025,22.4637681159421,1,17.7312510240255
"orng-02",3,1999,5.75539568345324,1,14.1236873854953
"orng-02",3,2000,5.75539568345324,1,13.979802493409
"orng-02",3,2001,5.75539568345324,1,14.6992269538407
"orng-02",3,2002,5.75539568345324,1,19.3108420096221
"orng-02",3,2003,5.75539568345324,1,18.5872469726082
"orng-02",3,2004,5.75539568345324,1,18.29843454429
"orng-02",3,2005,5.75539568345324,1,18.4402341480853
"orng-02",3,2006,5.75539568345324,1,17.8657372238855
"orng-02",3,2007,5.75539568345324,1,16.8595856234267
"orng-02",3,2008,5.75539568345324,1,15.2778944546227
"orng-02",3,2009,5.75539568345324,1,15.1340095625363
"orng-02",3,2010,5.75539568345324,1,15.1340095625363
"orng-02",3,2011,5.75539568345324,1,15.1340095625363
"orng-02",3,2012,5.75539568345324,1,14.99012467045
"orng-02",3,2013,5.75539568345324,1,15.1340095625363
"orng-02",3,2014,5.75539568345324,1,15.1340095625363
"orng-02",3,2015,5.03597122302158,1,15.1329818133071
"orng-02",3,2016,5.03597122302158,1,15.1329818133071
"orng-02",3,2017,5.03597122302158,1,15.2758389561643
"orng-02",3,2018,5.03597122302158,1,15.2758389561643
"orng-02",3,2019,5.03597122302158,1,15.2758389561643
"orng-02",3,2020,5.03597122302158,1,15.2758389561643
"orng-02",3,2021,5.03597122302158,1,15.2758389561643
"orng-02",3,2022,5.03597122302158,1,16.5801867822512
"orng-02",3,2023,5.03597122302158,1,16.5801867822512
"orng-02",3,2024,6.47482014388489,1,16.8679565664239
"orng-02",3,2025,12.2302158273381,1,17.7312510240255
"orng-02",4,1999,1.42857142857143,1,14.1236873854953
"orng-02",4,2000,1.42857142857143,1,13.979802493409
"orng-02",4,2001,1.42857142857143,1,14.6992269538407
"orng-02",4,2002,1.42857142857143,1,19.3108420096221
"orng-02",4,2003,1.42857142857143,1,18.5872469726082
"orng-02",4,2004,1.42857142857143,1,18.29843454429
"orng-02",4,2005,1.42857142857143,1,18.4402341480853
"orng-02",4,2006,1.42857142857143,1,17.8657372238855
"orng-02",4,2007,1.42857142857143,1,16.8595856234267
"orng-02",4,2008,1.42857142857143,1,15.2778944546227
"orng-02",4,2009,1.42857142857143,1,15.1340095625363
"orng-02",4,2010,1.42857142857143,1,15.1340095625363
"orng-02",4,2011,1.42857142857143,1,15.1340095625363
"orng-02",4,2012,1.42857142857143,1,14.99012467045
"orng-02",4,2013,1.42857142857143,1,15.1340095625363
"orng-02",4,2014,1.42857142857143,1,15.1340095625363
"orng-02",4,2015,2.14285714285714,1,15.1329818133071
"orng-02",4,2016,2.14285714285714,1,15.1329818133071
"orng-02",4,2017,2.85714285714286,1,15.2758389561643
"orng-02",4,2018,2.85714285714286,1,15.2758389561643
"orng-02",4,2019,2.85714285714286,1,15.2758389561643
"orng-02",4,2020,2.85714285714286,1,15.2758389561643
"orng-02",4,2021,2.85714285714286,1,15.2758389561643
"orng-02",4,2022,2.85714285714286,1,16.5801867822512
"orng-02",4,2023,2.85714285714286,1,16.5801867822512
"orng-02",4,2024,2.85714285714286,1,16.8679565664239
"orng-02",4,2025,2.14285714285714,1,17.7312510240255
"orng-02",5,1999,0.72463768115942,1,14.1236873854953
"orng-02",5,2000,0.72463768115942,1,13.979802493409
"orng-02",5,2001,0.72463768115942,1,14.6992269538407
"orng-02",5,2002,0.72463768115942,1,19.3108420096221
"orng-02",5,2003,0.72463768115942,1,18.5872469726082
"orng-02",5,2004,0.72463768115942,1,18.29843454429
"orng-02",5,2005,0.72463768115942,1,18.4402341480853
"orng-02",5,2006,1.44927536231884,1,17.8657372238855
"orng-02",5,2007,2.17391304347826,1,16.8595856234267
"orng-02",5,2008,2.89855072463768,1,15.2778944546227
"orng-02",5,2009,2.89855072463768,1,15.1340095625363
"orng-02",5,2010,2.89855072463768,1,15.1340095625363
"orng-02",5,2011,2.89855072463768,1,15.1340095625363
"orng-02",5,2012,2.89855072463768,1,14.99012467045
"orng-02",5,2013,2.89855072463768,1,15.1340095625363
"orng-02",5,2014,2.89855072463768,1,15.1340095625363
"orng-02",5,2015,2.89855072463768,1,15.1329818133071
"orng-02",5,2016,2.89855072463768,1,15.1329818133071
"orng-02",5,2017,2.89855072463768,1,15.2758389561643
"orng-02",5,2018,2.89855072463768,1,15.2758389561643
"orng-02",5,2019,2.89855072463768,1,15.2758389561643
"orng-02",5,2020,2.89855072463768,1,15.2758389561643
"orng-02",5,2021,2.89855072463768,1,15.2758389561643
"orng-02",5,2022,2.89855072463768,1,16.5801867822512
"orng-02",5,2023,2.89855072463768,1,16.5801867822512
"orng-02",5,2024,2.89855072463768,1,16.8679565664239
"orng-02",5,2025,2.89855072463768,1,17.7312510240255
"orng-02",6,1999,43.1654676258993,2,49.8108941418294
"orng-02",6,2000,43.1654676258993,2,49.5251798561151
"orng-02",6,2001,43.1654676258993,2,49.8108941418294
"orng-02",6,2002,43.1654676258993,2,49.8108941418294
"orng-02",6,2003,43.1654676258993,2,49.8108941418294
"orng-02",6,2004,43.1654676258993,2,49.5251798561151
"orng-02",6,2005,43.1654676258993,2,49.6690647482015
"orng-02",6,2006,43.1654676258993,2,49.8119218910586
"orng-02",6,2007,43.8848920863309,2,49.9547790339157
"orng-02",6,2008,43.8848920863309,2,49.9547790339157
"orng-02",6,2009,43.884892086331,2,49.8119218910586
"orng-02",6,2010,43.884892086331,2,49.8119218910586
"orng-02",6,2011,43.8848920863309,2,49.8119218910586
"orng-02",6,2012,43.8848920863309,2,49.9547790339157
"orng-02",6,2013,44.6043165467626,2,49.9558067831449
"orng-02",6,2014,44.6043165467626,2,49.8119218910586
"orng-02",6,2015,44.6043165467626,2,49.6690647482014
"orng-02",6,2016,44.6043165467626,2,49.9547790339157
"orng-02",6,2017,46.0431654676259,2,49.9558067831449
"orng-02",6,2018,46.0431654676259,2,49.9558067831449
"orng-02",6,2019,45.3237410071942,2,49.8119218910586
"orng-02",6,2020,43.884892086331,2,49.3812949640288
"orng-02",6,2021,42.4460431654677,2,49.2363823227133
"orng-02",6,2022,42.4460431654677,2,49.2363823227133
"orng-02",6,2023,42.4460431654677,2,49.092497430627
"orng-02",6,2024,42.4460431654677,2,49.092497430627
"orng-02",6,2025,43.1654676258992,2,48.9496402877698
"orng-02",7,1999,17.2661870503597,2,49.8108941418294
"orng-02",7,2000,17.2661870503597,2,49.5251798561151
"orng-02",7,2001,17.2661870503597,2,49.8108941418294
"orng-02",7,2002,17.2661870503597,2,49.8108941418294
"orng-02",7,2003,17.2661870503597,2,49.8108941418294
"orng-02",7,2004,17.2661870503597,2,49.5251798561151
"orng-02",7,2005,17.9856115107914,2,49.6690647482015
"orng-02",7,2006,17.9856115107914,2,49.8119218910586
"orng-02",7,2007,17.9856115107914,2,49.9547790339157
"orng-02",7,2008,17.9856115107914,2,49.9547790339157
"orng-02",7,2009,17.9856115107914,2,49.8119218910586
"orng-02",7,2010,17.9856115107914,2,49.8119218910586
"orng-02",7,2011,17.9856115107914,2,49.8119218910586
"orng-02",7,2012,17.9856115107914,2,49.9547790339157
"orng-02",7,2013,17.9856115107914,2,49.9558067831449
"orng-02",7,2014,17.9856115107914,2,49.8119218910586
"orng-02",7,2015,17.9856115107914,2,49.6690647482014
"orng-02",7,2016,17.9856115107914,2,49.9547790339157
"orng-02",7,2017,17.9856115107914,2,49.9558067831449
"orng-02",7,2018,17.9856115107914,2,49.9558067831449
"orng-02",7,2019,17.9856115107914,2,49.8119218910586
"orng-02",7,2020,17.9856115107914,2,49.3812949640288
"orng-02",7,2021,17.9856115107914,2,49.2363823227133
"orng-02",7,2022,17.9856115107914,2,49.2363823227133
"orng-02",7,2023,17.9856115107914,2,49.092497430627
"orng-02",7,2024,17.9856115107914,2,49.092497430627
"orng-02",7,2025,17.9856115107914,2,48.9496402877698
"orng-02",8,1999,57.5539568345324,2,49.8108941418294
"orng-02",8,2000,57.5539568345324,2,49.5251798561151
"orng-02",8,2001,57.5539568345324,2,49.8108941418294
"orng-02",8,2002,57.5539568345324,2,49.8108941418294
"orng-02",8,2003,57.5539568345324,2,49.8108941418294
"orng-02",8,2004,57.5539568345324,2,49.5251798561151
"orng-02",8,2005,57.5539568345324,2,49.6690647482015
"orng-02",8,2006,57.5539568345324,2,49.8119218910586
"orng-02",8,2007,57.5539568345324,2,49.9547790339157
"orng-02",8,2008,57.5539568345324,2,49.9547790339157
"orng-02",8,2009,57.5539568345324,2,49.8119218910586
"orng-02",8,2010,57.5539568345324,2,49.8119218910586
"orng-02",8,2011,57.5539568345324,2,49.8119218910586
"orng-02",8,2012,57.5539568345324,2,49.9547790339157
"orng-02",8,2013,57.5539568345324,2,49.9558067831449
"orng-02",8,2014,56.8345323741007,2,49.8119218910586
"orng-02",8,2015,56.8345323741007,2,49.6690647482014
"orng-02",8,2016,56.8345323741007,2,49.9547790339157
"orng-02",8,2017,56.1151079136691,2,49.9558067831449
"orng-02",8,2018,56.1151079136691,2,49.9558067831449
"orng-02",8,2019,56.1151079136691,2,49.8119218910586
"orng-02",8,2020,56.1151079136691,2,49.3812949640288
"orng-02",8,2021,56.1151079136691,2,49.2363823227133
"orng-02",8,2022,56.1151079136691,2,49.2363823227133
"orng-02",8,2023,56.1151079136691,2,49.092497430627
"orng-02",8,2024,56.1151079136691,2,49.092497430627
"orng-02",8,2025,55.3956834532374,2,48.9496402877698
"orng-02",9,1999,49.6402877697842,2,49.8108941418294
"orng-02",9,2000,49.6402877697842,2,49.5251798561151
"orng-02",9,2001,49.6402877697842,2,49.8108941418294
"orng-02",9,2002,49.6402877697842,2,49.8108941418294
"orng-02",9,2003,49.6402877697842,2,49.8108941418294
"orng-02",9,2004,49.6402877697842,2,49.5251798561151
"orng-02",9,2005,49.6402877697842,2,49.6690647482015
"orng-02",9,2006,49.6402877697842,2,49.8119218910586
"orng-02",9,2007,48.9208633093525,2,49.9547790339157
"orng-02",9,2008,48.9208633093525,2,49.9547790339157
"orng-02",9,2009,48.9208633093525,2,49.8119218910586
"orng-02",9,2010,48.9208633093525,2,49.8119218910586
"orng-02",9,2011,48.9208633093525,2,49.8119218910586
"orng-02",9,2012,48.9208633093525,2,49.9547790339157
"orng-02",9,2013,48.9208633093525,2,49.9558067831449
"orng-02",9,2014,48.9208633093525,2,49.8119218910586
"orng-02",9,2015,48.9208633093525,2,49.6690647482014
"orng-02",9,2016,48.9208633093525,2,49.9547790339157
"orng-02",9,2017,48.9208633093525,2,49.9558067831449
"orng-02",9,2018,48.9208633093525,2,49.9558067831449
"orng-02",9,2019,48.9208633093525,2,49.8119218910586
"orng-02",9,2020,48.9208633093525,2,49.3812949640288
"orng-02",9,2021,48.9208633093525,2,49.2363823227133
"orng-02",9,2022,48.9208633093525,2,49.2363823227133
"orng-02",9,2023,48.2014388489209,2,49.092497430627
"orng-02",9,2024,48.2014388489209,2,49.092497430627
"orng-02",9,2025,48.2014388489209,2,48.9496402877698
"orng-02",10,1999,81.4285714285714,2,49.8108941418294
"orng-02",10,2000,80,2,49.5251798561151
"orng-02",10,2001,81.4285714285714,2,49.8108941418294
"orng-02",10,2002,81.4285714285714,2,49.8108941418294
"orng-02",10,2003,81.4285714285714,2,49.8108941418294
"orng-02",10,2004,80,2,49.5251798561151
"orng-02",10,2005,80,2,49.6690647482015
"orng-02",10,2006,80.7142857142857,2,49.8119218910586
"orng-02",10,2007,81.4285714285714,2,49.9547790339157
"orng-02",10,2008,81.4285714285714,2,49.9547790339157
"orng-02",10,2009,80.7142857142857,2,49.8119218910586
"orng-02",10,2010,80.7142857142857,2,49.8119218910586
"orng-02",10,2011,80.7142857142857,2,49.8119218910586
"orng-02",10,2012,81.4285714285714,2,49.9547790339157
"orng-02",10,2013,80.7142857142857,2,49.9558067831449
"orng-02",10,2014,80.7142857142857,2,49.8119218910586
"orng-02",10,2015,80,2,49.6690647482014
"orng-02",10,2016,81.4285714285714,2,49.9547790339157
"orng-02",10,2017,80.7142857142857,2,49.9558067831449
"orng-02",10,2018,80.7142857142857,2,49.9558067831449
"orng-02",10,2019,80.7142857142857,2,49.8119218910586
"orng-02",10,2020,80,2,49.3812949640288
"orng-02",10,2021,80.7142857142857,2,49.2363823227133
"orng-02",10,2022,80.7142857142857,2,49.2363823227133
"orng-02",10,2023,80.7142857142857,2,49.092497430627
"orng-02",10,2024,80.7142857142857,2,49.092497430627
"orng-02",10,2025,80,2,48.9496402877698
"orng-02",11,1999,28.9855072463768,3,36.2351852933032
"orng-02",11,2000,28.2608695652174,3,36.0902577570713
"orng-02",11,2001,28.9855072463768,3,36.2351852933032
"orng-02",11,2002,28.9855072463768,3,36.2351852933032
"orng-02",11,2003,28.9855072463768,3,36.2351852933032
"orng-02",11,2004,28.9855072463768,3,36.2351852933032
"orng-02",11,2005,28.9855072463768,3,36.0902577570713
"orng-02",11,2006,28.9855072463768,3,36.0902577570713
"orng-02",11,2007,28.2608695652174,3,35.9453302208394
"orng-02",11,2008,28.2608695652174,3,35.9453302208394
"orng-02",11,2009,28.2608695652174,3,37.3739016494109
"orng-02",11,2010,28.2608695652174,3,37.3739016494109
"orng-02",11,2011,28.2608695652174,3,37.3759720427856
"orng-02",11,2012,28.2608695652174,3,36.6699679019989
"orng-02",11,2013,28.2608695652174,3,36.6699679019988
"orng-02",11,2014,28.2608695652174,3,36.525040365767
"orng-02",11,2015,28.2608695652174,3,36.3759720427856
"orng-02",11,2016,28.2608695652174,3,36.5208995790175
"orng-02",11,2017,27.536231884058,3,36.3759720427856
"orng-02",11,2018,27.536231884058,3,36.2331148999285
"orng-02",11,2019,27.536231884058,3,35.9432598274647
"orng-02",11,2020,27.536231884058,3,35.9432598274647
"orng-02",11,2021,27.536231884058,3,35.9432598274647
"orng-02",11,2022,27.536231884058,3,35.9432598274647
"orng-02",11,2023,27.536231884058,3,35.9432598274647
"orng-02",11,2024,27.536231884058,3,35.9432598274647
"orng-02",11,2025,27.536231884058,3,35.9432598274647
"orng-02",12,1999,21.1678832116789,3,36.2351852933032
"orng-02",12,2000,21.1678832116789,3,36.0902577570713
"orng-02",12,2001,21.1678832116789,3,36.2351852933032
"orng-02",12,2002,21.1678832116789,3,36.2351852933032
"orng-02",12,2003,21.1678832116789,3,36.2351852933032
"orng-02",12,2004,21.1678832116789,3,36.2351852933032
"orng-02",12,2005,21.1678832116789,3,36.0902577570713
"orng-02",12,2006,21.1678832116789,3,36.0902577570713
"orng-02",12,2007,21.1678832116789,3,35.9453302208394
"orng-02",12,2008,21.1678832116789,3,35.9453302208394
"orng-02",12,2009,21.1678832116789,3,37.3739016494109
"orng-02",12,2010,21.1678832116788,3,37.3739016494109
"orng-02",12,2011,21.1678832116788,3,37.3759720427856
"orng-02",12,2012,21.1678832116789,3,36.6699679019989
"orng-02",12,2013,21.1678832116789,3,36.6699679019988
"orng-02",12,2014,21.1678832116789,3,36.525040365767
"orng-02",12,2015,21.1678832116789,3,36.3759720427856
"orng-02",12,2016,21.1678832116788,3,36.5208995790175
"orng-02",12,2017,21.1678832116788,3,36.3759720427856
"orng-02",12,2018,21.1678832116789,3,36.2331148999285
"orng-02",12,2019,21.1678832116789,3,35.9432598274647
"orng-02",12,2020,21.1678832116789,3,35.9432598274647
"orng-02",12,2021,21.1678832116788,3,35.9432598274647
"orng-02",12,2022,21.1678832116788,3,35.9432598274647
"orng-02",12,2023,21.1678832116788,3,35.9432598274647
"orng-02",12,2024,21.1678832116788,3,35.9432598274647
"orng-02",12,2025,21.1678832116788,3,35.9432598274647
"orng-02",13,1999,49.2753623188405,3,36.2351852933032
"orng-02",13,2000,49.2753623188405,3,36.0902577570713
"orng-02",13,2001,49.2753623188405,3,36.2351852933032
"orng-02",13,2002,49.2753623188406,3,36.2351852933032
"orng-02",13,2003,49.2753623188405,3,36.2351852933032
"orng-02",13,2004,49.2753623188405,3,36.2351852933032
"orng-02",13,2005,48.5507246376811,3,36.0902577570713
"orng-02",13,2006,48.5507246376811,3,36.0902577570713
"orng-02",13,2007,48.5507246376811,3,35.9453302208394
"orng-02",13,2008,48.5507246376812,3,35.9453302208394
"orng-02",13,2009,48.5507246376812,3,37.3739016494109
"orng-02",13,2010,48.5507246376812,3,37.3739016494109
"orng-02",13,2011,49.2753623188406,3,37.3759720427856
"orng-02",13,2012,52.1739130434783,3,36.6699679019989
"orng-02",13,2013,52.1739130434783,3,36.6699679019988
"orng-02",13,2014,51.4492753623189,3,36.525040365767
"orng-02",13,2015,49.2753623188406,3,36.3759720427856
"orng-02",13,2016,50,3,36.5208995790175
"orng-02",13,2017,50,3,36.3759720427856
"orng-02",13,2018,50,3,36.2331148999285
"orng-02",13,2019,48.5507246376812,3,35.9432598274647
"orng-02",13,2020,48.5507246376812,3,35.9432598274647
"orng-02",13,2021,48.5507246376812,3,35.9432598274647
"orng-02",13,2022,48.5507246376812,3,35.9432598274647
"orng-02",13,2023,48.5507246376812,3,35.9432598274647
"orng-02",13,2024,48.5507246376812,3,35.9432598274647
"orng-02",13,2025,48.5507246376812,3,35.9432598274647
"orng-02",14,1999,44.6043165467626,3,36.2351852933032
"orng-02",14,2000,44.6043165467626,3,36.0902577570713
"orng-02",14,2001,44.6043165467626,3,36.2351852933032
"orng-02",14,2002,44.6043165467626,3,36.2351852933032
"orng-02",14,2003,44.6043165467626,3,36.2351852933032
"orng-02",14,2004,44.6043165467626,3,36.2351852933032
"orng-02",14,2005,44.6043165467626,3,36.0902577570713
"orng-02",14,2006,44.6043165467626,3,36.0902577570713
"orng-02",14,2007,44.6043165467626,3,35.9453302208394
"orng-02",14,2008,44.6043165467626,3,35.9453302208394
"orng-02",14,2009,44.6043165467626,3,37.3739016494109
"orng-02",14,2010,44.6043165467626,3,37.3739016494109
"orng-02",14,2011,44.6043165467626,3,37.3759720427856
"orng-02",14,2012,44.6043165467626,3,36.6699679019989
"orng-02",14,2013,44.6043165467626,3,36.6699679019988
"orng-02",14,2014,44.6043165467626,3,36.525040365767
"orng-02",14,2015,44.6043165467626,3,36.3759720427856
"orng-02",14,2016,44.6043165467626,3,36.5208995790175
"orng-02",14,2017,44.6043165467626,3,36.3759720427856
"orng-02",14,2018,44.6043165467626,3,36.2331148999285
"orng-02",14,2019,44.6043165467626,3,35.9432598274647
"orng-02",14,2020,44.6043165467626,3,35.9432598274647
"orng-02",14,2021,44.6043165467626,3,35.9432598274647
"orng-02",14,2022,44.6043165467626,3,35.9432598274647
"orng-02",14,2023,44.6043165467626,3,35.9432598274647
"orng-02",14,2024,44.6043165467626,3,35.9432598274647
"orng-02",14,2025,44.6043165467626,3,35.9432598274647
"orng-02",15,1999,37.1428571428571,3,36.2351852933032
"orng-02",15,2000,37.1428571428571,3,36.0902577570713
"orng-02",15,2001,37.1428571428571,3,36.2351852933032
"orng-02",15,2002,37.1428571428571,3,36.2351852933032
"orng-02",15,2003,37.1428571428571,3,36.2351852933032
"orng-02",15,2004,37.1428571428571,3,36.2351852933032
"orng-02",15,2005,37.1428571428571,3,36.0902577570713
"orng-02",15,2006,37.1428571428571,3,36.0902577570713
"orng-02",15,2007,37.1428571428571,3,35.9453302208394
"orng-02",15,2008,37.1428571428571,3,35.9453302208394
"orng-02",15,2009,44.2857142857142,3,37.3739016494109
"orng-02",15,2010,44.2857142857142,3,37.3739016494109
"orng-02",15,2011,43.5714285714286,3,37.3759720427856
"orng-02",15,2012,37.1428571428571,3,36.6699679019989
"orng-02",15,2013,37.1428571428571,3,36.6699679019988
"orng-02",15,2014,37.1428571428571,3,36.525040365767
"orng-02",15,2015,38.5714285714286,3,36.3759720427856
"orng-02",15,2016,38.5714285714285,3,36.5208995790175
"orng-02",15,2017,38.5714285714285,3,36.3759720427856
"orng-02",15,2018,37.8571428571428,3,36.2331148999285
"orng-02",15,2019,37.8571428571428,3,35.9432598274647
"orng-02",15,2020,37.8571428571428,3,35.9432598274647
"orng-02",15,2021,37.8571428571428,3,35.9432598274647
"orng-02",15,2022,37.8571428571428,3,35.9432598274647
"orng-02",15,2023,37.8571428571428,3,35.9432598274647
"orng-02",15,2024,37.8571428571428,3,35.9432598274647
"orng-02",15,2025,37.8571428571429,3,35.9432598274647
"orng-02",16,1999,35.7142857142857,4,27.5428738277543
"orng-02",16,2000,35.7142857142857,4,27.2509030248346
"orng-02",16,2001,35.7142857142857,4,27.2509030248346
"orng-02",16,2002,35.7142857142857,4,27.1049176233747
"orng-02",16,2003,35.7142857142857,4,27.1049176233747
"orng-02",16,2004,35.7142857142857,4,27.1049176233747
"orng-02",16,2005,35.7142857142857,4,26.9599900871428
"orng-02",16,2006,35.7142857142857,4,26.9599900871428
"orng-02",16,2007,35.7142857142857,4,26.9599900871428
"orng-02",16,2008,35,4,28.0937286889665
"orng-02",16,2009,35,4,27.9477432875067
"orng-02",16,2010,35,4,27.8058993158755
"orng-02",16,2011,35,4,28.6787281600339
"orng-02",16,2012,35,4,28.5327427585741
"orng-02",16,2013,35,4,28.0989279840232
"orng-02",16,2014,35,4,27.6609717796436
"orng-02",16,2015,35,4,27.5149863781837
"orng-02",16,2016,35,4,33.1630188613986
"orng-02",16,2017,35,4,33.5978014700942
"orng-02",16,2018,35,4,30.7094692734033
"orng-02",16,2019,35,4,27.0841651371503
"orng-02",16,2020,34.2857142857143,4,26.3615978493656
"orng-02",16,2021,34.2857142857143,4,26.3615978493656
"orng-02",16,2022,34.2857142857143,4,26.2156124479058
"orng-02",16,2023,34.2857142857143,4,26.0737684762745
"orng-02",16,2024,34.2857142857143,4,25.7828555385828
"orng-02",16,2025,34.2857142857143,4,27.5147609789361
"orng-02",17,1999,25.531914893617,4,27.5428738277543
"orng-02",17,2000,25.531914893617,4,27.2509030248346
"orng-02",17,2001,25.531914893617,4,27.2509030248346
"orng-02",17,2002,25.531914893617,4,27.1049176233747
"orng-02",17,2003,25.531914893617,4,27.1049176233747
"orng-02",17,2004,25.531914893617,4,27.1049176233747
"orng-02",17,2005,25.531914893617,4,26.9599900871428
"orng-02",17,2006,25.531914893617,4,26.9599900871428
"orng-02",17,2007,25.531914893617,4,26.9599900871428
"orng-02",17,2008,31.9148936170213,4,28.0937286889665
"orng-02",17,2009,31.9148936170213,4,27.9477432875067
"orng-02",17,2010,31.2056737588652,4,27.8058993158755
"orng-02",17,2011,31.9148936170213,4,28.6787281600339
"orng-02",17,2012,31.9148936170213,4,28.5327427585741
"orng-02",17,2013,31.2056737588652,4,28.0989279840232
"orng-02",17,2014,31.2056737588652,4,27.6609717796436
"orng-02",17,2015,31.2056737588652,4,27.5149863781837
"orng-02",17,2016,31.9148936170212,4,33.1630188613986
"orng-02",17,2017,31.9148936170212,4,33.5978014700942
"orng-02",17,2018,29.0780141843971,4,30.7094692734033
"orng-02",17,2019,29.0780141843971,4,27.0841651371503
"orng-02",17,2020,29.0780141843971,4,26.3615978493656
"orng-02",17,2021,29.0780141843972,4,26.3615978493656
"orng-02",17,2022,29.0780141843972,4,26.2156124479058
"orng-02",17,2023,28.3687943262412,4,26.0737684762745
"orng-02",17,2024,28.3687943262412,4,25.7828555385828
"orng-02",17,2025,29.7872340425532,4,27.5147609789361
"orng-02",18,1999,56.2043795620438,4,27.5428738277543
"orng-02",18,2000,54.7445255474453,4,27.2509030248346
"orng-02",18,2001,54.7445255474453,4,27.2509030248346
"orng-02",18,2002,54.014598540146,4,27.1049176233747
"orng-02",18,2003,54.014598540146,4,27.1049176233747
"orng-02",18,2004,54.014598540146,4,27.1049176233747
"orng-02",18,2005,54.014598540146,4,26.9599900871428
"orng-02",18,2006,54.014598540146,4,26.9599900871428
"orng-02",18,2007,54.014598540146,4,26.9599900871428
"orng-02",18,2008,54.014598540146,4,28.0937286889665
"orng-02",18,2009,53.2846715328467,4,27.9477432875067
"orng-02",18,2010,53.2846715328467,4,27.8058993158755
"orng-02",18,2011,57.6642335766423,4,28.6787281600339
"orng-02",18,2012,56.934306569343,4,28.5327427585741
"orng-02",18,2013,55.4744525547445,4,28.0989279840232
"orng-02",18,2014,53.2846715328467,4,27.6609717796436
"orng-02",18,2015,52.5547445255474,4,27.5149863781837
"orng-02",18,2016,51.8248175182482,4,33.1630188613986
"orng-02",18,2017,51.8248175182482,4,33.5978014700942
"orng-02",18,2018,50.3649635036496,4,30.7094692734033
"orng-02",18,2019,48.9051094890511,4,27.0841651371503
"orng-02",18,2020,48.9051094890511,4,26.3615978493656
"orng-02",18,2021,48.9051094890511,4,26.3615978493656
"orng-02",18,2022,48.1751824817518,4,26.2156124479058
"orng-02",18,2023,48.1751824817518,4,26.0737684762745
"orng-02",18,2024,47.4452554744526,4,25.7828555385828
"orng-02",18,2025,46.7153284671533,4,27.5147609789361
"orng-02",19,1999,16.6666666666667,4,27.5428738277543
"orng-02",19,2000,16.6666666666667,4,27.2509030248346
"orng-02",19,2001,16.6666666666667,4,27.2509030248346
"orng-02",19,2002,16.6666666666667,4,27.1049176233747
"orng-02",19,2003,16.6666666666667,4,27.1049176233747
"orng-02",19,2004,16.6666666666667,4,27.1049176233747
"orng-02",19,2005,15.9420289855072,4,26.9599900871428
"orng-02",19,2006,15.9420289855072,4,26.9599900871428
"orng-02",19,2007,15.9420289855072,4,26.9599900871428
"orng-02",19,2008,15.9420289855072,4,28.0937286889665
"orng-02",19,2009,15.9420289855072,4,27.9477432875067
"orng-02",19,2010,15.9420289855072,4,27.8058993158755
"orng-02",19,2011,15.2173913043478,4,28.6787281600339
"orng-02",19,2012,15.2173913043478,4,28.5327427585741
"orng-02",19,2013,15.2173913043478,4,28.0989279840232
"orng-02",19,2014,15.2173913043478,4,27.6609717796436
"orng-02",19,2015,15.2173913043478,4,27.5149863781837
"orng-02",19,2016,43.4782608695652,4,33.1630188613986
"orng-02",19,2017,45.6521739130435,4,33.5978014700942
"orng-02",19,2018,35.5072463768115,4,30.7094692734033
"orng-02",19,2019,18.8405797101449,4,27.0841651371503
"orng-02",19,2020,15.9420289855072,4,26.3615978493656
"orng-02",19,2021,15.9420289855072,4,26.3615978493656
"orng-02",19,2022,15.9420289855072,4,26.2156124479058
"orng-02",19,2023,15.9420289855072,4,26.0737684762745
"orng-02",19,2024,15.2173913043478,4,25.7828555385828
"orng-02",19,2025,23.1884057971014,4,27.5147609789361
"orng-02",20,1999,3.59712230215827,4,27.5428738277543
"orng-02",20,2000,3.59712230215827,4,27.2509030248346
"orng-02",20,2001,3.59712230215827,4,27.2509030248346
"orng-02",20,2002,3.59712230215827,4,27.1049176233747
"orng-02",20,2003,3.59712230215827,4,27.1049176233747
"orng-02",20,2004,3.59712230215827,4,27.1049176233747
"orng-02",20,2005,3.59712230215827,4,26.9599900871428
"orng-02",20,2006,3.59712230215827,4,26.9599900871428
"orng-02",20,2007,3.59712230215827,4,26.9599900871428
"orng-02",20,2008,3.59712230215827,4,28.0937286889665
"orng-02",20,2009,3.59712230215827,4,27.9477432875067
"orng-02",20,2010,3.59712230215827,4,27.8058993158755
"orng-02",20,2011,3.59712230215827,4,28.6787281600339
"orng-02",20,2012,3.59712230215827,4,28.5327427585741
"orng-02",20,2013,3.59712230215827,4,28.0989279840232
"orng-02",20,2014,3.59712230215827,4,27.6609717796436
"orng-02",20,2015,3.59712230215827,4,27.5149863781837
"orng-02",20,2016,3.59712230215827,4,33.1630188613986
"orng-02",20,2017,3.59712230215827,4,33.5978014700942
"orng-02",20,2018,3.59712230215827,4,30.7094692734033
"orng-02",20,2019,3.59712230215827,4,27.0841651371503
"orng-02",20,2020,3.59712230215827,4,26.3615978493656
"orng-02",20,2021,3.59712230215827,4,26.3615978493656
"orng-02",20,2022,3.59712230215827,4,26.2156124479058
"orng-02",20,2023,3.59712230215827,4,26.0737684762745
"orng-02",20,2024,3.59712230215827,4,25.7828555385828
"orng-02",20,2025,3.59712230215827,4,27.5147609789361
"orng-03",1,1999,57.6642335766423,1,47.8257552456471
"orng-03",1,2000,57.6642335766423,1,48.5400409599328
"orng-03",1,2001,57.6642335766423,1,48.5400409599328
"orng-03",1,2002,57.6642335766423,1,48.1104417821321
"orng-03",1,2003,57.6642335766423,1,47.3961560678464
"orng-03",1,2004,57.6642335766423,1,47.1104417821321
"orng-03",1,2005,57.6642335766423,1,47.1114695313613
"orng-03",1,2006,57.6642335766423,1,46.8257552456471
"orng-03",1,2007,58.3941605839416,1,46.8288835042498
"orng-03",1,2008,58.3941605839416,1,46.5431692185355
"orng-03",1,2009,57.6642335766423,1,46.3971838170756
"orng-03",1,2010,57.6642335766423,1,46.3971838170756
"orng-03",1,2011,58.3941605839416,1,46.3992843264492
"orng-03",1,2012,58.3941605839416,1,45.8278557550206
"orng-03",1,2013,57.6642335766423,1,45.5379854614744
"orng-03",1,2014,58.3941605839416,1,45.6839708629343
"orng-03",1,2015,58.3941605839416,1,45.5411137200771
"orng-03",1,2016,58.3941605839416,1,45.39825657722
"orng-03",1,2017,58.3941605839416,1,44.6839708629343
"orng-03",1,2018,58.3941605839416,1,44.2543716851336
"orng-03",1,2019,57.6642335766423,1,44.1083862836738
"orng-03",1,2020,57.6642335766423,1,44.1083862836738
"orng-03",1,2021,57.6642335766423,1,44.1083862836738
"orng-03",1,2022,58.3941605839416,1,44.5431692185355
"orng-03",1,2023,58.3941605839416,1,44.5431692185355
"orng-03",1,2024,57.6642335766423,1,44.3971838170756
"orng-03",1,2025,57.6642335766423,1,44.109414032903
"orng-03",2,1999,40,1,47.8257552456471
"orng-03",2,2000,40,1,48.5400409599328
"orng-03",2,2001,40,1,48.5400409599328
"orng-03",2,2002,40,1,48.1104417821321
"orng-03",2,2003,36.4285714285714,1,47.3961560678464
"orng-03",2,2004,36.4285714285714,1,47.1104417821321
"orng-03",2,2005,35.7142857142857,1,47.1114695313613
"orng-03",2,2006,35,1,46.8257552456471
"orng-03",2,2007,34.2857142857143,1,46.8288835042498
"orng-03",2,2008,32.8571428571429,1,46.5431692185355
"orng-03",2,2009,32.8571428571429,1,46.3971838170756
"orng-03",2,2010,32.8571428571429,1,46.3971838170756
"orng-03",2,2011,32.8571428571429,1,46.3992843264492
"orng-03",2,2012,32.1428571428571,1,45.8278557550206
"orng-03",2,2013,32.1428571428571,1,45.5379854614744
"orng-03",2,2014,32.1428571428571,1,45.6839708629343
"orng-03",2,2015,32.1428571428571,1,45.5411137200771
"orng-03",2,2016,32.1428571428571,1,45.39825657722
"orng-03",2,2017,28.5714285714286,1,44.6839708629343
"orng-03",2,2018,27.8571428571429,1,44.2543716851336
"orng-03",2,2019,27.8571428571429,1,44.1083862836738
"orng-03",2,2020,27.8571428571429,1,44.1083862836738
"orng-03",2,2021,27.8571428571429,1,44.1083862836738
"orng-03",2,2022,27.1428571428571,1,44.5431692185355
"orng-03",2,2023,27.1428571428571,1,44.5431692185355
"orng-03",2,2024,27.1428571428571,1,44.3971838170756
"orng-03",2,2025,27.1428571428571,1,44.109414032903
"orng-03",3,1999,28.7769784172662,1,47.8257552456471
"orng-03",3,2000,28.7769784172662,1,48.5400409599328
"orng-03",3,2001,28.7769784172662,1,48.5400409599328
"orng-03",3,2002,28.7769784172662,1,48.1104417821321
"orng-03",3,2003,28.7769784172662,1,47.3961560678464
"orng-03",3,2004,28.7769784172662,1,47.1104417821321
"orng-03",3,2005,28.7769784172662,1,47.1114695313613
"orng-03",3,2006,28.7769784172662,1,46.8257552456471
"orng-03",3,2007,28.7769784172662,1,46.8288835042498
"orng-03",3,2008,28.7769784172662,1,46.5431692185355
"orng-03",3,2009,28.7769784172662,1,46.3971838170756
"orng-03",3,2010,28.7769784172662,1,46.3971838170756
"orng-03",3,2011,28.0575539568345,1,46.3992843264492
"orng-03",3,2012,28.0575539568345,1,45.8278557550206
"orng-03",3,2013,27.3381294964029,1,45.5379854614744
"orng-03",3,2014,27.3381294964029,1,45.6839708629343
"orng-03",3,2015,27.3381294964029,1,45.5411137200771
"orng-03",3,2016,27.3381294964029,1,45.39825657722
"orng-03",3,2017,27.3381294964029,1,44.6839708629343
"orng-03",3,2018,26.6187050359712,1,44.2543716851336
"orng-03",3,2019,26.6187050359712,1,44.1083862836738
"orng-03",3,2020,26.6187050359712,1,44.1083862836738
"orng-03",3,2021,26.6187050359712,1,44.1083862836738
"orng-03",3,2022,28.7769784172662,1,44.5431692185355
"orng-03",3,2023,28.7769784172662,1,44.5431692185355
"orng-03",3,2024,28.7769784172662,1,44.3971838170756
"orng-03",3,2025,27.3381294964029,1,44.109414032903
"orng-03",4,1999,36.4285714285714,1,47.8257552456471
"orng-03",4,2000,40,1,48.5400409599328
"orng-03",4,2001,40,1,48.5400409599328
"orng-03",4,2002,38.5714285714285,1,48.1104417821321
"orng-03",4,2003,38.5714285714285,1,47.3961560678464
"orng-03",4,2004,37.1428571428571,1,47.1104417821321
"orng-03",4,2005,37.1428571428571,1,47.1114695313613
"orng-03",4,2006,36.4285714285714,1,46.8257552456471
"orng-03",4,2007,36.4285714285714,1,46.8288835042498
"orng-03",4,2008,36.4285714285714,1,46.5431692185355
"orng-03",4,2009,36.4285714285714,1,46.3971838170756
"orng-03",4,2010,36.4285714285714,1,46.3971838170756
"orng-03",4,2011,36.4285714285714,1,46.3992843264492
"orng-03",4,2012,34.2857142857143,1,45.8278557550206
"orng-03",4,2013,34.2857142857143,1,45.5379854614744
"orng-03",4,2014,34.2857142857143,1,45.6839708629343
"orng-03",4,2015,33.5714285714286,1,45.5411137200771
"orng-03",4,2016,32.8571428571429,1,45.39825657722
"orng-03",4,2017,32.8571428571429,1,44.6839708629343
"orng-03",4,2018,32.1428571428571,1,44.2543716851336
"orng-03",4,2019,32.1428571428571,1,44.1083862836738
"orng-03",4,2020,32.1428571428571,1,44.1083862836738
"orng-03",4,2021,32.1428571428571,1,44.1083862836738
"orng-03",4,2022,32.1428571428571,1,44.5431692185355
"orng-03",4,2023,32.1428571428571,1,44.5431692185355
"orng-03",4,2024,32.1428571428571,1,44.3971838170756
"orng-03",4,2025,32.1428571428571,1,44.109414032903
"orng-03",5,1999,76.2589928057554,1,47.8257552456471
"orng-03",5,2000,76.2589928057554,1,48.5400409599328
"orng-03",5,2001,76.2589928057554,1,48.5400409599328
"orng-03",5,2002,75.5395683453237,1,48.1104417821321
"orng-03",5,2003,75.5395683453237,1,47.3961560678464
"orng-03",5,2004,75.5395683453237,1,47.1104417821321
"orng-03",5,2005,76.2589928057554,1,47.1114695313613
"orng-03",5,2006,76.2589928057554,1,46.8257552456471
"orng-03",5,2007,76.2589928057554,1,46.8288835042498
"orng-03",5,2008,76.2589928057554,1,46.5431692185355
"orng-03",5,2009,76.2589928057554,1,46.3971838170756
"orng-03",5,2010,76.2589928057554,1,46.3971838170756
"orng-03",5,2011,76.2589928057554,1,46.3992843264492
"orng-03",5,2012,76.2589928057554,1,45.8278557550206
"orng-03",5,2013,76.2589928057554,1,45.5379854614744
"orng-03",5,2014,76.2589928057554,1,45.6839708629343
"orng-03",5,2015,76.2589928057554,1,45.5411137200771
"orng-03",5,2016,76.2589928057554,1,45.39825657722
"orng-03",5,2017,76.2589928057554,1,44.6839708629343
"orng-03",5,2018,76.2589928057554,1,44.2543716851336
"orng-03",5,2019,76.2589928057554,1,44.1083862836738
"orng-03",5,2020,76.2589928057554,1,44.1083862836738
"orng-03",5,2021,76.2589928057554,1,44.1083862836738
"orng-03",5,2022,76.2589928057554,1,44.5431692185355
"orng-03",5,2023,76.2589928057554,1,44.5431692185355
"orng-03",5,2024,76.2589928057554,1,44.3971838170756
"orng-03",5,2025,76.2589928057554,1,44.109414032903
"orng-03",6,1999,51.4492753623188,2,29.320652173913
"orng-03",6,2000,51.4492753623188,2,28.070652173913
"orng-03",6,2001,50.7246376811594,2,27.7109213250518
"orng-03",6,2002,52.1739130434782,2,21.6054175293306
"orng-03",6,2003,52.1739130434782,2,21.7443064182195
"orng-03",6,2004,52.1739130434782,2,22.6014492753623
"orng-03",6,2005,52.1739130434782,2,23.6014492753623
"orng-03",6,2006,52.1739130434782,2,23.3117667356798
"orng-03",6,2007,51.4492753623188,2,22.8771566597653
"orng-03",6,2008,50.7246376811594,2,24.2600069013113
"orng-03",6,2009,50,2,23.9722222222222
"orng-03",6,2010,50.7246376811594,2,23.8354037267081
"orng-03",6,2011,51.4492753623188,2,23.1430296756384
"orng-03",6,2012,50,2,22.1547619047619
"orng-03",6,2013,49.2753623188406,2,21.7320565907523
"orng-03",6,2014,50,2,21.1706349206349
"orng-03",6,2015,50,2,20.7420634920635
"orng-03",6,2016,50,2,20.5992063492064
"orng-03",6,2017,48.5507246376811,2,19.8807798481711
"orng-03",6,2018,50.7246376811594,2,20.0338164251208
"orng-03",6,2019,47.8260869565217,2,19.4541062801932
"orng-03",6,2020,48.5507246376811,2,19.5990338164251
"orng-03",6,2021,48.5507246376812,2,19.456176673568
"orng-03",6,2022,49.2753623188406,2,19.462215320911
"orng-03",6,2023,49.2753623188406,2,19.180469289165
"orng-03",6,2024,48.5507246376812,2,18.8966528640442
"orng-03",6,2025,47.8260869565217,2,18.6088681849551
"orng-03",7,1999,40.7142857142857,2,29.320652173913
"orng-03",7,2000,35.7142857142857,2,28.070652173913
"orng-03",7,2001,35,2,27.7109213250518
"orng-03",7,2002,31.4285714285714,2,21.6054175293306
"orng-03",7,2003,31.4285714285714,2,21.7443064182195
"orng-03",7,2004,32.1428571428571,2,22.6014492753623
"orng-03",7,2005,32.1428571428571,2,23.6014492753623
"orng-03",7,2006,30,2,23.3117667356798
"orng-03",7,2007,27.8571428571429,2,22.8771566597653
"orng-03",7,2008,27.8571428571429,2,24.2600069013113
"orng-03",7,2009,27.1428571428571,2,23.9722222222222
"orng-03",7,2010,25.7142857142857,2,23.8354037267081
"orng-03",7,2011,25,2,23.1430296756384
"orng-03",7,2012,24.2857142857143,2,22.1547619047619
"orng-03",7,2013,24.2857142857143,2,21.7320565907523
"orng-03",7,2014,22.1428571428571,2,21.1706349206349
"orng-03",7,2015,20,2,20.7420634920635
"orng-03",7,2016,19.2857142857143,2,20.5992063492064
"orng-03",7,2017,17.1428571428571,2,19.8807798481711
"orng-03",7,2018,16.4285714285714,2,20.0338164251208
"orng-03",7,2019,16.4285714285714,2,19.4541062801932
"orng-03",7,2020,16.4285714285714,2,19.5990338164251
"orng-03",7,2021,15.7142857142857,2,19.456176673568
"orng-03",7,2022,15.7142857142857,2,19.462215320911
"orng-03",7,2023,15,2,19.180469289165
"orng-03",7,2024,15,2,18.8966528640442
"orng-03",7,2025,15,2,18.6088681849551
"orng-03",8,1999,20.8333333333333,2,29.320652173913
"orng-03",8,2000,20.8333333333333,2,28.070652173913
"orng-03",8,2001,20.8333333333333,2,27.7109213250518
"orng-03",8,2002,20.1388888888889,2,21.6054175293306
"orng-03",8,2003,20.8333333333333,2,21.7443064182195
"orng-03",8,2004,20.8333333333333,2,22.6014492753623
"orng-03",8,2005,20.8333333333333,2,23.6014492753623
"orng-03",8,2006,21.5277777777777,2,23.3117667356798
"orng-03",8,2007,22.2222222222222,2,22.8771566597653
"orng-03",8,2008,29.8611111111111,2,24.2600069013113
"orng-03",8,2009,29.8611111111111,2,23.9722222222222
"orng-03",8,2010,29.1666666666666,2,23.8354037267081
"orng-03",8,2011,25.6944444444444,2,23.1430296756384
"orng-03",8,2012,22.9166666666666,2,22.1547619047619
"orng-03",8,2013,21.5277777777777,2,21.7320565907523
"orng-03",8,2014,20.1388888888888,2,21.1706349206349
"orng-03",8,2015,20.1388888888889,2,20.7420634920635
"orng-03",8,2016,20.1388888888889,2,20.5992063492064
"orng-03",8,2017,20.1388888888889,2,19.8807798481711
"orng-03",8,2018,19.4444444444444,2,20.0338164251208
"orng-03",8,2019,19.4444444444444,2,19.4541062801932
"orng-03",8,2020,19.4444444444444,2,19.5990338164251
"orng-03",8,2021,19.4444444444444,2,19.456176673568
"orng-03",8,2022,18.75,2,19.462215320911
"orng-03",8,2023,18.0555555555556,2,19.180469289165
"orng-03",8,2024,17.3611111111111,2,18.8966528640442
"orng-03",8,2025,17.3611111111111,2,18.6088681849551
"orng-03",9,1999,4.28571428571429,2,29.320652173913
"orng-03",9,2000,4.28571428571429,2,28.070652173913
"orng-03",9,2001,4.28571428571429,2,27.7109213250518
"orng-03",9,2002,3.57142857142857,2,21.6054175293306
"orng-03",9,2003,3.57142857142857,2,21.7443064182195
"orng-03",9,2004,7.14285714285714,2,22.6014492753623
"orng-03",9,2005,12.1428571428571,2,23.6014492753623
"orng-03",9,2006,12.1428571428571,2,23.3117667356798
"orng-03",9,2007,12.1428571428571,2,22.8771566597653
"orng-03",9,2008,12.1428571428571,2,24.2600069013113
"orng-03",9,2009,12.1428571428571,2,23.9722222222222
"orng-03",9,2010,12.8571428571429,2,23.8354037267081
"orng-03",9,2011,12.8571428571429,2,23.1430296756384
"orng-03",9,2012,12.8571428571429,2,22.1547619047619
"orng-03",9,2013,12.8571428571429,2,21.7320565907523
"orng-03",9,2014,12.8571428571429,2,21.1706349206349
"orng-03",9,2015,12.8571428571429,2,20.7420634920635
"orng-03",9,2016,12.8571428571429,2,20.5992063492064
"orng-03",9,2017,12.8571428571429,2,19.8807798481711
"orng-03",9,2018,12.8571428571429,2,20.0338164251208
"orng-03",9,2019,12.8571428571429,2,19.4541062801932
"orng-03",9,2020,12.8571428571429,2,19.5990338164251
"orng-03",9,2021,12.8571428571429,2,19.456176673568
"orng-03",9,2022,12.8571428571429,2,19.462215320911
"orng-03",9,2023,12.8571428571429,2,19.180469289165
"orng-03",9,2024,12.8571428571429,2,18.8966528640442
"orng-03",9,2025,12.1428571428571,2,18.6088681849551
"orng-03",10,2002,0.714285714285714,2,21.6054175293306
"orng-03",10,2003,0.714285714285714,2,21.7443064182195
"orng-03",10,2004,0.714285714285714,2,22.6014492753623
"orng-03",10,2005,0.714285714285714,2,23.6014492753623
"orng-03",10,2006,0.714285714285714,2,23.3117667356798
"orng-03",10,2007,0.714285714285714,2,22.8771566597653
"orng-03",10,2008,0.714285714285714,2,24.2600069013113
"orng-03",10,2009,0.714285714285714,2,23.9722222222222
"orng-03",10,2010,0.714285714285714,2,23.8354037267081
"orng-03",10,2011,0.714285714285714,2,23.1430296756384
"orng-03",10,2012,0.714285714285714,2,22.1547619047619
"orng-03",10,2013,0.714285714285714,2,21.7320565907523
"orng-03",10,2014,0.714285714285714,2,21.1706349206349
"orng-03",10,2015,0.714285714285714,2,20.7420634920635
"orng-03",10,2016,0.714285714285714,2,20.5992063492064
"orng-03",10,2017,0.714285714285714,2,19.8807798481711
"orng-03",10,2018,0.714285714285714,2,20.0338164251208
"orng-03",10,2019,0.714285714285714,2,19.4541062801932
"orng-03",10,2020,0.714285714285714,2,19.5990338164251
"orng-03",10,2021,0.714285714285714,2,19.456176673568
"orng-03",10,2022,0.714285714285714,2,19.462215320911
"orng-03",10,2023,0.714285714285714,2,19.180469289165
"orng-03",10,2024,0.714285714285714,2,18.8966528640442
"orng-03",10,2025,0.714285714285714,2,18.6088681849551
"orng-03",11,1999,1.44927536231884,3,25.4901375771414
"orng-03",11,2000,1.44927536231884,3,23.9187090057128
"orng-03",11,2001,1.44927536231884,3,23.772723604253
"orng-03",12,1999,7.85714285714286,3,25.4901375771414
"orng-03",12,2000,0.714285714285714,3,23.9187090057128
"orng-03",12,2001,0.714285714285714,3,23.772723604253
"orng-03",12,2002,0.714285714285714,3,28.9925324843402
"orng-03",12,2003,0.714285714285714,3,28.8139610557688
"orng-03",12,2004,0.714285714285714,3,28.8139610557688
"orng-03",12,2005,0.714285714285714,3,28.8139610557688
"orng-03",12,2006,0.714285714285714,3,28.6353896271974
"orng-03",13,1999,30.6569343065693,3,25.4901375771414
"orng-03",13,2000,30.6569343065693,3,23.9187090057128
"orng-03",13,2001,29.9270072992701,3,23.772723604253
"orng-03",13,2002,29.1970802919708,3,28.9925324843402
"orng-03",13,2003,29.1970802919708,3,28.8139610557688
"orng-03",13,2004,29.1970802919708,3,28.8139610557688
"orng-03",13,2005,29.1970802919708,3,28.8139610557688
"orng-03",13,2006,29.1970802919708,3,28.6353896271974
"orng-03",13,2007,29.1970802919708,3,38.6567099791203
"orng-03",13,2008,29.1970802919708,3,38.6567099791203
"orng-03",13,2009,29.1970802919708,3,38.4186147410251
"orng-03",13,2010,28.4671532846716,3,38.175305738592
"orng-03",13,2011,27.7372262773723,3,38.1700919742541
"orng-03",13,2012,27.7372262773723,3,37.9319967361589
"orng-03",13,2013,27.7372262773723,3,37.9319967361589
"orng-03",13,2014,27.7372262773723,3,37.9319967361589
"orng-03",13,2015,27.7372262773723,3,37.6939014980637
"orng-03",13,2016,27.007299270073,3,38.1631895912064
"orng-03",13,2017,27.007299270073,3,38.1631895912064
"orng-03",13,2018,27.007299270073,3,38.1631895912064
"orng-03",13,2019,27.007299270073,3,38.1631895912064
"orng-03",13,2020,27.007299270073,3,37.926782971821
"orng-03",13,2021,26.2773722627738,3,37.683473969388
"orng-03",13,2022,21.1678832116788,3,35.9803109523563
"orng-03",13,2023,18.978102189781,3,35.0139773256717
"orng-03",13,2024,18.2481751824818,3,35.0087635613338
"orng-03",13,2025,16.7883211678832,3,34.5221455564676
"orng-03",14,1999,51.7730496453901,3,25.4901375771414
"orng-03",14,2000,51.7730496453901,3,23.9187090057128
"orng-03",14,2001,51.7730496453901,3,23.772723604253
"orng-03",14,2002,51.7730496453901,3,28.9925324843402
"orng-03",14,2003,51.7730496453901,3,28.8139610557688
"orng-03",14,2004,51.7730496453901,3,28.8139610557688
"orng-03",14,2005,51.7730496453901,3,28.8139610557688
"orng-03",14,2006,51.7730496453901,3,28.6353896271974
"orng-03",14,2007,51.7730496453901,3,38.6567099791203
"orng-03",14,2008,51.7730496453901,3,38.6567099791203
"orng-03",14,2009,51.7730496453901,3,38.4186147410251
"orng-03",14,2010,51.7730496453901,3,38.175305738592
"orng-03",14,2011,51.7730496453901,3,38.1700919742541
"orng-03",14,2012,51.7730496453901,3,37.9319967361589
"orng-03",14,2013,51.7730496453901,3,37.9319967361589
"orng-03",14,2014,51.7730496453901,3,37.9319967361589
"orng-03",14,2015,51.7730496453901,3,37.6939014980637
"orng-03",14,2016,52.4822695035461,3,38.1631895912064
"orng-03",14,2017,52.4822695035461,3,38.1631895912064
"orng-03",14,2018,52.4822695035461,3,38.1631895912064
"orng-03",14,2019,52.4822695035461,3,38.1631895912064
"orng-03",14,2020,51.7730496453901,3,37.926782971821
"orng-03",14,2021,51.7730496453901,3,37.683473969388
"orng-03",14,2022,51.7730496453901,3,35.9803109523563
"orng-03",14,2023,51.063829787234,3,35.0139773256717
"orng-03",14,2024,51.063829787234,3,35.0087635613338
"orng-03",14,2025,51.063829787234,3,34.5221455564676
"orng-03",15,1999,35.7142857142857,3,25.4901375771414
"orng-03",15,2000,35,3,23.9187090057128
"orng-03",15,2001,35,3,23.772723604253
"orng-03",15,2002,34.2857142857143,3,28.9925324843402
"orng-03",15,2003,33.5714285714286,3,28.8139610557688
"orng-03",15,2004,33.5714285714286,3,28.8139610557688
"orng-03",15,2005,33.5714285714286,3,28.8139610557688
"orng-03",15,2006,32.8571428571429,3,28.6353896271974
"orng-03",15,2007,35,3,38.6567099791203
"orng-03",15,2008,35,3,38.6567099791203
"orng-03",15,2009,34.2857142857143,3,38.4186147410251
"orng-03",15,2010,34.2857142857143,3,38.175305738592
"orng-03",15,2011,35,3,38.1700919742541
"orng-03",15,2012,34.2857142857143,3,37.9319967361589
"orng-03",15,2013,34.2857142857143,3,37.9319967361589
"orng-03",15,2014,34.2857142857143,3,37.9319967361589
"orng-03",15,2015,33.5714285714286,3,37.6939014980637
"orng-03",15,2016,35,3,38.1631895912064
"orng-03",15,2017,35,3,38.1631895912064
"orng-03",15,2018,35,3,38.1631895912064
"orng-03",15,2019,35,3,38.1631895912064
"orng-03",15,2020,35,3,37.926782971821
"orng-03",15,2021,35,3,37.683473969388
"orng-03",15,2022,35,3,35.9803109523563
"orng-03",15,2023,35,3,35.0139773256717
"orng-03",15,2024,35.7142857142857,3,35.0087635613338
"orng-03",15,2025,35.7142857142857,3,34.5221455564676
"orng-03",16,1999,48.5507246376812,4,46.9564289666218
"orng-03",16,2000,48.5507246376812,4,47.1003138587081
"orng-03",16,2001,48.5507246376812,4,48.5391627795714
"orng-03",16,2002,48.5507246376812,4,48.3993597283954
"orng-03",16,2003,48.5507246376812,4,48.3993597283954
"orng-03",16,2004,48.5507246376812,4,47.5360503758774
"orng-03",16,2005,47.8260869565217,4,46.3859695154963
"orng-03",16,2006,47.8260869565217,4,46.0981401424052
"orng-03",16,2007,47.1014492753623,4,46.097157087178
"orng-03",16,2008,47.1014492753623,4,45.9511716857182
"orng-03",16,2009,47.1014492753623,4,45.8072867936319
"orng-03",16,2010,47.1014492753623,4,45.8072867936319
"orng-03",16,2011,47.1014492753623,4,45.8072867936319
"orng-03",16,2012,47.1014492753623,4,45.8072867936319
"orng-03",16,2013,47.1014492753623,4,46.5165066517879
"orng-03",16,2014,47.1014492753623,4,46.5165066517879
"orng-03",16,2015,47.1014492753623,4,46.3766465119278
"orng-03",16,2016,47.1014492753623,4,45.9531555174893
"orng-03",16,2017,47.1014492753623,4,46.2409253016619
"orng-03",16,2018,47.1014492753623,4,46.0990813300307
"orng-03",16,2019,47.1014492753623,4,45.9572373583995
"orng-03",16,2020,47.1014492753623,4,45.8133524663132
"orng-03",16,2021,46.3768115942029,4,45.6684249300813
"orng-03",16,2022,46.3768115942029,4,45.8082850699414
"orng-03",16,2023,46.3768115942029,4,45.8082850699414
"orng-03",16,2024,46.3768115942029,4,45.8082850699414
"orng-03",16,2025,46.3768115942029,4,47.2068864685428
"orng-03",17,1999,68.6131386861314,4,46.9564289666218
"orng-03",17,2000,68.6131386861314,4,47.1003138587081
"orng-03",17,2001,68.6131386861314,4,48.5391627795714
"orng-03",17,2002,68.6131386861314,4,48.3993597283954
"orng-03",17,2003,68.6131386861314,4,48.3993597283954
"orng-03",17,2004,68.6131386861314,4,47.5360503758774
"orng-03",17,2005,68.6131386861314,4,46.3859695154963
"orng-03",17,2006,67.8832116788321,4,46.0981401424052
"orng-03",17,2007,68.6131386861313,4,46.097157087178
"orng-03",17,2008,67.8832116788321,4,45.9511716857182
"orng-03",17,2009,67.8832116788321,4,45.8072867936319
"orng-03",17,2010,67.8832116788321,4,45.8072867936319
"orng-03",17,2011,67.8832116788321,4,45.8072867936319
"orng-03",17,2012,67.8832116788321,4,45.8072867936319
"orng-03",17,2013,67.8832116788322,4,46.5165066517879
"orng-03",17,2014,67.8832116788322,4,46.5165066517879
"orng-03",17,2015,67.8832116788322,4,46.3766465119278
"orng-03",17,2016,67.8832116788321,4,45.9531555174893
"orng-03",17,2017,67.8832116788321,4,46.2409253016619
"orng-03",17,2018,67.8832116788321,4,46.0990813300307
"orng-03",17,2019,67.8832116788321,4,45.9572373583995
"orng-03",17,2020,67.8832116788321,4,45.8133524663132
"orng-03",17,2021,67.8832116788321,4,45.6684249300813
"orng-03",17,2022,67.8832116788321,4,45.8082850699414
"orng-03",17,2023,67.8832116788321,4,45.8082850699414
"orng-03",17,2024,67.8832116788321,4,45.8082850699414
"orng-03",17,2025,67.8832116788321,4,47.2068864685428
"orng-03",18,1999,54.6762589928058,4,46.9564289666218
"orng-03",18,2000,55.3956834532374,4,47.1003138587081
"orng-03",18,2001,62.589928057554,4,48.5391627795714
"orng-03",18,2002,63.3093525179857,4,48.3993597283954
"orng-03",18,2003,63.3093525179857,4,48.3993597283954
"orng-03",18,2004,58.9928057553956,4,47.5360503758774
"orng-03",18,2005,54.6762589928058,4,46.3859695154963
"orng-03",18,2006,54.6762589928058,4,46.0981401424052
"orng-03",18,2007,53.9568345323741,4,46.097157087178
"orng-03",18,2008,53.9568345323742,4,45.9511716857182
"orng-03",18,2009,53.2374100719424,4,45.8072867936319
"orng-03",18,2010,53.2374100719424,4,45.8072867936319
"orng-03",18,2011,53.2374100719425,4,45.8072867936319
"orng-03",18,2012,53.2374100719424,4,45.8072867936319
"orng-03",18,2013,53.2374100719424,4,46.5165066517879
"orng-03",18,2014,53.2374100719425,4,46.5165066517879
"orng-03",18,2015,53.2374100719425,4,46.3766465119278
"orng-03",18,2016,53.9568345323741,4,45.9531555174893
"orng-03",18,2017,55.3956834532375,4,46.2409253016619
"orng-03",18,2018,55.3956834532375,4,46.0990813300307
"orng-03",18,2019,55.3956834532375,4,45.9572373583995
"orng-03",18,2020,54.6762589928058,4,45.8133524663132
"orng-03",18,2021,54.6762589928058,4,45.6684249300813
"orng-03",18,2022,54.6762589928058,4,45.8082850699414
"orng-03",18,2023,54.6762589928058,4,45.8082850699414
"orng-03",18,2024,54.6762589928057,4,45.8082850699414
"orng-03",18,2025,54.6762589928057,4,47.2068864685428
"orng-03",19,1999,12.5874125874126,4,46.9564289666218
"orng-03",19,2000,12.5874125874126,4,47.1003138587081
"orng-03",19,2001,12.5874125874126,4,48.5391627795714
"orng-03",19,2002,12.5874125874126,4,48.3993597283954
"orng-03",19,2003,12.5874125874126,4,48.3993597283954
"orng-03",19,2004,12.5874125874126,4,47.5360503758774
"orng-03",19,2005,12.5874125874126,4,46.3859695154963
"orng-03",19,2006,12.5874125874126,4,46.0981401424052
"orng-03",19,2007,12.5874125874126,4,46.097157087178
"orng-03",19,2008,12.5874125874126,4,45.9511716857182
"orng-03",19,2009,12.5874125874126,4,45.8072867936319
"orng-03",19,2010,12.5874125874126,4,45.8072867936319
"orng-03",19,2011,12.5874125874126,4,45.8072867936319
"orng-03",19,2012,12.5874125874126,4,45.8072867936319
"orng-03",19,2013,12.5874125874126,4,46.5165066517879
"orng-03",19,2014,12.5874125874126,4,46.5165066517879
"orng-03",19,2015,11.8881118881119,4,46.3766465119278
"orng-03",19,2016,11.8881118881119,4,45.9531555174893
"orng-03",19,2017,11.8881118881119,4,46.2409253016619
"orng-03",19,2018,11.8881118881119,4,46.0990813300307
"orng-03",19,2019,11.8881118881119,4,45.9572373583995
"orng-03",19,2020,11.8881118881119,4,45.8133524663132
"orng-03",19,2021,11.8881118881119,4,45.6684249300813
"orng-03",19,2022,12.5874125874126,4,45.8082850699414
"orng-03",19,2023,12.5874125874126,4,45.8082850699414
"orng-03",19,2024,12.5874125874126,4,45.8082850699414
"orng-03",19,2025,19.5804195804196,4,47.2068864685428
"orng-03",20,1999,50.354609929078,4,46.9564289666218
"orng-03",20,2000,50.354609929078,4,47.1003138587081
"orng-03",20,2001,50.354609929078,4,48.5391627795714
"orng-03",20,2002,48.936170212766,4,48.3993597283954
"orng-03",20,2003,48.936170212766,4,48.3993597283954
"orng-03",20,2004,48.936170212766,4,47.5360503758774
"orng-03",20,2005,48.2269503546099,4,46.3859695154963
"orng-03",20,2006,47.5177304964539,4,46.0981401424052
"orng-03",20,2007,48.2269503546099,4,46.097157087178
"orng-03",20,2008,48.2269503546099,4,45.9511716857182
"orng-03",20,2009,48.2269503546099,4,45.8072867936319
"orng-03",20,2010,48.2269503546099,4,45.8072867936319
"orng-03",20,2011,48.2269503546099,4,45.8072867936319
"orng-03",20,2012,48.2269503546099,4,45.8072867936319
"orng-03",20,2013,51.77304964539,4,46.5165066517879
"orng-03",20,2014,51.77304964539,4,46.5165066517879
"orng-03",20,2015,51.77304964539,4,46.3766465119278
"orng-03",20,2016,48.9361702127659,4,45.9531555174893
"orng-03",20,2017,48.9361702127659,4,46.2409253016619
"orng-03",20,2018,48.2269503546099,4,46.0990813300307
"orng-03",20,2019,47.5177304964539,4,45.9572373583995
"orng-03",20,2020,47.5177304964539,4,45.8133524663132
"orng-03",20,2021,47.5177304964539,4,45.6684249300813
"orng-03",20,2022,47.5177304964539,4,45.8082850699414
"orng-03",20,2023,47.5177304964539,4,45.8082850699414
"orng-03",20,2024,47.5177304964539,4,45.8082850699414
"orng-03",20,2025,47.5177304964539,4,47.2068864685428
"orng-04",5,1999,1.41843971631206,1,1.41843971631206
"orng-04",5,2017,0.709219858156028,1,0.709219858156028
"orng-04",6,1999,9.48905109489051,2,10.299167266372
"orng-04",6,2000,9.48905109489051,2,10.299167266372
"orng-04",6,2001,9.48905109489051,2,11.0134529806577
"orng-04",6,2002,8.02919708029197,2,10.2887397376962
"orng-04",6,2003,2.91970802919708,2,8.58557672066461
"orng-04",6,2004,2.91970802919708,2,8.58557672066461
"orng-04",6,2005,2.91970802919708,2,9.53795767304558
"orng-04",6,2006,1.45985401459854,2,9.0513396681794
"orng-04",6,2007,0.72992700729927,2,9.28422114193678
"orng-04",6,2008,0.72992700729927,2,9.28422114193678
"orng-04",6,2009,0.72992700729927,2,12.1506777893639
"orng-04",8,1999,1.40845070422535,2,10.299167266372
"orng-04",8,2000,1.40845070422535,2,10.299167266372
"orng-04",8,2001,1.40845070422535,2,11.0134529806577
"orng-04",8,2002,1.40845070422535,2,10.2887397376962
"orng-04",8,2003,1.40845070422535,2,8.58557672066461
"orng-04",8,2004,1.40845070422535,2,8.58557672066461
"orng-04",8,2005,1.40845070422535,2,9.53795767304558
"orng-04",8,2006,1.40845070422535,2,9.0513396681794
"orng-04",8,2007,1.40845070422535,2,9.28422114193678
"orng-04",8,2008,1.40845070422535,2,9.28422114193678
"orng-04",10,1999,20,2,10.299167266372
"orng-04",10,2000,20,2,10.299167266372
"orng-04",10,2001,22.1428571428571,2,11.0134529806577
"orng-04",10,2002,21.4285714285714,2,10.2887397376962
"orng-04",10,2003,21.4285714285714,2,8.58557672066461
"orng-04",10,2004,21.4285714285714,2,8.58557672066461
"orng-04",10,2005,24.2857142857143,2,9.53795767304558
"orng-04",10,2006,24.2857142857143,2,9.0513396681794
"orng-04",10,2007,25.7142857142857,2,9.28422114193678
"orng-04",10,2008,25.7142857142857,2,9.28422114193678
"orng-04",10,2009,23.5714285714286,2,12.1506777893639
"orng-04",10,2010,23.5714285714286,2,23.5714285714286
"orng-04",10,2011,25,2,25
"orng-04",10,2012,24.2857142857143,2,24.2857142857143
"orng-04",10,2013,24.2857142857143,2,24.2857142857143
"orng-04",10,2014,25,2,25
"orng-04",10,2015,25.7142857142857,2,25.7142857142857
"orng-04",10,2016,25,2,25
"orng-04",10,2017,25,2,25
"orng-04",10,2018,22.1428571428571,2,22.1428571428571
"orng-04",10,2019,21.4285714285714,2,21.4285714285714
"orng-04",10,2020,21.4285714285714,2,21.4285714285714
"orng-04",10,2021,21.4285714285714,2,21.4285714285714
"orng-04",10,2022,21.4285714285714,2,21.4285714285714
"orng-04",10,2023,21.4285714285714,2,21.4285714285714
"orng-04",10,2024,21.4285714285714,2,21.4285714285714
"orng-04",10,2025,21.4285714285714,2,21.4285714285714
"orng-04",11,1999,26.241134751773,3,22.2046018530755
"orng-04",11,2000,26.241134751773,3,22.2046018530755
"orng-04",11,2001,26.241134751773,3,22.2046018530755
"orng-04",11,2002,26.241134751773,3,22.2046018530755
"orng-04",11,2003,26.241134751773,3,22.2046018530755
"orng-04",11,2004,26.241134751773,3,22.2046018530755
"orng-04",11,2005,26.241134751773,3,22.6807923292659
"orng-04",11,2006,26.241134751773,3,23.1569828054564
"orng-04",11,2007,26.241134751773,3,22.9188875673612
"orng-04",11,2008,26.241134751773,3,22.9188875673612
"orng-04",11,2009,26.241134751773,3,22.9188875673612
"orng-04",11,2010,26.241134751773,3,22.9188875673612
"orng-04",11,2011,26.241134751773,3,17.3677371040923
"orng-04",11,2012,26.241134751773,3,17.3677371040923
"orng-04",11,2013,26.241134751773,3,17.3677371040923
"orng-04",11,2014,26.241134751773,3,17.1891656755209
"orng-04",11,2015,26.241134751773,3,17.1891656755209
"orng-04",11,2016,26.241134751773,3,17.5463085326637
"orng-04",11,2017,23.4042553191489,3,16.474769833928
"orng-04",11,2018,22.6950354609929,3,16.297464869389
"orng-04",11,2019,22.6950354609929,3,16.1188934408176
"orng-04",11,2020,22.6950354609929,3,16.1188934408176
"orng-04",11,2021,22.6950354609929,3,15.9403220122462
"orng-04",11,2022,22.6950354609929,3,18.2617505836747
"orng-04",11,2023,22.6950354609929,3,18.2617505836747
"orng-04",11,2024,22.6950354609929,3,17.547464869389
"orng-04",11,2025,22.6950354609929,3,16.4760362979604
"orng-04",12,1999,26.0869565217391,3,22.2046018530755
"orng-04",12,2000,26.0869565217391,3,22.2046018530755
"orng-04",12,2001,26.0869565217391,3,22.2046018530755
"orng-04",12,2002,26.0869565217391,3,22.2046018530755
"orng-04",12,2003,26.0869565217391,3,22.2046018530755
"orng-04",12,2004,26.0869565217391,3,22.2046018530755
"orng-04",12,2005,26.0869565217391,3,22.6807923292659
"orng-04",12,2006,26.0869565217391,3,23.1569828054564
"orng-04",12,2007,26.0869565217391,3,22.9188875673612
"orng-04",12,2008,26.0869565217391,3,22.9188875673612
"orng-04",12,2009,26.0869565217391,3,22.9188875673612
"orng-04",12,2010,26.0869565217391,3,22.9188875673612
"orng-04",12,2011,26.0869565217391,3,17.3677371040923
"orng-04",12,2012,26.0869565217391,3,17.3677371040923
"orng-04",12,2013,26.0869565217391,3,17.3677371040923
"orng-04",12,2014,26.0869565217391,3,17.1891656755209
"orng-04",12,2015,26.0869565217391,3,17.1891656755209
"orng-04",12,2016,26.0869565217391,3,17.5463085326637
"orng-04",12,2017,24.6376811594203,3,16.474769833928
"orng-04",12,2018,24.6376811594203,3,16.297464869389
"orng-04",12,2019,24.6376811594203,3,16.1188934408176
"orng-04",12,2020,24.6376811594203,3,16.1188934408176
"orng-04",12,2021,24.6376811594203,3,15.9403220122462
"orng-04",12,2022,24.6376811594203,3,18.2617505836747
"orng-04",12,2023,24.6376811594203,3,18.2617505836747
"orng-04",12,2024,24.6376811594203,3,17.547464869389
"orng-04",12,2025,24.6376811594203,3,16.4760362979604
"orng-04",13,2011,0.714285714285714,3,17.3677371040923
"orng-04",13,2012,0.714285714285714,3,17.3677371040923
"orng-04",13,2013,0.714285714285714,3,17.3677371040923
"orng-04",13,2014,0.714285714285714,3,17.1891656755209
"orng-04",13,2015,0.714285714285714,3,17.1891656755209
"orng-04",13,2016,0.714285714285714,3,17.5463085326637
"orng-04",13,2017,0.714285714285714,3,16.474769833928
"orng-04",13,2018,0.714285714285714,3,16.297464869389
"orng-04",13,2019,0.714285714285714,3,16.1188934408176
"orng-04",13,2020,0.714285714285714,3,16.1188934408176
"orng-04",13,2021,0.714285714285714,3,15.9403220122462
"orng-04",13,2022,10,3,18.2617505836747
"orng-04",13,2023,10,3,18.2617505836747
"orng-04",13,2024,7.14285714285714,3,17.547464869389
"orng-04",13,2025,2.85714285714285,3,16.4760362979604
"orng-04",15,1999,14.2857142857143,3,22.2046018530755
"orng-04",15,2000,14.2857142857143,3,22.2046018530755
"orng-04",15,2001,14.2857142857143,3,22.2046018530755
"orng-04",15,2002,14.2857142857143,3,22.2046018530755
"orng-04",15,2003,14.2857142857143,3,22.2046018530755
"orng-04",15,2004,14.2857142857143,3,22.2046018530755
"orng-04",15,2005,15.7142857142857,3,22.6807923292659
"orng-04",15,2006,17.1428571428572,3,23.1569828054564
"orng-04",15,2007,16.4285714285714,3,22.9188875673612
"orng-04",15,2008,16.4285714285714,3,22.9188875673612
"orng-04",15,2009,16.4285714285714,3,22.9188875673612
"orng-04",15,2010,16.4285714285714,3,22.9188875673612
"orng-04",15,2011,16.4285714285714,3,17.3677371040923
"orng-04",15,2012,16.4285714285714,3,17.3677371040923
"orng-04",15,2013,16.4285714285714,3,17.3677371040923
"orng-04",15,2014,15.7142857142857,3,17.1891656755209
"orng-04",15,2015,15.7142857142857,3,17.1891656755209
"orng-04",15,2016,17.1428571428571,3,17.5463085326637
"orng-04",15,2017,17.1428571428571,3,16.474769833928
"orng-04",15,2018,17.1428571428571,3,16.297464869389
"orng-04",15,2019,16.4285714285714,3,16.1188934408176
"orng-04",15,2020,16.4285714285714,3,16.1188934408176
"orng-04",15,2021,15.7142857142857,3,15.9403220122462
"orng-04",15,2022,15.7142857142857,3,18.2617505836747
"orng-04",15,2023,15.7142857142857,3,18.2617505836747
"orng-04",15,2024,15.7142857142857,3,17.547464869389
"orng-04",15,2025,15.7142857142857,3,16.4760362979604
"orng-04",16,1999,18.1159420289855,4,18.0356398111325
"orng-04",16,2000,18.1159420289855,4,18.0356398111325
"orng-04",16,2001,18.1159420289855,4,18.3979586517122
"orng-04",16,2002,18.8405797101449,4,18.579118072002
"orng-04",16,2003,18.8405797101449,4,18.579118072002
"orng-04",16,2004,18.8405797101449,4,18.2167992314223
"orng-04",16,2005,18.1159420289855,4,18.0356398111325
"orng-04",16,2006,18.1159420289855,4,18.0356398111325
"orng-04",16,2007,18.1159420289855,4,18.0356398111325
"orng-04",16,2008,18.1159420289855,4,17.6759089622712
"orng-04",16,2009,18.1159420289855,4,17.4947495419813
"orng-04",16,2010,17.3913043478261,4,17.3135901216915
"orng-04",16,2011,17.3913043478261,4,17.3161781134099
"orng-04",16,2012,17.3913043478261,4,17.3161781134099
"orng-04",16,2013,17.3913043478261,4,17.3161781134099
"orng-04",16,2014,16.6666666666667,4,17.3135901216915
"orng-04",16,2015,16.6666666666667,4,17.1324307014016
"orng-04",16,2016,16.6666666666667,4,17.0636087946979
"orng-04",16,2017,16.6666666666667,4,17.2085363309298
"orng-04",16,2018,16.6666666666667,4,17.0636087946979
"orng-04",16,2019,16.6666666666667,4,16.4796671888585
"orng-04",16,2020,15.9420289855072,4,13.8529878278091
"orng-04",16,2021,15.9420289855072,4,13.7070024263493
"orng-04",16,2022,15.9420289855072,4,14.7289002365682
"orng-04",16,2023,15.9420289855072,4,14.7289002365682
"orng-04",16,2024,15.9420289855072,4,14.7289002365682
"orng-04",16,2025,16.6666666666667,4,13.997915364041
"orng-04",17,2016,16.7883211678832,4,17.0636087946979
"orng-04",17,2017,16.7883211678832,4,17.2085363309298
"orng-04",17,2018,16.7883211678832,4,17.0636087946979
"orng-04",17,2019,13.8686131386861,4,16.4796671888585
"orng-04",17,2020,1.45985401459854,4,13.8529878278091
"orng-04",17,2021,0.72992700729927,4,13.7070024263493
"orng-04",17,2022,5.83941605839416,4,14.7289002365682
"orng-04",17,2023,5.83941605839416,4,14.7289002365682
"orng-04",17,2024,5.83941605839416,4,14.7289002365682
"orng-04",17,2025,1.45985401459854,4,13.997915364041
"orng-04",18,1999,5.75539568345324,4,18.0356398111325
"orng-04",18,2000,5.75539568345324,4,18.0356398111325
"orng-04",18,2001,5.75539568345324,4,18.3979586517122
"orng-04",18,2002,5.75539568345324,4,18.579118072002
"orng-04",18,2003,5.75539568345324,4,18.579118072002
"orng-04",18,2004,5.75539568345324,4,18.2167992314223
"orng-04",18,2005,5.75539568345324,4,18.0356398111325
"orng-04",18,2006,5.75539568345324,4,18.0356398111325
"orng-04",18,2007,5.75539568345324,4,18.0356398111325
"orng-04",18,2008,5.75539568345324,4,17.6759089622712
"orng-04",18,2009,5.75539568345324,4,17.4947495419813
"orng-04",18,2010,5.75539568345324,4,17.3135901216915
"orng-04",18,2011,5.75539568345324,4,17.3161781134099
"orng-04",18,2012,5.75539568345324,4,17.3161781134099
"orng-04",18,2013,5.75539568345324,4,17.3161781134099
"orng-04",18,2014,5.75539568345324,4,17.3135901216915
"orng-04",18,2015,5.75539568345324,4,17.1324307014016
"orng-04",18,2016,5.75539568345324,4,17.0636087946979
"orng-04",18,2017,5.75539568345324,4,17.2085363309298
"orng-04",18,2018,5.75539568345324,4,17.0636087946979
"orng-04",18,2019,5.75539568345324,4,16.4796671888585
"orng-04",18,2020,5.75539568345324,4,13.8529878278091
"orng-04",18,2021,5.75539568345324,4,13.7070024263493
"orng-04",18,2022,5.75539568345324,4,14.7289002365682
"orng-04",18,2023,5.75539568345324,4,14.7289002365682
"orng-04",18,2024,5.75539568345324,4,14.7289002365682
"orng-04",18,2025,5.75539568345324,4,13.997915364041
"orng-04",19,1999,28.9855072463768,4,18.0356398111325
"orng-04",19,2000,28.9855072463768,4,18.0356398111325
"orng-04",19,2001,30.4347826086956,4,18.3979586517122
"orng-04",19,2002,30.4347826086956,4,18.579118072002
"orng-04",19,2003,30.4347826086956,4,18.579118072002
"orng-04",19,2004,28.9855072463768,4,18.2167992314223
"orng-04",19,2005,28.9855072463768,4,18.0356398111325
"orng-04",19,2006,28.9855072463768,4,18.0356398111325
"orng-04",19,2007,28.9855072463768,4,18.0356398111325
"orng-04",19,2008,28.2608695652174,4,17.6759089622712
"orng-04",19,2009,27.536231884058,4,17.4947495419813
"orng-04",19,2010,27.536231884058,4,17.3135901216915
"orng-04",19,2011,28.2608695652174,4,17.3161781134099
"orng-04",19,2012,28.2608695652174,4,17.3161781134099
"orng-04",19,2013,28.2608695652174,4,17.3161781134099
"orng-04",19,2014,28.2608695652174,4,17.3135901216915
"orng-04",19,2015,27.536231884058,4,17.1324307014016
"orng-04",19,2016,27.536231884058,4,17.0636087946979
"orng-04",19,2017,28.2608695652174,4,17.2085363309298
"orng-04",19,2018,27.536231884058,4,17.0636087946979
"orng-04",19,2019,27.536231884058,4,16.4796671888585
"orng-04",19,2020,27.536231884058,4,13.8529878278091
"orng-04",19,2021,27.536231884058,4,13.7070024263493
"orng-04",19,2022,27.536231884058,4,14.7289002365682
"orng-04",19,2023,27.536231884058,4,14.7289002365682
"orng-04",19,2024,27.536231884058,4,14.7289002365682
"orng-04",19,2025,27.536231884058,4,13.997915364041
"orng-04",20,1999,19.2857142857143,4,18.0356398111325
"orng-04",20,2000,19.2857142857143,4,18.0356398111325
"orng-04",20,2001,19.2857142857143,4,18.3979586517122
"orng-04",20,2002,19.2857142857143,4,18.579118072002
"orng-04",20,2003,19.2857142857143,4,18.579118072002
"orng-04",20,2004,19.2857142857143,4,18.2167992314223
"orng-04",20,2005,19.2857142857143,4,18.0356398111325
"orng-04",20,2006,19.2857142857143,4,18.0356398111325
"orng-04",20,2007,19.2857142857143,4,18.0356398111325
"orng-04",20,2008,18.5714285714286,4,17.6759089622712
"orng-04",20,2009,18.5714285714286,4,17.4947495419813
"orng-04",20,2010,18.5714285714286,4,17.3135901216915
"orng-04",20,2011,17.8571428571429,4,17.3161781134099
"orng-04",20,2012,17.8571428571429,4,17.3161781134099
"orng-04",20,2013,17.8571428571429,4,17.3161781134099
"orng-04",20,2014,18.5714285714286,4,17.3135901216915
"orng-04",20,2015,18.5714285714286,4,17.1324307014016
"orng-04",20,2016,18.5714285714286,4,17.0636087946979
"orng-04",20,2017,18.5714285714286,4,17.2085363309298
"orng-04",20,2018,18.5714285714286,4,17.0636087946979
"orng-04",20,2019,18.5714285714286,4,16.4796671888585
"orng-04",20,2020,18.5714285714286,4,13.8529878278091
"orng-04",20,2021,18.5714285714286,4,13.7070024263493
"orng-04",20,2022,18.5714285714286,4,14.7289002365682
"orng-04",20,2023,18.5714285714286,4,14.7289002365682
"orng-04",20,2024,18.5714285714286,4,14.7289002365682
"orng-04",20,2025,18.5714285714286,4,13.997915364041
"orng-05",1,1999,42.0289855072464,1,41.2943482665962
"orng-05",1,2000,42.0289855072464,1,41.2943482665962
"orng-05",1,2001,42.0289855072464,1,41.2943482665962
"orng-05",1,2002,42.0289855072464,1,41.152504294965
"orng-05",1,2003,42.0289855072464,1,41.0096471521078
"orng-05",1,2004,42.0289855072464,1,41.0096471521078
"orng-05",1,2005,42.0289855072464,1,41.0096471521078
"orng-05",1,2006,41.304347826087,1,40.7228756442448
"orng-05",1,2007,41.304347826087,1,40.8667459583278
"orng-05",1,2008,40.5797101449275,1,40.5799744504647
"orng-05",1,2009,40.5797101449275,1,40.2942601647504
"orng-05",1,2010,40.5797101449275,1,40.2942601647504
"orng-05",1,2011,40.5797101449275,1,40.0085458790362
"orng-05",1,2012,40.5797101449275,1,40.0085458790362
"orng-05",1,2013,40.5797101449275,1,39.865688736179
"orng-05",1,2014,40.5797101449275,1,39.865688736179
"orng-05",1,2015,40.5797101449275,1,39.5809876216907
"orng-05",1,2016,40.5797101449275,1,39.5809876216907
"orng-05",1,2017,40.5797101449275,1,39.5809876216907
"orng-05",1,2018,40.5797101449275,1,39.8646755649531
"orng-05",1,2019,40.5797101449275,1,39.8646755649531
"orng-05",1,2020,40.5797101449275,1,39.8646755649531
"orng-05",1,2021,40.5797101449275,1,39.7228315933219
"orng-05",1,2022,40.5797101449275,1,39.7228315933219
"orng-05",1,2023,40.5797101449275,1,39.721818422096
"orng-05",1,2024,40.5797101449275,1,39.5799744504648
"orng-05",1,2025,40.5797101449275,1,39.2942601647505
"orng-05",2,1999,22.6950354609929,1,41.2943482665962
"orng-05",2,2000,22.6950354609929,1,41.2943482665962
"orng-05",2,2001,22.6950354609929,1,41.2943482665962
"orng-05",2,2002,22.6950354609929,1,41.152504294965
"orng-05",2,2003,22.6950354609929,1,41.0096471521078
"orng-05",2,2004,22.6950354609929,1,41.0096471521078
"orng-05",2,2005,22.6950354609929,1,41.0096471521078
"orng-05",2,2006,22.6950354609929,1,40.7228756442448
"orng-05",2,2007,22.6950354609929,1,40.8667459583278
"orng-05",2,2008,22.6950354609929,1,40.5799744504647
"orng-05",2,2009,22.6950354609929,1,40.2942601647504
"orng-05",2,2010,22.6950354609929,1,40.2942601647504
"orng-05",2,2011,22.6950354609929,1,40.0085458790362
"orng-05",2,2012,22.6950354609929,1,40.0085458790362
"orng-05",2,2013,22.6950354609929,1,39.865688736179
"orng-05",2,2014,22.6950354609929,1,39.865688736179
"orng-05",2,2015,21.9858156028369,1,39.5809876216907
"orng-05",2,2016,21.9858156028369,1,39.5809876216907
"orng-05",2,2017,21.9858156028369,1,39.5809876216907
"orng-05",2,2018,23.404255319149,1,39.8646755649531
"orng-05",2,2019,23.404255319149,1,39.8646755649531
"orng-05",2,2020,23.404255319149,1,39.8646755649531
"orng-05",2,2021,22.6950354609929,1,39.7228315933219
"orng-05",2,2022,22.6950354609929,1,39.7228315933219
"orng-05",2,2023,23.404255319149,1,39.721818422096
"orng-05",2,2024,23.404255319149,1,39.5799744504648
"orng-05",2,2025,23.404255319149,1,39.2942601647505
"orng-05",3,1999,55.3191489361702,1,41.2943482665962
"orng-05",3,2000,55.3191489361702,1,41.2943482665962
"orng-05",3,2001,55.3191489361702,1,41.2943482665962
"orng-05",3,2002,54.6099290780142,1,41.152504294965
"orng-05",3,2003,54.6099290780142,1,41.0096471521078
"orng-05",3,2004,54.6099290780142,1,41.0096471521078
"orng-05",3,2005,54.6099290780142,1,41.0096471521078
"orng-05",3,2006,53.9007092198582,1,40.7228756442448
"orng-05",3,2007,53.1914893617021,1,40.8667459583278
"orng-05",3,2008,52.4822695035461,1,40.5799744504647
"orng-05",3,2009,52.4822695035461,1,40.2942601647504
"orng-05",3,2010,52.4822695035461,1,40.2942601647504
"orng-05",3,2011,52.4822695035461,1,40.0085458790362
"orng-05",3,2012,52.4822695035461,1,40.0085458790362
"orng-05",3,2013,52.4822695035461,1,39.865688736179
"orng-05",3,2014,52.4822695035461,1,39.865688736179
"orng-05",3,2015,52.4822695035461,1,39.5809876216907
"orng-05",3,2016,52.4822695035461,1,39.5809876216907
"orng-05",3,2017,52.4822695035461,1,39.5809876216907
"orng-05",3,2018,52.4822695035461,1,39.8646755649531
"orng-05",3,2019,52.4822695035461,1,39.8646755649531
"orng-05",3,2020,52.4822695035461,1,39.8646755649531
"orng-05",3,2021,52.4822695035461,1,39.7228315933219
"orng-05",3,2022,52.4822695035461,1,39.7228315933219
"orng-05",3,2023,52.4822695035461,1,39.721818422096
"orng-05",3,2024,51.7730496453901,1,39.5799744504648
"orng-05",3,2025,51.7730496453901,1,39.2942601647505
"orng-05",4,1999,52.8571428571428,1,41.2943482665962
"orng-05",4,2000,52.8571428571428,1,41.2943482665962
"orng-05",4,2001,52.8571428571428,1,41.2943482665962
"orng-05",4,2002,52.8571428571428,1,41.152504294965
"orng-05",4,2003,52.1428571428571,1,41.0096471521078
"orng-05",4,2004,52.1428571428571,1,41.0096471521078
"orng-05",4,2005,52.1428571428571,1,41.0096471521078
"orng-05",4,2006,52.1428571428571,1,40.7228756442448
"orng-05",4,2007,52.1428571428571,1,40.8667459583278
"orng-05",4,2008,52.1428571428571,1,40.5799744504647
"orng-05",4,2009,51.4285714285714,1,40.2942601647504
"orng-05",4,2010,51.4285714285714,1,40.2942601647504
"orng-05",4,2011,50,1,40.0085458790362
"orng-05",4,2012,50,1,40.0085458790362
"orng-05",4,2013,49.2857142857143,1,39.865688736179
"orng-05",4,2014,49.2857142857143,1,39.865688736179
"orng-05",4,2015,48.5714285714286,1,39.5809876216907
"orng-05",4,2016,48.5714285714286,1,39.5809876216907
"orng-05",4,2017,48.5714285714286,1,39.5809876216907
"orng-05",4,2018,48.5714285714286,1,39.8646755649531
"orng-05",4,2019,48.5714285714286,1,39.8646755649531
"orng-05",4,2020,48.5714285714286,1,39.8646755649531
"orng-05",4,2021,48.5714285714286,1,39.7228315933219
"orng-05",4,2022,48.5714285714286,1,39.7228315933219
"orng-05",4,2023,47.8571428571429,1,39.721818422096
"orng-05",4,2024,47.8571428571429,1,39.5799744504648
"orng-05",4,2025,47.1428571428571,1,39.2942601647505
"orng-05",5,1999,33.5714285714286,1,41.2943482665962
"orng-05",5,2000,33.5714285714286,1,41.2943482665962
"orng-05",5,2001,33.5714285714286,1,41.2943482665962
"orng-05",5,2002,33.5714285714286,1,41.152504294965
"orng-05",5,2003,33.5714285714286,1,41.0096471521078
"orng-05",5,2004,33.5714285714286,1,41.0096471521078
"orng-05",5,2005,33.5714285714286,1,41.0096471521078
"orng-05",5,2006,33.5714285714286,1,40.7228756442448
"orng-05",5,2007,35,1,40.8667459583278
"orng-05",5,2008,35,1,40.5799744504647
"orng-05",5,2009,34.2857142857143,1,40.2942601647504
"orng-05",5,2010,34.2857142857143,1,40.2942601647504
"orng-05",5,2011,34.2857142857143,1,40.0085458790362
"orng-05",5,2012,34.2857142857143,1,40.0085458790362
"orng-05",5,2013,34.2857142857143,1,39.865688736179
"orng-05",5,2014,34.2857142857143,1,39.865688736179
"orng-05",5,2015,34.2857142857143,1,39.5809876216907
"orng-05",5,2016,34.2857142857143,1,39.5809876216907
"orng-05",5,2017,34.2857142857143,1,39.5809876216907
"orng-05",5,2018,34.2857142857143,1,39.8646755649531
"orng-05",5,2019,34.2857142857143,1,39.8646755649531
"orng-05",5,2020,34.2857142857143,1,39.8646755649531
"orng-05",5,2021,34.2857142857143,1,39.7228315933219
"orng-05",5,2022,34.2857142857143,1,39.7228315933219
"orng-05",5,2023,34.2857142857143,1,39.721818422096
"orng-05",5,2024,34.2857142857143,1,39.5799744504648
"orng-05",5,2025,33.5714285714286,1,39.2942601647505
"orng-05",6,1999,46.3768115942029,2,45.228898442655
"orng-05",6,2000,46.3768115942029,2,45.228898442655
"orng-05",6,2001,46.3768115942029,2,45.228898442655
"orng-05",6,2002,46.3768115942029,2,45.3727833347413
"orng-05",6,2003,46.3768115942029,2,45.3727833347413
"orng-05",6,2004,45.6521739130435,2,45.2278557985094
"orng-05",6,2005,45.6521739130435,2,45.0829282622775
"orng-05",6,2006,45.6521739130435,2,45.0829282622775
"orng-05",6,2007,45.6521739130435,2,45.0829282622775
"orng-05",6,2008,45.6521739130435,2,45.0829282622775
"orng-05",6,2009,45.6521739130435,2,45.0829282622775
"orng-05",6,2010,45.6521739130435,2,44.9390433701912
"orng-05",6,2011,45.6521739130435,2,44.7951584781049
"orng-05",6,2012,44.9275362318841,2,44.650230941873
"orng-05",6,2013,44.9275362318841,2,44.650230941873
"orng-05",6,2014,44.9275362318841,2,44.650230941873
"orng-05",6,2015,44.9275362318841,2,44.5053034056411
"orng-05",6,2016,44.9275362318841,2,44.5053034056411
"orng-05",6,2017,43.4782608695652,2,43.9245353954856
"orng-05",6,2018,43.4782608695652,2,43.6336224577938
"orng-05",6,2019,42.7536231884058,2,43.488694921562
"orng-05",6,2020,42.7536231884058,2,43.488694921562
"orng-05",6,2021,42.7536231884058,2,43.488694921562
"orng-05",6,2022,42.7536231884058,2,43.4907954309355
"orng-05",6,2023,42.7536231884058,2,43.3458678947036
"orng-05",6,2024,42.7536231884058,2,43.929809500543
"orng-05",6,2025,42.7536231884058,2,43.7838240990832
"orng-05",7,1999,16.5467625899281,2,45.228898442655
"orng-05",7,2000,16.5467625899281,2,45.228898442655
"orng-05",7,2001,16.5467625899281,2,45.228898442655
"orng-05",7,2002,16.5467625899281,2,45.3727833347413
"orng-05",7,2003,16.5467625899281,2,45.3727833347413
"orng-05",7,2004,16.5467625899281,2,45.2278557985094
"orng-05",7,2005,16.5467625899281,2,45.0829282622775
"orng-05",7,2006,16.5467625899281,2,45.0829282622775
"orng-05",7,2007,16.5467625899281,2,45.0829282622775
"orng-05",7,2008,16.5467625899281,2,45.0829282622775
"orng-05",7,2009,16.5467625899281,2,45.0829282622775
"orng-05",7,2010,16.5467625899281,2,44.9390433701912
"orng-05",7,2011,15.8273381294964,2,44.7951584781049
"orng-05",7,2012,15.8273381294964,2,44.650230941873
"orng-05",7,2013,15.8273381294964,2,44.650230941873
"orng-05",7,2014,15.8273381294964,2,44.650230941873
"orng-05",7,2015,15.8273381294964,2,44.5053034056411
"orng-05",7,2016,15.8273381294964,2,44.5053034056411
"orng-05",7,2017,15.8273381294964,2,43.9245353954856
"orng-05",7,2018,15.8273381294964,2,43.6336224577938
"orng-05",7,2019,15.8273381294964,2,43.488694921562
"orng-05",7,2020,15.8273381294964,2,43.488694921562
"orng-05",7,2021,15.8273381294964,2,43.488694921562
"orng-05",7,2022,15.1079136690647,2,43.4907954309355
"orng-05",7,2023,15.1079136690647,2,43.3458678947036
"orng-05",7,2024,15.1079136690647,2,43.929809500543
"orng-05",7,2025,15.1079136690647,2,43.7838240990832
"orng-05",8,1999,51.8248175182482,2,45.228898442655
"orng-05",8,2000,51.8248175182482,2,45.228898442655
"orng-05",8,2001,51.8248175182482,2,45.228898442655
"orng-05",8,2002,51.8248175182482,2,45.3727833347413
"orng-05",8,2003,51.8248175182482,2,45.3727833347413
"orng-05",8,2004,51.8248175182482,2,45.2278557985094
"orng-05",8,2005,51.8248175182482,2,45.0829282622775
"orng-05",8,2006,51.8248175182482,2,45.0829282622775
"orng-05",8,2007,51.8248175182482,2,45.0829282622775
"orng-05",8,2008,51.8248175182482,2,45.0829282622775
"orng-05",8,2009,51.8248175182482,2,45.0829282622775
"orng-05",8,2010,51.8248175182482,2,44.9390433701912
"orng-05",8,2011,51.8248175182482,2,44.7951584781049
"orng-05",8,2012,51.8248175182482,2,44.650230941873
"orng-05",8,2013,51.8248175182482,2,44.650230941873
"orng-05",8,2014,51.8248175182482,2,44.650230941873
"orng-05",8,2015,51.8248175182482,2,44.5053034056411
"orng-05",8,2016,51.8248175182482,2,44.5053034056411
"orng-05",8,2017,51.0948905109489,2,43.9245353954856
"orng-05",8,2018,50.3649635036496,2,43.6336224577938
"orng-05",8,2019,50.3649635036496,2,43.488694921562
"orng-05",8,2020,50.3649635036496,2,43.488694921562
"orng-05",8,2021,50.3649635036496,2,43.488694921562
"orng-05",8,2022,51.0948905109489,2,43.4907954309355
"orng-05",8,2023,51.0948905109489,2,43.3458678947036
"orng-05",8,2024,54.014598540146,2,43.929809500543
"orng-05",8,2025,53.2846715328467,2,43.7838240990832
"orng-05",9,1999,84.0579710144928,2,45.228898442655
"orng-05",9,2000,84.0579710144928,2,45.228898442655
"orng-05",9,2001,84.0579710144928,2,45.228898442655
"orng-05",9,2002,84.0579710144928,2,45.3727833347413
"orng-05",9,2003,84.0579710144928,2,45.3727833347413
"orng-05",9,2004,84.0579710144927,2,45.2278557985094
"orng-05",9,2005,83.3333333333333,2,45.0829282622775
"orng-05",9,2006,83.3333333333334,2,45.0829282622775
"orng-05",9,2007,83.3333333333334,2,45.0829282622775
"orng-05",9,2008,83.3333333333334,2,45.0829282622775
"orng-05",9,2009,83.3333333333334,2,45.0829282622775
"orng-05",9,2010,83.3333333333333,2,44.9390433701912
"orng-05",9,2011,83.3333333333333,2,44.7951584781049
"orng-05",9,2012,83.3333333333333,2,44.650230941873
"orng-05",9,2013,83.3333333333333,2,44.650230941873
"orng-05",9,2014,83.3333333333334,2,44.650230941873
"orng-05",9,2015,82.6086956521739,2,44.5053034056411
"orng-05",9,2016,82.6086956521739,2,44.5053034056411
"orng-05",9,2017,81.8840579710145,2,43.9245353954856
"orng-05",9,2018,81.1594202898551,2,43.6336224577938
"orng-05",9,2019,81.1594202898551,2,43.488694921562
"orng-05",9,2020,81.1594202898551,2,43.488694921562
"orng-05",9,2021,81.1594202898551,2,43.488694921562
"orng-05",9,2022,81.1594202898551,2,43.4907954309355
"orng-05",9,2023,80.4347826086957,2,43.3458678947036
"orng-05",9,2024,80.4347826086957,2,43.929809500543
"orng-05",9,2025,80.4347826086957,2,43.7838240990832
"orng-05",10,1999,27.3381294964029,2,45.228898442655
"orng-05",10,2000,27.3381294964029,2,45.228898442655
"orng-05",10,2001,27.3381294964029,2,45.228898442655
"orng-05",10,2002,28.0575539568345,2,45.3727833347413
"orng-05",10,2003,28.0575539568345,2,45.3727833347413
"orng-05",10,2004,28.0575539568345,2,45.2278557985094
"orng-05",10,2005,28.0575539568345,2,45.0829282622775
"orng-05",10,2006,28.0575539568345,2,45.0829282622775
"orng-05",10,2007,28.0575539568345,2,45.0829282622775
"orng-05",10,2008,28.0575539568345,2,45.0829282622775
"orng-05",10,2009,28.0575539568345,2,45.0829282622775
"orng-05",10,2010,27.3381294964029,2,44.9390433701912
"orng-05",10,2011,27.3381294964029,2,44.7951584781049
"orng-05",10,2012,27.3381294964029,2,44.650230941873
"orng-05",10,2013,27.3381294964029,2,44.650230941873
"orng-05",10,2014,27.3381294964029,2,44.650230941873
"orng-05",10,2015,27.3381294964029,2,44.5053034056411
"orng-05",10,2016,27.3381294964029,2,44.5053034056411
"orng-05",10,2017,27.3381294964029,2,43.9245353954856
"orng-05",10,2018,27.3381294964029,2,43.6336224577938
"orng-05",10,2019,27.3381294964029,2,43.488694921562
"orng-05",10,2020,27.3381294964029,2,43.488694921562
"orng-05",10,2021,27.3381294964029,2,43.488694921562
"orng-05",10,2022,27.3381294964029,2,43.4907954309355
"orng-05",10,2023,27.3381294964029,2,43.3458678947036
"orng-05",10,2024,27.3381294964029,2,43.929809500543
"orng-05",10,2025,27.3381294964029,2,43.7838240990832
"orng-05",11,1999,28.5714285714286,3,28.4883807239922
"orng-05",11,2000,28.5714285714286,3,28.4883807239922
"orng-05",11,2001,28.5714285714286,3,28.4883807239922
"orng-05",11,2002,34.2857142857143,3,29.6312378668494
"orng-05",11,2003,37.1428571428572,3,30.2026664382779
"orng-05",11,2004,38.5714285714286,3,30.4883807239922
"orng-05",11,2005,38.5714285714286,3,30.4883807239922
"orng-05",11,2006,35.7142857142857,3,29.9169521525637
"orng-05",11,2007,32.1428571428572,3,29.202666438278
"orng-05",11,2008,30.7142857142857,3,28.9169521525637
"orng-05",11,2009,29.2857142857143,3,28.6312378668494
"orng-05",11,2010,28.5714285714286,3,28.4883807239922
"orng-05",11,2011,28.5714285714286,3,29.4883807239922
"orng-05",11,2012,28.5714285714286,3,29.4883807239922
"orng-05",11,2013,28.5714285714286,3,28.9169521525637
"orng-05",11,2014,28.5714285714286,3,28.4883807239922
"orng-05",11,2015,28.5714285714286,3,28.4883807239922
"orng-05",11,2016,28.5714285714286,3,28.4883807239922
"orng-05",11,2017,28.5714285714286,3,28.4883807239922
"orng-05",11,2018,28.5714285714286,3,28.4883807239922
"orng-05",11,2019,29.2857142857143,3,28.6312378668494
"orng-05",11,2020,29.2857142857143,3,28.4923489779605
"orng-05",11,2021,29.2857142857143,3,28.4923489779605
"orng-05",11,2022,29.2857142857143,3,29.4944044764189
"orng-05",11,2023,29.2857142857143,3,29.4944044764189
"orng-05",11,2024,29.2857142857143,3,29.4944044764189
"orng-05",11,2025,29.2857142857143,3,29.3515473335617
"orng-05",12,1999,27.8571428571429,3,28.4883807239922
"orng-05",12,2000,27.8571428571429,3,28.4883807239922
"orng-05",12,2001,27.8571428571428,3,28.4883807239922
"orng-05",12,2002,27.8571428571428,3,29.6312378668494
"orng-05",12,2003,27.8571428571428,3,30.2026664382779
"orng-05",12,2004,27.8571428571428,3,30.4883807239922
"orng-05",12,2005,27.8571428571429,3,30.4883807239922
"orng-05",12,2006,27.8571428571429,3,29.9169521525637
"orng-05",12,2007,27.8571428571429,3,29.202666438278
"orng-05",12,2008,27.8571428571429,3,28.9169521525637
"orng-05",12,2009,27.8571428571429,3,28.6312378668494
"orng-05",12,2010,27.8571428571429,3,28.4883807239922
"orng-05",12,2011,27.8571428571429,3,29.4883807239922
"orng-05",12,2012,27.8571428571429,3,29.4883807239922
"orng-05",12,2013,27.8571428571429,3,28.9169521525637
"orng-05",12,2014,27.8571428571428,3,28.4883807239922
"orng-05",12,2015,27.8571428571428,3,28.4883807239922
"orng-05",12,2016,27.8571428571428,3,28.4883807239922
"orng-05",12,2017,27.8571428571429,3,28.4883807239922
"orng-05",12,2018,27.8571428571429,3,28.4883807239922
"orng-05",12,2019,27.8571428571429,3,28.6312378668494
"orng-05",12,2020,27.8571428571429,3,28.4923489779605
"orng-05",12,2021,27.8571428571429,3,28.4923489779605
"orng-05",12,2022,31.4285714285715,3,29.4944044764189
"orng-05",12,2023,31.4285714285715,3,29.4944044764189
"orng-05",12,2024,31.4285714285715,3,29.4944044764189
"orng-05",12,2025,30.7142857142858,3,29.3515473335617
"orng-05",13,1999,5.75539568345324,3,28.4883807239922
"orng-05",13,2000,5.75539568345324,3,28.4883807239922
"orng-05",13,2001,5.75539568345324,3,28.4883807239922
"orng-05",13,2002,5.75539568345324,3,29.6312378668494
"orng-05",13,2003,5.75539568345324,3,30.2026664382779
"orng-05",13,2004,5.75539568345324,3,30.4883807239922
"orng-05",13,2005,5.75539568345324,3,30.4883807239922
"orng-05",13,2006,5.75539568345324,3,29.9169521525637
"orng-05",13,2007,5.75539568345324,3,29.202666438278
"orng-05",13,2008,5.75539568345324,3,28.9169521525637
"orng-05",13,2009,5.75539568345324,3,28.6312378668494
"orng-05",13,2010,5.75539568345324,3,28.4883807239922
"orng-05",13,2011,5.75539568345324,3,29.4883807239922
"orng-05",13,2012,5.75539568345324,3,29.4883807239922
"orng-05",13,2013,5.75539568345324,3,28.9169521525637
"orng-05",13,2014,5.75539568345324,3,28.4883807239922
"orng-05",13,2015,5.75539568345324,3,28.4883807239922
"orng-05",13,2016,5.75539568345324,3,28.4883807239922
"orng-05",13,2017,5.75539568345324,3,28.4883807239922
"orng-05",13,2018,5.75539568345324,3,28.4883807239922
"orng-05",13,2019,5.75539568345324,3,28.6312378668494
"orng-05",13,2020,5.75539568345324,3,28.4923489779605
"orng-05",13,2021,5.75539568345324,3,28.4923489779605
"orng-05",13,2022,7.19424460431654,3,29.4944044764189
"orng-05",13,2023,7.19424460431654,3,29.4944044764189
"orng-05",13,2024,7.19424460431654,3,29.4944044764189
"orng-05",13,2025,7.19424460431654,3,29.3515473335617
"orng-05",14,1999,65.9722222222222,3,28.4883807239922
"orng-05",14,2000,65.9722222222222,3,28.4883807239922
"orng-05",14,2001,65.9722222222222,3,28.4883807239922
"orng-05",14,2002,65.9722222222222,3,29.6312378668494
"orng-05",14,2003,65.9722222222222,3,30.2026664382779
"orng-05",14,2004,65.9722222222222,3,30.4883807239922
"orng-05",14,2005,65.9722222222222,3,30.4883807239922
"orng-05",14,2006,65.9722222222222,3,29.9169521525637
"orng-05",14,2007,65.9722222222222,3,29.202666438278
"orng-05",14,2008,65.9722222222222,3,28.9169521525637
"orng-05",14,2009,65.9722222222222,3,28.6312378668494
"orng-05",14,2010,65.9722222222222,3,28.4883807239922
"orng-05",14,2011,65.9722222222222,3,29.4883807239922
"orng-05",14,2012,65.9722222222222,3,29.4883807239922
"orng-05",14,2013,65.9722222222222,3,28.9169521525637
"orng-05",14,2014,65.9722222222222,3,28.4883807239922
"orng-05",14,2015,65.9722222222222,3,28.4883807239922
"orng-05",14,2016,65.9722222222222,3,28.4883807239922
"orng-05",14,2017,65.9722222222222,3,28.4883807239922
"orng-05",14,2018,65.9722222222222,3,28.4883807239922
"orng-05",14,2019,65.9722222222222,3,28.6312378668494
"orng-05",14,2020,65.2777777777778,3,28.4923489779605
"orng-05",14,2021,65.2777777777778,3,28.4923489779605
"orng-05",14,2022,65.2777777777778,3,29.4944044764189
"orng-05",14,2023,65.2777777777778,3,29.4944044764189
"orng-05",14,2024,65.2777777777778,3,29.4944044764189
"orng-05",14,2025,65.2777777777778,3,29.3515473335617
"orng-05",15,1999,14.2857142857143,3,28.4883807239922
"orng-05",15,2000,14.2857142857143,3,28.4883807239922
"orng-05",15,2001,14.2857142857143,3,28.4883807239922
"orng-05",15,2002,14.2857142857143,3,29.6312378668494
"orng-05",15,2003,14.2857142857143,3,30.2026664382779
"orng-05",15,2004,14.2857142857143,3,30.4883807239922
"orng-05",15,2005,14.2857142857143,3,30.4883807239922
"orng-05",15,2006,14.2857142857143,3,29.9169521525637
"orng-05",15,2007,14.2857142857143,3,29.202666438278
"orng-05",15,2008,14.2857142857143,3,28.9169521525637
"orng-05",15,2009,14.2857142857143,3,28.6312378668494
"orng-05",15,2010,14.2857142857143,3,28.4883807239922
"orng-05",15,2011,19.2857142857143,3,29.4883807239922
"orng-05",15,2012,19.2857142857143,3,29.4883807239922
"orng-05",15,2013,16.4285714285714,3,28.9169521525637
"orng-05",15,2014,14.2857142857143,3,28.4883807239922
"orng-05",15,2015,14.2857142857143,3,28.4883807239922
"orng-05",15,2016,14.2857142857143,3,28.4883807239922
"orng-05",15,2017,14.2857142857143,3,28.4883807239922
"orng-05",15,2018,14.2857142857143,3,28.4883807239922
"orng-05",15,2019,14.2857142857143,3,28.6312378668494
"orng-05",15,2020,14.2857142857143,3,28.4923489779605
"orng-05",15,2021,14.2857142857143,3,28.4923489779605
"orng-05",15,2022,14.2857142857143,3,29.4944044764189
"orng-05",15,2023,14.2857142857143,3,29.4944044764189
"orng-05",15,2024,14.2857142857143,3,29.4944044764189
"orng-05",15,2025,14.2857142857143,3,29.3515473335617
"orng-05",16,1999,74.8201438848921,4,56.5285349360263
"orng-05",16,2000,74.1007194244605,4,56.3486788209184
"orng-05",16,2001,74.820143884892,4,56.5285349360263
"orng-05",16,2002,74.820143884892,4,56.5285349360263
"orng-05",16,2003,74.1007194244604,4,56.170107392347
"orng-05",16,2004,74.1007194244604,4,56.170107392347
"orng-05",16,2005,74.1007194244604,4,45.9621698479272
"orng-05",16,2006,74.8201438848921,4,46.1060547400136
"orng-05",16,2007,74.8201438848921,4,46.1060547400136
"orng-05",16,2008,74.8201438848921,4,46.1060547400136
"orng-05",16,2009,74.8201438848921,4,46.1060547400136
"orng-05",16,2010,74.1007194244604,4,45.9621698479272
"orng-05",16,2011,74.8201438848921,4,46.1060547400136
"orng-05",16,2012,74.8201438848921,4,52.7727214066802
"orng-05",16,2013,74.1007194244605,4,52.4859793717368
"orng-05",16,2014,74.8201438848921,4,51.1805889015042
"orng-05",16,2015,74.8201438848921,4,45.8182700609246
"orng-05",16,2016,74.8201438848921,4,45.8182700609246
"orng-05",16,2017,74.8201438848921,4,45.6733425246927
"orng-05",16,2018,74.8201438848921,4,45.6733425246927
"orng-05",16,2019,74.8201438848921,4,45.6733425246927
"orng-05",16,2020,74.1007194244604,4,45.5294576326063
"orng-05",16,2021,74.1007194244604,4,45.5294576326063
"orng-05",16,2022,74.8201438848921,4,45.8193279261525
"orng-05",16,2023,74.8201438848921,4,45.8193279261525
"orng-05",16,2024,74.1007194244604,4,45.5305154978343
"orng-05",16,2025,74.8201438848921,4,45.6733425246927
"orng-05",17,1999,60.7142857142857,4,56.5285349360263
"orng-05",17,2000,60.7142857142857,4,56.3486788209184
"orng-05",17,2001,60.7142857142857,4,56.5285349360263
"orng-05",17,2002,60.7142857142857,4,56.5285349360263
"orng-05",17,2003,60,4,56.170107392347
"orng-05",17,2004,60,4,56.170107392347
"orng-05",17,2005,59.2857142857142,4,45.9621698479272
"orng-05",17,2006,59.2857142857143,4,46.1060547400136
"orng-05",17,2007,59.2857142857143,4,46.1060547400136
"orng-05",17,2008,59.2857142857143,4,46.1060547400136
"orng-05",17,2009,59.2857142857143,4,46.1060547400136
"orng-05",17,2010,59.2857142857143,4,45.9621698479272
"orng-05",17,2011,59.2857142857143,4,46.1060547400136
"orng-05",17,2012,59.2857142857143,4,52.7727214066802
"orng-05",17,2013,58.5714285714285,4,52.4859793717368
"orng-05",17,2014,58.5714285714285,4,51.1805889015042
"orng-05",17,2015,58.5714285714286,4,45.8182700609246
"orng-05",17,2016,58.5714285714286,4,45.8182700609246
"orng-05",17,2017,58.5714285714286,4,45.6733425246927
"orng-05",17,2018,58.5714285714285,4,45.6733425246927
"orng-05",17,2019,58.5714285714286,4,45.6733425246927
"orng-05",17,2020,58.5714285714286,4,45.5294576326063
"orng-05",17,2021,58.5714285714286,4,45.5294576326063
"orng-05",17,2022,58.5714285714286,4,45.8193279261525
"orng-05",17,2023,58.5714285714286,4,45.8193279261525
"orng-05",17,2024,58.5714285714286,4,45.5305154978343
"orng-05",17,2025,58.5714285714286,4,45.6733425246927
"orng-05",18,1999,67.3913043478261,4,56.5285349360263
"orng-05",18,2000,67.3913043478261,4,56.3486788209184
"orng-05",18,2001,67.3913043478261,4,56.5285349360263
"orng-05",18,2002,67.3913043478261,4,56.5285349360263
"orng-05",18,2003,67.3913043478261,4,56.170107392347
"orng-05",18,2004,67.3913043478261,4,56.170107392347
"orng-05",18,2005,67.3913043478261,4,45.9621698479272
"orng-05",18,2006,67.3913043478261,4,46.1060547400136
"orng-05",18,2007,67.3913043478261,4,46.1060547400136
"orng-05",18,2008,67.391304347826,4,46.1060547400136
"orng-05",18,2009,67.391304347826,4,46.1060547400136
"orng-05",18,2010,67.3913043478261,4,45.9621698479272
"orng-05",18,2011,67.3913043478261,4,46.1060547400136
"orng-05",18,2012,66.6666666666666,4,52.7727214066802
"orng-05",18,2013,66.6666666666666,4,52.4859793717368
"orng-05",18,2014,66.6666666666666,4,51.1805889015042
"orng-05",18,2015,66.6666666666667,4,45.8182700609246
"orng-05",18,2016,66.6666666666667,4,45.8182700609246
"orng-05",18,2017,65.9420289855073,4,45.6733425246927
"orng-05",18,2018,65.9420289855073,4,45.6733425246927
"orng-05",18,2019,65.9420289855073,4,45.6733425246927
"orng-05",18,2020,65.9420289855072,4,45.5294576326063
"orng-05",18,2021,65.9420289855072,4,45.5294576326063
"orng-05",18,2022,65.9420289855072,4,45.8193279261525
"orng-05",18,2023,65.9420289855072,4,45.8193279261525
"orng-05",18,2024,65.9420289855072,4,45.5305154978343
"orng-05",18,2025,65.9420289855072,4,45.6733425246927
"orng-05",19,2005,6.56934306569343,4,45.9621698479272
"orng-05",19,2006,6.56934306569343,4,46.1060547400136
"orng-05",19,2007,6.56934306569343,4,46.1060547400136
"orng-05",19,2008,6.56934306569343,4,46.1060547400136
"orng-05",19,2009,6.56934306569343,4,46.1060547400136
"orng-05",19,2010,6.56934306569343,4,45.9621698479272
"orng-05",19,2011,6.56934306569343,4,46.1060547400136
"orng-05",19,2012,6.56934306569343,4,52.7727214066802
"orng-05",19,2013,6.56934306569343,4,52.4859793717368
"orng-05",19,2014,6.56934306569343,4,51.1805889015042
"orng-05",19,2015,6.56934306569343,4,45.8182700609246
"orng-05",19,2016,6.56934306569343,4,45.8182700609246
"orng-05",19,2017,6.56934306569343,4,45.6733425246927
"orng-05",19,2018,6.56934306569343,4,45.6733425246927
"orng-05",19,2019,6.56934306569343,4,45.6733425246927
"orng-05",19,2020,6.56934306569343,4,45.5294576326063
"orng-05",19,2021,6.56934306569343,4,45.5294576326063
"orng-05",19,2022,7.2992700729927,4,45.8193279261525
"orng-05",19,2023,7.2992700729927,4,45.8193279261525
"orng-05",19,2024,7.2992700729927,4,45.5305154978343
"orng-05",19,2025,6.56934306569343,4,45.6733425246927
"orng-05",20,1999,23.1884057971014,4,56.5285349360263
"orng-05",20,2000,23.1884057971014,4,56.3486788209184
"orng-05",20,2001,23.1884057971014,4,56.5285349360263
"orng-05",20,2002,23.1884057971014,4,56.5285349360263
"orng-05",20,2003,23.1884057971014,4,56.170107392347
"orng-05",20,2004,23.1884057971014,4,56.170107392347
"orng-05",20,2005,22.463768115942,4,45.9621698479272
"orng-05",20,2006,22.463768115942,4,46.1060547400136
"orng-05",20,2007,22.463768115942,4,46.1060547400136
"orng-05",20,2008,22.463768115942,4,46.1060547400136
"orng-05",20,2009,22.463768115942,4,46.1060547400136
"orng-05",20,2010,22.463768115942,4,45.9621698479272
"orng-05",20,2011,22.463768115942,4,46.1060547400136
"orng-05",20,2012,56.5217391304348,4,52.7727214066802
"orng-05",20,2013,56.5217391304348,4,52.4859793717368
"orng-05",20,2014,49.2753623188406,4,51.1805889015042
"orng-05",20,2015,22.463768115942,4,45.8182700609246
"orng-05",20,2016,22.463768115942,4,45.8182700609246
"orng-05",20,2017,22.463768115942,4,45.6733425246927
"orng-05",20,2018,22.463768115942,4,45.6733425246927
"orng-05",20,2019,22.463768115942,4,45.6733425246927
"orng-05",20,2020,22.463768115942,4,45.5294576326063
"orng-05",20,2021,22.463768115942,4,45.5294576326063
"orng-05",20,2022,22.463768115942,4,45.8193279261525
"orng-05",20,2023,22.463768115942,4,45.8193279261525
"orng-05",20,2024,21.7391304347826,4,45.5305154978343
"orng-05",20,2025,22.463768115942,4,45.6733425246927
"orng-06",1,1999,46.4285714285714,1,18.8078351908139
"orng-06",1,2000,46.4285714285714,1,24.2857142857143
"orng-06",1,2001,46.4285714285714,1,23.5714285714286
"orng-06",1,2002,46.4285714285714,1,46.4285714285714
"orng-06",1,2003,46.4285714285714,1,36.6894630192503
"orng-06",1,2004,46.4285714285714,1,27.5548801080716
"orng-06",1,2005,45.7142857142857,1,30.8882134414049
"orng-06",1,2006,45.7142857142857,1,31.1263086795002
"orng-06",1,2007,45.7142857142857,1,29.9425869638636
"orng-06",1,2008,45.7142857142857,1,22.1259709557582
"orng-06",1,2009,45,1,21.8828098615333
"orng-06",1,2010,45,1,22.5852752448497
"orng-06",1,2011,45,1,21.1550151975684
"orng-06",1,2012,45,1,24.0189125295508
"orng-06",1,2013,45,1,21.6379601485985
"orng-06",1,2014,45,1,28.1737588652482
"orng-06",1,2015,45,1,26.4007092198582
"orng-06",1,2016,45,1,23.563829787234
"orng-06",1,2017,45,1,45
"orng-06",1,2018,45,1,45
"orng-06",1,2019,45,1,45
"orng-06",1,2020,44.2857142857143,1,44.2857142857143
"orng-06",1,2021,44.2857142857143,1,44.2857142857143
"orng-06",1,2022,44.2857142857143,1,44.2857142857143
"orng-06",1,2023,44.2857142857143,1,22.8520770010132
"orng-06",1,2024,44.2857142857143,1,22.4974670719352
"orng-06",1,2025,44.2857142857143,1,22.4974670719352
"orng-06",2,1999,0.709219858156028,1,18.8078351908139
"orng-06",2,2003,26.9503546099291,1,36.6894630192503
"orng-06",2,2004,26.9503546099291,1,27.5548801080716
"orng-06",2,2005,26.9503546099291,1,30.8882134414049
"orng-06",2,2006,26.9503546099291,1,31.1263086795002
"orng-06",2,2007,24.113475177305,1,29.9425869638636
"orng-06",2,2008,7.09219858156028,1,22.1259709557582
"orng-06",2,2009,9.21985815602837,1,21.8828098615333
"orng-06",2,2010,14.1843971631206,1,22.5852752448497
"orng-06",2,2011,14.8936170212766,1,21.1550151975684
"orng-06",2,2012,12.0567375886525,1,24.0189125295508
"orng-06",2,2013,12.0567375886525,1,21.6379601485985
"orng-06",2,2014,11.3475177304965,1,28.1737588652482
"orng-06",2,2015,7.80141843971631,1,26.4007092198582
"orng-06",2,2016,2.12765957446809,1,23.563829787234
"orng-06",2,2023,1.41843971631206,1,22.8520770010132
"orng-06",2,2024,0.709219858156028,1,22.4974670719352
"orng-06",2,2025,0.709219858156028,1,22.4974670719352
"orng-06",3,1999,9.28571428571429,1,18.8078351908139
"orng-06",3,2000,2.14285714285714,1,24.2857142857143
"orng-06",3,2001,0.714285714285714,1,23.5714285714286
"orng-06",3,2004,9.28571428571429,1,27.5548801080716
"orng-06",3,2005,20,1,30.8882134414049
"orng-06",3,2006,20.7142857142857,1,31.1263086795002
"orng-06",3,2007,20,1,29.9425869638636
"orng-06",3,2008,13.5714285714286,1,22.1259709557582
"orng-06",3,2009,11.4285714285714,1,21.8828098615333
"orng-06",3,2010,8.57142857142857,1,22.5852752448497
"orng-06",3,2011,3.57142857142857,1,21.1550151975684
"orng-06",3,2012,15,1,24.0189125295508
"orng-06",3,2013,7.85714285714286,1,21.6379601485985
"orng-06",9,2023,4.28571428571429,2,4.28571428571429
"orng-06",9,2024,2.14285714285714,2,2.14285714285714
"orng-06",11,1999,10.7913669064748,3,6.9736255399011
"orng-06",11,2000,10.7913669064748,3,6.24898785874168
"orng-06",11,2001,6.47482014388489,3,5.05168483159818
"orng-06",11,2002,3.59712230215827,3,3.60936043024969
"orng-06",11,2003,5.75539568345324,3,4.08723899696154
"orng-06",11,2004,5.03597122302158,3,3.60588494976452
"orng-06",11,2005,5.03597122302158,3,3.60588494976452
"orng-06",11,2006,3.59712230215827,3,4.33479303513711
"orng-06",11,2007,2.87769784172662,3,3.61276196434157
"orng-06",11,2008,0.719424460431655,3,2.53362527369409
"orng-06",12,1999,9.42028985507246,3,6.9736255399011
"orng-06",12,2000,7.2463768115942,3,6.24898785874168
"orng-06",12,2001,7.97101449275362,3,5.05168483159818
"orng-06",12,2002,6.52173913043478,3,3.60936043024969
"orng-06",12,2003,5.79710144927536,3,4.08723899696154
"orng-06",12,2004,5.07246376811594,3,3.60588494976452
"orng-06",12,2005,5.07246376811594,3,3.60588494976452
"orng-06",12,2006,5.07246376811594,3,4.33479303513711
"orng-06",12,2007,4.34782608695652,3,3.61276196434157
"orng-06",12,2008,4.34782608695652,3,2.53362527369409
"orng-06",12,2009,4.34782608695652,3,4.34782608695652
"orng-06",12,2010,4.34782608695652,3,4.34782608695652
"orng-06",12,2011,4.34782608695652,3,3.25304973412574
"orng-06",12,2012,4.34782608695652,3,2.89333750390991
"orng-06",12,2013,4.34782608695652,3,2.16529828865862
"orng-06",12,2014,5.07246376811594,3,2.16703602890121
"orng-06",12,2015,5.07246376811594,3,5.07246376811594
"orng-06",12,2016,5.07246376811594,3,2.8959441142738
"orng-06",12,2017,4.34782608695652,3,2.53362527369409
"orng-06",12,2018,4.34782608695652,3,2.88313290163429
"orng-06",12,2019,4.34782608695652,3,2.88313290163429
"orng-06",12,2020,4.34782608695652,3,2.52852297255627
"orng-06",12,2021,4.34782608695652,3,4.34782608695652
"orng-06",12,2022,4.34782608695652,3,4.34782608695652
"orng-06",12,2023,4.34782608695652,3,4.34782608695652
"orng-06",12,2024,4.34782608695652,3,4.34782608695652
"orng-06",12,2025,4.34782608695652,3,4.34782608695652
"orng-06",13,2011,2.15827338129496,3,3.25304973412574
"orng-06",13,2012,1.43884892086331,3,2.89333750390991
"orng-06",13,2013,1.43884892086331,3,2.16529828865862
"orng-06",13,2014,0.719424460431655,3,2.16703602890121
"orng-06",13,2016,0.719424460431655,3,2.8959441142738
"orng-06",13,2017,0.719424460431655,3,2.53362527369409
"orng-06",14,1999,0.709219858156028,3,6.9736255399011
"orng-06",14,2000,0.709219858156028,3,6.24898785874168
"orng-06",14,2001,0.709219858156028,3,5.05168483159818
"orng-06",14,2002,0.709219858156028,3,3.60936043024969
"orng-06",14,2003,0.709219858156028,3,4.08723899696154
"orng-06",14,2004,0.709219858156028,3,3.60588494976452
"orng-06",14,2005,0.709219858156028,3,3.60588494976452
"orng-06",14,2013,0.709219858156028,3,2.16529828865862
"orng-06",14,2014,0.709219858156028,3,2.16703602890121
"orng-06",14,2018,1.41843971631206,3,2.88313290163429
"orng-06",14,2019,1.41843971631206,3,2.88313290163429
"orng-06",14,2020,0.709219858156028,3,2.52852297255627
"orng-06",16,1999,1.44927536231884,4,22.1074708442884
"orng-06",16,2000,1.44927536231884,4,22.1074708442884
"orng-06",16,2001,0.72463768115942,4,21.9625433080566
"orng-06",16,2002,0.72463768115942,4,21.9625433080566
"orng-06",16,2003,0.72463768115942,4,21.9625433080566
"orng-06",17,1999,30.9352517985612,4,22.1074708442884
"orng-06",17,2000,30.9352517985612,4,22.1074708442884
"orng-06",17,2001,30.9352517985612,4,21.9625433080566
"orng-06",17,2002,30.9352517985612,4,21.9625433080566
"orng-06",17,2003,30.9352517985612,4,21.9625433080566
"orng-06",17,2004,30.9352517985612,4,27.2720197147808
"orng-06",17,2005,30.9352517985612,4,27.0921635996729
"orng-06",17,2006,30.9352517985612,4,27.0921635996729
"orng-06",17,2007,25.8992805755396,4,25.8331707939175
"orng-06",17,2008,24.4604316546763,4,25.2948871351303
"orng-06",17,2009,23.021582733813,4,24.9351749049144
"orng-06",17,2010,23.021582733813,4,24.9351749049144
"orng-06",17,2011,23.021582733813,4,24.9351749049144
"orng-06",17,2012,23.021582733813,4,24.9351749049144
"orng-06",17,2013,23.021582733813,4,24.9351749049144
"orng-06",17,2014,22.3021582733813,4,24.7553187898065
"orng-06",17,2015,20.863309352518,4,24.3956065595907
"orng-06",17,2016,18.705035971223,4,23.6735564624421
"orng-06",17,2017,12.2302158273382,4,21.874995311363
"orng-06",17,2018,8.63309352517986,4,21.1555708509313
"orng-06",17,2019,3.59712230215827,4,19.893952408459
"orng-06",18,1999,14.3884892086331,4,22.1074708442884
"orng-06",18,2000,14.3884892086331,4,22.1074708442884
"orng-06",18,2001,14.3884892086331,4,21.9625433080566
"orng-06",18,2002,14.3884892086331,4,21.9625433080566
"orng-06",18,2003,14.3884892086331,4,21.9625433080566
"orng-06",18,2004,14.3884892086331,4,27.2720197147808
"orng-06",18,2005,13.6690647482014,4,27.0921635996729
"orng-06",18,2006,13.6690647482014,4,27.0921635996729
"orng-06",18,2007,13.6690647482014,4,25.8331707939175
"orng-06",18,2008,13.6690647482014,4,25.2948871351303
"orng-06",18,2009,13.6690647482014,4,24.9351749049144
"orng-06",18,2010,13.6690647482014,4,24.9351749049144
"orng-06",18,2011,13.6690647482014,4,24.9351749049144
"orng-06",18,2012,13.6690647482014,4,24.9351749049144
"orng-06",18,2013,13.6690647482014,4,24.9351749049144
"orng-06",18,2014,13.6690647482014,4,24.7553187898065
"orng-06",18,2015,13.6690647482014,4,24.3956065595907
"orng-06",18,2016,13.6690647482014,4,23.6735564624421
"orng-06",18,2017,12.9496402877698,4,21.874995311363
"orng-06",18,2018,13.6690647482014,4,21.1555708509313
"orng-06",18,2019,14.3884892086331,4,19.893952408459
"orng-06",18,2020,13.6690647482015,4,25.0864209570821
"orng-06",18,2021,11.5107913669065,4,24.3669964966504
"orng-06",18,2022,11.5107913669065,4,24.3669964966504
"orng-06",18,2023,11.5107913669065,4,24.3669964966504
"orng-06",18,2024,11.5107913669065,4,24.3669964966504
"orng-06",18,2025,11.5107913669065,4,24.3669964966504
"orng-06",19,1999,42.3357664233577,4,22.1074708442884
"orng-06",19,2000,42.3357664233577,4,22.1074708442884
"orng-06",19,2001,42.3357664233577,4,21.9625433080566
"orng-06",19,2002,42.3357664233577,4,21.9625433080566
"orng-06",19,2003,42.3357664233577,4,21.9625433080566
"orng-06",19,2004,42.3357664233577,4,27.2720197147808
"orng-06",19,2005,42.3357664233577,4,27.0921635996729
"orng-06",19,2006,42.3357664233577,4,27.0921635996729
"orng-06",19,2007,42.3357664233577,4,25.8331707939175
"orng-06",19,2008,42.3357664233577,4,25.2948871351303
"orng-06",19,2009,42.3357664233577,4,24.9351749049144
"orng-06",19,2010,42.3357664233577,4,24.9351749049144
"orng-06",19,2011,42.3357664233577,4,24.9351749049144
"orng-06",19,2012,42.3357664233577,4,24.9351749049144
"orng-06",19,2013,42.3357664233577,4,24.9351749049144
"orng-06",19,2014,42.3357664233577,4,24.7553187898065
"orng-06",19,2015,42.3357664233577,4,24.3956065595907
"orng-06",19,2016,41.6058394160584,4,23.6735564624421
"orng-06",19,2017,41.6058394160584,4,21.874995311363
"orng-06",19,2018,41.6058394160584,4,21.1555708509313
"orng-06",19,2019,40.8759124087591,4,19.893952408459
"orng-06",19,2020,40.8759124087591,4,25.0864209570821
"orng-06",19,2021,40.8759124087591,4,24.3669964966504
"orng-06",19,2022,40.8759124087591,4,24.3669964966504
"orng-06",19,2023,40.8759124087591,4,24.3669964966504
"orng-06",19,2024,40.8759124087591,4,24.3669964966504
"orng-06",19,2025,40.8759124087591,4,24.3669964966504
"orng-06",20,1999,21.4285714285714,4,22.1074708442884
"orng-06",20,2000,21.4285714285714,4,22.1074708442884
"orng-06",20,2001,21.4285714285714,4,21.9625433080566
"orng-06",20,2002,21.4285714285714,4,21.9625433080566
"orng-06",20,2003,21.4285714285714,4,21.9625433080566
"orng-06",20,2004,21.4285714285714,4,27.2720197147808
"orng-06",20,2005,21.4285714285714,4,27.0921635996729
"orng-06",20,2006,21.4285714285714,4,27.0921635996729
"orng-06",20,2007,21.4285714285714,4,25.8331707939175
"orng-06",20,2008,20.7142857142857,4,25.2948871351303
"orng-06",20,2009,20.7142857142857,4,24.9351749049144
"orng-06",20,2010,20.7142857142857,4,24.9351749049144
"orng-06",20,2011,20.7142857142857,4,24.9351749049144
"orng-06",20,2012,20.7142857142857,4,24.9351749049144
"orng-06",20,2013,20.7142857142857,4,24.9351749049144
"orng-06",20,2014,20.7142857142857,4,24.7553187898065
"orng-06",20,2015,20.7142857142857,4,24.3956065595907
"orng-06",20,2016,20.7142857142857,4,23.6735564624421
"orng-06",20,2017,20.7142857142857,4,21.874995311363
"orng-06",20,2018,20.7142857142857,4,21.1555708509313
"orng-06",20,2019,20.7142857142857,4,19.893952408459
"orng-06",20,2020,20.7142857142857,4,25.0864209570821
"orng-06",20,2021,20.7142857142857,4,24.3669964966504
"orng-06",20,2022,20.7142857142857,4,24.3669964966504
"orng-06",20,2023,20.7142857142857,4,24.3669964966504
"orng-06",20,2024,20.7142857142857,4,24.3669964966504
"orng-06",20,2025,20.7142857142857,4,24.3669964966504
"orng-07",1,1999,47.4820143884892,1,27.5622979876968
"orng-07",1,2000,46.7625899280576,1,27.1285580231467
"orng-07",1,2001,46.7625899280576,1,27.1285580231467
"orng-07",1,2002,45.3237410071942,1,26.840788238974
"orng-07",1,2003,43.1654676258993,1,26.2642060264832
"orng-07",1,2004,42.4460431654676,1,26.2652486706287
"orng-07",1,2005,41.726618705036,1,25.6865811698467
"orng-07",1,2006,41.0071942446043,1,25.6876238139923
"orng-07",1,2007,41.0071942446043,1,25.6876238139923
"orng-07",1,2008,38.8489208633094,1,25.1110416015014
"orng-07",1,2009,39.5683453237411,1,25.5447815660515
"orng-07",1,2010,39.5683453237411,1,25.2549264935877
"orng-07",1,2011,38.8489208633094,1,24.8232718173287
"orng-07",1,2012,36.6906474820144,1,23.9578771765197
"orng-07",1,2013,35.2517985611511,1,24.9754978625795
"orng-07",1,2014,34.5323741007194,1,24.8316129704932
"orng-07",1,2015,34.5323741007194,1,24.5417578980294
"orng-07",1,2016,32.3741007194245,1,23.5303930768429
"orng-07",1,2017,30.9352517985612,1,22.228130539047
"orng-07",1,2018,28.0575539568345,1,21.0760087582108
"orng-07",1,2019,26.6187050359712,1,20.6433114378063
"orng-07",1,2020,23.021582733813,1,24.5438431863205
"orng-07",1,2021,21.5827338129496,1,24.0042748409967
"orng-07",1,2022,18.705035971223,1,23.4660098008549
"orng-07",1,2023,18.705035971223,1,23.2848503805651
"orng-07",1,2024,17.9856115107914,1,24.1919507871963
"orng-07",1,2025,16.5467625899281,1,23.6523824418726
"orng-07",2,1999,5.07246376811594,1,27.5622979876968
"orng-07",2,2000,3.6231884057971,1,27.1285580231467
"orng-07",2,2001,3.6231884057971,1,27.1285580231467
"orng-07",2,2002,2.89855072463768,1,26.840788238974
"orng-07",2,2003,2.89855072463768,1,26.2642060264832
"orng-07",2,2004,2.89855072463768,1,26.2652486706287
"orng-07",2,2005,2.89855072463768,1,25.6865811698467
"orng-07",2,2006,2.89855072463768,1,25.6876238139923
"orng-07",2,2007,2.89855072463768,1,25.6876238139923
"orng-07",2,2008,2.89855072463768,1,25.1110416015014
"orng-07",2,2009,2.89855072463768,1,25.5447815660515
"orng-07",2,2010,2.89855072463768,1,25.2549264935877
"orng-07",2,2011,2.89855072463768,1,24.8232718173287
"orng-07",2,2012,2.17391304347826,1,23.9578771765197
"orng-07",2,2013,10.1449275362319,1,24.9754978625795
"orng-07",2,2014,10.1449275362319,1,24.8316129704932
"orng-07",2,2015,9.42028985507246,1,24.5417578980294
"orng-07",2,2016,5.79710144927536,1,23.5303930768429
"orng-07",2,2017,1.44927536231884,1,22.228130539047
"orng-07",2,2018,1.44927536231884,1,21.0760087582108
"orng-07",2,2019,0.72463768115942,1,20.6433114378063
"orng-07",3,1999,9.42028985507246,1,27.5622979876968
"orng-07",3,2000,9.42028985507246,1,27.1285580231467
"orng-07",3,2001,9.42028985507246,1,27.1285580231467
"orng-07",3,2002,9.42028985507246,1,26.840788238974
"orng-07",3,2003,9.42028985507246,1,26.2642060264832
"orng-07",3,2004,9.42028985507246,1,26.2652486706287
"orng-07",3,2005,8.69565217391304,1,25.6865811698467
"orng-07",3,2006,8.69565217391304,1,25.6876238139923
"orng-07",3,2007,8.69565217391304,1,25.6876238139923
"orng-07",3,2008,8.69565217391304,1,25.1110416015014
"orng-07",3,2009,8.69565217391304,1,25.5447815660515
"orng-07",3,2010,8.69565217391304,1,25.2549264935877
"orng-07",3,2011,8.69565217391304,1,24.8232718173287
"orng-07",3,2012,8.69565217391304,1,23.9578771765197
"orng-07",3,2013,8.69565217391304,1,24.9754978625795
"orng-07",3,2014,8.69565217391304,1,24.8316129704932
"orng-07",3,2015,8.69565217391304,1,24.5417578980294
"orng-07",3,2016,8.69565217391304,1,23.5303930768429
"orng-07",3,2017,8.69565217391304,1,22.228130539047
"orng-07",3,2018,8.69565217391304,1,21.0760087582108
"orng-07",3,2019,8.69565217391304,1,20.6433114378063
"orng-07",3,2020,8.69565217391304,1,24.5438431863205
"orng-07",3,2021,8.69565217391304,1,24.0042748409967
"orng-07",3,2022,9.42028985507246,1,23.4660098008549
"orng-07",3,2023,8.69565217391304,1,23.2848503805651
"orng-07",3,2024,8.69565217391304,1,24.1919507871963
"orng-07",3,2025,8.69565217391304,1,23.6523824418726
"orng-07",4,1999,41.3043478260869,1,27.5622979876968
"orng-07",4,2000,41.304347826087,1,27.1285580231467
"orng-07",4,2001,41.3043478260869,1,27.1285580231467
"orng-07",4,2002,42.0289855072464,1,26.840788238974
"orng-07",4,2003,41.3043478260869,1,26.2642060264832
"orng-07",4,2004,42.0289855072464,1,26.2652486706287
"orng-07",4,2005,40.5797101449275,1,25.6865811698467
"orng-07",4,2006,41.3043478260869,1,25.6876238139923
"orng-07",4,2007,41.3043478260869,1,25.6876238139923
"orng-07",4,2008,40.5797101449275,1,25.1110416015014
"orng-07",4,2009,42.0289855072464,1,25.5447815660515
"orng-07",4,2010,40.5797101449275,1,25.2549264935877
"orng-07",4,2011,40.5797101449275,1,24.8232718173287
"orng-07",4,2012,39.8550724637681,1,23.9578771765197
"orng-07",4,2013,39.1304347826087,1,24.9754978625795
"orng-07",4,2014,39.1304347826087,1,24.8316129704932
"orng-07",4,2015,38.4057971014493,1,24.5417578980294
"orng-07",4,2016,39.1304347826087,1,23.5303930768429
"orng-07",4,2017,38.4057971014493,1,22.228130539047
"orng-07",4,2018,37.6811594202898,1,21.0760087582108
"orng-07",4,2019,37.6811594202898,1,20.6433114378063
"orng-07",4,2020,37.6811594202898,1,24.5438431863205
"orng-07",4,2021,37.6811594202898,1,24.0042748409967
"orng-07",4,2022,37.6811594202898,1,23.4660098008549
"orng-07",4,2023,37.6811594202898,1,23.2848503805651
"orng-07",4,2024,42.0289855072463,1,24.1919507871963
"orng-07",4,2025,42.0289855072464,1,23.6523824418726
"orng-07",5,1999,34.5323741007194,1,27.5622979876968
"orng-07",5,2000,34.5323741007194,1,27.1285580231467
"orng-07",5,2001,34.5323741007194,1,27.1285580231467
"orng-07",5,2002,34.5323741007194,1,26.840788238974
"orng-07",5,2003,34.5323741007194,1,26.2642060264832
"orng-07",5,2004,34.5323741007194,1,26.2652486706287
"orng-07",5,2005,34.5323741007194,1,25.6865811698467
"orng-07",5,2006,34.5323741007194,1,25.6876238139923
"orng-07",5,2007,34.5323741007194,1,25.6876238139923
"orng-07",5,2008,34.5323741007194,1,25.1110416015014
"orng-07",5,2009,34.5323741007194,1,25.5447815660515
"orng-07",5,2010,34.5323741007194,1,25.2549264935877
"orng-07",5,2011,33.0935251798561,1,24.8232718173287
"orng-07",5,2012,32.3741007194245,1,23.9578771765197
"orng-07",5,2013,31.6546762589928,1,24.9754978625795
"orng-07",5,2014,31.6546762589928,1,24.8316129704932
"orng-07",5,2015,31.6546762589928,1,24.5417578980294
"orng-07",5,2016,31.6546762589928,1,23.5303930768429
"orng-07",5,2017,31.6546762589928,1,22.228130539047
"orng-07",5,2018,29.4964028776978,1,21.0760087582108
"orng-07",5,2019,29.4964028776978,1,20.6433114378063
"orng-07",5,2020,28.7769784172662,1,24.5438431863205
"orng-07",5,2021,28.0575539568345,1,24.0042748409967
"orng-07",5,2022,28.0575539568345,1,23.4660098008549
"orng-07",5,2023,28.0575539568345,1,23.2848503805651
"orng-07",5,2024,28.0575539568345,1,24.1919507871963
"orng-07",5,2025,27.3381294964029,1,23.6523824418726
"orng-07",6,1999,39.1304347826087,2,37.5821229115911
"orng-07",6,2000,39.1304347826087,2,37.5821229115911
"orng-07",6,2001,39.1304347826087,2,37.4382380195048
"orng-07",6,2002,39.8550724637681,2,38.0178600536595
"orng-07",6,2003,46.3768115942029,2,39.4660927718328
"orng-07",6,2004,50,2,40.3346153450785
"orng-07",6,2005,52.8985507246377,2,40.7704405979197
"orng-07",6,2006,51.4492753623189,2,40.480585525456
"orng-07",6,2007,54.3478260869565,2,40.9194505999609
"orng-07",6,2008,53.6231884057971,2,41.4787484158417
"orng-07",6,2009,54.3478260869565,2,41.6236759520736
"orng-07",6,2010,53.6231884057971,2,41.3338208796098
"orng-07",6,2011,53.6231884057971,2,41.0460510954372
"orng-07",6,2012,53.6231884057971,2,41.1950610974784
"orng-07",6,2013,52.8985507246376,2,42.3544813873335
"orng-07",6,2014,52.8985507246376,2,42.4994089235654
"orng-07",6,2015,52.8985507246376,2,42.2095538511016
"orng-07",6,2016,52.1739130434782,2,40.6153509525509
"orng-07",6,2017,51.4492753623189,2,40.3254958800871
"orng-07",6,2018,51.4492753623189,2,40.1816109880008
"orng-07",6,2019,49.2753623188406,2,43.6317204656361
"orng-07",6,2020,49.2753623188406,2,43.4878355735497
"orng-07",6,2021,49.2753623188406,2,43.3439506814634
"orng-07",6,2022,49.2753623188406,2,41.9081415822639
"orng-07",6,2023,49.2753623188406,2,40.468250017255
"orng-07",6,2024,48.5507246376812,2,39.463052950169
"orng-07",6,2025,48.5507246376812,2,39.1752831659963
"orng-07",7,1999,55.7971014492754,2,37.5821229115911
"orng-07",7,2000,55.7971014492754,2,37.5821229115911
"orng-07",7,2001,55.7971014492754,2,37.4382380195048
"orng-07",7,2002,55.7971014492754,2,38.0178600536595
"orng-07",7,2003,55.7971014492754,2,39.4660927718328
"orng-07",7,2004,55.7971014492754,2,40.3346153450785
"orng-07",7,2005,55.7971014492754,2,40.7704405979197
"orng-07",7,2006,55.7971014492754,2,40.480585525456
"orng-07",7,2007,55.7971014492754,2,40.9194505999609
"orng-07",7,2008,55.7971014492754,2,41.4787484158417
"orng-07",7,2009,55.7971014492754,2,41.6236759520736
"orng-07",7,2010,55.0724637681159,2,41.3338208796098
"orng-07",7,2011,55.0724637681159,2,41.0460510954372
"orng-07",7,2012,56.5217391304347,2,41.1950610974784
"orng-07",7,2013,63.0434782608695,2,42.3544813873335
"orng-07",7,2014,63.768115942029,2,42.4994089235654
"orng-07",7,2015,62.3188405797101,2,42.2095538511016
"orng-07",7,2016,55.0724637681159,2,40.6153509525509
"orng-07",7,2017,54.3478260869565,2,40.3254958800871
"orng-07",7,2018,54.3478260869565,2,40.1816109880008
"orng-07",7,2019,54.3478260869565,2,43.6317204656361
"orng-07",7,2020,54.3478260869565,2,43.4878355735497
"orng-07",7,2021,54.3478260869565,2,43.3439506814634
"orng-07",7,2022,54.3478260869565,2,41.9081415822639
"orng-07",7,2023,53.6231884057971,2,40.468250017255
"orng-07",7,2024,53.6231884057971,2,39.463052950169
"orng-07",7,2025,53.6231884057971,2,39.1752831659963
"orng-07",8,1999,2.87769784172662,2,37.5821229115911
"orng-07",8,2000,2.87769784172662,2,37.5821229115911
"orng-07",8,2001,2.15827338129496,2,37.4382380195048
"orng-07",8,2002,2.15827338129496,2,38.0178600536595
"orng-07",8,2003,2.15827338129496,2,39.4660927718328
"orng-07",8,2004,2.15827338129496,2,40.3346153450785
"orng-07",8,2005,2.15827338129496,2,40.7704405979197
"orng-07",8,2006,2.15827338129496,2,40.480585525456
"orng-07",8,2007,2.15827338129496,2,40.9194505999609
"orng-07",8,2008,2.15827338129496,2,41.4787484158417
"orng-07",8,2009,2.15827338129496,2,41.6236759520736
"orng-07",8,2010,2.15827338129496,2,41.3338208796098
"orng-07",8,2011,2.15827338129496,2,41.0460510954372
"orng-07",8,2012,2.15827338129496,2,41.1950610974784
"orng-07",8,2013,2.15827338129496,2,42.3544813873335
"orng-07",8,2014,2.15827338129496,2,42.4994089235654
"orng-07",8,2015,2.15827338129496,2,42.2095538511016
"orng-07",8,2016,2.15827338129496,2,40.6153509525509
"orng-07",8,2017,2.15827338129496,2,40.3254958800871
"orng-07",8,2018,2.15827338129496,2,40.1816109880008
"orng-07",8,2019,21.5827338129496,2,43.6317204656361
"orng-07",8,2020,20.863309352518,2,43.4878355735497
"orng-07",8,2021,20.1438848920863,2,43.3439506814634
"orng-07",8,2022,13.6690647482014,2,41.9081415822639
"orng-07",8,2023,7.19424460431655,2,40.468250017255
"orng-07",8,2024,3.59712230215827,2,39.463052950169
"orng-07",8,2025,2.15827338129496,2,39.1752831659963
"orng-07",9,1999,31.6546762589928,2,37.5821229115911
"orng-07",9,2000,31.6546762589928,2,37.5821229115911
"orng-07",9,2001,31.6546762589928,2,37.4382380195048
"orng-07",9,2002,34.5323741007194,2,38.0178600536595
"orng-07",9,2003,35.2517985611511,2,39.4660927718328
"orng-07",9,2004,35.9712230215827,2,40.3346153450785
"orng-07",9,2005,35.2517985611511,2,40.7704405979197
"orng-07",9,2006,35.2517985611511,2,40.480585525456
"orng-07",9,2007,35.2517985611511,2,40.9194505999609
"orng-07",9,2008,35.2517985611511,2,41.4787484158417
"orng-07",9,2009,35.2517985611511,2,41.6236759520736
"orng-07",9,2010,35.2517985611511,2,41.3338208796098
"orng-07",9,2011,33.8129496402878,2,41.0460510954372
"orng-07",9,2012,33.8129496402878,2,41.1950610974784
"orng-07",9,2013,33.8129496402878,2,42.3544813873335
"orng-07",9,2014,33.8129496402878,2,42.4994089235654
"orng-07",9,2015,33.8129496402878,2,42.2095538511016
"orng-07",9,2016,33.8129496402878,2,40.6153509525509
"orng-07",9,2017,33.8129496402878,2,40.3254958800871
"orng-07",9,2018,33.0935251798561,2,40.1816109880008
"orng-07",9,2019,33.0935251798561,2,43.6317204656361
"orng-07",9,2020,33.0935251798561,2,43.4878355735497
"orng-07",9,2021,33.0935251798561,2,43.3439506814634
"orng-07",9,2022,33.0935251798561,2,41.9081415822639
"orng-07",9,2023,33.0935251798561,2,40.468250017255
"orng-07",9,2024,33.0935251798561,2,39.463052950169
"orng-07",9,2025,33.0935251798561,2,39.1752831659963
"orng-07",10,1999,58.4507042253521,2,37.5821229115911
"orng-07",10,2000,58.4507042253521,2,37.5821229115911
"orng-07",10,2001,58.4507042253521,2,37.4382380195048
"orng-07",10,2002,57.7464788732395,2,38.0178600536595
"orng-07",10,2003,57.7464788732395,2,39.4660927718328
"orng-07",10,2004,57.7464788732395,2,40.3346153450785
"orng-07",10,2005,57.7464788732395,2,40.7704405979197
"orng-07",10,2006,57.7464788732395,2,40.480585525456
"orng-07",10,2007,57.0422535211268,2,40.9194505999609
"orng-07",10,2008,60.5633802816902,2,41.4787484158417
"orng-07",10,2009,60.5633802816901,2,41.6236759520736
"orng-07",10,2010,60.5633802816901,2,41.3338208796098
"orng-07",10,2011,60.5633802816901,2,41.0460510954372
"orng-07",10,2012,59.8591549295774,2,41.1950610974784
"orng-07",10,2013,59.8591549295775,2,42.3544813873335
"orng-07",10,2014,59.8591549295775,2,42.4994089235654
"orng-07",10,2015,59.8591549295775,2,42.2095538511016
"orng-07",10,2016,59.8591549295775,2,40.6153509525509
"orng-07",10,2017,59.8591549295775,2,40.3254958800871
"orng-07",10,2018,59.8591549295775,2,40.1816109880008
"orng-07",10,2019,59.8591549295775,2,43.6317204656361
"orng-07",10,2020,59.8591549295775,2,43.4878355735497
"orng-07",10,2021,59.8591549295775,2,43.3439506814634
"orng-07",10,2022,59.1549295774648,2,41.9081415822639
"orng-07",10,2023,59.1549295774648,2,40.468250017255
"orng-07",10,2024,58.4507042253521,2,39.463052950169
"orng-07",10,2025,58.4507042253521,2,39.1752831659963
"orng-07",11,1999,23.9130434782608,3,37.038361961992
"orng-07",11,2000,24.6376811594202,3,37.1832894982238
"orng-07",11,2001,24.6376811594202,3,37.1832894982238
"orng-07",11,2002,24.6376811594202,3,37.0353221403281
"orng-07",11,2003,23.1884057971014,3,36.7454670678644
"orng-07",11,2004,23.1884057971014,3,36.6005395316325
"orng-07",11,2005,23.1884057971014,3,36.7454670678644
"orng-07",11,2006,23.1884057971014,3,36.4637769270193
"orng-07",11,2007,23.1884057971014,3,36.319892034933
"orng-07",11,2008,30.4347826086956,3,37.7691673972518
"orng-07",11,2009,30.4347826086956,3,37.6283223268293
"orng-07",11,2010,28.9855072463768,3,37.3384672543655
"orng-07",11,2011,23.1884057971014,3,36.1790469645105
"orng-07",11,2012,22.463768115942,3,36.0341194282786
"orng-07",11,2013,23.1884057971014,3,36.0341194282786
"orng-07",11,2014,22.463768115942,3,36.0341194282786
"orng-07",11,2015,33.3333333333333,3,38.9204227554882
"orng-07",11,2016,36.9565217391304,3,39.9277932216382
"orng-07",11,2017,33.3333333333333,3,39.0582280042469
"orng-07",11,2018,30.4347826086956,3,38.3335903230875
"orng-07",11,2019,25.3623188405797,3,37.4599426398869
"orng-07",11,2020,22.463768115942,3,36.8802324949593
"orng-07",11,2021,21.7391304347826,3,36.5903774224955
"orng-07",11,2022,21.7391304347826,3,36.5903774224955
"orng-07",11,2023,22.463768115942,3,36.7353049587274
"orng-07",11,2024,22.463768115942,3,36.7353049587274
"orng-07",11,2025,22.463768115942,3,36.5903774224955
"orng-07",12,1999,60.431654676259,3,37.038361961992
"orng-07",12,2000,60.431654676259,3,37.1832894982238
"orng-07",12,2001,60.431654676259,3,37.1832894982238
"orng-07",12,2002,59.7122302158273,3,37.0353221403281
"orng-07",12,2003,59.7122302158273,3,36.7454670678644
"orng-07",12,2004,59.7122302158273,3,36.6005395316325
"orng-07",12,2005,59.7122302158273,3,36.7454670678644
"orng-07",12,2006,59.7122302158273,3,36.4637769270193
"orng-07",12,2007,58.9928057553957,3,36.319892034933
"orng-07",12,2008,58.9928057553957,3,37.7691673972518
"orng-07",12,2009,58.9928057553957,3,37.6283223268293
"orng-07",12,2010,58.9928057553957,3,37.3384672543655
"orng-07",12,2011,58.9928057553957,3,36.1790469645105
"orng-07",12,2012,58.9928057553957,3,36.0341194282786
"orng-07",12,2013,58.9928057553957,3,36.0341194282786
"orng-07",12,2014,58.9928057553957,3,36.0341194282786
"orng-07",12,2015,58.9928057553957,3,38.9204227554882
"orng-07",12,2016,58.273381294964,3,39.9277932216382
"orng-07",12,2017,58.273381294964,3,39.0582280042469
"orng-07",12,2018,58.273381294964,3,38.3335903230875
"orng-07",12,2019,58.273381294964,3,37.4599426398869
"orng-07",12,2020,58.273381294964,3,36.8802324949593
"orng-07",12,2021,58.273381294964,3,36.5903774224955
"orng-07",12,2022,58.273381294964,3,36.5903774224955
"orng-07",12,2023,58.273381294964,3,36.7353049587274
"orng-07",12,2024,58.273381294964,3,36.7353049587274
"orng-07",12,2025,58.273381294964,3,36.5903774224955
"orng-07",13,1999,45.774647887324,3,37.038361961992
"orng-07",13,2000,45.774647887324,3,37.1832894982238
"orng-07",13,2001,45.774647887324,3,37.1832894982238
"orng-07",13,2002,46.4788732394367,3,37.0353221403281
"orng-07",13,2003,46.4788732394366,3,36.7454670678644
"orng-07",13,2004,46.4788732394367,3,36.6005395316325
"orng-07",13,2005,46.4788732394367,3,36.7454670678644
"orng-07",13,2006,45.0704225352113,3,36.4637769270193
"orng-07",13,2007,45.0704225352113,3,36.319892034933
"orng-07",13,2008,45.0704225352113,3,37.7691673972518
"orng-07",13,2009,44.3661971830986,3,37.6283223268293
"orng-07",13,2010,44.3661971830986,3,37.3384672543655
"orng-07",13,2011,44.3661971830986,3,36.1790469645105
"orng-07",13,2012,44.3661971830986,3,36.0341194282786
"orng-07",13,2013,44.3661971830986,3,36.0341194282786
"orng-07",13,2014,44.3661971830986,3,36.0341194282786
"orng-07",13,2015,46.4788732394367,3,38.9204227554882
"orng-07",13,2016,47.887323943662,3,39.9277932216382
"orng-07",13,2017,47.887323943662,3,39.0582280042469
"orng-07",13,2018,47.887323943662,3,38.3335903230875
"orng-07",13,2019,48.5915492957747,3,37.4599426398869
"orng-07",13,2020,48.5915492957746,3,36.8802324949593
"orng-07",13,2021,48.5915492957746,3,36.5903774224955
"orng-07",13,2022,48.5915492957746,3,36.5903774224955
"orng-07",13,2023,48.5915492957746,3,36.7353049587274
"orng-07",13,2024,48.5915492957746,3,36.7353049587274
"orng-07",13,2025,48.5915492957746,3,36.5903774224955
"orng-07",14,1999,28.2608695652174,3,37.038361961992
"orng-07",14,2000,28.2608695652174,3,37.1832894982238
"orng-07",14,2001,28.2608695652174,3,37.1832894982238
"orng-07",14,2002,27.5362318840579,3,37.0353221403281
"orng-07",14,2003,27.536231884058,3,36.7454670678644
"orng-07",14,2004,26.8115942028986,3,36.6005395316325
"orng-07",14,2005,27.536231884058,3,36.7454670678644
"orng-07",14,2006,27.536231884058,3,36.4637769270193
"orng-07",14,2007,27.536231884058,3,36.319892034933
"orng-07",14,2008,27.536231884058,3,37.7691673972518
"orng-07",14,2009,27.536231884058,3,37.6283223268293
"orng-07",14,2010,27.536231884058,3,37.3384672543655
"orng-07",14,2011,27.536231884058,3,36.1790469645105
"orng-07",14,2012,27.536231884058,3,36.0341194282786
"orng-07",14,2013,26.8115942028985,3,36.0341194282786
"orng-07",14,2014,26.8115942028985,3,36.0341194282786
"orng-07",14,2015,26.8115942028985,3,38.9204227554882
"orng-07",14,2016,26.8115942028985,3,39.9277932216382
"orng-07",14,2017,26.8115942028985,3,39.0582280042469
"orng-07",14,2018,26.8115942028985,3,38.3335903230875
"orng-07",14,2019,26.8115942028985,3,37.4599426398869
"orng-07",14,2020,26.8115942028985,3,36.8802324949593
"orng-07",14,2021,26.8115942028985,3,36.5903774224955
"orng-07",14,2022,26.8115942028985,3,36.5903774224955
"orng-07",14,2023,26.8115942028985,3,36.7353049587274
"orng-07",14,2024,26.8115942028985,3,36.7353049587274
"orng-07",14,2025,26.8115942028985,3,36.5903774224955
"orng-07",15,1999,26.8115942028986,3,37.038361961992
"orng-07",15,2000,26.8115942028986,3,37.1832894982238
"orng-07",15,2001,26.8115942028986,3,37.1832894982238
"orng-07",15,2002,26.8115942028986,3,37.0353221403281
"orng-07",15,2003,26.8115942028986,3,36.7454670678644
"orng-07",15,2004,26.8115942028986,3,36.6005395316325
"orng-07",15,2005,26.8115942028986,3,36.7454670678644
"orng-07",15,2006,26.8115942028986,3,36.4637769270193
"orng-07",15,2007,26.8115942028986,3,36.319892034933
"orng-07",15,2008,26.8115942028986,3,37.7691673972518
"orng-07",15,2009,26.8115942028986,3,37.6283223268293
"orng-07",15,2010,26.8115942028986,3,37.3384672543655
"orng-07",15,2011,26.8115942028986,3,36.1790469645105
"orng-07",15,2012,26.8115942028986,3,36.0341194282786
"orng-07",15,2013,26.8115942028986,3,36.0341194282786
"orng-07",15,2014,27.536231884058,3,36.0341194282786
"orng-07",15,2015,28.9855072463768,3,38.9204227554882
"orng-07",15,2016,29.7101449275362,3,39.9277932216382
"orng-07",15,2017,28.9855072463768,3,39.0582280042469
"orng-07",15,2018,28.2608695652174,3,38.3335903230875
"orng-07",15,2019,28.2608695652174,3,37.4599426398869
"orng-07",15,2020,28.2608695652174,3,36.8802324949593
"orng-07",15,2021,27.536231884058,3,36.5903774224955
"orng-07",15,2022,27.536231884058,3,36.5903774224955
"orng-07",15,2023,27.536231884058,3,36.7353049587274
"orng-07",15,2024,27.536231884058,3,36.7353049587274
"orng-07",15,2025,26.8115942028986,3,36.5903774224955
"orng-07",16,1999,24.2857142857143,4,39.6035797501816
"orng-07",16,2000,24.2857142857143,4,39.3258019724038
"orng-07",16,2001,24.2857142857143,4,40.0202464168483
"orng-07",16,2002,24.2857142857143,4,40.1541393025397
"orng-07",16,2003,24.2857142857143,4,40.0152504136508
"orng-07",16,2004,24.2857142857143,4,38.7452664008611
"orng-07",16,2005,24.2857142857143,4,38.6013815087747
"orng-07",16,2006,24.2857142857143,4,38.8741632833551
"orng-07",16,2007,25,4,38.8781315373233
"orng-07",16,2008,25,4,38.8731355341259
"orng-07",16,2009,25,4,38.6003537595456
"orng-07",16,2010,25,4,38.4614648706567
"orng-07",16,2011,25,4,39.0170204262122
"orng-07",16,2012,25,4,39.1559093151011
"orng-07",16,2013,25,4,38.4614648706567
"orng-07",16,2014,25,4,38.0298101943977
"orng-07",16,2015,25,4,37.7470364134225
"orng-07",16,2016,25,4,37.8909213055088
"orng-07",16,2017,25,4,38.0248141912002
"orng-07",16,2018,25,4,38.7442386516319
"orng-07",16,2019,25,4,39.6175400105448
"orng-07",16,2020,25,4,47.5608024218923
"orng-07",16,2021,25,4,52.0909442658639
"orng-07",16,2022,25,4,50.6421033386057
"orng-07",16,2023,25,4,48.658328656224
"orng-07",16,2024,25,4,45.6914255829379
"orng-07",16,2025,25,4,42.4278874772523
"orng-07",17,1999,45.1388888888888,4,39.6035797501816
"orng-07",17,2000,43.75,4,39.3258019724038
"orng-07",17,2001,47.2222222222222,4,40.0202464168483
"orng-07",17,2002,48.6111111111111,4,40.1541393025397
"orng-07",17,2003,47.9166666666666,4,40.0152504136508
"orng-07",17,2004,44.4444444444444,4,38.7452664008611
"orng-07",17,2005,44.4444444444444,4,38.6013815087747
"orng-07",17,2006,46.5277777777778,4,38.8741632833551
"orng-07",17,2007,45.8333333333333,4,38.8781315373233
"orng-07",17,2008,46.5277777777777,4,38.8731355341259
"orng-07",17,2009,44.4444444444444,4,38.6003537595456
"orng-07",17,2010,43.75,4,38.4614648706567
"orng-07",17,2011,46.5277777777778,4,39.0170204262122
"orng-07",17,2012,47.2222222222222,4,39.1559093151011
"orng-07",17,2013,43.75,4,38.4614648706567
"orng-07",17,2014,43.75,4,38.0298101943977
"orng-07",17,2015,43.0555555555556,4,37.7470364134225
"orng-07",17,2016,43.0555555555556,4,37.8909213055088
"orng-07",17,2017,44.4444444444444,4,38.0248141912002
"orng-07",17,2018,44.4444444444444,4,38.7442386516319
"orng-07",17,2019,43.0555555555555,4,39.6175400105448
"orng-07",17,2020,43.0555555555555,4,47.5608024218923
"orng-07",17,2021,45.1388888888889,4,52.0909442658639
"orng-07",17,2022,46.5277777777778,4,50.6421033386057
"orng-07",17,2023,46.5277777777778,4,48.658328656224
"orng-07",17,2024,43.75,4,45.6914255829379
"orng-07",17,2025,43.0555555555556,4,42.4278874772523
"orng-07",18,1999,65.4676258992805,4,39.6035797501816
"orng-07",18,2000,66.1870503597122,4,39.3258019724038
"orng-07",18,2001,66.1870503597123,4,40.0202464168483
"orng-07",18,2002,65.4676258992806,4,40.1541393025397
"orng-07",18,2003,65.4676258992806,4,40.0152504136508
"orng-07",18,2004,64.7482014388489,4,38.7452664008611
"orng-07",18,2005,64.7482014388489,4,38.6013815087747
"orng-07",18,2006,65.4676258992806,4,38.8741632833551
"orng-07",18,2007,65.4676258992806,4,38.8781315373233
"orng-07",18,2008,64.7482014388489,4,38.8731355341259
"orng-07",18,2009,65.4676258992807,4,38.6003537595456
"orng-07",18,2010,65.4676258992805,4,38.4614648706567
"orng-07",18,2011,65.4676258992807,4,39.0170204262122
"orng-07",18,2012,65.4676258992807,4,39.1559093151011
"orng-07",18,2013,65.4676258992805,4,38.4614648706567
"orng-07",18,2014,64.7482014388489,4,38.0298101943977
"orng-07",18,2015,64.7482014388489,4,37.7470364134225
"orng-07",18,2016,65.4676258992805,4,37.8909213055088
"orng-07",18,2017,65.4676258992805,4,38.0248141912002
"orng-07",18,2018,67.6258992805756,4,38.7442386516319
"orng-07",18,2019,67.6258992805756,4,39.6175400105448
"orng-07",18,2020,67.6258992805756,4,47.5608024218923
"orng-07",18,2021,67.6258992805756,4,52.0909442658639
"orng-07",18,2022,66.906474820144,4,50.6421033386057
"orng-07",18,2023,66.9064748201439,4,48.658328656224
"orng-07",18,2024,66.9064748201439,4,45.6914255829379
"orng-07",18,2025,66.1870503597122,4,42.4278874772523
"orng-07",19,1999,50.3597122302158,4,39.6035797501816
"orng-07",19,2000,49.6402877697842,4,39.3258019724038
"orng-07",19,2001,49.6402877697842,4,40.0202464168483
"orng-07",19,2002,49.6402877697842,4,40.1541393025397
"orng-07",19,2003,49.6402877697842,4,40.0152504136508
"orng-07",19,2004,47.4820143884893,4,38.7452664008611
"orng-07",19,2005,46.7625899280576,4,38.6013815087747
"orng-07",19,2006,45.3237410071942,4,38.8741632833551
"orng-07",19,2007,45.3237410071942,4,38.8781315373233
"orng-07",19,2008,45.3237410071943,4,38.8731355341259
"orng-07",19,2009,45.3237410071943,4,38.6003537595456
"orng-07",19,2010,45.3237410071943,4,38.4614648706567
"orng-07",19,2011,45.3237410071943,4,39.0170204262122
"orng-07",19,2012,45.3237410071943,4,39.1559093151011
"orng-07",19,2013,45.3237410071943,4,38.4614648706567
"orng-07",19,2014,43.8848920863309,4,38.0298101943977
"orng-07",19,2015,43.1654676258993,4,37.7470364134225
"orng-07",19,2016,43.1654676258993,4,37.8909213055088
"orng-07",19,2017,42.4460431654676,4,38.0248141912002
"orng-07",19,2018,43.884892086331,4,38.7442386516319
"orng-07",19,2019,49.6402877697842,4,39.6175400105448
"orng-07",19,2020,49.6402877697842,4,47.5608024218923
"orng-07",19,2021,49.6402877697842,4,52.0909442658639
"orng-07",19,2022,41.726618705036,4,50.6421033386057
"orng-07",19,2023,42.4460431654677,4,48.658328656224
"orng-07",19,2024,42.4460431654677,4,45.6914255829379
"orng-07",19,2025,41.726618705036,4,42.4278874772523
"orng-07",20,1999,12.7659574468085,4,39.6035797501816
"orng-07",20,2000,12.7659574468085,4,39.3258019724038
"orng-07",20,2001,12.7659574468085,4,40.0202464168483
"orng-07",20,2002,12.7659574468085,4,40.1541393025397
"orng-07",20,2003,12.7659574468085,4,40.0152504136508
"orng-07",20,2004,12.7659574468085,4,38.7452664008611
"orng-07",20,2005,12.7659574468085,4,38.6013815087747
"orng-07",20,2006,12.7659574468085,4,38.8741632833551
"orng-07",20,2007,12.7659574468085,4,38.8781315373233
"orng-07",20,2008,12.7659574468085,4,38.8731355341259
"orng-07",20,2009,12.7659574468085,4,38.6003537595456
"orng-07",20,2010,12.7659574468085,4,38.4614648706567
"orng-07",20,2011,12.7659574468085,4,39.0170204262122
"orng-07",20,2012,12.7659574468085,4,39.1559093151011
"orng-07",20,2013,12.7659574468085,4,38.4614648706567
"orng-07",20,2014,12.7659574468085,4,38.0298101943977
"orng-07",20,2015,12.7659574468085,4,37.7470364134225
"orng-07",20,2016,12.7659574468085,4,37.8909213055088
"orng-07",20,2017,12.7659574468085,4,38.0248141912002
"orng-07",20,2018,12.7659574468085,4,38.7442386516319
"orng-07",20,2019,12.7659574468085,4,39.6175400105448
"orng-07",20,2020,52.4822695035461,4,47.5608024218923
"orng-07",20,2021,73.0496453900709,4,52.0909442658639
"orng-07",20,2022,73.0496453900709,4,50.6421033386057
"orng-07",20,2023,62.4113475177305,4,48.658328656224
"orng-07",20,2024,50.354609929078,4,45.6914255829379
"orng-07",20,2025,36.1702127659575,4,42.4278874772523
"orng-08",1,1999,3.57142857142857,1,27.1414570207188
"orng-08",1,2000,3.57142857142857,1,27.1414570207188
"orng-08",1,2001,3.57142857142857,1,28.2977493781372
"orng-08",1,2002,3.57142857142857,1,29.3091141993238
"orng-08",1,2003,3.57142857142857,1,29.4519713421809
"orng-08",1,2004,3.57142857142857,1,29.4519713421809
"orng-08",1,2005,3.57142857142857,1,29.3091141993238
"orng-08",1,2006,3.57142857142857,1,29.3091141993238
"orng-08",1,2007,3.57142857142857,1,29.0203017710056
"orng-08",1,2008,3.57142857142857,1,29.0203017710056
"orng-08",1,2009,3.57142857142857,1,29.0203017710056
"orng-08",1,2010,3.57142857142857,1,29.0203017710056
"orng-08",1,2011,3.57142857142857,1,29.0203017710056
"orng-08",1,2012,3.57142857142857,1,29.0203017710056
"orng-08",1,2013,3.57142857142857,1,29.0203017710056
"orng-08",1,2014,3.57142857142857,1,29.7314893426873
"orng-08",1,2015,3.57142857142857,1,29.7314893426873
"orng-08",1,2016,3.57142857142857,1,29.7314893426873
"orng-08",1,2017,3.57142857142857,1,29.5886321998302
"orng-08",1,2018,3.57142857142857,1,33.0543813396488
"orng-08",1,2019,3.57142857142857,1,35.7986207307446
"orng-08",1,2020,3.57142857142857,1,35.7986207307446
"orng-08",1,2021,3.57142857142857,1,35.5098083024264
"orng-08",1,2022,3.57142857142857,1,35.2209958741082
"orng-08",1,2023,3.57142857142857,1,35.2209958741082
"orng-08",1,2024,3.57142857142857,1,33.7769337325171
"orng-08",1,2025,3.57142857142857,1,32.332871590926
"orng-08",2,1999,31.8840579710145,1,27.1414570207188
"orng-08",2,2000,31.8840579710145,1,27.1414570207188
"orng-08",2,2001,35.5072463768116,1,28.2977493781372
"orng-08",2,2002,38.4057971014493,1,29.3091141993238
"orng-08",2,2003,38.4057971014493,1,29.4519713421809
"orng-08",2,2004,38.4057971014493,1,29.4519713421809
"orng-08",2,2005,38.4057971014493,1,29.3091141993238
"orng-08",2,2006,38.4057971014493,1,29.3091141993238
"orng-08",2,2007,37.6811594202899,1,29.0203017710056
"orng-08",2,2008,37.6811594202899,1,29.0203017710056
"orng-08",2,2009,37.6811594202899,1,29.0203017710056
"orng-08",2,2010,37.6811594202899,1,29.0203017710056
"orng-08",2,2011,37.6811594202899,1,29.0203017710056
"orng-08",2,2012,37.6811594202899,1,29.0203017710056
"orng-08",2,2013,37.6811594202899,1,29.0203017710056
"orng-08",2,2014,36.9565217391304,1,29.7314893426873
"orng-08",2,2015,36.9565217391304,1,29.7314893426873
"orng-08",2,2016,36.9565217391304,1,29.7314893426873
"orng-08",2,2017,36.9565217391304,1,29.5886321998302
"orng-08",2,2018,45.6521739130434,1,33.0543813396488
"orng-08",2,2019,52.8985507246377,1,35.7986207307446
"orng-08",2,2020,52.8985507246377,1,35.7986207307446
"orng-08",2,2021,52.1739130434783,1,35.5098083024264
"orng-08",2,2022,51.4492753623189,1,35.2209958741082
"orng-08",2,2023,51.4492753623189,1,35.2209958741082
"orng-08",2,2024,47.8260869565218,1,33.7769337325171
"orng-08",2,2025,44.2028985507247,1,32.332871590926
"orng-08",3,1999,35.2517985611511,1,27.1414570207188
"orng-08",3,2000,35.2517985611511,1,27.1414570207188
"orng-08",3,2001,37.410071942446,1,28.2977493781372
"orng-08",3,2002,39.568345323741,1,29.3091141993238
"orng-08",3,2003,39.568345323741,1,29.4519713421809
"orng-08",3,2004,39.568345323741,1,29.4519713421809
"orng-08",3,2005,39.568345323741,1,29.3091141993238
"orng-08",3,2006,39.568345323741,1,29.3091141993238
"orng-08",3,2007,38.8489208633094,1,29.0203017710056
"orng-08",3,2008,38.8489208633094,1,29.0203017710056
"orng-08",3,2009,38.8489208633094,1,29.0203017710056
"orng-08",3,2010,38.8489208633094,1,29.0203017710056
"orng-08",3,2011,38.8489208633094,1,29.0203017710056
"orng-08",3,2012,38.8489208633094,1,29.0203017710056
"orng-08",3,2013,38.8489208633094,1,29.0203017710056
"orng-08",3,2014,38.1294964028777,1,29.7314893426873
"orng-08",3,2015,38.1294964028777,1,29.7314893426873
"orng-08",3,2016,38.1294964028777,1,29.7314893426873
"orng-08",3,2017,38.1294964028777,1,29.5886321998302
"orng-08",3,2018,46.7625899280576,1,33.0543813396488
"orng-08",3,2019,53.2374100719425,1,35.7986207307446
"orng-08",3,2020,53.2374100719425,1,35.7986207307446
"orng-08",3,2021,52.5179856115108,1,35.5098083024264
"orng-08",3,2022,51.7985611510792,1,35.2209958741082
"orng-08",3,2023,51.7985611510792,1,35.2209958741082
"orng-08",3,2024,48.2014388489209,1,33.7769337325171
"orng-08",3,2025,44.6043165467626,1,32.332871590926
"orng-08",4,1999,20.7142857142857,1,27.1414570207188
"orng-08",4,2000,20.7142857142857,1,27.1414570207188
"orng-08",4,2001,20.7142857142857,1,28.2977493781372
"orng-08",4,2002,20.7142857142857,1,29.3091141993238
"orng-08",4,2003,21.4285714285714,1,29.4519713421809
"orng-08",4,2004,21.4285714285714,1,29.4519713421809
"orng-08",4,2005,20.7142857142857,1,29.3091141993238
"orng-08",4,2006,20.7142857142857,1,29.3091141993238
"orng-08",4,2007,20.7142857142857,1,29.0203017710056
"orng-08",4,2008,20.7142857142857,1,29.0203017710056
"orng-08",4,2009,20.7142857142857,1,29.0203017710056
"orng-08",4,2010,20.7142857142857,1,29.0203017710056
"orng-08",4,2011,20.7142857142857,1,29.0203017710056
"orng-08",4,2012,20.7142857142857,1,29.0203017710056
"orng-08",4,2013,20.7142857142857,1,29.0203017710056
"orng-08",4,2014,20.7142857142857,1,29.7314893426873
"orng-08",4,2015,20.7142857142857,1,29.7314893426873
"orng-08",4,2016,20.7142857142857,1,29.7314893426873
"orng-08",4,2017,20.7142857142857,1,29.5886321998302
"orng-08",4,2018,20.7142857142857,1,33.0543813396488
"orng-08",4,2019,20.7142857142857,1,35.7986207307446
"orng-08",4,2020,20.7142857142857,1,35.7986207307446
"orng-08",4,2021,20.7142857142857,1,35.5098083024264
"orng-08",4,2022,20.7142857142857,1,35.2209958741082
"orng-08",4,2023,20.7142857142857,1,35.2209958741082
"orng-08",4,2024,20.7142857142857,1,33.7769337325171
"orng-08",4,2025,20.7142857142857,1,32.332871590926
"orng-08",5,1999,44.2857142857143,1,27.1414570207188
"orng-08",5,2000,44.2857142857143,1,27.1414570207188
"orng-08",5,2001,44.2857142857143,1,28.2977493781372
"orng-08",5,2002,44.2857142857143,1,29.3091141993238
"orng-08",5,2003,44.2857142857143,1,29.4519713421809
"orng-08",5,2004,44.2857142857143,1,29.4519713421809
"orng-08",5,2005,44.2857142857143,1,29.3091141993238
"orng-08",5,2006,44.2857142857143,1,29.3091141993238
"orng-08",5,2007,44.2857142857143,1,29.0203017710056
"orng-08",5,2008,44.2857142857143,1,29.0203017710056
"orng-08",5,2009,44.2857142857143,1,29.0203017710056
"orng-08",5,2010,44.2857142857143,1,29.0203017710056
"orng-08",5,2011,44.2857142857143,1,29.0203017710056
"orng-08",5,2012,44.2857142857143,1,29.0203017710056
"orng-08",5,2013,44.2857142857143,1,29.0203017710056
"orng-08",5,2014,49.2857142857143,1,29.7314893426873
"orng-08",5,2015,49.2857142857143,1,29.7314893426873
"orng-08",5,2016,49.2857142857143,1,29.7314893426873
"orng-08",5,2017,48.5714285714286,1,29.5886321998302
"orng-08",5,2018,48.5714285714286,1,33.0543813396488
"orng-08",5,2019,48.5714285714286,1,35.7986207307446
"orng-08",5,2020,48.5714285714286,1,35.7986207307446
"orng-08",5,2021,48.5714285714286,1,35.5098083024264
"orng-08",5,2022,48.5714285714286,1,35.2209958741082
"orng-08",5,2023,48.5714285714286,1,35.2209958741082
"orng-08",5,2024,48.5714285714286,1,33.7769337325171
"orng-08",5,2025,48.5714285714286,1,32.332871590926
"orng-08",6,1999,25.7142857142857,2,27.5594606645858
"orng-08",6,2000,25,2,27.5594606645858
"orng-08",6,2001,24.2857142857143,2,27.4166035217287
"orng-08",6,2002,23.5714285714286,2,26.8451603722969
"orng-08",6,2003,23.5714285714286,2,26.8451603722969
"orng-08",6,2004,23.5714285714286,2,26.7023032294397
"orng-08",6,2005,23.5714285714286,2,26.4155611944963
"orng-08",6,2006,23.5714285714286,2,27.1401988756557
"orng-08",6,2007,22.1428571428571,2,26.8544845899414
"orng-08",6,2008,22.1428571428571,2,26.8544845899414
"orng-08",6,2009,22.1428571428571,2,26.8544845899414
"orng-08",6,2010,22.1428571428571,2,26.8544845899414
"orng-08",6,2011,22.1428571428571,2,26.8544845899414
"orng-08",6,2012,22.1428571428571,2,26.7116274470842
"orng-08",6,2013,29.2857142857143,2,27.9973417327985
"orng-08",6,2014,28.5714285714286,2,27.5677130820783
"orng-08",6,2015,28.5714285714286,2,27.7095570537095
"orng-08",6,2016,27.8571428571429,2,27.5666999108523
"orng-08",6,2017,24.2857142857143,2,26.5687262533042
"orng-08",6,2018,21.4285714285714,2,25.8534127897893
"orng-08",6,2019,20,2,25.5717803449853
"orng-08",6,2020,20,2,26.0044776653898
"orng-08",6,2021,20,2,28.0355335660109
"orng-08",6,2022,19.2857142857143,2,27.8926764231538
"orng-08",6,2023,19.2857142857143,2,26.1515050679161
"orng-08",6,2024,20,2,25.8605927733035
"orng-08",6,2025,21.4285714285714,2,26.0013795227859
"orng-08",7,1999,5.03597122302158,2,27.5594606645858
"orng-08",7,2000,5.03597122302158,2,27.5594606645858
"orng-08",7,2001,5.03597122302158,2,27.4166035217287
"orng-08",7,2002,4.31654676258993,2,26.8451603722969
"orng-08",7,2003,4.31654676258993,2,26.8451603722969
"orng-08",7,2004,4.31654676258993,2,26.7023032294397
"orng-08",7,2005,3.59712230215827,2,26.4155611944963
"orng-08",7,2006,3.59712230215827,2,27.1401988756557
"orng-08",7,2007,3.59712230215827,2,26.8544845899414
"orng-08",7,2008,3.59712230215827,2,26.8544845899414
"orng-08",7,2009,3.59712230215827,2,26.8544845899414
"orng-08",7,2010,3.59712230215827,2,26.8544845899414
"orng-08",7,2011,3.59712230215827,2,26.8544845899414
"orng-08",7,2012,3.59712230215827,2,26.7116274470842
"orng-08",7,2013,3.59712230215827,2,27.9973417327985
"orng-08",7,2014,3.59712230215827,2,27.5677130820783
"orng-08",7,2015,3.59712230215827,2,27.7095570537095
"orng-08",7,2016,3.59712230215827,2,27.5666999108523
"orng-08",7,2017,3.59712230215827,2,26.5687262533042
"orng-08",7,2018,2.87769784172662,2,25.8534127897893
"orng-08",7,2019,4.31654676258993,2,25.5717803449853
"orng-08",7,2020,5.75539568345324,2,26.0044776653898
"orng-08",7,2021,5.75539568345324,2,28.0355335660109
"orng-08",7,2022,5.75539568345324,2,27.8926764231538
"orng-08",7,2023,5.03597122302158,2,26.1515050679161
"orng-08",7,2024,5.03597122302158,2,25.8605927733035
"orng-08",7,2025,5.03597122302158,2,26.0013795227859
"orng-08",8,1999,49.645390070922,2,27.5594606645858
"orng-08",8,2000,49.645390070922,2,27.5594606645858
"orng-08",8,2001,49.645390070922,2,27.4166035217287
"orng-08",8,2002,48.936170212766,2,26.8451603722969
"orng-08",8,2003,48.936170212766,2,26.8451603722969
"orng-08",8,2004,48.936170212766,2,26.7023032294397
"orng-08",8,2005,48.936170212766,2,26.4155611944963
"orng-08",8,2006,48.936170212766,2,27.1401988756557
"orng-08",8,2007,48.936170212766,2,26.8544845899414
"orng-08",8,2008,48.936170212766,2,26.8544845899414
"orng-08",8,2009,48.936170212766,2,26.8544845899414
"orng-08",8,2010,48.936170212766,2,26.8544845899414
"orng-08",8,2011,48.936170212766,2,26.8544845899414
"orng-08",8,2012,48.936170212766,2,26.7116274470842
"orng-08",8,2013,48.936170212766,2,27.9973417327985
"orng-08",8,2014,48.2269503546099,2,27.5677130820783
"orng-08",8,2015,48.936170212766,2,27.7095570537095
"orng-08",8,2016,48.936170212766,2,27.5666999108523
"orng-08",8,2017,47.5177304964539,2,26.5687262533042
"orng-08",8,2018,47.5177304964539,2,25.8534127897893
"orng-08",8,2019,46.0992907801418,2,25.5717803449853
"orng-08",8,2020,46.0992907801418,2,26.0044776653898
"orng-08",8,2021,46.0992907801418,2,28.0355335660109
"orng-08",8,2022,46.0992907801418,2,27.8926764231538
"orng-08",8,2023,46.8085106382979,2,26.1515050679161
"orng-08",8,2024,46.0992907801418,2,25.8605927733035
"orng-08",8,2025,46.0992907801418,2,26.0013795227859
"orng-08",9,1999,18.1159420289855,2,27.5594606645858
"orng-08",9,2000,18.1159420289855,2,27.5594606645858
"orng-08",9,2001,18.1159420289855,2,27.4166035217287
"orng-08",9,2002,18.1159420289855,2,26.8451603722969
"orng-08",9,2003,18.1159420289855,2,26.8451603722969
"orng-08",9,2004,18.1159420289855,2,26.7023032294397
"orng-08",9,2005,18.1159420289855,2,26.4155611944963
"orng-08",9,2006,21.7391304347826,2,27.1401988756557
"orng-08",9,2007,21.7391304347826,2,26.8544845899414
"orng-08",9,2008,21.7391304347826,2,26.8544845899414
"orng-08",9,2009,21.7391304347826,2,26.8544845899414
"orng-08",9,2010,21.7391304347826,2,26.8544845899414
"orng-08",9,2011,21.7391304347826,2,26.8544845899414
"orng-08",9,2012,21.7391304347826,2,26.7116274470842
"orng-08",9,2013,21.7391304347826,2,27.9973417327985
"orng-08",9,2014,21.0144927536232,2,27.5677130820783
"orng-08",9,2015,21.0144927536232,2,27.7095570537095
"orng-08",9,2016,21.0144927536232,2,27.5666999108523
"orng-08",9,2017,21.0144927536232,2,26.5687262533042
"orng-08",9,2018,21.0144927536232,2,25.8534127897893
"orng-08",9,2019,21.0144927536232,2,25.5717803449853
"orng-08",9,2020,21.7391304347826,2,26.0044776653898
"orng-08",9,2021,32.6086956521739,2,28.0355335660109
"orng-08",9,2022,32.6086956521739,2,27.8926764231538
"orng-08",9,2023,23.9130434782609,2,26.1515050679161
"orng-08",9,2024,21.7391304347826,2,25.8605927733035
"orng-08",9,2025,21.0144927536232,2,26.0013795227859
"orng-08",10,1999,39.2857142857143,2,27.5594606645858
"orng-08",10,2000,40,2,27.5594606645858
"orng-08",10,2001,40,2,27.4166035217287
"orng-08",10,2002,39.2857142857143,2,26.8451603722969
"orng-08",10,2003,39.2857142857143,2,26.8451603722969
"orng-08",10,2004,38.5714285714286,2,26.7023032294397
"orng-08",10,2005,37.8571428571429,2,26.4155611944963
"orng-08",10,2006,37.8571428571429,2,27.1401988756557
"orng-08",10,2007,37.8571428571429,2,26.8544845899414
"orng-08",10,2008,37.8571428571429,2,26.8544845899414
"orng-08",10,2009,37.8571428571429,2,26.8544845899414
"orng-08",10,2010,37.8571428571429,2,26.8544845899414
"orng-08",10,2011,37.8571428571429,2,26.8544845899414
"orng-08",10,2012,37.1428571428571,2,26.7116274470842
"orng-08",10,2013,36.4285714285714,2,27.9973417327985
"orng-08",10,2014,36.4285714285714,2,27.5677130820783
"orng-08",10,2015,36.4285714285714,2,27.7095570537095
"orng-08",10,2016,36.4285714285714,2,27.5666999108523
"orng-08",10,2017,36.4285714285714,2,26.5687262533042
"orng-08",10,2018,36.4285714285714,2,25.8534127897893
"orng-08",10,2019,36.4285714285714,2,25.5717803449853
"orng-08",10,2020,36.4285714285714,2,26.0044776653898
"orng-08",10,2021,35.7142857142857,2,28.0355335660109
"orng-08",10,2022,35.7142857142857,2,27.8926764231538
"orng-08",10,2023,35.7142857142857,2,26.1515050679161
"orng-08",10,2024,36.4285714285714,2,25.8605927733035
"orng-08",10,2025,36.4285714285714,2,26.0013795227859
"orng-08",11,1999,12.1428571428571,3,13.0267214799589
"orng-08",11,2000,12.1428571428571,3,13.3144912641315
"orng-08",11,2001,10,3,12.8859198355601
"orng-08",11,2002,10,3,12.5981500513875
"orng-08",11,2003,10,3,12.5981500513875
"orng-08",11,2004,10,3,12.5981500513875
"orng-08",11,2005,10,3,12.5981500513875
"orng-08",11,2006,10,3,19.0267214799589
"orng-08",11,2007,9.28571428571429,3,18.8838643371017
"orng-08",11,2008,9.28571428571429,3,18.8838643371017
"orng-08",11,2009,9.28571428571429,3,14.3124357656732
"orng-08",11,2010,9.28571428571429,3,12.8838643371018
"orng-08",11,2011,9.28571428571429,3,12.7410071942446
"orng-08",11,2012,9.28571428571429,3,12.7420349434738
"orng-08",11,2013,9.28571428571429,3,12.8859198355601
"orng-08",11,2014,9.28571428571429,3,12.8859198355601
"orng-08",11,2015,9.28571428571429,3,13.1736896197328
"orng-08",11,2016,9.28571428571429,3,13.1736896197328
"orng-08",11,2017,9.28571428571429,3,13.1736896197328
"orng-08",11,2018,9.28571428571429,3,13.1736896197328
"orng-08",11,2019,9.28571428571429,3,13.1736896197328
"orng-08",11,2020,9.28571428571429,3,14.032887975334
"orng-08",11,2021,9.28571428571429,3,15.6032887975334
"orng-08",11,2022,9.28571428571429,3,15.6032887975334
"orng-08",11,2023,9.28571428571429,3,15.6032887975334
"orng-08",11,2024,9.28571428571429,3,15.6032887975334
"orng-08",11,2025,9.28571428571429,3,19.0318602261048
"orng-08",12,1999,18.5714285714285,3,13.0267214799589
"orng-08",12,2000,18.5714285714285,3,13.3144912641315
"orng-08",12,2001,18.5714285714285,3,12.8859198355601
"orng-08",12,2002,18.5714285714286,3,12.5981500513875
"orng-08",12,2003,18.5714285714286,3,12.5981500513875
"orng-08",12,2004,18.5714285714286,3,12.5981500513875
"orng-08",12,2005,18.5714285714286,3,12.5981500513875
"orng-08",12,2006,50.7142857142857,3,19.0267214799589
"orng-08",12,2007,50.7142857142857,3,18.8838643371017
"orng-08",12,2008,50.7142857142857,3,18.8838643371017
"orng-08",12,2009,27.8571428571429,3,14.3124357656732
"orng-08",12,2010,20,3,12.8838643371018
"orng-08",12,2011,19.2857142857143,3,12.7410071942446
"orng-08",12,2012,18.5714285714286,3,12.7420349434738
"orng-08",12,2013,18.5714285714286,3,12.8859198355601
"orng-08",12,2014,18.5714285714286,3,12.8859198355601
"orng-08",12,2015,18.5714285714286,3,13.1736896197328
"orng-08",12,2016,18.5714285714286,3,13.1736896197328
"orng-08",12,2017,18.5714285714286,3,13.1736896197328
"orng-08",12,2018,18.5714285714286,3,13.1736896197328
"orng-08",12,2019,18.5714285714286,3,13.1736896197328
"orng-08",12,2020,18.5714285714286,3,14.032887975334
"orng-08",12,2021,18.5714285714286,3,15.6032887975334
"orng-08",12,2022,18.5714285714286,3,15.6032887975334
"orng-08",12,2023,18.5714285714286,3,15.6032887975334
"orng-08",12,2024,18.5714285714286,3,15.6032887975334
"orng-08",12,2025,22.1428571428572,3,19.0318602261048
"orng-08",13,1999,7.85714285714286,3,13.0267214799589
"orng-08",13,2000,7.85714285714286,3,13.3144912641315
"orng-08",13,2001,7.85714285714286,3,12.8859198355601
"orng-08",13,2002,7.85714285714286,3,12.5981500513875
"orng-08",13,2003,7.85714285714286,3,12.5981500513875
"orng-08",13,2004,7.85714285714286,3,12.5981500513875
"orng-08",13,2005,7.85714285714286,3,12.5981500513875
"orng-08",13,2006,7.85714285714286,3,19.0267214799589
"orng-08",13,2007,7.85714285714286,3,18.8838643371017
"orng-08",13,2008,7.85714285714286,3,18.8838643371017
"orng-08",13,2009,7.85714285714286,3,14.3124357656732
"orng-08",13,2010,7.85714285714286,3,12.8838643371018
"orng-08",13,2011,7.85714285714286,3,12.7410071942446
"orng-08",13,2012,7.85714285714286,3,12.7420349434738
"orng-08",13,2013,7.85714285714286,3,12.8859198355601
"orng-08",13,2014,7.85714285714286,3,12.8859198355601
"orng-08",13,2015,7.85714285714286,3,13.1736896197328
"orng-08",13,2016,7.85714285714286,3,13.1736896197328
"orng-08",13,2017,7.85714285714286,3,13.1736896197328
"orng-08",13,2018,7.85714285714286,3,13.1736896197328
"orng-08",13,2019,7.85714285714286,3,13.1736896197328
"orng-08",13,2020,7.85714285714286,3,14.032887975334
"orng-08",13,2021,7.85714285714286,3,15.6032887975334
"orng-08",13,2022,7.85714285714286,3,15.6032887975334
"orng-08",13,2023,7.85714285714286,3,15.6032887975334
"orng-08",13,2024,7.85714285714286,3,15.6032887975334
"orng-08",13,2025,22.1428571428572,3,19.0318602261048
"orng-08",14,1999,7.85714285714286,3,13.0267214799589
"orng-08",14,2000,7.85714285714286,3,13.3144912641315
"orng-08",14,2001,7.85714285714286,3,12.8859198355601
"orng-08",14,2002,7.85714285714286,3,12.5981500513875
"orng-08",14,2003,7.85714285714286,3,12.5981500513875
"orng-08",14,2004,7.85714285714286,3,12.5981500513875
"orng-08",14,2005,7.85714285714286,3,12.5981500513875
"orng-08",14,2006,7.85714285714286,3,19.0267214799589
"orng-08",14,2007,7.85714285714286,3,18.8838643371017
"orng-08",14,2008,7.85714285714286,3,18.8838643371017
"orng-08",14,2009,7.85714285714286,3,14.3124357656732
"orng-08",14,2010,8.57142857142857,3,12.8838643371018
"orng-08",14,2011,8.57142857142857,3,12.7410071942446
"orng-08",14,2012,8.57142857142857,3,12.7420349434738
"orng-08",14,2013,8.57142857142857,3,12.8859198355601
"orng-08",14,2014,8.57142857142857,3,12.8859198355601
"orng-08",14,2015,8.57142857142857,3,13.1736896197328
"orng-08",14,2016,8.57142857142857,3,13.1736896197328
"orng-08",14,2017,8.57142857142857,3,13.1736896197328
"orng-08",14,2018,8.57142857142857,3,13.1736896197328
"orng-08",14,2019,8.57142857142857,3,13.1736896197328
"orng-08",14,2020,11.4285714285714,3,14.032887975334
"orng-08",14,2021,20,3,15.6032887975334
"orng-08",14,2022,20,3,15.6032887975334
"orng-08",14,2023,20,3,15.6032887975334
"orng-08",14,2024,20,3,15.6032887975334
"orng-08",14,2025,19.2857142857143,3,19.0318602261048
"orng-08",15,1999,18.705035971223,3,13.0267214799589
"orng-08",15,2000,20.1438848920863,3,13.3144912641315
"orng-08",15,2001,20.1438848920863,3,12.8859198355601
"orng-08",15,2002,18.705035971223,3,12.5981500513875
"orng-08",15,2003,18.705035971223,3,12.5981500513875
"orng-08",15,2004,18.705035971223,3,12.5981500513875
"orng-08",15,2005,18.705035971223,3,12.5981500513875
"orng-08",15,2006,18.705035971223,3,19.0267214799589
"orng-08",15,2007,18.705035971223,3,18.8838643371017
"orng-08",15,2008,18.705035971223,3,18.8838643371017
"orng-08",15,2009,18.705035971223,3,14.3124357656732
"orng-08",15,2010,18.705035971223,3,12.8838643371018
"orng-08",15,2011,18.705035971223,3,12.7410071942446
"orng-08",15,2012,19.4244604316547,3,12.7420349434738
"orng-08",15,2013,20.1438848920863,3,12.8859198355601
"orng-08",15,2014,20.1438848920863,3,12.8859198355601
"orng-08",15,2015,21.5827338129496,3,13.1736896197328
"orng-08",15,2016,21.5827338129496,3,13.1736896197328
"orng-08",15,2017,21.5827338129496,3,13.1736896197328
"orng-08",15,2018,21.5827338129496,3,13.1736896197328
"orng-08",15,2019,21.5827338129496,3,13.1736896197328
"orng-08",15,2020,23.021582733813,3,14.032887975334
"orng-08",15,2021,22.3021582733813,3,15.6032887975334
"orng-08",15,2022,22.3021582733813,3,15.6032887975334
"orng-08",15,2023,22.3021582733813,3,15.6032887975334
"orng-08",15,2024,22.3021582733813,3,15.6032887975334
"orng-08",15,2025,22.3021582733813,3,19.0318602261048
"orng-08",16,1999,30.4964539007092,4,43.7334120545509
"orng-08",16,2000,31.2056737588653,4,43.5885139912386
"orng-08",16,2001,31.9148936170213,4,46.5905840677002
"orng-08",16,2002,31.9148936170213,4,47.4487546740723
"orng-08",16,2003,31.9148936170213,4,47.3058975312151
"orng-08",16,2004,32.6241134751773,4,46.0191700742749
"orng-08",16,2005,31.9148936170213,4,45.3058975312151
"orng-08",16,2006,31.2056737588653,4,45.1640535595839
"orng-08",16,2007,31.2056737588653,4,45.1640535595839
"orng-08",16,2008,30.4964539007093,4,45.0211818387236
"orng-08",16,2009,31.9148936170213,4,45.1620126391288
"orng-08",16,2010,33.3333333333333,4,45.7334703665639
"orng-08",16,2011,32.6241134751773,4,45.4477415028463
"orng-08",16,2012,32.6241134751773,4,45.4477415028463
"orng-08",16,2013,31.9148936170213,4,45.163040388358
"orng-08",16,2014,31.9148936170213,4,45.3058975312151
"orng-08",16,2015,31.9148936170213,4,45.0201832455009
"orng-08",16,2016,31.2056737588653,4,44.8783392738697
"orng-08",16,2017,31.2056737588653,4,44.8783392738697
"orng-08",16,2018,31.2056737588653,4,44.8783392738697
"orng-08",16,2019,31.2056737588653,4,44.8793670230989
"orng-08",16,2020,31.2056737588653,4,46.1650813088131
"orng-08",16,2021,31.2056737588653,4,46.3079384516703
"orng-08",16,2022,31.2056737588653,4,46.4518233437566
"orng-08",16,2023,31.2056737588653,4,45.1661090580423
"orng-08",16,2024,31.2056737588653,4,45.0232519151852
"orng-08",16,2025,31.2056737588653,4,44.5946804866137
"orng-08",17,1999,34.2857142857143,4,43.7334120545509
"orng-08",17,2000,34.2857142857143,4,43.5885139912386
"orng-08",17,2001,46.4285714285714,4,46.5905840677002
"orng-08",17,2002,49.2857142857143,4,47.4487546740723
"orng-08",17,2003,48.5714285714286,4,47.3058975312151
"orng-08",17,2004,41.4285714285715,4,46.0191700742749
"orng-08",17,2005,38.5714285714286,4,45.3058975312151
"orng-08",17,2006,38.5714285714286,4,45.1640535595839
"orng-08",17,2007,38.5714285714286,4,45.1640535595839
"orng-08",17,2008,38.5714285714286,4,45.0211818387236
"orng-08",17,2009,38.5714285714286,4,45.1620126391288
"orng-08",17,2010,38.5714285714286,4,45.7334703665639
"orng-08",17,2011,38.5714285714286,4,45.4477415028463
"orng-08",17,2012,38.5714285714286,4,45.4477415028463
"orng-08",17,2013,38.5714285714286,4,45.163040388358
"orng-08",17,2014,38.5714285714286,4,45.3058975312151
"orng-08",17,2015,38.5714285714286,4,45.0201832455009
"orng-08",17,2016,38.5714285714286,4,44.8783392738697
"orng-08",17,2017,38.5714285714286,4,44.8783392738697
"orng-08",17,2018,38.5714285714286,4,44.8783392738697
"orng-08",17,2019,38.5714285714286,4,44.8793670230989
"orng-08",17,2020,45,4,46.1650813088131
"orng-08",17,2021,45,4,46.3079384516703
"orng-08",17,2022,45,4,46.4518233437566
"orng-08",17,2023,38.5714285714286,4,45.1661090580423
"orng-08",17,2024,38.5714285714286,4,45.0232519151852
"orng-08",17,2025,38.5714285714286,4,44.5946804866137
"orng-08",18,1999,43.8848920863309,4,43.7334120545509
"orng-08",18,2000,43.1654676258993,4,43.5885139912386
"orng-08",18,2001,45.3237410071942,4,46.5905840677002
"orng-08",18,2002,46.0431654676259,4,47.4487546740723
"orng-08",18,2003,46.0431654676259,4,47.3058975312151
"orng-08",18,2004,46.0431654676259,4,46.0191700742749
"orng-08",18,2005,46.0431654676259,4,45.3058975312151
"orng-08",18,2006,46.0431654676259,4,45.1640535595839
"orng-08",18,2007,46.0431654676259,4,45.1640535595839
"orng-08",18,2008,45.3237410071943,4,45.0211818387236
"orng-08",18,2009,45.3237410071943,4,45.1620126391288
"orng-08",18,2010,46.7625899280576,4,45.7334703665639
"orng-08",18,2011,46.0431654676259,4,45.4477415028463
"orng-08",18,2012,46.0431654676259,4,45.4477415028463
"orng-08",18,2013,46.0431654676259,4,45.163040388358
"orng-08",18,2014,46.0431654676259,4,45.3058975312151
"orng-08",18,2015,46.0431654676259,4,45.0201832455009
"orng-08",18,2016,46.0431654676259,4,44.8783392738697
"orng-08",18,2017,46.0431654676259,4,44.8783392738697
"orng-08",18,2018,46.0431654676259,4,44.8783392738697
"orng-08",18,2019,46.7625899280576,4,44.8793670230989
"orng-08",18,2020,46.7625899280576,4,46.1650813088131
"orng-08",18,2021,46.7625899280576,4,46.3079384516703
"orng-08",18,2022,47.4820143884892,4,46.4518233437566
"orng-08",18,2023,47.4820143884892,4,45.1661090580423
"orng-08",18,2024,47.4820143884892,4,45.0232519151852
"orng-08",18,2025,47.4820143884892,4,44.5946804866137
"orng-08",19,1999,62.1428571428571,4,43.7334120545509
"orng-08",19,2000,62.1428571428571,4,43.5885139912386
"orng-08",19,2001,62.1428571428571,4,46.5905840677002
"orng-08",19,2002,62.1428571428571,4,47.4487546740723
"orng-08",19,2003,62.1428571428571,4,47.3058975312151
"orng-08",19,2004,62.1428571428571,4,46.0191700742749
"orng-08",19,2005,62.1428571428571,4,45.3058975312151
"orng-08",19,2006,62.1428571428571,4,45.1640535595839
"orng-08",19,2007,62.1428571428571,4,45.1640535595839
"orng-08",19,2008,62.1428571428571,4,45.0211818387236
"orng-08",19,2009,62.1428571428571,4,45.1620126391288
"orng-08",19,2010,62.1428571428571,4,45.7334703665639
"orng-08",19,2011,62.1428571428571,4,45.4477415028463
"orng-08",19,2012,62.1428571428571,4,45.4477415028463
"orng-08",19,2013,62.1428571428571,4,45.163040388358
"orng-08",19,2014,62.1428571428571,4,45.3058975312151
"orng-08",19,2015,62.1428571428571,4,45.0201832455009
"orng-08",19,2016,62.1428571428571,4,44.8783392738697
"orng-08",19,2017,61.4285714285714,4,44.8783392738697
"orng-08",19,2018,61.4285714285714,4,44.8783392738697
"orng-08",19,2019,61.4285714285714,4,44.8793670230989
"orng-08",19,2020,61.4285714285714,4,46.1650813088131
"orng-08",19,2021,61.4285714285714,4,46.3079384516703
"orng-08",19,2022,61.4285714285714,4,46.4518233437566
"orng-08",19,2023,61.4285714285714,4,45.1661090580423
"orng-08",19,2024,61.4285714285714,4,45.0232519151852
"orng-08",19,2025,61.4285714285714,4,44.5946804866137
"orng-08",20,1999,47.8571428571428,4,43.7334120545509
"orng-08",20,2000,47.1428571428571,4,43.5885139912386
"orng-08",20,2001,47.1428571428571,4,46.5905840677002
"orng-08",20,2002,47.8571428571428,4,47.4487546740723
"orng-08",20,2003,47.8571428571428,4,47.3058975312151
"orng-08",20,2004,47.8571428571428,4,46.0191700742749
"orng-08",20,2005,47.8571428571428,4,45.3058975312151
"orng-08",20,2006,47.8571428571428,4,45.1640535595839
"orng-08",20,2007,47.8571428571428,4,45.1640535595839
"orng-08",20,2008,48.5714285714286,4,45.0211818387236
"orng-08",20,2009,47.8571428571428,4,45.1620126391288
"orng-08",20,2010,47.8571428571428,4,45.7334703665639
"orng-08",20,2011,47.8571428571428,4,45.4477415028463
"orng-08",20,2012,47.8571428571428,4,45.4477415028463
"orng-08",20,2013,47.1428571428571,4,45.163040388358
"orng-08",20,2014,47.8571428571428,4,45.3058975312151
"orng-08",20,2015,46.4285714285714,4,45.0201832455009
"orng-08",20,2016,46.4285714285714,4,44.8783392738697
"orng-08",20,2017,47.1428571428571,4,44.8783392738697
"orng-08",20,2018,47.1428571428571,4,44.8783392738697
"orng-08",20,2019,46.4285714285714,4,44.8793670230989
"orng-08",20,2020,46.4285714285714,4,46.1650813088131
"orng-08",20,2021,47.1428571428571,4,46.3079384516703
"orng-08",20,2022,47.1428571428572,4,46.4518233437566
"orng-08",20,2023,47.1428571428572,4,45.1661090580423
"orng-08",20,2024,46.4285714285714,4,45.0232519151852
"orng-08",20,2025,44.2857142857143,4,44.5946804866137
"orng-09",1,1999,53.5714285714286,1,19.5274070158436
"orng-09",1,2000,53.5714285714286,1,19.5274070158436
"orng-09",1,2001,53.5714285714285,1,19.5274070158436
"orng-09",1,2002,53.5714285714285,1,19.5274070158436
"orng-09",1,2003,53.5714285714285,1,28.2744519331013
"orng-09",1,2004,53.5714285714285,1,28.2744519331013
"orng-09",1,2005,53.5714285714286,1,28.2744519331013
"orng-09",1,2006,53.5714285714286,1,24.2555394035505
"orng-09",1,2007,53.5714285714286,1,21.6550665903117
"orng-09",1,2008,53.5714285714286,1,20.7094401127704
"orng-09",1,2009,53.5714285714286,1,20.0002202546143
"orng-09",1,2010,53.5714285714286,1,19.763813635229
"orng-09",1,2011,53.5714285714286,1,22.6006930678531
"orng-09",1,2012,53.5714285714286,1,22.6006930678531
"orng-09",1,2013,53.5714285714286,1,22.6006930678531
"orng-09",1,2014,53.5714285714286,1,22.8370996872385
"orng-09",1,2015,53.5714285714286,1,22.6006930678531
"orng-09",1,2016,53.5714285714286,1,22.3642864484678
"orng-09",1,2017,53.5714285714286,1,22.1278798290824
"orng-09",1,2018,53.5714285714286,1,21.8914732096971
"orng-09",1,2019,53.5714285714286,1,21.4186599709264
"orng-09",1,2020,53.5714285714286,1,20.7094401127704
"orng-09",1,2021,53.5714285714286,1,20.7094401127704
"orng-09",1,2022,53.5714285714286,1,20.7094401127704
"orng-09",1,2023,53.5714285714286,1,20.7094401127704
"orng-09",1,2024,53.5714285714286,1,20.7094401127704
"orng-09",1,2025,53.5714285714286,1,20.7094401127704
"orng-09",2,1999,2.83687943262411,1,19.5274070158436
"orng-09",2,2000,2.83687943262411,1,19.5274070158436
"orng-09",2,2001,2.83687943262411,1,19.5274070158436
"orng-09",2,2002,2.83687943262411,1,19.5274070158436
"orng-09",2,2003,29.0780141843971,1,28.2744519331013
"orng-09",2,2004,29.0780141843971,1,28.2744519331013
"orng-09",2,2005,29.0780141843971,1,28.2744519331013
"orng-09",2,2006,17.0212765957446,1,24.2555394035505
"orng-09",2,2007,9.21985815602837,1,21.6550665903117
"orng-09",2,2008,6.38297872340425,1,20.7094401127704
"orng-09",2,2009,4.25531914893617,1,20.0002202546143
"orng-09",2,2010,3.54609929078014,1,19.763813635229
"orng-09",2,2011,12.0567375886525,1,22.6006930678531
"orng-09",2,2012,12.0567375886525,1,22.6006930678531
"orng-09",2,2013,12.0567375886525,1,22.6006930678531
"orng-09",2,2014,12.7659574468085,1,22.8370996872385
"orng-09",2,2015,12.0567375886525,1,22.6006930678531
"orng-09",2,2016,11.3475177304965,1,22.3642864484678
"orng-09",2,2017,10.6382978723404,1,22.1278798290824
"orng-09",2,2018,9.9290780141844,1,21.8914732096971
"orng-09",2,2019,8.51063829787235,1,21.4186599709264
"orng-09",2,2020,6.38297872340426,1,20.7094401127704
"orng-09",2,2021,6.38297872340426,1,20.7094401127704
"orng-09",2,2022,6.38297872340426,1,20.7094401127704
"orng-09",2,2023,6.38297872340426,1,20.7094401127704
"orng-09",2,2024,6.38297872340426,1,20.7094401127704
"orng-09",2,2025,6.38297872340426,1,20.7094401127704
"orng-09",5,1999,2.17391304347826,1,19.5274070158436
"orng-09",5,2000,2.17391304347826,1,19.5274070158436
"orng-09",5,2001,2.17391304347826,1,19.5274070158436
"orng-09",5,2002,2.17391304347826,1,19.5274070158436
"orng-09",5,2003,2.17391304347826,1,28.2744519331013
"orng-09",5,2004,2.17391304347826,1,28.2744519331013
"orng-09",5,2005,2.17391304347826,1,28.2744519331013
"orng-09",5,2006,2.17391304347826,1,24.2555394035505
"orng-09",5,2007,2.17391304347826,1,21.6550665903117
"orng-09",5,2008,2.17391304347826,1,20.7094401127704
"orng-09",5,2009,2.17391304347826,1,20.0002202546143
"orng-09",5,2010,2.17391304347826,1,19.763813635229
"orng-09",5,2011,2.17391304347826,1,22.6006930678531
"orng-09",5,2012,2.17391304347826,1,22.6006930678531
"orng-09",5,2013,2.17391304347826,1,22.6006930678531
"orng-09",5,2014,2.17391304347826,1,22.8370996872385
"orng-09",5,2015,2.17391304347826,1,22.6006930678531
"orng-09",5,2016,2.17391304347826,1,22.3642864484678
"orng-09",5,2017,2.17391304347826,1,22.1278798290824
"orng-09",5,2018,2.17391304347826,1,21.8914732096971
"orng-09",5,2019,2.17391304347826,1,21.4186599709264
"orng-09",5,2020,2.17391304347826,1,20.7094401127704
"orng-09",5,2021,2.17391304347826,1,20.7094401127704
"orng-09",5,2022,2.17391304347826,1,20.7094401127704
"orng-09",5,2023,2.17391304347826,1,20.7094401127704
"orng-09",5,2024,2.17391304347826,1,20.7094401127704
"orng-09",5,2025,2.17391304347826,1,20.7094401127704
"orng-09",6,1999,13.768115942029,2,16.1475999588858
"orng-09",6,2000,13.768115942029,2,21.7391304347826
"orng-09",6,2001,13.768115942029,2,21.7391304347826
"orng-09",6,2002,13.0434782608696,2,22.7053140096618
"orng-09",6,2003,13.0434782608696,2,22.463768115942
"orng-09",6,2004,37.6811594202899,2,25.481806968856
"orng-09",6,2005,41.3043478260869,2,30.8009559050262
"orng-09",6,2006,39.8550724637681,2,29.3478260869565
"orng-09",6,2007,39.1304347826087,2,28.044744724902
"orng-09",6,2008,38.4057971014492,2,28.2181952336901
"orng-09",6,2009,24.6376811594202,2,24.4215563191049
"orng-09",6,2010,12.3188405797101,2,20.2704176027488
"orng-09",6,2011,12.3188405797101,2,24.8843663274745
"orng-09",6,2012,11.5942028985507,2,24.6428204337547
"orng-09",6,2013,11.5942028985507,2,24.8792270531401
"orng-09",6,2014,11.5942028985507,2,24.6376811594203
"orng-09",6,2015,11.5942028985507,2,25.3469010175763
"orng-09",6,2016,11.5942028985507,2,25.110494398191
"orng-09",6,2017,11.5942028985507,2,24.8740877788056
"orng-09",6,2018,11.5942028985507,2,24.8740877788056
"orng-09",6,2019,11.5942028985507,2,24.6376811594203
"orng-09",6,2020,11.5942028985507,2,23.9284613012642
"orng-09",6,2021,11.5942028985507,2,23.6920546818789
"orng-09",6,2022,11.5942028985507,2,23.6920546818789
"orng-09",6,2023,11.5942028985507,2,23.6920546818789
"orng-09",6,2024,11.5942028985507,2,23.6971939562134
"orng-09",6,2025,11.5942028985507,2,23.460787336828
"orng-09",7,1999,4.9645390070922,2,16.1475999588858
"orng-09",7,2004,11.3475177304965,2,25.481806968856
"orng-09",7,2005,32.6241134751773,2,30.8009559050262
"orng-09",7,2006,33.3333333333333,2,29.3478260869565
"orng-09",7,2007,32.6241134751774,2,28.044744724902
"orng-09",7,2008,34.0425531914893,2,28.2181952336901
"orng-09",7,2009,32.6241134751774,2,24.4215563191049
"orng-09",7,2010,32.6241134751773,2,20.2704176027488
"orng-09",7,2011,32.6241134751773,2,24.8843663274745
"orng-09",7,2012,32.6241134751773,2,24.6428204337547
"orng-09",7,2013,33.3333333333334,2,24.8792270531401
"orng-09",7,2014,33.3333333333333,2,24.6376811594203
"orng-09",7,2015,35.4609929078014,2,25.3469010175763
"orng-09",7,2016,34.7517730496454,2,25.110494398191
"orng-09",7,2017,34.0425531914894,2,24.8740877788056
"orng-09",7,2018,34.0425531914894,2,24.8740877788056
"orng-09",7,2019,33.3333333333333,2,24.6376811594203
"orng-09",7,2020,31.2056737588652,2,23.9284613012642
"orng-09",7,2021,30.4964539007092,2,23.6920546818789
"orng-09",7,2022,30.4964539007092,2,23.6920546818789
"orng-09",7,2023,30.4964539007092,2,23.6920546818789
"orng-09",7,2024,29.7872340425532,2,23.6971939562134
"orng-09",7,2025,29.0780141843972,2,23.460787336828
"orng-09",8,1999,29.7101449275362,2,16.1475999588858
"orng-09",8,2000,29.7101449275362,2,21.7391304347826
"orng-09",8,2001,29.7101449275362,2,21.7391304347826
"orng-09",8,2002,29.7101449275362,2,22.7053140096618
"orng-09",8,2003,29.7101449275362,2,22.463768115942
"orng-09",8,2004,29.7101449275362,2,25.481806968856
"orng-09",8,2005,29.7101449275362,2,30.8009559050262
"orng-09",8,2006,29.7101449275362,2,29.3478260869565
"orng-09",8,2007,29.7101449275362,2,28.044744724902
"orng-09",8,2008,29.7101449275362,2,28.2181952336901
"orng-09",8,2009,29.7101449275362,2,24.4215563191049
"orng-09",8,2010,29.7101449275362,2,20.2704176027488
"orng-09",8,2011,29.7101449275362,2,24.8843663274745
"orng-09",8,2012,29.7101449275362,2,24.6428204337547
"orng-09",8,2013,29.7101449275362,2,24.8792270531401
"orng-09",8,2014,28.9855072463768,2,24.6376811594203
"orng-09",8,2015,28.9855072463768,2,25.3469010175763
"orng-09",8,2016,28.9855072463768,2,25.110494398191
"orng-09",8,2017,28.9855072463768,2,24.8740877788056
"orng-09",8,2018,28.9855072463768,2,24.8740877788056
"orng-09",8,2019,28.9855072463768,2,24.6376811594203
"orng-09",8,2020,28.9855072463768,2,23.9284613012642
"orng-09",8,2021,28.9855072463768,2,23.6920546818789
"orng-09",8,2022,28.9855072463768,2,23.6920546818789
"orng-09",8,2023,28.9855072463768,2,23.6920546818789
"orng-09",8,2024,29.7101449275362,2,23.6971939562134
"orng-09",8,2025,29.7101449275362,2,23.460787336828
"orng-09",9,2002,25.3623188405797,2,22.7053140096618
"orng-09",9,2003,24.6376811594203,2,22.463768115942
"orng-09",9,2004,23.1884057971014,2,25.481806968856
"orng-09",9,2005,19.5652173913043,2,30.8009559050262
"orng-09",9,2006,14.4927536231884,2,29.3478260869565
"orng-09",10,2007,10.7142857142857,2,28.044744724902
"orng-09",10,2008,10.7142857142857,2,28.2181952336901
"orng-09",10,2009,10.7142857142857,2,24.4215563191049
"orng-09",10,2010,6.42857142857143,2,20.2704176027488
"orng-09",11,1999,12.1428571428571,3,23.0952380952381
"orng-09",11,2000,12.1428571428571,3,23.0952380952381
"orng-09",11,2001,12.1428571428571,3,22.8571428571428
"orng-09",11,2002,12.1428571428571,3,23.0952380952381
"orng-09",11,2003,12.1428571428571,3,25
"orng-09",11,2004,12.1428571428571,3,24.7619047619048
"orng-09",11,2005,12.1428571428571,3,24.7619047619048
"orng-09",11,2006,12.1428571428571,3,25
"orng-09",11,2007,12.1428571428571,3,25.7142857142857
"orng-09",11,2008,12.1428571428571,3,25.7142857142857
"orng-09",11,2009,12.1428571428571,3,25.7142857142857
"orng-09",11,2010,12.1428571428571,3,25.7142857142857
"orng-09",11,2011,12.1428571428571,3,20.1888489208633
"orng-09",11,2012,12.1428571428571,3,20.35604808079
"orng-09",11,2013,12.1428571428571,3,20.2121631887037
"orng-09",11,2014,27.8571428571428,3,23.3550203315608
"orng-09",11,2015,28.5714285714285,3,22.4896405856681
"orng-09",11,2016,22.1428571428571,3,25.4192546583851
"orng-09",11,2017,13.5714285714285,3,20.5590062111801
"orng-09",11,2018,12.1428571428571,3,18.7525879917184
"orng-09",11,2019,12.1428571428571,3,24.7619047619048
"orng-09",11,2020,12.1428571428571,3,24.7619047619048
"orng-09",11,2021,12.1428571428571,3,24.7619047619048
"orng-09",11,2022,12.1428571428571,3,25
"orng-09",11,2023,12.1428571428571,3,33.5714285714286
"orng-09",11,2024,12.1428571428571,3,32.6190476190476
"orng-09",11,2025,12.1428571428571,3,23.3954265159301
"orng-09",12,1999,47.1428571428571,3,23.0952380952381
"orng-09",12,2000,47.1428571428571,3,23.0952380952381
"orng-09",12,2001,46.4285714285714,3,22.8571428571428
"orng-09",12,2002,47.1428571428571,3,23.0952380952381
"orng-09",12,2003,47.8571428571429,3,25
"orng-09",12,2004,47.8571428571429,3,24.7619047619048
"orng-09",12,2005,47.8571428571429,3,24.7619047619048
"orng-09",12,2006,47.8571428571429,3,25
"orng-09",12,2007,47.8571428571429,3,25.7142857142857
"orng-09",12,2008,47.8571428571429,3,25.7142857142857
"orng-09",12,2009,47.8571428571429,3,25.7142857142857
"orng-09",12,2010,47.8571428571429,3,25.7142857142857
"orng-09",12,2011,47.8571428571429,3,20.1888489208633
"orng-09",12,2012,47.8571428571429,3,20.35604808079
"orng-09",12,2013,47.8571428571429,3,20.2121631887037
"orng-09",12,2014,47.8571428571429,3,23.3550203315608
"orng-09",12,2015,47.8571428571429,3,22.4896405856681
"orng-09",12,2016,47.8571428571429,3,25.4192546583851
"orng-09",12,2017,47.8571428571429,3,20.5590062111801
"orng-09",12,2018,47.8571428571429,3,18.7525879917184
"orng-09",12,2019,47.8571428571429,3,24.7619047619048
"orng-09",12,2020,47.8571428571429,3,24.7619047619048
"orng-09",12,2021,47.8571428571429,3,24.7619047619048
"orng-09",12,2022,47.8571428571429,3,25
"orng-09",12,2023,47.8571428571429,3,33.5714285714286
"orng-09",12,2024,47.8571428571429,3,32.6190476190476
"orng-09",12,2025,47.8571428571429,3,23.3954265159301
"orng-09",13,2011,5.75539568345324,3,20.1888489208633
"orng-09",13,2012,5.75539568345324,3,20.35604808079
"orng-09",13,2013,5.03597122302158,3,20.2121631887037
"orng-09",13,2014,5.03597122302158,3,23.3550203315608
"orng-09",13,2015,0.719424460431655,3,22.4896405856681
"orng-09",13,2025,1.43884892086331,3,23.3954265159301
"orng-09",14,1999,10,3,23.0952380952381
"orng-09",14,2000,10,3,23.0952380952381
"orng-09",14,2001,10,3,22.8571428571428
"orng-09",14,2002,10,3,23.0952380952381
"orng-09",14,2003,15,3,25
"orng-09",14,2004,14.2857142857143,3,24.7619047619048
"orng-09",14,2005,14.2857142857143,3,24.7619047619048
"orng-09",14,2006,15,3,25
"orng-09",14,2007,17.1428571428572,3,25.7142857142857
"orng-09",14,2008,17.1428571428572,3,25.7142857142857
"orng-09",14,2009,17.1428571428572,3,25.7142857142857
"orng-09",14,2010,17.1428571428572,3,25.7142857142857
"orng-09",14,2011,15,3,20.1888489208633
"orng-09",14,2012,14.2857142857143,3,20.35604808079
"orng-09",14,2013,14.2857142857143,3,20.2121631887037
"orng-09",14,2014,14.2857142857143,3,23.3550203315608
"orng-09",14,2015,14.2857142857143,3,22.4896405856681
"orng-09",14,2016,14.2857142857143,3,25.4192546583851
"orng-09",14,2017,14.2857142857143,3,20.5590062111801
"orng-09",14,2018,14.2857142857143,3,18.7525879917184
"orng-09",14,2019,14.2857142857143,3,24.7619047619048
"orng-09",14,2020,14.2857142857143,3,24.7619047619048
"orng-09",14,2021,14.2857142857143,3,24.7619047619048
"orng-09",14,2022,15,3,25
"orng-09",14,2023,40.7142857142857,3,33.5714285714286
"orng-09",14,2024,37.8571428571429,3,32.6190476190476
"orng-09",14,2025,32.1428571428572,3,23.3954265159301
"orng-09",15,2012,21.7391304347826,3,20.35604808079
"orng-09",15,2013,21.7391304347826,3,20.2121631887037
"orng-09",15,2014,21.7391304347826,3,23.3550203315608
"orng-09",15,2015,21.0144927536232,3,22.4896405856681
"orng-09",15,2016,17.3913043478261,3,25.4192546583851
"orng-09",15,2017,6.52173913043478,3,20.5590062111801
"orng-09",15,2018,0.72463768115942,3,18.7525879917184
"orng-09",16,1999,5.03597122302158,4,10.9545093408556
"orng-09",16,2000,5.03597122302158,4,11.0973664837127
"orng-09",16,2001,5.03597122302158,4,12.383080769427
"orng-09",16,2002,35.2517985611511,4,18.2833890941958
"orng-09",16,2003,35.2517985611511,4,18.1405319513386
"orng-09",16,2004,34.5323741007194,4,17.4252184878237
"orng-09",16,2005,32.3741007194244,4,18.279278097279
"orng-09",16,2006,24.4604316546762,4,16.5536871414722
"orng-09",16,2007,17.2661870503597,4,15.1148382206089
"orng-09",16,2008,15.1079136690647,4,15.2535989445526
"orng-09",16,2009,10.0719424460432,4,14.2464046999482
"orng-09",16,2010,7.9136690647482,4,16.8147500236893
"orng-09",16,2011,7.19424460431655,4,16.6708651316029
"orng-09",16,2012,6.47482014388489,4,16.6698373823737
"orng-09",16,2013,6.47482014388489,4,15.8126945252309
"orng-09",16,2014,6.47482014388489,4,14.0984088109452
"orng-09",16,2015,6.47482014388489,4,13.955551668088
"orng-09",16,2016,5.03597122302158,4,13.2402236265699
"orng-09",16,2017,5.03597122302158,4,13.2402236265699
"orng-09",16,2018,5.03597122302158,4,13.2402236265699
"orng-09",16,2019,4.31654676258993,4,13.0963387344835
"orng-09",16,2020,4.31654676258993,4,13.0963387344835
"orng-09",16,2021,4.31654676258993,4,13.3820530201978
"orng-09",16,2022,4.31654676258993,4,13.8106244487693
"orng-09",16,2023,4.31654676258993,4,13.9534815916264
"orng-09",16,2024,4.31654676258993,4,13.3820530201978
"orng-09",16,2025,4.31654676258993,4,13.2391958773407
"orng-09",17,1999,1.42857142857143,4,10.9545093408556
"orng-09",17,2000,2.14285714285714,4,11.0973664837127
"orng-09",17,2001,2.14285714285714,4,12.383080769427
"orng-09",17,2002,2.14285714285714,4,18.2833890941958
"orng-09",17,2003,2.85714285714286,4,18.1405319513386
"orng-09",17,2004,2.85714285714286,4,17.4252184878237
"orng-09",17,2005,9.28571428571428,4,18.279278097279
"orng-09",17,2006,7.14285714285714,4,16.5536871414722
"orng-09",17,2007,7.14285714285714,4,15.1148382206089
"orng-09",17,2008,9.28571428571428,4,15.2535989445526
"orng-09",17,2009,9.28571428571428,4,14.2464046999482
"orng-09",17,2010,14.2857142857143,4,16.8147500236893
"orng-09",17,2011,14.2857142857143,4,16.6708651316029
"orng-09",17,2012,15.7142857142857,4,16.6698373823737
"orng-09",17,2013,15,4,15.8126945252309
"orng-09",17,2014,11.4285714285714,4,14.0984088109452
"orng-09",17,2015,10.7142857142857,4,13.955551668088
"orng-09",17,2016,9.28571428571428,4,13.2402236265699
"orng-09",17,2017,9.28571428571428,4,13.2402236265699
"orng-09",17,2018,9.28571428571428,4,13.2402236265699
"orng-09",17,2019,9.28571428571428,4,13.0963387344835
"orng-09",17,2020,9.28571428571428,4,13.0963387344835
"orng-09",17,2021,10.7142857142857,4,13.3820530201978
"orng-09",17,2022,12.8571428571429,4,13.8106244487693
"orng-09",17,2023,12.8571428571429,4,13.9534815916264
"orng-09",17,2024,10,4,13.3820530201978
"orng-09",17,2025,9.28571428571428,4,13.2391958773407
"orng-09",18,1999,7.14285714285714,4,10.9545093408556
"orng-09",18,2000,7.14285714285714,4,11.0973664837127
"orng-09",18,2001,7.14285714285714,4,12.383080769427
"orng-09",18,2002,7.14285714285714,4,18.2833890941958
"orng-09",18,2003,7.14285714285714,4,18.1405319513386
"orng-09",18,2004,7.14285714285714,4,17.4252184878237
"orng-09",18,2005,7.14285714285714,4,18.279278097279
"orng-09",18,2006,9.28571428571429,4,16.5536871414722
"orng-09",18,2007,9.28571428571429,4,15.1148382206089
"orng-09",18,2008,9.28571428571429,4,15.2535989445526
"orng-09",18,2009,9.28571428571429,4,14.2464046999482
"orng-09",18,2010,19.2857142857143,4,16.8147500236893
"orng-09",18,2011,19.2857142857143,4,16.6708651316029
"orng-09",18,2012,18.5714285714286,4,16.6698373823737
"orng-09",18,2013,15,4,15.8126945252309
"orng-09",18,2014,10,4,14.0984088109452
"orng-09",18,2015,10,4,13.955551668088
"orng-09",18,2016,10,4,13.2402236265699
"orng-09",18,2017,10,4,13.2402236265699
"orng-09",18,2018,10,4,13.2402236265699
"orng-09",18,2019,10,4,13.0963387344835
"orng-09",18,2020,10,4,13.0963387344835
"orng-09",18,2021,10,4,13.3820530201978
"orng-09",18,2022,10,4,13.8106244487693
"orng-09",18,2023,10.7142857142857,4,13.9534815916264
"orng-09",18,2024,10.7142857142857,4,13.3820530201978
"orng-09",18,2025,10.7142857142857,4,13.2391958773407
"orng-09",19,1999,4.28571428571429,4,10.9545093408556
"orng-09",19,2000,4.28571428571429,4,11.0973664837127
"orng-09",19,2001,10.7142857142857,4,12.383080769427
"orng-09",19,2002,10,4,18.2833890941958
"orng-09",19,2003,8.57142857142858,4,18.1405319513386
"orng-09",19,2004,5.71428571428572,4,17.4252184878237
"orng-09",19,2005,5.71428571428571,4,18.279278097279
"orng-09",19,2006,5,4,16.5536871414722
"orng-09",19,2007,5,4,15.1148382206089
"orng-09",19,2008,5,4,15.2535989445526
"orng-09",19,2009,5,4,14.2464046999482
"orng-09",19,2010,5,4,16.8147500236893
"orng-09",19,2011,5,4,16.6708651316029
"orng-09",19,2012,5,4,16.6698373823737
"orng-09",19,2013,5,4,15.8126945252309
"orng-09",19,2014,5,4,14.0984088109452
"orng-09",19,2015,5,4,13.955551668088
"orng-09",19,2016,5,4,13.2402236265699
"orng-09",19,2017,5,4,13.2402236265699
"orng-09",19,2018,5,4,13.2402236265699
"orng-09",19,2019,5,4,13.0963387344835
"orng-09",19,2020,5,4,13.0963387344835
"orng-09",19,2021,5,4,13.3820530201978
"orng-09",19,2022,5,4,13.8106244487693
"orng-09",19,2023,5,4,13.9534815916264
"orng-09",19,2024,5,4,13.3820530201978
"orng-09",19,2025,5,4,13.2391958773407
"orng-09",20,1999,36.8794326241135,4,10.9545093408556
"orng-09",20,2000,36.8794326241135,4,11.0973664837127
"orng-09",20,2001,36.8794326241135,4,12.383080769427
"orng-09",20,2002,36.8794326241135,4,18.2833890941958
"orng-09",20,2003,36.8794326241135,4,18.1405319513386
"orng-09",20,2004,36.8794326241135,4,17.4252184878237
"orng-09",20,2005,36.8794326241135,4,18.279278097279
"orng-09",20,2006,36.8794326241135,4,16.5536871414722
"orng-09",20,2007,36.8794326241135,4,15.1148382206089
"orng-09",20,2008,37.5886524822695,4,15.2535989445526
"orng-09",20,2009,37.5886524822695,4,14.2464046999482
"orng-09",20,2010,37.5886524822695,4,16.8147500236893
"orng-09",20,2011,37.5886524822695,4,16.6708651316029
"orng-09",20,2012,37.5886524822695,4,16.6698373823737
"orng-09",20,2013,37.5886524822695,4,15.8126945252309
"orng-09",20,2014,37.5886524822695,4,14.0984088109452
"orng-09",20,2015,37.5886524822695,4,13.955551668088
"orng-09",20,2016,36.8794326241135,4,13.2402236265699
"orng-09",20,2017,36.8794326241135,4,13.2402236265699
"orng-09",20,2018,36.8794326241135,4,13.2402236265699
"orng-09",20,2019,36.8794326241135,4,13.0963387344835
"orng-09",20,2020,36.8794326241135,4,13.0963387344835
"orng-09",20,2021,36.8794326241135,4,13.3820530201978
"orng-09",20,2022,36.8794326241135,4,13.8106244487693
"orng-09",20,2023,36.8794326241135,4,13.9534815916264
"orng-09",20,2024,36.8794326241135,4,13.3820530201978
"orng-09",20,2025,36.8794326241135,4,13.2391958773407
"orng-10",1,1999,14.2857142857143,1,17.4934983690067
"orng-10",1,2000,14.2857142857143,1,17.4934983690067
"orng-10",1,2001,14.2857142857143,1,17.4934983690067
"orng-10",1,2002,14.2857142857143,1,17.637383261093
"orng-10",1,2003,14.2857142857143,1,17.7823107973249
"orng-10",1,2004,14.2857142857143,1,17.6384259052385
"orng-10",1,2005,14.2857142857143,1,17.6384259052385
"orng-10",1,2006,14.2857142857143,1,17.6384259052385
"orng-10",1,2007,14.2857142857143,1,21.8681762664403
"orng-10",1,2008,14.2857142857143,1,21.6870168461504
"orng-10",1,2009,14.2857142857143,1,21.6870168461504
"orng-10",1,2010,14.2857142857143,1,21.6870168461504
"orng-10",1,2011,14.2857142857143,1,21.6870168461504
"orng-10",1,2012,13.5714285714286,1,21.508445417579
"orng-10",1,2013,13.5714285714286,1,21.3272859972891
"orng-10",1,2014,13.5714285714286,1,21.1474298821812
"orng-10",1,2015,13.5714285714286,1,21.1474298821812
"orng-10",1,2016,14.2857142857143,1,21.3260013107526
"orng-10",1,2017,14.2857142857143,1,21.3260013107526
"orng-10",1,2018,14.2857142857143,1,21.3260013107526
"orng-10",1,2019,14.2857142857143,1,21.3260013107526
"orng-10",1,2020,14.2857142857143,1,22.0454257711843
"orng-10",1,2021,13.5714285714286,1,21.8668543426129
"orng-10",1,2022,13.5714285714286,1,21.6869982275049
"orng-10",1,2023,13.5714285714286,1,21.6869982275049
"orng-10",1,2024,13.5714285714286,1,21.6869982275049
"orng-10",1,2025,13.5714285714286,1,23.1258471483683
"orng-10",2,1999,27.3381294964029,1,17.4934983690067
"orng-10",2,2000,27.3381294964029,1,17.4934983690067
"orng-10",2,2001,27.3381294964029,1,17.4934983690067
"orng-10",2,2002,28.0575539568345,1,17.637383261093
"orng-10",2,2003,28.0575539568345,1,17.7823107973249
"orng-10",2,2004,27.3381294964029,1,17.6384259052385
"orng-10",2,2005,27.3381294964029,1,17.6384259052385
"orng-10",2,2006,27.3381294964029,1,17.6384259052385
"orng-10",2,2007,27.3381294964029,1,21.8681762664403
"orng-10",2,2008,27.3381294964029,1,21.6870168461504
"orng-10",2,2009,27.3381294964029,1,21.6870168461504
"orng-10",2,2010,27.3381294964029,1,21.6870168461504
"orng-10",2,2011,27.3381294964029,1,21.6870168461504
"orng-10",2,2012,27.3381294964029,1,21.508445417579
"orng-10",2,2013,27.3381294964029,1,21.3272859972891
"orng-10",2,2014,26.6187050359712,1,21.1474298821812
"orng-10",2,2015,26.6187050359712,1,21.1474298821812
"orng-10",2,2016,26.6187050359712,1,21.3260013107526
"orng-10",2,2017,26.6187050359712,1,21.3260013107526
"orng-10",2,2018,26.6187050359712,1,21.3260013107526
"orng-10",2,2019,26.6187050359712,1,21.3260013107526
"orng-10",2,2020,29.4964028776978,1,22.0454257711843
"orng-10",2,2021,29.4964028776978,1,21.8668543426129
"orng-10",2,2022,28.7769784172662,1,21.6869982275049
"orng-10",2,2023,28.7769784172662,1,21.6869982275049
"orng-10",2,2024,28.7769784172662,1,21.6869982275049
"orng-10",2,2025,34.5323741007194,1,23.1258471483683
"orng-10",3,1999,8.69565217391304,1,17.4934983690067
"orng-10",3,2000,8.69565217391304,1,17.4934983690067
"orng-10",3,2001,8.69565217391304,1,17.4934983690067
"orng-10",3,2002,8.69565217391304,1,17.637383261093
"orng-10",3,2003,9.42028985507246,1,17.7823107973249
"orng-10",3,2004,9.42028985507246,1,17.6384259052385
"orng-10",3,2005,9.42028985507246,1,17.6384259052385
"orng-10",3,2006,9.42028985507246,1,17.6384259052385
"orng-10",3,2007,9.42028985507246,1,21.8681762664403
"orng-10",3,2008,8.69565217391304,1,21.6870168461504
"orng-10",3,2009,8.69565217391304,1,21.6870168461504
"orng-10",3,2010,8.69565217391304,1,21.6870168461504
"orng-10",3,2011,8.69565217391304,1,21.6870168461504
"orng-10",3,2012,8.69565217391304,1,21.508445417579
"orng-10",3,2013,7.97101449275362,1,21.3272859972891
"orng-10",3,2014,7.97101449275362,1,21.1474298821812
"orng-10",3,2015,7.97101449275362,1,21.1474298821812
"orng-10",3,2016,7.97101449275362,1,21.3260013107526
"orng-10",3,2017,7.97101449275362,1,21.3260013107526
"orng-10",3,2018,7.97101449275362,1,21.3260013107526
"orng-10",3,2019,7.97101449275362,1,21.3260013107526
"orng-10",3,2020,7.97101449275362,1,22.0454257711843
"orng-10",3,2021,7.97101449275362,1,21.8668543426129
"orng-10",3,2022,7.97101449275362,1,21.6869982275049
"orng-10",3,2023,7.97101449275362,1,21.6869982275049
"orng-10",3,2024,7.97101449275362,1,21.6869982275049
"orng-10",3,2025,7.97101449275362,1,23.1258471483683
"orng-10",4,1999,0.719424460431655,1,17.4934983690067
"orng-10",4,2000,0.719424460431655,1,17.4934983690067
"orng-10",4,2001,0.719424460431655,1,17.4934983690067
"orng-10",4,2002,0.719424460431655,1,17.637383261093
"orng-10",4,2003,0.719424460431655,1,17.7823107973249
"orng-10",4,2004,0.719424460431655,1,17.6384259052385
"orng-10",4,2005,0.719424460431655,1,17.6384259052385
"orng-10",4,2006,0.719424460431655,1,17.6384259052385
"orng-10",5,1999,36.4285714285714,1,17.4934983690067
"orng-10",5,2000,36.4285714285714,1,17.4934983690067
"orng-10",5,2001,36.4285714285714,1,17.4934983690067
"orng-10",5,2002,36.4285714285714,1,17.637383261093
"orng-10",5,2003,36.4285714285714,1,17.7823107973249
"orng-10",5,2004,36.4285714285714,1,17.6384259052385
"orng-10",5,2005,36.4285714285714,1,17.6384259052385
"orng-10",5,2006,36.4285714285714,1,17.6384259052385
"orng-10",5,2007,36.4285714285714,1,21.8681762664403
"orng-10",5,2008,36.4285714285714,1,21.6870168461504
"orng-10",5,2009,36.4285714285714,1,21.6870168461504
"orng-10",5,2010,36.4285714285714,1,21.6870168461504
"orng-10",5,2011,36.4285714285714,1,21.6870168461504
"orng-10",5,2012,36.4285714285714,1,21.508445417579
"orng-10",5,2013,36.4285714285714,1,21.3272859972891
"orng-10",5,2014,36.4285714285714,1,21.1474298821812
"orng-10",5,2015,36.4285714285714,1,21.1474298821812
"orng-10",5,2016,36.4285714285714,1,21.3260013107526
"orng-10",5,2017,36.4285714285714,1,21.3260013107526
"orng-10",5,2018,36.4285714285714,1,21.3260013107526
"orng-10",5,2019,36.4285714285714,1,21.3260013107526
"orng-10",5,2020,36.4285714285714,1,22.0454257711843
"orng-10",5,2021,36.4285714285714,1,21.8668543426129
"orng-10",5,2022,36.4285714285714,1,21.6869982275049
"orng-10",5,2023,36.4285714285714,1,21.6869982275049
"orng-10",5,2024,36.4285714285714,1,21.6869982275049
"orng-10",5,2025,36.4285714285714,1,23.1258471483683
"orng-10",6,1999,47.4820143884892,2,20.8605398290064
"orng-10",6,2000,47.4820143884892,2,20.8605398290064
"orng-10",6,2001,47.4820143884892,2,20.339706495673
"orng-10",6,2002,46.7625899280576,2,20.341009800855
"orng-10",6,2003,46.0431654676259,2,20.161153685747
"orng-10",6,2004,46.0431654676259,2,20.161153685747
"orng-10",6,2005,46.0431654676259,2,20.161153685747
"orng-10",6,2006,46.0431654676259,2,19.9799942654572
"orng-10",6,2007,46.0431654676259,2,19.8063831543461
"orng-10",6,2008,46.0431654676259,2,19.8063831543461
"orng-10",6,2009,46.0431654676259,2,19.8063831543461
"orng-10",6,2010,46.0431654676259,2,19.8063831543461
"orng-10",6,2011,46.0431654676259,2,19.8063831543461
"orng-10",6,2012,46.0431654676259,2,19.8063831543461
"orng-10",6,2013,46.0431654676259,2,19.632772043235
"orng-10",6,2014,46.0431654676259,2,19.632772043235
"orng-10",6,2015,46.0431654676259,2,19.632772043235
"orng-10",6,2016,46.0431654676259,2,19.632772043235
"orng-10",6,2017,46.0431654676259,2,19.632772043235
"orng-10",6,2018,46.0431654676259,2,19.632772043235
"orng-10",6,2019,46.0431654676259,2,19.4591609321239
"orng-10",6,2020,46.0431654676259,2,19.4591609321239
"orng-10",6,2021,46.0431654676259,2,19.4591609321239
"orng-10",6,2022,46.0431654676259,2,18.9458759079693
"orng-10",6,2023,46.0431654676259,2,18.9458759079693
"orng-10",6,2024,46.0431654676259,2,18.9458759079693
"orng-10",6,2025,46.0431654676259,2,19.1270353282591
"orng-10",7,1999,22.9166666666667,2,20.8605398290064
"orng-10",7,2000,22.9166666666667,2,20.8605398290064
"orng-10",7,2001,20.8333333333333,2,20.339706495673
"orng-10",7,2002,20.8333333333333,2,20.341009800855
"orng-10",7,2003,20.8333333333333,2,20.161153685747
"orng-10",7,2004,20.8333333333333,2,20.161153685747
"orng-10",7,2005,20.8333333333333,2,20.161153685747
"orng-10",7,2006,20.8333333333333,2,19.9799942654572
"orng-10",7,2007,20.1388888888889,2,19.8063831543461
"orng-10",7,2008,20.1388888888889,2,19.8063831543461
"orng-10",7,2009,20.1388888888889,2,19.8063831543461
"orng-10",7,2010,20.1388888888889,2,19.8063831543461
"orng-10",7,2011,20.1388888888889,2,19.8063831543461
"orng-10",7,2012,20.1388888888889,2,19.8063831543461
"orng-10",7,2013,19.4444444444444,2,19.632772043235
"orng-10",7,2014,19.4444444444444,2,19.632772043235
"orng-10",7,2015,19.4444444444444,2,19.632772043235
"orng-10",7,2016,19.4444444444444,2,19.632772043235
"orng-10",7,2017,19.4444444444444,2,19.632772043235
"orng-10",7,2018,19.4444444444444,2,19.632772043235
"orng-10",7,2019,18.75,2,19.4591609321239
"orng-10",7,2020,18.75,2,19.4591609321239
"orng-10",7,2021,18.75,2,19.4591609321239
"orng-10",7,2022,15.9722222222222,2,18.9458759079693
"orng-10",7,2023,15.9722222222222,2,18.9458759079693
"orng-10",7,2024,15.9722222222222,2,18.9458759079693
"orng-10",7,2025,15.9722222222222,2,19.1270353282591
"orng-10",8,1999,7.2463768115942,2,20.8605398290064
"orng-10",8,2000,7.2463768115942,2,20.8605398290064
"orng-10",8,2001,7.2463768115942,2,20.339706495673
"orng-10",8,2002,7.2463768115942,2,20.341009800855
"orng-10",8,2003,7.2463768115942,2,20.161153685747
"orng-10",8,2004,7.2463768115942,2,20.161153685747
"orng-10",8,2005,7.2463768115942,2,20.161153685747
"orng-10",8,2006,7.2463768115942,2,19.9799942654572
"orng-10",8,2007,7.2463768115942,2,19.8063831543461
"orng-10",8,2008,7.2463768115942,2,19.8063831543461
"orng-10",8,2009,7.2463768115942,2,19.8063831543461
"orng-10",8,2010,7.2463768115942,2,19.8063831543461
"orng-10",8,2011,7.2463768115942,2,19.8063831543461
"orng-10",8,2012,7.2463768115942,2,19.8063831543461
"orng-10",8,2013,7.2463768115942,2,19.632772043235
"orng-10",8,2014,7.2463768115942,2,19.632772043235
"orng-10",8,2015,7.2463768115942,2,19.632772043235
"orng-10",8,2016,7.2463768115942,2,19.632772043235
"orng-10",8,2017,7.2463768115942,2,19.632772043235
"orng-10",8,2018,7.2463768115942,2,19.632772043235
"orng-10",8,2019,7.2463768115942,2,19.4591609321239
"orng-10",8,2020,7.2463768115942,2,19.4591609321239
"orng-10",8,2021,7.2463768115942,2,19.4591609321239
"orng-10",8,2022,7.97101449275362,2,18.9458759079693
"orng-10",8,2023,7.97101449275362,2,18.9458759079693
"orng-10",8,2024,7.97101449275362,2,18.9458759079693
"orng-10",8,2025,7.97101449275362,2,19.1270353282591
"orng-10",9,1999,5.79710144927536,2,20.8605398290064
"orng-10",9,2000,5.79710144927536,2,20.8605398290064
"orng-10",9,2001,5.79710144927536,2,20.339706495673
"orng-10",9,2002,6.52173913043478,2,20.341009800855
"orng-10",9,2003,6.52173913043478,2,20.161153685747
"orng-10",9,2004,6.52173913043478,2,20.161153685747
"orng-10",9,2005,6.52173913043478,2,20.161153685747
"orng-10",9,2006,5.79710144927536,2,19.9799942654572
"orng-10",9,2007,5.79710144927536,2,19.8063831543461
"orng-10",9,2008,5.79710144927536,2,19.8063831543461
"orng-10",9,2009,5.79710144927536,2,19.8063831543461
"orng-10",9,2010,5.79710144927536,2,19.8063831543461
"orng-10",9,2011,5.79710144927536,2,19.8063831543461
"orng-10",9,2012,5.79710144927536,2,19.8063831543461
"orng-10",9,2013,5.79710144927536,2,19.632772043235
"orng-10",9,2014,5.79710144927536,2,19.632772043235
"orng-10",9,2015,5.79710144927536,2,19.632772043235
"orng-10",9,2016,5.79710144927536,2,19.632772043235
"orng-10",9,2017,5.79710144927536,2,19.632772043235
"orng-10",9,2018,5.79710144927536,2,19.632772043235
"orng-10",9,2019,5.79710144927536,2,19.4591609321239
"orng-10",9,2020,5.79710144927536,2,19.4591609321239
"orng-10",9,2021,5.79710144927536,2,19.4591609321239
"orng-10",9,2022,5.79710144927536,2,18.9458759079693
"orng-10",9,2023,5.79710144927536,2,18.9458759079693
"orng-10",9,2024,5.79710144927536,2,18.9458759079693
"orng-10",9,2025,6.52173913043478,2,19.1270353282591
"orng-10",11,1999,28.5714285714286,3,23.5410999531618
"orng-10",11,2000,28.5714285714286,3,23.3662747783366
"orng-10",11,2001,28.5714285714286,3,24.0754946364926
"orng-10",11,2002,28.5714285714286,3,26.2155531595299
"orng-10",11,2003,28.5714285714286,3,26.3953379137828
"orng-10",11,2004,28.5714285714286,3,26.3953379137827
"orng-10",11,2005,28.5714285714286,3,24.4449833038537
"orng-10",11,2006,28.5714285714286,3,23.7434168974044
"orng-10",11,2007,28.5714285714286,3,23.7459680479733
"orng-10",11,2008,28.5714285714286,3,23.3913581188952
"orng-10",11,2009,28.5714285714286,3,23.0392279795311
"orng-10",11,2010,28.5714285714286,3,23.0392279795311
"orng-10",11,2011,28.5714285714286,3,23.0392279795311
"orng-10",11,2012,28.5714285714286,3,22.8644028047059
"orng-10",11,2013,28.5714285714286,3,22.5097215147728
"orng-10",11,2014,28.5714285714286,3,22.5097215147728
"orng-10",11,2015,28.5714285714286,3,22.3298653996649
"orng-10",11,2016,28.5714285714286,3,22.3298653996649
"orng-10",11,2017,28.5714285714286,3,22.1550402248397
"orng-10",11,2018,28.5714285714286,3,22.1550402248397
"orng-10",11,2019,28.5714285714286,3,22.8642600829957
"orng-10",11,2020,28.5714285714286,3,22.3348249790925
"orng-10",11,2021,28.5714285714286,3,22.1575200145535
"orng-10",11,2022,27.8571428571429,3,21.9789485859821
"orng-10",11,2023,27.8571428571429,3,20.9200783781757
"orng-10",11,2024,27.1428571428571,3,20.3918565999539
"orng-10",11,2025,28.5714285714286,3,27.4289259900771
"orng-10",13,1999,19.5804195804196,3,23.5410999531618
"orng-10",13,2000,18.8811188811189,3,23.3662747783366
"orng-10",13,2001,18.8811188811189,3,24.0754946364926
"orng-10",13,2002,15.3846153846154,3,26.2155531595299
"orng-10",13,2003,14.6853146853147,3,26.3953379137828
"orng-10",13,2004,14.6853146853147,3,26.3953379137827
"orng-10",13,2005,14.6853146853147,3,24.4449833038537
"orng-10",13,2006,14.6853146853147,3,23.7434168974044
"orng-10",13,2007,14.6853146853147,3,23.7459680479733
"orng-10",13,2008,14.6853146853147,3,23.3913581188952
"orng-10",13,2009,13.986013986014,3,23.0392279795311
"orng-10",13,2010,13.986013986014,3,23.0392279795311
"orng-10",13,2011,13.986013986014,3,23.0392279795311
"orng-10",13,2012,13.2867132867133,3,22.8644028047059
"orng-10",13,2013,12.5874125874126,3,22.5097215147728
"orng-10",13,2014,12.5874125874126,3,22.5097215147728
"orng-10",13,2015,12.5874125874126,3,22.3298653996649
"orng-10",13,2016,12.5874125874126,3,22.3298653996649
"orng-10",13,2017,11.8881118881119,3,22.1550402248397
"orng-10",13,2018,11.8881118881119,3,22.1550402248397
"orng-10",13,2019,11.8881118881119,3,22.8642600829957
"orng-10",13,2020,11.1888111888112,3,22.3348249790925
"orng-10",13,2021,11.1888111888112,3,22.1575200145535
"orng-10",13,2022,11.1888111888112,3,21.9789485859821
"orng-10",13,2023,9.79020979020979,3,20.9200783781757
"orng-10",13,2024,8.39160839160839,3,20.3918565999539
"orng-10",13,2025,8.39160839160839,3,27.4289259900771
"orng-10",14,1999,43.8848920863309,3,23.5410999531618
"orng-10",14,2000,43.8848920863309,3,23.3662747783366
"orng-10",14,2001,43.8848920863309,3,24.0754946364926
"orng-10",14,2002,43.8848920863309,3,26.2155531595299
"orng-10",14,2003,43.884892086331,3,26.3953379137828
"orng-10",14,2004,43.8848920863309,3,26.3953379137827
"orng-10",14,2005,43.8848920863309,3,24.4449833038537
"orng-10",14,2006,46.0431654676259,3,23.7434168974044
"orng-10",14,2007,46.7625899280576,3,23.7459680479733
"orng-10",14,2008,46.7625899280575,3,23.3913581188952
"orng-10",14,2009,46.7625899280575,3,23.0392279795311
"orng-10",14,2010,46.7625899280576,3,23.0392279795311
"orng-10",14,2011,46.7625899280576,3,23.0392279795311
"orng-10",14,2012,46.7625899280576,3,22.8644028047059
"orng-10",14,2013,46.0431654676259,3,22.5097215147728
"orng-10",14,2014,46.0431654676259,3,22.5097215147728
"orng-10",14,2015,45.3237410071942,3,22.3298653996649
"orng-10",14,2016,45.3237410071942,3,22.3298653996649
"orng-10",14,2017,45.3237410071942,3,22.1550402248397
"orng-10",14,2018,45.3237410071942,3,22.1550402248397
"orng-10",14,2019,45.3237410071942,3,22.8642600829957
"orng-10",14,2020,45.3237410071942,3,22.3348249790925
"orng-10",14,2021,45.3237410071942,3,22.1575200145535
"orng-10",14,2022,45.3237410071942,3,21.9789485859821
"orng-10",14,2023,45.3237410071942,3,20.9200783781757
"orng-10",14,2024,45.3237410071942,3,20.3918565999539
"orng-10",14,2025,45.3237410071942,3,27.4289259900771
"orng-10",15,1999,2.12765957446809,3,23.5410999531618
"orng-10",15,2000,2.12765957446809,3,23.3662747783366
"orng-10",15,2001,4.9645390070922,3,24.0754946364926
"orng-10",15,2002,17.0212765957447,3,26.2155531595299
"orng-10",15,2003,18.4397163120567,3,26.3953379137828
"orng-10",15,2004,18.4397163120567,3,26.3953379137827
"orng-10",15,2005,10.6382978723404,3,24.4449833038537
"orng-10",15,2006,5.67375886524822,3,23.7434168974044
"orng-10",15,2007,4.9645390070922,3,23.7459680479733
"orng-10",15,2008,3.54609929078014,3,23.3913581188952
"orng-10",15,2009,2.83687943262411,3,23.0392279795311
"orng-10",15,2010,2.83687943262411,3,23.0392279795311
"orng-10",15,2011,2.83687943262411,3,23.0392279795311
"orng-10",15,2012,2.83687943262411,3,22.8644028047059
"orng-10",15,2013,2.83687943262411,3,22.5097215147728
"orng-10",15,2014,2.83687943262411,3,22.5097215147728
"orng-10",15,2015,2.83687943262411,3,22.3298653996649
"orng-10",15,2016,2.83687943262411,3,22.3298653996649
"orng-10",15,2017,2.83687943262411,3,22.1550402248397
"orng-10",15,2018,2.83687943262411,3,22.1550402248397
"orng-10",15,2019,5.67375886524823,3,22.8642600829957
"orng-10",15,2020,4.25531914893617,3,22.3348249790925
"orng-10",15,2021,3.54609929078014,3,22.1575200145535
"orng-10",15,2022,3.54609929078014,3,21.9789485859821
"orng-10",15,2023,0.709219858156028,3,20.9200783781757
"orng-10",15,2024,0.709219858156028,3,20.3918565999539
"orng-10",16,1999,61.1510791366906,4,40.1532565018863
"orng-10",16,2000,58.9928057553957,4,39.5766742893954
"orng-10",16,2001,59.7122302158273,4,39.8604193213419
"orng-10",16,2002,59.7122302158273,4,39.7205591814817
"orng-10",16,2003,59.7122302158273,4,39.4307041090179
"orng-10",16,2004,59.7122302158273,4,39.2857765727861
"orng-10",16,2005,59.7122302158273,4,38.7060664278585
"orng-10",16,2006,59.7122302158273,4,38.7060664278585
"orng-10",16,2007,59.7122302158273,4,38.9857867075788
"orng-10",16,2008,59.7122302158273,4,38.839801306119
"orng-10",16,2009,59.7122302158273,4,38.5488883684272
"orng-10",16,2010,59.7122302158273,4,38.5488883684272
"orng-10",16,2011,59.7122302158273,4,38.5488883684272
"orng-10",16,2012,59.7122302158273,4,38.4039608321953
"orng-10",16,2013,59.7122302158273,4,38.4039608321953
"orng-10",16,2014,59.7122302158273,4,38.4039608321953
"orng-10",16,2015,59.7122302158273,4,38.1191731561033
"orng-10",16,2016,59.7122302158273,4,38.1191731561033
"orng-10",16,2017,59.7122302158273,4,37.9793130162432
"orng-10",16,2018,59.7122302158273,4,37.839452876383
"orng-10",16,2019,59.7122302158273,4,37.839452876383
"orng-10",16,2020,59.7122302158273,4,37.839452876383
"orng-10",16,2021,59.7122302158273,4,37.839452876383
"orng-10",16,2022,59.7122302158273,4,37.839452876383
"orng-10",16,2023,59.7122302158273,4,38.9969793655503
"orng-10",16,2024,59.7122302158273,4,38.7071242930865
"orng-10",16,2025,59.7122302158273,4,38.2712838191629
"orng-10",17,1999,76.0869565217391,4,40.1532565018863
"orng-10",17,2000,76.0869565217391,4,39.5766742893954
"orng-10",17,2001,76.0869565217391,4,39.8604193213419
"orng-10",17,2002,76.0869565217391,4,39.7205591814817
"orng-10",17,2003,76.0869565217391,4,39.4307041090179
"orng-10",17,2004,75.3623188405797,4,39.2857765727861
"orng-10",17,2005,72.463768115942,4,38.7060664278585
"orng-10",17,2006,72.463768115942,4,38.7060664278585
"orng-10",17,2007,72.463768115942,4,38.9857867075788
"orng-10",17,2008,72.463768115942,4,38.839801306119
"orng-10",17,2009,72.463768115942,4,38.5488883684272
"orng-10",17,2010,72.463768115942,4,38.5488883684272
"orng-10",17,2011,72.463768115942,4,38.5488883684272
"orng-10",17,2012,71.7391304347826,4,38.4039608321953
"orng-10",17,2013,71.7391304347826,4,38.4039608321953
"orng-10",17,2014,71.7391304347826,4,38.4039608321953
"orng-10",17,2015,71.0144927536232,4,38.1191731561033
"orng-10",17,2016,71.0144927536232,4,38.1191731561033
"orng-10",17,2017,71.0144927536232,4,37.9793130162432
"orng-10",17,2018,71.0144927536232,4,37.839452876383
"orng-10",17,2019,71.0144927536232,4,37.839452876383
"orng-10",17,2020,71.0144927536232,4,37.839452876383
"orng-10",17,2021,71.0144927536232,4,37.839452876383
"orng-10",17,2022,71.0144927536232,4,37.839452876383
"orng-10",17,2023,71.0144927536232,4,38.9969793655503
"orng-10",17,2024,71.0144927536232,4,38.7071242930865
"orng-10",17,2025,71.0144927536232,4,38.2712838191629
"orng-10",18,1999,32.1678321678322,4,40.1532565018863
"orng-10",18,2000,32.1678321678322,4,39.5766742893954
"orng-10",18,2001,32.8671328671329,4,39.8604193213419
"orng-10",18,2002,32.1678321678322,4,39.7205591814817
"orng-10",18,2003,32.1678321678322,4,39.4307041090179
"orng-10",18,2004,32.1678321678322,4,39.2857765727861
"orng-10",18,2005,32.1678321678322,4,38.7060664278585
"orng-10",18,2006,32.1678321678322,4,38.7060664278585
"orng-10",18,2007,33.5664335664336,4,38.9857867075788
"orng-10",18,2008,33.5664335664336,4,38.839801306119
"orng-10",18,2009,33.5664335664336,4,38.5488883684272
"orng-10",18,2010,33.5664335664336,4,38.5488883684272
"orng-10",18,2011,33.5664335664336,4,38.5488883684272
"orng-10",18,2012,33.5664335664336,4,38.4039608321953
"orng-10",18,2013,33.5664335664336,4,38.4039608321953
"orng-10",18,2014,33.5664335664336,4,38.4039608321953
"orng-10",18,2015,32.8671328671329,4,38.1191731561033
"orng-10",18,2016,32.8671328671329,4,38.1191731561033
"orng-10",18,2017,32.1678321678322,4,37.9793130162432
"orng-10",18,2018,31.4685314685315,4,37.839452876383
"orng-10",18,2019,31.4685314685315,4,37.839452876383
"orng-10",18,2020,31.4685314685315,4,37.839452876383
"orng-10",18,2021,31.4685314685315,4,37.839452876383
"orng-10",18,2022,31.4685314685315,4,37.839452876383
"orng-10",18,2023,32.1678321678322,4,38.9969793655503
"orng-10",18,2024,32.1678321678322,4,38.7071242930865
"orng-10",18,2025,32.1678321678322,4,38.2712838191629
"orng-10",19,1999,27.7372262773723,4,40.1532565018863
"orng-10",19,2000,27.7372262773723,4,39.5766742893954
"orng-10",19,2001,27.7372262773723,4,39.8604193213419
"orng-10",19,2002,27.7372262773723,4,39.7205591814817
"orng-10",19,2003,27.7372262773723,4,39.4307041090179
"orng-10",19,2004,27.7372262773723,4,39.2857765727861
"orng-10",19,2005,27.7372262773723,4,38.7060664278585
"orng-10",19,2006,27.7372262773723,4,38.7060664278585
"orng-10",19,2007,27.7372262773723,4,38.9857867075788
"orng-10",19,2008,27.007299270073,4,38.839801306119
"orng-10",19,2009,26.2773722627737,4,38.5488883684272
"orng-10",19,2010,26.2773722627737,4,38.5488883684272
"orng-10",19,2011,26.2773722627737,4,38.5488883684272
"orng-10",19,2012,26.2773722627737,4,38.4039608321953
"orng-10",19,2013,26.2773722627737,4,38.4039608321953
"orng-10",19,2014,26.2773722627737,4,38.4039608321953
"orng-10",19,2015,26.2773722627737,4,38.1191731561033
"orng-10",19,2016,26.2773722627737,4,38.1191731561033
"orng-10",19,2017,26.2773722627737,4,37.9793130162432
"orng-10",19,2018,26.2773722627737,4,37.839452876383
"orng-10",19,2019,26.2773722627737,4,37.839452876383
"orng-10",19,2020,26.2773722627737,4,37.839452876383
"orng-10",19,2021,26.2773722627737,4,37.839452876383
"orng-10",19,2022,26.2773722627737,4,37.839452876383
"orng-10",19,2023,28.4671532846716,4,38.9969793655503
"orng-10",19,2024,28.4671532846716,4,38.7071242930865
"orng-10",19,2025,27.7372262773723,4,38.2712838191629
"orng-10",20,1999,3.6231884057971,4,40.1532565018863
"orng-10",20,2000,2.89855072463768,4,39.5766742893954
"orng-10",20,2001,2.89855072463768,4,39.8604193213419
"orng-10",20,2002,2.89855072463768,4,39.7205591814817
"orng-10",20,2003,1.44927536231884,4,39.4307041090179
"orng-10",20,2004,1.44927536231884,4,39.2857765727861
"orng-10",20,2005,1.44927536231884,4,38.7060664278585
"orng-10",20,2006,1.44927536231884,4,38.7060664278585
"orng-10",20,2007,1.44927536231884,4,38.9857867075788
"orng-10",20,2008,1.44927536231884,4,38.839801306119
"orng-10",20,2009,0.72463768115942,4,38.5488883684272
"orng-10",20,2010,0.72463768115942,4,38.5488883684272
"orng-10",20,2011,0.72463768115942,4,38.5488883684272
"orng-10",20,2012,0.72463768115942,4,38.4039608321953
"orng-10",20,2013,0.72463768115942,4,38.4039608321953
"orng-10",20,2014,0.72463768115942,4,38.4039608321953
"orng-10",20,2015,0.72463768115942,4,38.1191731561033
"orng-10",20,2016,0.72463768115942,4,38.1191731561033
"orng-10",20,2017,0.72463768115942,4,37.9793130162432
"orng-10",20,2018,0.72463768115942,4,37.839452876383
"orng-10",20,2019,0.72463768115942,4,37.839452876383
"orng-10",20,2020,0.72463768115942,4,37.839452876383
"orng-10",20,2021,0.72463768115942,4,37.839452876383
"orng-10",20,2022,0.72463768115942,4,37.839452876383
"orng-10",20,2023,3.6231884057971,4,38.9969793655503
"orng-10",20,2024,2.17391304347826,4,38.7071242930865
"orng-10",20,2025,0.72463768115942,4,38.2712838191629
"orng-11",1,1999,36.6906474820144,1,18.2237067488866
"orng-11",1,2000,36.6906474820144,1,18.2237067488866
"orng-11",1,2001,36.6906474820144,1,18.2237067488866
"orng-11",1,2002,36.6906474820144,1,18.2237067488866
"orng-11",1,2003,36.6906474820144,1,18.2237067488866
"orng-11",1,2004,36.6906474820144,1,18.2237067488866
"orng-11",1,2005,36.6906474820144,1,18.4618019869818
"orng-11",1,2006,36.6906474820144,1,18.6998972250771
"orng-11",1,2007,36.6906474820144,1,18.6998972250771
"orng-11",1,2008,37.410071942446,1,18.9397053785543
"orng-11",1,2009,36.6906474820144,1,16.3298874578149
"orng-11",1,2010,35.9712230215827,1,16.150031342707
"orng-11",1,2011,35.9712230215827,1,15.972726378168
"orng-11",1,2012,35.9712230215827,1,14.5542866618559
"orng-11",1,2013,35.9712230215827,1,18.4600890715998
"orng-11",1,2014,35.9712230215827,1,18.4600890715998
"orng-11",1,2015,35.9712230215827,1,18.4600890715998
"orng-11",1,2016,35.9712230215827,1,18.4600890715998
"orng-11",1,2017,35.9712230215827,1,18.4600890715998
"orng-11",1,2018,35.9712230215827,1,18.2219938335046
"orng-11",1,2019,35.9712230215827,1,18.2219938335046
"orng-11",1,2020,35.9712230215827,1,18.2219938335046
"orng-11",1,2021,35.2517985611511,1,14.3859198355601
"orng-11",1,2022,35.2517985611511,1,14.3859198355601
"orng-11",1,2023,35.2517985611511,1,12.3638815391456
"orng-11",1,2024,35.2517985611511,1,12.2169425553782
"orng-11",1,2025,35.2517985611511,1,12.0730576632919
"orng-11",2,1999,0.714285714285714,1,18.2237067488866
"orng-11",2,2000,0.714285714285714,1,18.2237067488866
"orng-11",2,2001,0.714285714285714,1,18.2237067488866
"orng-11",2,2002,0.714285714285714,1,18.2237067488866
"orng-11",2,2003,0.714285714285714,1,18.2237067488866
"orng-11",2,2004,0.714285714285714,1,18.2237067488866
"orng-11",2,2005,1.42857142857143,1,18.4618019869818
"orng-11",2,2006,2.14285714285714,1,18.6998972250771
"orng-11",2,2007,2.14285714285714,1,18.6998972250771
"orng-11",2,2008,2.14285714285714,1,18.9397053785543
"orng-11",2,2009,2.14285714285714,1,16.3298874578149
"orng-11",2,2010,2.14285714285714,1,16.150031342707
"orng-11",2,2011,2.14285714285714,1,15.972726378168
"orng-11",2,2012,2.14285714285714,1,14.5542866618559
"orng-11",2,2013,2.14285714285714,1,18.4600890715998
"orng-11",2,2014,2.14285714285714,1,18.4600890715998
"orng-11",2,2015,2.14285714285714,1,18.4600890715998
"orng-11",2,2016,2.14285714285714,1,18.4600890715998
"orng-11",2,2017,2.14285714285714,1,18.4600890715998
"orng-11",2,2018,1.42857142857143,1,18.2219938335046
"orng-11",2,2019,1.42857142857143,1,18.2219938335046
"orng-11",2,2020,1.42857142857143,1,18.2219938335046
"orng-11",2,2021,1.42857142857143,1,14.3859198355601
"orng-11",2,2022,1.42857142857143,1,14.3859198355601
"orng-11",2,2023,1.42857142857143,1,12.3638815391456
"orng-11",2,2024,0.714285714285714,1,12.2169425553782
"orng-11",2,2025,0.714285714285714,1,12.0730576632919
"orng-11",3,1999,17.2661870503597,1,18.2237067488866
"orng-11",3,2000,17.2661870503597,1,18.2237067488866
"orng-11",3,2001,17.2661870503597,1,18.2237067488866
"orng-11",3,2002,17.2661870503597,1,18.2237067488866
"orng-11",3,2003,17.2661870503597,1,18.2237067488866
"orng-11",3,2004,17.2661870503597,1,18.2237067488866
"orng-11",3,2005,17.2661870503597,1,18.4618019869818
"orng-11",3,2006,17.2661870503597,1,18.6998972250771
"orng-11",3,2007,17.2661870503597,1,18.6998972250771
"orng-11",3,2008,17.2661870503597,1,18.9397053785543
"orng-11",3,2009,17.2661870503597,1,16.3298874578149
"orng-11",3,2010,17.2661870503597,1,16.150031342707
"orng-11",3,2011,17.2661870503597,1,15.972726378168
"orng-11",3,2012,17.2661870503597,1,14.5542866618559
"orng-11",3,2013,17.2661870503597,1,18.4600890715998
"orng-11",3,2014,17.2661870503597,1,18.4600890715998
"orng-11",3,2015,17.2661870503597,1,18.4600890715998
"orng-11",3,2016,17.2661870503597,1,18.4600890715998
"orng-11",3,2017,17.2661870503597,1,18.4600890715998
"orng-11",3,2018,17.2661870503597,1,18.2219938335046
"orng-11",3,2019,17.2661870503597,1,18.2219938335046
"orng-11",3,2020,17.2661870503597,1,18.2219938335046
"orng-11",3,2021,17.2661870503597,1,14.3859198355601
"orng-11",3,2022,17.2661870503597,1,14.3859198355601
"orng-11",3,2023,18.705035971223,1,12.3638815391456
"orng-11",3,2024,17.9856115107914,1,12.2169425553782
"orng-11",3,2025,19.4244604316547,1,12.0730576632919
"orng-11",4,2021,3.59712230215827,1,14.3859198355601
"orng-11",4,2022,3.59712230215827,1,14.3859198355601
"orng-11",4,2023,3.59712230215827,1,12.3638815391456
"orng-11",4,2024,2.87769784172662,1,12.2169425553782
"orng-11",4,2025,0.719424460431655,1,12.0730576632919
"orng-11",5,2009,9.21985815602837,1,16.3298874578149
"orng-11",5,2010,9.21985815602837,1,16.150031342707
"orng-11",5,2011,8.51063829787234,1,15.972726378168
"orng-11",5,2012,2.83687943262411,1,14.5542866618559
"orng-11",5,2023,2.83687943262411,1,12.3638815391456
"orng-11",5,2024,4.25531914893617,1,12.2169425553782
"orng-11",5,2025,4.25531914893617,1,12.0730576632919
"orng-11",6,1999,50.3597122302158,2,49.1625482222917
"orng-11",6,2000,50.3597122302158,2,49.0176206860598
"orng-11",6,2001,50.3597122302158,2,49.160477828917
"orng-11",6,2002,49.6402877697842,2,49.3105887960439
"orng-11",6,2003,49.6402877697842,2,49.165661259812
"orng-11",6,2004,49.6402877697842,2,49.0207337235801
"orng-11",6,2005,49.6402877697842,2,48.877876580723
"orng-11",6,2006,48.9208633093525,2,48.5911345457795
"orng-11",6,2007,48.2014388489209,2,48.4482922978388
"orng-11",6,2008,48.2014388489209,2,48.4482922978387
"orng-11",6,2009,46.0431654676259,2,48.1594947644369
"orng-11",6,2010,46.0431654676259,2,48.0166376215797
"orng-11",6,2011,43.8848920863309,2,47.5849829453207
"orng-11",6,2012,43.1654676258993,2,47.1512429807707
"orng-11",6,2013,43.1654676258993,2,46.8613879083069
"orng-11",6,2014,42.4460431654676,2,46.5746458733634
"orng-11",6,2015,41.726618705036,2,46.575688517509
"orng-11",6,2016,38.8489208633094,2,45.8552214129318
"orng-11",6,2017,38.1294964028777,2,45.7113365208454
"orng-11",6,2018,38.1294964028777,2,45.5684793779883
"orng-11",6,2019,37.410071942446,2,45.2817373430448
"orng-11",6,2020,35.9712230215827,2,44.5591849501765
"orng-11",6,2021,35.2517985611511,2,44.7030847371792
"orng-11",6,2022,35.2517985611511,2,44.2683021284836
"orng-11",6,2023,34.5323741007194,2,44.2703725218583
"orng-11",6,2024,34.5323741007194,2,46.8592579352667
"orng-11",6,2025,33.8129496402878,2,49.0175313165617
"orng-11",7,1999,57.9710144927536,2,49.1625482222917
"orng-11",7,2000,57.2463768115942,2,49.0176206860598
"orng-11",7,2001,57.2463768115942,2,49.160477828917
"orng-11",7,2002,60.1449275362319,2,49.3105887960439
"orng-11",7,2003,59.4202898550725,2,49.165661259812
"orng-11",7,2004,58.695652173913,2,49.0207337235801
"orng-11",7,2005,58.695652173913,2,48.877876580723
"orng-11",7,2006,58.695652173913,2,48.5911345457795
"orng-11",7,2007,59.4202898550725,2,48.4482922978388
"orng-11",7,2008,59.4202898550724,2,48.4482922978387
"orng-11",7,2009,59.4202898550724,2,48.1594947644369
"orng-11",7,2010,59.4202898550724,2,48.0166376215797
"orng-11",7,2011,59.4202898550724,2,47.5849829453207
"orng-11",7,2012,57.9710144927536,2,47.1512429807707
"orng-11",7,2013,56.5217391304348,2,46.8613879083069
"orng-11",7,2014,56.5217391304348,2,46.5746458733634
"orng-11",7,2015,57.2463768115942,2,46.575688517509
"orng-11",7,2016,56.5217391304348,2,45.8552214129318
"orng-11",7,2017,56.5217391304348,2,45.7113365208454
"orng-11",7,2018,56.5217391304348,2,45.5684793779883
"orng-11",7,2019,56.5217391304348,2,45.2817373430448
"orng-11",7,2020,54.3478260869565,2,44.5591849501765
"orng-11",7,2021,55.0724637681159,2,44.7030847371792
"orng-11",7,2022,52.8985507246377,2,44.2683021284836
"orng-11",7,2023,53.6231884057971,2,44.2703725218583
"orng-11",7,2024,52.8985507246377,2,46.8592579352667
"orng-11",7,2025,52.8985507246377,2,49.0175313165617
"orng-11",8,1999,52.8571428571429,2,49.1625482222917
"orng-11",8,2000,52.8571428571429,2,49.0176206860598
"orng-11",8,2001,52.8571428571429,2,49.160477828917
"orng-11",8,2002,52.8571428571429,2,49.3105887960439
"orng-11",8,2003,52.8571428571429,2,49.165661259812
"orng-11",8,2004,52.8571428571429,2,49.0207337235801
"orng-11",8,2005,52.1428571428571,2,48.877876580723
"orng-11",8,2006,51.4285714285714,2,48.5911345457795
"orng-11",8,2007,51.4285714285714,2,48.4482922978388
"orng-11",8,2008,51.4285714285714,2,48.4482922978387
"orng-11",8,2009,52.1428571428571,2,48.1594947644369
"orng-11",8,2010,52.1428571428571,2,48.0166376215797
"orng-11",8,2011,52.1428571428571,2,47.5849829453207
"orng-11",8,2012,52.1428571428571,2,47.1512429807707
"orng-11",8,2013,52.1428571428571,2,46.8613879083069
"orng-11",8,2014,52.1428571428571,2,46.5746458733634
"orng-11",8,2015,52.1428571428571,2,46.575688517509
"orng-11",8,2016,52.1428571428571,2,45.8552214129318
"orng-11",8,2017,52.1428571428571,2,45.7113365208454
"orng-11",8,2018,52.1428571428571,2,45.5684793779883
"orng-11",8,2019,52.1428571428571,2,45.2817373430448
"orng-11",8,2020,52.1428571428571,2,44.5591849501765
"orng-11",8,2021,52.8571428571429,2,44.7030847371792
"orng-11",8,2022,52.8571428571429,2,44.2683021284836
"orng-11",8,2023,52.1428571428571,2,44.2703725218583
"orng-11",8,2024,52.1428571428571,2,46.8592579352667
"orng-11",8,2025,52.1428571428571,2,49.0175313165617
"orng-11",9,1999,37.1428571428571,2,49.1625482222917
"orng-11",9,2000,37.1428571428571,2,49.0176206860598
"orng-11",9,2001,37.8571428571429,2,49.160477828917
"orng-11",9,2002,36.4285714285714,2,49.3105887960439
"orng-11",9,2003,36.4285714285714,2,49.165661259812
"orng-11",9,2004,36.4285714285714,2,49.0207337235801
"orng-11",9,2005,36.4285714285714,2,48.877876580723
"orng-11",9,2006,36.4285714285714,2,48.5911345457795
"orng-11",9,2007,36.4285714285714,2,48.4482922978388
"orng-11",9,2008,36.4285714285714,2,48.4482922978387
"orng-11",9,2009,36.4285714285714,2,48.1594947644369
"orng-11",9,2010,35.7142857142857,2,48.0166376215797
"orng-11",9,2011,35.7142857142857,2,47.5849829453207
"orng-11",9,2012,35.7142857142857,2,47.1512429807707
"orng-11",9,2013,35.7142857142857,2,46.8613879083069
"orng-11",9,2014,35,2,46.5746458733634
"orng-11",9,2015,35,2,46.575688517509
"orng-11",9,2016,35,2,45.8552214129318
"orng-11",9,2017,35,2,45.7113365208454
"orng-11",9,2018,34.2857142857143,2,45.5684793779883
"orng-11",9,2019,33.5714285714286,2,45.2817373430448
"orng-11",9,2020,33.5714285714286,2,44.5591849501765
"orng-11",9,2021,33.5714285714286,2,44.7030847371792
"orng-11",9,2022,33.5714285714286,2,44.2683021284836
"orng-11",9,2023,33.5714285714286,2,44.2703725218583
"orng-11",9,2024,33.5714285714286,2,46.8592579352667
"orng-11",9,2025,33.5714285714286,2,49.0175313165617
"orng-11",10,1999,47.4820143884892,2,49.1625482222917
"orng-11",10,2000,47.4820143884892,2,49.0176206860598
"orng-11",10,2001,47.4820143884892,2,49.160477828917
"orng-11",10,2002,47.4820143884892,2,49.3105887960439
"orng-11",10,2003,47.4820143884892,2,49.165661259812
"orng-11",10,2004,47.4820143884892,2,49.0207337235801
"orng-11",10,2005,47.4820143884892,2,48.877876580723
"orng-11",10,2006,47.4820143884892,2,48.5911345457795
"orng-11",10,2007,46.7625899280576,2,48.4482922978388
"orng-11",10,2008,46.7625899280576,2,48.4482922978387
"orng-11",10,2009,46.7625899280576,2,48.1594947644369
"orng-11",10,2010,46.7625899280576,2,48.0166376215797
"orng-11",10,2011,46.7625899280576,2,47.5849829453207
"orng-11",10,2012,46.7625899280576,2,47.1512429807707
"orng-11",10,2013,46.7625899280576,2,46.8613879083069
"orng-11",10,2014,46.7625899280576,2,46.5746458733634
"orng-11",10,2015,46.7625899280576,2,46.575688517509
"orng-11",10,2016,46.7625899280576,2,45.8552214129318
"orng-11",10,2017,46.7625899280576,2,45.7113365208454
"orng-11",10,2018,46.7625899280576,2,45.5684793779883
"orng-11",10,2019,46.7625899280576,2,45.2817373430448
"orng-11",10,2020,46.7625899280576,2,44.5591849501765
"orng-11",10,2021,46.7625899280576,2,44.7030847371792
"orng-11",10,2022,46.7625899280576,2,44.2683021284836
"orng-11",10,2023,47.4820143884892,2,44.2703725218583
"orng-11",10,2024,61.1510791366906,2,46.8592579352667
"orng-11",10,2025,72.6618705035972,2,49.0175313165617
"orng-11",11,1999,41.4285714285714,3,23.9101361173516
"orng-11",11,2000,41.4285714285714,3,23.9101361173516
"orng-11",11,2001,42.1428571428571,3,24.19483723184
"orng-11",11,2002,42.1428571428571,3,24.19483723184
"orng-11",11,2003,42.1428571428571,3,24.0529932602088
"orng-11",11,2004,41.4285714285714,3,23.7682921457205
"orng-11",11,2005,41.4285714285714,3,23.7682921457205
"orng-11",11,2006,41.4285714285714,3,23.7621250165191
"orng-11",11,2007,41.4285714285714,3,23.7621250165191
"orng-11",11,2008,41.4285714285714,3,23.7621250165191
"orng-11",11,2009,40.7142857142857,3,23.6192678736619
"orng-11",11,2010,41.4285714285714,3,23.7621250165191
"orng-11",11,2011,41.4285714285714,3,23.7621250165191
"orng-11",11,2012,41.4285714285714,3,23.7621250165191
"orng-11",11,2013,40,3,23.3345667591736
"orng-11",11,2014,40,3,23.4764107308048
"orng-11",11,2015,40,3,23.4764107308048
"orng-11",11,2016,40,3,23.4764107308048
"orng-11",11,2017,40,3,27.1643539932161
"orng-11",11,2018,40,3,29.2920135676842
"orng-11",11,2019,42.1428571428571,3,29.0113651380996
"orng-11",11,2020,42.1428571428571,3,26.6000176203691
"orng-11",11,2021,42.1428571428571,3,25.4652658473195
"orng-11",11,2022,42.1428571428571,3,24.1917536672393
"orng-11",11,2023,42.8571428571429,3,24.3346108100965
"orng-11",11,2024,42.8571428571429,3,24.1927668384653
"orng-11",11,2025,42.8571428571429,3,24.0478393022334
"orng-11",12,1999,29.0780141843972,3,23.9101361173516
"orng-11",12,2000,29.0780141843972,3,23.9101361173516
"orng-11",12,2001,29.7872340425532,3,24.19483723184
"orng-11",12,2002,29.7872340425532,3,24.19483723184
"orng-11",12,2003,29.7872340425532,3,24.0529932602088
"orng-11",12,2004,29.0780141843972,3,23.7682921457205
"orng-11",12,2005,29.0780141843972,3,23.7682921457205
"orng-11",12,2006,29.7872340425532,3,23.7621250165191
"orng-11",12,2007,29.7872340425532,3,23.7621250165191
"orng-11",12,2008,29.7872340425532,3,23.7621250165191
"orng-11",12,2009,29.7872340425532,3,23.6192678736619
"orng-11",12,2010,29.7872340425532,3,23.7621250165191
"orng-11",12,2011,29.7872340425532,3,23.7621250165191
"orng-11",12,2012,29.7872340425532,3,23.7621250165191
"orng-11",12,2013,29.0780141843972,3,23.3345667591736
"orng-11",12,2014,29.7872340425532,3,23.4764107308048
"orng-11",12,2015,29.7872340425532,3,23.4764107308048
"orng-11",12,2016,29.7872340425532,3,23.4764107308048
"orng-11",12,2017,29.7872340425532,3,27.1643539932161
"orng-11",12,2018,29.7872340425532,3,29.2920135676842
"orng-11",12,2019,29.7872340425532,3,29.0113651380996
"orng-11",12,2020,29.7872340425532,3,26.6000176203691
"orng-11",12,2021,29.7872340425532,3,25.4652658473195
"orng-11",12,2022,30.4964539007093,3,24.1917536672393
"orng-11",12,2023,30.4964539007093,3,24.3346108100965
"orng-11",12,2024,30.4964539007093,3,24.1927668384653
"orng-11",12,2025,30.4964539007092,3,24.0478393022334
"orng-11",13,1999,33.3333333333333,3,23.9101361173516
"orng-11",13,2000,33.3333333333333,3,23.9101361173516
"orng-11",13,2001,33.3333333333333,3,24.19483723184
"orng-11",13,2002,33.3333333333333,3,24.19483723184
"orng-11",13,2003,33.3333333333333,3,24.0529932602088
"orng-11",13,2004,33.3333333333333,3,23.7682921457205
"orng-11",13,2005,33.3333333333333,3,23.7682921457205
"orng-11",13,2006,32.6086956521739,3,23.7621250165191
"orng-11",13,2007,32.6086956521739,3,23.7621250165191
"orng-11",13,2008,32.6086956521739,3,23.7621250165191
"orng-11",13,2009,32.6086956521739,3,23.6192678736619
"orng-11",13,2010,32.6086956521739,3,23.7621250165191
"orng-11",13,2011,32.6086956521739,3,23.7621250165191
"orng-11",13,2012,32.6086956521739,3,23.7621250165191
"orng-11",13,2013,32.6086956521739,3,23.3345667591736
"orng-11",13,2014,32.6086956521739,3,23.4764107308048
"orng-11",13,2015,32.6086956521739,3,23.4764107308048
"orng-11",13,2016,32.6086956521739,3,23.4764107308048
"orng-11",13,2017,32.6086956521739,3,27.1643539932161
"orng-11",13,2018,32.6086956521739,3,29.2920135676842
"orng-11",13,2019,32.6086956521739,3,29.0113651380996
"orng-11",13,2020,32.6086956521739,3,26.6000176203691
"orng-11",13,2021,32.6086956521739,3,25.4652658473195
"orng-11",13,2022,33.3333333333333,3,24.1917536672393
"orng-11",13,2023,33.3333333333333,3,24.3346108100965
"orng-11",13,2024,33.3333333333333,3,24.1927668384653
"orng-11",13,2025,32.6086956521739,3,24.0478393022334
"orng-11",14,1999,5.07246376811594,3,23.9101361173516
"orng-11",14,2000,5.07246376811594,3,23.9101361173516
"orng-11",14,2001,5.07246376811594,3,24.19483723184
"orng-11",14,2002,5.07246376811594,3,24.19483723184
"orng-11",14,2003,5.07246376811594,3,24.0529932602088
"orng-11",14,2004,5.07246376811594,3,23.7682921457205
"orng-11",14,2005,5.07246376811594,3,23.7682921457205
"orng-11",14,2006,4.34782608695652,3,23.7621250165191
"orng-11",14,2007,4.34782608695652,3,23.7621250165191
"orng-11",14,2008,4.34782608695652,3,23.7621250165191
"orng-11",14,2009,4.34782608695652,3,23.6192678736619
"orng-11",14,2010,4.34782608695652,3,23.7621250165191
"orng-11",14,2011,4.34782608695652,3,23.7621250165191
"orng-11",14,2012,4.34782608695652,3,23.7621250165191
"orng-11",14,2013,4.34782608695652,3,23.3345667591736
"orng-11",14,2014,4.34782608695652,3,23.4764107308048
"orng-11",14,2015,4.34782608695652,3,23.4764107308048
"orng-11",14,2016,4.34782608695652,3,23.4764107308048
"orng-11",14,2017,4.34782608695652,3,27.1643539932161
"orng-11",14,2018,4.34782608695652,3,29.2920135676842
"orng-11",14,2019,4.34782608695652,3,29.0113651380996
"orng-11",14,2020,4.34782608695652,3,26.6000176203691
"orng-11",14,2021,4.34782608695652,3,25.4652658473195
"orng-11",14,2022,4.34782608695652,3,24.1917536672393
"orng-11",14,2023,4.34782608695652,3,24.3346108100965
"orng-11",14,2024,4.34782608695652,3,24.1927668384653
"orng-11",14,2025,4.34782608695652,3,24.0478393022334
"orng-11",15,1999,10.6382978723404,3,23.9101361173516
"orng-11",15,2000,10.6382978723404,3,23.9101361173516
"orng-11",15,2001,10.6382978723404,3,24.19483723184
"orng-11",15,2002,10.6382978723404,3,24.19483723184
"orng-11",15,2003,9.9290780141844,3,24.0529932602088
"orng-11",15,2004,9.9290780141844,3,23.7682921457205
"orng-11",15,2005,9.9290780141844,3,23.7682921457205
"orng-11",15,2006,10.6382978723404,3,23.7621250165191
"orng-11",15,2007,10.6382978723404,3,23.7621250165191
"orng-11",15,2008,10.6382978723404,3,23.7621250165191
"orng-11",15,2009,10.6382978723404,3,23.6192678736619
"orng-11",15,2010,10.6382978723404,3,23.7621250165191
"orng-11",15,2011,10.6382978723404,3,23.7621250165191
"orng-11",15,2012,10.6382978723404,3,23.7621250165191
"orng-11",15,2013,10.6382978723404,3,23.3345667591736
"orng-11",15,2014,10.6382978723404,3,23.4764107308048
"orng-11",15,2015,10.6382978723404,3,23.4764107308048
"orng-11",15,2016,10.6382978723404,3,23.4764107308048
"orng-11",15,2017,29.0780141843971,3,27.1643539932161
"orng-11",15,2018,39.7163120567376,3,29.2920135676842
"orng-11",15,2019,36.1702127659574,3,29.0113651380996
"orng-11",15,2020,24.1134751773049,3,26.6000176203691
"orng-11",15,2021,18.4397163120567,3,25.4652658473195
"orng-11",15,2022,10.6382978723404,3,24.1917536672393
"orng-11",15,2023,10.6382978723404,3,24.3346108100965
"orng-11",15,2024,9.9290780141844,3,24.1927668384653
"orng-11",15,2025,9.9290780141844,3,24.0478393022334
"orng-11",16,1999,13.6690647482014,4,4.65980938653332
"orng-11",16,2000,13.6690647482014,4,5.26745270450305
"orng-11",16,2001,13.6690647482014,4,4.1304456434852
"orng-11",16,2002,13.6690647482014,4,4.1304456434852
"orng-11",16,2003,13.6690647482014,4,4.1304456434852
"orng-11",16,2004,13.6690647482014,4,4.1304456434852
"orng-11",16,2005,13.6690647482014,4,5.26745270450305
"orng-11",16,2006,13.6690647482014,4,5.02764455102583
"orng-11",16,2007,14.3884892086331,4,5.26745270450307
"orng-11",16,2008,12.9496402877698,4,4.78783639754863
"orng-11",16,2009,12.9496402877698,4,4.78783639754863
"orng-11",16,2010,12.9496402877698,4,4.78783639754863
"orng-11",16,2011,12.9496402877698,4,3.77073341326939
"orng-11",16,2012,12.9496402877698,4,3.77073341326939
"orng-11",16,2013,12.9496402877698,4,4.78783639754863
"orng-11",16,2014,12.9496402877698,4,4.78783639754863
"orng-11",16,2015,12.9496402877698,4,4.78783639754863
"orng-11",16,2016,12.9496402877698,4,4.78783639754863
"orng-11",16,2017,12.9496402877698,4,3.77073341326939
"orng-11",16,2018,31.6546762589928,4,8.80670463629096
"orng-11",16,2019,32.3741007194244,4,9.16641686650678
"orng-11",16,2020,30.2158273381295,4,8.44699240607514
"orng-11",16,2021,14.3884892086331,4,4.31030175859312
"orng-11",16,2022,13.6690647482014,4,4.1304456434852
"orng-11",16,2023,13.6690647482014,4,3.95058952837729
"orng-11",16,2024,13.6690647482014,4,3.95058952837729
"orng-11",16,2025,13.6690647482014,4,4.31030175859311
"orng-11",17,1999,0.694444444444444,4,4.65980938653332
"orng-11",17,2000,0.694444444444444,4,5.26745270450305
"orng-11",17,2001,0.694444444444444,4,4.1304456434852
"orng-11",17,2002,0.694444444444444,4,4.1304456434852
"orng-11",17,2003,0.694444444444444,4,4.1304456434852
"orng-11",17,2004,0.694444444444444,4,4.1304456434852
"orng-11",17,2005,0.694444444444444,4,5.26745270450305
"orng-11",17,2006,0.694444444444444,4,5.02764455102583
"orng-11",17,2007,0.694444444444444,4,5.26745270450307
"orng-11",17,2008,0.694444444444444,4,4.78783639754863
"orng-11",17,2009,0.694444444444444,4,4.78783639754863
"orng-11",17,2010,0.694444444444444,4,4.78783639754863
"orng-11",17,2011,0.694444444444444,4,3.77073341326939
"orng-11",17,2012,0.694444444444444,4,3.77073341326939
"orng-11",17,2013,0.694444444444444,4,4.78783639754863
"orng-11",17,2014,0.694444444444444,4,4.78783639754863
"orng-11",17,2015,0.694444444444444,4,4.78783639754863
"orng-11",17,2016,0.694444444444444,4,4.78783639754863
"orng-11",17,2017,0.694444444444444,4,3.77073341326939
"orng-11",17,2018,0.694444444444444,4,8.80670463629096
"orng-11",17,2019,0.694444444444444,4,9.16641686650678
"orng-11",17,2020,0.694444444444444,4,8.44699240607514
"orng-11",17,2021,0.694444444444444,4,4.31030175859312
"orng-11",17,2022,0.694444444444444,4,4.1304456434852
"orng-11",17,2023,0.694444444444444,4,3.95058952837729
"orng-11",17,2024,0.694444444444444,4,3.95058952837729
"orng-11",17,2025,0.694444444444444,4,4.31030175859311
"orng-11",18,1999,1.43884892086331,4,4.65980938653332
"orng-11",18,2000,1.43884892086331,4,5.26745270450305
"orng-11",18,2001,1.43884892086331,4,4.1304456434852
"orng-11",18,2002,1.43884892086331,4,4.1304456434852
"orng-11",18,2003,1.43884892086331,4,4.1304456434852
"orng-11",18,2004,1.43884892086331,4,4.1304456434852
"orng-11",18,2005,1.43884892086331,4,5.26745270450305
"orng-11",18,2006,0.719424460431655,4,5.02764455102583
"orng-11",18,2007,0.719424460431655,4,5.26745270450307
"orng-11",18,2008,0.719424460431655,4,4.78783639754863
"orng-11",18,2009,0.719424460431655,4,4.78783639754863
"orng-11",18,2010,0.719424460431655,4,4.78783639754863
"orng-11",18,2011,0.719424460431655,4,3.77073341326939
"orng-11",18,2012,0.719424460431655,4,3.77073341326939
"orng-11",18,2013,0.719424460431655,4,4.78783639754863
"orng-11",18,2014,0.719424460431655,4,4.78783639754863
"orng-11",18,2015,0.719424460431655,4,4.78783639754863
"orng-11",18,2016,0.719424460431655,4,4.78783639754863
"orng-11",18,2017,0.719424460431655,4,3.77073341326939
"orng-11",18,2018,0.719424460431655,4,8.80670463629096
"orng-11",18,2019,0.719424460431655,4,9.16641686650678
"orng-11",18,2020,0.719424460431655,4,8.44699240607514
"orng-11",18,2021,0.719424460431655,4,4.31030175859312
"orng-11",18,2022,0.719424460431655,4,4.1304456434852
"orng-11",18,2023,0.719424460431655,4,3.95058952837729
"orng-11",18,2024,0.719424460431655,4,3.95058952837729
"orng-11",18,2025,0.719424460431655,4,4.31030175859311
"orng-11",19,2001,0.719424460431655,4,4.1304456434852
"orng-11",19,2002,0.719424460431655,4,4.1304456434852
"orng-11",19,2003,0.719424460431655,4,4.1304456434852
"orng-11",19,2004,0.719424460431655,4,4.1304456434852
"orng-11",19,2011,0.719424460431655,4,3.77073341326939
"orng-11",19,2012,0.719424460431655,4,3.77073341326939
"orng-11",19,2017,0.719424460431655,4,3.77073341326939
"orng-11",19,2018,2.15827338129496,4,8.80670463629096
"orng-11",19,2019,2.87769784172662,4,9.16641686650678
"orng-11",19,2020,2.15827338129496,4,8.44699240607514
"orng-11",19,2021,1.43884892086331,4,4.31030175859312
"orng-11",19,2022,1.43884892086331,4,4.1304456434852
"orng-11",19,2023,0.719424460431655,4,3.95058952837729
"orng-11",19,2024,0.719424460431655,4,3.95058952837729
"orng-11",19,2025,2.15827338129496,4,4.31030175859311
"orng-11",20,1999,2.83687943262411,4,4.65980938653332
"orng-12",1,1999,12.2302158273381,1,20.3114826472662
"orng-12",1,2000,12.2302158273381,1,20.3114826472662
"orng-12",1,2001,12.2302158273381,1,20.136657472441
"orng-12",1,2002,12.2302158273381,1,19.9618322976158
"orng-12",1,2003,12.2302158273381,1,19.9618322976158
"orng-12",1,2004,12.2302158273381,1,19.9618322976158
"orng-12",1,2005,12.2302158273381,1,19.7870071227907
"orng-12",1,2006,12.2302158273381,1,19.4310225276756
"orng-12",1,2007,12.2302158273381,1,19.2561973528505
"orng-12",1,2008,12.2302158273381,1,19.2561973528505
"orng-12",1,2009,12.2302158273381,1,19.2561973528505
"orng-12",1,2010,12.2302158273381,1,18.9002127577354
"orng-12",1,2011,12.2302158273381,1,18.9002127577354
"orng-12",1,2012,12.2302158273381,1,15.1191424569592
"orng-12",1,2013,12.2302158273381,1,18.7203566426275
"orng-12",1,2014,15.1079136690647,1,19.2599249879513
"orng-12",1,2015,15.8273381294964,1,19.4397811030592
"orng-12",1,2016,15.8273381294964,1,19.4397811030592
"orng-12",1,2017,15.8273381294964,1,19.4397811030592
"orng-12",1,2018,15.1079136690648,1,19.0800688728434
"orng-12",1,2019,15.1079136690648,1,19.0800688728434
"orng-12",1,2020,15.1079136690648,1,19.0800688728434
"orng-12",1,2021,15.1079136690648,1,19.2548940476685
"orng-12",1,2022,20.863309352518,1,20.6937429685319
"orng-12",1,2023,20.863309352518,1,17.2692800891112
"orng-12",1,2024,20.1438848920864,1,16.8396809113106
"orng-12",1,2025,17.2661870503597,1,15.978427057251
"orng-12",2,1999,27.972027972028,1,20.3114826472662
"orng-12",2,2000,27.972027972028,1,20.3114826472662
"orng-12",2,2001,27.2727272727273,1,20.136657472441
"orng-12",2,2002,26.5734265734266,1,19.9618322976158
"orng-12",2,2003,26.5734265734266,1,19.9618322976158
"orng-12",2,2004,26.5734265734266,1,19.9618322976158
"orng-12",2,2005,25.8741258741259,1,19.7870071227907
"orng-12",2,2006,25.1748251748252,1,19.4310225276756
"orng-12",2,2007,24.4755244755245,1,19.2561973528505
"orng-12",2,2008,24.4755244755245,1,19.2561973528505
"orng-12",2,2009,24.4755244755245,1,19.2561973528505
"orng-12",2,2010,23.7762237762238,1,18.9002127577354
"orng-12",2,2011,23.7762237762238,1,18.9002127577354
"orng-12",2,2012,23.7762237762238,1,15.1191424569592
"orng-12",2,2013,23.7762237762238,1,18.7203566426275
"orng-12",2,2014,23.7762237762238,1,19.2599249879513
"orng-12",2,2015,23.7762237762238,1,19.4397811030592
"orng-12",2,2016,23.7762237762238,1,19.4397811030592
"orng-12",2,2017,23.7762237762238,1,19.4397811030592
"orng-12",2,2018,23.7762237762238,1,19.0800688728434
"orng-12",2,2019,23.7762237762238,1,19.0800688728434
"orng-12",2,2020,23.7762237762238,1,19.0800688728434
"orng-12",2,2021,24.4755244755245,1,19.2548940476685
"orng-12",2,2022,24.4755244755245,1,20.6937429685319
"orng-12",2,2023,24.4755244755245,1,17.2692800891112
"orng-12",2,2024,24.4755244755245,1,16.8396809113106
"orng-12",2,2025,24.4755244755245,1,15.978427057251
"orng-12",3,1999,35.9712230215827,1,20.3114826472662
"orng-12",3,2000,35.9712230215827,1,20.3114826472662
"orng-12",3,2001,35.9712230215827,1,20.136657472441
"orng-12",3,2002,35.9712230215827,1,19.9618322976158
"orng-12",3,2003,35.9712230215827,1,19.9618322976158
"orng-12",3,2004,35.9712230215827,1,19.9618322976158
"orng-12",3,2005,35.9712230215827,1,19.7870071227907
"orng-12",3,2006,35.9712230215827,1,19.4310225276756
"orng-12",3,2007,35.9712230215827,1,19.2561973528505
"orng-12",3,2008,35.9712230215827,1,19.2561973528505
"orng-12",3,2009,35.9712230215827,1,19.2561973528505
"orng-12",3,2010,35.9712230215827,1,18.9002127577354
"orng-12",3,2011,35.9712230215827,1,18.9002127577354
"orng-12",3,2012,35.2517985611511,1,15.1191424569592
"orng-12",3,2013,35.2517985611511,1,18.7203566426275
"orng-12",3,2014,34.5323741007194,1,19.2599249879513
"orng-12",3,2015,34.5323741007194,1,19.4397811030592
"orng-12",3,2016,34.5323741007194,1,19.4397811030592
"orng-12",3,2017,34.5323741007194,1,19.4397811030592
"orng-12",3,2018,33.8129496402878,1,19.0800688728434
"orng-12",3,2019,33.8129496402878,1,19.0800688728434
"orng-12",3,2020,33.8129496402878,1,19.0800688728434
"orng-12",3,2021,33.8129496402878,1,19.2548940476685
"orng-12",3,2022,33.8129496402878,1,20.6937429685319
"orng-12",3,2023,33.8129496402878,1,17.2692800891112
"orng-12",3,2024,33.8129496402878,1,16.8396809113106
"orng-12",3,2025,33.8129496402878,1,15.978427057251
"orng-12",4,2012,0.714285714285714,1,15.1191424569592
"orng-12",4,2023,3.57142857142857,1,17.2692800891112
"orng-12",4,2024,2.14285714285714,1,16.8396809113106
"orng-12",4,2025,0.714285714285714,1,15.978427057251
"orng-12",5,1999,5.07246376811594,1,20.3114826472662
"orng-12",5,2000,5.07246376811594,1,20.3114826472662
"orng-12",5,2001,5.07246376811594,1,20.136657472441
"orng-12",5,2002,5.07246376811594,1,19.9618322976158
"orng-12",5,2003,5.07246376811594,1,19.9618322976158
"orng-12",5,2004,5.07246376811594,1,19.9618322976158
"orng-12",5,2005,5.07246376811594,1,19.7870071227907
"orng-12",5,2006,4.34782608695652,1,19.4310225276756
"orng-12",5,2007,4.34782608695652,1,19.2561973528505
"orng-12",5,2008,4.34782608695652,1,19.2561973528505
"orng-12",5,2009,4.34782608695652,1,19.2561973528505
"orng-12",5,2010,3.6231884057971,1,18.9002127577354
"orng-12",5,2011,3.6231884057971,1,18.9002127577354
"orng-12",5,2012,3.6231884057971,1,15.1191424569592
"orng-12",5,2013,3.6231884057971,1,18.7203566426275
"orng-12",5,2014,3.6231884057971,1,19.2599249879513
"orng-12",5,2015,3.6231884057971,1,19.4397811030592
"orng-12",5,2016,3.6231884057971,1,19.4397811030592
"orng-12",5,2017,3.6231884057971,1,19.4397811030592
"orng-12",5,2018,3.6231884057971,1,19.0800688728434
"orng-12",5,2019,3.6231884057971,1,19.0800688728434
"orng-12",5,2020,3.6231884057971,1,19.0800688728434
"orng-12",5,2021,3.6231884057971,1,19.2548940476685
"orng-12",5,2022,3.6231884057971,1,20.6937429685319
"orng-12",5,2023,3.6231884057971,1,17.2692800891112
"orng-12",5,2024,3.6231884057971,1,16.8396809113106
"orng-12",5,2025,3.6231884057971,1,15.978427057251
"orng-12",15,1999,8.69565217391304,3,8.69565217391304
"orng-12",15,2000,7.97101449275362,3,7.97101449275362
"orng-12",15,2001,7.97101449275362,3,7.97101449275362
"orng-12",15,2002,7.97101449275362,3,7.97101449275362
"orng-12",15,2003,7.97101449275362,3,7.97101449275362
"orng-12",15,2004,7.97101449275362,3,7.97101449275362
"orng-12",15,2005,7.97101449275362,3,7.97101449275362
"orng-12",15,2006,7.97101449275362,3,7.97101449275362
"orng-12",15,2007,7.97101449275362,3,7.97101449275362
"orng-12",15,2008,7.97101449275362,3,7.97101449275362
"orng-12",15,2009,7.97101449275362,3,7.97101449275362
"orng-12",15,2010,7.97101449275362,3,7.97101449275362
"orng-12",15,2011,7.97101449275362,3,7.97101449275362
"orng-12",15,2012,7.97101449275362,3,7.97101449275362
"orng-12",15,2013,7.97101449275362,3,7.97101449275362
"orng-12",15,2014,7.97101449275362,3,7.97101449275362
"orng-12",15,2015,6.52173913043478,3,6.52173913043478
"orng-12",15,2016,6.52173913043478,3,6.52173913043478
"orng-12",15,2017,6.52173913043478,3,6.52173913043478
"orng-12",15,2018,6.52173913043478,3,6.52173913043478
"orng-12",15,2019,6.52173913043478,3,6.52173913043478
"orng-12",15,2020,6.52173913043478,3,6.52173913043478
"orng-12",15,2021,6.52173913043478,3,6.52173913043478
"orng-12",15,2022,6.52173913043478,3,6.52173913043478
"orng-12",15,2023,6.52173913043478,3,6.52173913043478
"orng-12",15,2024,6.52173913043478,3,6.52173913043478
"orng-12",15,2025,6.52173913043478,3,6.52173913043478
"orng-12",16,1999,56.1151079136691,4,27.7546360427186
"orng-12",16,2000,56.1151079136691,4,27.898520934805
"orng-12",16,2001,56.1151079136691,4,28.0424058268913
"orng-12",16,2002,56.1151079136691,4,27.7546211478022
"orng-12",16,2003,56.1151079136691,4,27.7546211478022
"orng-12",16,2004,56.1151079136691,4,27.6107362557159
"orng-12",16,2005,56.1151079136691,4,27.6107362557159
"orng-12",16,2006,56.1151079136691,4,27.3250219700016
"orng-12",16,2007,55.3956834532374,4,28.0454741796625
"orng-12",16,2008,54.6762589928058,4,27.9015892875762
"orng-12",16,2009,53.9568345323741,4,27.4699346113171
"orng-12",16,2010,53.9568345323741,4,27.7577043954898
"orng-12",16,2011,53.9568345323741,4,27.4699346113172
"orng-12",16,2012,53.9568345323741,4,27.3260497192308
"orng-12",16,2013,53.9568345323741,4,27.4699346113171
"orng-12",16,2014,53.9568345323741,4,27.3260497192308
"orng-12",16,2015,53.9568345323741,4,27.3260497192308
"orng-12",16,2016,53.9568345323741,4,27.3260497192308
"orng-12",16,2017,52.5179856115108,4,27.0382799350582
"orng-12",16,2018,52.5179856115108,4,27.0382799350582
"orng-12",16,2019,52.5179856115108,4,27.0382799350582
"orng-12",16,2020,51.7985611510791,4,26.8943950429718
"orng-12",16,2021,51.7985611510791,4,27.037252185829
"orng-12",16,2022,51.7985611510791,4,27.037252185829
"orng-12",16,2023,51.7985611510791,4,27.037252185829
"orng-12",16,2024,51.7985611510791,4,26.7515379001147
"orng-12",16,2025,51.7985611510791,4,27.0393076842873
"orng-12",17,1999,46.0431654676259,4,27.7546360427186
"orng-12",17,2000,46.7625899280576,4,27.898520934805
"orng-12",17,2001,47.4820143884892,4,28.0424058268913
"orng-12",17,2002,47.4820143884892,4,27.7546211478022
"orng-12",17,2003,47.4820143884892,4,27.7546211478022
"orng-12",17,2004,46.7625899280576,4,27.6107362557159
"orng-12",17,2005,46.7625899280576,4,27.6107362557159
"orng-12",17,2006,46.7625899280575,4,27.3250219700016
"orng-12",17,2007,51.7985611510791,4,28.0454741796625
"orng-12",17,2008,51.7985611510792,4,27.9015892875762
"orng-12",17,2009,50.3597122302158,4,27.4699346113171
"orng-12",17,2010,51.7985611510791,4,27.7577043954898
"orng-12",17,2011,50.3597122302159,4,27.4699346113172
"orng-12",17,2012,49.6402877697842,4,27.3260497192308
"orng-12",17,2013,50.3597122302158,4,27.4699346113171
"orng-12",17,2014,49.6402877697842,4,27.3260497192308
"orng-12",17,2015,49.6402877697842,4,27.3260497192308
"orng-12",17,2016,49.6402877697842,4,27.3260497192308
"orng-12",17,2017,49.6402877697842,4,27.0382799350582
"orng-12",17,2018,49.6402877697842,4,27.0382799350582
"orng-12",17,2019,49.6402877697842,4,27.0382799350582
"orng-12",17,2020,49.6402877697842,4,26.8943950429718
"orng-12",17,2021,49.6402877697842,4,27.037252185829
"orng-12",17,2022,49.6402877697842,4,27.037252185829
"orng-12",17,2023,49.6402877697842,4,27.037252185829
"orng-12",17,2024,49.6402877697842,4,26.7515379001147
"orng-12",17,2025,51.0791366906475,4,27.0393076842873
"orng-12",18,1999,22.8571428571429,4,27.7546360427186
"orng-12",18,2000,22.8571428571429,4,27.898520934805
"orng-12",18,2001,22.8571428571429,4,28.0424058268913
"orng-12",18,2002,22.1428571428571,4,27.7546211478022
"orng-12",18,2003,22.1428571428571,4,27.7546211478022
"orng-12",18,2004,22.1428571428571,4,27.6107362557159
"orng-12",18,2005,22.1428571428571,4,27.6107362557159
"orng-12",18,2006,20.7142857142857,4,27.3250219700016
"orng-12",18,2007,20,4,28.0454741796625
"orng-12",18,2008,20,4,27.9015892875762
"orng-12",18,2009,20,4,27.4699346113171
"orng-12",18,2010,20,4,27.7577043954898
"orng-12",18,2011,20,4,27.4699346113172
"orng-12",18,2012,20,4,27.3260497192308
"orng-12",18,2013,20,4,27.4699346113171
"orng-12",18,2014,20,4,27.3260497192308
"orng-12",18,2015,20,4,27.3260497192308
"orng-12",18,2016,20,4,27.3260497192308
"orng-12",18,2017,20,4,27.0382799350582
"orng-12",18,2018,20,4,27.0382799350582
"orng-12",18,2019,20,4,27.0382799350582
"orng-12",18,2020,20,4,26.8943950429718
"orng-12",18,2021,20.7142857142857,4,27.037252185829
"orng-12",18,2022,20.7142857142857,4,27.037252185829
"orng-12",18,2023,20.7142857142857,4,27.037252185829
"orng-12",18,2024,19.2857142857143,4,26.7515379001147
"orng-12",18,2025,19.2857142857143,4,27.0393076842873
"orng-12",19,1999,13.0434782608696,4,27.7546360427186
"orng-12",19,2000,13.0434782608696,4,27.898520934805
"orng-12",19,2001,13.0434782608696,4,28.0424058268913
"orng-12",19,2002,12.3188405797101,4,27.7546211478022
"orng-12",19,2003,12.3188405797101,4,27.7546211478022
"orng-12",19,2004,12.3188405797101,4,27.6107362557159
"orng-12",19,2005,12.3188405797101,4,27.6107362557159
"orng-12",19,2006,12.3188405797101,4,27.3250219700016
"orng-12",19,2007,12.3188405797101,4,28.0454741796625
"orng-12",19,2008,12.3188405797101,4,27.9015892875762
"orng-12",19,2009,12.3188405797101,4,27.4699346113171
"orng-12",19,2010,12.3188405797101,4,27.7577043954898
"orng-12",19,2011,12.3188405797101,4,27.4699346113172
"orng-12",19,2012,12.3188405797101,4,27.3260497192308
"orng-12",19,2013,12.3188405797101,4,27.4699346113171
"orng-12",19,2014,12.3188405797101,4,27.3260497192308
"orng-12",19,2015,12.3188405797101,4,27.3260497192308
"orng-12",19,2016,12.3188405797101,4,27.3260497192308
"orng-12",19,2017,12.3188405797101,4,27.0382799350582
"orng-12",19,2018,12.3188405797101,4,27.0382799350582
"orng-12",19,2019,12.3188405797101,4,27.0382799350582
"orng-12",19,2020,12.3188405797101,4,26.8943950429718
"orng-12",19,2021,12.3188405797101,4,27.037252185829
"orng-12",19,2022,12.3188405797101,4,27.037252185829
"orng-12",19,2023,12.3188405797101,4,27.037252185829
"orng-12",19,2024,12.3188405797101,4,26.7515379001147
"orng-12",19,2025,12.3188405797101,4,27.0393076842873
"orng-12",20,1999,0.714285714285714,4,27.7546360427186
"orng-12",20,2000,0.714285714285714,4,27.898520934805
"orng-12",20,2001,0.714285714285714,4,28.0424058268913
"orng-12",20,2002,0.714285714285714,4,27.7546211478022
"orng-12",20,2003,0.714285714285714,4,27.7546211478022
"orng-12",20,2004,0.714285714285714,4,27.6107362557159
"orng-12",20,2005,0.714285714285714,4,27.6107362557159
"orng-12",20,2006,0.714285714285714,4,27.3250219700016
"orng-12",20,2007,0.714285714285714,4,28.0454741796625
"orng-12",20,2008,0.714285714285714,4,27.9015892875762
"orng-12",20,2009,0.714285714285714,4,27.4699346113171
"orng-12",20,2010,0.714285714285714,4,27.7577043954898
"orng-12",20,2011,0.714285714285714,4,27.4699346113172
"orng-12",20,2012,0.714285714285714,4,27.3260497192308
"orng-12",20,2013,0.714285714285714,4,27.4699346113171
"orng-12",20,2014,0.714285714285714,4,27.3260497192308
"orng-12",20,2015,0.714285714285714,4,27.3260497192308
"orng-12",20,2016,0.714285714285714,4,27.3260497192308
"orng-12",20,2017,0.714285714285714,4,27.0382799350582
"orng-12",20,2018,0.714285714285714,4,27.0382799350582
"orng-12",20,2019,0.714285714285714,4,27.0382799350582
"orng-12",20,2020,0.714285714285714,4,26.8943950429718
"orng-12",20,2021,0.714285714285714,4,27.037252185829
"orng-12",20,2022,0.714285714285714,4,27.037252185829
"orng-12",20,2023,0.714285714285714,4,27.037252185829
"orng-12",20,2024,0.714285714285714,4,26.7515379001147
"orng-12",20,2025,0.714285714285714,4,27.0393076842873
