"rownames","mean","se_mean","sd","conf_2.5","conf_25","conf_50","conf_75","conf_97.5","n_eff","Rhat","sp_id","spqrt_standard","slope","raw","flag_rhat","flag_neff"
"a",-0.0494728436928357,0.000191681510758966,0.0134864568917392,-0.0765527197266348,-0.0583433592187473,-0.0494375774230164,-0.0406000178962484,-0.0224399633432629,4950.34298091947,0.999068089686573,NA,NA,NA,NA,FALSE,FALSE
"sig_spqrt",0.205412243769829,0.00142017111441557,0.0325155179574872,0.137877909379072,0.184428280852382,0.207216094538569,0.227331723185818,0.265636038741273,524.20360450386,1.00894434815619,NA,NA,NA,NA,TRUE,TRUE
"gamma_b",-0.6562063433952,0.0118030444478781,0.918792533793431,-2.43071180273604,-1.25679733263487,-0.638225994159708,-0.0442192186967243,1.15411186036128,6059.64008253205,0.99917975205558,NA,NA,NA,NA,FALSE,FALSE
"sig_b",0.856737908023648,0.0102745648618265,0.63612347958974,0.0324927624439182,0.34181177665107,0.739271042756485,1.24362260453906,2.36103548960313,3833.15142053393,0.999116452550696,NA,NA,NA,NA,FALSE,FALSE
"kappa_uai",-0.153471577527172,0.0117471277178753,0.913957783384651,-1.94684039361653,-0.773379455107026,-0.157215913240764,0.471808456599873,1.65348683882719,6053.2538974357,0.999469947986311,NA,NA,NA,NA,FALSE,FALSE
"kappa_forest",0.856831071999809,0.0266532287394069,2.22925956098385,-3.52195202955168,-0.617295715253696,0.83580908266059,2.35655498014862,5.19294022533161,6995.54610156357,0.999194820316509,NA,NA,NA,NA,FALSE,FALSE
"c_obs",-0.000725646248897271,0.00043241032154636,0.0346399303836046,-0.0680587978575087,-0.024386536821141,-0.00134783345155986,0.0231915572927919,0.0678868582699251,6417.44148221765,0.999245733626888,NA,NA,NA,NA,FALSE,FALSE
"sigma",1.26975682771159,0.000216570848776539,0.00907016676988092,1.25215823909226,1.26349264545117,1.26974739410427,1.27588582110058,1.287296259005,1754.00387094473,0.999826540886992,NA,NA,NA,NA,FALSE,TRUE
"a_spqrt[1]",0.0303475667833598,0.00247115605512544,0.2010491808171,-0.365216038188627,-0.101081990967979,0.0272139537758024,0.16077796455384,0.433324950232663,6619.18121873248,0.998986549269559,NA,1,NA,NA,FALSE,FALSE
"a_spqrt[2]",0.00652627349027626,0.00294048355660114,0.197885975784113,-0.38879474511837,-0.12170997042644,0.00641315925855672,0.13411401847355,0.398814996804138,4528.89782958685,0.99903745182936,NA,2,NA,NA,FALSE,FALSE
"a_spqrt[3]",-0.00164529377477641,0.00235084553247168,0.200585795540188,-0.406355495283431,-0.130091868256098,-0.00108575780699282,0.128560294951859,0.39619885432824,7280.34840090335,0.999047050154003,NA,3,NA,NA,FALSE,FALSE
"a_spqrt[4]",0.0031054125620445,0.00236040283595924,0.203590572536238,-0.394755025821041,-0.134216681460115,0.00355355239342115,0.139825475275621,0.397495380288188,7439.48841591532,0.999268998289805,NA,4,NA,NA,FALSE,FALSE
"a_spqrt[5]",-0.0212877364265352,0.0024347823470614,0.179977120923635,-0.393846912822964,-0.136593553597859,-0.0147400847082873,0.0984699250755978,0.322284422180604,5464.04555746332,0.999226981849073,NA,5,NA,NA,FALSE,FALSE
"a_spqrt[6]",-0.0237359286420134,0.00190809474671455,0.17939648110826,-0.369497210360997,-0.142602398936899,-0.026796427237115,0.0945441095987701,0.332164963235411,8839.50545888304,0.998976928784237,NA,6,NA,NA,FALSE,FALSE
"a_spqrt[7]",0.0335798088346227,0.00216334033131918,0.185172175421553,-0.330978546165744,-0.091668452048281,0.0336345258339836,0.153599007998147,0.401802385809276,7326.58788662019,0.999360733510056,NA,7,NA,NA,FALSE,FALSE
"a_spqrt[8]",-0.00578992003439022,0.00249845420696259,0.18793517706512,-0.377087296828207,-0.127623091850309,-0.00517512548049521,0.119372136606025,0.364803917256716,5658.13580691082,0.999117304354754,NA,8,NA,NA,FALSE,FALSE
"a_spqrt[9]",-0.00274093078237856,0.00213140331376291,0.201836084415038,-0.391870570661864,-0.133954068704729,-0.00143202584298155,0.127691754453624,0.40001856010127,8967.39605746138,0.999063201340859,NA,9,NA,NA,FALSE,FALSE
"a_spqrt[10]",-0.0196919173282756,0.00234928213389142,0.199634086518303,-0.410069442879804,-0.150082576771728,-0.0173817565310175,0.113859400032112,0.364239965370076,7221.02821484253,0.99903528506638,NA,10,NA,NA,FALSE,FALSE
"a_spqrt[11]",0.0108482628328681,0.00230066032147098,0.189356846015412,-0.371813996606672,-0.11070006022627,0.0137689793053101,0.133702358376086,0.378208646614378,6774.18444948374,0.999036439088799,NA,11,NA,NA,FALSE,FALSE
"a_spqrt[12]",0.0476273097754779,0.00253437947044281,0.194017430734354,-0.318754227964367,-0.0814504375178707,0.0425138676101805,0.174429427450775,0.443171714848582,5860.54782595882,0.999698363212497,NA,12,NA,NA,FALSE,FALSE
"a_spqrt[13]",0.0233671086033861,0.00220118453134651,0.181990493612389,-0.339920966587329,-0.100444408096956,0.0239584951060297,0.143547932368771,0.388124002444295,6835.72372030534,0.999385666810982,NA,13,NA,NA,FALSE,FALSE
"a_spqrt[14]",0.0387180368026218,0.0024317771821909,0.194516001030011,-0.340706382053233,-0.0931150969302371,0.0359923755241248,0.168565535164189,0.425735313432723,6398.27801430038,0.999160745541348,NA,14,NA,NA,FALSE,FALSE
"a_spqrt[15]",-0.012256185220326,0.00248589017381265,0.180769291152498,-0.373324318884029,-0.130444885394689,-0.0164423207863985,0.10944679273509,0.354590678297141,5287.92680088348,0.99996991862645,NA,15,NA,NA,FALSE,FALSE
"a_spqrt[16]",-0.00883979626594991,0.00252677755109976,0.210546485447312,-0.426420777515161,-0.15010125886674,-0.00825223738330424,0.13312789805111,0.405905927798259,6943.23673481111,0.999181347042678,NA,16,NA,NA,FALSE,FALSE
"a_spqrt[17]",-0.00849099051435916,0.0026592967238786,0.206154961199326,-0.44001869347595,-0.144177957369241,-0.00793675115598201,0.12813855974517,0.400903563469607,6009.71648793751,0.999564701482296,NA,17,NA,NA,FALSE,FALSE
"a_spqrt[18]",0.0168038715782041,0.00279135125487737,0.205547204009441,-0.38592461017821,-0.116645996570421,0.0158519299499056,0.151434221191896,0.427183655966541,5422.43265388543,0.999391862013286,NA,18,NA,NA,FALSE,FALSE
"a_spqrt[19]",-0.00341874702653305,0.00271824148225592,0.206657126847521,-0.395685059370204,-0.137369183386902,-0.00773961040019007,0.1281402697887,0.407039328828287,5779.95826515181,0.99931617880913,NA,19,NA,NA,FALSE,FALSE
"a_spqrt[20]",0.0629053830187247,0.00263111219610887,0.191978342783482,-0.313386159543213,-0.0614447922493378,0.0607728653565822,0.182322975626496,0.444267819130275,5323.84915036064,0.998942565963888,NA,20,NA,NA,FALSE,FALSE
"a_spqrt[21]",0.0124665866101262,0.0024164129365656,0.188327703687983,-0.3763424225591,-0.105561378317557,0.0145214602422286,0.132285020528865,0.387893286020562,6074.1584652682,0.999448061583525,NA,21,NA,NA,FALSE,FALSE
"a_spqrt[22]",-0.0422021619369575,0.00232251852461959,0.182592765273948,-0.402254421709243,-0.16160995895092,-0.0409626766958029,0.079086894776606,0.322800460012822,6180.85788922936,0.998899662178671,NA,22,NA,NA,FALSE,FALSE
"a_spqrt[23]",0.0282353217448311,0.00239686987685706,0.185158063938385,-0.33456716596811,-0.0989623129765314,0.0273270599589044,0.153075316794448,0.391625841119513,5967.5538593408,1.00006585777909,NA,23,NA,NA,FALSE,FALSE
"a_spqrt[24]",-0.00238075937052913,0.00253166921603268,0.210097741707436,-0.430428720900497,-0.139299997263676,-0.00107642227760713,0.141645942104296,0.403800340822643,6886.98039955467,0.9989985962699,NA,24,NA,NA,FALSE,FALSE
"a_spqrt[25]",0.0107721505638752,0.00236395223307346,0.200306439473187,-0.378456357097847,-0.126573713880293,0.0120551467213919,0.147530815352783,0.414251004317481,7179.80135960523,0.999036445207831,NA,25,NA,NA,FALSE,FALSE
"a_spqrt[26]",0.0232253919187,0.0026124136149292,0.195532698469176,-0.363676356695294,-0.106013803261229,0.0223947396043954,0.148399643732964,0.407994325709692,5602.15229174663,1.00014037211104,NA,26,NA,NA,FALSE,FALSE
"a_spqrt[27]",-0.0160795899928642,0.00219816589429554,0.192695170946702,-0.400237644855418,-0.143977400248127,-0.0115577547266075,0.108372803558837,0.36731409307616,7684.59053751034,0.9991087833428,NA,27,NA,NA,FALSE,FALSE
"a_spqrt[28]",0.0154101533829328,0.00222362483552224,0.187961032281668,-0.356382732336687,-0.111686624754223,0.0183272735540629,0.138410506306301,0.384829877735384,7145.17073854569,0.999281449962464,NA,28,NA,NA,FALSE,FALSE
"a_spqrt[29]",-0.00370653638473883,0.00267424924698959,0.197496412565989,-0.398101200692788,-0.133265044650233,-0.00231198929107043,0.125476398509159,0.390266900821697,5453.99402923352,0.999201768620029,NA,29,NA,NA,FALSE,FALSE
"a_spqrt[30]",-0.00368781513729845,0.0022720735188119,0.196962848984694,-0.383656453201269,-0.132673503394406,-0.00194706947127585,0.127736334445809,0.381257010196673,7514.911579915,0.999223670055616,NA,30,NA,NA,FALSE,FALSE
"a_spqrt[31]",-0.00852733978107608,0.00246991892936806,0.198690212531429,-0.388058636140842,-0.137865928791601,-0.00765004405495175,0.121335442042476,0.37677515294092,6471.24066505749,0.999299990755519,NA,31,NA,NA,FALSE,FALSE
"a_spqrt[32]",0.00301855574842054,0.00214462526280514,0.199095253392306,-0.384326278932836,-0.127561879803024,0.00822434099458831,0.133433120406954,0.403545069969544,8618.24780407682,0.999395729299674,NA,32,NA,NA,FALSE,FALSE
"a_spqrt[33]",0.0123136810790019,0.00221963442673909,0.191808887473485,-0.364461914274815,-0.115265657843098,0.0137940295417447,0.140917109143374,0.38229692609189,7467.48825869281,0.998911370173331,NA,33,NA,NA,FALSE,FALSE
"a_spqrt[34]",0.0377448932026446,0.0021980295331329,0.188699435824895,-0.341623484990156,-0.0810770707499492,0.0361377421369093,0.157941256514405,0.412565791215262,7370.11317048833,0.999253657558485,NA,34,NA,NA,FALSE,FALSE
"a_spqrt[35]",0.0241089722285481,0.0030753847437672,0.211237296652983,-0.383482943140337,-0.113789239520142,0.0186185911709358,0.163011415614523,0.443787384219849,4717.83003147226,0.99908940209318,NA,35,NA,NA,FALSE,FALSE
"a_spqrt[36]",-0.00813209123156041,0.00251621145683856,0.204004749537081,-0.412310395086698,-0.139518812204501,-0.00406998345142077,0.123979129114212,0.399645434052717,6573.34287411858,0.999214509723052,NA,36,NA,NA,FALSE,FALSE
"a_spqrt[37]",0.113955317933498,0.00307413253703777,0.207749502271609,-0.278358479571876,-0.0276013539793213,0.110192786193469,0.247967333307631,0.533768824814337,4567.0399308412,0.999603025338954,NA,37,NA,NA,FALSE,FALSE
"a_spqrt[38]",0.0297992061322314,0.00254129828739616,0.205411475962026,-0.36936945591757,-0.10304314838084,0.0249632577514939,0.160683232902378,0.459993172752536,6533.38300945049,0.999127040353082,NA,38,NA,NA,FALSE,FALSE
"a_spqrt[39]",-0.000148003644677754,0.00240973832970155,0.194717077467114,-0.388310988761333,-0.129132062379429,-0.00141126068630204,0.127827695075321,0.387190360834123,6529.32541234027,0.999123450942574,NA,39,NA,NA,FALSE,FALSE
"a_spqrt[40]",0.00718433428436443,0.00242422600781689,0.196903235686469,-0.383589230742282,-0.122074165269076,0.00677102264809258,0.133535956270345,0.404962912062048,6597.19761788651,1.00014650035763,NA,40,NA,NA,FALSE,FALSE
"a_spqrt[41]",0.0336215978949307,0.0021947810334383,0.196768811155829,-0.341775198623509,-0.0986808909865341,0.032490300863869,0.168622819770509,0.417112136175206,8037.66916401013,0.999355369629246,NA,41,NA,NA,FALSE,FALSE
"a_spqrt[42]",0.0322415437168554,0.00272120875633849,0.205706089928624,-0.384192243804156,-0.104401846113901,0.0304847097085578,0.163568142000754,0.437499090532293,5714.39923278349,1.00010893510325,NA,42,NA,NA,FALSE,FALSE
"a_spqrt[43]",-0.0149657746579399,0.00274223936585173,0.204148723363969,-0.408748545174816,-0.149073955858822,-0.0170683769000197,0.119727067555076,0.381107642179976,5542.20537040429,0.999364524184161,NA,43,NA,NA,FALSE,FALSE
"a_spqrt[44]",0.0151683427093898,0.00265804121240646,0.197045798024876,-0.377431419582706,-0.112975537143138,0.0122181072049055,0.143954743198323,0.410524662627614,5495.54711349518,0.999522535692803,NA,44,NA,NA,FALSE,FALSE
"a_spqrt[45]",-0.0342383870104338,0.00276740836835622,0.201588054108722,-0.437012323823562,-0.160966854037172,-0.0333637472621163,0.0989491189383843,0.358116493505657,5306.19352953773,0.999171866640782,NA,45,NA,NA,FALSE,FALSE
"a_spqrt[46]",-0.0511134189838288,0.00249059746535677,0.207192308498696,-0.477773639100919,-0.182696600472939,-0.0510450956076887,0.0846817074787941,0.361719954611523,6920.54305619138,0.999365649165685,NA,46,NA,NA,FALSE,FALSE
"a_spqrt[47]",0.264210848960228,0.00425577345855932,0.213450462222668,-0.126982614392281,0.115873304262631,0.251604177847502,0.403456697055545,0.699169842959462,2515.57456968051,1.00120198718392,NA,47,NA,NA,FALSE,FALSE
"a_spqrt[48]",0.139551900693229,0.00272501595435381,0.208886068836411,-0.26400991492133,-0.00265445808078828,0.130373185474847,0.276605223401,0.561784143415096,5875.98738531957,0.999661690380722,NA,48,NA,NA,FALSE,FALSE
"a_spqrt[49]",0.0223413932843225,0.00213176264522905,0.185379111493724,-0.341783814373275,-0.102776285247684,0.0227131308908674,0.144435530753837,0.392116956092924,7562.12578497815,0.998985278294158,NA,49,NA,NA,FALSE,FALSE
"a_spqrt[50]",-0.190991065133346,0.00308035998852975,0.19234271088498,-0.599355481863855,-0.312958609198299,-0.182575669178967,-0.0619836152349054,0.171666209270362,3898.95765225042,1.00097325285251,NA,50,NA,NA,FALSE,FALSE
"a_spqrt[51]",0.176788887657692,0.00294016303104868,0.192257937612334,-0.181032804049046,0.04278763064336,0.172214980949481,0.307421136357766,0.562669375038349,4275.882213906,0.999769148659068,NA,51,NA,NA,FALSE,FALSE
"a_spqrt[52]",0.241740478289179,0.00363651676814587,0.197211673489668,-0.125018522231281,0.104726909893672,0.231977280397407,0.372944847151809,0.642943638603323,2940.99338667225,0.999942665411404,NA,52,NA,NA,FALSE,FALSE
"a_spqrt[53]",0.00457750995800081,0.00280203645491428,0.189068420238688,-0.362402262136986,-0.122115501733719,0.00684787969341664,0.123440367911286,0.386450925777444,4552.92428949678,0.999755390664297,NA,53,NA,NA,FALSE,FALSE
"a_spqrt[54]",0.0733575638608047,0.00270815881885311,0.200203529536306,-0.323849430928654,-0.0598136530919745,0.0668149448772015,0.203409165121374,0.476913082411849,5465.0633409855,0.999185722886737,NA,54,NA,NA,FALSE,FALSE
"a_spqrt[55]",-0.0437216828628456,0.00265384821181547,0.19475638136363,-0.442443719556298,-0.171688502260806,-0.0417386717156742,0.0849818744403516,0.328432945484396,5385.56453189317,1.00011334300844,NA,55,NA,NA,FALSE,FALSE
"a_spqrt[56]",-0.0162401494625597,0.00276414610388861,0.204666535548183,-0.439737624128324,-0.150670605776133,-0.0149073010466994,0.114468278424883,0.396284325620984,5482.41222145784,0.999001961704191,NA,56,NA,NA,FALSE,FALSE
"a_spqrt[57]",-0.0331382146649772,0.00225348955279738,0.190253043762943,-0.405921990578623,-0.158275295045539,-0.0312941952188442,0.0894461175629985,0.351079975334117,7127.74458900877,0.998881174510573,NA,57,NA,NA,FALSE,FALSE
"a_spqrt[58]",-0.0556147120505371,0.00270658159386044,0.18216719473381,-0.414864158411158,-0.176964645257816,-0.0551375460635342,0.0646026412525835,0.306635006162494,4529.99886158572,0.999536515104508,NA,58,NA,NA,FALSE,FALSE
"a_spqrt[59]",-0.257886805860066,0.00414799125749159,0.198700871389329,-0.657968594666682,-0.389918506284589,-0.247359339232757,-0.120948642946881,0.099733103054832,2294.68923687936,0.99983820237337,NA,59,NA,NA,FALSE,FALSE
"a_spqrt[60]",-0.182444023312079,0.00290709461199346,0.186313597623675,-0.566218478376811,-0.299989927364516,-0.174705074756843,-0.0616345535411695,0.17220793566582,4107.43568080992,0.99958193595817,NA,60,NA,NA,FALSE,FALSE
"a_spqrt[61]",0.0234797872125572,0.00248456983034007,0.201068717111062,-0.365538054116355,-0.111275346099147,0.0228534494766382,0.148529619446204,0.445910486242534,6549.17505890678,1.00123123857113,NA,61,NA,NA,FALSE,FALSE
"a_spqrt[62]",0.0200628087776509,0.0022679772495251,0.194475518748975,-0.364748557858009,-0.103638547673406,0.0183622411101373,0.145997449127856,0.41910553867281,7352.79554065208,0.999243829263338,NA,62,NA,NA,FALSE,FALSE
"a_spqrt[63]",0.0364718598238875,0.00258612198527405,0.208123821984161,-0.374982879641928,-0.101923374107277,0.0314975920325903,0.175802454784577,0.440573758391487,6476.57758825123,0.999206596109159,NA,63,NA,NA,FALSE,FALSE
"a_spqrt[64]",-0.115840342388985,0.00256994700849489,0.206915608429624,-0.536287963060051,-0.245684370927081,-0.108925975280401,0.0264230464531013,0.270497790736885,6482.43495821016,0.999376188120784,NA,64,NA,NA,FALSE,FALSE
"a_spqrt[65]",-0.0636741639353591,0.00258423759213723,0.199311921361536,-0.463074940903447,-0.191443945673177,-0.0596169710989112,0.0638928434077396,0.332409184506647,5948.42064183856,0.999322399565793,NA,65,NA,NA,FALSE,FALSE
"a_spqrt[66]",0.00500085370701024,0.00239927447896098,0.191600663962537,-0.37416225067032,-0.124798429451525,0.00608488897468616,0.133936176622301,0.376624619266639,6377.26039750838,0.999363640714117,NA,66,NA,NA,FALSE,FALSE
"a_spqrt[67]",-0.31845678002076,0.00461668042478006,0.20988667027056,-0.760715467147194,-0.448370114874812,-0.31139830821508,-0.175187987849717,0.0575128501890129,2066.85538024837,1.00045541011398,NA,67,NA,NA,FALSE,FALSE
"a_spqrt[68]",0.0135912842970229,0.00204479543562939,0.162470744171568,-0.303933033273157,-0.096850893644733,0.0140949570152814,0.123873702681405,0.325190308938702,6313.21537161931,0.999241442860342,NA,68,NA,NA,FALSE,FALSE
"a_spqrt[69]",-0.0201544691619964,0.00230759783078639,0.189032565170732,-0.396397626278061,-0.148026561989002,-0.0164537143767938,0.106622828071863,0.353190257229174,6710.47111698309,0.999483170134766,NA,69,NA,NA,FALSE,FALSE
"a_spqrt[70]",-0.211030719217547,0.0033437411227042,0.189882938536667,-0.607877678658351,-0.333309219208244,-0.20254183029322,-0.0824277977895686,0.140414048005807,3224.82829227521,0.999518185760365,NA,70,NA,NA,FALSE,FALSE
"a_spqrt[71]",0.150811971739442,0.00263892460027127,0.18706882427976,-0.201405529765429,0.019205493048843,0.147312123967171,0.272026992410402,0.527922315215357,5025.14815093053,0.99984638797858,NA,71,NA,NA,FALSE,FALSE
"a_spqrt[72]",0.0427072302111211,0.00252627281926248,0.203326882549749,-0.3562840040488,-0.0884797229206337,0.0399761810733651,0.169471528448779,0.447707813401804,6477.82341744298,0.999654321669293,NA,72,NA,NA,FALSE,FALSE
"a_spqrt[73]",0.0327652949534529,0.00235869623087085,0.195123668544688,-0.360383812730616,-0.0919520235435774,0.0340230965503055,0.159980583737839,0.412255558018098,6843.46229990896,0.99938819952836,NA,73,NA,NA,FALSE,FALSE
"a_spqrt[74]",-0.0346555821593986,0.0024972528724625,0.195380827352965,-0.412949835822569,-0.165328359358172,-0.0357920365870935,0.0981534075300161,0.358804811245319,6121.232084493,0.999831173254501,NA,74,NA,NA,FALSE,FALSE
"a_spqrt[75]",0.110064322785552,0.00240957803984376,0.196645307506098,-0.263587373924229,-0.0196091867151521,0.100642427874579,0.235508550673794,0.51141401561014,6660.16796324131,0.999589529888616,NA,75,NA,NA,FALSE,FALSE
"a_spqrt[76]",0.0812548674609543,0.00270410142288948,0.197696926455644,-0.300245133569814,-0.0521690757377209,0.0802682914700365,0.208385598045636,0.480077855005495,5345.07596236716,1.00043305079053,NA,76,NA,NA,FALSE,FALSE
"a_spqrt[77]",0.0427966540481399,0.0029544385484133,0.206438477671107,-0.36401352008086,-0.0899932566317856,0.0395800929103432,0.176198520966055,0.462473031261776,4882.37769894783,0.999745120900144,NA,77,NA,NA,FALSE,FALSE
"a_spqrt[78]",0.0997453082915154,0.0029537770810769,0.203756794658496,-0.290072843632669,-0.0389316200855812,0.0913147150756212,0.233121632450434,0.512950735844815,4758.48568624024,1.00066233826669,NA,78,NA,NA,FALSE,FALSE
"a_spqrt[79]",-0.0202147665935368,0.00287488492247657,0.203323214321122,-0.420551108526816,-0.15351989520031,-0.0170771752973922,0.114214462338816,0.38219789407935,5001.87694655882,0.999043981278134,NA,79,NA,NA,FALSE,FALSE
"a_spqrt[80]",0.0371444240192988,0.00268731065768366,0.202304943666338,-0.375807401846081,-0.0954394768818377,0.0343310675594539,0.164183630960552,0.444718254370589,5667.31356464698,0.999881414419114,NA,80,NA,NA,FALSE,FALSE
"a_spqrt[81]",-0.0165835879256223,0.00289567317663983,0.208745648397367,-0.42337029062663,-0.150038856768316,-0.0136264718442746,0.114647838115283,0.390009581485096,5196.79727131248,0.999249633384747,NA,81,NA,NA,FALSE,FALSE
"a_spqrt[82]",-0.0771083237862886,0.00322660703819753,0.185527313762904,-0.445753388491801,-0.194299633959795,-0.077323362297569,0.0468880513532842,0.281291367562392,3306.15765678522,1.00011351337495,NA,82,NA,NA,FALSE,FALSE
"a_spqrt[83]",0.493974279427281,0.0060296572479885,0.228648547840766,0.0742070825666049,0.330418407854152,0.482448241702682,0.645804169493528,0.964724030715938,1437.97601992771,1.0025241142726,NA,83,NA,NA,FALSE,TRUE
"a_spqrt[84]",-0.0773733074412918,0.00244300898700834,0.187427463503456,-0.448228900471902,-0.199555063881425,-0.0763768344697574,0.0495701728847245,0.284806358616044,5885.94671902374,0.999360098743685,NA,84,NA,NA,FALSE,FALSE
"a_spqrt[85]",-0.0121950629651225,0.00242005588751579,0.187613432658244,-0.384275135850817,-0.134449785225355,-0.0145057935116137,0.108402964461577,0.370043874212742,6010.03592768683,0.999137909141585,NA,85,NA,NA,FALSE,FALSE
"a_spqrt[86]",0.072899049143928,0.00282536387684025,0.209188481903239,-0.318746779505187,-0.0712083108125005,0.0679050892951395,0.209407066061684,0.494257431156472,5481.84510449557,0.999230562786794,NA,86,NA,NA,FALSE,FALSE
"a_spqrt[87]",0.0699665799484974,0.00227560534208913,0.201116877848001,-0.313262943709542,-0.0604918564804144,0.0634229669983462,0.199769896547158,0.477954545849839,7810.93722552944,0.999352963953751,NA,87,NA,NA,FALSE,FALSE
"a_spqrt[88]",-0.149827554613389,0.00310712167060146,0.205996607643171,-0.552714186488662,-0.282160882509172,-0.143682315380556,-0.00801244896063315,0.233321786149544,4395.45276144294,0.999096425649766,NA,88,NA,NA,FALSE,FALSE
"a_spqrt[89]",-0.0191033800578053,0.0021532715335259,0.199122531234256,-0.404885073613417,-0.151758285643669,-0.0206087778057281,0.116198016172473,0.363375156373757,8551.51793079754,0.999244017582589,NA,89,NA,NA,FALSE,FALSE
"a_spqrt[90]",-0.00790204804777558,0.00257043271958966,0.193380402922549,-0.391047901221869,-0.132213241448897,-0.0108813980867746,0.120349060752658,0.380385517315491,5659.94798391896,0.999328559468384,NA,90,NA,NA,FALSE,FALSE
"a_spqrt[91]",0.0523846341316586,0.00239687267620013,0.193532564307075,-0.336893423177848,-0.0708581268941732,0.0483374484751671,0.175023099011956,0.447737556763684,6519.55829516118,0.999436957067556,NA,91,NA,NA,FALSE,FALSE
"a_spqrt[92]",-0.0339047195277564,0.00270669903149538,0.204601071477343,-0.447398212490163,-0.164001212856699,-0.0336314599909697,0.0993084768308201,0.37223033027444,5713.94258787456,0.99902932629204,NA,92,NA,NA,FALSE,FALSE
"a_spqrt[93]",-0.078063850074276,0.00286257254275415,0.207802150132908,-0.502696045620224,-0.206456479846469,-0.0767365525500632,0.0604976746027695,0.326413567779547,5269.71431012861,0.999882534820674,NA,93,NA,NA,FALSE,FALSE
"a_spqrt[94]",-0.0870022179467176,0.00266097631216169,0.20663234629982,-0.514684577805163,-0.217671586895081,-0.0830719972817743,0.0500600476917717,0.303430562380587,6029.96230452033,0.999648493961114,NA,94,NA,NA,FALSE,FALSE
"a_spqrt[95]",-0.0195282334707359,0.00242816865774397,0.198392664866625,-0.406810957521404,-0.150904073371688,-0.0176039019976609,0.114894576451549,0.361101287511388,6675.64946449422,0.999487619955522,NA,95,NA,NA,FALSE,FALSE
"a_spqrt[96]",0.0519767443884329,0.00231029218958577,0.198158388461643,-0.336151098675669,-0.0833237149698638,0.049201065709418,0.181744287398595,0.443406142039694,7356.83648716867,0.999333316870212,NA,96,NA,NA,FALSE,FALSE
"a_spqrt[97]",0.0883666527842982,0.00277767125055656,0.206263755122561,-0.302354295663797,-0.0508788003597039,0.0847180111805024,0.22321389876915,0.509910827852616,5514.22080378902,1.00032016665654,NA,97,NA,NA,FALSE,FALSE
"a_spqrt[98]",-0.0320375286028251,0.0028882590203539,0.199652330381332,-0.43026406685335,-0.160905334284393,-0.034612670038525,0.0973021041778765,0.363940393747781,4778.33386327604,0.999573327998159,NA,98,NA,NA,FALSE,FALSE
"a_spqrt[99]",-0.0660105719012316,0.00303873788875012,0.206449096585555,-0.476603340216488,-0.198050843030556,-0.0651943560117478,0.0740176149746792,0.335673929805638,4615.72038266464,0.999407529387917,NA,99,NA,NA,FALSE,FALSE
"a_spqrt[100]",-0.00503235838386329,0.00257242948220938,0.201877705185092,-0.403426251982116,-0.140066576744814,-0.00409973709468498,0.131457657877329,0.407576253387352,6158.71010459518,0.999195784106566,NA,100,NA,NA,FALSE,FALSE
"a_spqrt[101]",0.0304641023020787,0.00269242592019513,0.199662790367351,-0.365201272416357,-0.096413716658899,0.0270740363366743,0.159689831348423,0.431417818824421,5499.2915743103,0.999298164614374,NA,101,NA,NA,FALSE,FALSE
"a_spqrt[102]",0.165744874678356,0.00304927861152942,0.200187869574753,-0.214835230879933,0.0337203580567193,0.158487754330066,0.290187352538777,0.592728005184704,4310.03999808851,0.999039006282118,NA,102,NA,NA,FALSE,FALSE
"a_spqrt[103]",-0.045695270219934,0.00289720268350057,0.196571515683535,-0.444824958042885,-0.175373500230808,-0.0435479065827975,0.0840578988953535,0.343512661621144,4603.44983734724,0.999700499910318,NA,103,NA,NA,FALSE,FALSE
"a_spqrt[104]",-0.0189852202546696,0.00250612789284941,0.196864897372879,-0.400836264201768,-0.145477691280494,-0.0210226684806516,0.107514257657427,0.359144724811297,6170.63856700696,0.998907517152362,NA,104,NA,NA,FALSE,FALSE
"a_spqrt[105]",-0.109656421103751,0.00270672244615625,0.19876215187796,-0.505228017189548,-0.239136622763173,-0.101907680564106,0.0218006870147574,0.260822216120097,5392.37306828961,0.999709723793738,NA,105,NA,NA,FALSE,FALSE
"a_spqrt[106]",-0.0554115849100845,0.00266154363554002,0.202492086960249,-0.477883496955541,-0.181510842652733,-0.0549624933354329,0.0764452940746617,0.340537435396717,5788.27200278499,0.999853507440697,NA,106,NA,NA,FALSE,FALSE
"a_spqrt[107]",-0.0427910225203417,0.00247587901111532,0.200745919446684,-0.441159421406743,-0.171992839984198,-0.0474825236778831,0.0885568878271049,0.356546120006134,6574.07441799961,0.99981544423883,NA,107,NA,NA,FALSE,FALSE
"a_spqrt[108]",-0.101208449616544,0.00268849033659789,0.198157481995147,-0.502893247703589,-0.229220415146194,-0.0958537974247121,0.0321713447455604,0.272140869550231,5432.55322999288,0.999302628103815,NA,108,NA,NA,FALSE,FALSE
"a_spqrt[109]",-0.109614729261077,0.00283297110044007,0.201096217619135,-0.513307366762408,-0.244349128308747,-0.106170159491814,0.0226060307575581,0.271379758543173,5038.7581746397,0.999848331990238,NA,109,NA,NA,FALSE,FALSE
"a_spqrt[110]",0.0287060041647189,0.00196371798493218,0.180013313219968,-0.309413603198012,-0.0940714652417971,0.0291939907447755,0.14221666192786,0.377540652362878,8403.32219561017,0.9996229819745,NA,110,NA,NA,FALSE,FALSE
"a_spqrt[111]",-0.119256344378436,0.00259806048878577,0.188602883893141,-0.494465853904504,-0.245140099840077,-0.114603176785102,0.0105971313172015,0.238189704672077,5269.84864319711,0.99959396606344,NA,111,NA,NA,FALSE,FALSE
"a_spqrt[112]",-0.1117820430172,0.00262418121028591,0.186342044172948,-0.477808330880158,-0.238063775227833,-0.106240069764439,0.016814783681799,0.24522632974661,5042.36254006386,0.999287613064295,NA,112,NA,NA,FALSE,FALSE
"a_spqrt[113]",-0.147719823669427,0.00288214604573334,0.193132971386031,-0.539981300835838,-0.269791341883095,-0.146298209100811,-0.016746704984722,0.215857234953327,4490.35706609943,0.999440830500985,NA,113,NA,NA,FALSE,FALSE
"a_spqrt[114]",0.0657071534140066,0.00261846384098166,0.203547597522573,-0.327632697180198,-0.070415491328608,0.0630130366146325,0.198358836710544,0.465300992508711,6042.80805595894,0.999074107216222,NA,114,NA,NA,FALSE,FALSE
"a_spqrt[115]",0.0487068937181404,0.00280159217430408,0.202851137608145,-0.359015897724332,-0.0834673234391475,0.0462193892935785,0.181913109492375,0.460375950772457,5242.57997099794,0.999163516395199,NA,115,NA,NA,FALSE,FALSE
"a_spqrt[116]",0.00610576785041955,0.00248196378144903,0.185243122083489,-0.350798387339776,-0.121042681852939,0.00527641052876372,0.135151088937434,0.363480354467549,5570.48878986085,0.999212646318462,NA,116,NA,NA,FALSE,FALSE
"a_spqrt[117]",-0.00150254009193615,0.00242441777359256,0.187456659430861,-0.378922169751487,-0.123113839065681,-0.00151908174376899,0.116739926219459,0.374685652260594,5978.42559337728,0.99900732713201,NA,117,NA,NA,FALSE,FALSE
"a_spqrt[118]",-0.00407105351280625,0.00230603457103693,0.179406736915993,-0.347905156957229,-0.129324705995229,-0.00525294291555099,0.123517472833491,0.339039150540591,6052.65426189299,0.999407677783616,NA,118,NA,NA,FALSE,FALSE
"a_spqrt[119]",0.0348114268450081,0.00235426111416087,0.196529406466417,-0.354767698281359,-0.0966299320001539,0.0311253651115923,0.165425194115711,0.433629875642016,6968.60465054428,0.998849140113447,NA,119,NA,NA,FALSE,FALSE
"a_spqrt[120]",-0.0422176816571525,0.00259374678923679,0.200407454398503,-0.432521148563324,-0.17520370431481,-0.0425404772662492,0.0919280176679635,0.358313328342051,5969.97607003604,1.00002533701679,NA,120,NA,NA,FALSE,FALSE
"a_spqrt[121]",-0.0569936021352425,0.00291356756359328,0.201332728267007,-0.467971125842625,-0.183331323739667,-0.054308796145476,0.0746742090284052,0.324027972592839,4775.05711257184,0.999207046111075,NA,121,NA,NA,FALSE,FALSE
"a_spqrt[122]",-0.0100429584667832,0.00259788657060725,0.204055835175246,-0.422647280537503,-0.146553497182753,-0.00532926858868234,0.122915307860773,0.387860442970069,6169.60936206821,0.999337513828131,NA,122,NA,NA,FALSE,FALSE
"a_spqrt[123]",0.0573909315559346,0.00273085020599396,0.200448627857536,-0.338883524055121,-0.0754320384794882,0.0525221976934666,0.187580723174518,0.465629371174913,5387.78700051614,0.999777412478605,NA,123,NA,NA,FALSE,FALSE
"a_spqrt[124]",0.020313867638721,0.00243851158672695,0.191756797694693,-0.35319802090679,-0.108602417490292,0.0193179231126661,0.144401636545833,0.404606863367179,6183.74952300409,0.999276221185776,NA,124,NA,NA,FALSE,FALSE
"a_spqrt[125]",-0.0331345732048121,0.00209280824726021,0.169674059582326,-0.374943400476416,-0.144810728985175,-0.0328310716414656,0.0785951510516124,0.298265951863143,6573.12703006756,1.00005808382343,NA,125,NA,NA,FALSE,FALSE
"a_spqrt[126]",0.106124151132143,0.00267708889973366,0.189601584802578,-0.255806674292593,-0.0201864247350266,0.103284759684185,0.229951684633332,0.486285986496029,5016.00937581397,0.99913168082314,NA,126,NA,NA,FALSE,FALSE
"a_spqrt[127]",0.0765663837937679,0.00248576199442439,0.181284829205646,-0.273009975402029,-0.0486474591692031,0.0747370169526062,0.199248306539962,0.432641063180146,5318.67968773581,1.00010514171449,NA,127,NA,NA,FALSE,FALSE
"a_spqrt[128]",-0.109059682551619,0.00236670284640098,0.189805803617175,-0.510610968526112,-0.226577386285966,-0.102328956391743,0.0152584285416919,0.251712246353729,6431.78485764125,0.999016920970994,NA,128,NA,NA,FALSE,FALSE
"a_spqrt[129]",0.00455413811771872,0.00235190534659292,0.200712777314095,-0.385924374652058,-0.124315604155351,-0.00160478135604997,0.135457597611778,0.401194723410193,7283.00087371528,0.99957854571126,NA,129,NA,NA,FALSE,FALSE
"a_spqrt[130]",0.00687364779227774,0.00252169079404422,0.190415109942156,-0.367942967397394,-0.119667108956882,0.00822006058939071,0.130120412027112,0.384767534241899,5701.89413602623,0.999424984278446,NA,130,NA,NA,FALSE,FALSE
"a_spqrt[131]",0.0497939877115584,0.00249250630313725,0.196811768280529,-0.33548240889794,-0.0856418075448413,0.0494098655332758,0.18623912139068,0.423476228290538,6234.90149095285,0.99942606717625,NA,131,NA,NA,FALSE,FALSE
"a_spqrt[132]",0.0528659547813707,0.0025533631839875,0.193595681993903,-0.317918596586595,-0.0794028567024074,0.0524273227896467,0.18346718663237,0.436608459083536,5748.6537154916,0.999102686112963,NA,132,NA,NA,FALSE,FALSE
"a_spqrt[133]",-0.00598455296486199,0.00259921775706988,0.207343221773141,-0.428687014963364,-0.141177300380628,-0.00256851540492616,0.122389223547726,0.395318624301411,6363.4751768438,0.998995544103976,NA,133,NA,NA,FALSE,FALSE
"a_spqrt[134]",-0.00968880192927927,0.00239143917892223,0.202818737686251,-0.411854301733202,-0.147426940643481,-0.00953052706276501,0.127382933945767,0.383119493567641,7192.7914893327,0.999108530742645,NA,134,NA,NA,FALSE,FALSE
"a_spqrt[135]",0.0303493705772353,0.00245528973893951,0.199605850796954,-0.350988984129741,-0.10299711191885,0.028098590468858,0.162673227753602,0.431240587097798,6609.08042019199,0.998999239717225,NA,135,NA,NA,FALSE,FALSE
"a_spqrt[136]",0.000373825873017699,0.00278361292170098,0.198366817630996,-0.387487661955341,-0.129944025501749,0.00152797802632273,0.131879315759759,0.389545561043285,5078.32351776757,0.999114292085717,NA,136,NA,NA,FALSE,FALSE
"a_spqrt[137]",0.0379552763138433,0.00252792304874937,0.200464468187868,-0.362129968203562,-0.0929427501451237,0.0357749655434957,0.169201166225315,0.441288489244374,6288.50069215597,0.998884875899711,NA,137,NA,NA,FALSE,FALSE
"a_spqrt[138]",0.0440305793872662,0.00230724498004175,0.192240851456194,-0.337727281316554,-0.0831175223463727,0.0429671505080084,0.166270184493932,0.432799318324067,6942.3090495838,0.999375588065249,NA,138,NA,NA,FALSE,FALSE
"a_spqrt[139]",0.0765318041582279,0.00269542946388467,0.197064667196165,-0.301745088594882,-0.0613310995119085,0.072821784883131,0.208009147729136,0.471915241650662,5345.17078141555,0.999061725385341,NA,139,NA,NA,FALSE,FALSE
"a_spqrt[140]",-0.000768220365132417,0.00228202579458147,0.198250684754032,-0.385322651147034,-0.134979688316175,-0.00288495404833411,0.133361792095612,0.379451411547077,7547.24231520122,0.998814804428881,NA,140,NA,NA,FALSE,FALSE
"a_spqrt[141]",-0.0244567331896463,0.00262438483656995,0.205289283048048,-0.427356375535321,-0.159904956236479,-0.0239924909677215,0.111830751775959,0.377517225670721,6118.95862226922,0.999433742325581,NA,141,NA,NA,FALSE,FALSE
"a_spqrt[142]",0.0449526149396757,0.00224950718236384,0.197227256077858,-0.330465039929047,-0.0920140347818371,0.0418412419577349,0.175534522438516,0.442405819312329,7687.03922198497,0.999255358529125,NA,142,NA,NA,FALSE,FALSE
"a_spqrt[143]",-0.0159546185952818,0.0024766811575531,0.204590975725086,-0.429064717158817,-0.149766196042915,-0.0140162747871204,0.11934121412716,0.400386490650928,6823.90146263605,0.998978339870518,NA,143,NA,NA,FALSE,FALSE
"a_spqrt[144]",0.074877258750488,0.00252196516240376,0.187935820940411,-0.291529528270476,-0.053647641512258,0.071720830823267,0.1964700536025,0.45891581084457,5553.16994641745,0.999557306687087,NA,144,NA,NA,FALSE,FALSE
"a_spqrt[145]",0.00607278404439225,0.00261626669052349,0.194601388081281,-0.379230074877968,-0.120523128790489,0.0063619234419938,0.135194837869696,0.38393899392896,5532.58179799326,0.999469480504578,NA,145,NA,NA,FALSE,FALSE
"a_spqrt[146]",0.0326149609938454,0.00239125793500467,0.190606038096991,-0.337313642015687,-0.0908029300844166,0.0308910761159839,0.155483090090387,0.421742093409577,6353.60863874789,0.999187695682553,NA,146,NA,NA,FALSE,FALSE
"a_spqrt[147]",0.00778821341670882,0.00303249860870755,0.208451333780468,-0.406396531284455,-0.132156947830195,0.00973266812288936,0.146196419975427,0.407405209617176,4725.0687952098,0.99946863593816,NA,147,NA,NA,FALSE,FALSE
"a_spqrt[148]",-0.00903335280402013,0.00229667240060394,0.200334459324011,-0.399766745521311,-0.13898843030353,-0.00648137505203671,0.1227239136094,0.386151314394151,7608.74822783296,0.999218644643169,NA,148,NA,NA,FALSE,FALSE
"a_spqrt[149]",0.0257799956811949,0.00246379661752104,0.209590689888422,-0.389751974998383,-0.11333008094932,0.0302165519119519,0.162881875383651,0.432911562168427,7236.59495473716,0.99954308156435,NA,149,NA,NA,FALSE,FALSE
"a_spqrt[150]",-0.0173145236266571,0.00277467197480916,0.204435274409608,-0.416188096984543,-0.150906091784041,-0.0201500164498752,0.11593061264383,0.373769305991028,5428.60661741948,0.999483910947712,NA,150,NA,NA,FALSE,FALSE
"a_spqrt[151]",-0.0090571496269191,0.00235782286142098,0.201772358675761,-0.415391933654573,-0.136135188984596,-0.00843448731103473,0.121083377473441,0.406814879434321,7323.20165242413,0.999595710713801,NA,151,NA,NA,FALSE,FALSE
"a_spqrt[152]",0.000353265232789753,0.00244095419962907,0.208880876810677,-0.413665022822967,-0.126876546343499,0.0019206444825219,0.130009145167292,0.422356401602819,7322.81567138688,0.999056622873268,NA,152,NA,NA,FALSE,FALSE
"a_spqrt[153]",-0.0198885981704916,0.00258925464943084,0.197975470333376,-0.412891588446778,-0.148417147842474,-0.0204062187407017,0.11129273790534,0.37617495321999,5846.19419362886,0.99963248231022,NA,153,NA,NA,FALSE,FALSE
"a_spqrt[154]",-0.0241509556076064,0.00247716739898636,0.19943091582474,-0.420731105177544,-0.153419356289634,-0.0259488963830626,0.105036837405639,0.359326870216649,6481.48105044769,0.999755193273519,NA,154,NA,NA,FALSE,FALSE
"a_spqrt[155]",-0.0259765418195387,0.00246666194898064,0.204789886586548,-0.42284683051926,-0.16227459997536,-0.0193269124059157,0.114878386125849,0.364474479417629,6892.83277284159,0.999744831396772,NA,155,NA,NA,FALSE,FALSE
"a_spqrt[156]",0.035665588335416,0.00261018753025927,0.203270887492147,-0.356713485698525,-0.102151926516552,0.0344456860397,0.165399485436007,0.463256031202017,6064.66680436222,0.999069816453442,NA,156,NA,NA,FALSE,FALSE
"a_spqrt[157]",-0.0181062080077928,0.00224042871410714,0.194542942946422,-0.402114307123399,-0.145069706539298,-0.0168532528942278,0.106834215433746,0.368762066125694,7539.95410814268,0.999352220691019,NA,157,NA,NA,FALSE,FALSE
"a_spqrt[158]",0.01990742718737,0.00267403784105225,0.203034312533494,-0.376646669615441,-0.120308354513539,0.0223571629877404,0.149665180983493,0.424788441949069,5765.05932916154,0.999277038074687,NA,158,NA,NA,FALSE,FALSE
"a_spqrt[159]",-0.000643919403503483,0.00230704878449742,0.203955811416535,-0.412119832374925,-0.133079039327126,-0.00321990678712555,0.130168402777657,0.424622062052756,7815.53320420513,0.999122533946106,NA,159,NA,NA,FALSE,FALSE
"a_spqrt[160]",-0.0556103122915035,0.00260385828714816,0.198532201813086,-0.458108310527668,-0.18061102962526,-0.0546571897654458,0.0744479895512216,0.344618904306792,5813.3601524399,0.999723391086583,NA,160,NA,NA,FALSE,FALSE
"a_spqrt[161]",-0.0104481408565552,0.00247239604548745,0.20592088111806,-0.407125117405258,-0.149433164619462,-0.0106384859635204,0.126542185636238,0.388284321480586,6936.88820061913,0.999166258937073,NA,161,NA,NA,FALSE,FALSE
"a_spqrt[162]",-0.0203866480274519,0.00227365239018237,0.186702986899573,-0.396187280236956,-0.141103887249164,-0.0211040491441502,0.100353553479084,0.348654850356879,6743.01919756752,0.999433597458676,NA,162,NA,NA,FALSE,FALSE
"a_spqrt[163]",-0.103180720356707,0.00238345842043618,0.181470851053017,-0.464940558242189,-0.22370431707143,-0.0990434531666681,0.0229718199234112,0.242791491592324,5796.93715064537,0.999626391642501,NA,163,NA,NA,FALSE,FALSE
"a_spqrt[164]",0.0140869839079811,0.00201871190738864,0.181305594058591,-0.329942005978408,-0.109805508976128,0.0163676063364701,0.135539782281929,0.372571287346827,8066.28790361901,0.998940322433369,NA,164,NA,NA,FALSE,FALSE
"a_spqrt[165]",-0.109427352168838,0.00285820227500849,0.18449307545281,-0.49640479665164,-0.229393369089662,-0.105414311849583,0.0139267283737324,0.232578435301212,4166.52718583735,0.999089272774963,NA,165,NA,NA,FALSE,FALSE
"a_spqrt[166]",0.0469423951747399,0.0023855232616084,0.193612567694316,-0.327537902998454,-0.0837594724918502,0.0385623469177433,0.176040786144634,0.44309299793757,6587.18374053161,0.999174607629557,NA,166,NA,NA,FALSE,FALSE
"a_spqrt[167]",-0.0234101806881037,0.00244572186696037,0.194423201853223,-0.412265959812934,-0.150186693488637,-0.0237704148287168,0.10467308869076,0.360260990832394,6319.49026160443,0.999070715863696,NA,167,NA,NA,FALSE,FALSE
"a_spqrt[168]",-0.0313732535698357,0.00240789622325251,0.203354745229942,-0.43357412585575,-0.171674365401518,-0.0254278008410544,0.107960606690895,0.355259902407795,7132.3572937813,0.999188312498285,NA,168,NA,NA,FALSE,FALSE
"a_spqrt[169]",-0.14683732508448,0.00307090578795337,0.205186521127464,-0.560013926444447,-0.277135869054961,-0.142049286342763,-0.00679373503235454,0.238639535886376,4464.41614970326,1.00015268686815,NA,169,NA,NA,FALSE,FALSE
"a_spqrt[170]",-0.00719471847365739,0.00245234631628322,0.189362240842849,-0.390636347505625,-0.130470421716406,-0.0105316320881325,0.114625035473969,0.381775143960629,5962.42827059131,0.999170346412096,NA,170,NA,NA,FALSE,FALSE
"a_spqrt[171]",0.00429409133132971,0.00250928030755812,0.184223646864149,-0.35508478158953,-0.113736513113337,0.00694942507550969,0.126748507006142,0.373326181250347,5390.0450356304,0.999085612755122,NA,171,NA,NA,FALSE,FALSE
"a_spqrt[172]",0.00174052679893807,0.00239145953614266,0.198344284798329,-0.389445329100186,-0.129777387951249,0.0029306466704578,0.131498694620628,0.392303098698701,6878.80990738653,0.999295909841973,NA,172,NA,NA,FALSE,FALSE
"a_spqrt[173]",0.00962851294352745,0.00237628781072387,0.188803396376889,-0.369061028942361,-0.117048740933083,0.0125335055721734,0.134870879201896,0.379528595084575,6312.79264693761,0.999241672481489,NA,173,NA,NA,FALSE,FALSE
"a_spqrt[174]",-0.00774708728016294,0.00305026302460387,0.208732924307517,-0.416370189911803,-0.144613391691554,-0.0108009453254572,0.129023869144181,0.395037338593021,4682.81859901192,0.999068739912183,NA,174,NA,NA,FALSE,FALSE
"a_spqrt[175]",-0.0441888972160513,0.00262862821833543,0.20520556182124,-0.456753336405796,-0.178973696181796,-0.0404973957178282,0.0953181333213804,0.357608631773078,6094.24519605629,0.999100486966535,NA,175,NA,NA,FALSE,FALSE
"a_spqrt[176]",0.0372639225683149,0.00295214277310394,0.203950442038084,-0.372299708721592,-0.0922223924991849,0.0328454782599496,0.165849237738962,0.450061951343562,4772.81485129915,0.999865049786971,NA,176,NA,NA,FALSE,FALSE
"a_spqrt[177]",0.0176566787759198,0.00245170951974537,0.198962948982676,-0.371996093776229,-0.11032533874856,0.0104178571105397,0.14628380252816,0.420609414731264,6585.76745916824,0.999182587495865,NA,177,NA,NA,FALSE,FALSE
"a_spqrt[178]",-0.0188640100407094,0.00254335752032335,0.211247842247756,-0.453999423462497,-0.151592025488365,-0.0147956329663231,0.123316668526633,0.39100768695326,6898.73934912004,0.999105275719092,NA,178,NA,NA,FALSE,FALSE
"a_spqrt[179]",-0.0168090767622075,0.00230748281746338,0.194667513972542,-0.413035042007408,-0.143955815781402,-0.0152878638790575,0.11273909097743,0.377809183948944,7117.21382805314,0.999260564889768,NA,179,NA,NA,FALSE,FALSE
"a_spqrt[180]",-0.0733546002750822,0.00213491329721476,0.166144410207812,-0.402778089741903,-0.183928394489919,-0.0726443793879917,0.041811594881675,0.247950312979393,6056.35026467035,0.999155409962288,NA,180,NA,NA,FALSE,FALSE
"a_spqrt[181]",-0.379760599972334,0.005120189534625,0.210382655928697,-0.812245911272285,-0.520777202395617,-0.371114193901904,-0.236437586102504,0.0138901058008237,1688.29289084523,1.00117600969084,NA,181,NA,NA,FALSE,TRUE
"a_spqrt[182]",-0.0210325641776747,0.00208799410039734,0.183886136927314,-0.388294777963748,-0.14240236535909,-0.0207109643711322,0.0996564424240788,0.341139968350457,7756.02935334391,0.999068754379007,NA,182,NA,NA,FALSE,FALSE
"a_spqrt[183]",0.0317275561559982,0.00235780589259694,0.18562879031366,-0.323497142457743,-0.0951479118379538,0.0296980762077178,0.154847048861158,0.401976692161033,6198.32824618348,0.999796285049069,NA,183,NA,NA,FALSE,FALSE
"a_spqrt[184]",-0.0494535399222666,0.00282355248184326,0.202449164624286,-0.455143374627462,-0.186713563026634,-0.0449550850256639,0.0878532374593406,0.337838502621518,5140.9129393393,0.999088106987443,NA,184,NA,NA,FALSE,FALSE
"a_spqrt[185]",0.0150264917290104,0.0027797247209528,0.198377947875285,-0.380913127223751,-0.116610309713061,0.014517417267426,0.144401430224069,0.40268423501838,5093.11178085356,0.998926076509653,NA,185,NA,NA,FALSE,FALSE
"a_spqrt[186]",0.0308533709815893,0.00234025886976476,0.196067220458938,-0.356575849997454,-0.0980246834524756,0.0302625918943912,0.157053214636796,0.425981293413745,7019.1121959235,0.999798496085085,NA,186,NA,NA,FALSE,FALSE
"a_spqrt[187]",-0.015253777436446,0.00224704871496803,0.187128551623917,-0.374833913084599,-0.136781510975952,-0.0186044296091397,0.108571255076592,0.350445831726757,6935.13846791674,0.999356016772301,NA,187,NA,NA,FALSE,FALSE
"a_spqrt[188]",0.14884031965057,0.00295824913935015,0.201524825802307,-0.233278016685686,0.00832774493559788,0.14430036195162,0.277519377562215,0.563210198830752,4640.7440354965,1.00082563585607,NA,188,NA,NA,FALSE,FALSE
"a_spqrt[189]",0.0472457236285725,0.00288678359158119,0.209846819667356,-0.370227889503116,-0.0925899570548218,0.0482254001600637,0.187778863705275,0.462632162444514,5284.16447577503,0.999539924490029,NA,189,NA,NA,FALSE,FALSE
"a_spqrt[190]",0.000655680803524729,0.0025562635765895,0.192909567252084,-0.382932875978675,-0.123141082987438,-0.00218970846560924,0.127736323401255,0.374274176916283,5695.03332454095,0.999075448397436,NA,190,NA,NA,FALSE,FALSE
"a_spqrt[191]",0.0460030344064975,0.00236832020124966,0.20642449026588,-0.359619826659558,-0.0900192603132595,0.0398216603859034,0.185022536161929,0.459260187240542,7596.99084111107,0.998970640176401,NA,191,NA,NA,FALSE,FALSE
"a_spqrt[192]",-0.0511915581348079,0.00248426990818199,0.200753894677546,-0.448854684586215,-0.18051105611658,-0.0496649488979046,0.0785125606998982,0.355148844274129,6530.25892331719,0.999221863506845,NA,192,NA,NA,FALSE,FALSE
"a_spqrt[193]",0.0957902918770945,0.002696887449663,0.204269299621838,-0.293802390026637,-0.039943426580149,0.0921198151815327,0.227934724253898,0.512607332063379,5736.94326777119,0.999679069150003,NA,193,NA,NA,FALSE,FALSE
"a_spqrt[194]",0.0174891958853037,0.00215614799421564,0.192137510883023,-0.350560594864082,-0.117012542457777,0.018960437792666,0.14737140219534,0.401456099745658,7940.85355497209,0.999510815905411,NA,194,NA,NA,FALSE,FALSE
"a_spqrt[195]",-0.106837677852554,0.00237977502584895,0.184340368997912,-0.478635461744038,-0.231695823522468,-0.0996381659483965,0.0173311659571476,0.250657203587958,6000.24660412935,0.999079033741949,NA,195,NA,NA,FALSE,FALSE
"a_spqrt[196]",-0.00213740353344572,0.00218144860363094,0.190076351633733,-0.372206203518091,-0.133493097842922,-0.0013564526839397,0.122699341775262,0.37532609562337,7592.17490347559,0.998875073145974,NA,196,NA,NA,FALSE,FALSE
"a_spqrt[197]",0.00204841617046218,0.00248200927124356,0.192295556798394,-0.362981034477025,-0.126206856913794,0.00255606512522615,0.130474647655609,0.380446034309045,6002.49352378421,0.999927428800192,NA,197,NA,NA,FALSE,FALSE
"a_spqrt[198]",-0.00933188260338967,0.00228265470850434,0.201600372100454,-0.402277900282439,-0.142893025138644,-0.0101927665269495,0.123271954937207,0.383433790004801,7800.13672141353,0.999084740676965,NA,198,NA,NA,FALSE,FALSE
"a_spqrt[199]",0.000858264576574737,0.00267207039247383,0.212740373619346,-0.417057965401518,-0.14619815954023,-0.000121130558409554,0.140490992000686,0.422168359985779,6338.75615716616,0.999079364760562,NA,199,NA,NA,FALSE,FALSE
"a_spqrt[200]",-0.0194695938728833,0.00233832430720778,0.200916138564858,-0.416754678371626,-0.15057961011995,-0.0171441575552352,0.113836845931248,0.365937767075606,7382.78391142433,0.999343360804663,NA,200,NA,NA,FALSE,FALSE
"a_spqrt[201]",-0.0228388447281543,0.00311094133677393,0.200343446028256,-0.420664147103499,-0.150637186134969,-0.0232518979571687,0.10671579470276,0.388945180021203,4147.3113086024,0.999568484710437,NA,201,NA,NA,FALSE,FALSE
"a_spqrt[202]",-0.0215442684014469,0.00257305897758173,0.194656923558108,-0.414149236901041,-0.142457506492249,-0.0201280722412846,0.101349833781406,0.368663618930355,5723.21721180093,0.999162112815621,NA,202,NA,NA,FALSE,FALSE
"a_spqrt[203]",-0.026511149365696,0.00269103148922801,0.20079092028129,-0.435242639368701,-0.156693796700021,-0.0243254322982619,0.105779259911261,0.369691510999693,5567.37635997916,0.999906853072026,NA,203,NA,NA,FALSE,FALSE
"a_spqrt[204]",0.0212120318756376,0.00250380564425656,0.198294668150499,-0.372753708953113,-0.109943679685995,0.0226975351299906,0.150568471070454,0.414703218004025,6272.21368112617,0.999140533395547,NA,204,NA,NA,FALSE,FALSE
"a_spqrt[205]",0.03493458329704,0.00239881180453646,0.21389796510358,-0.378018340801968,-0.107752026949321,0.0329904900968635,0.173720501394247,0.46629898557621,7950.98531400202,0.998972561795935,NA,205,NA,NA,FALSE,FALSE
"a_spqrt[206]",-0.0163973943808752,0.00251302826260671,0.205480147298557,-0.424187069346303,-0.153402493571524,-0.0115339628606389,0.115757024744126,0.394225538106287,6685.67084162778,0.99933693102764,NA,206,NA,NA,FALSE,FALSE
"a_spqrt[207]",-0.0620317914844064,0.00237192205631974,0.202330428347613,-0.475284696276699,-0.196219950145968,-0.0568352059939005,0.0747044096110032,0.324230887252302,7276.4839333554,0.999089085269885,NA,207,NA,NA,FALSE,FALSE
"a_spqrt[208]",0.0042673054755392,0.00249647101371277,0.20930309527149,-0.420555850556247,-0.131886399880287,0.0057631389060894,0.145201921767874,0.404771560363272,7029.07611488274,0.999426419964154,NA,208,NA,NA,FALSE,FALSE
"a_spqrt[209]",-0.00795663616355241,0.00239354201839702,0.201572408050713,-0.416285418846407,-0.135288227298939,-0.00829069848044248,0.118774254195415,0.400353543752488,7092.18501139428,0.999348077320157,NA,209,NA,NA,FALSE,FALSE
"a_spqrt[210]",-0.0254902493084813,0.00261091055006976,0.204510013067073,-0.438633564661075,-0.157013886453296,-0.0245022290107411,0.108799947400032,0.392882825097308,6135.43227644029,0.999434715845568,NA,210,NA,NA,FALSE,FALSE
"a_spqrt[211]",0.0217322555140134,0.00236974606313461,0.207306860131762,-0.393225855724724,-0.11901739324579,0.0288398839437157,0.156795213206363,0.421369743607793,7652.85926587004,0.999260899547087,NA,211,NA,NA,FALSE,FALSE
"a_spqrt[212]",-0.0335244645080923,0.00263133738084211,0.198096853827671,-0.4348047854429,-0.1648718550904,-0.0293612805685805,0.096719616773687,0.346526502795596,5667.63776591696,0.999395669446744,NA,212,NA,NA,FALSE,FALSE
"a_spqrt[213]",-0.0531935981029763,0.00258201305496261,0.199731698257596,-0.454467332179966,-0.179390658390316,-0.0467422152845657,0.0787311384347407,0.338741001499266,5983.80072205928,0.999365375457732,NA,213,NA,NA,FALSE,FALSE
"a_spqrt[214]",0.010392400920134,0.00263618109189042,0.199187878959366,-0.386281583530888,-0.123150735901973,0.00873776951650251,0.145188286806163,0.39932211775358,5709.20099385795,0.999729556172807,NA,214,NA,NA,FALSE,FALSE
"a_spqrt[215]",-0.0729677490453528,0.00261151570427974,0.197449218269006,-0.474149716927017,-0.201661197193218,-0.0706518503664771,0.0600666628073568,0.305468068684527,5716.4387390486,0.999336478469355,NA,215,NA,NA,FALSE,FALSE
"a_spqrt[216]",0.00278416672386868,0.00239235917119108,0.20092843896094,-0.394105515090401,-0.130998865159131,0.00405856032758328,0.138551611332535,0.393721906769597,7053.91230807692,0.999219257930916,NA,216,NA,NA,FALSE,FALSE
"a_spqrt[217]",0.0143722526198843,0.00242829878947704,0.178511541767366,-0.330760758880412,-0.103177381425393,0.00964756133046434,0.132590756756392,0.373962052077299,5404.16194742389,0.999183334623758,NA,217,NA,NA,FALSE,FALSE
"a_spqrt[218]",0.000581199968727092,0.00227449088364507,0.1774784508343,-0.344529912069306,-0.11628966216945,0.00110668939000989,0.116616865459437,0.348193618921439,6088.67590382938,0.99966480226253,NA,218,NA,NA,FALSE,FALSE
"a_spqrt[219]",0.222089461760448,0.00328601085366483,0.189915882436094,-0.127917178218468,0.0906038189186216,0.213474698775362,0.345519240482147,0.616787201814485,3340.29316140282,1.0003010046283,NA,219,NA,NA,FALSE,FALSE
"a_spqrt[220]",0.0457271931228535,0.00233969204050804,0.175861487291404,-0.299670685669309,-0.070888412201769,0.0470310794679713,0.165054258018575,0.391706377732657,5649.68310042535,0.9993062331517,NA,220,NA,NA,FALSE,FALSE
"a_spqrt[221]",-0.0390461647417178,0.00229970194869375,0.190884530104116,-0.421043931493597,-0.161868282068138,-0.0403620664364698,0.0907118068397116,0.336376074881326,6889.66903693123,0.999396997445093,NA,221,NA,NA,FALSE,FALSE
"a_spqrt[222]",0.118155143927789,0.00295642297941257,0.204941443931925,-0.265924787395885,-0.0173950188478654,0.111345324676196,0.246463522253626,0.540934118440942,4805.36570911084,0.999171313479842,NA,222,NA,NA,FALSE,FALSE
"a_spqrt[223]",-0.157440497375714,0.00314408113694142,0.188221858594264,-0.534181127524341,-0.282738228248965,-0.150996263585067,-0.0276020697538211,0.192935545091654,3583.87311265898,0.999451855286375,NA,223,NA,NA,FALSE,FALSE
"a_spqrt[224]",-0.0358534250305026,0.00234352147453773,0.190085962596547,-0.415054157013921,-0.155092247947443,-0.035808000050015,0.0892191792497865,0.344261650494898,6579.03531923163,0.999166713306767,NA,224,NA,NA,FALSE,FALSE
"a_spqrt[225]",0.00533003443509145,0.00228403199399477,0.191333331739815,-0.379617656808234,-0.123579706762628,0.00745178106476876,0.129778012317307,0.380211574703252,7017.41081699314,0.999184107334673,NA,225,NA,NA,FALSE,FALSE
"a_spqrt[226]",-0.00693473122557767,0.00264807838776745,0.202489646485125,-0.400636290111895,-0.14338514703353,-0.00620408465858666,0.125279014722657,0.399013879624098,5847.14643895838,1.00024809930523,NA,226,NA,NA,FALSE,FALSE
"a_spqrt[227]",0.0853882862163056,0.00278290925895059,0.201816224805625,-0.293215151334797,-0.0488089700423903,0.0812947939587002,0.21801056115958,0.495415700509329,5259.13191614388,1.00038878250385,NA,227,NA,NA,FALSE,FALSE
"a_spqrt[228]",0.00233931677166468,0.00250311501054362,0.197275604222099,-0.384994410965676,-0.127825579698984,0.00388279556017348,0.134721453083999,0.390258724464136,6211.33789370123,1.00017665432506,NA,228,NA,NA,FALSE,FALSE
"a_spqrt[229]",0.000794166324520901,0.00218399044829053,0.182248775817249,-0.372876779401295,-0.119587371822262,0.00234614172109249,0.119797022198953,0.366774311093013,6963.50305262857,0.999307262155186,NA,229,NA,NA,FALSE,FALSE
"a_spqrt[230]",0.0865648154171339,0.00255633948348143,0.183816051699179,-0.273440353864311,-0.0324752129621396,0.0845956035567736,0.199603649999698,0.470029488839598,5170.46748033255,0.999251647262656,NA,230,NA,NA,FALSE,FALSE
"a_spqrt[231]",-0.0424655243496149,0.00258588545881037,0.199001788200688,-0.458083453984534,-0.165601799312661,-0.0383768802810975,0.0880773937875248,0.348401341937548,5922.36800121101,0.999534994943195,NA,231,NA,NA,FALSE,FALSE
"a_spqrt[232]",0.0264516887827062,0.00238930419622104,0.198481764966846,-0.368520883374066,-0.10718929254175,0.0252118597376106,0.162325108777863,0.413364303904971,6900.78242431418,0.99989823998903,NA,232,NA,NA,FALSE,FALSE
"a_spqrt[233]",-0.00401816877007714,0.00204069193093044,0.181567653557002,-0.35685406850065,-0.125546866206463,-0.00160078790233084,0.119452739679597,0.347443299181278,7916.29678567675,0.999230281682687,NA,233,NA,NA,FALSE,FALSE
"a_spqrt[234]",-0.00396095678153197,0.00216994771004012,0.185267223736017,-0.359971589346859,-0.127285587504839,-0.00237387756883212,0.119722445808241,0.355990881177157,7289.51526726842,0.999566980691502,NA,234,NA,NA,FALSE,FALSE
"a_spqrt[235]",-0.0119937071839478,0.00225466937160417,0.195536815260337,-0.390310673023923,-0.142286648812103,-0.00975378318240142,0.11682289918416,0.381453441373296,7521.27286023994,0.999023278020256,NA,235,NA,NA,FALSE,FALSE
"a_spqrt[236]",-0.0824023669420161,0.00235852111603078,0.197186533771515,-0.479964652803639,-0.211186382440029,-0.0811180457893604,0.0512553509976099,0.309575083719306,6989.96446568287,0.99925246825724,NA,236,NA,NA,FALSE,FALSE
"a_spqrt[237]",-0.0357817781850919,0.00256688909695335,0.197306050859716,-0.438809249639981,-0.159963100145397,-0.0358586369649283,0.0888512898778932,0.368082420161792,5908.35521696355,0.999175259896225,NA,237,NA,NA,FALSE,FALSE
"a_spqrt[238]",0.0104212229359397,0.00236456510326437,0.204655939607914,-0.378931971816997,-0.124653976250137,0.00715435076986421,0.14436203420976,0.416873851088354,7491.10966816144,0.999179199934026,NA,238,NA,NA,FALSE,FALSE
"a_spqrt[239]",0.028032080686029,0.00254028938864764,0.202772335462457,-0.37156981830789,-0.10451580411327,0.0290046907744367,0.159847473114562,0.429263416906813,6371.63689441848,0.999324976423854,NA,239,NA,NA,FALSE,FALSE
"a_spqrt[240]",0.0210128503299336,0.00269399915354506,0.197832903023414,-0.353649584006477,-0.110255361496783,0.0225597446569957,0.149518617600698,0.41357774333148,5392.64880643188,0.999267729796443,NA,240,NA,NA,FALSE,FALSE
"a_spqrt[241]",0.0490736522077918,0.00248203238229116,0.201945194712165,-0.332904875323723,-0.0883468661253246,0.0449858732313817,0.180132092703416,0.452112708658418,6619.91115048255,0.999349149952787,NA,241,NA,NA,FALSE,FALSE
"a_spqrt[242]",0.00915301148609381,0.0025420584981135,0.200902563013275,-0.378885384603304,-0.125662997175478,0.00946521295398907,0.140978345060861,0.431574417234151,6245.96971121168,0.999641842462097,NA,242,NA,NA,FALSE,FALSE
"a_spqrt[243]",0.0250764867245903,0.00250324771082677,0.197860016133446,-0.354838100079736,-0.106041811805381,0.0224809153906751,0.160258635492311,0.415330373819618,6247.53107458421,0.999445338388871,NA,243,NA,NA,FALSE,FALSE
"a_spqrt[244]",0.00897109658306553,0.00275474936001508,0.201864576281518,-0.392055130297524,-0.122923078049291,0.00763353252278203,0.138646561667237,0.407970823634439,5369.77448952689,0.999720440284343,NA,244,NA,NA,FALSE,FALSE
"a_spqrt[245]",0.00364289876663428,0.00255117928744735,0.201681348764249,-0.38159285353591,-0.133671161344174,-0.000407566992797611,0.140721753216389,0.401288655069688,6249.56103048413,0.999242151316891,NA,245,NA,NA,FALSE,FALSE
"a_spqrt[246]",0.0567517334530199,0.00250290123719358,0.180487335196751,-0.304996703676249,-0.057916290302955,0.0514810818189413,0.171751281865578,0.42206009279571,5200.03228184182,1.00023358368706,NA,246,NA,NA,FALSE,FALSE
"a_spqrt[247]",-0.026079969081852,0.00198739558951385,0.182065031464417,-0.382971369265228,-0.14809812517825,-0.026619898457118,0.0997103551073076,0.325724959153014,8392.36642565891,0.999002818267745,NA,247,NA,NA,FALSE,FALSE
"a_spqrt[248]",-0.00241847707971457,0.00210732365418676,0.189247615077955,-0.376950561338427,-0.127308154529169,-0.00448340425543042,0.119793112598622,0.369843179754835,8064.88810625539,0.999412722910552,NA,248,NA,NA,FALSE,FALSE
"a_spqrt[249]",0.0107154894875806,0.00183776369850042,0.175712619455268,-0.334188748490766,-0.1060219899362,0.00916555188805419,0.126305026382653,0.362186793719246,9141.69166106475,0.998892471821193,NA,249,NA,NA,FALSE,FALSE
"a_spqrt[250]",-0.00320608790560149,0.00264663026428388,0.180716377427604,-0.348175339792293,-0.121111722233665,-0.00624260030491791,0.116340411097204,0.354221357618845,4662.38868240742,0.999114349995255,NA,250,NA,NA,FALSE,FALSE
"a_spqrt[251]",-0.00718848277254458,0.00267524638585949,0.211974869527431,-0.448589100580264,-0.141427912862118,-0.00728374915253481,0.126514340116077,0.43129670833773,6278.28723775166,0.999397138241122,NA,251,NA,NA,FALSE,FALSE
"a_spqrt[252]",-0.000728033241684758,0.00257068186649063,0.196520232120278,-0.391558293358363,-0.131870080681263,-0.00141187237907423,0.131980456468219,0.381487018288597,5844.10309609001,0.999452352034418,NA,252,NA,NA,FALSE,FALSE
"a_spqrt[253]",-0.00571475420272657,0.00284042516349005,0.203912855505022,-0.400617227893479,-0.136067603013164,-0.00889401123666123,0.124357259781647,0.402413628226711,5153.74005582007,0.99970158771526,NA,253,NA,NA,FALSE,FALSE
"a_spqrt[254]",0.00827190443941584,0.00245818407143309,0.202388007132381,-0.377725032181627,-0.12975085721356,0.00617229380413324,0.13831036642831,0.416822895174932,6778.61155591627,0.999323149782366,NA,254,NA,NA,FALSE,FALSE
"a_spqrt[255]",0.00463827259990458,0.0023425800153176,0.198141849975115,-0.38808462629136,-0.124701194958712,-0.00031511343949599,0.141341347515278,0.393221980852093,7154.24088875334,0.999806336323782,NA,255,NA,NA,FALSE,FALSE
"a_spqrt[256]",-0.0148822477497212,0.00222483184173654,0.171862741428931,-0.346158499021776,-0.131259952445024,-0.0138664088187015,0.102945945810807,0.325219587418325,5967.1792932189,0.999095905561932,NA,256,NA,NA,FALSE,FALSE
"a_spqrt[257]",-0.0976709079461451,0.00223187593752567,0.17466241730547,-0.451683678937136,-0.212962346206335,-0.0946767562327793,0.0231478497912295,0.228937000747282,6124.33351153903,0.999814851095446,NA,257,NA,NA,FALSE,FALSE
"a_spqrt[258]",0.0804089558670376,0.00225250022377767,0.185010213768147,-0.2724228802721,-0.0461254333222487,0.0759189769407797,0.200750319051317,0.446645776052283,6746.23902114482,0.999107950927068,NA,258,NA,NA,FALSE,FALSE
"a_spqrt[259]",0.0234874760307601,0.0027614087351778,0.195869309621485,-0.362221195028697,-0.108668267092505,0.0219077691808866,0.153217976400053,0.408518924499026,5031.1978542823,0.999211867404657,NA,259,NA,NA,FALSE,FALSE
"a_spqrt[260]",-0.0425767173960021,0.00241728028784039,0.198730393379015,-0.447393632424232,-0.170355792974025,-0.038009989748363,0.0830395824935377,0.351524860263595,6758.87731545875,0.999111865640936,NA,260,NA,NA,FALSE,FALSE
"a_spqrt[261]",-0.0459418153336755,0.00271041834224544,0.202349174527987,-0.453844281719439,-0.173068302627335,-0.0465889112902819,0.0842924898109986,0.353672808321373,5573.5284044324,0.999350913798811,NA,261,NA,NA,FALSE,FALSE
"a_spqrt[262]",-0.00728104092663431,0.00231085938117979,0.197716843612698,-0.408051805379881,-0.139556975779001,-0.00687003693605143,0.126395507055503,0.388274662647572,7320.49249261943,0.999445653756682,NA,262,NA,NA,FALSE,FALSE
"a_spqrt[263]",-0.00412247817578226,0.00242767752073565,0.19114249760324,-0.377391838008549,-0.13172416128575,-0.00265139512680423,0.122260216131312,0.370376263398964,6199.15533939911,0.999197747251991,NA,263,NA,NA,FALSE,FALSE
"a_spqrt[264]",-0.0213710495130326,0.00229104372619085,0.187999996927007,-0.410015659657887,-0.143432310931954,-0.0189575304028635,0.100216694650136,0.356918554816413,6733.62502445253,0.999083178843933,NA,264,NA,NA,FALSE,FALSE
"a_spqrt[265]",-0.0299185387402037,0.00216936663941066,0.193507853757432,-0.419594865975863,-0.15840834587026,-0.0264795079697566,0.0988888784250946,0.350343250717973,7956.6687433116,0.99985739110702,NA,265,NA,NA,FALSE,FALSE
"a_spqrt[266]",0.0515048529223717,0.00223527087202925,0.179536367038842,-0.297289987837928,-0.0671618890130352,0.0505209981680453,0.170059931570507,0.405079658678153,6451.26004205985,0.999032664483094,NA,266,NA,NA,FALSE,FALSE
"a_spqrt[267]",-0.00910747911589817,0.00213063775836167,0.208213956555585,-0.419649683825969,-0.143907337370682,-0.00898081430493448,0.122846145282011,0.396382056536552,9549.93543437555,0.999768061554624,NA,267,NA,NA,FALSE,FALSE
"a_spqrt[268]",-0.0510510509384425,0.00268954210891615,0.210616713990224,-0.471733912078534,-0.190439033578249,-0.0449014205570764,0.0871905532500591,0.35684024141007,6132.37873431994,1.00021088314047,NA,268,NA,NA,FALSE,FALSE
"a_spqrt[269]",-0.0353772321648993,0.00220867368569364,0.200082725762846,-0.437131015338159,-0.164093571178634,-0.0325186003281235,0.0972342652787307,0.351185338849835,8206.46414757515,0.999396901256995,NA,269,NA,NA,FALSE,FALSE
"a_spqrt[270]",0.0353630247001352,0.00240004549461118,0.205140043146465,-0.355454890457089,-0.0963070995261152,0.0318790930960015,0.163707179911458,0.44401450281723,7305.70172061261,0.999686514140562,NA,270,NA,NA,FALSE,FALSE
"a_spqrt[271]",0.0277393479101924,0.00280628456268668,0.205126431118107,-0.36265526018073,-0.108518085893031,0.0266369170716292,0.162765230407369,0.432745410675371,5342.93429709867,0.999618094153751,NA,271,NA,NA,FALSE,FALSE
"a_spqrt[272]",0.106865517502858,0.00316262252548402,0.202092394126548,-0.291873805650924,-0.0297272682927187,0.103060332629505,0.237520307639622,0.515119575823889,4083.2429236318,1.00079445200984,NA,272,NA,NA,FALSE,FALSE
"a_spqrt[273]",0.0399668204327795,0.00225455491480426,0.195150590174214,-0.344246290964478,-0.0890674538809872,0.0401473402683046,0.167309075497879,0.424952416670408,7492.3507776861,0.999157551431726,NA,273,NA,NA,FALSE,FALSE
"a_spqrt[274]",0.0144119228789364,0.00216780102814197,0.181199498464727,-0.341215420610791,-0.102682505260637,0.0124897466396205,0.133967011334431,0.381444233902488,6986.74908450715,0.999113626211405,NA,274,NA,NA,FALSE,FALSE
"a_spqrt[275]",0.0414865569939335,0.00226531436817206,0.18675268182238,-0.333317482054594,-0.0747796882108495,0.0398977263804253,0.156875455753337,0.430424237452267,6796.36563204755,0.999257151373657,NA,275,NA,NA,FALSE,FALSE
"a_spqrt[276]",0.00758159356770653,0.00217528707826759,0.196398450194145,-0.385785024222383,-0.119011006776248,0.00773810123582953,0.137850165749851,0.399168868113565,8151.60172796451,0.999203852917978,NA,276,NA,NA,FALSE,FALSE
"a_spqrt[277]",-0.0512980878133956,0.00280303152791883,0.196763840751083,-0.449689505760187,-0.182866712885609,-0.055460522667009,0.0865335700910496,0.325508013175848,4927.59058960106,0.999812528367011,NA,277,NA,NA,FALSE,FALSE
"a_spqrt[278]",-0.0325479145719926,0.00230342578796683,0.189426618273785,-0.4088191098667,-0.155061516738249,-0.0334709892889105,0.0933113810295717,0.345834619351443,6762.90929901965,0.999601542903809,NA,278,NA,NA,FALSE,FALSE
"a_spqrt[279]",0.0206687210998314,0.00257879795623356,0.193743097146923,-0.362711612199842,-0.112465124415986,0.0208643599382264,0.146847831881092,0.393746389168875,5644.40075578888,0.999290968301143,NA,279,NA,NA,FALSE,FALSE
"a_spqrt[280]",0.0109565682938703,0.00245430775815543,0.204405472386369,-0.392359072410816,-0.121497487079088,0.0120933136859312,0.144446541972131,0.414358385161228,6936.28608013333,0.999917831893008,NA,280,NA,NA,FALSE,FALSE
"a_spqrt[281]",0.00224648552359773,0.00247652745766044,0.202739840138211,-0.394000799105085,-0.133333611642509,0.00211721862872823,0.133007194686692,0.403300074347657,6701.80681132871,0.999438735560543,NA,281,NA,NA,FALSE,FALSE
"a_spqrt[282]",0.0173316398325124,0.00257437082955243,0.197823688659345,-0.364048322019543,-0.114140403135782,0.0161126506612283,0.142950253579099,0.412249751851793,5904.92491419527,0.99923933626972,NA,282,NA,NA,FALSE,FALSE
"a_spqrt[283]",0.0159350631953043,0.00234905279597599,0.186575757214901,-0.355110771655997,-0.102916520687139,0.0160129536628441,0.14236119434431,0.374547342142728,6308.48202667434,0.999948976367827,NA,283,NA,NA,FALSE,FALSE
"a_spqrt[284]",0.0557135878134826,0.00234373627380842,0.197715340275846,-0.335157307092192,-0.075907930372753,0.0523393924067868,0.188460619404428,0.443103093633746,7116.44750044704,0.999625872569809,NA,284,NA,NA,FALSE,FALSE
"a_spqrt[285]",0.0906033177182931,0.00239200070821936,0.189115737308875,-0.280091268897231,-0.0335326826156705,0.0900273572202608,0.2180455796208,0.470270883715348,6250.75868131138,0.998905067583441,NA,285,NA,NA,FALSE,FALSE
"a_spqrt[286]",-0.0529397479438315,0.00251266832655359,0.204736475887852,-0.452129176989322,-0.187734151182434,-0.0529712976305304,0.0818180945808909,0.339372168992728,6639.26672821846,0.99882194673725,NA,286,NA,NA,FALSE,FALSE
"a_spqrt[287]",0.00143498697126781,0.00246189377474701,0.200411580435311,-0.38862326308219,-0.130867545464253,0.000653361356511962,0.134999052590806,0.405580778805519,6626.84794109533,0.99941770748633,NA,287,NA,NA,FALSE,FALSE
"a_spqrt[288]",0.00291916560568121,0.00278878415695808,0.206639241513774,-0.412877220610063,-0.126479034369456,0.00107547019939919,0.133862513468446,0.410832076064679,5490.29642568955,0.999067313551643,NA,288,NA,NA,FALSE,FALSE
"a_spqrt[289]",0.0179206093562871,0.00230394670565418,0.195198729141982,-0.375457116401847,-0.112163406059835,0.0160493755695824,0.14514940933517,0.409636873341126,7178.09354748214,0.99933330034778,NA,289,NA,NA,FALSE,FALSE
"a_spqrt[290]",0.0273470176641505,0.00229755128688699,0.197949207960559,-0.368889954236668,-0.0977970237613468,0.0238458213965706,0.15107674407264,0.428863905198323,7422.95978031536,0.999059588085674,NA,290,NA,NA,FALSE,FALSE
"a_spqrt[291]",0.0125061850187388,0.00249340114968404,0.20360425132361,-0.369484216531745,-0.123929640021926,0.0123844477594434,0.143157734412092,0.428699321901956,6667.90453183066,0.999670111644376,NA,291,NA,NA,FALSE,FALSE
"a_spqrt[292]",-0.0137987564167864,0.00253559406449297,0.200123573988437,-0.417357222419929,-0.140926133599861,-0.0105096583861796,0.11511845346136,0.390480867569167,6229.26845704531,0.999115973271799,NA,292,NA,NA,FALSE,FALSE
"a_spqrt[293]",0.00317090822199227,0.00262558167674123,0.202372263201682,-0.379367831294953,-0.136215068042565,0.00116595385782179,0.141813126962686,0.397722407994237,5940.88179537875,0.999788980466074,NA,293,NA,NA,FALSE,FALSE
"a_spqrt[294]",0.0197769867620574,0.002660112291259,0.206977436598691,-0.394857591268975,-0.113204694901702,0.0204846026273793,0.150795205081477,0.435264590467862,6054.05090143586,1.00020582451435,NA,294,NA,NA,FALSE,FALSE
"a_spqrt[295]",0.00287027985517092,0.00279491836296583,0.203965717717636,-0.396043348415495,-0.133396861817247,0.00150144287758926,0.142531815371093,0.402355820648613,5325.69267941006,0.999557254525787,NA,295,NA,NA,FALSE,FALSE
"a_spqrt[296]",0.0453801811061217,0.00289780544964669,0.209529229176979,-0.372335170725561,-0.0895297409064193,0.043914260674745,0.176312934604084,0.475946968144039,5228.18300395732,1.00001690251485,NA,296,NA,NA,FALSE,FALSE
"a_spqrt[297]",0.0101484268333013,0.00243727925370623,0.199596820498133,-0.377117693745825,-0.122102187160022,0.00922223044506765,0.138739524807066,0.404179769553476,6706.51119992572,0.998856272588518,NA,297,NA,NA,FALSE,FALSE
"a_spqrt[298]",0.0519550328374989,0.0025870402137753,0.201535435468846,-0.33885281394301,-0.0799811059322455,0.0487925900303338,0.183790422093724,0.467892560105674,6068.71128962206,0.999995880353376,NA,298,NA,NA,FALSE,FALSE
"a_spqrt[299]",0.00629315616856431,0.00267584460739306,0.203058947724988,-0.400975882149967,-0.127227782877622,0.00574348862582658,0.134835447466725,0.402253089273611,5758.67387042398,0.998942783723192,NA,299,NA,NA,FALSE,FALSE
"a_spqrt[300]",0.00926992002904783,0.00230306897490454,0.195533539817271,-0.370160841125023,-0.123247226173011,0.00965153804101033,0.134798468154713,0.395369376540353,7208.22999394745,0.999656293669584,NA,300,NA,NA,FALSE,FALSE
"a_spqrt[301]",0.040068889366056,0.00223269884146492,0.192275476675553,-0.350571583988794,-0.0834129350203649,0.0390013657835084,0.161259158497029,0.432270326671015,7416.30358645673,0.99952018489973,NA,301,NA,NA,FALSE,FALSE
"a_spqrt[302]",-0.0277094075557988,0.00263090247899908,0.197824616404355,-0.418784988497089,-0.158397911558411,-0.0266793249430249,0.104348443528499,0.359608734685603,5653.93959371895,0.999344169838325,NA,302,NA,NA,FALSE,FALSE
"a_spqrt[303]",0.0298394947811546,0.00246158170912324,0.1979943388917,-0.342239211831092,-0.103351469959602,0.0294788828549756,0.160962396680445,0.413624665368689,6469.59409227142,0.999850108058597,NA,303,NA,NA,FALSE,FALSE
"a_spqrt[304]",-0.013291191989452,0.0027466894566949,0.190224156214859,-0.393965356374676,-0.135790878512001,-0.0106143919194673,0.110877559379552,0.362071488418068,4796.3648522946,1.00075161121652,NA,304,NA,NA,FALSE,FALSE
"a_spqrt[305]",-0.0174485228750814,0.00234828809326079,0.201080818364552,-0.409892192853474,-0.144801051368646,-0.0170866045158869,0.113277137107181,0.384565839968799,7332.2714714834,0.99935149919273,NA,305,NA,NA,FALSE,FALSE
"a_spqrt[306]",-0.112450846876717,0.00292144700573565,0.199895311871866,-0.519770441923536,-0.242347184418269,-0.111120249735991,0.0235962683558059,0.258002037921284,4681.76048805713,0.999724722063813,NA,306,NA,NA,FALSE,FALSE
"a_spqrt[307]",-0.0178968492317585,0.00231269716120211,0.195403996068639,-0.406156665141306,-0.143375356016787,-0.0193605153346852,0.116325347011725,0.360723997803963,7138.86792528891,0.999447929376311,NA,307,NA,NA,FALSE,FALSE
"a_spqrt[308]",-0.00618492656201229,0.00227386909307505,0.202746825089421,-0.418537839976053,-0.139953183677069,-0.00825036094625171,0.124596223505357,0.403815048997855,7950.18448902357,0.999971018126558,NA,308,NA,NA,FALSE,FALSE
"a_spqrt[309]",-0.0215635970820649,0.00214043541165313,0.176395636667959,-0.368716696658484,-0.1395562115916,-0.0195631337194043,0.0974998817574748,0.31772946170684,6791.58939663934,0.999230539845407,NA,309,NA,NA,FALSE,FALSE
"a_spqrt[310]",-0.0996120383489719,0.00255996713614097,0.175664718223443,-0.446679725444576,-0.212649279819669,-0.0969084648602359,0.0180135353365585,0.229691731910503,4708.69224882866,1.00073683738651,NA,310,NA,NA,FALSE,FALSE
"a_spqrt[311]",-0.0144749285754257,0.00242325392455531,0.188734027110602,-0.385159356861913,-0.1387869045363,-0.0182789919143977,0.107685941571468,0.362762050608813,6066.00220696997,0.999369819281392,NA,311,NA,NA,FALSE,FALSE
"a_spqrt[312]",-0.018237997105271,0.00239415035694686,0.184466421253088,-0.386031620410641,-0.14115930203511,-0.0161194086361135,0.107548451773456,0.343663469256528,5936.51817557062,0.999012676384795,NA,312,NA,NA,FALSE,FALSE
"a_spqrt[313]",0.00416301491937462,0.00210097812311056,0.192162692193583,-0.377496179511528,-0.121829149197049,0.00420744108806305,0.128996080643018,0.384916862297852,8365.56135197338,0.999086178264479,NA,313,NA,NA,FALSE,FALSE
"a_spqrt[314]",0.0419247631569174,0.00236196707987158,0.194043962122441,-0.344086591110698,-0.0877056136807048,0.0456138611607056,0.169918181400199,0.426723263806278,6749.20449261251,0.99912530286391,NA,314,NA,NA,FALSE,FALSE
"a_spqrt[315]",-0.00570894906332237,0.00229283429424711,0.195261577830707,-0.394155321125881,-0.132261656316761,-0.00758217571750182,0.125769217171039,0.374133429587091,7252.50857372506,1.0000352700505,NA,315,NA,NA,FALSE,FALSE
"a_spqrt[316]",-0.00960590323559161,0.00249384722998329,0.198118661968283,-0.390980127923504,-0.143877032502772,-0.00954107261511709,0.120045150298159,0.383472212791361,6311.18747607993,0.99908647664283,NA,316,NA,NA,FALSE,FALSE
"a_spqrt[317]",-0.0110378350962157,0.00203392558451462,0.18939480476408,-0.378838665986458,-0.136008946247915,-0.0127391012020896,0.119017764871482,0.357216969639752,8670.93648596499,0.998905929199292,NA,317,NA,NA,FALSE,FALSE
"a_spqrt[318]",0.110503931921344,0.00237259646862785,0.191253968302579,-0.253728749960263,-0.0181732592213156,0.106557951260393,0.238285152924993,0.492778619762808,6497.90190466116,0.999388736192008,NA,318,NA,NA,FALSE,FALSE
"a_spqrt[319]",-0.0682865992908752,0.00222214575312754,0.185442978442412,-0.44769534347307,-0.189516355793376,-0.064955242470912,0.0552379942323311,0.291011202609931,6964.27168450174,0.999445748616158,NA,319,NA,NA,FALSE,FALSE
"a_spqrt[320]",-0.0470177153247765,0.0022600292157303,0.183098382958258,-0.412624338020518,-0.168167608087152,-0.0444504836780516,0.0782965938903731,0.299669951299336,6563.58193316857,0.999438413380818,NA,320,NA,NA,FALSE,FALSE
"a_spqrt[321]",-0.013243724706109,0.00259038842802571,0.207831541286164,-0.423113126008439,-0.153002388937962,-0.0129629324088713,0.122844670651215,0.392507344643357,6437.14266082863,0.99942870506842,NA,321,NA,NA,FALSE,FALSE
"a_spqrt[322]",-0.00682217245833831,0.00248608161600707,0.203611150205327,-0.40538540870871,-0.142494351992949,-0.00952480983121892,0.124049862813544,0.400793791740413,6707.68022593231,0.999058642107592,NA,322,NA,NA,FALSE,FALSE
"a_spqrt[323]",-0.00230141938928558,0.00264863614000455,0.202666368923261,-0.393486514514884,-0.135063705156818,-0.00460065338939073,0.128760139099211,0.40451068214003,5854.89042807944,0.999606606193252,NA,323,NA,NA,FALSE,FALSE
"a_spqrt[324]",0.000834334816664343,0.00228263766105377,0.205659607959271,-0.40940854318397,-0.12502854109389,-0.00179251712931589,0.127864335015206,0.416638141679419,8117.5327681687,0.999174808325331,NA,324,NA,NA,FALSE,FALSE
"a_spqrt[325]",0.00222998698407822,0.0027283651505895,0.207645969597573,-0.404278910418838,-0.133025782805334,-0.000415169148592041,0.137993286701236,0.41251560696833,5792.17966346043,0.999948194263719,NA,325,NA,NA,FALSE,FALSE
"a_spqrt[326]",0.177338129728926,0.00296988469618198,0.199834737319316,-0.200033665292309,0.0439813167542408,0.170295418510266,0.302265462804291,0.590799571591785,4527.54516162205,0.999424385837364,NA,326,NA,NA,FALSE,FALSE
"a_spqrt[327]",0.0847078894612709,0.00229314154920399,0.197125695982986,-0.288878926998253,-0.0525913740796989,0.0812442398135448,0.213699379478138,0.474671680870748,7389.66503359033,0.999333743059019,NA,327,NA,NA,FALSE,FALSE
"a_spqrt[328]",-0.0791066496824045,0.00207712134431356,0.172633398429283,-0.424639511886372,-0.195609018440233,-0.076638833929313,0.0353215167427927,0.256198070186946,6907.57967675567,0.999341207061594,NA,328,NA,NA,FALSE,FALSE
"a_spqrt[329]",-0.0191651045877788,0.00207649465241058,0.195482284252715,-0.404191281222106,-0.148654176192652,-0.02066033570329,0.109272109383377,0.362468200838822,8862.43731523714,0.998938156860623,NA,329,NA,NA,FALSE,FALSE
"a_spqrt[330]",-0.0945606646495247,0.00213171451460957,0.181636910586899,-0.454106251084272,-0.217259518732831,-0.0927246586577793,0.0294912242365228,0.258960141930679,7260.22580933425,0.99905132917215,NA,330,NA,NA,FALSE,FALSE
"a_spqrt[331]",-0.0056979136526847,0.00222323570746658,0.190483662978098,-0.374588239056353,-0.134733867820675,-0.00529757105461524,0.121540858992771,0.369625360836882,7340.81788054354,0.998996886021342,NA,331,NA,NA,FALSE,FALSE
"a_spqrt[332]",0.0284083436713524,0.00249899104345631,0.199632852858904,-0.358481907358976,-0.103804448855428,0.0297120142981559,0.163009637915477,0.422889962448805,6381.67417658946,0.999728548334489,NA,332,NA,NA,FALSE,FALSE
"a_spqrt[333]",0.0428731725124616,0.00269210688124429,0.207549385883868,-0.371905177641091,-0.0890780293759438,0.0402472769875306,0.169469976651673,0.458940766761469,5943.71954650528,0.999304725302002,NA,333,NA,NA,FALSE,FALSE
"a_spqrt[334]",0.00473695669860155,0.00260605727385989,0.19545835447757,-0.363032780131704,-0.134156699538178,0.00318827376201727,0.136689405943491,0.384684642348586,5625.23362764878,0.999894836161984,NA,334,NA,NA,FALSE,FALSE
"a_spqrt[335]",0.0247325427677126,0.00276535698731625,0.196337228444314,-0.353774478810542,-0.111090521122744,0.0217097341710641,0.154913053488645,0.409796862926315,5040.83991089865,0.999528317825652,NA,335,NA,NA,FALSE,FALSE
"a_spqrt[336]",0.0040210659157175,0.00224474214110404,0.203142729600506,-0.396881849488651,-0.12341095499037,0.00475875998327533,0.137518641413806,0.392097024339796,8189.73120267379,0.999015952634612,NA,336,NA,NA,FALSE,FALSE
"a_spqrt[337]",-0.000940344967418491,0.00248923695322013,0.208455414608193,-0.42063100133237,-0.131914076381121,0.0017599536088977,0.132326769965165,0.411223350304677,7012.83921158023,0.99944506408496,NA,337,NA,NA,FALSE,FALSE
"a_spqrt[338]",-0.020904777495005,0.00271112137876507,0.205323754628327,-0.431703391023492,-0.160866883430719,-0.0187648362714587,0.116750414690824,0.374617846628343,5735.62133204721,1.00012752088508,NA,338,NA,NA,FALSE,FALSE
"a_spqrt[339]",-0.0131550841989359,0.00235442445793466,0.20518641429523,-0.413969693729053,-0.147483862293174,-0.0128103384122585,0.118913501166596,0.407094664182665,7594.99833497731,0.999334720598935,NA,339,NA,NA,FALSE,FALSE
"a_spqrt[340]",-0.0563091369252109,0.00249527344399931,0.205236085634925,-0.477102734086465,-0.191708541297991,-0.054188418797333,0.0792649869577374,0.335247823073148,6765.05227284974,0.999295706237069,NA,340,NA,NA,FALSE,FALSE
"a_spqrt[341]",0.00615784082032965,0.00268109799144576,0.198898870938058,-0.385490558854662,-0.126564519788723,0.00854021780589698,0.140565012475633,0.384529024173775,5503.50367811656,0.999254135913198,NA,341,NA,NA,FALSE,FALSE
"a_spqrt[342]",0.0128307665802833,0.00203649549394424,0.190147358383608,-0.361550125175781,-0.1107896049776,0.0111021364953391,0.133395788964948,0.402669073694894,8717.93618700536,0.998957983116827,NA,342,NA,NA,FALSE,FALSE
"a_spqrt[343]",-0.0162486603227806,0.00252721633007081,0.182231232202554,-0.370967071448228,-0.136181500738479,-0.0181335632644616,0.101175985497805,0.341952076059068,5199.49045387145,0.999593768153398,NA,343,NA,NA,FALSE,FALSE
"a_spqrt[344]",-0.0311629898872617,0.00228207740819216,0.2003046433724,-0.427322184553899,-0.159567627955474,-0.026589614884399,0.0937715036390373,0.355944941204284,7704.08899222767,0.99933241030577,NA,344,NA,NA,FALSE,FALSE
"a_spqrt[345]",0.0802011669962462,0.00264402465514281,0.191436593908505,-0.29815119121436,-0.0418819114378352,0.0767406560327009,0.202640195790599,0.465905487174367,5242.26433619816,0.999593551099011,NA,345,NA,NA,FALSE,FALSE
"a_spqrt[346]",0.0461020673563424,0.00240307635496733,0.212957951185075,-0.353592011013465,-0.0970744102295453,0.0417314804362312,0.186833481113133,0.4615055062919,7853.30707646449,0.999153508458911,NA,346,NA,NA,FALSE,FALSE
"a_spqrt[347]",-0.0491775130466043,0.00314192338983468,0.205197184313671,-0.475480414529789,-0.177434741213415,-0.0474638992905499,0.0821091825014017,0.359829652539695,4265.31992663442,0.999164642875374,NA,347,NA,NA,FALSE,FALSE
"a_spqrt[348]",0.0644356397943568,0.00260271864066793,0.209257072141856,-0.322707955214837,-0.0726523735263221,0.0588892918956166,0.199918854945611,0.490087495151109,6464.06692223365,0.999384240494115,NA,348,NA,NA,FALSE,FALSE
"a_spqrt[349]",-0.0140215892236749,0.00220360681954959,0.202845349613944,-0.425939082004269,-0.142710987244597,-0.0146061055792464,0.115972446135711,0.38065137452934,8473.48169869388,0.999435027859086,NA,349,NA,NA,FALSE,FALSE
"a_spqrt[350]",0.00229227714039779,0.00254199857144992,0.19495358212084,-0.383070422678821,-0.120875215599204,0.00194910341049742,0.127018294165336,0.389278500017684,5881.82141903132,0.999368552587977,NA,350,NA,NA,FALSE,FALSE
"a_spqrt[351]",0.0126345172531891,0.00252999801860968,0.204546163794457,-0.396337976531567,-0.122522944959588,0.0122569033554516,0.148841246044857,0.419294062240262,6536.45560099807,0.999250865663068,NA,351,NA,NA,FALSE,FALSE
"a_spqrt[352]",-0.0383924738770536,0.00270698114162492,0.205396566952291,-0.444271729658973,-0.173873058207626,-0.0368591820690849,0.101476354703776,0.355677841026903,5757.26076311117,0.999031748440635,NA,352,NA,NA,FALSE,FALSE
"a_spqrt[353]",-0.012949017767977,0.00235683328495658,0.200244731260272,-0.416545994690038,-0.144932888881243,-0.0120799925653275,0.115557566494337,0.385464656631324,7218.79102959574,0.999104171073993,NA,353,NA,NA,FALSE,FALSE
"a_spqrt[354]",0.00953357920981948,0.00264254206398466,0.1986001049839,-0.377459156336138,-0.1231881545449,0.00894563510714783,0.141018614421053,0.393282004036024,5648.26584355558,0.999187822242687,NA,354,NA,NA,FALSE,FALSE
"a_spqrt[355]",0.0272779303450581,0.00252884641210097,0.202940949307855,-0.383100876224358,-0.105778274807258,0.0282773809854139,0.160023432896606,0.422167311125617,6440.12753782245,0.99963584173815,NA,355,NA,NA,FALSE,FALSE
"a_spqrt[356]",0.00217286920602373,0.00264000680887309,0.213601840174229,-0.425935934691885,-0.13163829639748,0.00132910010153884,0.138303361292598,0.423726810588213,6546.36001754858,0.999124412987091,NA,356,NA,NA,FALSE,FALSE
"a_spqrt[357]",0.0507029183030314,0.0027739236605999,0.212841152465297,-0.353113530309251,-0.0877205737758423,0.0470409421577734,0.183727526888434,0.479615866828064,5887.38170189055,0.999808195981829,NA,357,NA,NA,FALSE,FALSE
"a_spqrt[358]",-0.0028785233279765,0.00210419126054754,0.200218931926103,-0.396267147291577,-0.134594835119102,-0.00192274087755763,0.125289998633098,0.385807776878848,9053.98677087622,0.999240652537031,NA,358,NA,NA,FALSE,FALSE
"a_spqrt[359]",0.0258431289728174,0.00239016968307904,0.196147890854559,-0.359910608057269,-0.1022970508831,0.027379058007543,0.155972627823694,0.417103752438362,6734.5691749016,0.999325033302467,NA,359,NA,NA,FALSE,FALSE
"a_spqrt[360]",0.109570498260013,0.00296251893749956,0.208636974418043,-0.293018475897796,-0.0331541938904241,0.104290294043346,0.243728730186327,0.531198835848883,4959.75566134663,0.999852079651244,NA,360,NA,NA,FALSE,FALSE
"a_spqrt[361]",0.145968088566151,0.00356121865403997,0.215556385726135,-0.255952017172038,0.00327624476259509,0.137260354523618,0.283211365505317,0.594378120118264,3663.73882683349,1.00034699101325,NA,361,NA,NA,FALSE,FALSE
"a_spqrt[362]",0.0133211157837338,0.00232616562443281,0.201503131168373,-0.373200301163557,-0.123508417747099,0.0149905133408991,0.149191152516482,0.414096585843949,7503.81867507785,1.00014223898863,NA,362,NA,NA,FALSE,FALSE
"a_spqrt[363]",-0.00180679088926226,0.00239387908544548,0.192936673800423,-0.386564387251616,-0.127640120203042,-0.00158845010121935,0.1281810377925,0.370515927649007,6495.6879473385,0.999118281743124,NA,363,NA,NA,FALSE,FALSE
"a_spqrt[364]",0.0265160239681669,0.00251000398316266,0.193199281570555,-0.351298607887947,-0.10759054111296,0.025353431646232,0.156298174724927,0.405965754515968,5924.64309030373,0.999359438246973,NA,364,NA,NA,FALSE,FALSE
"a_spqrt[365]",0.0440582789584297,0.00242713499669365,0.206298296020245,-0.366534777850392,-0.0864122183777296,0.0427307909393615,0.172706316103336,0.464549237998985,7224.42716362135,0.999505954756929,NA,365,NA,NA,FALSE,FALSE
"a_spqrt[366]",0.0875382184455325,0.0027516091259767,0.197786214464423,-0.306791290206295,-0.0440668729244867,0.0858516693904878,0.215148343386471,0.495257997391614,5166.7631607856,0.999989708935609,NA,366,NA,NA,FALSE,FALSE
"a_spqrt[367]",0.0788334334289477,0.0025771358521415,0.204654245225069,-0.325915914603374,-0.0507234256554635,0.0745022286419746,0.205335564888581,0.511396883515598,6306.18765741454,0.999491240937286,NA,367,NA,NA,FALSE,FALSE
"a_spqrt[368]",0.00518070483600105,0.00250671952605547,0.201848290411757,-0.393209720592947,-0.128696497854939,0.00717248566771422,0.137339657380931,0.40760118279067,6483.93515571321,0.999557593284889,NA,368,NA,NA,FALSE,FALSE
"a_spqrt[369]",-0.12044601160669,0.00231194695688753,0.180741805358066,-0.485848049438859,-0.239926589335057,-0.113328370386579,0.00121629423504144,0.232475519366612,6111.6925702064,1.00007561293027,NA,369,NA,NA,FALSE,FALSE
"a_spqrt[370]",-0.0794467823526962,0.00253751629882014,0.176689650372309,-0.430060827749076,-0.197259327317538,-0.0780988387422626,0.0388911088406366,0.268600142811691,4848.46809177112,1.00028900352196,NA,370,NA,NA,FALSE,FALSE
"a_spqrt[371]",-0.22335998240866,0.00321466782188946,0.191077203901032,-0.618859275320055,-0.347367452104359,-0.214542375121282,-0.0940387317400252,0.135866745117028,3533.01554941564,0.999830189789366,NA,371,NA,NA,FALSE,FALSE
"a_spqrt[372]",0.00881688817185956,0.00196612405647954,0.18278828499208,-0.34458487266409,-0.108379040660582,0.0086217150980181,0.130668701732881,0.357461873536202,8643.20636140571,0.99948351019675,NA,372,NA,NA,FALSE,FALSE
"a_spqrt[373]",0.0461426446053801,0.00214439962044737,0.195761974704747,-0.335860927154306,-0.0805706809554022,0.0404867674694313,0.179460042511299,0.429592442519523,8333.84139706087,0.999124953544169,NA,373,NA,NA,FALSE,FALSE
"a_spqrt[374]",0.0424350302539098,0.00224406438261299,0.203100320137733,-0.357034030049896,-0.0895882991800958,0.0372919688969616,0.177712642835542,0.444347111106738,8191.25772291163,0.999215067607178,NA,374,NA,NA,FALSE,FALSE
"a_spqrt[375]",-0.178610802275675,0.00333222258139753,0.204071866011957,-0.604846127374566,-0.306795383284887,-0.170571951941644,-0.0383931871792372,0.201994741435939,3750.57854575067,1.00027008998772,NA,375,NA,NA,FALSE,FALSE
"a_spqrt[376]",0.0601091155580199,0.00229986886633443,0.191413378042964,-0.303146884053248,-0.0662104155679535,0.056256818600834,0.182009388651276,0.444273999453184,6926.89216994431,0.99919503776385,NA,376,NA,NA,FALSE,FALSE
"a_spqrt[377]",0.118054717309977,0.00264933424454885,0.193448328300562,-0.265426762796359,-0.00837921010222523,0.112018431159579,0.243180121726406,0.51777786359851,5331.58645535273,0.999275660735722,NA,377,NA,NA,FALSE,FALSE
"a_spqrt[378]",-0.00551350640075638,0.00225670478652767,0.184464668910337,-0.367731567746717,-0.129782117045135,-0.00674627976864632,0.120052080442056,0.350019552390549,6681.54493174395,1.0000373730628,NA,378,NA,NA,FALSE,FALSE
"a_spqrt[379]",-0.0956529754769717,0.00246637305723299,0.186658999424483,-0.461452539258813,-0.220841595381666,-0.0914971678460538,0.0327154931391141,0.250147377207342,5727.70091203785,0.999482640855244,NA,379,NA,NA,FALSE,FALSE
"a_spqrt[380]",-0.0178306556214147,0.00213801419765875,0.186193763354308,-0.381804892454094,-0.137370079489797,-0.0210190037273619,0.106157708518491,0.353033355577568,7584.18800619942,0.998987012564449,NA,380,NA,NA,FALSE,FALSE
"a_spqrt[381]",0.02414313227381,0.00221947665190712,0.201563046766588,-0.358177966651029,-0.106848962732313,0.0195878044461786,0.153042490094484,0.429835246204688,8247.46853365499,0.999026587723963,NA,381,NA,NA,FALSE,FALSE
"a_spqrt[382]",0.098960378612072,0.00294282464298104,0.207376522848537,-0.288482924410999,-0.0394060974127743,0.0913184995959701,0.234255807702279,0.525750597354649,4965.81353884578,0.999732946220627,NA,382,NA,NA,FALSE,FALSE
"a_spqrt[383]",0.0963969994211416,0.00264239720671234,0.205151875944066,-0.305155463891014,-0.035630538676795,0.096263232204381,0.227877181082765,0.505659293866389,6027.74375803041,0.999530529814022,NA,383,NA,NA,FALSE,FALSE
"a_spqrt[384]",0.0190095349119576,0.00243127002118295,0.198002827522021,-0.350515474254101,-0.112139869776916,0.0143062984426377,0.149307852381407,0.419101825437373,6632.48679757486,0.99913868917095,NA,384,NA,NA,FALSE,FALSE
"a_spqrt[385]",-0.000364001661997405,0.00244690882570069,0.208843449220324,-0.423358786856047,-0.143116983266073,-0.00181465024997277,0.1458544801713,0.3999959973278,7284.60721852884,0.99917199709175,NA,385,NA,NA,FALSE,FALSE
"a_spqrt[386]",0.054695811471009,0.00254561208441012,0.200201185060129,-0.342979222140649,-0.0755959059571294,0.0541552588922205,0.184531685700852,0.456650468376119,6185.13010984355,0.998989864463784,NA,386,NA,NA,FALSE,FALSE
"a_spqrt[387]",-0.0455527274424434,0.00272222578462781,0.188476832248967,-0.42644635692772,-0.168989974470776,-0.0437724243326728,0.0806598251757966,0.322574919240508,4793.66478785624,0.999583379166848,NA,387,NA,NA,FALSE,FALSE
"a_spqrt[388]",0.0190631616670108,0.00216102242798393,0.167574127025424,-0.315017310160716,-0.0898628310238554,0.0221553068562209,0.127416550327644,0.343712153719436,6013.05786052522,0.999918127742623,NA,388,NA,NA,FALSE,FALSE
"a_spqrt[389]",-0.00488818895749469,0.00222688741524962,0.186336284746709,-0.368248588341594,-0.125192431707615,-0.00524853741820694,0.117905260824652,0.360375407379934,7001.61686776878,1.00008061831787,NA,389,NA,NA,FALSE,FALSE
"a_spqrt[390]",-0.110071774235721,0.00285750507928532,0.191187989544316,-0.497331477987547,-0.22862104628428,-0.103789610957436,0.0133771158776338,0.26366318208059,4476.58866425847,1.00033343910238,NA,390,NA,NA,FALSE,FALSE
"a_spqrt[391]",-0.0372289826798557,0.00200783548913242,0.176406591496348,-0.394166767069603,-0.154101119264527,-0.0355643066926737,0.0802820469346998,0.320129827841004,7719.21904376083,0.998990307984649,NA,391,NA,NA,FALSE,FALSE
"a_spqrt[392]",0.0705615535778853,0.00271041922034433,0.205864635391919,-0.32599608238175,-0.0658712693721964,0.0707608575643068,0.208365266754993,0.48820254619478,5768.86741998294,0.999321513354193,NA,392,NA,NA,FALSE,FALSE
"a_spqrt[393]",0.0466589469902767,0.00255762066912744,0.195957146707956,-0.336644401337296,-0.0850828344534102,0.0462944750887565,0.176889680569809,0.428698369248586,5870.16012972825,1.00002398895439,NA,393,NA,NA,FALSE,FALSE
"a_spqrt[394]",0.0515525493044724,0.00250314371129215,0.191387152812682,-0.332548973894504,-0.069795621211155,0.0500286184494181,0.176282620488656,0.431736518589942,5845.93517196237,0.999249157063086,NA,394,NA,NA,FALSE,FALSE
"a_spqrt[395]",-0.0374587615944972,0.00287731875212632,0.196712203267526,-0.425267761322066,-0.16055148978809,-0.0382937975846476,0.0960151999358855,0.348420135735455,4673.97788507041,0.999360865303255,NA,395,NA,NA,FALSE,FALSE
"a_spqrt[396]",-0.00546400072733731,0.00246384388772594,0.202181729119656,-0.404779307379464,-0.138672069572906,-0.00457768940974304,0.127430620196471,0.384470386746001,6733.75698504775,0.999319499505919,NA,396,NA,NA,FALSE,FALSE
"a_spqrt[397]",0.00210469810663582,0.00258083466804519,0.206303601849172,-0.41036386217692,-0.132211763308199,0.00177924936154252,0.13775437286479,0.40175349945046,6389.8881013123,0.999132560184888,NA,397,NA,NA,FALSE,FALSE
"a_spqrt[398]",-0.0343018519727232,0.00239813960438583,0.199654747285081,-0.427952652969383,-0.168631298071574,-0.0347861694010589,0.102470804950189,0.34578337840052,6931.23078376148,0.999295485654571,NA,398,NA,NA,FALSE,FALSE
"a_spqrt[399]",0.0232100931530478,0.00250407424190983,0.205977923056718,-0.37354428807997,-0.114677935991571,0.0224675660407756,0.161880215240558,0.429327042393508,6766.23297938415,0.99958373731129,NA,399,NA,NA,FALSE,FALSE
"a_spqrt[400]",0.0191277075698423,0.00244168028771968,0.205470033840525,-0.394179342745645,-0.115422782498676,0.0181831260881514,0.144723534659784,0.435932461216183,7081.40430750271,0.99924732379218,NA,400,NA,NA,FALSE,FALSE
"a_spqrt[401]",-0.00623593231974078,0.00203567299600536,0.185155732247862,-0.371572802640069,-0.131827079340712,-0.00695636028214378,0.119309214473354,0.359434679543534,8272.90986642942,0.99917618908831,NA,401,NA,NA,FALSE,FALSE
"a_spqrt[402]",0.136275909158131,0.00285864700745228,0.18855071278353,-0.226323154938903,0.0035146308156899,0.138025419786767,0.261100162784127,0.521940246736435,4350.46115418486,0.999938567188349,NA,402,NA,NA,FALSE,FALSE
"a_spqrt[403]",0.0216806160519747,0.00247139088213399,0.192602782562058,-0.350821285653241,-0.102043016577485,0.0186170036215663,0.151704311757838,0.40487808767675,6073.5447281355,0.999626541518594,NA,403,NA,NA,FALSE,FALSE
"a_spqrt[404]",-0.00316085150669809,0.0023877443323169,0.195568962216606,-0.38673470410408,-0.133033227150688,-0.0021019059024625,0.128084877511811,0.37697945611283,6708.48134825598,0.999185852934755,NA,404,NA,NA,FALSE,FALSE
"a_spqrt[405]",-0.0166126490664816,0.00305653647753545,0.207211107435633,-0.427055653156087,-0.147475633063349,-0.0135954257709247,0.115289671554505,0.395665742464818,4595.86112890153,0.99990481560576,NA,405,NA,NA,FALSE,FALSE
"a_spqrt[406]",0.0485059859842814,0.0024018493728248,0.203603367266566,-0.346608738477419,-0.086304073466749,0.0409154344648072,0.184147888545398,0.46266698292252,7185.85379102364,0.999411632341825,NA,406,NA,NA,FALSE,FALSE
"a_spqrt[407]",-0.0390850263382014,0.0023032643121699,0.20419901853688,-0.462652547209653,-0.172581497158823,-0.0351419102122141,0.0965301726220204,0.36686990143138,7859.94928329594,0.99931676341591,NA,407,NA,NA,FALSE,FALSE
"a_spqrt[408]",0.102010625641981,0.0027528988827498,0.199056002218956,-0.289595605244976,-0.0271949288535162,0.097124406333676,0.229787091233755,0.513617908680253,5228.41480913108,0.998998154431519,NA,408,NA,NA,FALSE,FALSE
"a_spqrt[409]",0.101055691744555,0.00243704392794476,0.194744106247392,-0.282782884894593,-0.0303412934750893,0.0973962608673263,0.223269345970874,0.49819637911597,6385.60324484775,0.999159595309559,NA,409,NA,NA,FALSE,FALSE
"a_spqrt[410]",-0.00150988662222255,0.00229078298613981,0.191121726267479,-0.380776433059071,-0.134536931807074,0.000957288974787544,0.134090599024613,0.365037357606265,6960.68885437434,0.999553429684778,NA,410,NA,NA,FALSE,FALSE
"a_spqrt[411]",-0.0220191057787678,0.00287443781062648,0.209607024801012,-0.441416410482316,-0.158256208852174,-0.0214143027197878,0.115755351283801,0.393424187064853,5317.47960872324,0.999179871498948,NA,411,NA,NA,FALSE,FALSE
"a_spqrt[412]",-0.042278757914342,0.00261840428201189,0.200318845630281,-0.448466121333851,-0.171671771199085,-0.0351486931230854,0.0905866023235693,0.345034201038866,5852.88798709837,0.999154500631355,NA,412,NA,NA,FALSE,FALSE
"a_spqrt[413]",-0.00139932129817836,0.00284031045683657,0.205333063042499,-0.419597548341624,-0.133697913634267,0.00016468520090006,0.134931079850203,0.400863936348411,5226.20145036557,0.999329297705349,NA,413,NA,NA,FALSE,FALSE
"a_spqrt[414]",0.025168870260683,0.00262729121165262,0.206421027962523,-0.380868419484104,-0.106487664863723,0.0223887459168789,0.156814178176275,0.449240279427886,6172.93134442488,0.999077252476653,NA,414,NA,NA,FALSE,FALSE
"a_spqrt[415]",0.080178822171407,0.00255482344182164,0.202074310516784,-0.311705178739646,-0.0560742018313654,0.0748359188552824,0.21146048104334,0.485108037528058,6256.05310393591,0.999819300344959,NA,415,NA,NA,FALSE,FALSE
"a_spqrt[416]",-0.0352465363344202,0.00268025852429067,0.213478998155807,-0.471530818839323,-0.171437694284849,-0.0297891829316192,0.0998847187902153,0.39708215259456,6343.9089353398,1.00022982641235,NA,416,NA,NA,FALSE,FALSE
"a_spqrt[417]",-0.00255991404578323,0.00262619506699364,0.202499875370005,-0.403905783435479,-0.136618145859339,-0.00162852531304516,0.128767344967233,0.39329323198865,5945.59822156109,0.999073914729407,NA,417,NA,NA,FALSE,FALSE
"a_spqrt[418]",0.0136450957622912,0.00253517530986478,0.209669472518159,-0.402720611370044,-0.124202653498718,0.0119694957378449,0.15000046170537,0.437392383959778,6839.9733877574,0.999161736387099,NA,418,NA,NA,FALSE,FALSE
"a_spqrt[419]",0.0961811803694073,0.00276714963829169,0.20840090489399,-0.309472031890832,-0.0458323971985525,0.0925027531655295,0.22767726880396,0.530380964380142,5671.9698126644,1.00019095185084,NA,419,NA,NA,FALSE,FALSE
"a_spqrt[420]",0.0271240460351912,0.00272614558753542,0.20135084179167,-0.364784050403747,-0.105461234705959,0.024624909247475,0.157950748918946,0.433317167591568,5455.17652693628,1.00059398476677,NA,420,NA,NA,FALSE,FALSE
"a_spqrt[421]",0.119246662591378,0.00272215082001813,0.201493350028997,-0.264843592819056,-0.0140478367147897,0.114037467894107,0.251591581341773,0.535191088571117,5478.9466046228,0.999364986709679,NA,421,NA,NA,FALSE,FALSE
"a_spqrt[422]",-0.002619139448638,0.00240117625832142,0.193187823441391,-0.386002479237873,-0.126971374376308,-0.00158552572668487,0.123332187002473,0.388184247030557,6473.08660840646,0.99899856613742,NA,422,NA,NA,FALSE,FALSE
"a_spqrt[423]",0.0347971625324342,0.00233350111226658,0.194689891832611,-0.348681670023115,-0.0953868319470295,0.0355270757331705,0.161371122946854,0.412542909705883,6960.9863670241,0.999509039927981,NA,423,NA,NA,FALSE,FALSE
"a_spqrt[424]",-0.00297972064795606,0.0023611080855658,0.18983478852431,-0.369572551479478,-0.127935412591421,-0.00850415025655485,0.126807479627046,0.373406272401103,6464.27567075243,0.999431453783762,NA,424,NA,NA,FALSE,FALSE
"a_spqrt[425]",-0.0128367637700302,0.00291194061322826,0.197094923746331,-0.407832421970276,-0.138974542695548,-0.012820572941655,0.12076541369712,0.368754995710457,4581.26960761204,1.0004770981752,NA,425,NA,NA,FALSE,FALSE
"a_spqrt[426]",-0.0575445857349942,0.00254776257628898,0.193829570870502,-0.443184454976161,-0.192994450517945,-0.0587774210311556,0.0730693333768992,0.321160027688808,5787.9152117952,0.999837579107921,NA,426,NA,NA,FALSE,FALSE
"a_spqrt[427]",-0.0517073561191049,0.0027593155550559,0.201073564370331,-0.452182409840124,-0.185215401474678,-0.0496957209064674,0.087047197220643,0.336659606051878,5310.15520505143,0.999449078626645,NA,427,NA,NA,FALSE,FALSE
"a_spqrt[428]",0.0192128621619186,0.00234037191435395,0.20343392578717,-0.396281717436456,-0.108742632055373,0.0201380827935418,0.14725291240731,0.418375910346204,7555.73999260142,0.99917570113885,NA,428,NA,NA,FALSE,FALSE
"a_spqrt[429]",0.0124224799627303,0.00197848032578123,0.186414183471626,-0.351342862784043,-0.110002003425507,0.0149641542779402,0.134186658382955,0.375675854785095,8877.57671520497,0.998992240933744,NA,429,NA,NA,FALSE,FALSE
"a_spqrt[430]",0.0261799842693145,0.0020097949041414,0.175679452400873,-0.316023265291371,-0.0914201247093944,0.0249588291685074,0.144344843095673,0.366162009089034,7640.79339538493,0.999348028681583,NA,430,NA,NA,FALSE,FALSE
"a_spqrt[431]",-0.00927143778144649,0.00221891631553866,0.179549611053233,-0.375377138527891,-0.129458572398802,-0.00563261344787154,0.107752358822195,0.340566222162581,6547.67463331449,0.999342388105746,NA,431,NA,NA,FALSE,FALSE
"a_spqrt[432]",-0.00955497352917261,0.0020960226471786,0.177108313053738,-0.361498555511657,-0.123246965825762,-0.0110341591544774,0.110005991412698,0.337134935286112,7139.79843427459,0.999207023223818,NA,432,NA,NA,FALSE,FALSE
"a_spqrt[433]",-0.0087259732233347,0.00240041859344336,0.194619922351895,-0.402700783919284,-0.131741598472801,-0.0062379394444589,0.113914502120334,0.386355506212403,6573.55991473126,0.999214541802648,NA,433,NA,NA,FALSE,FALSE
"a_spqrt[434]",0.0202960798192217,0.00236844774398682,0.196910481528754,-0.376083138987841,-0.108515260235262,0.0178675845363624,0.151196492907814,0.411535706233028,6912.10066038306,0.999046770641128,NA,434,NA,NA,FALSE,FALSE
"a_spqrt[435]",0.0127660007436652,0.00255882924899171,0.190590383519735,-0.355389461788428,-0.111939108577999,0.0116744756118937,0.132783298076038,0.390897926111981,5547.78159318024,0.999192577083321,NA,435,NA,NA,FALSE,FALSE
"a_spqrt[436]",0.0936671154217908,0.00236621687704462,0.196261727142103,-0.282541869816419,-0.038303898669943,0.09083444094472,0.224882113126699,0.491814277465857,6879.58336239693,0.999596547892461,NA,436,NA,NA,FALSE,FALSE
"a_spqrt[437]",0.031350526976098,0.0021832079517095,0.186888555219114,-0.341473558957947,-0.0897562761953535,0.0319303319931588,0.153705554580168,0.399697379516354,7327.82694391883,0.999564163025736,NA,437,NA,NA,FALSE,FALSE
"a_spqrt[438]",0.0311403569336564,0.00242391395994048,0.179947279519268,-0.32607012128084,-0.0870554124797594,0.026512974639488,0.150168420266296,0.385636009394339,5511.32688898107,0.999429505496723,NA,438,NA,NA,FALSE,FALSE
"a_spqrt[439]",0.0192533697932611,0.00269675681142765,0.188502976469901,-0.347503409040582,-0.108431128569615,0.0132197810086704,0.145169149570698,0.396009798572437,4885.99317020066,0.999190867238661,NA,439,NA,NA,FALSE,FALSE
"a_spqrt[440]",0.0692514111840566,0.00234453418149456,0.182405938417046,-0.294412166056472,-0.0487205630591784,0.0648574788725735,0.189061241956777,0.436068245816986,6052.91825351904,0.999321657462464,NA,440,NA,NA,FALSE,FALSE
"a_spqrt[441]",0.0242587970422888,0.00248694540460254,0.205520833000255,-0.37563515967443,-0.112851862593077,0.0261509300699057,0.162181218383119,0.432339139780913,6829.3473205494,0.99908531027644,NA,441,NA,NA,FALSE,FALSE
"a_spqrt[442]",0.00277906599336884,0.00240829132118034,0.205041402948592,-0.393520916882738,-0.13570562241193,0.00142735458444931,0.138745058017335,0.401242149777604,7248.78282340052,0.99973757854605,NA,442,NA,NA,FALSE,FALSE
"a_spqrt[443]",-0.00630495281491569,0.00285893878169954,0.213226933243225,-0.433459488965182,-0.14830518826078,-0.0016891949502714,0.135845340482346,0.403000470570552,5562.55617023876,0.99938426204081,NA,443,NA,NA,FALSE,FALSE
"a_spqrt[444]",0.0854306850144135,0.00312527047797857,0.211304641683527,-0.324963280792651,-0.0597212945151197,0.0832499976810209,0.222670762972052,0.511728751881038,4571.3329645517,1.00088981250828,NA,444,NA,NA,FALSE,FALSE
"a_spqrt[445]",0.00773698267558482,0.00263461811091879,0.207185385501741,-0.400551925107757,-0.125703851338859,0.0106687511939497,0.142358715622159,0.404289956180654,6184.19093300629,0.999310451223552,NA,445,NA,NA,FALSE,FALSE
"a_spqrt[446]",-0.0677282510456557,0.00233217948763127,0.199841783770775,-0.478584555345812,-0.196063808517949,-0.0634101441434064,0.0666300751356037,0.314465394817224,7342.57941716594,0.998909753380245,NA,446,NA,NA,FALSE,FALSE
"a_spqrt[447]",-0.0314346025630385,0.00247269708075478,0.193952293483666,-0.407552898414735,-0.159729105904649,-0.032449222880448,0.098605650866888,0.342184967329117,6152.44877907265,0.99939159619922,NA,447,NA,NA,FALSE,FALSE
"a_spqrt[448]",0.0234845041514294,0.00203722373150191,0.168157956151274,-0.29943757902826,-0.0908900723854893,0.0244114137782023,0.134516373420241,0.349563585221619,6813.29804036681,0.999080964204389,NA,448,NA,NA,FALSE,FALSE
"a_spqrt[449]",0.0198924305078297,0.00251808661704961,0.188214034866292,-0.359525236229909,-0.10572046647315,0.0209458753539962,0.143754084369492,0.390413096564322,5586.79428681034,0.999902215977272,NA,449,NA,NA,FALSE,FALSE
"a_spqrt[450]",0.00983529529494368,0.00202713757010048,0.171921849695497,-0.326508930512831,-0.107078769169716,0.0109181556645544,0.124979713661375,0.341790121413168,7192.76223791146,0.999300609948095,NA,450,NA,NA,FALSE,FALSE
"a_spqrt[451]",-0.0376065003297003,0.00224589645959474,0.183205495995618,-0.407561627856816,-0.152936841929629,-0.0364495189582261,0.0810622888620117,0.333894954817166,6654.22581579339,0.999241731595269,NA,451,NA,NA,FALSE,FALSE
"a_spqrt[452]",-0.0100223830594753,0.0025421853179343,0.20762210193415,-0.416455375808063,-0.148139289182638,-0.0113941510119062,0.129610305511518,0.398916984877115,6670.10628975342,0.999293573700159,NA,452,NA,NA,FALSE,FALSE
"a_spqrt[453]",-0.0169644107039658,0.00222621298474288,0.191515114713058,-0.402443068497835,-0.14233756901461,-0.0171881293203455,0.108507813051509,0.36960207931032,7400.69807731741,0.999383705241538,NA,453,NA,NA,FALSE,FALSE
"a_spqrt[454]",0.0134760838326305,0.00260414289652405,0.198904910325782,-0.389353621289283,-0.112791517643605,0.011706435541326,0.14405626340385,0.395525370775367,5833.93231587692,0.999397221403684,NA,454,NA,NA,FALSE,FALSE
"a_spqrt[455]",-0.0146475184636661,0.00238316356493649,0.204479148249758,-0.410736260486036,-0.148667282101121,-0.0101651535204485,0.117209240631322,0.38671528014944,7361.90745671129,0.998875709544116,NA,455,NA,NA,FALSE,FALSE
"a_spqrt[456]",0.00615959581727222,0.00256706915183429,0.208138560309943,-0.416908719388819,-0.126986350806583,0.00754752271641459,0.140531266980968,0.412990982824043,6574.0038897292,0.999657551955468,NA,456,NA,NA,FALSE,FALSE
"a_spqrt[457]",0.0365652344595885,0.00278705149981472,0.204338769611484,-0.367246038956709,-0.0929140235171438,0.0296885446721968,0.16892176019061,0.445555601670744,5375.40957397309,0.999332886084571,NA,457,NA,NA,FALSE,FALSE
"a_spqrt[458]",0.0371138205083534,0.0025224538438364,0.199853760274068,-0.349470180100511,-0.0992908619452223,0.0361814698833371,0.170716545878881,0.430461413654831,6277.37670676115,0.999259507127213,NA,458,NA,NA,FALSE,FALSE
"a_spqrt[459]",0.0576562710527373,0.00252227855695953,0.201881677286302,-0.325534677369352,-0.0779972467024808,0.0577538379347092,0.19248980927561,0.456668678877601,6406.3065014549,0.999989581058385,NA,459,NA,NA,FALSE,FALSE
"a_spqrt[460]",-0.0416474975287807,0.00234556053634716,0.205837976346359,-0.446267934945336,-0.179418080924016,-0.0404437330837001,0.0929881459687265,0.357340742814395,7701.18781327195,0.999015481161419,NA,460,NA,NA,FALSE,FALSE
"a_spqrt[461]",-0.00116466445725937,0.00236138734658204,0.18872853256545,-0.376460652404832,-0.128432551088848,-0.00491353026809359,0.126297619959678,0.36822928546484,6387.64339606374,0.999116546734687,NA,461,NA,NA,FALSE,FALSE
"a_spqrt[462]",-0.00506599815630925,0.00216146505687408,0.18537682725093,-0.370989459790999,-0.122084489556462,-0.00569086865773809,0.112618981819703,0.363239238760741,7355.53814230414,0.999029554391278,NA,462,NA,NA,FALSE,FALSE
"a_spqrt[463]",-0.00238703065618468,0.00248611611726802,0.195453592324488,-0.390182296166963,-0.13037844106328,0.000292829879834822,0.124664337584272,0.368230839621496,6180.79722363099,0.99908690124531,NA,463,NA,NA,FALSE,FALSE
"a_spqrt[464]",-0.00958591052996326,0.00263266936321929,0.199596031679975,-0.410983586039748,-0.138340761467302,-0.00633288770526257,0.124967296155783,0.381193264062178,5747.92596916779,0.999478836668065,NA,464,NA,NA,FALSE,FALSE
"a_spqrt[465]",0.0195229393637377,0.00236945699935461,0.207939248374465,-0.39664414333258,-0.111503115842587,0.0169452400560378,0.147913201353705,0.448221254554949,7701.49923268491,0.999296043479859,NA,465,NA,NA,FALSE,FALSE
"a_spqrt[466]",0.00263135620448771,0.00250563799661532,0.203631657937794,-0.401702427725939,-0.132983637589008,-0.00330514105311323,0.138626376056507,0.396819471341379,6604.71286823469,0.999129675015603,NA,466,NA,NA,FALSE,FALSE
"a_spqrt[467]",-0.0113429140722123,0.00254544380399183,0.200861675000064,-0.397367937460795,-0.145342716909153,-0.0129592269535718,0.128617588511411,0.377618421014511,6226.83177524232,0.99957716504526,NA,467,NA,NA,FALSE,FALSE
"a_spqrt[468]",0.00162907650285394,0.0024223105936945,0.193612699205358,-0.372043089025634,-0.127619127011378,-0.000176656036319588,0.132080332168811,0.388857805314228,6388.63420227642,0.999259880206395,NA,468,NA,NA,FALSE,FALSE
"a_spqrt[469]",0.0166765165075325,0.00223424384118899,0.200360515870067,-0.381634441594187,-0.113266549770815,0.0149597259765597,0.147739368229473,0.426528516887828,8041.98286642347,0.999328184650879,NA,469,NA,NA,FALSE,FALSE
"a_spqrt[470]",-0.00481633113341456,0.0025035228671559,0.201765226597831,-0.40502809654723,-0.142699968027777,-0.0024291177543848,0.129617033944438,0.393094172727032,6495.15491451929,1.00020770247585,NA,470,NA,NA,FALSE,FALSE
"a_spqrt[471]",0.0249038849540092,0.00252141965529005,0.191903131392928,-0.351742743498209,-0.102284034107906,0.0265124898434854,0.1532671162238,0.40494520102538,5792.60420097021,0.999922819542594,NA,471,NA,NA,FALSE,FALSE
"a_spqrt[472]",-0.0340288302546906,0.00271107028096781,0.208338511982154,-0.44923697917449,-0.170216424577481,-0.0315948429277108,0.105951216399159,0.376963998606364,5905.51209680276,0.999590472887051,NA,472,NA,NA,FALSE,FALSE
"a_spqrt[473]",0.0010772518000158,0.00240440754497291,0.207494213600956,-0.404990330969201,-0.136290583688994,0.00165724819769546,0.137620924215064,0.408983635443858,7447.24798926572,0.999046587575358,NA,473,NA,NA,FALSE,FALSE
"a_spqrt[474]",-0.00879800895149649,0.00258601203509216,0.205700033128902,-0.417212216813301,-0.14703291462746,-0.00648135903863176,0.122698830446998,0.399129565035427,6327.14285084449,0.999142752410572,NA,474,NA,NA,FALSE,FALSE
"a_spqrt[475]",-0.00610590573281218,0.00249434932613414,0.208476603059054,-0.418882720451904,-0.1395576909463,-0.00541883411321085,0.125669731065665,0.39973520372753,6985.54177047933,0.998877023937461,NA,475,NA,NA,FALSE,FALSE
"a_spqrt[476]",0.0267176235483071,0.00303285080212783,0.207428247411688,-0.370970216184337,-0.111756430856893,0.0223809013163502,0.160524174748124,0.45007866341337,4677.71441412449,0.999848967020381,NA,476,NA,NA,FALSE,FALSE
"a_spqrt[477]",0.0204984778326027,0.00265593570136704,0.195538102312627,-0.367154313779609,-0.10422087238185,0.022475519155786,0.146498388132545,0.404024825493101,5420.35434364835,0.999367132580571,NA,477,NA,NA,FALSE,FALSE
"a_spqrt[478]",0.00906100366237455,0.00261100083181433,0.199071154925366,-0.39487328370209,-0.118596921236585,0.0128355662790345,0.136284972074402,0.405676722623045,5813.0311706096,0.999157840917685,NA,478,NA,NA,FALSE,FALSE
"a_spqrt[479]",0.00227160650502495,0.00262064686048439,0.196163665628308,-0.381623799233735,-0.129158231523782,0.00272031303561468,0.134178185588396,0.378754262436553,5602.99366980922,0.998979299917137,NA,479,NA,NA,FALSE,FALSE
"a_spqrt[480]",0.00191205494982695,0.00271533276152358,0.192657376699215,-0.377680278774675,-0.122896805115426,0.00101139037640572,0.122837435250501,0.386909482624991,5034.13856977818,0.999313920104082,NA,480,NA,NA,FALSE,FALSE
"a_spqrt[481]",0.0146989837983283,0.00267360755105109,0.20871043432111,-0.397367263537448,-0.120256845435412,0.0129803916023396,0.145477000269322,0.425887870657133,6093.86747707071,0.998875813511458,NA,481,NA,NA,FALSE,FALSE
"a_spqrt[482]",-0.00332606532997454,0.00283641839522474,0.200810500995682,-0.401987636577718,-0.131952793030248,-0.00579386616022213,0.125774051624725,0.396595576011639,5012.24455545995,1.00034626232736,NA,482,NA,NA,FALSE,FALSE
"a_spqrt[483]",0.0700632095798493,0.00273493882912714,0.196040072360615,-0.309548909334138,-0.05669717641286,0.066455948863911,0.1926684529473,0.45625021115376,5138.00442529842,0.999322674454483,NA,483,NA,NA,FALSE,FALSE
"a_spqrt[484]",0.040707066651265,0.00270915152921498,0.197803031735806,-0.344573608216511,-0.0900715344135904,0.0399691487104916,0.169163425190121,0.444376057057458,5330.88475483865,0.999003134246432,NA,484,NA,NA,FALSE,FALSE
"a_spqrt[485]",-0.0363881635822011,0.00245623399911055,0.212036054503091,-0.45216247286947,-0.174698076716971,-0.0340698305044923,0.0963920957966623,0.392558647364709,7452.12192324242,0.999290670988415,NA,485,NA,NA,FALSE,FALSE
"a_spqrt[486]",0.0117658747416927,0.00202512259788883,0.180843259754602,-0.340852550917947,-0.108594969715636,0.0108487936004132,0.12884539400267,0.371056522295862,7974.47339898651,0.99938804111991,NA,486,NA,NA,FALSE,FALSE
"a_spqrt[487]",0.0388054022656561,0.00208874188317694,0.180940258227697,-0.314220110971968,-0.0821221156796778,0.0380677881762724,0.156498427906892,0.401934216423381,7504.13884705542,0.999210476180448,NA,487,NA,NA,FALSE,FALSE
"a_spqrt[488]",0.0871409839463811,0.00229616191808837,0.18149685592345,-0.275096383099446,-0.0340330332938574,0.0840934054718399,0.207225394529835,0.456183680705809,6247.8873779788,0.999688739215648,NA,488,NA,NA,FALSE,FALSE
"a_spqrt[489]",-0.00448119842268748,0.00259973189865057,0.182773449312011,-0.362345910283862,-0.12377759971548,-0.00673793398755464,0.116469278146148,0.359367442927618,4942.75506605169,0.999227297810549,NA,489,NA,NA,FALSE,FALSE
"a_spqrt[490]",0.0263345627947585,0.0025584676007404,0.201041104640752,-0.355219444765145,-0.110630357684944,0.0228855875907259,0.1642402704705,0.43527372011951,6174.61495508167,0.999856782404069,NA,490,NA,NA,FALSE,FALSE
"a_spqrt[491]",0.00477250910143826,0.00236439102932811,0.194004332892393,-0.372555384462469,-0.129327266096261,0.000851515287279963,0.141245126812287,0.380162404662942,6732.62233151861,0.999456416250606,NA,491,NA,NA,FALSE,FALSE
"a_spqrt[492]",0.0445627936542775,0.00232133960662635,0.200256845685449,-0.35086474592325,-0.0813098031406581,0.0428449425176613,0.170731764630199,0.448902031442243,7442.13218477731,0.999027701394963,NA,492,NA,NA,FALSE,FALSE
"a_spqrt[493]",0.0158755142635732,0.00257152661135211,0.19036207148886,-0.364486784892774,-0.107634749635634,0.0135136947896485,0.143004173271365,0.399070741551868,5479.97778879611,0.998874828542019,NA,493,NA,NA,FALSE,FALSE
"a_spqrt[494]",0.00546990158111261,0.00235831907249002,0.182825382241231,-0.351447706683212,-0.119225986188469,0.00239748779929203,0.129007494527777,0.368709997707975,6009.90841187068,0.998835886676781,NA,494,NA,NA,FALSE,FALSE
"a_spqrt[495]",-0.0814848294580078,0.00207873225866103,0.178681094182954,-0.43038223870298,-0.205493217199489,-0.0798897693777314,0.0419873343678604,0.264203505631742,7388.56494704668,0.999100215190255,NA,495,NA,NA,FALSE,FALSE
"a_spqrt[496]",0.0688827932295311,0.0021630342480809,0.18679416257046,-0.291567357552566,-0.056975162647324,0.0663478563414936,0.196210999643904,0.436580372420546,7457.61241582481,0.999328185964956,NA,496,NA,NA,FALSE,FALSE
"a_spqrt[497]",0.00118694156041453,0.00249973231944941,0.184535397835691,-0.368113372149692,-0.119806469375934,-0.000262060270667536,0.124482805054006,0.366154863308972,5449.69704854766,0.999652178818358,NA,497,NA,NA,FALSE,FALSE
"a_spqrt[498]",0.0170795963986703,0.00250694067938495,0.200278998404665,-0.376992290006665,-0.11383641792985,0.0143511861843389,0.145965569193347,0.412249886505903,6382.3807123473,0.999331401196417,NA,498,NA,NA,FALSE,FALSE
"a_spqrt[499]",0.0404876617164031,0.0025985403796276,0.210238180250247,-0.362418353350233,-0.0983610047814198,0.0423719501344597,0.173129852372471,0.455577872948978,6545.82270017527,0.999593589670867,NA,499,NA,NA,FALSE,FALSE
"a_spqrt[500]",0.013049900536251,0.00221768923174254,0.19985906451284,-0.384659907039696,-0.120214142537941,0.0141937056526321,0.1468001009401,0.401681427644906,8121.68843637791,0.998991850537646,NA,500,NA,NA,FALSE,FALSE
"a_spqrt[501]",-0.000781791754002739,0.0025163426124748,0.200821076911571,-0.408342360423572,-0.134534218068727,-0.00152436053109602,0.13249048652692,0.390691718083879,6369.11424528649,0.998929723447116,NA,501,NA,NA,FALSE,FALSE
"a_spqrt[502]",-0.017440293238827,0.00218939730885395,0.213353461658354,-0.441197953444462,-0.16326416560851,-0.0180336574224611,0.124675012322635,0.406147359487148,9496.20819442028,0.999390517390743,NA,502,NA,NA,FALSE,FALSE
"a_spqrt[503]",0.0641385966320922,0.0022650072447101,0.193786254519096,-0.313799964145957,-0.0641169197462361,0.0609493753868178,0.187212577435699,0.455745540280887,7319.92694489307,0.999208179629414,NA,503,NA,NA,FALSE,FALSE
"a_spqrt[504]",-0.0420111190166401,0.00228312520598908,0.19168441544505,-0.420471592512488,-0.168722073778947,-0.0363582072718417,0.0846656848387777,0.331064584931726,7048.78318296225,0.999693617189734,NA,504,NA,NA,FALSE,FALSE
"a_spqrt[505]",0.00863060262040818,0.00195950206022367,0.167282039085711,-0.317203861329854,-0.101923040458302,0.00612923640680006,0.117352351503011,0.343334910448326,7287.98010630563,0.999264110504741,NA,505,NA,NA,FALSE,FALSE
"a_spqrt[506]",0.0113688614337422,0.00232704884902961,0.186552163289004,-0.358700749090221,-0.11309551702854,0.00949667450777517,0.133582021996133,0.381216118555101,6426.72296156176,0.999195762172115,NA,506,NA,NA,FALSE,FALSE
"a_spqrt[507]",0.0422463654303225,0.00242526695096556,0.183082797264609,-0.330428985913744,-0.0756426567319699,0.0421322196634363,0.159242033134208,0.410633056175981,5698.70244551302,1.00094087257856,NA,507,NA,NA,FALSE,FALSE
"a_spqrt[508]",-0.031019470229808,0.00215630024409851,0.179744959562583,-0.393650820376461,-0.147946096041871,-0.0317099109883899,0.0886171541522855,0.325261700203372,6948.56264422369,0.999349514666213,NA,508,NA,NA,FALSE,FALSE
"a_spqrt[509]",-0.00743150276699788,0.00262428276652132,0.199166886542747,-0.39584685787828,-0.135304959294421,-0.0116586960392931,0.121746411146274,0.391516146224995,5759.87437997142,0.999627551859931,NA,509,NA,NA,FALSE,FALSE
"a_spqrt[510]",-0.0661600404669348,0.00267000125614037,0.196129481564414,-0.447947647744858,-0.193884049044981,-0.0663326397107145,0.0635892369772872,0.327218634414235,5395.88679098373,0.999211815789101,NA,510,NA,NA,FALSE,FALSE
"a_spqrt[511]",-0.21615568348639,0.00308070208930017,0.200327472198387,-0.641696358874007,-0.342959842226671,-0.206735218160671,-0.07559798129115,0.148636526917507,4228.45405197058,0.99938695274325,NA,511,NA,NA,FALSE,FALSE
"a_spqrt[512]",-0.0552089362907641,0.00264488822962597,0.188835269091824,-0.430437083499814,-0.180386545738365,-0.0516944034181849,0.0709601275923971,0.300331470267309,5097.43357474913,0.999765211829329,NA,512,NA,NA,FALSE,FALSE
"a_spqrt[513]",-0.000358969363203523,0.00273559640463682,0.20425636888835,-0.393264737191289,-0.136927975281291,-0.000285348463356819,0.134133697527106,0.406189775116068,5575.02944682251,1.00002760439862,NA,513,NA,NA,FALSE,FALSE
"a_spqrt[514]",-0.0405337072217547,0.00258793335111077,0.20552348273404,-0.449591484345666,-0.176618634682378,-0.0410230062110515,0.094129804445358,0.352297821478271,6306.91134979975,0.999876686095202,NA,514,NA,NA,FALSE,FALSE
"a_spqrt[515]",-0.0476157597352712,0.00239646431896431,0.201888317574038,-0.462455049879053,-0.177590590366737,-0.0422541722113147,0.0812874369765003,0.364968708899168,7097.09213739896,0.999499432458699,NA,515,NA,NA,FALSE,FALSE
"a_spqrt[516]",-0.0158042517253978,0.00253825689200673,0.194594377839843,-0.40069146461105,-0.145515993969135,-0.016225789315448,0.109004199775978,0.386738790724614,5877.45657506125,0.999458617998826,NA,516,NA,NA,FALSE,FALSE
"a_spqrt[517]",-0.0146618811905252,0.0024187865521489,0.200543338242816,-0.425692641989616,-0.142775710578562,-0.0168715340937264,0.121463853138432,0.370016977750915,6874.1877430546,0.999219079742715,NA,517,NA,NA,FALSE,FALSE
"a_spqrt[518]",0.0727974802970091,0.00270961471784844,0.200241970100726,-0.323359735158977,-0.0562014894750261,0.0748357618478635,0.202609660086027,0.473904133783445,5461.28868097689,0.998880076203216,NA,518,NA,NA,FALSE,FALSE
"a_spqrt[519]",-0.0504269705757959,0.00203768749945631,0.185901911886633,-0.419412588584474,-0.176139579662199,-0.0536093005127708,0.0769303772334064,0.318762520379668,8323.24253773821,0.999862218455824,NA,519,NA,NA,FALSE,FALSE
"a_spqrt[520]",0.0842515273586643,0.00255015457211101,0.194138268684101,-0.284111926846136,-0.0436678258868669,0.0838464365733657,0.210177239075108,0.462659696463189,5795.47843915026,0.999435344963871,NA,520,NA,NA,FALSE,FALSE
"a_spqrt[521]",0.149243418934844,0.00287287285931027,0.199778737366751,-0.225200072287047,0.0138613134288422,0.142937264368811,0.277665417833605,0.551337274168614,4835.77087298312,0.998963926473193,NA,521,NA,NA,FALSE,FALSE
"a_spqrt[522]",0.0504843110185241,0.00234301428455632,0.196280271152035,-0.33186514330968,-0.0781267975735735,0.049126267487999,0.175519605492436,0.446487223184615,7017.83940757306,0.999169821743339,NA,522,NA,NA,FALSE,FALSE
"a_spqrt[523]",-0.000981559477086079,0.00257795510345046,0.203471525251058,-0.392153214071093,-0.133648540647895,-0.0022324284246339,0.133489097852855,0.395679008805777,6229.54865339213,0.999098156711083,NA,523,NA,NA,FALSE,FALSE
"a_spqrt[524]",0.0106305717207798,0.00259039039822266,0.209592569644227,-0.406693443741549,-0.124621575477586,0.00967844430266314,0.146938346919944,0.4244484522846,6546.68313509951,0.998815195995499,NA,524,NA,NA,FALSE,FALSE
"a_spqrt[525]",0.0248797265934177,0.00234477288432498,0.199257186872058,-0.363915507336656,-0.111445290872032,0.0274616181767147,0.155083452266809,0.410227793625378,7221.48349451274,0.999305049686923,NA,525,NA,NA,FALSE,FALSE
"a_spqrt[526]",0.0774397679100898,0.00251839573351078,0.192161833381811,-0.290179584642961,-0.0513527157074521,0.072733122015169,0.203799347322593,0.461776101011103,5822.18924059052,0.999910840088407,NA,526,NA,NA,FALSE,FALSE
"a_spqrt[527]",0.0697983881943007,0.00251104878639519,0.195006468277479,-0.299426624212213,-0.0617792630717056,0.0688836876090737,0.198164646176958,0.454588177164642,6030.97784075936,0.999202948257877,NA,527,NA,NA,FALSE,FALSE
"a_spqrt[528]",0.0126154990913723,0.0025630922887049,0.19553489720097,-0.365187224489413,-0.117552665167166,0.0113779751154833,0.145415857182364,0.392144434689122,5819.96089703833,0.999410520650857,NA,528,NA,NA,FALSE,FALSE
"a_spqrt[529]",-0.0289017260316431,0.00294559410407731,0.204691299468164,-0.440395395032485,-0.159209278105056,-0.0310753101250043,0.108882440516189,0.368767070266372,4828.95282202433,0.99961997681621,NA,529,NA,NA,FALSE,FALSE
"a_spqrt[530]",0.0199597295004183,0.00253397406012879,0.202691736197435,-0.37066992133352,-0.116896092367267,0.0175664997381632,0.154174096217344,0.427661451122585,6398.34650738315,0.999063615849269,NA,530,NA,NA,FALSE,FALSE
"a_spqrt[531]",0.0351545991757422,0.00237115906898681,0.20102286808078,-0.358030766719438,-0.0941211512480705,0.0370547825462323,0.166697368312159,0.434958938871687,7187.3625237007,0.999352415699777,NA,531,NA,NA,FALSE,FALSE
"a_spqrt[532]",0.0155649018192519,0.0025598146101246,0.201413624648147,-0.36402155325893,-0.11883923504186,0.0136253442103938,0.148807148069834,0.419628921214123,6190.99799387489,0.999052841934513,NA,532,NA,NA,FALSE,FALSE
"a_spqrt[533]",0.0192678328640323,0.00273680383376102,0.206344561294147,-0.387151425376769,-0.118798620758914,0.0183738899097764,0.157187097834169,0.429857971098076,5684.58433431714,0.999552723738802,NA,533,NA,NA,FALSE,FALSE
"a_spqrt[534]",0.0111589248192912,0.00234573372600706,0.198724434189262,-0.397882213548329,-0.113862721533537,0.0123925147079758,0.140614027009779,0.407520829519328,7177.03582798496,0.998921443185282,NA,534,NA,NA,FALSE,FALSE
"a_spqrt[535]",-0.0189618779238265,0.00253731233986684,0.207839469599547,-0.435379228255136,-0.158027122571793,-0.022358100099267,0.117683358896814,0.377445200182489,6709.77856117473,0.999532218430319,NA,535,NA,NA,FALSE,FALSE
"a_spqrt[536]",0.0201220454172848,0.00230057834577797,0.195817838738441,-0.364516602928949,-0.107998384109458,0.0196542495412086,0.150094822600875,0.408565979841732,7244.8675552959,0.998909783680567,NA,536,NA,NA,FALSE,FALSE
"a_spqrt[537]",-0.0643229669918241,0.00231083926474969,0.198638352689094,-0.486786974353433,-0.192837223526539,-0.0615715282487247,0.0683942138115794,0.312964421585938,7389.0181503841,0.998817979830893,NA,537,NA,NA,FALSE,FALSE
"a_spqrt[538]",-0.0000559113357838513,0.00286738654491512,0.19849612889284,-0.401834677076414,-0.12788484856889,0.0000730596495022878,0.131228653481188,0.38490448760445,4792.16316898816,0.999706863393115,NA,538,NA,NA,FALSE,FALSE
"a_spqrt[539]",-0.0189431293986009,0.00237779049179953,0.200201264613606,-0.415200415804238,-0.147602174125431,-0.0175781920495352,0.111800419006732,0.368112635453258,7089.0242300897,0.999132972199437,NA,539,NA,NA,FALSE,FALSE
"a_spqrt[540]",-0.00928571234823907,0.00234347640976094,0.198926068904297,-0.401970605219979,-0.140053509182712,-0.00978901373614482,0.125589063320227,0.388659638062936,7205.46857581543,0.999120895444017,NA,540,NA,NA,FALSE,FALSE
"a_spqrt[541]",0.00253224584694408,0.00252746569032117,0.204704081509506,-0.41154480297044,-0.131016329438936,-0.000340839786451691,0.137459505734731,0.412803557728149,6559.67716688503,0.999222698034727,NA,541,NA,NA,FALSE,FALSE
"a_spqrt[542]",0.0351317310887102,0.00291610488883348,0.19938989058605,-0.35752506259073,-0.0961783046702375,0.0339380604040559,0.167035758880345,0.426693686764607,4675.1977810575,0.999686206912221,NA,542,NA,NA,FALSE,FALSE
"a_spqrt[543]",0.0442867778140575,0.00245279763269064,0.200311804232556,-0.347429026464908,-0.0873162817572815,0.0374571213162899,0.171596121262309,0.45354329524925,6669.44428215114,0.999043489692421,NA,543,NA,NA,FALSE,FALSE
"a_spqrt[544]",0.0117274321338275,0.00189737184282778,0.179877788026055,-0.346873632953927,-0.105458600418087,0.0140570356118822,0.129800248216063,0.364562007946939,8987.73324438215,0.998973601329024,NA,544,NA,NA,FALSE,FALSE
"a_spqrt[545]",-0.0142669719962892,0.00216204291088486,0.17850003668633,-0.362382811331106,-0.134351767883231,-0.0103336306708464,0.104533275554893,0.332339785349626,6816.2890822035,0.999363534631832,NA,545,NA,NA,FALSE,FALSE
"a_spqrt[546]",0.137079895316194,0.00247870877086231,0.183391011042167,-0.218949366411661,0.0168846402657622,0.129612701286153,0.255656171938595,0.513165867126356,5474.00364882724,0.99975914555161,NA,546,NA,NA,FALSE,FALSE
"a_spqrt[547]",0.0387201185254151,0.00216960882383463,0.180341398977856,-0.310891269707469,-0.0872255044755482,0.0363670946465462,0.16071144584871,0.394972779592235,6909.20361751659,0.999401554003649,NA,547,NA,NA,FALSE,FALSE
"a_spqrt[548]",0.00414031794627479,0.00261810176642756,0.206277129293185,-0.413102073969522,-0.125959252261721,0.00324799966572284,0.13990245769257,0.416064765650226,6207.67698191355,0.999180008621025,NA,548,NA,NA,FALSE,FALSE
"a_spqrt[549]",0.0334543673771462,0.00237063105938681,0.191401372407812,-0.342532202110766,-0.0951830985701676,0.0350022771857419,0.161646332914349,0.409799263409098,6518.71741280268,0.999383373172091,NA,549,NA,NA,FALSE,FALSE
"a_spqrt[550]",0.0237992419467036,0.00226889203023079,0.188497242631982,-0.347227697465757,-0.100413874124682,0.0233461941606655,0.149309175870467,0.403958221660777,6902.11743268938,0.999185423411167,NA,550,NA,NA,FALSE,FALSE
"a_spqrt[551]",-0.0188595169592133,0.00273158925851115,0.202518004451255,-0.407884857014298,-0.156187071563495,-0.0209931720307956,0.117426521979774,0.38185882944812,5496.62977570843,0.99932074773256,NA,551,NA,NA,FALSE,FALSE
"a_spqrt[552]",-0.085581370985406,0.00279107354374337,0.205734035638627,-0.511209526530205,-0.219625441542246,-0.0761723359894057,0.0487221155527844,0.306634409073233,5433.37562539723,0.999907932610398,NA,552,NA,NA,FALSE,FALSE
"a_spqrt[553]",-0.0262974075085598,0.0027558923058406,0.201771505880611,-0.42797534323043,-0.153999045295823,-0.028864285799033,0.103035357161336,0.36682200220876,5360.37515937858,0.999669063984968,NA,553,NA,NA,FALSE,FALSE
"a_spqrt[554]",0.0295456651926415,0.00259070898386666,0.203222719262472,-0.366296426956014,-0.108251467109783,0.0292778102985023,0.166700611159396,0.428993605122033,6153.28816751059,0.999321805708395,NA,554,NA,NA,FALSE,FALSE
"a_spqrt[555]",0.0297169502869684,0.00195645438647589,0.167510662779915,-0.291646088257841,-0.0824997242775828,0.0312223763731217,0.13973580361934,0.362098188592285,7330.70021890496,0.999667066755996,NA,555,NA,NA,FALSE,FALSE
"a_spqrt[556]",0.0279257375120447,0.0022685075668919,0.188855609152622,-0.346554676649559,-0.0916181553542643,0.0245217601142584,0.146951044575609,0.41358542742145,6930.73529123333,0.999113019306456,NA,556,NA,NA,FALSE,FALSE
"a_spqrt[557]",0.0239630799110526,0.00217241014402343,0.180074677381579,-0.340424569782701,-0.0933292819542169,0.0232792840231365,0.144241081560885,0.376241901523885,6871.02686582485,0.99889467786429,NA,557,NA,NA,FALSE,FALSE
"a_spqrt[558]",0.000129158300716178,0.00230245467778477,0.185953619934425,-0.360567030926989,-0.122225472927207,0.000182482152716987,0.119998130002723,0.367740172344394,6522.69533724349,0.999446471838656,NA,558,NA,NA,FALSE,FALSE
"a_spqrt[559]",0.00577871592749849,0.0024416244572304,0.199745484522799,-0.395100966581932,-0.126565230760473,0.00972782606132147,0.136670521554514,0.398540585912254,6692.62062812723,0.999154790370438,NA,559,NA,NA,FALSE,FALSE
"a_spqrt[560]",-0.0390429717178598,0.00266577565377059,0.19724951169467,-0.440346953016298,-0.15770514951545,-0.0368645722006739,0.0814497908489078,0.340471212129718,5475.00700223387,0.999154588261395,NA,560,NA,NA,FALSE,FALSE
"a_spqrt[561]",0.0367105540866159,0.00239091404345016,0.200424352806538,-0.356497502425592,-0.0924421606284751,0.0380591743532021,0.163926793290251,0.437722025771181,7027.05016500491,0.999813988278225,NA,561,NA,NA,FALSE,FALSE
"a_spqrt[562]",0.0697703406529996,0.00267425750578098,0.208122914424477,-0.330354351192468,-0.0728659925136288,0.0644427979433792,0.206650611632788,0.481392141745176,6056.66218053934,1.00010290627448,NA,562,NA,NA,FALSE,FALSE
"a_spqrt[563]",-0.00427637440588563,0.00253357690390116,0.205627418500907,-0.40726212367963,-0.140860747519598,-0.00501648393605035,0.133531458956033,0.396093081985679,6587.09404402742,0.999751455608337,NA,563,NA,NA,FALSE,FALSE
"a_spqrt[564]",0.00403381966470145,0.00223213530125804,0.19891439251875,-0.379420410967372,-0.126176692824516,0.00327929624461169,0.131180689076171,0.412611316950471,7941.29599590965,0.999671279232425,NA,564,NA,NA,FALSE,FALSE
"a_spqrt[565]",-0.00241332488336353,0.00254049371739422,0.203350685279755,-0.401042794953525,-0.135154915591279,-0.00640498668236046,0.126692567402287,0.401899855841261,6407.00451580337,0.999425954886135,NA,565,NA,NA,FALSE,FALSE
"a_spqrt[566]",0.0318376751021722,0.00247631759150505,0.193028621338441,-0.338265453003994,-0.0981550914846513,0.0298240743940403,0.155448112585101,0.43774946332146,6076.18141470548,0.999224117323987,NA,566,NA,NA,FALSE,FALSE
"a_spqrt[567]",0.0119610886794625,0.00279474224792691,0.212738835160345,-0.412926078558937,-0.121398058265516,0.0117731090198233,0.143611209604547,0.445060069837811,5794.42083191997,0.999302831899087,NA,567,NA,NA,FALSE,FALSE
"a_spqrt[568]",-0.0147252418239354,0.00256608395773306,0.20108959474328,-0.423162573916321,-0.146985627923938,-0.0127813111813179,0.11783630709127,0.37186157332859,6140.97705246761,1.00012300313743,NA,568,NA,NA,FALSE,FALSE
"a_spqrt[569]",0.0609998871075974,0.00212328224574073,0.199088245987477,-0.334469382032351,-0.0656842798368361,0.0581134907984963,0.188241177049331,0.451903239021318,8791.7591908851,0.998962631730739,NA,569,NA,NA,FALSE,FALSE
"a_spqrt[570]",0.0199975968810462,0.00267049083044997,0.196125228181154,-0.374660762940553,-0.104094859063163,0.022592863509016,0.141259653783258,0.400708354585604,5393.67459523133,1.00056566358823,NA,570,NA,NA,FALSE,FALSE
"a_spqrt[571]",0.0239955752401229,0.0024076815206445,0.196388488496269,-0.365551285269073,-0.103954786390515,0.0203349648484391,0.150211294350132,0.42046177692702,6653.25204644272,0.999570330263168,NA,571,NA,NA,FALSE,FALSE
"a_spqrt[572]",-0.0288046355065324,0.00253967969437521,0.206552420697689,-0.439041437461829,-0.157831324236165,-0.0270071096923592,0.102724134662111,0.382176230050607,6614.58626674258,0.99949770974434,NA,572,NA,NA,FALSE,FALSE
"a_spqrt[573]",0.0382999918355531,0.00269478914234367,0.200416903031195,-0.348240155683273,-0.0913147607352989,0.0348774018711629,0.16654041894577,0.44788028474856,5531.1968643729,0.998811872935252,NA,573,NA,NA,FALSE,FALSE
"a_spqrt[574]",0.0833986034554514,0.00288792490094271,0.208821607097027,-0.323505314944193,-0.0505647238716073,0.0788714224181997,0.217977511242164,0.510708706010321,5228.52364894507,0.999015572433835,NA,574,NA,NA,FALSE,FALSE
"a_spqrt[575]",-0.0348150069071018,0.0026442325485963,0.207473185233037,-0.434341725433003,-0.169421306898178,-0.0335112277312888,0.101044201735072,0.361602706488897,6156.36918145845,0.999189467516038,NA,575,NA,NA,FALSE,FALSE
"a_spqrt[576]",0.0135211725184422,0.00235305610394122,0.199241443782984,-0.36823532583769,-0.116477584085373,0.00938482232326129,0.146915079331487,0.412288578408026,7169.59784301787,0.999442319561297,NA,576,NA,NA,FALSE,FALSE
"a_spqrt[577]",0.0188813848999219,0.00255653796894063,0.203409800511262,-0.384996338239615,-0.112591998238907,0.0179695245029601,0.149504852140663,0.426279367958186,6330.51808070567,0.999367977862893,NA,577,NA,NA,FALSE,FALSE
"a_spqrt[578]",-0.0119379784464865,0.00273197801721893,0.212030155661925,-0.427752790900989,-0.153720035972357,-0.0153805009475498,0.133078958009564,0.399965736041931,6023.38833282624,0.99973898976976,NA,578,NA,NA,FALSE,FALSE
"a_spqrt[579]",-0.0124735587380743,0.00282121089396822,0.20590360354272,-0.420302166663288,-0.1447538578759,-0.0112830491686038,0.120036349445884,0.404245027399404,5326.68224362726,0.999402501359406,NA,579,NA,NA,FALSE,FALSE
"a_spqrt[580]",-0.0100665288954104,0.00243143670335593,0.203912895569821,-0.42306790529388,-0.147916573552615,-0.00787864028129572,0.127091552310619,0.394884413817256,7033.36971224751,1.00022228303396,NA,580,NA,NA,FALSE,FALSE
"a_spqrt[581]",0.0195244186135228,0.00232239377202208,0.198756926567544,-0.37838918210932,-0.112204983305305,0.023301267953382,0.1505344450448,0.413496012213807,7324.41306559991,0.999111778515898,NA,581,NA,NA,FALSE,FALSE
"a_spqrt[582]",-0.00187849656424872,0.00227967860326581,0.19826407936808,-0.385968476544351,-0.138306439703429,0.000361903919489686,0.132492824491436,0.388935879809866,7563.81380390325,0.999246775984633,NA,582,NA,NA,FALSE,FALSE
"a_spqrt[583]",-0.00428523250341553,0.00262492643232803,0.19290643364393,-0.384009515160023,-0.132069569112431,-0.00276794883619018,0.127519953938997,0.361211917144789,5400.81314388035,0.99897150717645,NA,583,NA,NA,FALSE,FALSE
"a_spqrt[584]",-0.0391070395021286,0.00255623569206371,0.195760291470872,-0.439728094690269,-0.165101127469261,-0.0391921841383658,0.0900360774482221,0.343846105536233,5864.72181735857,0.999799842079824,NA,584,NA,NA,FALSE,FALSE
"a_spqrt[585]",0.0397677083212213,0.00250877512153295,0.210604890254288,-0.373340429121488,-0.0964511850290672,0.0383614737878892,0.170226199339438,0.470350815051597,7047.14867499491,0.999864805449575,NA,585,NA,NA,FALSE,FALSE
"a_spqrt[586]",0.0906502830029917,0.00257985930643979,0.197124337476938,-0.308133019162572,-0.0350285005412047,0.0894668493225376,0.219144989870341,0.489560193066796,5838.32744605735,0.99957590895636,NA,586,NA,NA,FALSE,FALSE
"a_spqrt[587]",0.12625689362571,0.00284128922034766,0.200638415011487,-0.262397999732018,-0.0138970709270598,0.120218433708492,0.257138032795126,0.54731520330163,4986.51683279192,0.999839651655718,NA,587,NA,NA,FALSE,FALSE
"a_spqrt[588]",-0.0199911768925098,0.00215326619368524,0.183778044011648,-0.380895557536707,-0.143677884708448,-0.018858271829201,0.10148026161054,0.336279023525188,7284.366791533,0.999412373260831,NA,588,NA,NA,FALSE,FALSE
"a_spqrt[589]",-0.0854470083863877,0.00219222233045324,0.178348035362124,-0.445861817346749,-0.201528530976876,-0.0820246723219085,0.0353400651521968,0.251031837378653,6618.62026542018,0.999128147166374,NA,589,NA,NA,FALSE,FALSE
"a_spqrt[590]",0.280472046807229,0.00369878263175644,0.189508069321101,-0.0767354489894574,0.151298613592122,0.276215031079068,0.405644427977321,0.657348637319103,2625.05129932694,1.00078871264338,NA,590,NA,NA,FALSE,FALSE
"a_spqrt[591]",0.0303174323763553,0.00229458539159178,0.181651859238501,-0.325007346842236,-0.0876307483292807,0.0259865170236691,0.145155367870631,0.397034863496139,6267.16668998191,0.999236062550646,NA,591,NA,NA,FALSE,FALSE
"a_spqrt[592]",0.00328784171157599,0.00223684696905072,0.194418973168995,-0.394627395774587,-0.12236213115708,0.00469195524200721,0.129829200164121,0.397817960778586,7554.48291354106,0.999324747081265,NA,592,NA,NA,FALSE,FALSE
"a_spqrt[593]",0.0135125498933481,0.00213430733604838,0.198681317040291,-0.368262155563964,-0.11901642989085,0.0165914770253214,0.146690172050314,0.39878561935572,8665.63008656706,0.998905629059363,NA,593,NA,NA,FALSE,FALSE
"a_spqrt[594]",0.0104319498119852,0.00288200430579949,0.197327401194285,-0.382763288097187,-0.115179625505594,0.00827626443159777,0.140315283028091,0.392435742538629,4687.97775091928,0.999102904743422,NA,594,NA,NA,FALSE,FALSE
"a_spqrt[595]",0.0346234766930655,0.00236872082962704,0.200357050489196,-0.34976170377539,-0.100412328097516,0.0348585171808449,0.166597836636031,0.427238796082589,7154.53646011311,0.998873158470156,NA,595,NA,NA,FALSE,FALSE
"a_spqrt[596]",-0.0223410789825078,0.00208437106339857,0.179148465765823,-0.387205872241027,-0.14320885469299,-0.0215228901773792,0.100814620188013,0.33236447049329,7387.13635774494,0.998906594688611,NA,596,NA,NA,FALSE,FALSE
"a_spqrt[597]",0.0187655798059495,0.00240390415811833,0.184387038604942,-0.339425388527859,-0.106057161938191,0.0173947642544097,0.138353815488472,0.388509309439977,5883.3743289825,0.999062878603322,NA,597,NA,NA,FALSE,FALSE
"a_spqrt[598]",0.0471792357621743,0.00225098920122805,0.190990753633929,-0.336172991975008,-0.0790116264632592,0.044931667155208,0.173188745640675,0.424084810235441,7199.09428960009,0.999387075384505,NA,598,NA,NA,FALSE,FALSE
"a_spqrt[599]",0.0169115668334417,0.00234346011790379,0.179722637166999,-0.33841790397076,-0.104802316943796,0.0182460959109381,0.133381397134332,0.37226223982589,5881.53155536933,0.999695752194309,NA,599,NA,NA,FALSE,FALSE
"a_spqrt[600]",-0.0053102183436981,0.00250809902912852,0.206160706976069,-0.412432972657305,-0.142346644587865,-0.00629689300670824,0.130764700408788,0.400573813282622,6756.51008839062,0.999017771078002,NA,600,NA,NA,FALSE,FALSE
"a_spqrt[601]",-0.0253188684403119,0.0025720124826945,0.208416638943233,-0.457438882900436,-0.15517931647713,-0.028101968230849,0.112627921406822,0.391329583941677,6566.26841533623,0.9995717216586,NA,601,NA,NA,FALSE,FALSE
"a_spqrt[602]",-0.0947882208361851,0.00287508497854571,0.217715501426419,-0.545817592980004,-0.238981718975559,-0.0891761156031921,0.054721916920427,0.311772797679684,5734.25937035271,0.999271013449063,NA,602,NA,NA,FALSE,FALSE
"a_spqrt[603]",0.0156701231301823,0.00254591737831043,0.195551569742726,-0.364110550382979,-0.11379883744683,0.0158464350523143,0.146908417411093,0.394241124907415,5899.7553379998,0.99914082245431,NA,603,NA,NA,FALSE,FALSE
"a_spqrt[604]",0.000467116252416574,0.00275268846869769,0.206009645129585,-0.401959333484803,-0.137989533808194,0.00281180458631656,0.137607442058592,0.40112542134102,5600.94078105894,0.999304804414224,NA,604,NA,NA,FALSE,FALSE
"a_spqrt[605]",0.026301039199147,0.0027099493674424,0.190241572654165,-0.339625023212827,-0.0987834324718426,0.0246872010550764,0.149816332300595,0.402638957668954,4928.20201143708,0.999282106474214,NA,605,NA,NA,FALSE,FALSE
"a_spqrt[606]",0.1091086519501,0.00283185316156892,0.210752186997446,-0.310370934538556,-0.0318197928167952,0.102248073498913,0.246721530831695,0.527423205352655,5538.6346625435,0.999947053447895,NA,606,NA,NA,FALSE,FALSE
"a_spqrt[607]",-0.000988864267109561,0.00208486698638708,0.16338639667364,-0.317441453554846,-0.107007293672385,-0.00307318800807416,0.111418923747087,0.317988784503114,6141.5088936534,0.999790377544364,NA,607,NA,NA,FALSE,FALSE
"a_spqrt[608]",0.0121067306764953,0.00236708017410891,0.184361450687084,-0.336220446252527,-0.111511537542441,0.0136895198113143,0.133868844095691,0.371280529442166,6066.16610026047,0.999033184867193,NA,608,NA,NA,FALSE,FALSE
"a_spqrt[609]",0.0210742036541456,0.00211936358186554,0.179528309155256,-0.327590635620575,-0.0965671002968438,0.017861884886598,0.142586171892442,0.358895816759469,7175.54589430906,0.999489237504522,NA,609,NA,NA,FALSE,FALSE
"a_spqrt[610]",-0.117946892843387,0.00269753012292874,0.191310867763682,-0.513838899075731,-0.239301177320829,-0.114974395923632,0.0131653396546604,0.248361922867365,5029.75321688701,0.999982975494896,NA,610,NA,NA,FALSE,FALSE
"a_spqrt[611]",-0.0220049151810288,0.00214514983554113,0.193692117357572,-0.415096600495903,-0.14439071835955,-0.0194078860079589,0.0993313984022334,0.368189705819457,8152.83454153213,0.999518585371563,NA,611,NA,NA,FALSE,FALSE
"a_spqrt[612]",0.0677322144522518,0.0026415006638873,0.194709477333521,-0.311364011752886,-0.0585115399990742,0.0621032461611843,0.188153549224714,0.468527163928104,5433.41320148284,0.999348145723145,NA,612,NA,NA,FALSE,FALSE
"a_spqrt[613]",0.0930634432569349,0.0026587769473875,0.202662388088649,-0.284250370292245,-0.0467056241367792,0.0850693603883118,0.228056717898183,0.508640837299019,5810.08522062347,0.999523579412029,NA,613,NA,NA,FALSE,FALSE
"a_spqrt[614]",0.0100371218553699,0.00225301260400616,0.189785287362681,-0.366337341041739,-0.115174670165151,0.0123741080995225,0.137120535202954,0.385603676566562,7095.74240413777,0.999604419061064,NA,614,NA,NA,FALSE,FALSE
"a_spqrt[615]",-0.0505947716394869,0.00266348450115823,0.201441255853112,-0.469292266906939,-0.17491983022878,-0.0497552949689687,0.0838986677933872,0.34225490103308,5720.0061099406,0.999171511402506,NA,615,NA,NA,FALSE,FALSE
"a_spqrt[616]",0.0484988200002563,0.00267493041754717,0.204631555050627,-0.349728625030111,-0.0886808407416393,0.0470394845990962,0.179222687089235,0.457660177964647,5852.21442924657,0.999405300406242,NA,616,NA,NA,FALSE,FALSE
"a_spqrt[617]",0.0977351828021892,0.00281688368094821,0.207627664614815,-0.297710829555124,-0.0430263639137207,0.0951552354996107,0.235765803252771,0.515956702502164,5432.9112487342,0.999746229283896,NA,617,NA,NA,FALSE,FALSE
"a_spqrt[618]",-0.0689303374644502,0.00250822288693008,0.204897934905405,-0.489521526097116,-0.203000225549526,-0.0652083505080905,0.0683812947361082,0.320075841075829,6673.3347392213,0.999258220436515,NA,618,NA,NA,FALSE,FALSE
"a_spqrt[619]",-0.0134848889738147,0.00262424419353435,0.195621209991763,-0.407492148773267,-0.139758879551824,-0.0134168392430532,0.113446828224302,0.369453118897323,5556.78241781898,0.999851168671033,NA,619,NA,NA,FALSE,FALSE
"a_spqrt[620]",0.041500940224722,0.00256173022066245,0.207326002712855,-0.365526114181691,-0.09443151706475,0.039544516086881,0.173654536279148,0.450993263613999,6549.99194086863,0.999479916068427,NA,620,NA,NA,FALSE,FALSE
"a_spqrt[621]",0.147751473756328,0.00289214580889089,0.198572160694004,-0.232850546517773,0.0156883311571387,0.138850096728571,0.281514914780128,0.553157467030411,4714.07355052475,1.0001260464936,NA,621,NA,NA,FALSE,FALSE
"a_spqrt[622]",-0.0128969931917345,0.0021094609005434,0.184147435682504,-0.37879096739436,-0.13619947740865,-0.0129398748063379,0.109550203136608,0.354335059496194,7620.58639417285,0.999249755646847,NA,622,NA,NA,FALSE,FALSE
"a_spqrt[623]",-0.0064496173304925,0.00267100376733123,0.194089826239295,-0.39532195124754,-0.134146426276479,-0.00833418231796484,0.124715294452066,0.363689569420108,5280.27499821633,0.999856809359973,NA,623,NA,NA,FALSE,FALSE
"a_spqrt[624]",0.00550735873441491,0.00239507183161855,0.200165144646198,-0.39136107894423,-0.121991598198312,0.00404043512158326,0.138207140022605,0.39281508790024,6984.5723980026,0.999018636362793,NA,624,NA,NA,FALSE,FALSE
"a_spqrt[625]",0.00843819093062074,0.00247714878876018,0.206510822745979,-0.400736837244946,-0.121041881261109,0.0106777955412329,0.137623890020929,0.425278648414028,6949.94628096599,0.999314674546676,NA,625,NA,NA,FALSE,FALSE
"a_spqrt[626]",0.0471135320857952,0.00236728337213558,0.209366636991345,-0.373309876769206,-0.0786845923522442,0.0438408795332407,0.174111299648085,0.48411294627431,7821.9396173063,0.999532712813099,NA,626,NA,NA,FALSE,FALSE
"a_spqrt[627]",-0.0228357513471184,0.00219552239339313,0.200893059965923,-0.418504858493842,-0.160089745581053,-0.0201690447972297,0.114461045042049,0.370751385885132,8372.4801325034,0.999000710696273,NA,627,NA,NA,FALSE,FALSE
"a_spqrt[628]",0.0660116134625888,0.00240685264019353,0.194599206317067,-0.319981861170313,-0.061961533182636,0.0641127690709265,0.19160990835211,0.458000718778501,6537.06986563746,0.999626595984784,NA,628,NA,NA,FALSE,FALSE
"a_spqrt[629]",0.0757922301142112,0.00241294813162615,0.191421830445199,-0.300249972131114,-0.0554978565517829,0.0737794363740142,0.200462172960605,0.449693851567065,6293.42348772723,0.999860635074474,NA,629,NA,NA,FALSE,FALSE
"a_spqrt[630]",-0.0734738717571807,0.00261819246193076,0.200549488656322,-0.460992673618673,-0.203092554496081,-0.0716397993637767,0.0616488523322948,0.319034675629396,5867.32279229416,0.999157829165047,NA,630,NA,NA,FALSE,FALSE
"a_spqrt[631]",0.0345562262056685,0.00287547769485464,0.217220608426712,-0.394724039712364,-0.109400240462144,0.0316451647397596,0.174954173005677,0.475308565700029,5706.66061902991,0.998845866857813,NA,631,NA,NA,FALSE,FALSE
"a_spqrt[632]",-0.0156484581869635,0.00239460896004959,0.196572141421349,-0.419259834234855,-0.147782137963264,-0.0154288285505948,0.113426787206504,0.374304976404874,6738.67841327256,0.99921699696371,NA,632,NA,NA,FALSE,FALSE
"a_spqrt[633]",-0.0578931919357435,0.00277146019574984,0.204274037900984,-0.469467025104368,-0.190089067210957,-0.0543360019514884,0.0766165900773387,0.337107671409148,5432.61659992588,0.999477897740697,NA,633,NA,NA,FALSE,FALSE
"a_spqrt[634]",0.0239476045167021,0.0022317000704228,0.20720316364491,-0.375944172142115,-0.113996230395388,0.0196333086199497,0.154613835361882,0.447662374855476,8620.27478511036,0.998900010815257,NA,634,NA,NA,FALSE,FALSE
"a_spqrt[635]",0.00214018326021792,0.00251348048394449,0.205253119581864,-0.406363595662976,-0.128807853661402,0.000849192685259448,0.137567410372905,0.414158308524355,6668.50526140348,0.999225278820523,NA,635,NA,NA,FALSE,FALSE
"a_spqrt[636]",0.0446544444075538,0.00242537823715297,0.204047334326403,-0.344460686797565,-0.0931568167264395,0.0396817900785574,0.179685911262669,0.452056160364683,7077.87516185397,0.99921367348677,NA,636,NA,NA,FALSE,FALSE
"a_spqrt[637]",0.120451597461894,0.00268344326521127,0.198229555198146,-0.260888676319035,-0.0127229450674493,0.113073796572537,0.250323147263871,0.526333953957631,5456.97516976892,0.999434070498347,NA,637,NA,NA,FALSE,FALSE
"a_spqrt[638]",-0.0304817296751614,0.0025921418592435,0.206458797917081,-0.440553945994899,-0.167058614851987,-0.0282082499672024,0.105208832658837,0.371231881201471,6343.79672083727,0.999317851809756,NA,638,NA,NA,FALSE,FALSE
"a_spqrt[639]",0.0102982298761917,0.00258988844914488,0.201395279193161,-0.38423176142401,-0.126062077583223,0.0104996175887715,0.142289475441045,0.408466202108786,6046.95107951971,0.999459712313775,NA,639,NA,NA,FALSE,FALSE
"a_spqrt[640]",-0.0501858914168328,0.00255846996252647,0.204791582001005,-0.465257319263141,-0.177578900606646,-0.0461786664058596,0.0800273749020217,0.339321081433041,6407.13030770378,0.999118071880574,NA,640,NA,NA,FALSE,FALSE
"a_spqrt[641]",0.00895264573009599,0.00270242522009056,0.199124361501113,-0.381711781195447,-0.122230324457492,0.00985573164044873,0.13831878043554,0.413653583007914,5429.26977634871,0.999779274664716,NA,641,NA,NA,FALSE,FALSE
"a_spqrt[642]",0.0474918065249137,0.00263291211525736,0.201826148866797,-0.353206986002464,-0.0864084529610741,0.0478352142046233,0.177916491700666,0.453901846420467,5876.00478576642,0.999342754727334,NA,642,NA,NA,FALSE,FALSE
"a_spqrt[643]",0.00558511883147336,0.00221713594185323,0.197101296892673,-0.38849841096033,-0.121186332413862,0.00346373924858623,0.138931623887991,0.382711673239973,7903.0425296449,0.999133227657752,NA,643,NA,NA,FALSE,FALSE
"a_spqrt[644]",-0.128775621659362,0.00294566591489395,0.20170037728095,-0.543942023305243,-0.257041944802582,-0.12547381708418,0.00428950990617839,0.258757053215759,4688.63518433855,0.999770838733962,NA,644,NA,NA,FALSE,FALSE
"a_spqrt[645]",0.125684638982492,0.00264036400155367,0.203860468117036,-0.260821342925724,-0.0138259944046923,0.122518047076512,0.263439818672864,0.552716689214864,5961.26500053288,1.00069122649263,NA,645,NA,NA,FALSE,FALSE
"a_spqrt[646]",0.161845366582677,0.00314157686741394,0.208199601023686,-0.234272510048842,0.0209657131030249,0.157695711054203,0.300736825433684,0.584786106955776,4392.02097036263,1.00020497582445,NA,646,NA,NA,FALSE,FALSE
"a_spqrt[647]",-0.0381736258757801,0.00257050200928103,0.208091575831357,-0.453204073698038,-0.171128086936699,-0.0320533425186692,0.102547453606479,0.36561311484796,6553.49696598383,0.999352706803973,NA,647,NA,NA,FALSE,FALSE
"a_spqrt[648]",-0.0109975240984024,0.00214530386208047,0.178095494855129,-0.369063474028062,-0.129885080705025,-0.0120052348328891,0.106046639736777,0.336516856145393,6891.72973647709,0.999120994053135,NA,648,NA,NA,FALSE,FALSE
"a_spqrt[649]",0.0413449505721082,0.00229431102588476,0.183783061535318,-0.321870048625238,-0.0800876810405078,0.0394597706768558,0.160998762863434,0.401637054020476,6416.62086789296,0.999227381403017,NA,649,NA,NA,FALSE,FALSE
"a_spqrt[650]",-0.0487993302965185,0.00212650615042075,0.179349530979732,-0.407909646846476,-0.165623490169208,-0.0491609860195919,0.0695283928155076,0.307291007322898,7113.23577873337,0.999192484907518,NA,650,NA,NA,FALSE,FALSE
"a_spqrt[651]",0.103789156552506,0.0028491797612857,0.190428647709652,-0.262939633482663,-0.0247775476452362,0.100342565105078,0.224936875720377,0.492545364988218,4467.09167471063,0.999361558194913,NA,651,NA,NA,FALSE,FALSE
"a_spqrt[652]",0.0507177746439704,0.00274933343980613,0.194412181892643,-0.328201057360942,-0.0812497782955241,0.0488084265547523,0.181890581527515,0.433427370631754,5000.25462286704,0.99916844490954,NA,652,NA,NA,FALSE,FALSE
"a_spqrt[653]",0.150301685098012,0.0030927796800018,0.206822909541669,-0.242055931092257,0.0102342337890438,0.146950763068964,0.281763852714609,0.569120903760494,4471.97451752243,0.999447438686876,NA,653,NA,NA,FALSE,FALSE
"a_spqrt[654]",-0.256335423264417,0.00393887837200068,0.216612052693068,-0.715627258659916,-0.397563831418164,-0.244925213843216,-0.107376418672947,0.140421265787738,3024.26675082307,1.000565063511,NA,654,NA,NA,FALSE,FALSE
"a_spqrt[655]",0.00145045648616477,0.00265657705587681,0.202032842013576,-0.399308668828337,-0.12818635280056,-0.00263140958037799,0.132236527698821,0.409663337049613,5783.61148398586,0.999254593034942,NA,655,NA,NA,FALSE,FALSE
"a_spqrt[656]",-0.0226674939600535,0.00230915337906933,0.189223004916116,-0.403827907523505,-0.141329159015534,-0.0224045181832967,0.0981373269705071,0.360068027515633,6714.9426598591,0.998983289074433,NA,656,NA,NA,FALSE,FALSE
"a_spqrt[657]",0.0876091447469156,0.00217161715578062,0.181675687125568,-0.258794566086977,-0.0351035205753706,0.0832179549774419,0.210955988669256,0.442909374806203,6998.85659527877,0.999518702772633,NA,657,NA,NA,FALSE,FALSE
"a_spqrt[658]",0.00322897525510925,0.00237362201332151,0.188518115090923,-0.373970009623479,-0.121543497067456,0.00455944370609522,0.127852532096825,0.372073532782109,6307.87466534671,0.999544663096465,NA,658,NA,NA,FALSE,FALSE
"a_spqrt[659]",0.103782633641151,0.0022724727699759,0.179960167984609,-0.236171129898493,-0.0154840856434442,0.099011099455569,0.223399358243343,0.469463538034046,6271.26862488394,0.99980099299284,NA,659,NA,NA,FALSE,FALSE
"a_spqrt[660]",-0.0147970874232311,0.00312864996272898,0.206923184132864,-0.434408846760151,-0.153603892775256,-0.0109878797389139,0.12554090151453,0.386884681965713,4374.25757438643,0.999486068763928,NA,660,NA,NA,FALSE,FALSE
"a_spqrt[661]",-0.0159995875617409,0.00280074362288487,0.198077328669113,-0.413210161015075,-0.146361642658288,-0.0163352770000446,0.110886165830575,0.391331488370508,5001.75977013742,0.998920048172013,NA,661,NA,NA,FALSE,FALSE
"a_spqrt[662]",-0.0288343714448559,0.00249533137384393,0.198632325974645,-0.421554953173186,-0.161020179290609,-0.029716826295158,0.108379912330442,0.357836558862042,6336.41192085849,0.999166579909896,NA,662,NA,NA,FALSE,FALSE
"a_spqrt[663]",-0.122513294743261,0.00269990519083897,0.202225888009798,-0.540401103397361,-0.255543114512938,-0.113638229724537,0.015263480254391,0.265756463480685,5610.17585317948,0.999342522036895,NA,663,NA,NA,FALSE,FALSE
"a_spqrt[664]",-0.0724521303766607,0.00239222303691926,0.200857486067163,-0.473252208596895,-0.202535791878275,-0.0678476286638592,0.0625872622579163,0.312596602098543,7049.73364950182,0.999171860997047,NA,664,NA,NA,FALSE,FALSE
"a_spqrt[665]",0.0247133004835508,0.00252889843646229,0.195339121505155,-0.360365049526556,-0.102632508178836,0.0255331199462075,0.156098818846745,0.398003515206881,5966.44559205322,0.99902682480768,NA,665,NA,NA,FALSE,FALSE
"a_spqrt[666]",0.0122711583714622,0.00235924415669048,0.193785191731249,-0.359728880832405,-0.119442536503517,0.0115519865435668,0.141842770099725,0.391939497388172,6746.7621187046,0.99919078206589,NA,666,NA,NA,FALSE,FALSE
"a_spqrt[667]",0.103291996316505,0.00197536230661734,0.167693423467438,-0.214885776440442,-0.0112608863053128,0.101925894997031,0.212189380940797,0.439409655616451,7206.73473863112,0.999123486263911,NA,667,NA,NA,FALSE,FALSE
"a_spqrt[668]",0.0167398942576387,0.00229913184849035,0.190122449191667,-0.338820421846819,-0.110618467257807,0.010022957490752,0.142087415330783,0.398476015210417,6838.15665226919,0.99927555562513,NA,668,NA,NA,FALSE,FALSE
"a_spqrt[669]",0.0574884991222488,0.00211834673395826,0.181612145680738,-0.294214959198773,-0.0666234256034137,0.0554806927770761,0.180807755523163,0.409835173378783,7350.14122944682,0.999589919909955,NA,669,NA,NA,FALSE,FALSE
"a_spqrt[670]",0.0537828538582983,0.00261815382094006,0.182519102200808,-0.303590284481856,-0.0665160399028809,0.050162750048076,0.176228699413116,0.423807800686836,4859.88878304834,0.998914491879815,NA,670,NA,NA,FALSE,FALSE
"a_spqrt[671]",0.0712305049046756,0.00272056165650666,0.200793616402076,-0.319877439453771,-0.0644415624137061,0.0732860255327814,0.2053853067324,0.47785536053805,5447.31710567967,1.0004796209421,NA,671,NA,NA,FALSE,FALSE
"a_spqrt[672]",0.0526758806028817,0.00246995385472861,0.199429565947965,-0.348040733756576,-0.0772370524798043,0.0516085366834726,0.183412636976402,0.453266782689912,6519.30664099928,0.999444528381084,NA,672,NA,NA,FALSE,FALSE
"a_spqrt[673]",0.0223146970613532,0.00226115258219626,0.19006495233161,-0.342410139502501,-0.107508589294018,0.0220701106422049,0.147935568610191,0.388986793309992,7065.52346742511,0.9992378596791,NA,673,NA,NA,FALSE,FALSE
"a_spqrt[674]",-0.0488278445907008,0.0023959678780762,0.187989998902448,-0.415317451286525,-0.176446513270054,-0.0478014518850636,0.0810415950164765,0.318834726807329,6156.12611217016,0.999573700334382,NA,674,NA,NA,FALSE,FALSE
"a_spqrt[675]",-0.0633367549602893,0.00283344779037132,0.202067457899318,-0.478513427530327,-0.194177997409725,-0.05695121901993,0.0687114109618196,0.325244748298884,5085.83570495749,0.99969006191818,NA,675,NA,NA,FALSE,FALSE
"a_spqrt[676]",0.0198707442118642,0.00226082667107213,0.206419773570813,-0.380682969936523,-0.116628535140809,0.0189602237041635,0.153203870024672,0.428887462977541,8336.19871834356,0.999477585674353,NA,676,NA,NA,FALSE,FALSE
"a_spqrt[677]",-0.0724083757185977,0.00270524844399743,0.200061307915413,-0.481871477433289,-0.205072578662697,-0.0670170164265586,0.064838960724258,0.299347129907231,5469.05002175306,0.999299928213688,NA,677,NA,NA,FALSE,FALSE
"a_spqrt[678]",-0.193283447663757,0.00330323311762197,0.213463255205773,-0.639394138313257,-0.333055742096261,-0.187117658583612,-0.0476238372068622,0.199894649237441,4176.07036494373,1.00005317237287,NA,678,NA,NA,FALSE,FALSE
"a_spqrt[679]",-0.0184635839392493,0.00250311292845776,0.207464849244311,-0.443934517996278,-0.147720495515563,-0.017598966252233,0.115540994656888,0.380953345933981,6869.54800742401,0.999483389764471,NA,679,NA,NA,FALSE,FALSE
"a_spqrt[680]",0.067370513997455,0.00268172337534298,0.200484647539346,-0.312223385098332,-0.0656948542486293,0.0639050201926926,0.192379253918242,0.482236042925629,5589.00229091479,1.00065574528307,NA,680,NA,NA,FALSE,FALSE
"a_spqrt[681]",0.0818411896936208,0.00231290318948683,0.182210212436516,-0.275134948881805,-0.0401057761624221,0.0791808409355796,0.202086810102943,0.4436746379321,6206.26790673686,0.998953021593838,NA,681,NA,NA,FALSE,FALSE
"a_spqrt[682]",0.153196440121608,0.00293352774320087,0.190844830141467,-0.202100198113024,0.0222144818996859,0.147979043986824,0.2798962390129,0.545477805702344,4232.33854601774,1.00060979541352,NA,682,NA,NA,FALSE,FALSE
"a_spqrt[683]",0.124654144825947,0.00280375526336554,0.197971953525724,-0.251350330009026,-0.00714120344880007,0.12133935533972,0.255292149960361,0.516852327036864,4985.7113752951,1.00009979374265,NA,683,NA,NA,FALSE,FALSE
"a_spqrt[684]",0.175582940615007,0.0035143648254672,0.207806080150124,-0.218625614877398,0.0381042444449329,0.168109620210209,0.308767601647298,0.595519319480603,3496.41370289193,0.999223261403689,NA,684,NA,NA,FALSE,FALSE
"a_spqrt[685]",-0.0271576267148712,0.00242042003037655,0.206047975259477,-0.435631002271254,-0.158653500957182,-0.0265137608149855,0.104609601693155,0.383229928402472,7246.94934872663,0.9989865778359,NA,685,NA,NA,FALSE,FALSE
"a_spqrt[686]",0.0846727620786606,0.0026167326419312,0.20653212651755,-0.31166894226866,-0.0568647891478784,0.0807782818750971,0.218001474045996,0.500395734956014,6229.54789883221,0.999461071763656,NA,686,NA,NA,FALSE,FALSE
"a_spqrt[687]",-0.0279098209914729,0.00247721402452824,0.201014334015067,-0.428031151775493,-0.159359986208969,-0.02526031828487,0.109739832196597,0.357927081536737,6584.56356627498,0.99930175999095,NA,687,NA,NA,FALSE,FALSE
"a_spqrt[688]",-0.0449313128364921,0.00258496714865424,0.201095204318452,-0.458026995819823,-0.173921662663718,-0.0444074603753431,0.0901444435610313,0.346862793757962,6051.92268454271,0.999386107403491,NA,688,NA,NA,FALSE,FALSE
"a_spqrt[689]",-0.0640941686035566,0.00259916299229875,0.193344048189108,-0.44322870770306,-0.195592091169239,-0.058340730959762,0.0667147217957798,0.304638981884124,5533.43210429215,0.999714573791001,NA,689,NA,NA,FALSE,FALSE
"a_spqrt[690]",0.0192225361794509,0.00251624992855061,0.195903620375529,-0.372120683228235,-0.11128233775535,0.0224159340465686,0.148578773828347,0.407644443031292,6061.46180469821,0.999180965313037,NA,690,NA,NA,FALSE,FALSE
"a_spqrt[691]",-0.000441048659987743,0.00229109712988019,0.203569571858442,-0.401129513204594,-0.13426530266796,0.00188425616207145,0.13207262316312,0.403547925388356,7894.75621740243,0.999114279644221,NA,691,NA,NA,FALSE,FALSE
"a_spqrt[692]",-0.0444646628010896,0.00255106116218672,0.203962727124957,-0.45239715347121,-0.17347772870536,-0.0434290083701728,0.0873543208883394,0.34931699935358,6392.34017358026,0.999499378803879,NA,692,NA,NA,FALSE,FALSE
"a_spqrt[693]",0.0365886705238047,0.00292816711465211,0.201774639566012,-0.345442764904996,-0.0968345413420041,0.0334180794879496,0.167434840672126,0.447345474983105,4748.33599823053,0.999576267894772,NA,693,NA,NA,FALSE,FALSE
"a_spqrt[694]",-0.0163475966909247,0.00245369907067914,0.20765798474628,-0.424929351081369,-0.149573260818861,-0.0170416362180781,0.115164338437759,0.409951975500099,7162.3357091681,0.99881901122735,NA,694,NA,NA,FALSE,FALSE
"a_spqrt[695]",0.0610127481044273,0.0029549436719317,0.209782289155912,-0.346336918186047,-0.081749199631281,0.0608866986694908,0.196644803243746,0.480529938184625,5040.10085535158,0.999850277355406,NA,695,NA,NA,FALSE,FALSE
"a_spqrt[696]",-0.015943386916403,0.00234208365653859,0.207480472341685,-0.428235705033769,-0.15080628168393,-0.0188717868697912,0.116846570730688,0.414196893651292,7847.83112475195,0.998967522871737,NA,696,NA,NA,FALSE,FALSE
"a_spqrt[697]",-0.070888238680048,0.00266302611113555,0.196211727959403,-0.464158516965279,-0.199071609614932,-0.0697442866271888,0.0621929885661345,0.30074865173354,5428.74041295255,1.00020788583303,NA,697,NA,NA,FALSE,FALSE
"a_spqrt[698]",-0.0147934067038377,0.00294306887012769,0.211863065556939,-0.448684588011221,-0.149864233717611,-0.0109581100736198,0.125639897083236,0.392348305412878,5182.14611290527,0.999310472749394,NA,698,NA,NA,FALSE,FALSE
"a_spqrt[699]",0.0801941114036509,0.00245582789341337,0.198300588512533,-0.318085792772448,-0.0517528040575653,0.0774273060883848,0.210074802686931,0.488925494901471,6520.0683820164,0.999607059754283,NA,699,NA,NA,FALSE,FALSE
"a_spqrt[700]",-0.00158377499154773,0.00284197594706383,0.208623819789646,-0.417839693481887,-0.135801056194424,-0.00194130677309131,0.130636805045843,0.412588995777568,5388.73701948743,0.99940842549366,NA,700,NA,NA,FALSE,FALSE
"a_spqrt[701]",0.0279786991668488,0.00254451986826458,0.203128911638194,-0.353584097931386,-0.110991163261269,0.0259489935046175,0.161666253260376,0.438114448377503,6372.82203267588,0.999384846236383,NA,701,NA,NA,FALSE,FALSE
"a_spqrt[702]",0.0296000411607837,0.00213523561532673,0.19915861942019,-0.359631401088235,-0.106290807609463,0.0316798249886732,0.157136274647329,0.429545781446771,8699.74663109635,0.999100561784618,NA,702,NA,NA,FALSE,FALSE
"a_spqrt[703]",-0.0290703375518007,0.00230241528613806,0.195666432577284,-0.434756613751257,-0.153510850652288,-0.027572853828063,0.0932503695099734,0.366841411621037,7222.13053918101,0.999048141495026,NA,703,NA,NA,FALSE,FALSE
"a_spqrt[704]",0.0243090410265469,0.00250072274474272,0.197387102332274,-0.363799832306056,-0.0999387171603187,0.024568646958904,0.153724401925932,0.415420663143845,6230.26407354663,0.999464172666039,NA,704,NA,NA,FALSE,FALSE
"a_spqrt[705]",0.00673610484768003,0.0028670058422802,0.200609516147701,-0.386449944367611,-0.129410650029771,0.00427359005781682,0.132730812582586,0.413212050977381,4896.05068427022,0.999517716035832,NA,705,NA,NA,FALSE,FALSE
"a_spqrt[706]",-0.0211790180120022,0.00276335576626263,0.19947565683635,-0.424099846055424,-0.153542270168616,-0.0172960429392553,0.110970496349725,0.363312834841769,5210.8215997278,0.999508538207357,NA,706,NA,NA,FALSE,FALSE
"a_spqrt[707]",-0.0269488935573525,0.00261390364435367,0.203986318847506,-0.449994517117129,-0.157461309752703,-0.0209325671019551,0.107876423610221,0.38210315456032,6090.07909289416,0.999419237744286,NA,707,NA,NA,FALSE,FALSE
"a_spqrt[708]",-0.0789984144630381,0.0027221856168374,0.203196310301601,-0.496586256141021,-0.204339036837138,-0.0780499967306327,0.0538986197744207,0.323014575018116,5571.80829169602,0.999635488806151,NA,708,NA,NA,FALSE,FALSE
"a_spqrt[709]",0.0130132309005015,0.00218822309957726,0.179569656361434,-0.341419334054697,-0.103480116926515,0.0115507449817137,0.127615990492813,0.372804993114712,6734.14877029238,0.999092673497783,NA,709,NA,NA,FALSE,FALSE
"a_spqrt[710]",0.0126745197270234,0.00211489416560838,0.186411897901212,-0.349825158725406,-0.111212459549326,0.0142700639301577,0.134646726031936,0.384804696565626,7769.08687867437,0.999120042456719,NA,710,NA,NA,FALSE,FALSE
"a_spqrt[711]",-0.0770000988885342,0.00250215739994928,0.182402980198646,-0.431534995931417,-0.197334757685515,-0.0774273491486282,0.0416870717533471,0.285253247703887,5314.15977777318,0.999833782050399,NA,711,NA,NA,FALSE,FALSE
"a_spqrt[712]",-0.0126837618121746,0.00256514436735442,0.190288472255243,-0.392078352209632,-0.135680673874752,-0.0132111272793299,0.111794453523681,0.363583262032713,5503.0230756255,0.999192580706871,NA,712,NA,NA,FALSE,FALSE
"a_spqrt[713]",0.0249716911881081,0.00209025108448889,0.194882312489673,-0.374557423877687,-0.102765652032007,0.0237876516083587,0.148508279367855,0.39854992423001,8692.56473943889,1.00006345293457,NA,713,NA,NA,FALSE,FALSE
"a_spqrt[714]",0.00442448624771415,0.00240541732773751,0.196406161209034,-0.376678252011165,-0.126841902919056,0.00579101218312123,0.138090473332535,0.398614890445502,6666.9829496574,0.99939736915741,NA,714,NA,NA,FALSE,FALSE
"a_spqrt[715]",-0.0447287520210073,0.00282578829876661,0.19050185372579,-0.431026959040286,-0.167793109593616,-0.043798913569293,0.0796109315186597,0.333087803334133,4544.84595050438,0.999455791021112,NA,715,NA,NA,FALSE,FALSE
"a_spqrt[716]",-0.0283642539398815,0.00215032785171509,0.186944864748013,-0.392730639570625,-0.148581211072841,-0.0285611006525895,0.0972284621982467,0.335610360584123,7558.18851129523,0.999413109440207,NA,716,NA,NA,FALSE,FALSE
"a_spqrt[717]",0.0281973933743138,0.00225991306583881,0.191216844051129,-0.350155768156177,-0.0990648914222369,0.0272405768043323,0.154053323328641,0.409716901085242,7159.27139480631,0.999323325115143,NA,717,NA,NA,FALSE,FALSE
"a_spqrt[718]",-0.0245034048364127,0.00210644284246484,0.185752736562647,-0.398802924472207,-0.149697171201638,-0.0243029779424627,0.100275675228835,0.339617964038064,7776.26555093118,0.999861335304016,NA,718,NA,NA,FALSE,FALSE
"a_spqrt[719]",-0.00742878727478014,0.00263536530151422,0.208899247293094,-0.418144337195293,-0.144604201541782,-0.00441927491494626,0.129021846436442,0.400356589639154,6283.36231872251,0.999936423825336,NA,719,NA,NA,FALSE,FALSE
"a_spqrt[720]",-0.0243133877536136,0.00255814973566715,0.207441116798003,-0.448856443588062,-0.157317833398094,-0.0186585086426867,0.112556597345525,0.385661829218879,6575.63594816889,0.999051129082476,NA,720,NA,NA,FALSE,FALSE
"a_spqrt[721]",-0.00791657344789901,0.00261431573242392,0.210968004556527,-0.419530195276959,-0.147321779634697,-0.00719020743063337,0.134664057251913,0.410209022912586,6512.04086800572,0.999062781957395,NA,721,NA,NA,FALSE,FALSE
"a_spqrt[722]",0.039222491799329,0.00247041708362007,0.206556289766573,-0.370997349228208,-0.0954385858417062,0.03640982318671,0.172976118216858,0.461068304451293,6990.95141996178,0.999623540432756,NA,722,NA,NA,FALSE,FALSE
"a_spqrt[723]",-0.023021099419608,0.00233594424255815,0.205917353781048,-0.434529627608663,-0.155240562596006,-0.0217574597700632,0.111290779082132,0.387416065271139,7770.71449145907,0.99911459176286,NA,723,NA,NA,FALSE,FALSE
"a_spqrt[724]",0.0378215729556947,0.00261429061663143,0.194371662648381,-0.341972299265675,-0.0929942434927964,0.0363798575945832,0.166414224844213,0.422331707321265,5527.87445394747,0.999232751118474,NA,724,NA,NA,FALSE,FALSE
"a_spqrt[725]",-0.0606012705135598,0.00242639532672987,0.197261014969946,-0.453271273498125,-0.186015936781683,-0.0589969604587435,0.0693545306507993,0.315663742455861,6609.35995891091,0.999866990582358,NA,725,NA,NA,FALSE,FALSE
"a_spqrt[726]",0.0513096148195431,0.00221268227603988,0.167334668038246,-0.263413774067689,-0.0628350462617116,0.0481676086284526,0.168701845783123,0.383878824129062,5719.17965034883,0.99936267651107,NA,726,NA,NA,FALSE,FALSE
"a_spqrt[727]",-0.125073555401732,0.00279242256139099,0.184924286449455,-0.503052290068859,-0.243752352656568,-0.121241006085019,-0.000907449307883768,0.231886169562854,4385.56575251482,1.00003429696224,NA,727,NA,NA,FALSE,FALSE
"a_spqrt[728]",-0.069930704977623,0.00222285367081355,0.185914596712411,-0.445846727168398,-0.194268135138547,-0.0656017463634233,0.0581799854303578,0.288387142300604,6995.28203761976,1.00095146832677,NA,728,NA,NA,FALSE,FALSE
"a_spqrt[729]",-0.115585036340448,0.00246677059157996,0.187135300777619,-0.48763273707826,-0.240157391611678,-0.115022275355605,0.0099826533501819,0.249802395578119,5755.11378721717,0.999508403542334,NA,729,NA,NA,FALSE,FALSE
"a_spqrt[730]",-0.00804591121370864,0.00246172713728223,0.202438954079381,-0.40641362839386,-0.140690953471625,-0.0103031955141637,0.123922646103348,0.384921483765373,6762.51658522147,0.999261477773005,NA,730,NA,NA,FALSE,FALSE
"a_spqrt[731]",0.0542601829225247,0.00271140180211896,0.197750717617067,-0.330285356867177,-0.0767837989221038,0.050784057187581,0.184778960761178,0.439651658461541,5319.22517795577,0.999896201042118,NA,731,NA,NA,FALSE,FALSE
"a_spqrt[732]",-0.0265680111810858,0.00261005915416701,0.19273740289364,-0.412281749913886,-0.152110243960683,-0.0233245706595175,0.0972110671457011,0.351124998092797,5452.94735369552,0.999067471904204,NA,732,NA,NA,FALSE,FALSE
"a_spqrt[733]",0.0752685858461304,0.00238417330107923,0.19881604841292,-0.309145838479688,-0.0557362809620769,0.0714132141145799,0.207230974887013,0.468146195887926,6953.88068619311,0.999276281224243,NA,733,NA,NA,FALSE,FALSE
"a_spqrt[734]",0.00868485966738317,0.00252114913879427,0.203163396842458,-0.381390313194539,-0.124132871686674,0.0090977504313876,0.136715877214064,0.411714931380479,6493.72445836065,0.999135834696864,NA,734,NA,NA,FALSE,FALSE
"a_spqrt[735]",-0.0828375170085814,0.00247075797488813,0.199659445187788,-0.485104539671969,-0.21084046191449,-0.0778345379649643,0.0481769951970883,0.305569128264363,6530.09212583327,0.999040080421771,NA,735,NA,NA,FALSE,FALSE
"a_spqrt[736]",-0.0377748823282699,0.00279070906551772,0.202619598951955,-0.422856965162414,-0.170549031475954,-0.0359078716341819,0.101194651796765,0.345358063501717,5271.494727587,0.999895206420994,NA,736,NA,NA,FALSE,FALSE
"a_spqrt[737]",0.0117279991651175,0.00205607069477739,0.191709323792555,-0.385406919899338,-0.110940088185336,0.0100976620657991,0.132675889830571,0.39589203929187,8693.81480045202,0.999718347607314,NA,737,NA,NA,FALSE,FALSE
"a_spqrt[738]",0.00110299657357782,0.00216743833337884,0.185132239952071,-0.371469516300071,-0.119064778444303,0.00125632799938037,0.123837614339742,0.352414047569424,7295.76121611035,0.999200300483509,NA,738,NA,NA,FALSE,FALSE
"a_spqrt[739]",-0.0996620676459859,0.00281997640634135,0.201679899358328,-0.52103499556505,-0.231923827197192,-0.091135091159654,0.038045512517269,0.276341418418532,5114.8662578042,0.999603787425046,NA,739,NA,NA,FALSE,FALSE
"a_spqrt[740]",-0.0258358454613175,0.00230273905792492,0.18471011676069,-0.399694398643988,-0.144657144465547,-0.0230385413205414,0.0927175788250722,0.341127910334719,6434.16080940248,0.999210613159989,NA,740,NA,NA,FALSE,FALSE
"a_spqrt[741]",0.00101649355037298,0.0027649709531748,0.203765619855897,-0.407622644119952,-0.13042271691553,0.00261837403260133,0.133322581807873,0.397932306052132,5431.01088695438,0.999370451167636,NA,741,NA,NA,FALSE,FALSE
"a_spqrt[742]",0.0272349502465949,0.0023947073175341,0.205330357453077,-0.371127602216173,-0.11156031574108,0.026876601803438,0.164936834931852,0.438338212780992,7351.93136273426,0.999294842475289,NA,742,NA,NA,FALSE,FALSE
"a_spqrt[743]",0.0934271353239957,0.0026920175077271,0.204505448780156,-0.295350513498616,-0.0406258866453508,0.0914140930155441,0.22185231618984,0.512392011949567,5771.03897515135,0.999706896330857,NA,743,NA,NA,FALSE,FALSE
"a_spqrt[744]",0.00681613865185146,0.00278983781355945,0.198426917655085,-0.382643954638708,-0.125873020808837,0.00716571244884638,0.135513259423918,0.39150360881644,5058.75048983632,0.99995006410023,NA,744,NA,NA,FALSE,FALSE
"a_spqrt[745]",-0.0336319108518138,0.00275524478083889,0.197299636234823,-0.417766698960088,-0.167515319420393,-0.030746610812675,0.0960042752048295,0.36485686718783,5127.8131563479,0.999316717613591,NA,745,NA,NA,FALSE,FALSE
"a_spqrt[746]",0.013549011102277,0.00238270775840336,0.199141039033788,-0.378506131551305,-0.123195625418197,0.0109329640885399,0.146248252451013,0.411615193744104,6985.21824432619,0.999415272863071,NA,746,NA,NA,FALSE,FALSE
"a_spqrt[747]",-0.00899879748331006,0.00237257480917426,0.201150500209064,-0.42869899712113,-0.13288282154068,-0.0121946651504593,0.115403544533897,0.403662267634163,7187.90624596952,0.999373068619674,NA,747,NA,NA,FALSE,FALSE
"a_spqrt[748]",-0.00567824592326033,0.00232735312662755,0.209684362269065,-0.424169786160126,-0.13765951319207,-0.00515746688911748,0.125980825347133,0.415478403782818,8117.22379107604,0.999675333833326,NA,748,NA,NA,FALSE,FALSE
"a_spqrt[749]",0.00800477859981295,0.0032359558854068,0.210313002701569,-0.399648533879743,-0.130991688212564,0.0103257648551064,0.137752539928098,0.431119392926911,4224.03067264719,1.00036974711843,NA,749,NA,NA,FALSE,FALSE
"a_spqrt[750]",0.0074911018676632,0.00250421378776404,0.205559307912654,-0.395639619161488,-0.124619700743969,0.00589159686246827,0.140534113847846,0.423961997060908,6738.00748192202,0.9997775502363,NA,750,NA,NA,FALSE,FALSE
"a_spqrt[751]",0.00381128453541685,0.00252919117197152,0.201382926584585,-0.397670686970833,-0.130870141482627,0.00348268277674423,0.137964141813851,0.397487518705202,6339.89377495936,0.999484105606855,NA,751,NA,NA,FALSE,FALSE
"a_spqrt[752]",-0.0444983963018823,0.0022127853117606,0.198408021003265,-0.449731896380174,-0.172603810449765,-0.0456013672716295,0.0864183399200663,0.358604227439989,8039.70087474084,0.999992709081677,NA,752,NA,NA,FALSE,FALSE
"a_spqrt[753]",0.0220396154627447,0.00278773934381447,0.203087128343329,-0.362267786538076,-0.115617408572067,0.0198740456006234,0.160330137437013,0.435341394109387,5307.13907553574,0.999146276488467,NA,753,NA,NA,FALSE,FALSE
"a_spqrt[754]",0.0361744178686849,0.00247574353936814,0.204927677616992,-0.369783800423088,-0.100428300917205,0.0329096008797823,0.166938138869764,0.444302969957405,6851.56729901021,0.999097489455958,NA,754,NA,NA,FALSE,FALSE
"a_spqrt[755]",0.0280970866192916,0.0027003277665626,0.20108821830747,-0.357342641826454,-0.10651423932796,0.0249615294731231,0.15265859015576,0.443885858067825,5545.49461682981,0.999114092484896,NA,755,NA,NA,FALSE,FALSE
"a_spqrt[756]",0.0175296288173413,0.00253260814125816,0.204806669207777,-0.38566976019743,-0.109915498015817,0.0154165549187563,0.149674466982132,0.414357661906243,6539.61516222844,0.99992176403355,NA,756,NA,NA,FALSE,FALSE
"a_spqrt[757]",-0.0104319786911801,0.00249231265264124,0.200457416646411,-0.402077670866541,-0.142126096723833,-0.00804847773185074,0.119455150048975,0.38561516771647,6469.03072487414,0.999885165265204,NA,757,NA,NA,FALSE,FALSE
"a_spqrt[758]",0.012713115472922,0.002189811183223,0.197208015976307,-0.374956612777716,-0.115996572702975,0.0126421924195355,0.14066519977528,0.391971787818899,8110.27889714725,0.998987767816087,NA,758,NA,NA,FALSE,FALSE
"a_spqrt[759]",0.00202899199009268,0.00268593267751262,0.195814175422775,-0.396679487353417,-0.124372462986596,0.00497500294848621,0.131197218146118,0.38777913218894,5314.93564614234,0.999550319812424,NA,759,NA,NA,FALSE,FALSE
"a_spqrt[760]",0.0120974167376125,0.00222512550065613,0.194958714983482,-0.383626287021357,-0.114010605081111,0.0133609403679711,0.138299867940082,0.396874078136942,7676.73034065547,0.99917033203372,NA,760,NA,NA,FALSE,FALSE
"a_spqrt[761]",-0.0445013857648409,0.00234046993410317,0.192132147708504,-0.422928308702099,-0.169814210882188,-0.043047034930137,0.0845454191383413,0.336211556967742,6738.97649945816,0.999889311337959,NA,761,NA,NA,FALSE,FALSE
"a_spqrt[762]",0.0367480711958096,0.00242697306337428,0.198705410665703,-0.341107155486125,-0.0973464624040259,0.0344417527779489,0.16401481602745,0.442636532348217,6703.31261354696,0.999296024573391,NA,762,NA,NA,FALSE,FALSE
"a_spqrt[763]",0.0440328337879025,0.00248166978320163,0.183576167361284,-0.306855519058365,-0.0768477134186228,0.0420597818071428,0.168567783709945,0.383979269461147,5471.9813888693,0.999879243319426,NA,763,NA,NA,FALSE,FALSE
"a_spqrt[764]",0.0361796586106353,0.00249966807992519,0.175744287700373,-0.30468449324146,-0.0764673543496154,0.0329637694494024,0.151436818512432,0.390488063496059,4943.08122466834,0.999194807574781,NA,764,NA,NA,FALSE,FALSE
"a_spqrt[765]",-0.132751173474807,0.00277183738342547,0.180046371929582,-0.495441069739478,-0.252706737798663,-0.133785103120431,-0.00961939017130294,0.209409557159864,4219.23051441086,0.999448328575167,NA,765,NA,NA,FALSE,FALSE
"a_spqrt[766]",-0.243546898101433,0.00388397158386609,0.201528807233082,-0.645464714901915,-0.379389613525288,-0.239881910443831,-0.0988876490560874,0.129991354482262,2692.29212758514,1.00011287258076,NA,766,NA,NA,FALSE,FALSE
"a_spqrt[767]",0.0373997855487437,0.002579509785988,0.187310717792109,-0.327182978205595,-0.0878896489493544,0.0378954779506194,0.159407549408754,0.409182116849299,5272.91653111455,0.999504553535584,NA,767,NA,NA,FALSE,FALSE
"a_spqrt[768]",0.197660056206353,0.0032661315872691,0.199257502358657,-0.168415980142039,0.0632626088173379,0.185869864470675,0.326596265884443,0.613398438266096,3721.87693467177,1.00053345433554,NA,768,NA,NA,FALSE,FALSE
"a_spqrt[769]",-0.141808906046757,0.00330681673693829,0.196587866701317,-0.561955035780474,-0.266162136268506,-0.132189617208248,-0.0102666146004699,0.223077640544363,3534.21662638898,1.00131133521387,NA,769,NA,NA,FALSE,FALSE
"a_spqrt[770]",-0.0307759887751379,0.00219398501528729,0.190489475300713,-0.407819928356174,-0.154474223923575,-0.0289427107418466,0.0921321823074656,0.34419081313145,7538.3215235418,0.999160539385972,NA,770,NA,NA,FALSE,FALSE
"a_spqrt[771]",0.104456208154807,0.00254379822691765,0.190494040685108,-0.255517737920766,-0.0252329789044128,0.0986120187084551,0.229317642772714,0.495274474527275,5607.86393153323,0.999382204452099,NA,771,NA,NA,FALSE,FALSE
"a_spqrt[772]",-0.00361256323767824,0.00233881295626962,0.184258353510822,-0.355052215186844,-0.129645818122339,-0.00316721888632844,0.120098346482664,0.35541235892709,6206.73766963733,0.999087576675639,NA,772,NA,NA,FALSE,FALSE
"a_spqrt[773]",0.0459123824517682,0.0022271132636827,0.197204012483638,-0.345233628755147,-0.0832882511196318,0.043289795119581,0.17016453289192,0.433114596185244,7840.55644458147,0.999815751796434,NA,773,NA,NA,FALSE,FALSE
"a_spqrt[774]",-0.0152393969453024,0.00224019476306679,0.183113463816045,-0.377262816087695,-0.133402413259653,-0.0148109877341261,0.105178073847159,0.335929907978112,6681.42350481529,0.999504476559852,NA,774,NA,NA,FALSE,FALSE
"a_spqrt[775]",0.0114018095750651,0.00260599051183432,0.205074933510614,-0.388796875978102,-0.124904653249487,0.00961143873264819,0.147806071036463,0.420252066190493,6192.69225761281,0.999362237426091,NA,775,NA,NA,FALSE,FALSE
"a_spqrt[776]",0.0340503841909599,0.00294605161030676,0.210028020730208,-0.387969601254945,-0.0964459263405853,0.0326503231637662,0.167910973052895,0.456829989534596,5082.45775904095,0.999504905264609,NA,776,NA,NA,FALSE,FALSE
"a_spqrt[777]",0.00520573168385397,0.00259119374777765,0.205365233710304,-0.403509820371732,-0.129248024915973,0.00916940207701748,0.143716274906761,0.414064329908867,6281.36562194142,0.999148729491997,NA,777,NA,NA,FALSE,FALSE
"a_spqrt[778]",-0.0806844965241833,0.00256685673985227,0.204779980718418,-0.493324650932934,-0.214015467663157,-0.0772986128038611,0.0589179327939831,0.314772860349055,6364.60908078086,0.999268984612307,NA,778,NA,NA,FALSE,FALSE
"a_spqrt[779]",-0.00715299168885384,0.00258263674073129,0.198493976642499,-0.404145590443104,-0.134905649077153,-0.00697921862617948,0.120845611613657,0.389727588236608,5907.01420111537,0.999454614052522,NA,779,NA,NA,FALSE,FALSE
"a_spqrt[780]",0.0707490731530792,0.00235550163849768,0.189281967835951,-0.302252028987681,-0.051326385708347,0.0670742922166187,0.194943024778556,0.444380497611964,6457.3104022738,0.999402208908446,NA,780,NA,NA,FALSE,FALSE
"a_spqrt[781]",-0.179126230449561,0.00315388063861074,0.205447190909196,-0.594542462498989,-0.306007112995653,-0.171245024107502,-0.0478072278889204,0.213023210306396,4243.36030022053,0.999997565044115,NA,781,NA,NA,FALSE,FALSE
"a_spqrt[782]",0.00932288826945912,0.00227483910022606,0.164528486047836,-0.307046725988365,-0.100750738940405,0.00760527757272386,0.121015181636601,0.334604796366157,5230.95319600433,0.999729752954529,NA,782,NA,NA,FALSE,FALSE
"a_spqrt[783]",0.0631634025163207,0.00240275454028501,0.189832117568514,-0.308819440894738,-0.0584393733607237,0.0628677872710678,0.184333673518111,0.426975771032849,6241.95410977706,0.999054326066897,NA,783,NA,NA,FALSE,FALSE
"a_spqrt[784]",0.0268313308147253,0.00230996474227319,0.183141571731961,-0.336544982755675,-0.0966446403155329,0.0278588568604192,0.147832439723365,0.392574301497248,6285.83782034599,0.999524013429016,NA,784,NA,NA,FALSE,FALSE
"a_spqrt[785]",-0.0484947637306853,0.00232908758082074,0.182615806412457,-0.398067385496943,-0.16952222004307,-0.0426829074927358,0.0749128316290475,0.313348204714618,6147.59277566215,1.00005380311409,NA,785,NA,NA,FALSE,FALSE
"a_spqrt[786]",-0.11267332896141,0.0030416053612183,0.209126734665516,-0.542243606123371,-0.241435521257254,-0.106527179533036,0.0222479157115129,0.284078814349626,4727.30238043685,1.00031682569254,NA,786,NA,NA,FALSE,FALSE
"a_spqrt[787]",0.0504855892652857,0.00237415958355558,0.201594000784375,-0.342143417622728,-0.0801812045366929,0.0480479674698918,0.178432402143398,0.457695335278742,7210.00212396438,0.999630513216046,NA,787,NA,NA,FALSE,FALSE
"a_spqrt[788]",0.0535622483043476,0.00227247981051674,0.194896272099607,-0.33467487022775,-0.0722051437823216,0.0530962259043481,0.179123708043478,0.447605632582552,7355.41188854788,0.999192845467116,NA,788,NA,NA,FALSE,FALSE
"a_spqrt[789]",-0.0596893346689457,0.00263664812634914,0.193627655072741,-0.447945432606565,-0.18865922928165,-0.0595161198293026,0.0670035370127711,0.312506838812057,5393.00002223697,0.999431377059226,NA,789,NA,NA,FALSE,FALSE
"a_spqrt[790]",0.0351279923053593,0.00241834828996937,0.197319931150923,-0.350993946408081,-0.0982832956880847,0.0307758926570267,0.164524350644657,0.426021355973356,6657.39329796085,0.999152925782413,NA,790,NA,NA,FALSE,FALSE
"a_spqrt[791]",-0.0359993984904296,0.00261557387115614,0.210924512682966,-0.466130989680146,-0.174363224166074,-0.0313868092312961,0.104659410112334,0.376609539203946,6503.09544778524,0.99931694496623,NA,791,NA,NA,FALSE,FALSE
"a_spqrt[792]",0.0240154795880979,0.00246481147963691,0.19506767746836,-0.356968033825677,-0.104018445980727,0.0227846878689712,0.151968708704742,0.420608940420074,6263.29994610673,0.999230629465845,NA,792,NA,NA,FALSE,FALSE
"a_spqrt[793]",-0.0265337537424191,0.00234236505198957,0.198109668890601,-0.419410195181163,-0.158481934331783,-0.0278441788746166,0.112461376940554,0.349092702980112,7153.22992487483,0.999347269200424,NA,793,NA,NA,FALSE,FALSE
"a_spqrt[794]",-0.0920511796581112,0.00254106858256746,0.203426892001341,-0.501317358611659,-0.223464962822021,-0.0879856549228508,0.0419520691442967,0.304816570519867,6408.90677742205,0.999695538910028,NA,794,NA,NA,FALSE,FALSE
"a_spqrt[795]",-0.0214017304403683,0.00228643243384236,0.198683884033852,-0.406580614913905,-0.149897869143521,-0.0214229268585633,0.108082748282638,0.376504664910279,7551.07073352455,0.998792195996145,NA,795,NA,NA,FALSE,FALSE
"a_spqrt[796]",-0.00926038532324406,0.00196338330179417,0.191812595980817,-0.389626781713391,-0.134778326532567,-0.00616184895074645,0.115834937587911,0.365123117380678,9544.29952174667,0.998947231535484,NA,796,NA,NA,FALSE,FALSE
"a_spqrt[797]",-0.0597327853877219,0.00280496814889013,0.191375395213379,-0.439371995869049,-0.183478648024633,-0.0577756567827621,0.0693793325203571,0.304892415770385,4654.96406777243,0.9991329420395,NA,797,NA,NA,FALSE,FALSE
"a_spqrt[798]",-0.113051633396432,0.00260013558444394,0.190162110637952,-0.501674664423075,-0.236196889307685,-0.110636435243326,0.0178894249882952,0.249814908746949,5348.79543106373,1.00024140926631,NA,798,NA,NA,FALSE,FALSE
"a_spqrt[799]",0.0446943666922492,0.0023399898862651,0.197826783438956,-0.34036671883326,-0.0903988076386876,0.0393757879194421,0.178474865070302,0.431451581807832,7147.3034084363,0.999065063983256,NA,799,NA,NA,FALSE,FALSE
"a_spqrt[800]",0.00273357955447948,0.00248037027679659,0.199048431882855,-0.389093554023703,-0.127762002515278,-0.000824395656477199,0.133228783524185,0.400906449786781,6439.97949079574,0.999028092809841,NA,800,NA,NA,FALSE,FALSE
"a_spqrt[801]",-0.044966479381258,0.0022333611579634,0.201925780119424,-0.445131689187148,-0.177462273234617,-0.0411297547434196,0.0872177974510242,0.344605275476376,8174.58325581264,0.999039107403935,NA,801,NA,NA,FALSE,FALSE
"a_spqrt[802]",-0.0309758828960568,0.00248312805052626,0.198757597361832,-0.423424921079569,-0.162175157287966,-0.0296008008486332,0.100324350078547,0.365649312407846,6406.91916486949,0.998867067350322,NA,802,NA,NA,FALSE,FALSE
"a_spqrt[803]",-0.00718552526935645,0.00248647577663852,0.198139948330622,-0.395556195316575,-0.134964885508239,-0.00724359642823435,0.126162409861501,0.369276707202125,6350.02778328355,0.9999965711533,NA,803,NA,NA,FALSE,FALSE
"a_spqrt[804]",0.0304903461842503,0.00247534382883112,0.195436125351165,-0.351065404017301,-0.0962056147476668,0.0272473664458198,0.154722284451427,0.436889151674554,6233.59560377842,0.999596221577168,NA,804,NA,NA,FALSE,FALSE
"a_spqrt[805]",0.05037215457187,0.00249424630226716,0.195146298160192,-0.329942438340314,-0.0763359889995088,0.0512529729247593,0.172770194593756,0.434312514512983,6121.27598388926,0.999398928856989,NA,805,NA,NA,FALSE,FALSE
"a_spqrt[806]",0.0190164541961984,0.00257238257065253,0.20413621902784,-0.384362037364246,-0.11309772919617,0.0193862723545429,0.152564125016647,0.42486252307095,6297.5121855271,1.00056903177432,NA,806,NA,NA,FALSE,FALSE
"a_spqrt[807]",0.0343821625261291,0.00247144437067364,0.198265749083156,-0.360483343526605,-0.100733334114258,0.0338072648701919,0.163078865306616,0.42610984143289,6435.66918056856,0.999179961238772,NA,807,NA,NA,FALSE,FALSE
"a_spqrt[808]",-0.0267189559706385,0.00268693754724638,0.194306364381381,-0.427043357573129,-0.153512800281394,-0.025829724811388,0.0989636935986274,0.347918543947371,5229.48482800311,0.999479653509517,NA,808,NA,NA,FALSE,FALSE
"a_spqrt[809]",0.00127451967407469,0.00266907958803463,0.210984311794855,-0.419353181894033,-0.136035507977461,-0.0022998240397303,0.139676440197522,0.415950195160153,6248.5216531768,0.999906601583636,NA,809,NA,NA,FALSE,FALSE
"a_spqrt[810]",0.0960633202986709,0.00248264263671973,0.207146721426369,-0.312666230772993,-0.0453661385809756,0.0953149759337653,0.231272104830021,0.499205349270471,6961.8988427174,0.999179274758699,NA,810,NA,NA,FALSE,FALSE
"a_spqrt[811]",-0.0353900220163597,0.00247285091503688,0.203007847090217,-0.446774105729648,-0.167301378648758,-0.0306838020718984,0.100662478402954,0.371735804789741,6739.53266864928,0.999573948443264,NA,811,NA,NA,FALSE,FALSE
"a_spqrt[812]",-0.00718965527379303,0.00260892868103649,0.198024423094675,-0.401756693622561,-0.137992124247994,-0.00594768027192112,0.120796951025053,0.394212754511104,5761.20195136615,0.999764133590643,NA,812,NA,NA,FALSE,FALSE
"a_spqrt[813]",-0.0247187205142428,0.00242419008523961,0.202747235770493,-0.427844408743851,-0.157364850560642,-0.0217660538791095,0.108924597275228,0.370654056793882,6994.81998644934,0.999356417092845,NA,813,NA,NA,FALSE,FALSE
"a_spqrt[814]",0.158956497162305,0.00301731629867163,0.212560754626411,-0.242876943257552,0.0155227160916362,0.152517701530377,0.292179336126304,0.594548609268061,4962.77389431033,0.999335741404106,NA,814,NA,NA,FALSE,FALSE
"a_spqrt[815]",0.0370359465067593,0.00233794042023455,0.198609376861301,-0.355219415785189,-0.0930474086085027,0.0351423459588837,0.169007850683984,0.437931787425568,7216.59974565757,0.999573002174441,NA,815,NA,NA,FALSE,FALSE
"a_spqrt[816]",0.00343454732684866,0.00248446253382955,0.206038147419418,-0.400880757629186,-0.128528945309374,0.0050156288144848,0.132175996648028,0.395679939640345,6877.49635370584,0.99946260101455,NA,816,NA,NA,FALSE,FALSE
"a_spqrt[817]",0.246369438468923,0.00383770304672385,0.210490306594306,-0.141512383904876,0.0999797373814715,0.233821121252979,0.382210574672876,0.672441653199403,3008.30224327419,0.999635961318762,NA,817,NA,NA,FALSE,FALSE
"a_spqrt[818]",-0.0272519444314851,0.00232951825793732,0.201148827109708,-0.428757018161294,-0.158586108389664,-0.023959529826554,0.104628515801005,0.37171391485863,7455.94630688184,0.999251769812906,NA,818,NA,NA,FALSE,FALSE
"a_spqrt[819]",0.00271611522430229,0.00219251818832982,0.196096506696698,-0.378176898880916,-0.124844624475797,-0.00125154785788581,0.131932064225705,0.386279379918245,7999.32431480938,0.998980266685713,NA,819,NA,NA,FALSE,FALSE
"a_spqrt[820]",0.0589434474233561,0.00263764286102083,0.200423772741125,-0.326941815318196,-0.0742933888457108,0.0562625695137978,0.190646369467151,0.466298875144503,5773.86311007378,0.999284981830574,NA,820,NA,NA,FALSE,FALSE
"a_spqrt[821]",0.0027984138597144,0.00238452512193463,0.205102574146295,-0.397356551281374,-0.135630427263353,0.00260600814489775,0.140158577521972,0.410705268620297,7398.41038254061,0.999291055631896,NA,821,NA,NA,FALSE,FALSE
"a_spqrt[822]",0.0702750843232747,0.00274779042398809,0.201775465891007,-0.312647948135197,-0.0656409669144842,0.0695407286812552,0.200878158071866,0.464396427599429,5392.24363059184,0.999408013022043,NA,822,NA,NA,FALSE,FALSE
"a_spqrt[823]",0.064732371950532,0.00271802269757858,0.201336892533498,-0.3239313175992,-0.0654462698583086,0.057974844414822,0.199685571205683,0.47036386381118,5487.07080684548,0.999393137254095,NA,823,NA,NA,FALSE,FALSE
"a_spqrt[824]",0.00795525563491174,0.00223653044207857,0.178946782530506,-0.342797154739872,-0.107058609475301,0.00599133712297622,0.12699841565106,0.359420999894213,6401.74189952811,0.999374927939001,NA,824,NA,NA,FALSE,FALSE
"a_spqrt[825]",-0.25323619250417,0.00338927755667447,0.190427976479345,-0.652856696296995,-0.378053631228612,-0.24649059415866,-0.121273042159927,0.0900508739723804,3156.80120377767,1.00065255156435,NA,825,NA,NA,FALSE,FALSE
"a_spqrt[826]",-0.173288950685302,0.00271483402571067,0.18431572393811,-0.542611244034324,-0.296475621128492,-0.171642026210811,-0.0466557161525249,0.172292263152253,4609.33428054136,0.999141231456572,NA,826,NA,NA,FALSE,FALSE
"a_spqrt[827]",0.0184639858504815,0.00210376712037662,0.184622742325819,-0.3404518865351,-0.103726481362258,0.0173193158685741,0.138895115251513,0.390031356633782,7701.49554537778,0.9991829486238,NA,827,NA,NA,FALSE,FALSE
"a_spqrt[828]",0.00586631506118074,0.00254309418571663,0.189984019311852,-0.368698685174128,-0.114531198160438,0.000793094770756975,0.128437251239181,0.378826016017716,5580.96440833285,0.999385902566833,NA,828,NA,NA,FALSE,FALSE
"a_spqrt[829]",-0.124133420961892,0.00282826961896997,0.205431905697678,-0.537503980428481,-0.258424985869404,-0.117696973129497,0.0103902829874888,0.277187914456414,5275.87106017272,1.00021884399169,NA,829,NA,NA,FALSE,FALSE
"a_spqrt[830]",0.00525849496540282,0.00270495355115077,0.194851230474062,-0.373601089942535,-0.127330485789033,0.00323020623481091,0.137883637782378,0.383368563697024,5189.0359743142,0.999263332701175,NA,830,NA,NA,FALSE,FALSE
"a_spqrt[831]",-0.0558117844524044,0.00264036904483443,0.193320151631727,-0.452078147316121,-0.179155446886034,-0.0553745097141034,0.0708922893001773,0.321425134511643,5360.74302469815,1.00002905023086,NA,831,NA,NA,FALSE,FALSE
"a_spqrt[832]",-0.0682412534708776,0.00277114530595234,0.186705146938002,-0.448428538348109,-0.189645520736868,-0.0649637028889007,0.0602693451746858,0.287462140629463,4539.35327777149,0.999046504769747,NA,832,NA,NA,FALSE,FALSE
"a_spqrt[833]",0.0547360832078177,0.00250314857010539,0.195591538093027,-0.328555953950733,-0.0787190430044275,0.0523291322834565,0.186861314885636,0.451897381225649,6105.57920402965,0.999105697109604,NA,833,NA,NA,FALSE,FALSE
"a_spqrt[834]",-0.0171922138730278,0.00225273441690977,0.183416469416561,-0.387350848651134,-0.140124003046228,-0.0135293624098855,0.102132681925206,0.345195535572089,6629.1320569692,0.998996573986939,NA,834,NA,NA,FALSE,FALSE
"a_spqrt[835]",0.00471393000651616,0.00247418030678638,0.203163471300376,-0.392706071602756,-0.128604965096744,0.00564093976507401,0.14049222254677,0.411753015464612,6742.61803289948,0.998922675322174,NA,835,NA,NA,FALSE,FALSE
"a_spqrt[836]",-0.000647211804810501,0.00247168456927238,0.20174840330515,-0.39420671664807,-0.130875361076887,0.00143396233019124,0.130459301586179,0.396388699119642,6662.45241166801,0.99896454833295,NA,836,NA,NA,FALSE,FALSE
"a_spqrt[837]",0.0020450490593324,0.00266424250291685,0.202701753908858,-0.41575275170841,-0.125155466656444,0.00294115050076825,0.133850881851479,0.398255815583555,5788.51960187841,0.999507802015348,NA,837,NA,NA,FALSE,FALSE
"a_spqrt[838]",0.308599966010467,0.00434048526149229,0.218538201960966,-0.0775108201804422,0.157746208419033,0.297722031313266,0.449552111271669,0.756278831508883,2535.00114239829,1.00142390268856,NA,838,NA,NA,FALSE,FALSE
"a_spqrt[839]",0.0496174338994727,0.00251831140422185,0.206050390283018,-0.345264481892213,-0.0873317554057525,0.0462923892622608,0.192456914167407,0.458495843675652,6694.65218513574,0.998993830572468,NA,839,NA,NA,FALSE,FALSE
"a_spqrt[840]",-0.162548451579898,0.00280203154266905,0.195894550436539,-0.57138845049579,-0.291760467378401,-0.157143613915382,-0.0259933846649491,0.209100913073134,4887.63391228772,0.999138023835857,NA,840,NA,NA,FALSE,FALSE
"a_spqrt[841]",0.000771780524793832,0.00229753112866577,0.195090136582773,-0.394885387409088,-0.125853013231116,-0.00183988020337382,0.123521434590967,0.408859890147354,7210.20839256369,0.998908939748245,NA,841,NA,NA,FALSE,FALSE
"a_spqrt[842]",-0.43906357045984,0.00481560990145363,0.192701486636724,-0.840843588348509,-0.566563626594231,-0.433504335121835,-0.307922552063658,-0.0780164371358795,1601.28093440193,1.00106226325668,NA,842,NA,NA,FALSE,TRUE
"a_spqrt[843]",-0.842694711418754,0.00945641541178293,0.288570245676404,-1.43901600545914,-1.03144535236998,-0.829619225004011,-0.643772445540745,-0.303177865261796,931.215109730688,1.00455983404973,NA,843,NA,NA,FALSE,TRUE
"a_spqrt[844]",-0.1469778163968,0.00271554412906283,0.181255856415324,-0.505932222794954,-0.266007576400657,-0.144547123467286,-0.0250165613843521,0.209374950912581,4455.23242653931,0.999454743340562,NA,844,NA,NA,FALSE,FALSE
"a_spqrt[845]",-0.225071184264854,0.00309943782831158,0.194815093960503,-0.618629318287869,-0.349654065826025,-0.217586888374551,-0.0947046766136647,0.139941545690096,3950.74815593938,1.00003883911221,NA,845,NA,NA,FALSE,FALSE
"a_spqrt[846]",0.015099420140556,0.00235048092262616,0.192674943408115,-0.357063464572635,-0.107277494790283,0.0169670341021547,0.139871014656621,0.398324564317458,6719.50093816438,0.999032461192819,NA,846,NA,NA,FALSE,FALSE
"a_spqrt[847]",0.127886574141113,0.00302538386865416,0.204746206130515,-0.2513103435582,-0.0147055932810381,0.124490556332639,0.266127122941207,0.547117327703134,4580.05562507727,0.999282756108339,NA,847,NA,NA,FALSE,FALSE
"a_spqrt[848]",0.126594823866227,0.00284615079919632,0.200869713270243,-0.258705451891677,-0.00659214829328387,0.120980187252494,0.254872765272052,0.540820687862715,4980.96059088141,0.999334082418757,NA,848,NA,NA,FALSE,FALSE
"a_spqrt[849]",-0.330042103295383,0.00461424476035683,0.22533389691002,-0.807772677497705,-0.472577704708495,-0.317016966893123,-0.169992153981162,0.0700567917727342,2384.79910140905,1.00102739490602,NA,849,NA,NA,FALSE,FALSE
"a_spqrt[850]",0.0448087385910204,0.00248576513224903,0.205757066540473,-0.353231576341051,-0.0873394081510587,0.0363792581274487,0.170957268977663,0.468612083752447,6851.55795148605,0.999073426081374,NA,850,NA,NA,FALSE,FALSE
"a_spqrt[851]",-0.0138999748539092,0.00275541573588788,0.198953156547497,-0.4104937918023,-0.142641032567297,-0.0144799800820548,0.116267001740101,0.378289016752705,5213.4762486775,1.00044386721507,NA,851,NA,NA,FALSE,FALSE
"a_spqrt[852]",-0.144120753410547,0.00306734301535964,0.203429906793072,-0.550179154151098,-0.279322216708578,-0.139562057309837,-0.00477003722149686,0.235960985031837,4398.50317821654,1.00054129743788,NA,852,NA,NA,FALSE,FALSE
"a_spqrt[853]",-0.0955432382113029,0.00341631976498846,0.203585691232154,-0.520662537910406,-0.227951495118192,-0.0847553573397295,0.0396841659506834,0.295203862006028,3551.21915567373,0.999885324800616,NA,853,NA,NA,FALSE,FALSE
"a_spqrt[854]",-0.046320053359013,0.00205251131290833,0.182550649272342,-0.431832899978523,-0.162403551578822,-0.0412332725922207,0.0776316093029574,0.309115789798317,7910.34900160158,0.999406500818862,NA,854,NA,NA,FALSE,FALSE
"a_spqrt[855]",0.0356801231196783,0.00233632876115414,0.187622334068406,-0.334150949489007,-0.084989560840741,0.0354747879602487,0.15897016663821,0.412205809416882,6449.13039570367,0.999691862520987,NA,855,NA,NA,FALSE,FALSE
"a_spqrt[856]",0.0332870004651047,0.00275586150209922,0.192435804388432,-0.348373375448823,-0.0953523017731832,0.0368760498533124,0.158200952459257,0.413409562804493,4875.92462204686,0.999328469911005,NA,856,NA,NA,FALSE,FALSE
"a_spqrt[857]",-0.0282341213333746,0.0024485197766444,0.197914029429926,-0.4228287098292,-0.155358755261114,-0.0290673015061897,0.100093983306683,0.366807832459028,6533.50051247767,0.999630244156418,NA,857,NA,NA,FALSE,FALSE
"a_spqrt[858]",-0.0255284093672448,0.00268686551806115,0.205391359406166,-0.44347889985707,-0.158854391428991,-0.0246781106283263,0.10467585964399,0.39024921574198,5843.4923390462,1.00004116908343,NA,858,NA,NA,FALSE,FALSE
"a_spqrt[859]",0.0356095777243043,0.00277282458735315,0.208166656950907,-0.374877297469443,-0.0976221825349474,0.0336939352181029,0.170824541106656,0.457642701196687,5636.08510917927,0.999326974349112,NA,859,NA,NA,FALSE,FALSE
"a_spqrt[860]",0.0436993047900951,0.00286170453892328,0.190262637059986,-0.330267993983956,-0.0836696128685013,0.0438916644264559,0.164759944933847,0.416164664686645,4420.3579506331,1.00002620051715,NA,860,NA,NA,FALSE,FALSE
"a_spqrt[861]",-0.0244722521660252,0.00238250245679575,0.192824243320392,-0.410375558444206,-0.150154753004029,-0.0228198848835724,0.100591242626759,0.356217768765263,6550.2301132731,0.99929002818807,NA,861,NA,NA,FALSE,FALSE
"a_spqrt[862]",0.00227233257581161,0.00290170933170557,0.194680926764188,-0.375588052714367,-0.126475375401611,0.00209276156327978,0.127706156182985,0.389481563201953,4501.31076589248,0.998910827208869,NA,862,NA,NA,FALSE,FALSE
"a_spqrt[863]",0.00583676382288438,0.0021431050796452,0.201088117819052,-0.384906556886748,-0.131733228940289,0.00355499905003055,0.139735819977123,0.401056463737726,8804.11865388394,0.998948541029589,NA,863,NA,NA,FALSE,FALSE
"a_spqrt[864]",0.00825183644342713,0.00256086889293742,0.195589330640491,-0.377957616613513,-0.119086318927264,0.00658388889759404,0.13643167110913,0.389139236099889,5833.31771699962,0.999308498467427,NA,864,NA,NA,FALSE,FALSE
"a_spqrt[865]",0.0503593522811621,0.00290055740599656,0.210430708352681,-0.351075576224207,-0.0960078305420246,0.0448720661471466,0.192348878200821,0.46711260203908,5263.26581238289,0.999662189096296,NA,865,NA,NA,FALSE,FALSE
"a_spqrt[866]",-0.0392174283921491,0.0023994988318868,0.197817319252793,-0.428817020527514,-0.165077118806565,-0.0395353976534324,0.0929793425791107,0.347028378148756,6796.5347014493,0.999511049612336,NA,866,NA,NA,FALSE,FALSE
"a_spqrt[867]",-0.0472104365326218,0.00244306375265163,0.193398288481529,-0.439559378456742,-0.177203338806962,-0.0452348475846862,0.0772503856287705,0.330446337627812,6266.65307163951,0.999186361602258,NA,867,NA,NA,FALSE,FALSE
"a_spqrt[868]",-0.0218928971811444,0.0024218065843067,0.201043332760919,-0.429741587613873,-0.151148968117135,-0.020285192488461,0.10849516246616,0.364973416523371,6891.28861380725,0.999229095429169,NA,868,NA,NA,FALSE,FALSE
"a_spqrt[869]",0.0503086151502101,0.00243241684793636,0.189818691700755,-0.321082226071156,-0.0773823957617824,0.0473386636401262,0.173792121186285,0.428931608367552,6089.78479910378,0.999650709045057,NA,869,NA,NA,FALSE,FALSE
"a_spqrt[870]",0.0149923392026304,0.00243953831074109,0.1918881342584,-0.362567267738564,-0.118230017894228,0.0177273548723428,0.139318296856325,0.395338008189823,6187.01195208689,0.999858280825247,NA,870,NA,NA,FALSE,FALSE
"a_spqrt[871]",0.00353946196827096,0.00248348908940171,0.200441914094412,-0.396121687559379,-0.124510969863213,0.00786485233901738,0.130711327557793,0.400740818658973,6514.07223115166,0.99935201633047,NA,871,NA,NA,FALSE,FALSE
"a_spqrt[872]",-0.0616777720849509,0.00223266279595149,0.181820514483615,-0.418645170353833,-0.185813220711358,-0.0607990978329546,0.0629107855566423,0.287375449801112,6631.92327994097,1.00020130703184,NA,872,NA,NA,FALSE,FALSE
"a_spqrt[873]",-0.00433601950104114,0.00218171489414585,0.180513737355621,-0.366597956911162,-0.125195429240983,-0.00425363868551533,0.1151265679755,0.359328138747726,6845.80497830273,0.998786206263629,NA,873,NA,NA,FALSE,FALSE
"a_spqrt[874]",-0.0514672010102095,0.00248887350126542,0.182525467910422,-0.412448634349558,-0.174037905844146,-0.0506846013536323,0.0701106951491653,0.305244431833893,5378.25380550739,1.00032493443736,NA,874,NA,NA,FALSE,FALSE
"a_spqrt[875]",0.000935807834806541,0.00221116497967238,0.18125250125261,-0.358210112172841,-0.118709143304044,0.00127518831019495,0.120853814214701,0.36784959225026,6719.32615396126,0.999159429360594,NA,875,NA,NA,FALSE,FALSE
"a_spqrt[876]",-0.0401027105000437,0.00226026834440183,0.190779115244587,-0.425744185648175,-0.159498278752091,-0.0391544042915227,0.0794662250092878,0.340004635969712,7124.29108170065,0.999734269491349,NA,876,NA,NA,FALSE,FALSE
"a_spqrt[877]",-0.0509557276018496,0.0024896582024454,0.194211790897002,-0.442178534391,-0.178732524327946,-0.0483964170599012,0.0800436942528411,0.319734614657559,6085.15618654674,0.999144573533621,NA,877,NA,NA,FALSE,FALSE
"a_spqrt[878]",-0.0337328399316531,0.00238201375505416,0.200314713803502,-0.441922477356941,-0.161430818582855,-0.0294340551319114,0.0999930421670023,0.347543539386524,7071.9172742924,0.999087175507962,NA,878,NA,NA,FALSE,FALSE
"a_spqrt[879]",-0.0275605029169849,0.00265758621864272,0.201700570360446,-0.42371296958705,-0.154169913670133,-0.023456304166261,0.111350506582732,0.359683734272973,5760.22604589087,0.999375390291809,NA,879,NA,NA,FALSE,FALSE
"a_spqrt[880]",0.00992358850941347,0.00214589848040713,0.184624209583815,-0.365614367452194,-0.114332840878307,0.0137876279359708,0.131744581425357,0.370051064397659,7402.16827171232,0.999437190344911,NA,880,NA,NA,FALSE,FALSE
"a_spqrt[881]",-0.0635099691489083,0.0023952988762657,0.189000033753521,-0.436493807529223,-0.18637674943698,-0.0631667304855627,0.0605449610856349,0.308521689116781,6225.93155561303,1.00003887903653,NA,881,NA,NA,FALSE,FALSE
"a_spqrt[882]",-0.0236802832378839,0.00222721056473343,0.191629754061624,-0.397847445544463,-0.153273909445427,-0.0221643636485517,0.109265227731611,0.336674749509021,7402.92464087083,0.999118660560579,NA,882,NA,NA,FALSE,FALSE
"a_spqrt[883]",-0.0291067666069061,0.00218807254707188,0.177357918992656,-0.385640314863712,-0.142684844342587,-0.0283446494099838,0.0867596503911427,0.328848527103964,6570.18705652038,0.999800460803128,NA,883,NA,NA,FALSE,FALSE
"a_spqrt[884]",-0.00701074975686087,0.00261594987065211,0.204860423426661,-0.412147744363158,-0.142761684538144,-0.00589615005170832,0.131525462688251,0.383016432964806,6132.77875336786,0.99992006714196,NA,884,NA,NA,FALSE,FALSE
"a_spqrt[885]",0.0275332755819379,0.00271082456480573,0.20167144105106,-0.359936596762962,-0.108235278594831,0.0237448988606703,0.160572612182666,0.421658552909911,5534.59668009566,0.999090407515127,NA,885,NA,NA,FALSE,FALSE
"a_spqrt[886]",-0.0228156527432261,0.00264750928140417,0.203252650702619,-0.41482862199183,-0.15598076525303,-0.0319065599693206,0.11061164228506,0.386135148757737,5893.82794568993,0.999550971797806,NA,886,NA,NA,FALSE,FALSE
"a_spqrt[887]",-0.0330812702950824,0.00247358680191575,0.197468027672779,-0.419217188249666,-0.160838355098541,-0.0355325001546204,0.0958727475746048,0.349162765227408,6372.93173991142,0.999004107152185,NA,887,NA,NA,FALSE,FALSE
"a_spqrt[888]",-0.0764754362404403,0.00250674007481644,0.197473509223265,-0.46685701710412,-0.203976890770838,-0.0746179291480228,0.0523701857695273,0.298928240867068,6205.81864216291,0.999954054757007,NA,888,NA,NA,FALSE,FALSE
"a_spqrt[889]",0.00794706037765878,0.00237838875372637,0.186738518853941,-0.369209049105908,-0.112404495015358,0.00724156048382493,0.129628693494243,0.387318391456582,6164.56071554793,0.999014742995704,NA,889,NA,NA,FALSE,FALSE
"a_spqrt[890]",-0.00498592382464791,0.00240337818837115,0.202397185712896,-0.408527372697645,-0.13777411185698,-0.00444363335773553,0.12576608166335,0.399327748047151,7091.93437103688,0.999121068308098,NA,890,NA,NA,FALSE,FALSE
"a_spqrt[891]",0.0390021527964285,0.00247453393784029,0.198949822790835,-0.359529571349198,-0.0892602052679819,0.0346855713560248,0.164772752583795,0.443978986734316,6463.9841723309,0.999303940808725,NA,891,NA,NA,FALSE,FALSE
"a_spqrt[892]",-0.00114893072460385,0.00262975687987459,0.200098868699756,-0.398271734314216,-0.133720147443369,0.000361866697704467,0.127034297464658,0.385730070265893,5789.72673942445,0.999197296695654,NA,892,NA,NA,FALSE,FALSE
"a_spqrt[893]",-0.0252260266623485,0.00264628607280655,0.197441660992423,-0.4207801645592,-0.155643959152021,-0.0272989979458166,0.104061211454767,0.367063610949338,5566.77937514205,0.999264329656765,NA,893,NA,NA,FALSE,FALSE
"a_spqrt[894]",-0.00728172912406786,0.00220509939287037,0.184895856762469,-0.374728115212856,-0.135879681910708,-0.00573410538613281,0.117763221909905,0.353691074493691,7030.6911354726,0.999310393574061,NA,894,NA,NA,FALSE,FALSE
"a_spqrt[895]",-0.0263990844668796,0.00236349716848694,0.185451004506448,-0.394711455882404,-0.151821074479261,-0.0275359732738643,0.0999897331300741,0.331762426649159,6156.70305284598,0.999330230134685,NA,895,NA,NA,FALSE,FALSE
"a_spqrt[896]",-0.0412927268160025,0.00281457728373405,0.195185272254422,-0.431081590145831,-0.172597777398132,-0.0350735961927312,0.0928737626159344,0.334613338892752,4809.14346709391,0.999982694403261,NA,896,NA,NA,FALSE,FALSE
"a_spqrt[897]",-0.0767602111826644,0.00251927414210353,0.199826203514464,-0.490712258627369,-0.207832020001812,-0.0705910447336774,0.053772749910226,0.307877869986814,6291.49732782278,1.00008543583499,NA,897,NA,NA,FALSE,FALSE
"a_spqrt[898]",0.00284600798813129,0.00253811044333758,0.199306470015627,-0.382612021244302,-0.129608604264259,0.0025232408463681,0.138910009271293,0.386478382744737,6166.25900125253,0.999471245329055,NA,898,NA,NA,FALSE,FALSE
"a_spqrt[899]",0.013700268043359,0.00276771765653922,0.211319903017131,-0.404461594059607,-0.12543054708159,0.0130162139686941,0.151103890282379,0.424368737811039,5829.5796001913,0.999360359702685,NA,899,NA,NA,FALSE,FALSE
"a_spqrt[900]",0.00765704112409684,0.00242518927599731,0.192926346712912,-0.366501377560696,-0.122523539907299,0.00383020462125991,0.135385117936629,0.393428275702991,6328.36912039923,0.999938219144967,NA,900,NA,NA,FALSE,FALSE
"a_spqrt[901]",0.0000686779663172014,0.00288373146186283,0.211813614651425,-0.417673592399423,-0.143783997934671,0.000794293822429011,0.1434030913077,0.4074264614061,5395.0827701739,0.998953445858856,NA,901,NA,NA,FALSE,FALSE
"a_spqrt[902]",-0.0126348047346595,0.00244085753446088,0.196689434092919,-0.410534988189072,-0.135054290859043,-0.0106184941775326,0.114787771493029,0.388802504743308,6493.47537954195,0.998911586861416,NA,902,NA,NA,FALSE,FALSE
"a_spqrt[903]",0.00642630055326374,0.0027045312148068,0.204836610559641,-0.398293066008938,-0.122797790901312,0.00435701571205192,0.138698484196608,0.408357277586456,5736.2908739902,0.998977523823236,NA,903,NA,NA,FALSE,FALSE
"a_spqrt[904]",0.0041677403155735,0.00270555568953538,0.207473048665598,-0.394660987348643,-0.134605452467023,0.00380212645450076,0.143206362580776,0.412409525880571,5880.44810984698,0.999214668809232,NA,904,NA,NA,FALSE,FALSE
"a_spqrt[905]",0.0217709849968026,0.00220206480919597,0.192922240683282,-0.354228577443722,-0.103040388321647,0.0235387021999929,0.144709220279591,0.395883715027613,7675.45980216822,0.999365882167639,NA,905,NA,NA,FALSE,FALSE
"a_spqrt[906]",0.0178210626884183,0.00291040989415859,0.207053370324558,-0.397000874260598,-0.114148433386761,0.0155864765666837,0.14689339182627,0.441352883955649,5061.23254531818,1.00013812161181,NA,906,NA,NA,FALSE,FALSE
"a_spqrt[907]",-0.0210127194168042,0.00258105034947995,0.202308525227023,-0.407540169564023,-0.153484637376312,-0.0232400374278085,0.107879286312814,0.374885132888478,6143.77659706938,0.9992066640621,NA,907,NA,NA,FALSE,FALSE
"a_spqrt[908]",-0.0491381050717769,0.00225717354269291,0.197049214274355,-0.448465634790901,-0.177442822307348,-0.0515859661993394,0.080145104087644,0.339843928565084,7621.13250912277,0.998956549618926,NA,908,NA,NA,FALSE,FALSE
"a_spqrt[909]",-0.01434544933905,0.00233054246932423,0.209858596658605,-0.432839947049392,-0.15681693243091,-0.0131045789841561,0.126093140392199,0.392998906211177,8108.48067195005,0.999175484012559,NA,909,NA,NA,FALSE,FALSE
"a_spqrt[910]",0.043318673202212,0.00261405275722698,0.205057524055855,-0.3591754749442,-0.088643248501051,0.0395525483510626,0.180165474589871,0.456884355190493,6153.50732336232,0.999658370359404,NA,910,NA,NA,FALSE,FALSE
"a_spqrt[911]",0.0279243611738972,0.00231803146089632,0.181745886934867,-0.335071881905465,-0.0898820635229879,0.0274896262074906,0.149633402300304,0.390483891618371,6147.38665971978,0.99982443798493,NA,911,NA,NA,FALSE,FALSE
"a_spqrt[912]",0.0326690396886241,0.00206137033015129,0.178133523035532,-0.311147961390733,-0.0809356215107774,0.0322156451102217,0.145629627198619,0.391337343168366,7467.56949279058,0.999098416467201,NA,912,NA,NA,FALSE,FALSE
"a_spqrt[913]",0.0470653498836481,0.00242071177062838,0.184031601571693,-0.314289671591363,-0.0774707333918615,0.0438958811164077,0.168151109900388,0.405279330789464,5779.61151247104,0.999919760655021,NA,913,NA,NA,FALSE,FALSE
"a_spqrt[914]",0.0735209765826908,0.00283522228379009,0.187725085777981,-0.280307670007492,-0.0553100715620877,0.0718970677335687,0.195538893157845,0.446233139695642,4383.99848769106,0.999076062666333,NA,914,NA,NA,FALSE,FALSE
"a_spqrt[915]",0.00410455096902707,0.00237843654029851,0.200205368986235,-0.390931886731305,-0.133261860795235,0.00245941980626326,0.138974997799445,0.39344329255876,7085.46411945115,0.999881893741412,NA,915,NA,NA,FALSE,FALSE
"a_spqrt[916]",0.0183341764441618,0.00242419409343921,0.192585412232222,-0.375599655117548,-0.108016256937635,0.0181923077844088,0.144584386607179,0.408274148037868,6311.20079252276,0.999514915992257,NA,916,NA,NA,FALSE,FALSE
"a_spqrt[917]",0.0333193341550255,0.00221013256798507,0.184683285641954,-0.331565617314247,-0.0858985295288794,0.0333954485022828,0.149980499791905,0.406072173068563,6982.62205973419,0.999543673183324,NA,917,NA,NA,FALSE,FALSE
"a_spqrt[918]",0.0646988673711522,0.00244387565886087,0.191186337579724,-0.324293264167115,-0.0586695635859663,0.0610993608666125,0.188129421710624,0.450869526689321,6120.05740835068,0.999559024982534,NA,918,NA,NA,FALSE,FALSE
"a_spqrt[919]",0.00565314681402784,0.00242609594363049,0.176366002238064,-0.352322054555666,-0.110731108780881,0.00951962935292297,0.124661750400645,0.338070428812424,5284.62041273281,0.999922733251148,NA,919,NA,NA,FALSE,FALSE
"a_spqrt[920]",0.0299629742188349,0.00248800534037952,0.204404813348545,-0.369418437234971,-0.109885341686369,0.0260667606660557,0.165558748612794,0.440588406970341,6749.6246221685,0.999525492825989,NA,920,NA,NA,FALSE,FALSE
"a_spqrt[921]",0.0233411281430672,0.00218155649028211,0.204608641198704,-0.364973319474988,-0.110966736951981,0.0202006096515724,0.153335991508563,0.438632849094841,8796.60347879865,0.999224968827854,NA,921,NA,NA,FALSE,FALSE
"a_spqrt[922]",-0.0023849734594517,0.00230552717163962,0.199639323452137,-0.393677695327317,-0.129931553589525,-0.00279914971798554,0.123101368593519,0.392692837004305,7498.10795607948,0.999259315957996,NA,922,NA,NA,FALSE,FALSE
"a_spqrt[923]",0.00520803530636997,0.00276227456668268,0.211419556013527,-0.417212529215174,-0.127718623515172,0.00635704789031877,0.137977774364753,0.419419835344589,5858.09787546208,0.999128038329095,NA,923,NA,NA,FALSE,FALSE
"a_spqrt[924]",-0.0164869876806638,0.00239337089318542,0.197919529666774,-0.412277522313159,-0.143102964360348,-0.0183819679917171,0.11198564854091,0.379495152449591,6838.4439286285,0.999244649191428,NA,924,NA,NA,FALSE,FALSE
"a_spqrt[925]",-0.0246489925037857,0.00233538054011011,0.202437543265406,-0.415623803897722,-0.158127583990085,-0.0228794297256671,0.111256107692275,0.366400177000704,7513.92407193406,0.999822821560916,NA,925,NA,NA,FALSE,FALSE
"a_spqrt[926]",-0.00952121108115463,0.00215353986411487,0.172351202405134,-0.344270828030123,-0.124786374295204,-0.0097560740188367,0.10805101216497,0.323926294257117,6405.05413079806,0.999111365408331,NA,926,NA,NA,FALSE,FALSE
"a_spqrt[927]",0.024837154741235,0.00213452894892148,0.183831383153822,-0.328503752869128,-0.0957973467177692,0.0209895322622399,0.141416781630736,0.39506462434668,7417.11839371291,0.998990601430741,NA,927,NA,NA,FALSE,FALSE
"a_spqrt[928]",-0.00891962237624708,0.00201463068649638,0.183107257220219,-0.38594207296715,-0.131953021720734,-0.00754501143082287,0.115016429204516,0.341525636570647,8260.76419199025,0.999250763729893,NA,928,NA,NA,FALSE,FALSE
"a_spqrt[929]",-0.0515722332961942,0.00209662505237501,0.182906553305295,-0.416368041563396,-0.171957536297707,-0.047328181502489,0.0683292009221615,0.298131620901762,7610.56659022334,0.999409157426315,NA,929,NA,NA,FALSE,FALSE
"a_spqrt[930]",0.0305338033300626,0.00220954979812386,0.19970564248385,-0.364445746220495,-0.0968058709934112,0.0295918376677346,0.159266767317646,0.427793208965474,8169.07875985868,0.99962712847345,NA,930,NA,NA,FALSE,FALSE
"a_spqrt[931]",0.00470863482216448,0.00225760329829836,0.199731878451945,-0.376468148875654,-0.126465202112286,0.00516112501775682,0.133339080021471,0.394098070920306,7827.07528664667,0.999207758368651,NA,931,NA,NA,FALSE,FALSE
"a_spqrt[932]",-0.00126431331046844,0.00248493548317994,0.198066181651985,-0.393107865353306,-0.128806754657673,-0.000132566929182557,0.127681220261589,0.386876375598958,6353.16922420517,0.999477211191238,NA,932,NA,NA,FALSE,FALSE
"a_spqrt[933]",0.0131256792770582,0.00266168010314308,0.195123829297969,-0.37225392813592,-0.114416602875374,0.0123017307086285,0.142664992601018,0.395857358829822,5374.13911687986,0.999097351309117,NA,933,NA,NA,FALSE,FALSE
"a_spqrt[934]",0.0121342208620013,0.00253558755740255,0.201327196885298,-0.392165948349198,-0.118836289281025,0.0111319607326597,0.146221118458864,0.410454658434855,6304.45675057485,0.999022424997148,NA,934,NA,NA,FALSE,FALSE
"a_spqrt[935]",0.0525912224226136,0.00274311918439684,0.205317362500925,-0.352520458171351,-0.0737160179506262,0.0522837436507586,0.18168927982596,0.458085070790929,5602.2437204149,0.999972908456531,NA,935,NA,NA,FALSE,FALSE
"a_spqrt[936]",0.0301858934314707,0.00296381011351931,0.200681349437536,-0.370416668126498,-0.102762842252087,0.0257249883279371,0.165365194511901,0.428767737656415,4584.72482074181,0.99911601634885,NA,936,NA,NA,FALSE,FALSE
"a_spqrt[937]",0.0199997475764947,0.00212191014660831,0.197960337073058,-0.374839491301545,-0.10872357416517,0.0165453088227589,0.150239254422481,0.418316556354454,8703.66947536929,0.999163465012689,NA,937,NA,NA,FALSE,FALSE
"a_spqrt[938]",-0.0147493450714985,0.00218821203788977,0.186585953021816,-0.380689111275214,-0.136916635023579,-0.0144641608663513,0.111737783277128,0.342715454119512,7270.74786616351,0.999623638530762,NA,938,NA,NA,FALSE,FALSE
"a_spqrt[939]",0.0198591853067394,0.00229878629315288,0.182709924203738,-0.344170882150262,-0.0983260849289773,0.0201827920362681,0.141957104141023,0.377853557744436,6317.23564246199,0.999237849579867,NA,939,NA,NA,FALSE,FALSE
"a_spqrt[940]",-0.00477618440555106,0.00224506396987907,0.196959732784588,-0.389369552741687,-0.134650333628318,-0.00281757231169789,0.121147972384219,0.383848886492467,7696.57405676911,0.999226147317192,NA,940,NA,NA,FALSE,FALSE
"a_spqrt[941]",0.00392850237249478,0.00251249351723846,0.191834279453213,-0.377439356877832,-0.120627532197421,0.00372480663470291,0.127474141536567,0.378675488041351,5829.65066077689,0.999556589083529,NA,941,NA,NA,FALSE,FALSE
"a_spqrt[942]",0.012215883094399,0.00262813938518075,0.202972658653716,-0.390999025094758,-0.119871401899421,0.0106433378134809,0.140291939007393,0.415054710576721,5964.5583504872,0.998842536711864,NA,942,NA,NA,FALSE,FALSE
"a_spqrt[943]",-0.0134681444245213,0.00280141632643938,0.218364200286759,-0.42506019229229,-0.16307846671272,-0.012848086548081,0.13304046844082,0.406770935307261,6075.85734099715,0.999337262036784,NA,943,NA,NA,FALSE,FALSE
"a_spqrt[944]",0.0266078553164555,0.00247839584735252,0.2049290502318,-0.384293070147905,-0.103689497609776,0.0261799573380161,0.158115005165229,0.431466072831258,6837.00203336011,0.99992328364361,NA,944,NA,NA,FALSE,FALSE
"a_spqrt[945]",0.0451801967197847,0.00227219030966033,0.199118618163119,-0.34488853913726,-0.0849575103468554,0.0425468324419212,0.17571992706922,0.441066641099268,7679.52454345318,0.999207064981043,NA,945,NA,NA,FALSE,FALSE
"a_spqrt[946]",0.00822377670046514,0.00245832541149065,0.200860708670877,-0.389675796544067,-0.128134403868458,0.00618687869213271,0.138316495456321,0.405651474149053,6675.92179303018,0.99901753093385,NA,946,NA,NA,FALSE,FALSE
"a_spqrt[947]",-0.0219048225294221,0.0027587958849045,0.212473801888738,-0.449204000263434,-0.159870203803921,-0.0187607751352035,0.114828916083157,0.394481618168674,5931.59702869115,1.00003565421192,NA,947,NA,NA,FALSE,FALSE
"a_spqrt[948]",-0.0451897727581962,0.00271659391461829,0.203888218017525,-0.446251624426571,-0.175642720379077,-0.0455038607441919,0.087870867858722,0.354396147076991,5632.93595305779,0.999096116464265,NA,948,NA,NA,FALSE,FALSE
"a_spqrt[949]",0.0139887194914253,0.00231454213817758,0.199094006572944,-0.37509429845232,-0.115541182187742,0.0126281437546813,0.138974212377151,0.422570264328321,7399.22423845535,0.99918525272452,NA,949,NA,NA,FALSE,FALSE
"a_spqrt[950]",-0.0332033717367205,0.00262223512139721,0.20227728287796,-0.436841744672174,-0.167058738469277,-0.0317059424245028,0.0957448492471603,0.3640954933905,5950.46579031964,0.999377532628451,NA,950,NA,NA,FALSE,FALSE
"a_spqrt[951]",0.0153390245854626,0.00239280666345251,0.19899633384613,-0.371955401030373,-0.112903084080881,0.0130873117743626,0.141152734692899,0.428863936677397,6916.31766120534,0.999279089217871,NA,951,NA,NA,FALSE,FALSE
"a_spqrt[952]",0.0388846307670174,0.00304209416303408,0.204787246585126,-0.361420454448237,-0.0943552418475505,0.0343714084231945,0.165842492073676,0.454824385638282,4531.69328410473,0.999327978415943,NA,952,NA,NA,FALSE,FALSE
"a_spqrt[953]",0.045276291983721,0.00217247866127008,0.205675851938402,-0.356214219421423,-0.0889394368530596,0.0398454226923885,0.177471631123465,0.45862928910649,8963.04487995116,0.99951214596843,NA,953,NA,NA,FALSE,FALSE
"a_spqrt[954]",-0.0150149888389857,0.00265876019398782,0.208156603056714,-0.429156877505802,-0.150695513860991,-0.0086746381726894,0.121224111793783,0.385224888886396,6129.45763678696,0.999764807821279,NA,954,NA,NA,FALSE,FALSE
"a_spqrt[955]",0.00345709386550088,0.00234741576076118,0.202530276408821,-0.403977136830614,-0.127068787713953,0.00365774262052554,0.132536635003699,0.419494272617696,7443.88882949734,0.999343587068738,NA,955,NA,NA,FALSE,FALSE
"a_spqrt[956]",0.00533503419724772,0.00257457362922096,0.19908837094393,-0.392305014828481,-0.123755492769887,0.00638370578300511,0.135314252923703,0.407161781221431,5979.72418788467,0.999195453903954,NA,956,NA,NA,FALSE,FALSE
"a_spqrt[957]",0.0179305227988106,0.00219235964896912,0.207163307232678,-0.396202075453881,-0.116369504540712,0.021167282596583,0.150509536852517,0.438795014734936,8928.98453922288,0.999194193973659,NA,957,NA,NA,FALSE,FALSE
"a_spqrt[958]",0.0242921081071206,0.00231332375369657,0.203403189669904,-0.381642141595921,-0.109347892525926,0.0220941815224091,0.156635119099707,0.439953416274917,7731.12479175075,0.999236218132922,NA,958,NA,NA,FALSE,FALSE
"a_spqrt[959]",0.00856070706484849,0.00239067815258288,0.198978546091629,-0.394402778377028,-0.121420777155907,0.0103012799709099,0.140104465986512,0.410667654859222,6927.400250449,0.999265141690592,NA,959,NA,NA,FALSE,FALSE
"a_spqrt[960]",-0.0379473208056959,0.00267993019121094,0.206940690680852,-0.452861096841085,-0.175338769270096,-0.0393113646400991,0.102495321655761,0.359319727178577,5962.72562568547,0.99953922221421,NA,960,NA,NA,FALSE,FALSE
"a_spqrt[961]",0.00130544761624468,0.00227961208432314,0.201706661509555,-0.401162337767976,-0.129512094702877,-0.00178591137918989,0.135178831533058,0.407964276589646,7829.22152851348,0.999732890464924,NA,961,NA,NA,FALSE,FALSE
"a_spqrt[962]",-0.0354885475041122,0.00261258269463278,0.209021061033688,-0.438823522357624,-0.174535832083469,-0.0342904127940076,0.104739293109408,0.373594806845564,6400.88470078554,0.999318445568856,NA,962,NA,NA,FALSE,FALSE
"a_spqrt[963]",-0.0739301588575698,0.00274424739506415,0.206549277562733,-0.491977059556315,-0.211557581940838,-0.0670441936940278,0.0668380907771722,0.325285033482355,5665.01206778005,0.999316354605699,NA,963,NA,NA,FALSE,FALSE
"a_spqrt[964]",0.0288075876341427,0.00231059017305457,0.174749753116145,-0.313941390117928,-0.0906976357295422,0.0296651637418707,0.145868606401676,0.372752553247606,5719.88500706951,0.999434050929891,NA,964,NA,NA,FALSE,FALSE
"a_spqrt[965]",0.0234504778600814,0.00249133827916225,0.188764239070288,-0.346342679359873,-0.100930353026423,0.0233954170728769,0.149113546077435,0.379846346446091,5740.82147347606,0.999520571708224,NA,965,NA,NA,FALSE,FALSE
"a_spqrt[966]",0.0368236466653399,0.00199914452267262,0.184478895470248,-0.330924585697521,-0.0844957643654736,0.0404154824927782,0.161123946435642,0.403374733333632,8515.39889118518,0.99888967095421,NA,966,NA,NA,FALSE,FALSE
"a_spqrt[967]",0.0750374191528437,0.00201738175236151,0.188635763367198,-0.285558887844419,-0.0574249407065898,0.072023233009801,0.20131861595153,0.444544637498499,8743.22976294022,0.999075268894497,NA,967,NA,NA,FALSE,FALSE
"a_spqrt[968]",0.146092368419869,0.00284961712218532,0.200808687119574,-0.225378168136504,0.00648507575680076,0.138012254610095,0.280477139975779,0.549252552306897,4965.83139953986,0.999308968575239,NA,968,NA,NA,FALSE,FALSE
"a_spqrt[969]",0.0194985353411359,0.00224857533162439,0.194560573355983,-0.355418828733267,-0.10688855076567,0.0189102763984691,0.144807829295337,0.401883024002698,7486.77516681889,0.999436748606474,NA,969,NA,NA,FALSE,FALSE
"a_spqrt[970]",-0.153589194455169,0.00351208799944713,0.207033317301308,-0.567190206148807,-0.291577894370564,-0.145922338433758,-0.0122690514608553,0.235519094716794,3474.95914961095,0.999856283413733,NA,970,NA,NA,FALSE,FALSE
"a_spqrt[971]",0.266921285010732,0.00410222025737468,0.223182175513257,-0.149920176911081,0.113272466502713,0.253401687967687,0.40587654791935,0.74960673047584,2959.92743069291,0.99998577755625,NA,971,NA,NA,FALSE,FALSE
"a_spqrt[972]",-0.0381510684565782,0.00229208610581006,0.188822132559499,-0.418691069007929,-0.16650485321338,-0.0383602626802055,0.0909479694973067,0.332008310561505,6786.4700903955,0.998965407815671,NA,972,NA,NA,FALSE,FALSE
"a_spqrt[973]",-0.10964483769078,0.00235077352651241,0.191358972343173,-0.503694401805338,-0.233764108974705,-0.11053751330558,0.018616884214233,0.265321445931003,6626.37603384953,0.999044827096337,NA,973,NA,NA,FALSE,FALSE
"a_spqrt[974]",0.0305075534583409,0.00237690048518265,0.187380973827915,-0.329799508994682,-0.0955996136696973,0.0306441917607651,0.154332647431652,0.400103935675024,6214.82615434908,0.998900824529492,NA,974,NA,NA,FALSE,FALSE
"a_spqrt[975]",0.00973451187469695,0.00241560122913466,0.184073526725473,-0.342709466373162,-0.111476357407632,0.00648733607664728,0.130816036133833,0.369786314338597,5806.73735055427,0.999373710375452,NA,975,NA,NA,FALSE,FALSE
"a_spqrt[976]",-0.00649905862628066,0.00271453095781708,0.206926972106966,-0.417852532264095,-0.143135292153362,-0.00757015379993116,0.131903206972441,0.393180858895257,5810.91613995876,0.998881584044725,NA,976,NA,NA,FALSE,FALSE
"a_spqrt[977]",-0.053561169709422,0.00303491071208521,0.211933591675174,-0.495705868910488,-0.186070651587255,-0.047513004368236,0.0793401575598517,0.368792351985231,4876.49473252283,0.999948940017362,NA,977,NA,NA,FALSE,FALSE
"a_spqrt[978]",-0.0783277890622403,0.00282142669237082,0.203883704531196,-0.507494931168413,-0.205750532433505,-0.0720860430086429,0.0549483845897151,0.309112630095506,5221.8872533886,0.999529102213611,NA,978,NA,NA,FALSE,FALSE
"a_spqrt[979]",-0.058319328515613,0.00276646828715821,0.208427180018929,-0.476093476123569,-0.194330041435199,-0.0584534157981952,0.0769297505282981,0.35690944051715,5676.19508138607,0.998953947156857,NA,979,NA,NA,FALSE,FALSE
"a_spqrt[980]",-0.00240286751463297,0.0025288813808878,0.207268143579032,-0.423373927177134,-0.135535794699637,-0.00321685330772876,0.126153326464529,0.415196709238279,6717.50807880356,0.999682365917665,NA,980,NA,NA,FALSE,FALSE
"a_spqrt[981]",0.00496769476524418,0.00238560490131663,0.194500386359122,-0.375286303056861,-0.122461892562716,0.00389678857966453,0.130980814019176,0.396635268229959,6647.27888590957,0.999349386446089,NA,981,NA,NA,FALSE,FALSE
"a_spqrt[982]",0.0206533013869752,0.0023753143276918,0.188797595112977,-0.360272663696884,-0.103285504301039,0.0207258036791633,0.143991432564276,0.391286090406838,6317.57984130848,0.999188794860109,NA,982,NA,NA,FALSE,FALSE
"a_spqrt[983]",0.0747136195343878,0.00209721533621897,0.167480295846554,-0.257875101368795,-0.0346859668615618,0.0723968774830103,0.185849021486226,0.406992026298269,6377.36668867422,0.999503426826545,NA,983,NA,NA,FALSE,FALSE
"a_spqrt[984]",0.0420834358146604,0.00194356731816539,0.181847684376969,-0.309601438128423,-0.0813529751769538,0.0395104070067223,0.160184896300489,0.405716875540064,8754.19820108873,0.999141032979958,NA,984,NA,NA,FALSE,FALSE
"a_spqrt[985]",-0.009195471407308,0.00210513965156585,0.178062239377061,-0.365955278987133,-0.1266244781032,-0.00728937350012076,0.107934522978256,0.338448167183943,7154.54202141218,0.999575749759471,NA,985,NA,NA,FALSE,FALSE
"a_spqrt[986]",0.029579729535116,0.00198650497619834,0.176132094289624,-0.309087341336666,-0.0896009339672662,0.0301170149370192,0.143009871652148,0.369559381185039,7861.35998055841,0.999107656177332,NA,986,NA,NA,FALSE,FALSE
"a_spqrt[987]",-0.00201874092472531,0.00247117961524111,0.204481700208715,-0.409326825412547,-0.135206303847372,0.000259066671865217,0.132445443681054,0.399937417354073,6846.99907879552,0.998957822315451,NA,987,NA,NA,FALSE,FALSE
"a_spqrt[988]",-0.00115966361716898,0.00266286024293676,0.202693014717224,-0.39333482170139,-0.133309187651168,-0.00481867394233654,0.130655309606418,0.40830165134197,5794.03103410542,0.999196421045886,NA,988,NA,NA,FALSE,FALSE
"a_spqrt[989]",-0.00117246758277895,0.00274412420817735,0.201216808694901,-0.408712094778215,-0.136296746894058,-0.00254446271723943,0.136227025517033,0.387906796838771,5376.76410911389,0.999877569717288,NA,989,NA,NA,FALSE,FALSE
"a_spqrt[990]",0.0986635258043639,0.00256178521741741,0.188471373477386,-0.26010077855985,-0.0269107751968933,0.0936518657467647,0.221913512678742,0.470490187854594,5412.59286142856,0.999169451810368,NA,990,NA,NA,FALSE,FALSE
"a_spqrt[991]",0.0836900800794571,0.00269086633015143,0.200706705242318,-0.30433050093458,-0.0504214301026741,0.0808730010582175,0.216313578662607,0.488728915844657,5563.39011240404,1.00070934704756,NA,991,NA,NA,FALSE,FALSE
"a_spqrt[992]",0.00105588922356416,0.00221765966146677,0.198422690265214,-0.393647992159833,-0.128955672756143,0.000779908086849283,0.131999763197712,0.389608309034026,8005.58132148909,0.999420976670286,NA,992,NA,NA,FALSE,FALSE
"a_spqrt[993]",0.022654162208906,0.00240810955881877,0.205133634338211,-0.396833324044611,-0.110387676776666,0.0245827348752011,0.154118346616928,0.440224105023373,7256.40085316925,0.999768424498155,NA,993,NA,NA,FALSE,FALSE
"a_spqrt[994]",0.097684867672991,0.00270687653929524,0.207372014600339,-0.298847765357938,-0.0382698027886522,0.0905119354599902,0.227102313025144,0.524654272591043,5868.99037882984,0.998864909091054,NA,994,NA,NA,FALSE,FALSE
"a_spqrt[995]",-0.0291497686634934,0.00268791837463004,0.200529209685644,-0.416056092335537,-0.161926943459527,-0.0257495188542528,0.0994973762855675,0.363711560664092,5565.74278651957,0.999011392875301,NA,995,NA,NA,FALSE,FALSE
"a_spqrt[996]",0.0205790829820633,0.00237798456388684,0.202558280756216,-0.369867773975717,-0.11923227707059,0.0188999533983123,0.157102499120727,0.421575561310567,7255.74384469823,0.999048202874325,NA,996,NA,NA,FALSE,FALSE
"a_spqrt[997]",-0.00447985816999587,0.00207159108737851,0.186769878349201,-0.379356934920008,-0.122032465009545,-0.0070970762184983,0.117052814302666,0.373005637164508,8128.41004854121,0.999115828369028,NA,997,NA,NA,FALSE,FALSE
"a_spqrt[998]",-0.0183697355863111,0.00245129274440794,0.186918038574405,-0.389928666404315,-0.142978374707097,-0.0133458328851025,0.108985479132807,0.343545604126112,5814.4959279661,0.999379945079011,NA,998,NA,NA,FALSE,FALSE
"a_spqrt[999]",0.0615607180600786,0.00258791102915558,0.196960581820772,-0.324724264873756,-0.0697054413939537,0.0585789061749076,0.187853890563729,0.468208008275992,5792.4187950461,0.999609436441437,NA,999,NA,NA,FALSE,FALSE
"a_spqrt[1000]",0.0646820899133608,0.00249534568617818,0.198929381059298,-0.327609057846627,-0.0584445647660876,0.0632196211276048,0.188965862094464,0.467246801386916,6355.30542485821,0.999243043233078,NA,1000,NA,NA,FALSE,FALSE
"a_spqrt[1001]",-0.0278493375313146,0.00270103525801827,0.19577276913325,-0.415492364292283,-0.15688262267585,-0.0251166851367257,0.100314136548066,0.344821183797442,5253.44344151776,0.9989378840262,NA,1001,NA,NA,FALSE,FALSE
"a_spqrt[1002]",-0.0407439403126061,0.00255596605739647,0.205039025804646,-0.457324398095993,-0.177782318766139,-0.0349108870985895,0.0973476123726687,0.351484499360441,6435.21253786303,0.999935390276877,NA,1002,NA,NA,FALSE,FALSE
"a_spqrt[1003]",0.104492948862264,0.00272326807980226,0.209792006685211,-0.295121993491913,-0.038361599451776,0.101217580801288,0.236234485040237,0.534030966084346,5934.67694316309,0.999530316240332,NA,1003,NA,NA,FALSE,FALSE
"a_spqrt[1004]",0.100688043535832,0.00275192875046595,0.199975961660568,-0.282264483714493,-0.0328963516253096,0.0991960013475059,0.224443078284773,0.509559010287007,5280.57501943871,1.0000883741073,NA,1004,NA,NA,FALSE,FALSE
"a_spqrt[1005]",-0.0125736185314566,0.00220036671221256,0.190564290709165,-0.390069975344333,-0.140293246048892,-0.0128707419882849,0.112449580610673,0.373093519609566,7500.54659088272,0.999385296490892,NA,1005,NA,NA,FALSE,FALSE
"a_spqrt[1006]",0.0798795163939716,0.00281534820993052,0.193384003129095,-0.285161717820079,-0.0462216157173956,0.0736270418904926,0.210109798812898,0.463566619556093,4718.20555582515,1.00039368852008,NA,1006,NA,NA,FALSE,FALSE
"a_spqrt[1007]",0.00239812835455157,0.00308347269759273,0.207499958193187,-0.416129394029602,-0.127663056076587,0.00398699606557259,0.13431907044371,0.413231643727312,4528.51501861926,0.999147475785308,NA,1007,NA,NA,FALSE,FALSE
"a_spqrt[1008]",-0.0492509576751427,0.00257557645004605,0.207896138100486,-0.473128318486977,-0.187502038347264,-0.0417723478291426,0.0895034911432501,0.348836271703022,6515.44304808478,0.999243717144568,NA,1008,NA,NA,FALSE,FALSE
"a_spqrt[1009]",-0.0066695809283718,0.00275444548896895,0.209346161955279,-0.427670610981405,-0.141078878157762,-0.00523693877690312,0.130846009630335,0.409355264266456,5776.45829684326,0.999195482747149,NA,1009,NA,NA,FALSE,FALSE
"a_spqrt[1010]",-0.0669362321808692,0.00279222400888819,0.205372682038091,-0.476703882134262,-0.198002856210619,-0.0656205119574093,0.0665311407082621,0.326765994636604,5409.84516581638,0.999110625379451,NA,1010,NA,NA,FALSE,FALSE
"a_spqrt[1011]",-0.0184061418813573,0.00238199038054674,0.20349705410575,-0.424888164841014,-0.152255208272262,-0.0154766416759077,0.118602985542373,0.369780982460475,7298.54427024066,0.999388135722915,NA,1011,NA,NA,FALSE,FALSE
"a_spqrt[1012]",0.0262087297922912,0.00253251304786767,0.202437206617504,-0.376573626336638,-0.105866484079583,0.0237380209542378,0.163167722450673,0.436108499809946,6389.65322025892,0.999581822562632,NA,1012,NA,NA,FALSE,FALSE
"a_spqrt[1013]",-0.0402567408994336,0.00231834143095031,0.199928387837886,-0.435801211562101,-0.172470104437539,-0.0345346198230112,0.0908883938739488,0.346059091588879,7436.93755480977,0.9995045313253,NA,1013,NA,NA,FALSE,FALSE
"a_spqrt[1014]",0.0274562272539691,0.00251760257836002,0.202669133840037,-0.378953005164277,-0.106873764981144,0.0259140393421674,0.158662435022162,0.43669088061267,6480.38597587228,0.999221259779865,NA,1014,NA,NA,FALSE,FALSE
"a_spqrt[1015]",0.0690864166737108,0.00244843595843291,0.201940011160826,-0.322772503004883,-0.0653408145184456,0.0660001755597394,0.204578105345372,0.464858922805414,6802.47968947948,0.999787784167941,NA,1015,NA,NA,FALSE,FALSE
"a_spqrt[1016]",-0.126752636256536,0.00300022496013859,0.19970233922522,-0.543021827347081,-0.25665022246574,-0.121236280870591,0.00864173938625847,0.247176155921106,4430.56043009744,0.998932590664796,NA,1016,NA,NA,FALSE,FALSE
"a_spqrt[1017]",0.0439945583811888,0.00236476907142795,0.197848165926475,-0.334817476469187,-0.0848697225288598,0.0384082003684712,0.164939078180764,0.449913413033734,6999.8153534886,0.99969608355454,NA,1017,NA,NA,FALSE,FALSE
"a_spqrt[1018]",0.0753982378604029,0.00240132561369999,0.198384987297578,-0.302765196071264,-0.060692600052748,0.073937318246888,0.205309916465646,0.488792707365177,6825.20187536967,0.999372576114223,NA,1018,NA,NA,FALSE,FALSE
"a_spqrt[1019]",0.0218446848653634,0.0024776252034637,0.201388923925026,-0.370638227520204,-0.114499317228111,0.0208852400385704,0.148545457242801,0.429549728333424,6606.93360254346,0.999204153582299,NA,1019,NA,NA,FALSE,FALSE
"a_spqrt[1020]",-0.0316270213959567,0.00244099541918693,0.19457592569793,-0.417170844394038,-0.16302596110509,-0.0308528188899001,0.0994876703430693,0.344882897170514,6353.95715082091,0.998990698882919,NA,1020,NA,NA,FALSE,FALSE
"a_spqrt[1021]",-0.0105907816037927,0.00248598912206327,0.205865072696498,-0.422295214014673,-0.144953584953405,-0.0124972506121647,0.125678738862365,0.389881536739123,6857.51698571128,0.999426733099696,NA,1021,NA,NA,FALSE,FALSE
"a_spqrt[1022]",0.0534714688937583,0.00257191540736427,0.200191574739212,-0.333226749262321,-0.0799222293014558,0.0538155466635685,0.18295301578622,0.449342864250153,6058.68301711827,0.999713927692043,NA,1022,NA,NA,FALSE,FALSE
"a_spqrt[1023]",-0.000399990495458235,0.00235491573523543,0.184035098102044,-0.371485078675889,-0.120678360224822,0.00165155248366527,0.121426873275036,0.35574252036269,6107.31852193978,0.999592688105409,NA,1023,NA,NA,FALSE,FALSE
"a_spqrt[1024]",0.00668862007307395,0.00219901309552498,0.192872505905925,-0.369831751907804,-0.118056399033316,0.00818832470078188,0.129533653818353,0.387376957062142,7692.81015379259,1.00006657642082,NA,1024,NA,NA,FALSE,FALSE
"a_spqrt[1025]",0.00771625525299833,0.00245276095590303,0.193404784583126,-0.386117729195467,-0.117867018497775,0.00551374998208142,0.13397123235231,0.382029606770334,6217.61718049323,0.999448575389495,NA,1025,NA,NA,FALSE,FALSE
"a_spqrt[1026]",-0.0089487957898026,0.00242756542866254,0.188739245409534,-0.378867474394438,-0.135341349026118,-0.0086183030225555,0.113088530812685,0.366742030256631,6044.80841393616,0.999393431051699,NA,1026,NA,NA,FALSE,FALSE
"a_spqrt[1027]",-0.0553042828126643,0.00239220911272829,0.194016039890776,-0.445366170011448,-0.177626103574775,-0.0504909726925212,0.0669245437101212,0.325661789757652,6577.74435946898,0.999437451362771,NA,1027,NA,NA,FALSE,FALSE
"a_spqrt[1028]",-0.00234148087916282,0.00238135457732256,0.196055595602861,-0.386116132893563,-0.131563375936168,-0.00678754275507857,0.128724395518311,0.393320349650834,6778.13716162306,0.99938835015162,NA,1028,NA,NA,FALSE,FALSE
"a_spqrt[1029]",-0.00476490086267522,0.00247345054927062,0.191916894256644,-0.393297224337228,-0.127476072899478,-0.00297007629524551,0.119318886586795,0.369124535114183,6020.3251788788,0.999397993373232,NA,1029,NA,NA,FALSE,FALSE
"a_spqrt[1030]",0.0150481264546526,0.00229634304383074,0.184902772391077,-0.348608916882222,-0.110428988565622,0.0149984352668805,0.13805014118963,0.378098210474931,6483.55669402036,0.999027272438864,NA,1030,NA,NA,FALSE,FALSE
"a_spqrt[1031]",-0.0171118492414742,0.00241125786613924,0.18712420007042,-0.394615176552123,-0.135395482226038,-0.0183891066714161,0.105585536178867,0.353416310909759,6022.44161993548,0.999119744342704,NA,1031,NA,NA,FALSE,FALSE
"a_spqrt[1032]",-0.00709879968812227,0.00243124673967055,0.208590732176895,-0.403731450783114,-0.14876116141084,-0.00770478237670213,0.131107279309812,0.410262870380808,7360.91740259363,0.999330029146719,NA,1032,NA,NA,FALSE,FALSE
"a_spqrt[1033]",-0.0103523668066127,0.00240656721373461,0.199522238825425,-0.400285057775687,-0.134183041028753,-0.0105070992803316,0.116811379221377,0.381857907789799,6873.63754039862,0.999754721985456,NA,1033,NA,NA,FALSE,FALSE
"a_spqrt[1034]",0.0173147204127446,0.00301924241299619,0.203176296152546,-0.37877464179009,-0.116035598192119,0.0173353707078356,0.150229945793281,0.411025282566646,4528.45556572969,0.9995240572678,NA,1034,NA,NA,FALSE,FALSE
"a_spqrt[1035]",0.000927472483013957,0.00249728740231217,0.204367908996709,-0.397864879655316,-0.136670399009023,0.0013335980359186,0.138622605301874,0.399964508649338,6697.12415463766,0.999438577034504,NA,1035,NA,NA,FALSE,FALSE
"a_spqrt[1036]",0.00456014408443069,0.00279469557824737,0.189778935568316,-0.367685303641332,-0.120734388091681,0.00544835176725595,0.128577831443917,0.376597681575104,4611.33843707144,0.999710634344391,NA,1036,NA,NA,FALSE,FALSE
"a_spqrt[1037]",0.00355569350640407,0.00228409561472118,0.201152422760776,-0.396152296973968,-0.129421955947305,0.00773766851431104,0.136505611611043,0.401899385899335,7755.71739100543,0.998957383786936,NA,1037,NA,NA,FALSE,FALSE
"a_spqrt[1038]",-0.018697573177702,0.00280547378040552,0.194604575533508,-0.398739082294789,-0.149594931632215,-0.0218566224191879,0.111786213274281,0.368651139060283,4811.64597542899,0.999640578740666,NA,1038,NA,NA,FALSE,FALSE
"a_spqrt[1039]",0.00604585530198387,0.00236246050369974,0.184064192702673,-0.371559517477801,-0.111593787204067,0.00450981141197867,0.125062164080781,0.361272121873691,6070.29095286311,0.999611290896008,NA,1039,NA,NA,FALSE,FALSE
"a_spqrt[1040]",0.0304191619184817,0.00246709466332522,0.184705113470922,-0.338256291299973,-0.0879766233860828,0.0297287683256898,0.150261305938061,0.399011997631625,5605.13671544021,0.999354438004504,NA,1040,NA,NA,FALSE,FALSE
"a_spqrt[1041]",-0.0457223491413741,0.00244369617904622,0.185486881301279,-0.412765621007983,-0.16872978749906,-0.0422930908738499,0.0815784155371535,0.311363883642182,5761.45241000488,0.999230963559164,NA,1041,NA,NA,FALSE,FALSE
"a_spqrt[1042]",-0.00144801222027409,0.00240589208323726,0.197289299451337,-0.399304131089885,-0.128756874788807,-0.00167895716279918,0.126787806008051,0.381966095048427,6724.4191336616,0.999568558243653,NA,1042,NA,NA,FALSE,FALSE
"a_spqrt[1043]",0.00243401337497589,0.00246986899380996,0.196373275262435,-0.389321430505225,-0.122813735626513,0.00136277349851274,0.129749764501845,0.385977101612795,6321.45325892371,0.999047030749324,NA,1043,NA,NA,FALSE,FALSE
"a_spqrt[1044]",0.0120832634330776,0.00236461655073851,0.20393101287816,-0.403315506820051,-0.113123677282626,0.0139119691592168,0.138325513897142,0.438343999917489,7437.81038456685,0.999238965832214,NA,1044,NA,NA,FALSE,FALSE
"a_spqrt[1045]",0.000638259251988613,0.00293316740538159,0.206743787011704,-0.402549519363138,-0.139360861855432,0.00393640956482467,0.137981317483209,0.401505946011854,4968.1103509117,0.999709362799796,NA,1045,NA,NA,FALSE,FALSE
"a_spqrt[1046]",0.0114809654778453,0.00251401840842342,0.201764425416946,-0.383563383434014,-0.119899279248036,0.0119665146142599,0.140072056590224,0.42028300898934,6440.98493145528,0.999018858929053,NA,1046,NA,NA,FALSE,FALSE
"a_spqrt[1047]",0.01828278025466,0.00266445141951446,0.199309560913961,-0.363501777042105,-0.113428530783565,0.018372233702138,0.145533868077508,0.420893605368132,5595.52257587393,0.999498478243778,NA,1047,NA,NA,FALSE,FALSE
"a_spqrt[1048]",-0.0258021140326296,0.00267994012594814,0.191516146295186,-0.404627932956069,-0.150355647902497,-0.0270726802266834,0.10270715938815,0.352129982917354,5106.93824030784,1.00012508617412,NA,1048,NA,NA,FALSE,FALSE
"a_spqrt[1049]",-0.0166612904534079,0.00271787725497527,0.200734338218801,-0.419299778964127,-0.140997046723743,-0.0160101857131621,0.1123416308583,0.37679745960007,5454.86067725188,0.999367415476194,NA,1049,NA,NA,FALSE,FALSE
"a_spqrt[1050]",0.0162470298321506,0.00264345528947397,0.196270067032789,-0.379131040556095,-0.117634115904886,0.0146747477858798,0.144432624514589,0.410330303685214,5512.69802122066,0.998972356926557,NA,1050,NA,NA,FALSE,FALSE
"a_spqrt[1051]",-0.0870707516360709,0.00328021646373071,0.207702645383171,-0.514252770221973,-0.216425629228072,-0.0800445535394009,0.0438247048407392,0.323884402907144,4009.39687680531,1.00042465498685,NA,1051,NA,NA,FALSE,FALSE
"a_spqrt[1052]",0.0059009419089252,0.00234397189378528,0.185219607224923,-0.360542392199078,-0.112888640977526,0.00531237931634876,0.128976324407865,0.373193178770661,6244.08948213798,0.999283066036169,NA,1052,NA,NA,FALSE,FALSE
"a_spqrt[1053]",0.0110002685494954,0.00248918942037997,0.197107427181252,-0.369438907185775,-0.122951642270409,0.0090753404015432,0.143458096710366,0.395350275382304,6270.32548966397,0.999460369772553,NA,1053,NA,NA,FALSE,FALSE
"a_spqrt[1054]",-0.0434282670547576,0.00221721241193088,0.18281296545674,-0.40406170467315,-0.166872695079954,-0.0384886422179737,0.0755047516556527,0.308063861715992,6798.28527473944,0.999327921398574,NA,1054,NA,NA,FALSE,FALSE
"a_spqrt[1055]",0.0548069184215493,0.0027163579428234,0.202832221575534,-0.33777774712906,-0.0746893953867568,0.0507659551355401,0.183550314576497,0.469858268785158,5575.70643061664,0.999466372421555,NA,1055,NA,NA,FALSE,FALSE
"a_spqrt[1056]",-0.0552848806696461,0.00273672075346564,0.212323755276105,-0.491166029209716,-0.192811425496475,-0.0479706957483673,0.0829939083834607,0.364412521028144,6019.16435911529,0.99953414207995,NA,1056,NA,NA,FALSE,FALSE
"a_spqrt[1057]",0.00953472637225963,0.00223022870459496,0.189287006681808,-0.354797399194021,-0.117640727051541,0.00829312308135717,0.136107464183056,0.37156728612197,7203.48746255322,0.999369770306265,NA,1057,NA,NA,FALSE,FALSE
"a_spqrt[1058]",0.00307073083537402,0.00232570942140479,0.206100566524994,-0.402406596404627,-0.13019507110332,0.0003276959663943,0.144363365474218,0.390935207092201,7853.21462556167,0.999236846045034,NA,1058,NA,NA,FALSE,FALSE
"a_spqrt[1059]",0.0474545579022805,0.00230376940287406,0.187005120493214,-0.311087829562183,-0.0746943772939128,0.0428378577598168,0.170673272105857,0.420314108202737,6589.14378768653,0.99924735843353,NA,1059,NA,NA,FALSE,FALSE
"a_spqrt[1060]",0.00990421493932045,0.0021006078317683,0.186221950463308,-0.371136681931145,-0.107215233095893,0.0146486839674397,0.128713071119901,0.38099663007799,7859.08130017109,0.999036796444001,NA,1060,NA,NA,FALSE,FALSE
"a_spqrt[1061]",-0.186365471612474,0.0032753847167106,0.198682646629858,-0.595608950371162,-0.313824911773611,-0.179646614041804,-0.0548161377458495,0.194755180633862,3679.55447242801,1.00057244540112,NA,1061,NA,NA,FALSE,FALSE
"a_spqrt[1062]",0.0324103863888255,0.00215110607156895,0.188221379457366,-0.327611766403926,-0.0915917473364672,0.0299405401416059,0.157532780127259,0.405653457056746,7656.21731180001,0.999618583563162,NA,1062,NA,NA,FALSE,FALSE
"a_spqrt[1063]",0.220744837453568,0.00378128206954007,0.2049663694231,-0.159076108775687,0.0806539542349953,0.220571314090454,0.355062519200513,0.624374389335058,2938.23864437694,1.00065969103967,NA,1063,NA,NA,FALSE,FALSE
"a_spqrt[1064]",0.0119140512031624,0.00268167467381537,0.204902718548011,-0.397184834288638,-0.120982353686241,0.014606509088659,0.142854512585468,0.417577662434201,5838.25768887382,0.999539502825148,NA,1064,NA,NA,FALSE,FALSE
"a_spqrt[1065]",-0.00172090214470159,0.00239267690080759,0.203368888727346,-0.401938340394129,-0.136300147156846,-0.00330149069416893,0.135078224706562,0.402001523525676,7224.38558283216,0.99902848773138,NA,1065,NA,NA,FALSE,FALSE
"a_spqrt[1066]",-0.0112758296342657,0.00262766600460321,0.194383787781509,-0.403918098320269,-0.134331471349183,-0.0105434712906137,0.112066663884326,0.37960960888887,5472.42421968238,0.999330293503447,NA,1066,NA,NA,FALSE,FALSE
"a_spqrt[1067]",0.00992840572180892,0.00238872269959979,0.196149390713042,-0.369979004725234,-0.120370831696323,0.00717422183076032,0.137718894060568,0.398856421139033,6742.8337774653,0.998971223679611,NA,1067,NA,NA,FALSE,FALSE
"a_spqrt[1068]",-0.0151607777982242,0.00243862492750546,0.203343906252851,-0.421213702051584,-0.139319081524268,-0.0160338552156938,0.111116979687887,0.40272343793945,6953.0012364531,0.999073874682271,NA,1068,NA,NA,FALSE,FALSE
"a_spqrt[1069]",-0.00658549150221017,0.00264777921676003,0.193531221358707,-0.394364003011252,-0.129215495730441,-0.00814471814390835,0.118077433056965,0.37499827313361,5342.42626659731,0.998810768218924,NA,1069,NA,NA,FALSE,FALSE
"a_spqrt[1070]",0.0159738833996444,0.00251467956178025,0.207126042004375,-0.394041972399546,-0.116345933913834,0.0128391767532201,0.149040557333848,0.425853687401124,6784.2853842776,0.998867703871545,NA,1070,NA,NA,FALSE,FALSE
"a_spqrt[1071]",0.00134794935037577,0.00271457977252956,0.197300133954243,-0.397733349349369,-0.12044620328653,0.00386411049685222,0.127865223793346,0.389300512369294,5282.62208769074,0.999120169750024,NA,1071,NA,NA,FALSE,FALSE
"a_spqrt[1072]",0.0608296377550321,0.00230917456336782,0.193786007758191,-0.317726254934562,-0.0697248275909363,0.0583906759374448,0.187419054235302,0.452556907545846,7042.57209845169,0.999430802072773,NA,1072,NA,NA,FALSE,FALSE
"a_spqrt[1073]",0.0168067466516285,0.00241292847979517,0.202825603843073,-0.382167058617799,-0.118119941471846,0.0211245725803033,0.153363874452638,0.416942927053602,7065.72379283433,0.999514127236483,NA,1073,NA,NA,FALSE,FALSE
"a_spqrt[1074]",0.0303457622970883,0.00256302948154534,0.194647624308519,-0.351634582110631,-0.0991301497533263,0.027464572954215,0.157945227129602,0.432771130905836,5767.54526298528,0.999273500128914,NA,1074,NA,NA,FALSE,FALSE
"a_spqrt[1075]",-0.03344556830102,0.00244202803896299,0.202618663727491,-0.430928746717421,-0.164533880860776,-0.028797886689391,0.0942187631432413,0.37951698796818,6884.2653472443,0.999303189450756,NA,1075,NA,NA,FALSE,FALSE
"a_spqrt[1076]",0.0369445875982816,0.00263118857871372,0.184116395582739,-0.315336814162406,-0.0889950791874365,0.0361294905921301,0.162200072439329,0.398264882492646,4896.44609522336,0.998972039115799,NA,1076,NA,NA,FALSE,FALSE
"a_spqrt[1077]",0.0189784743733378,0.00200648682290029,0.175338538308136,-0.323893992461646,-0.0981050464587373,0.0176457727848608,0.138011983026897,0.361623407627003,7636.28519278123,0.998985600887472,NA,1077,NA,NA,FALSE,FALSE
"a_spqrt[1078]",0.0850176014121068,0.00246122213824998,0.18172346284967,-0.260902100207722,-0.0417314576253894,0.0828157294663685,0.210953435217493,0.433666720555207,5451.55480262654,0.999228056611358,NA,1078,NA,NA,FALSE,FALSE
"a_spqrt[1079]",0.0464513327868604,0.0026209090410524,0.184734236651606,-0.313092875744714,-0.0790285789168257,0.0444071007826605,0.169975686775075,0.417476564008821,4968.10633584033,0.999491623560161,NA,1079,NA,NA,FALSE,FALSE
"a_spqrt[1080]",0.0189782296115192,0.00207273452089091,0.192616778968175,-0.367582418971123,-0.108979461442774,0.021603306730911,0.137729508822517,0.411724730575278,8635.76610384292,0.99904531893392,NA,1080,NA,NA,FALSE,FALSE
"a_spqrt[1081]",0.00437164928535787,0.00223057342445203,0.188551758716156,-0.363447391596123,-0.123152009951781,0.00293706384442282,0.125824870191832,0.374987162421704,7145.42603528498,0.999265311247273,NA,1081,NA,NA,FALSE,FALSE
"a_spqrt[1082]",0.0264402356798752,0.00243855408997766,0.206387848073691,-0.379339487227738,-0.110084355046801,0.0266618416829686,0.165574296850598,0.43401381656162,7163.14032988998,0.999930065068279,NA,1082,NA,NA,FALSE,FALSE
"a_spqrt[1083]",0.0123608871029757,0.00237057025486424,0.199611699981578,-0.375617795778846,-0.115209860097838,0.0124023943815948,0.140052615340086,0.409288146442593,7090.3279834366,0.999316404612068,NA,1083,NA,NA,FALSE,FALSE
"a_spqrt[1084]",-0.0138531930145505,0.00206892132281511,0.187918763731343,-0.389955554195406,-0.138262080034943,-0.0130881548649723,0.107456770360559,0.347272524062016,8249.969484956,0.998967926581967,NA,1084,NA,NA,FALSE,FALSE
"a_spqrt[1085]",0.0338489144774941,0.00206902115146525,0.182216092167704,-0.313976476711995,-0.0938135101946963,0.0315402292475851,0.154116487713191,0.403609097969576,7756.10350362389,0.99882501521232,NA,1085,NA,NA,FALSE,FALSE
"a_spqrt[1086]",0.00562811225375199,0.00215741629458152,0.18987750210547,-0.370528343742422,-0.122816560180904,0.00763380377498309,0.13443695736504,0.373884186994714,7746.02885588039,0.999156846168893,NA,1086,NA,NA,FALSE,FALSE
"a_spqrt[1087]",0.0171558457767298,0.00241137338117797,0.191001413538701,-0.356072291850333,-0.11195492871178,0.0179510690879322,0.144523244067306,0.399317845555164,6273.99600310934,0.999749488348163,NA,1087,NA,NA,FALSE,FALSE
"a_spqrt[1088]",-0.032990978983292,0.00287100240705121,0.210467480830333,-0.451249304639875,-0.171837248468257,-0.0319616968319415,0.0996537087553115,0.382732001525827,5374.06472155452,0.999159084265416,NA,1088,NA,NA,FALSE,FALSE
"a_spqrt[1089]",-0.00671985133599391,0.00252211019016081,0.207838278728754,-0.41337470436309,-0.14394541856264,-0.00655404474025365,0.131921794696705,0.405340910891602,6790.83159141794,0.999341835934322,NA,1089,NA,NA,FALSE,FALSE
"a_spqrt[1090]",0.00316169059926435,0.00236976361741012,0.211506524778164,-0.41776312913505,-0.134256523110616,0.00445755472128829,0.141090640140993,0.41798767051561,7965.94830833678,0.999229219407012,NA,1090,NA,NA,FALSE,FALSE
"a_spqrt[1091]",0.0324054469286788,0.00276231377989486,0.204467990099743,-0.378072408888928,-0.0998035340681489,0.0288311366302736,0.167959127643342,0.445500275918394,5479.04208165834,0.99995292160938,NA,1091,NA,NA,FALSE,FALSE
"a_spqrt[1092]",-0.00586946623106494,0.0028121553607473,0.197906063299675,-0.389717784328893,-0.139190008536234,-0.00933500796587786,0.127138445082155,0.37549238930156,4952.67214625743,0.999334936773634,NA,1092,NA,NA,FALSE,FALSE
"a_spqrt[1093]",0.0893401426154972,0.00227281855110602,0.193953006129734,-0.274762772519939,-0.0413220242132184,0.0845656653935719,0.216901213315694,0.473362710618188,7282.21504292158,0.999606952041437,NA,1093,NA,NA,FALSE,FALSE
"a_spqrt[1094]",0.0158437085522599,0.00260522829631701,0.193243849324481,-0.363029002360029,-0.111945209046266,0.0183658947090634,0.141518831648016,0.392864418297051,5501.98987142239,0.999997828244517,NA,1094,NA,NA,FALSE,FALSE
"a_spqrt[1095]",0.0111036273357655,0.00237959002396593,0.179917383815885,-0.3511312960213,-0.109297033864146,0.0139913398511235,0.131700760289706,0.368345586758598,5716.65489899239,0.999353166902876,NA,1095,NA,NA,FALSE,FALSE
"a_spqrt[1096]",-0.0543354060717954,0.002134599945048,0.174822126058508,-0.394635047727279,-0.169511943402166,-0.0508626763743931,0.0618291349246595,0.279090041096303,6707.48649900847,0.999891910581963,NA,1096,NA,NA,FALSE,FALSE
"a_spqrt[1097]",0.0230117617877466,0.00232639767307211,0.177223815795429,-0.313267127859223,-0.0964677739622998,0.0173335188933276,0.142967778219716,0.375277335440353,5803.31649921917,0.999382201081677,NA,1097,NA,NA,FALSE,FALSE
"a_spqrt[1098]",0.0327204730424884,0.00222289522049114,0.200300304871539,-0.360291435022405,-0.0959056284225723,0.0318175513330727,0.164017552017512,0.436726284748891,8119.42428931865,0.999443704556941,NA,1098,NA,NA,FALSE,FALSE
"a_spqrt[1099]",-0.0102797400551801,0.00207848170767794,0.187113847158329,-0.375399938275159,-0.129689239105751,-0.0113025399025396,0.103815557135546,0.363374516823405,8104.3734090817,0.999348706161364,NA,1099,NA,NA,FALSE,FALSE
"a_spqrt[1100]",0.0125016815985431,0.00246112059216974,0.197095420376116,-0.369042647313489,-0.120033719953109,0.0101753834170533,0.145549102355871,0.399268469922446,6413.38450666885,0.999905936892798,NA,1100,NA,NA,FALSE,FALSE
"a_spqrt[1101]",-0.0120031107782205,0.00237005621633721,0.201173956564139,-0.418215187922874,-0.145524106367642,-0.00748260143641034,0.122902276132742,0.380468504155506,7204.87117943052,0.999886362612961,NA,1101,NA,NA,FALSE,FALSE
"a_spqrt[1102]",0.00659117299610284,0.00253776062860154,0.200421967706483,-0.394025171686218,-0.126232567647203,0.00571191620581614,0.133153128526661,0.40677571364615,6237.19515081552,0.999222983755335,NA,1102,NA,NA,FALSE,FALSE
"a_spqrt[1103]",0.00107133709303545,0.00258421881410084,0.205704733673608,-0.420667643169684,-0.12703677733138,0.00191006984826189,0.129566967820313,0.418140225653003,6336.21643440715,0.999123033274987,NA,1103,NA,NA,FALSE,FALSE
"a_spqrt[1104]",0.0127848979560214,0.00240902197996888,0.196282988659935,-0.367745941949478,-0.119471283429467,0.0119147607886591,0.148588150093923,0.394753634876787,6638.71154919105,0.999050255882571,NA,1104,NA,NA,FALSE,FALSE
"a_spqrt[1105]",0.0260276643241995,0.00264242998245357,0.19988736117477,-0.360974057010554,-0.105621055373624,0.0239965541991781,0.15213357130338,0.422653723008227,5722.20868810461,0.998905988681827,NA,1105,NA,NA,FALSE,FALSE
"a_spqrt[1106]",-0.0956253533709598,0.00254423035857752,0.185461189955012,-0.465341949768292,-0.212282864205725,-0.0944829929441994,0.0239349405968582,0.282204631601852,5313.65340345546,1.00033154105417,NA,1106,NA,NA,FALSE,FALSE
"a_spqrt[1107]",-0.0147592115799753,0.00244509115931339,0.186879164782326,-0.3988845795237,-0.132868914396236,-0.0142710735714476,0.108337679700934,0.367842676303908,5841.59788185925,0.999296812418435,NA,1107,NA,NA,FALSE,FALSE
"a_spqrt[1108]",-0.010566067854203,0.00246870362662737,0.193462131336043,-0.381177556989051,-0.139616583363262,-0.00877680877046705,0.121439984053318,0.363747906699938,6141.21109587331,0.999054046580405,NA,1108,NA,NA,FALSE,FALSE
"a_spqrt[1109]",0.0274930146491011,0.00246234342631339,0.199644842812991,-0.369994524900505,-0.100833285167986,0.0292602459409393,0.155591267750996,0.41885123316199,6573.83717855648,0.999038288093167,NA,1109,NA,NA,FALSE,FALSE
"a_spqrt[1110]",0.00229996278505249,0.00247800810541435,0.204232303130146,-0.397590810375362,-0.132080837228658,-0.00134909751201488,0.137065304430857,0.396898128681408,6792.71548872558,0.99908209634493,NA,1110,NA,NA,FALSE,FALSE
"a_spqrt[1111]",0.00463202996258107,0.00217122491362196,0.20305979511938,-0.391100158178642,-0.131268850810319,0.00499323140214882,0.138190090698638,0.397061467120148,8746.57974434635,0.999723861599967,NA,1111,NA,NA,FALSE,FALSE
"a_spqrt[1112]",-0.0105181533076158,0.00245503934770868,0.193005544895714,-0.389861785875204,-0.138601040188865,-0.00813506142961638,0.122494044997402,0.352669351330431,6180.48644197442,0.999621634950729,NA,1112,NA,NA,FALSE,FALSE
"a_spqrt[1113]",-0.0154380305500748,0.00217692003725496,0.187950521922983,-0.394485260435376,-0.137461779255835,-0.0180394775013829,0.105349554561184,0.371660070950872,7454.21849542642,0.999148235806714,NA,1113,NA,NA,FALSE,FALSE
"a_spqrt[1114]",0.0364508859420677,0.00247346344016338,0.195760200187429,-0.359920949207438,-0.0926626304643863,0.0350842724714928,0.163030260099947,0.430110018890851,6263.79895322978,0.998909158329644,NA,1114,NA,NA,FALSE,FALSE
"a_spqrt[1115]",0.0265295026184301,0.00260093482931291,0.204938919564098,-0.376705948422096,-0.107741285659952,0.0260045694387326,0.160656189619395,0.443246331738392,6208.5465803962,0.99916048147495,NA,1115,NA,NA,FALSE,FALSE
"a_spqrt[1116]",0.0027222386127136,0.00261810643365531,0.217346398533713,-0.426549059680162,-0.135685032581814,0.000581141477786234,0.137078255873327,0.442573050647897,6891.76246928011,0.999277477952455,NA,1116,NA,NA,FALSE,FALSE
"a_spqrt[1117]",-0.00352147697482785,0.00253784827824441,0.204896168784501,-0.403123672206694,-0.138690034655611,0.000714412134917334,0.134862854024505,0.385553099156802,6518.33033975665,0.999210010745199,NA,1117,NA,NA,FALSE,FALSE
"a_spqrt[1118]",0.00251342668882307,0.00264666366981324,0.208108803527598,-0.415777305364426,-0.131440679085028,0.00599909075342974,0.135841541719857,0.415973975017862,6182.77429693076,0.999292802315519,NA,1118,NA,NA,FALSE,FALSE
"a_spqrt[1119]",0.0367249244174009,0.00279875599053072,0.203390850756148,-0.356660766905568,-0.101366871318022,0.0378304546901619,0.167141705253079,0.436079248462174,5281.20168900935,0.999182407287988,NA,1119,NA,NA,FALSE,FALSE
"a_spqrt[1120]",0.0177942766310546,0.00255135836720682,0.201552896909868,-0.372030524802729,-0.117842652062352,0.0215855697618188,0.153279927348019,0.412231465718106,6240.72664754252,0.999768330210173,NA,1120,NA,NA,FALSE,FALSE
"a_spqrt[1121]",0.0193806328337784,0.00244340323523013,0.203357862154702,-0.375607466603254,-0.113415816035565,0.0161935174604133,0.153425883559698,0.438606100333309,6926.78401540786,0.999105460697044,NA,1121,NA,NA,FALSE,FALSE
"a_spqrt[1122]",0.00904196549074628,0.00247006513642869,0.198206893224728,-0.391434567469961,-0.124064234794541,0.0119907330774759,0.145097994543949,0.386323419298375,6439.03368046158,0.999012019466427,NA,1122,NA,NA,FALSE,FALSE
"a_spqrt[1123]",0.0223549636110016,0.00244051380367405,0.204757093352448,-0.368251644672957,-0.115728217357022,0.0256849535518254,0.15569350419356,0.426761788947889,7039.07147272911,0.999177869821377,NA,1123,NA,NA,FALSE,FALSE
"a_spqrt[1124]",0.00972749249006025,0.00254552113581485,0.196344630629095,-0.390626826622615,-0.11403463675048,0.00980947044117253,0.137902550401727,0.400673671259324,5949.55719283798,0.999466658290289,NA,1124,NA,NA,FALSE,FALSE
"a_spqrt[1125]",0.0116577388693276,0.00220631701561509,0.19286011475951,-0.365832485788586,-0.116247062817429,0.0148160934231382,0.133888809836959,0.397284993288257,7640.97912040012,0.998838565597415,NA,1125,NA,NA,FALSE,FALSE
"a_spqrt[1126]",0.0123938220472683,0.00216052250701779,0.194013423907984,-0.37106218729288,-0.112674394673004,0.0145023833474722,0.13756867134028,0.389947722108417,8063.91553933318,0.999068747949947,NA,1126,NA,NA,FALSE,FALSE
"a_spqrt[1127]",0.0220094894625804,0.00267485801713178,0.203324568156538,-0.381126950082673,-0.110558252707054,0.0201214382210264,0.156309897042106,0.427024719644791,5778.00945742186,0.998915331954165,NA,1127,NA,NA,FALSE,FALSE
"a_spqrt[1128]",-0.023228825733386,0.00263297178577172,0.201596740038155,-0.423465844530216,-0.149426136572175,-0.0205057677735801,0.10875516424989,0.366148093540934,5862.38854798263,0.999889706528815,NA,1128,NA,NA,FALSE,FALSE
"a_spqrt[1129]",-0.0412837279369343,0.0021869331652975,0.181023234156755,-0.397295679641075,-0.164138811920309,-0.0422828132480012,0.0777521645667894,0.314885043936762,6851.68861898977,0.999375580048943,NA,1129,NA,NA,FALSE,FALSE
"a_spqrt[1130]",-0.232590519116291,0.00321569009768694,0.188376715716067,-0.630251000115182,-0.357567061241922,-0.2212087342076,-0.107157636339626,0.121925993732,3431.67432255925,0.999607717049145,NA,1130,NA,NA,FALSE,FALSE
"a_spqrt[1131]",-0.0115890129362496,0.00244375300596861,0.183074153518929,-0.376997809129697,-0.128954182729323,-0.0105978655368263,0.107683814086844,0.341567967971289,5612.28157037363,0.99941522110744,NA,1131,NA,NA,FALSE,FALSE
"a_spqrt[1132]",-0.0531462223407174,0.00225019468461678,0.184858511051992,-0.414457051673981,-0.175137654374111,-0.0513425179174328,0.0681449625733798,0.302127469779722,6748.98887765904,0.999092012242632,NA,1132,NA,NA,FALSE,FALSE
"a_spqrt[1133]",0.0141879544986729,0.00252985726387386,0.203527128606477,-0.375032956758166,-0.119824832453315,0.0155827307022029,0.150588403001348,0.41302478127687,6472.20960593922,0.999627757008438,NA,1133,NA,NA,FALSE,FALSE
"a_spqrt[1134]",0.0754596086167909,0.0024629716872383,0.189464964260318,-0.289632109628271,-0.0473075151052377,0.0702770457610263,0.19722427420565,0.460723922355056,5917.50979615755,0.999715346489715,NA,1134,NA,NA,FALSE,FALSE
"a_spqrt[1135]",-0.0855314439421684,0.00247096616555755,0.203573664482188,-0.491073640117433,-0.219843335952175,-0.0844144924383624,0.0539619347898314,0.306504793633445,6787.49607120394,0.999318999248074,NA,1135,NA,NA,FALSE,FALSE
"a_spqrt[1136]",-0.0331204258498459,0.00231720510670678,0.195821712773076,-0.420710665703555,-0.163001632260653,-0.0288845455095072,0.0933359160689233,0.339302151165572,7141.55418766116,0.999428956895218,NA,1136,NA,NA,FALSE,FALSE
"a_spqrt[1137]",0.0264593322366013,0.00233394459235912,0.199200866538738,-0.366021038659667,-0.103725210784374,0.0255500836864081,0.15669586289611,0.427766908807279,7284.52709772937,0.998998206709959,NA,1137,NA,NA,FALSE,FALSE
"a_spqrt[1138]",-0.0146480594473311,0.00232799475855512,0.183464448027961,-0.386471726026262,-0.12985839887044,-0.0147399629964915,0.10175885891633,0.347181392941539,6210.68983463454,0.999328254868829,NA,1138,NA,NA,FALSE,FALSE
"a_spqrt[1139]",-0.0353207069186585,0.00210662453019883,0.188360787470935,-0.417501136281033,-0.157285658685041,-0.0352579462605453,0.0876788141048663,0.329532780556136,7994.78374776089,1.00021924829226,NA,1139,NA,NA,FALSE,FALSE
"a_spqrt[1140]",-0.0569215694773361,0.00223830866504444,0.181975753488245,-0.419685790235707,-0.176606045303463,-0.0535618697851422,0.0668930451752024,0.288410898234969,6609.78146074662,0.999475411182033,NA,1140,NA,NA,FALSE,FALSE
"a_spqrt[1141]",0.014589775194731,0.00238699242191578,0.204482233310546,-0.376503926322289,-0.122752130144836,0.0116605378074156,0.154560664407252,0.422519382426873,7338.53008623735,0.99901894588599,NA,1141,NA,NA,FALSE,FALSE
"a_spqrt[1142]",-0.0227776592027301,0.00264738885585552,0.213195409235275,-0.452955549375041,-0.156302888162509,-0.0217349837283746,0.112996442901312,0.38465273017965,6485.15297252538,0.999908009785138,NA,1142,NA,NA,FALSE,FALSE
"a_spqrt[1143]",-0.0206486599311649,0.00245170278543543,0.208761423094843,-0.448381380323522,-0.152819473809227,-0.0158950143770426,0.117122914237912,0.372238135088208,7250.44823948701,0.999208111983908,NA,1143,NA,NA,FALSE,FALSE
"a_spqrt[1144]",-0.0173293220462089,0.00275572967496131,0.207865527218538,-0.432530943356929,-0.151102685800318,-0.0173953320440819,0.114465878205233,0.394080373625998,5689.73076669948,0.999638406631542,NA,1144,NA,NA,FALSE,FALSE
"a_spqrt[1145]",-0.0065552533672359,0.00254804301986698,0.208386713677446,-0.432422971102664,-0.138941974305481,-0.00681602611415377,0.121776429023541,0.407760874804992,6688.46623903054,0.999281335541272,NA,1145,NA,NA,FALSE,FALSE
"a_spqrt[1146]",-0.00964931447564103,0.00224151234121576,0.185150009016331,-0.378004337294446,-0.129174361343393,-0.00856498146513114,0.108327322292132,0.368464926936016,6822.84030637074,0.999494282432682,NA,1146,NA,NA,FALSE,FALSE
"a_spqrt[1147]",0.0448016431369615,0.00236607457002462,0.196832493700012,-0.332940175186401,-0.0878522542999017,0.0461924932550107,0.173512585255291,0.427668704289882,6920.48821697433,0.999796295862757,NA,1147,NA,NA,FALSE,FALSE
"a_spqrt[1148]",-0.0422412365593042,0.00203252711871305,0.168452870209233,-0.380418089014245,-0.155329482217029,-0.0411941917478297,0.0715705479706972,0.281149625757786,6868.85158515567,0.999291536175714,NA,1148,NA,NA,FALSE,FALSE
"a_spqrt[1149]",-0.0586599547936196,0.00244675427082242,0.192545240031142,-0.430455177553901,-0.181870187132346,-0.0581279402041784,0.0639485499446509,0.328446837020763,6192.76875727334,0.999674822375452,NA,1149,NA,NA,FALSE,FALSE
"a_spqrt[1150]",0.0177680393434103,0.00224831281375763,0.179702950332217,-0.32596048774047,-0.100626515075808,0.0155486389244072,0.131565291197633,0.380215485788819,6388.47123084736,0.999584986035526,NA,1150,NA,NA,FALSE,FALSE
"a_spqrt[1151]",-0.074933208595451,0.0022354781432439,0.177706182153937,-0.423079824838493,-0.190671971598472,-0.0722681967541018,0.0475863512445663,0.264671331529264,6319.23079283691,1.00015790082491,NA,1151,NA,NA,FALSE,FALSE
"a_spqrt[1152]",-0.0134727212660214,0.00272671295859365,0.197678466909082,-0.412550202813965,-0.138140618378559,-0.0132533922986097,0.114693201021506,0.385714524979054,5255.81275170099,0.999211524084685,NA,1152,NA,NA,FALSE,FALSE
"a_spqrt[1153]",-0.0987010749735824,0.00261062869059353,0.190515522947488,-0.503038962058426,-0.22004331457536,-0.0956182890472616,0.0321963423933561,0.252629967726948,5325.62424689556,0.999390727659628,NA,1153,NA,NA,FALSE,FALSE
"a_spqrt[1154]",-0.0259802432784588,0.00218669746408489,0.179629341394595,-0.379735772685554,-0.142312400175409,-0.0266438936386078,0.0958010417217613,0.337557844272445,6748.03229751283,0.999175071455779,NA,1154,NA,NA,FALSE,FALSE
"a_spqrt[1155]",0.0405416878316022,0.00232452963517751,0.195395364653766,-0.343692478447559,-0.0866151047330498,0.035804374814148,0.165419284889453,0.44028292316875,7065.75116672332,0.999660587376629,NA,1155,NA,NA,FALSE,FALSE
"a_spqrt[1156]",-0.0575789057715445,0.00248827220127153,0.203044551998758,-0.475903150276192,-0.191582996508712,-0.0493899717046706,0.0806178502782218,0.321256184444672,6658.66103000537,0.998955159019098,NA,1156,NA,NA,FALSE,FALSE
"a_spqrt[1157]",-0.00834774251654537,0.00272215434098388,0.206883490292082,-0.406733712498733,-0.144875683975397,-0.0108603325067149,0.129401358892762,0.404302119876788,5775.98661992538,0.999580117331163,NA,1157,NA,NA,FALSE,FALSE
"a_spqrt[1158]",-0.0207066196651638,0.00264937670816755,0.19635726335876,-0.395718117300002,-0.149719652401887,-0.0218800790027995,0.107551134915016,0.365032094748131,5492.96097452993,0.999407343835646,NA,1158,NA,NA,FALSE,FALSE
"a_spqrt[1159]",-0.166711942579003,0.00330944611947889,0.203530548612347,-0.589788503623145,-0.294336197658879,-0.160806145167228,-0.0333475495995608,0.232172511084161,3782.23558930036,1.00051514703921,NA,1159,NA,NA,FALSE,FALSE
"a_spqrt[1160]",-0.0699011736043413,0.00268152010981155,0.204000724027142,-0.488480333296432,-0.20087634839509,-0.0649877688683966,0.0675639505653636,0.320266053522374,5787.63722229153,0.999301831251439,NA,1160,NA,NA,FALSE,FALSE
"a_spqrt[1161]",-0.0732810653559584,0.00262714187098441,0.195806195223321,-0.472312776727762,-0.199576323781368,-0.0656076240672792,0.0543709843640977,0.291547977511216,5555.02227492443,1.00037837348652,NA,1161,NA,NA,FALSE,FALSE
"a_spqrt[1162]",-0.0836273029764289,0.00217351253386159,0.184371440337919,-0.458614162140794,-0.21109231761349,-0.0767941559764449,0.0423742059007625,0.26341203633226,7195.53349309724,0.999487814657296,NA,1162,NA,NA,FALSE,FALSE
"a_spqrt[1163]",-0.0244098615547103,0.00255587692587213,0.19791199921707,-0.425121731695882,-0.153180727462166,-0.0248912841912636,0.106688904764831,0.372073013325162,5996.03800995704,0.999086769585708,NA,1163,NA,NA,FALSE,FALSE
"a_spqrt[1164]",0.0280863192409575,0.00248029008166242,0.192166282883109,-0.343954914364763,-0.0980717648569434,0.0250300021270615,0.154316315082785,0.405565313389314,6002.73852131966,0.999136030889696,NA,1164,NA,NA,FALSE,FALSE
"a_spqrt[1165]",0.00446402845760025,0.00236882949798514,0.189248354427346,-0.369561878305353,-0.117097627603544,0.00271112718133109,0.126250014310634,0.379534865915531,6382.58516928437,0.999129183026856,NA,1165,NA,NA,FALSE,FALSE
"a_spqrt[1166]",0.0264226422720253,0.00257390420738621,0.197267579351337,-0.355827360401262,-0.107840625861855,0.0232246347011675,0.15580230730024,0.418848746476146,5873.90165888569,0.999620327102966,NA,1166,NA,NA,FALSE,FALSE
"a_spqrt[1167]",0.0167284782835015,0.00262840792946871,0.20291167418394,-0.382201987532792,-0.115655685342737,0.0135354637992862,0.14560505402359,0.431155437066449,5959.75670472385,0.999336185387042,NA,1167,NA,NA,FALSE,FALSE
"a_spqrt[1168]",-0.0285150173567269,0.00221203166044878,0.195435571119912,-0.417825880179477,-0.149335709117486,-0.0261184110928988,0.0942292192252462,0.365573350218451,7805.92810941182,0.99920546150086,NA,1168,NA,NA,FALSE,FALSE
"a_spqrt[1169]",-0.0629153650437049,0.00237015637184702,0.199987532263475,-0.452941476542555,-0.192225104243681,-0.061418208465204,0.0700665911757259,0.334790475051098,7119.53851174343,0.999120104626785,NA,1169,NA,NA,FALSE,FALSE
"a_spqrt[1170]",-0.0150020275356416,0.00253396716450396,0.197980838411508,-0.405247223368545,-0.148268497084694,-0.0146838571601128,0.12285611491654,0.370357068790685,6104.41923693206,1.00056885290189,NA,1170,NA,NA,FALSE,FALSE
"a_spqrt[1171]",0.0259699826105873,0.00230658179914022,0.194627488366719,-0.354549228164849,-0.104071267934358,0.0284672544891669,0.15213143743716,0.407246060467344,7119.84657003071,0.999068904539225,NA,1171,NA,NA,FALSE,FALSE
"a_spqrt[1172]",-0.00549412357513281,0.00240540314505831,0.199090234647869,-0.385793475607347,-0.140347211213871,-0.00326944699031033,0.125807398613041,0.391073195995888,6850.52992789673,1.00021130247765,NA,1172,NA,NA,FALSE,FALSE
"a_spqrt[1173]",0.0255673990540712,0.00269079964465526,0.20102755332187,-0.37087650704294,-0.105139789893852,0.024127834131173,0.15895092554202,0.422643151328214,5581.46814680624,0.999464605308305,NA,1173,NA,NA,FALSE,FALSE
"a_spqrt[1174]",-0.0231512221418075,0.00285749468674818,0.210627841889104,-0.450615730434769,-0.157481716591392,-0.0197338054130747,0.112202555075798,0.394335170072953,5433.26256268683,0.999537185778477,NA,1174,NA,NA,FALSE,FALSE
"a_spqrt[1175]",-0.0140590081823519,0.00272644766624373,0.198526643776013,-0.405387977524346,-0.149130345395468,-0.0139098689305376,0.122241791950843,0.365465294901313,5302.04329153487,0.999476864253533,NA,1175,NA,NA,FALSE,FALSE
"a_spqrt[1176]",0.00311883524680078,0.00263807416645024,0.201419785102,-0.404623609528966,-0.12634574462566,0.003421404362391,0.129744532986513,0.42311127543834,5829.48587591508,0.999727859673328,NA,1176,NA,NA,FALSE,FALSE
"a_spqrt[1177]",-0.0182457424095806,0.00265908765127849,0.211986616347076,-0.435991145406364,-0.155727400484199,-0.0182052986599267,0.115942350938823,0.407006988354768,6355.52716543525,0.9990768403156,NA,1177,NA,NA,FALSE,FALSE
"a_spqrt[1178]",0.00137257736769887,0.00216050397160903,0.190940278638803,-0.368563323244513,-0.126493440662186,0.000118080484866883,0.126704591142894,0.385299543949005,7810.61023134994,0.999333775041438,NA,1178,NA,NA,FALSE,FALSE
"a_spqrt[1179]",-0.00883625335053885,0.00257235837245002,0.211787874546494,-0.42300871343707,-0.141383284908656,-0.0130247574681229,0.127879934898016,0.414062328014638,6778.58799167009,0.999695325140345,NA,1179,NA,NA,FALSE,FALSE
"a_spqrt[1180]",-0.0502904867537933,0.0027242812125973,0.212974623945039,-0.485091085591355,-0.186624838215951,-0.0441390023477867,0.0903977405258357,0.370141929439366,6111.55675737817,0.999105382978976,NA,1180,NA,NA,FALSE,FALSE
"a_spqrt[1181]",0.0966427244313066,0.00293576212466415,0.20912061898932,-0.303899604155791,-0.0396576655739578,0.0905254136523267,0.232040553459417,0.534940267930124,5074.01778443771,0.999587620661842,NA,1181,NA,NA,FALSE,FALSE
"a_spqrt[1182]",0.0187070064000641,0.00243760429448379,0.206810777523182,-0.3891703391475,-0.115916724841836,0.0211997901088117,0.153437230550576,0.427955064987733,7198.13391549341,0.999933466725146,NA,1182,NA,NA,FALSE,FALSE
"a_spqrt[1183]",-0.0222706772530432,0.00245239815257068,0.193130783826355,-0.405393147073902,-0.146956012557132,-0.0183101079195497,0.100169228721635,0.357658974823913,6201.84696626694,0.999223105834552,NA,1183,NA,NA,FALSE,FALSE
"a_spqrt[1184]",-0.0371899622072986,0.0025573478228393,0.193719150120076,-0.424302048701439,-0.167370609271157,-0.0358663726808465,0.091977089339185,0.329911601978187,5738.06561252572,0.999381210502326,NA,1184,NA,NA,FALSE,FALSE
"a_spqrt[1185]",-0.0408011157513164,0.002524970202293,0.19128137791191,-0.415075509700284,-0.164983280533464,-0.0400210263612028,0.0905418108988339,0.32870749394972,5738.95565058548,0.999208530975828,NA,1185,NA,NA,FALSE,FALSE
"a_spqrt[1186]",0.00129848665027764,0.00245873170626794,0.189262171581603,-0.372784799477992,-0.121204011073232,0.00144475146084084,0.123683686602942,0.377491581206952,5925.23192849129,0.999676896306351,NA,1186,NA,NA,FALSE,FALSE
"a_spqrt[1187]",0.0128841787673331,0.00249950586927946,0.193361190619256,-0.379549108157107,-0.113775067772021,0.0103413597021234,0.138175903307817,0.400953367687078,5984.53348571178,0.999200681038039,NA,1187,NA,NA,FALSE,FALSE
"a_spqrt[1188]",-0.00267930495392286,0.00250726803196244,0.194917402219602,-0.38066158029682,-0.130652844121747,-0.00436407890758732,0.124747870006381,0.388061276744757,6043.65552457942,0.999206525123869,NA,1188,NA,NA,FALSE,FALSE
"a_spqrt[1189]",0.0527051931036828,0.00252118943875399,0.203294646395404,-0.344225942924613,-0.0818523450304534,0.0483145983786848,0.184177876523178,0.46690838672545,6501.90957944199,0.999598465689736,NA,1189,NA,NA,FALSE,FALSE
"a_spqrt[1190]",0.0456008319310444,0.00192835396642926,0.17041288407245,-0.27961351104872,-0.0703702610608139,0.0437424342685386,0.161513284025446,0.378006976072543,7809.64588685529,0.999225682877104,NA,1190,NA,NA,FALSE,FALSE
"a_spqrt[1191]",0.0195770042797339,0.00206331100604016,0.17416654183361,-0.326582614748319,-0.0948003792550328,0.0191949881475525,0.13640894602898,0.365379651083529,7125.24936325615,0.99956316042224,NA,1191,NA,NA,FALSE,FALSE
"a_spqrt[1192]",-0.012791530468233,0.00221788904890311,0.18962667385677,-0.387734515487868,-0.13583101024453,-0.0109592845809141,0.113260428064374,0.354254535406264,7310.03105020883,0.999100069195105,NA,1192,NA,NA,FALSE,FALSE
"a_spqrt[1193]",-0.0586264781945169,0.00233157812251451,0.188305591518149,-0.439166256118517,-0.184112055431336,-0.0527190931308304,0.0686630562194925,0.29559433848447,6522.68625055441,0.999589473570994,NA,1193,NA,NA,FALSE,FALSE
"a_spqrt[1194]",-0.0147182823073248,0.0025337554738416,0.195179247806139,-0.396062627082026,-0.137919298485947,-0.0130088244644033,0.1099096300955,0.363747174635817,5933.86798516106,0.999587128645309,NA,1194,NA,NA,FALSE,FALSE
"a_spqrt[1195]",0.00739347028005898,0.00250325442222328,0.205383115752604,-0.388269890692523,-0.129336408092646,0.00781111620340078,0.140390761534646,0.41728059799489,6731.61844744465,0.999497121779321,NA,1195,NA,NA,FALSE,FALSE
"a_spqrt[1196]",-0.0239783620110219,0.00247120488680144,0.202006018436788,-0.414682350890272,-0.155798580853838,-0.0240247015274485,0.112018321062333,0.372716617736288,6682.07135904761,0.999420805556924,NA,1196,NA,NA,FALSE,FALSE
"a_spqrt[1197]",0.0416174769777247,0.00267147970838522,0.202067209286712,-0.350735013674947,-0.0988615330812497,0.0383921512329648,0.17625992455495,0.435042425958631,5721.21050659188,0.999356199762226,NA,1197,NA,NA,FALSE,FALSE
"a_spqrt[1198]",-0.0568724970221772,0.00208899937679795,0.189240534830936,-0.429237316181473,-0.183265560332531,-0.0544115073174941,0.0674492775397127,0.299747302536644,8206.38168985286,0.999031254367615,NA,1198,NA,NA,FALSE,FALSE
"a_spqrt[1199]",0.0718230754894999,0.00245161773193736,0.185377802240418,-0.285722538657858,-0.0538133518432506,0.0709869168365166,0.191905807086264,0.442083287710961,5717.54972638679,0.999660622424062,NA,1199,NA,NA,FALSE,FALSE
"a_spqrt[1200]",-0.0190895754029432,0.00224605944119275,0.182336002264753,-0.378575220331642,-0.141541230459623,-0.0133051644036781,0.103105462461478,0.329741736469761,6590.25722885866,0.999604074321694,NA,1200,NA,NA,FALSE,FALSE
"a_spqrt[1201]",0.00444457067067219,0.00251570211234606,0.186739341646208,-0.36520843928095,-0.112244262617793,0.00432817324103035,0.121829978486797,0.371178644560545,5510.02054083175,0.999185174872472,NA,1201,NA,NA,FALSE,FALSE
"a_spqrt[1202]",-0.00968181664509446,0.00282247128310427,0.199307658839027,-0.389263787967593,-0.141539750184935,-0.0090836789353161,0.116318687076955,0.392812830660217,4986.4206408997,0.999105729119781,NA,1202,NA,NA,FALSE,FALSE
"a_spqrt[1203]",0.0105015535918261,0.00254496589272672,0.202682486732087,-0.373902484240072,-0.131323682757516,0.010786346691777,0.149905799596466,0.399072902784877,6342.61741109466,0.999423700021198,NA,1203,NA,NA,FALSE,FALSE
"a_spqrt[1204]",-0.0091281999372425,0.00273601325097204,0.203462436313756,-0.406155147008225,-0.141390388507511,-0.00633957043544149,0.121860910954106,0.402340890451911,5530.08858585773,0.999347367434456,NA,1204,NA,NA,FALSE,FALSE
"a_spqrt[1205]",0.0231792256998704,0.00262687546500777,0.201892863994969,-0.367967309957034,-0.110695172727893,0.0196297052100389,0.159035736808573,0.422108279224668,5906.94557302532,0.999512938095002,NA,1205,NA,NA,FALSE,FALSE
"a_spqrt[1206]",-0.000601482954732433,0.00286413283656296,0.201186646437661,-0.394007050076046,-0.130674283192603,-0.000960133155057108,0.132748518217444,0.390727839518357,4934.1459338915,0.999248258553349,NA,1206,NA,NA,FALSE,FALSE
"a_spqrt[1207]",-0.00159425182792181,0.00242654693580761,0.198971696244205,-0.409927371477603,-0.129059871461827,-0.00174736709670621,0.127562008278751,0.389781279936192,6723.65176945971,0.999347974538682,NA,1207,NA,NA,FALSE,FALSE
"a_spqrt[1208]",0.0296952239808181,0.0021434282782486,0.192985644653629,-0.348780804151653,-0.0996515122452334,0.024765503852304,0.156454276810489,0.409196333071142,8106.47593551772,0.999501519129849,NA,1208,NA,NA,FALSE,FALSE
"a_spqrt[1209]",0.00323203390569814,0.00200094716434902,0.186734563350325,-0.368127151756845,-0.120297436176172,0.0024312758246316,0.124889086021641,0.369178534090275,8709.19829197873,0.999111823209732,NA,1209,NA,NA,FALSE,FALSE
"a_spqrt[1210]",0.00974276613896866,0.00249112307359164,0.186603310808657,-0.349645532863243,-0.117653045738856,0.0030752816465837,0.133192716691405,0.381492684939365,5611.10403821356,0.999962286941588,NA,1210,NA,NA,FALSE,FALSE
"a_spqrt[1211]",-0.00642424749099336,0.00229331575073742,0.183883077140113,-0.370054879446769,-0.129170713364645,-0.00794134683194919,0.117256443909424,0.352186092028824,6429.18344526533,0.999297004404875,NA,1211,NA,NA,FALSE,FALSE
"a_spqrt[1212]",-0.0203434785031279,0.00222578216967972,0.202896440791797,-0.426332343291618,-0.152450992205143,-0.0156908724328932,0.114525395889427,0.371686637272765,8309.66545092641,0.99906668349956,NA,1212,NA,NA,FALSE,FALSE
"a_spqrt[1213]",-0.0366958428782283,0.00269044557256424,0.202724626591715,-0.42808427987341,-0.172937518050884,-0.0351761774956147,0.0942048244749554,0.358289597597816,5677.5974453447,0.999574211720601,NA,1213,NA,NA,FALSE,FALSE
"a_spqrt[1214]",-0.00731517310454729,0.00236641605313259,0.188025984823578,-0.374153577996636,-0.133356586816337,-0.00950612320695018,0.115283986497914,0.379029156971401,6313.25801142324,0.999144779963573,NA,1214,NA,NA,FALSE,FALSE
"a_spqrt[1215]",-0.0302357175728246,0.00222788241588058,0.191933113029458,-0.420912257073645,-0.153579754382256,-0.0284740134007861,0.0934864308435845,0.355440184778238,7421.90315613732,0.999113940658965,NA,1215,NA,NA,FALSE,FALSE
"a_spqrt[1216]",0.00191039977683212,0.00252500595673388,0.209510887768068,-0.407504949986522,-0.138568490200024,0.00177921890425432,0.137728020152899,0.40862011418813,6884.75325781751,0.999074170484518,NA,1216,NA,NA,FALSE,FALSE
"a_spqrt[1217]",-0.0132175494426546,0.00242520700709594,0.193001817754695,-0.395024177410035,-0.135849193487672,-0.0111099936168404,0.112760928606925,0.365976848447226,6333.22868272153,0.999097886105504,NA,1217,NA,NA,FALSE,FALSE
"a_spqrt[1218]",-0.00489902453690572,0.00209940506971919,0.182527929163294,-0.372819412992466,-0.119091817223277,-0.0080866877104305,0.117009876237096,0.357215696465291,7559.03175875426,0.999025137838684,NA,1218,NA,NA,FALSE,FALSE
"a_spqrt[1219]",-0.0644719281729931,0.00280512661529673,0.190654769470747,-0.443438971952294,-0.193601969525866,-0.0659151824785037,0.0662184079722602,0.304661273298011,4619.45148838719,0.999560132343746,NA,1219,NA,NA,FALSE,FALSE
"a_spqrt[1220]",0.0206701542801361,0.00224791626660958,0.189612940663962,-0.360953323094205,-0.101287974865635,0.0205753854077049,0.142446700113571,0.390186319012587,7115.01282534923,0.999443806762486,NA,1220,NA,NA,FALSE,FALSE
"a_spqrt[1221]",0.0282047827385613,0.00205038140893064,0.187441656164191,-0.336629753462179,-0.0957042361613402,0.0266948599431968,0.151983717758244,0.397342134543565,8357.24078337075,0.99942477607428,NA,1221,NA,NA,FALSE,FALSE
"a_spqrt[1222]",-0.0216677692974638,0.00284337930709231,0.202883790861378,-0.418201996269774,-0.156382493064963,-0.0190622130820127,0.113287656649741,0.37868615090638,5091.25799491855,0.999132737748252,NA,1222,NA,NA,FALSE,FALSE
"a_spqrt[1223]",0.00184722983685004,0.00227395931601239,0.203220955539742,-0.40788519717785,-0.129609558732491,0.00320346075663555,0.132038863410429,0.412625725798647,7986.7777145301,0.999543546799125,NA,1223,NA,NA,FALSE,FALSE
"a_spqrt[1224]",0.00474176450231265,0.00218479815871606,0.19617221010792,-0.379895357351312,-0.126919364384054,0.00287477831265439,0.137551053716057,0.381209199021908,8062.17698253531,0.999387802385693,NA,1224,NA,NA,FALSE,FALSE
"a_spqrt[1225]",0.00668000337341878,0.00235104524272061,0.190934604736483,-0.364212339104062,-0.121087041832996,0.00478064461344483,0.135303946914763,0.379620341016067,6595.49385024691,0.999249110644439,NA,1225,NA,NA,FALSE,FALSE
"a_spqrt[1226]",-0.0040325497529358,0.00209902294636316,0.190801201788428,-0.381827993257098,-0.131213957251449,-0.00633618364471035,0.118911997094265,0.38227848676139,8262.81138267111,0.998893395936123,NA,1226,NA,NA,FALSE,FALSE
"a_spqrt[1227]",0.0375019148870306,0.00246684176167916,0.193830506163432,-0.342350241814843,-0.0960174989017468,0.0367323282341026,0.167623522722952,0.414424049646122,6173.92963649155,0.999350336736491,NA,1227,NA,NA,FALSE,FALSE
"a_spqrt[1228]",-0.00549421213814236,0.00281599934783098,0.20296192320842,-0.39873555694648,-0.136186059854414,-0.00738176215653125,0.127046653640573,0.38615024696085,5194.74267285949,0.999285098639526,NA,1228,NA,NA,FALSE,FALSE
"a_spqrt[1229]",-0.00151063114440112,0.00261561010826347,0.207542659996357,-0.407371114785948,-0.137246543745926,0.00307334395175467,0.132401953538766,0.409949964507204,6296.05833310943,0.999305894001627,NA,1229,NA,NA,FALSE,FALSE
"a_spqrt[1230]",-0.0102448746130485,0.00287113145870158,0.204498624991436,-0.411857758900847,-0.146303082129883,-0.010676310285681,0.122705677946175,0.398534782906579,5073.11408652403,0.999453776553216,NA,1230,NA,NA,FALSE,FALSE
"a_spqrt[1231]",0.017632665376908,0.00219758898312342,0.201080739904167,-0.379006047739377,-0.115307753267859,0.0196397145572627,0.153394682359356,0.412281946059519,8372.36224818709,0.99979472980689,NA,1231,NA,NA,FALSE,FALSE
"a_spqrt[1232]",-0.01790884220095,0.00264863025147554,0.199462642928945,-0.432161356582833,-0.144705375579909,-0.0138935497130783,0.111032840562311,0.372697316156046,5671.27188751664,0.999181450878569,NA,1232,NA,NA,FALSE,FALSE
"a_spqrt[1233]",-0.0214568118859543,0.0023278102337186,0.202140239833224,-0.420700455439852,-0.153682675015797,-0.0197096628660592,0.112430620602114,0.378086021530347,7540.67819008228,0.998941395790536,NA,1233,NA,NA,FALSE,FALSE
"a_spqrt[1234]",-0.0139151497528173,0.00218707716378096,0.203514407057568,-0.428460706478151,-0.14091192972002,-0.012734234131538,0.116891910023614,0.389342824302522,8658.88767611683,0.999394304435175,NA,1234,NA,NA,FALSE,FALSE
"a_spqrt[1235]",-0.00496770448950634,0.00251440022360408,0.197839834877287,-0.401415326870702,-0.133611320983854,-0.00289091924399284,0.119872740117418,0.394802143613671,6190.96955762823,0.999048721395323,NA,1235,NA,NA,FALSE,FALSE
"a_spqrt[1236]",0.0786535619872506,0.00262248156011976,0.198601579965487,-0.30402628123439,-0.0549664731173301,0.0714201191090814,0.207673778657769,0.484926098961518,5735.09362421493,0.999060409657394,NA,1236,NA,NA,FALSE,FALSE
"a_spqrt[1237]",-0.000390938405706322,0.00229638969678322,0.203368074314087,-0.413687962726646,-0.125716514074792,0.00273191874496003,0.127891384646839,0.410353493341772,7842.85838746952,0.999197166763251,NA,1237,NA,NA,FALSE,FALSE
"a_spqrt[1238]",-0.033569514225852,0.0026350408582455,0.199048125206706,-0.43878800808777,-0.158417759594888,-0.0313898726712224,0.0972895726028743,0.354829884159646,5706.12755290799,0.998937104825318,NA,1238,NA,NA,FALSE,FALSE
"a_spqrt[1239]",0.220378823183952,0.00375868470787379,0.218382199948853,-0.19722432552485,0.0731944584360651,0.211154124063506,0.359073526006737,0.678175631814554,3375.69094916515,1.00026095662493,NA,1239,NA,NA,FALSE,FALSE
"a_spqrt[1240]",-0.0286155046418122,0.00226995406991372,0.178451731419913,-0.37322328949287,-0.148592080115967,-0.0342907071937727,0.0918012992249641,0.331996250120936,6180.26919976679,0.999478785169991,NA,1240,NA,NA,FALSE,FALSE
"a_spqrt[1241]",-0.225562942398141,0.00365488764938322,0.187585527861688,-0.610534360106329,-0.34921652029076,-0.21806417903716,-0.0956103958503467,0.136641314513361,2634.2112289498,1.0018498449923,NA,1241,NA,NA,FALSE,FALSE
"a_spqrt[1242]",-0.0417351333895008,0.00266571017860907,0.198771481110741,-0.449139687170443,-0.177324789558807,-0.036304692048106,0.0934688239319635,0.349936879792061,5560.09596069171,0.999329457946339,NA,1242,NA,NA,FALSE,FALSE
"a_spqrt[1243]",1.25304316369559,0.016193046528794,0.414233854350139,0.503215763710837,0.960026033443777,1.24218521765919,1.52172536670878,2.11507321212162,654.386079499988,1.00601858230123,NA,1243,NA,NA,TRUE,TRUE
"a_spqrt[1244]",0.15578895186208,0.00248258752579365,0.193153607530313,-0.212571181012994,0.0242803133945754,0.155564187852466,0.281934376271574,0.566744844033218,6053.36010259041,0.999183920489402,NA,1244,NA,NA,FALSE,FALSE
"a_spqrt[1245]",-0.0111357606313346,0.00227925339363295,0.19612489900689,-0.392822582258953,-0.141708016623026,-0.008546877195304,0.120746099086587,0.381355969632188,7404.23587826813,0.999190549013836,NA,1245,NA,NA,FALSE,FALSE
"a_spqrt[1246]",-0.00341597389198683,0.00231050711236999,0.180948504769972,-0.358041866056265,-0.123440038087278,-0.00321637730446756,0.109047567861908,0.369116254048029,6133.31652414539,0.999095553440489,NA,1246,NA,NA,FALSE,FALSE
"a_spqrt[1247]",-0.00533519210888967,0.00236689796206993,0.207762634857634,-0.417906290213977,-0.140175334181206,-0.00542292337482806,0.130448620059637,0.399574462259049,7705.05631696217,0.999075037773537,NA,1247,NA,NA,FALSE,FALSE
"a_spqrt[1248]",0.000806294940614452,0.00232903152299398,0.205163327070065,-0.401350167596859,-0.133977490198599,0.000347858755245366,0.132766555188653,0.421742721462493,7759.76793216979,0.999317611945155,NA,1248,NA,NA,FALSE,FALSE
"a_spqrt[1249]",0.105996547750419,0.00272897152942596,0.206122819580952,-0.288702124939906,-0.0302415974136332,0.100348182450735,0.235247821790528,0.534931430702012,5704.98017478745,0.999339659538388,NA,1249,NA,NA,FALSE,FALSE
"a_spqrt[1250]",0.172933112220048,0.00337186246301771,0.213400676391978,-0.226462377209801,0.0301790515979007,0.163183147072179,0.300974334072071,0.619679206297378,4005.45521298123,0.99954641755652,NA,1250,NA,NA,FALSE,FALSE
"a_spqrt[1251]",0.104088429068735,0.00289046442441072,0.195645813680264,-0.263623368796934,-0.0289372819743083,0.0981312781703135,0.229952234832903,0.508195390820802,4581.48070771311,1.00041967110229,NA,1251,NA,NA,FALSE,FALSE
"a_spqrt[1252]",-0.292500957406216,0.0033056194831398,0.180928194166287,-0.668130741638148,-0.406721299718608,-0.284611211972196,-0.17139863910071,0.0425742545551804,2995.758346485,1.00031991070915,NA,1252,NA,NA,FALSE,FALSE
"a_spqrt[1253]",-0.0501453188096848,0.00238362656796883,0.185860180213878,-0.417292851997211,-0.172748304722642,-0.0459111050308701,0.0729363982932341,0.301083731869699,6079.89771445829,1.00000450904494,NA,1253,NA,NA,FALSE,FALSE
"a_spqrt[1254]",-0.0042425122962996,0.00211114177961251,0.17886908658633,-0.359845664704247,-0.120128430670257,-0.0040707942550473,0.108858292312439,0.350691761042721,7178.53425904677,0.999194350230948,NA,1254,NA,NA,FALSE,FALSE
"a_spqrt[1255]",-0.11902705572999,0.00244831935314493,0.187760604475805,-0.497764863192595,-0.242853642561416,-0.114633650581072,0.00605204757807419,0.244063698295861,5881.29303232022,0.999315847398713,NA,1255,NA,NA,FALSE,FALSE
"a_spqrt[1256]",-0.130964320069946,0.00295760365613756,0.196577596811106,-0.525971822423798,-0.254191586965051,-0.126611357410568,-0.00286314583128931,0.259518900552952,4417.61734053248,0.999267520927693,NA,1256,NA,NA,FALSE,FALSE
"a_spqrt[1257]",-0.0100440551031355,0.00246951762064464,0.190095661378909,-0.386293719673377,-0.133209982232874,-0.011482135678194,0.117722715914538,0.355096037062842,5925.43381018997,0.999228717110587,NA,1257,NA,NA,FALSE,FALSE
"a_spqrt[1258]",0.00462718364976876,0.00258958402726422,0.205378568169537,-0.399343286383132,-0.132164935639825,-0.0000587579214751806,0.143833771427297,0.400237525865647,6289.99395787825,0.99970952243211,NA,1258,NA,NA,FALSE,FALSE
"a_spqrt[1259]",0.00000896304809147615,0.0029806798535675,0.196161461126446,-0.389735457385832,-0.132029870891954,-0.000512961117321699,0.129856707580512,0.387809292655666,4331.08503984984,0.999850081132707,NA,1259,NA,NA,FALSE,FALSE
"a_spqrt[1260]",0.196155679884025,0.00363927388543213,0.208676107183659,-0.189702469262101,0.0570127727094402,0.189909627379461,0.327639783127403,0.626579680200038,3287.88009336027,0.999927959706523,NA,1260,NA,NA,FALSE,FALSE
"a_spqrt[1261]",0.0110329891345063,0.00240961338124148,0.206674243261588,-0.388107373459966,-0.12379416413548,0.00676882433786073,0.150637274573979,0.421785280693489,7356.61417613647,0.998900985456194,NA,1261,NA,NA,FALSE,FALSE
"a_spqrt[1262]",0.0195898581280927,0.00231865212964573,0.198338130460864,-0.362213173195132,-0.110111383399481,0.0173468966918073,0.148967341959335,0.410464508025358,7317.13788426459,1.00015420249577,NA,1262,NA,NA,FALSE,FALSE
"a_spqrt[1263]",-0.146786869897164,0.00272847362075856,0.194686038941034,-0.546264702071336,-0.2726523337848,-0.140077375378138,-0.0146434827417102,0.220447202755718,5091.31654588331,0.999625201900434,NA,1263,NA,NA,FALSE,FALSE
"a_spqrt[1264]",-0.249054644143074,0.00343140295389997,0.200082845807548,-0.647656031463643,-0.382911946774599,-0.239537070760393,-0.107393244362693,0.124288104502788,3399.97927708838,0.999728024348336,NA,1264,NA,NA,FALSE,FALSE
"a_spqrt[1265]",-0.0214398605618784,0.00233323425633732,0.197862429476558,-0.407876034229826,-0.153319570861317,-0.0220909119550024,0.108880806687662,0.371253254969588,7191.34271854255,0.999202269773021,NA,1265,NA,NA,FALSE,FALSE
"a_spqrt[1266]",0.096157513677927,0.00280794069085834,0.19413872527135,-0.268857539018759,-0.0394441421991101,0.093352416302612,0.228832221133264,0.492259321403364,4780.22662556029,0.999953694299641,NA,1266,NA,NA,FALSE,FALSE
"a_spqrt[1267]",-0.0549492577698364,0.00267399696077804,0.20636269651496,-0.475259941187322,-0.190847220162246,-0.0509755359507354,0.0832716708940329,0.337696961088416,5955.80636567206,0.998866623713484,NA,1267,NA,NA,FALSE,FALSE
"a_spqrt[1268]",-0.000897807778040368,0.00266081939358238,0.206305289199608,-0.406454099844621,-0.137054712023593,-0.000798202241687104,0.130862175164077,0.409192665550721,6011.59798670386,1.00000561625777,NA,1268,NA,NA,FALSE,FALSE
"a_spqrt[1269]",0.0528140701976572,0.00259616364942052,0.196263219479499,-0.336203150413186,-0.0774884461037891,0.0533283129109996,0.179302359699878,0.453799877483386,5714.96674750165,0.99913068579677,NA,1269,NA,NA,FALSE,FALSE
"a_spqrt[1270]",0.0219789931410593,0.00234493084468579,0.189160569184732,-0.345483641017027,-0.10025088615446,0.0170624273100879,0.144313253368807,0.408703871385023,6507.30474441087,0.998940198909885,NA,1270,NA,NA,FALSE,FALSE
"a_spqrt[1271]",-0.00844272844503834,0.00284490062698053,0.194307238348856,-0.389850163222214,-0.137251327896227,-0.00891043890909226,0.117867591591804,0.381060329345431,4664.91523355637,0.999620297814316,NA,1271,NA,NA,FALSE,FALSE
"a_spqrt[1272]",0.0340583456542536,0.00262329648440434,0.211704121890888,-0.383194832945478,-0.100971789537715,0.0332783939299684,0.173762139808409,0.463148533888362,6512.74198682297,0.999595111002618,NA,1272,NA,NA,FALSE,FALSE
"a_spqrt[1273]",0.000754122980532622,0.00283235589520714,0.202574228058549,-0.417970665812863,-0.127582154244946,0.00364789517969943,0.133391476797576,0.397636415039625,5115.31919981228,0.99959601579881,NA,1273,NA,NA,FALSE,FALSE
"a_spqrt[1274]",0.0036222072137233,0.00250991162220047,0.197380049535906,-0.382317225926024,-0.12517719162888,0.00154301900365798,0.133373707704407,0.383528504094541,6184.28717100149,0.999398300590012,NA,1274,NA,NA,FALSE,FALSE
"a_spqrt[1275]",0.0376351990217667,0.00276938269627706,0.203900281540449,-0.359058662671912,-0.100384622345743,0.0361959859917036,0.177158146012597,0.444358533427686,5420.87886035044,1.00009930296488,NA,1275,NA,NA,FALSE,FALSE
"a_spqrt[1276]",-0.00186708873217186,0.00245979098416538,0.194715694026438,-0.394939142301111,-0.130921868141771,0.000359367555432786,0.124693444352889,0.38438264421931,6266.21804833662,0.999410130009845,NA,1276,NA,NA,FALSE,FALSE
"a_spqrt[1277]",-0.157734415668015,0.00322208088685011,0.199941232380825,-0.568602005797237,-0.289873702587278,-0.15040049307376,-0.0172300012318233,0.213597473202678,3850.63054800222,1.0004664328481,NA,1277,NA,NA,FALSE,FALSE
"a_spqrt[1278]",0.00543821683728045,0.00237373858126625,0.194440990801167,-0.374043236690699,-0.123580177539053,0.00663698385912935,0.13722923103118,0.38305737877587,6709.80460943843,0.999277499551172,NA,1278,NA,NA,FALSE,FALSE
"a_spqrt[1279]",-0.0000165035589002311,0.00269942225462133,0.200718724057903,-0.389222242260541,-0.133898174824751,0.000654525704626613,0.136647731563609,0.397603626020289,5528.84133877088,0.999812629181653,NA,1279,NA,NA,FALSE,FALSE
"a_spqrt[1280]",0.00279543817499263,0.00233832089143445,0.194164736155982,-0.378183202473042,-0.126548521207158,0.00325493328074476,0.133032256033307,0.384552540891037,6894.97179995914,0.999161517022794,NA,1280,NA,NA,FALSE,FALSE
"a_spqrt[1281]",-0.00347843690849325,0.00289617232108302,0.209888506320676,-0.418627430402938,-0.139989629593335,-0.00518056628804191,0.138718752433897,0.404011668115235,5252.04594306738,0.998952834656987,NA,1281,NA,NA,FALSE,FALSE
"a_spqrt[1282]",-0.0127395049247947,0.0024571001754037,0.179218814013608,-0.359662875151783,-0.133257238835373,-0.013013246079791,0.103539148853891,0.337638532453697,5320.12053808739,0.999351012939851,NA,1282,NA,NA,FALSE,FALSE
"a_spqrt[1283]",-0.00532519480276422,0.00211932668932243,0.171030291579068,-0.349676242284081,-0.116816318184793,-0.00292187046729714,0.10488722243143,0.340160609988839,6512.53780723854,0.999027487982041,NA,1283,NA,NA,FALSE,FALSE
"a_spqrt[1284]",0.0260651006296497,0.00254182545234961,0.18924131342988,-0.334482268683065,-0.100316685372136,0.0241467387849767,0.150901755554368,0.411240470454451,5542.94359084355,0.998892042529894,NA,1284,NA,NA,FALSE,FALSE
"a_spqrt[1285]",0.00553570645917487,0.00237258699713658,0.200147183749104,-0.386651725834243,-0.12291256379591,0.00697490104451848,0.134427773675131,0.397408688318556,7116.30699717257,0.999428785615537,NA,1285,NA,NA,FALSE,FALSE
"a_spqrt[1286]",-0.0211554312203502,0.00257022908515191,0.199079370996955,-0.419213074469826,-0.149514775034487,-0.0193775013172248,0.112102872305208,0.377383553309295,5999.41427505316,0.999041948955484,NA,1286,NA,NA,FALSE,FALSE
"a_spqrt[1287]",0.00493197827270477,0.00278399180440368,0.198495842082648,-0.371893492217153,-0.125900206439338,0.00649772987739302,0.130693318032956,0.399861304006736,5083.54793474375,0.999522506100446,NA,1287,NA,NA,FALSE,FALSE
"a_spqrt[1288]",-0.0128069898149014,0.0023715230748721,0.188990040013235,-0.381376887434604,-0.140728156141527,-0.0123325854310953,0.111265586821952,0.358506125306679,6350.72232846157,0.999127116975654,NA,1288,NA,NA,FALSE,FALSE
"a_spqrt[1289]",-0.000676843515975021,0.00213699332481934,0.178223895609317,-0.356559511994059,-0.11708216849542,-0.0011783557373453,0.114598363622865,0.36093091617874,6955.454809088,0.999523938813579,NA,1289,NA,NA,FALSE,FALSE
"a_spqrt[1290]",-0.0328033733157676,0.00212929485026158,0.189427242120734,-0.411032733933335,-0.152480092614001,-0.032937134360951,0.0852473084660935,0.351198330095008,7914.31378897795,0.998879554230648,NA,1290,NA,NA,FALSE,FALSE
"a_spqrt[1291]",-0.0127840663984791,0.00270405779949869,0.206427023401506,-0.420811786962499,-0.150205943621643,-0.00949316123748654,0.127250721542533,0.390212008540828,5827.7533083822,0.999142418344954,NA,1291,NA,NA,FALSE,FALSE
"a_spqrt[1292]",-0.00573379039631677,0.00269921167378762,0.198732318605075,-0.389767030014306,-0.137892977972382,-0.00380330499571714,0.122309030290167,0.39205984192994,5420.79659972958,0.999108363779203,NA,1292,NA,NA,FALSE,FALSE
"a_spqrt[1293]",0.0353955979708902,0.00260661870971299,0.208968068194531,-0.383284661387257,-0.0971836309475017,0.035301146062119,0.164887856390187,0.463691212897523,6426.9487890552,0.999216215988595,NA,1293,NA,NA,FALSE,FALSE
"a_spqrt[1294]",0.0374658356717661,0.00231219295932325,0.194718749904647,-0.349617247255876,-0.0892361246787082,0.0302431614948799,0.161634933123927,0.440091324641389,7091.97827603593,0.999430201033726,NA,1294,NA,NA,FALSE,FALSE
"a_spqrt[1295]",0.0116441422394234,0.00282843210779665,0.198880798269762,-0.389719375672349,-0.118576911674005,0.0127863874103215,0.139913166479329,0.410068059742346,4944.17906898078,1.00112557907478,NA,1295,NA,NA,FALSE,FALSE
"a_spqrt[1296]",0.0122396760802805,0.00254103910070969,0.192860185418389,-0.381653801885302,-0.112416253104648,0.0111938613585817,0.140999540535349,0.400971902458071,5760.53028435959,0.999336491951574,NA,1296,NA,NA,FALSE,FALSE
"a_spqrt[1297]",0.000604077853617929,0.00220938404432856,0.188667341403784,-0.376405737262781,-0.120898693714121,0.00103504582663695,0.123923802623229,0.376316462929362,7292.07342010597,0.99918971216505,NA,1297,NA,NA,FALSE,FALSE
"a_spqrt[1298]",0.0722550603582049,0.00242792072378509,0.181277663699172,-0.276379005598109,-0.0477435059153515,0.0691111544932256,0.187154920658184,0.433034730324493,5574.6754262107,0.999516270220968,NA,1298,NA,NA,FALSE,FALSE
"a_spqrt[1299]",-0.0334206525721166,0.00227820598447642,0.186150283845903,-0.399886437208277,-0.157148756010364,-0.0304545524035889,0.0931893664548208,0.324794995920581,6676.38586293246,0.999681032425074,NA,1299,NA,NA,FALSE,FALSE
"a_spqrt[1300]",0.0152171944753613,0.00246831730817117,0.202471230295121,-0.384644837636121,-0.116054777913895,0.0162627002745974,0.145582709696424,0.423081205331066,6728.59930687884,0.999796648608876,NA,1300,NA,NA,FALSE,FALSE
"a_spqrt[1301]",0.0172662787275476,0.00271523745349593,0.204365930441796,-0.399259615982994,-0.120388937481062,0.0175209816178757,0.149005792340994,0.432971018125876,5665.01889257872,0.999234150017814,NA,1301,NA,NA,FALSE,FALSE
"a_spqrt[1302]",-0.117650581316915,0.00276904640524391,0.205924831487738,-0.535048890056474,-0.254407410197832,-0.113414123706756,0.0219502563236841,0.273793795815182,5530.40543415904,0.999315181947651,NA,1302,NA,NA,FALSE,FALSE
"a_spqrt[1303]",0.00472123218876822,0.00242691889634346,0.196267989028775,-0.393079981428865,-0.124248317363307,0.00630630572733418,0.134883634536051,0.398169201700771,6540.16069156632,0.999082178442674,NA,1303,NA,NA,FALSE,FALSE
"a_spqrt[1304]",0.0741902691103056,0.00277243743493606,0.202640390367505,-0.317498528200365,-0.0590499300399949,0.0757008555370637,0.202136065885811,0.464248409098338,5342.30302368029,0.999419666102999,NA,1304,NA,NA,FALSE,FALSE
"a_spqrt[1305]",0.000750333095579654,0.00237767416514585,0.198167965082389,-0.39285589095607,-0.127481366519718,0.00425304047620728,0.12798009707838,0.391115861629998,6946.43892595277,0.998977183924839,NA,1305,NA,NA,FALSE,FALSE
"a_spqrt[1306]",0.0458674334238991,0.00214131823385653,0.180268834062685,-0.302448588233469,-0.0738482856804039,0.0455373617995928,0.163518491638212,0.40696570714516,7087.26822457255,0.999258361834619,NA,1306,NA,NA,FALSE,FALSE
"a_spqrt[1307]",-0.0281790158720589,0.00205806353950741,0.180530572009677,-0.393117594373569,-0.146021709588509,-0.0274612695078424,0.0918587827275307,0.326198302312561,7694.56298223619,0.999274323968536,NA,1307,NA,NA,FALSE,FALSE
"a_spqrt[1308]",0.0482366737967853,0.00222938373321314,0.188195222571087,-0.31952221227106,-0.0724510767818369,0.0439810716076508,0.16430373365466,0.439717063250428,7126.02813970451,0.999035435873767,NA,1308,NA,NA,FALSE,FALSE
"a_spqrt[1309]",0.0235184997233437,0.00214587104912379,0.184681948397553,-0.333476001920573,-0.0941046908809144,0.0189929590469746,0.143711308266171,0.394939560178954,7406.98822652423,0.998803836037421,NA,1309,NA,NA,FALSE,FALSE
"a_spqrt[1310]",-0.0246248102698777,0.00226586842779784,0.193091867035936,-0.410874947974231,-0.146813245779059,-0.0238211836822736,0.0978758481152499,0.360945794917154,7262.03917700049,0.999262884361166,NA,1310,NA,NA,FALSE,FALSE
"a_spqrt[1311]",-0.00699857738272055,0.00245035800454019,0.202917534536948,-0.410193006832783,-0.133963754441643,-0.00568559870222835,0.122687262155133,0.393362072844101,6857.72510948229,0.999022479789757,NA,1311,NA,NA,FALSE,FALSE
"a_spqrt[1312]",0.086187597242597,0.00254849596694825,0.204433077048914,-0.320614548433382,-0.0413419381904445,0.0817929247168611,0.214808174003699,0.51353830609147,6434.79076342835,0.999205356133286,NA,1312,NA,NA,FALSE,FALSE
"a_spqrt[1313]",0.0547357524435466,0.00228987799766339,0.189451836298726,-0.315423559392476,-0.0716540316191471,0.0540365221505791,0.176850909211016,0.436644295915925,6844.99207797348,0.999326283578886,NA,1313,NA,NA,FALSE,FALSE
"a_spqrt[1314]",0.0341666174778042,0.00226859166757256,0.182183350966416,-0.31626487923934,-0.0882460637907211,0.0359740975773254,0.155060734339228,0.394130266092616,6449.18309172342,0.999558315815246,NA,1314,NA,NA,FALSE,FALSE
"a_spqrt[1315]",0.0083617739559758,0.00221048818728906,0.192578052302741,-0.355981879132975,-0.122471896640927,0.00633971369811336,0.140984904331031,0.386022042463488,7589.91973618314,0.999600785074535,NA,1315,NA,NA,FALSE,FALSE
"a_spqrt[1316]",-0.0025754290328061,0.00246475310699045,0.183447591419542,-0.365933758985891,-0.121375070428165,-0.00373199039436489,0.114729687864533,0.353181540865406,5539.58438756607,0.999009515166846,NA,1316,NA,NA,FALSE,FALSE
"a_spqrt[1317]",0.0155107548176413,0.00220187382147328,0.202786726847994,-0.374001180390293,-0.120100187255319,0.0172574531147021,0.150600214958372,0.421465965919468,8481.92044285934,0.999102008972781,NA,1317,NA,NA,FALSE,FALSE
"a_spqrt[1318]",0.0169326856116465,0.0024342614785706,0.201508985969547,-0.391927005467002,-0.11055784725778,0.0153025469678391,0.144748506904176,0.418691847760245,6852.58422289911,0.999359497262512,NA,1318,NA,NA,FALSE,FALSE
"a_spqrt[1319]",-0.00738088913183871,0.00241685327746987,0.192972728498034,-0.387213682612273,-0.139015610348354,-0.00731315861348326,0.123817480979308,0.371792190416018,6375.16314226013,0.999744121667057,NA,1319,NA,NA,FALSE,FALSE
"a_spqrt[1320]",-0.000266868809727993,0.00253953532445528,0.201925880032944,-0.411595729250832,-0.133719161306311,-0.0014484440198058,0.131621327713518,0.405157101974671,6322.30513213744,0.999195759931959,NA,1320,NA,NA,FALSE,FALSE
"a_spqrt[1321]",0.00507024804469174,0.00239413689765323,0.198192724692448,-0.373149969709626,-0.127247489441302,0.00500207347154681,0.132777227502971,0.394743750297047,6852.94832008508,0.999673282050112,NA,1321,NA,NA,FALSE,FALSE
"a_spqrt[1322]",0.00605202379002089,0.00224038773595206,0.188511428373229,-0.372768775648065,-0.116092343902152,0.00106619889544824,0.128771308402303,0.382301049822487,7079.93050853255,0.99949254778187,NA,1322,NA,NA,FALSE,FALSE
"a_spqrt[1323]",0.0981645671462439,0.00215106570199997,0.170696841481132,-0.233398654387208,-0.0148477536300244,0.0990263075984588,0.209944586487456,0.436078039672041,6297.14391794649,0.999002916698068,NA,1323,NA,NA,FALSE,FALSE
"a_spqrt[1324]",0.0590246916734688,0.00263790816228877,0.193619684485144,-0.314734715993188,-0.0680832216526304,0.0583734344074805,0.181312150798518,0.461105469768108,5387.40559268996,0.999300372907664,NA,1324,NA,NA,FALSE,FALSE
"a_spqrt[1325]",0.0310125652892534,0.00214160967295205,0.179002601304374,-0.328175515702764,-0.0871479676923379,0.0329569578458266,0.146230607276933,0.384466937608375,6986.15223457045,0.999413991401466,NA,1325,NA,NA,FALSE,FALSE
"a_spqrt[1326]",-0.0104566495643071,0.00224134803812548,0.183567404239082,-0.380657728785289,-0.128553318146445,-0.0132789723783683,0.111266467037958,0.348177957118895,6707.68307512409,0.999162672147133,NA,1326,NA,NA,FALSE,FALSE
"a_spqrt[1327]",0.0620528579575923,0.00277910354168213,0.205642955346561,-0.33976873206028,-0.0731374525116593,0.0562154381922628,0.196428694992122,0.483176314468296,5475.42983198026,1.00016811006377,NA,1327,NA,NA,FALSE,FALSE
"a_spqrt[1328]",0.0151479785255311,0.00219963948607723,0.197736417215707,-0.378993440629493,-0.117458200056107,0.0131296388076494,0.145755018150032,0.416715103733807,8081.09677143592,0.998918528306748,NA,1328,NA,NA,FALSE,FALSE
"a_spqrt[1329]",0.0288517328308545,0.00233113396384304,0.196339846660351,-0.355448288537921,-0.0998283296869392,0.0288952649656593,0.156110714443259,0.431246607784923,7093.85702412008,0.99929492406677,NA,1329,NA,NA,FALSE,FALSE
"a_spqrt[1330]",0.00974565330042945,0.00235023009744067,0.199714277866424,-0.382195970039139,-0.12133907384652,0.00890666349211225,0.139705054138326,0.408744267935054,7221.00193595091,0.99907487500089,NA,1330,NA,NA,FALSE,FALSE
"a_spqrt[1331]",-0.0627060563414033,0.00283533560743183,0.201560876389664,-0.463254831951963,-0.189252491751819,-0.0609200382357925,0.0665317863946299,0.352656901301617,5053.63104764002,0.999152791026476,NA,1331,NA,NA,FALSE,FALSE
"a_spqrt[1332]",0.00215918958196721,0.0024004568734814,0.19963543940367,-0.392254587912346,-0.130235156937412,0.00470121070937591,0.134502503693508,0.393854081004555,6916.51724831235,0.999136784635022,NA,1332,NA,NA,FALSE,FALSE
"a_spqrt[1333]",-0.0103987691753404,0.00278608048305266,0.198920314559541,-0.397920639513344,-0.144774318979391,-0.00948747337275888,0.121532733845464,0.373582980168378,5097.66108995012,0.999161480334939,NA,1333,NA,NA,FALSE,FALSE
"a_spqrt[1334]",0.00188605316721567,0.0026022087122998,0.199476595590904,-0.405228266828884,-0.130454182829017,0.00320627611910946,0.136990167635793,0.387423256061349,5876.24158300359,0.999311985402221,NA,1334,NA,NA,FALSE,FALSE
"a_spqrt[1335]",-0.0131197164502032,0.00274217546472781,0.19631632431948,-0.394958451030081,-0.142562353235813,-0.0167396514345438,0.113155471646049,0.38216116136887,5125.33606008171,0.999764591256789,NA,1335,NA,NA,FALSE,FALSE
"a_spqrt[1336]",0.0661768261595123,0.00243983053040068,0.202027416150324,-0.328390734664782,-0.0654046567788023,0.0651871136955324,0.197157252391956,0.469951603407892,6856.48130027806,0.999478280691929,NA,1336,NA,NA,FALSE,FALSE
"a_spqrt[1337]",-0.0737359543152321,0.00250373212110442,0.198418956403855,-0.47973092566038,-0.20789867385034,-0.0685784010462053,0.0623235422558803,0.307407600941473,6280.44765209763,0.999131793764899,NA,1337,NA,NA,FALSE,FALSE
"a_spqrt[1338]",0.044429127251904,0.00265399011813111,0.194362555338759,-0.332337586190836,-0.0807961365868038,0.0400197172387097,0.169291488527589,0.439005758180062,5363.23216817533,0.999209838680153,NA,1338,NA,NA,FALSE,FALSE
"a_spqrt[1339]",0.0184881559243815,0.00251898108102558,0.19844395712157,-0.376332894940316,-0.110334218979064,0.018275519324969,0.151213549190813,0.401327120115327,6206.20255530812,0.999084430827895,NA,1339,NA,NA,FALSE,FALSE
"a_spqrt[1340]",-0.0306720480956831,0.00268429175957744,0.205910598754568,-0.429590402885624,-0.168415414635168,-0.0268617333254179,0.103318651596811,0.366646706833746,5884.34281923098,0.999247129914996,NA,1340,NA,NA,FALSE,FALSE
"a_spqrt[1341]",-0.010441025549033,0.00236379165035365,0.204558880256138,-0.408722516322393,-0.147077772151442,-0.00969678723194286,0.121555838924151,0.403280798419131,7488.90440558572,0.999986752543142,NA,1341,NA,NA,FALSE,FALSE
"a_spqrt[1342]",0.0236628867406658,0.00214371304798352,0.201911577676786,-0.380376669828733,-0.10801981681152,0.0229969259908674,0.156719069083447,0.42072547026482,8871.33831698628,0.999366492758462,NA,1342,NA,NA,FALSE,FALSE
"a_spqrt[1343]",0.038524443874323,0.00292057191745533,0.202171188882443,-0.364055187423323,-0.0924833558322108,0.0350375064506241,0.166337703445004,0.447669317776182,4791.84454117634,1.00031400346538,NA,1343,NA,NA,FALSE,FALSE
"a_spqrt[1344]",0.0193453124925456,0.00268826300736927,0.205644601110948,-0.379112424107431,-0.117301228861147,0.0172648892385314,0.160794189454869,0.416667492646862,5851.82207358609,0.999349704742023,NA,1344,NA,NA,FALSE,FALSE
"a_spqrt[1345]",-0.0122142146202073,0.00259756330911576,0.202093106651236,-0.41968212413063,-0.14094026908839,-0.0139198081233506,0.118251886798324,0.397027532016427,6053.00061121666,0.999510838066571,NA,1345,NA,NA,FALSE,FALSE
"a_spqrt[1346]",0.0463313566318089,0.00252078939522834,0.202119440766286,-0.366410062401248,-0.0834517239385425,0.0431489716931296,0.172910423119038,0.449377571802831,6428.99443202663,0.999345021125133,NA,1346,NA,NA,FALSE,FALSE
"a_spqrt[1347]",0.0730331038166822,0.00242293551879159,0.200063398633292,-0.309515772731649,-0.0631118838980401,0.0654433696840794,0.205253258772803,0.493118767553324,6817.9148272229,0.999639793690871,NA,1347,NA,NA,FALSE,FALSE
"a_spqrt[1348]",0.0207605221480662,0.00250593693648973,0.20059710101239,-0.371130257460232,-0.112207401708508,0.0162323808683922,0.147849262491044,0.427052326154871,6407.80120535264,1.00009000063219,NA,1348,NA,NA,FALSE,FALSE
"a_spqrt[1349]",0.0070097464783136,0.00241820946033755,0.198598580406927,-0.388764278117314,-0.123639398093001,0.0043386853897498,0.132675871687271,0.414608708088503,6744.72811955625,0.999285120424902,NA,1349,NA,NA,FALSE,FALSE
"a_spqrt[1350]",0.00512398587216257,0.00242240818291031,0.197602171540951,-0.388038759447515,-0.124852643055533,0.00811923593294661,0.135416377699081,0.400981712219306,6654.0916165065,0.999179529760431,NA,1350,NA,NA,FALSE,FALSE
"a_spqrt[1351]",-0.0419603557339748,0.00281991598594271,0.193482414233566,-0.441486635656246,-0.170257553725987,-0.0350591314353487,0.0897948543766276,0.327253174931373,4707.72034697134,0.999616228422739,NA,1351,NA,NA,FALSE,FALSE
"a_spqrt[1352]",-0.00750649522083163,0.00239341833874095,0.19727407739365,-0.397915170924663,-0.133206268079691,-0.00239613587222711,0.116092544803112,0.394066471604427,6793.64443773671,0.998984133406336,NA,1352,NA,NA,FALSE,FALSE
"a_spqrt[1353]",0.00222217341369896,0.00241549733082244,0.19618462506784,-0.385472153863655,-0.122275171441543,0.00235391227814993,0.125842317962424,0.407183324437938,6596.54932009304,0.999286093815195,NA,1353,NA,NA,FALSE,FALSE
"a_spqrt[1354]",-0.0137064833162068,0.00239587823980347,0.206546142166654,-0.421808645385239,-0.143282266577875,-0.0136559945512644,0.11663313347199,0.39434460935292,7431.98268483336,1.00032001202031,NA,1354,NA,NA,FALSE,FALSE
"a_spqrt[1355]",0.00784666447993678,0.00245381726434243,0.191641649785617,-0.377048028585723,-0.118674187821755,0.00672577367763203,0.133699500048707,0.382801374821012,6099.51588129341,0.999828160911879,NA,1355,NA,NA,FALSE,FALSE
"a_spqrt[1356]",0.0552733995658774,0.00254574057489332,0.183685010589532,-0.307652369469065,-0.0668766451232631,0.0551823033581571,0.171168966335483,0.432477153333839,5206.17960089661,0.99953666571613,NA,1356,NA,NA,FALSE,FALSE
"a_spqrt[1357]",-0.0850497091106279,0.00235970549383137,0.185672653091797,-0.459405500679727,-0.209566369303541,-0.0832602492256443,0.0429084955059447,0.269544344549964,6191.27762729297,0.999345894034446,NA,1357,NA,NA,FALSE,FALSE
"a_spqrt[1358]",0.0398666744687666,0.00241835701086571,0.189118111767571,-0.344821717083532,-0.082997226035913,0.0411952682692892,0.160538072547437,0.41155729287461,6115.40772915443,0.999149082748374,NA,1358,NA,NA,FALSE,FALSE
"a_spqrt[1359]",-0.0459851157979258,0.00246585633944362,0.192900434490049,-0.429013841710353,-0.173088732152782,-0.0465779636717079,0.0843828584857478,0.323200072225802,6119.7103843734,0.999093804523966,NA,1359,NA,NA,FALSE,FALSE
"a_spqrt[1360]",0.0062417424918134,0.00254873917914503,0.199411132417807,-0.381934807584515,-0.123502910897256,0.00427141338084711,0.134180557425186,0.405467537778337,6121.36124487443,0.999874423862233,NA,1360,NA,NA,FALSE,FALSE
"a_spqrt[1361]",-0.0112766515676159,0.0024179076430392,0.195991351745049,-0.392788204340354,-0.139679137564241,-0.0116546379889532,0.119667935657014,0.366969999768165,6570.43919164836,0.999001897363978,NA,1361,NA,NA,FALSE,FALSE
"a_spqrt[1362]",0.0249514482479023,0.00267684359048036,0.198817506355666,-0.353967829139039,-0.10792180185144,0.0219267473797046,0.15911275238512,0.421164826238689,5516.49530786249,0.999336836831799,NA,1362,NA,NA,FALSE,FALSE
"a_spqrt[1363]",0.00258165955649334,0.00278802598373941,0.200962193386684,-0.400144513691606,-0.125838666722373,0.00401184577784041,0.131750061351106,0.393944676816222,5195.59260971445,0.999877851736266,NA,1363,NA,NA,FALSE,FALSE
"a_spqrt[1364]",0.01970315771858,0.00226357719544599,0.186124928858371,-0.350446936557058,-0.105543983490739,0.0144022767051853,0.142178474277723,0.387174032480393,6761.11728355793,0.999160756949015,NA,1364,NA,NA,FALSE,FALSE
"a_spqrt[1365]",0.00165105839832653,0.00245269725782844,0.187768221412059,-0.371564284927453,-0.123131802524776,0.000951363465911504,0.125110737954417,0.379151428778608,5860.79180468038,0.999057620530229,NA,1365,NA,NA,FALSE,FALSE
"a_spqrt[1366]",0.0460021326919343,0.00232248513221593,0.182865720477154,-0.306538041288224,-0.0804115728973492,0.0458704683232354,0.165836229530674,0.409128070756473,6199.52931442478,0.99984233428157,NA,1366,NA,NA,FALSE,FALSE
"a_spqrt[1367]",0.0119681441554737,0.002556533631647,0.188912763142175,-0.363626291378972,-0.10504283088424,0.00923949800210521,0.134067562268435,0.388665090460965,5460.33866872812,0.999556839812273,NA,1367,NA,NA,FALSE,FALSE
"a_spqrt[1368]",0.00791754935215088,0.00297436907940366,0.193473695711966,-0.366180380017736,-0.116058442457229,0.00487729684641401,0.125137388010907,0.404027460817975,4231.10828147171,1.00011013724568,NA,1368,NA,NA,FALSE,FALSE
"a_spqrt[1369]",0.0207486623055043,0.00241996266392905,0.19327363988242,-0.360700272349538,-0.107466075842892,0.0189538416798397,0.150907525843567,0.401846659963905,6378.63747802286,0.999318123338077,NA,1369,NA,NA,FALSE,FALSE
"a_spqrt[1370]",0.0102757618462128,0.0025111349858784,0.195116397697212,-0.368566893021688,-0.114116177346207,0.00758746027451868,0.139424335506844,0.389710276515808,6037.36483665455,0.999141637768505,NA,1370,NA,NA,FALSE,FALSE
"a_spqrt[1371]",0.00884836939978511,0.00224251566359028,0.18862554851855,-0.368687466843068,-0.112283600505236,0.00361173890480381,0.131433913364426,0.387210455877629,7075.05892095006,0.999530646292112,NA,1371,NA,NA,FALSE,FALSE
"a_spqrt[1372]",0.019197851097201,0.00205203866152686,0.189362432149246,-0.339228812770175,-0.112267176097512,0.0200556563586462,0.142851619535654,0.398498328497165,8515.62578342042,0.999500394151423,NA,1372,NA,NA,FALSE,FALSE
"a_spqrt[1373]",-0.00270579283032525,0.00247277084270339,0.209773824035149,-0.43464733242846,-0.136314409306783,0.000603971726745564,0.136916927842026,0.401433103611702,7196.72400881082,0.999283120898381,NA,1373,NA,NA,FALSE,FALSE
"a_spqrt[1374]",-0.0120358557817507,0.00259655625133018,0.207125869949272,-0.430017805945582,-0.144366290787217,-0.0129697392770977,0.121020733038067,0.419355502852409,6363.16551499005,0.999873080868706,NA,1374,NA,NA,FALSE,FALSE
"a_spqrt[1375]",-0.00553401915921024,0.00261988175600757,0.18684533593603,-0.370463213875223,-0.130715232846769,-0.00366002689141582,0.11629742421769,0.363442486898478,5086.290272691,0.999268589093277,NA,1375,NA,NA,FALSE,FALSE
"a_spqrt[1376]",0.0230069774975847,0.00278167389804077,0.193672159767992,-0.359029248963558,-0.110668085398197,0.0203738468744181,0.153173395750901,0.406562771772079,4847.54624358511,1.00049626853563,NA,1376,NA,NA,FALSE,FALSE
"a_spqrt[1377]",-0.00232664183303923,0.00229061993742689,0.168760785668713,-0.32491869132958,-0.116226884166481,-0.00487045746464644,0.113471645567622,0.324726328853329,5427.96456986189,0.99966128477503,NA,1377,NA,NA,FALSE,FALSE
"a_spqrt[1378]",0.00559845166583422,0.00226002054268018,0.186163284129124,-0.354161110037494,-0.117592022967298,0.00742413589031767,0.125285142640386,0.370570021815445,6785.20994759946,0.999078096614836,NA,1378,NA,NA,FALSE,FALSE
"a_spqrt[1379]",-0.0543389614054373,0.00250560817438927,0.182337705219009,-0.412460591553926,-0.176236589086727,-0.0525564703245665,0.0693716758183589,0.292463277802951,5295.74000282431,0.999744126711627,NA,1379,NA,NA,FALSE,FALSE
"a_spqrt[1380]",0.0181227426598181,0.0024355165353883,0.1859285625345,-0.345660457335694,-0.105320624625469,0.0166504641811489,0.142503526754538,0.382986280188373,5827.87272165358,0.999207800242176,NA,1380,NA,NA,FALSE,FALSE
"a_spqrt[1381]",-0.0103950388884295,0.00238414749517138,0.197612200086703,-0.402898220425086,-0.143349991200061,-0.0111187375505897,0.125536680160132,0.37077535034978,6870.07166903646,0.999481229686392,NA,1381,NA,NA,FALSE,FALSE
"a_spqrt[1382]",0.0118515273750411,0.00216807888655119,0.190786977412779,-0.367284119625543,-0.113711353360459,0.0122444235418157,0.137204150824566,0.38873533306348,7743.67816530557,0.999269567246327,NA,1382,NA,NA,FALSE,FALSE
"a_spqrt[1383]",0.02103624935339,0.00204301801044342,0.195392771469834,-0.363417065299195,-0.1102671761724,0.0222307669846788,0.151514211924606,0.403804724086126,9146.87187180221,0.998914354382786,NA,1383,NA,NA,FALSE,FALSE
"a_spqrt[1384]",0.0082906871963543,0.00254130383146166,0.200899498136043,-0.367378369205138,-0.12737671021484,0.00590877956409779,0.141651834217627,0.398898774334996,6249.48919054956,1.00013984653024,NA,1384,NA,NA,FALSE,FALSE
"a_spqrt[1385]",-0.00763285378336982,0.00251077420070123,0.206711898306792,-0.4083119356426,-0.140760659179119,-0.00987163789854292,0.127619866855981,0.402119460378148,6778.21961125922,0.999853186194851,NA,1385,NA,NA,FALSE,FALSE
"a_spqrt[1386]",0.0206840135559879,0.00238419381594649,0.19886258890225,-0.368427859486416,-0.111924677900777,0.0168521555574556,0.149753345003901,0.414624644266199,6957.0169846942,0.999374120723721,NA,1386,NA,NA,FALSE,FALSE
"a_spqrt[1387]",-0.0126187925046437,0.00283114220805873,0.203570606755438,-0.403779174325274,-0.144290776230552,-0.0152180156991,0.121510954964545,0.375077266492136,5170.19321252419,0.999476175981424,NA,1387,NA,NA,FALSE,FALSE
"a_spqrt[1388]",-0.0506555731915313,0.00242117395891454,0.205404839385706,-0.460122676698731,-0.181321333319268,-0.0515431792127365,0.0842959621599815,0.362290647238351,7197.29584191128,0.999429250122779,NA,1388,NA,NA,FALSE,FALSE
"a_spqrt[1389]",-0.00628606328499844,0.00287129207193947,0.193804918516593,-0.388587764844312,-0.134192582271908,-0.00528384244089833,0.123213240074817,0.374597717207512,4555.90695330092,0.999506049731767,NA,1389,NA,NA,FALSE,FALSE
"a_spqrt[1390]",-0.00314543168867261,0.0026198964877704,0.2050803088114,-0.422271476393886,-0.133772838167058,-0.00211265260482298,0.127375240705298,0.416175061976127,6127.44836395554,0.999132264136751,NA,1390,NA,NA,FALSE,FALSE
"a_spqrt[1391]",0.013907647933466,0.00232523036736543,0.202887313437219,-0.374800970362077,-0.121551019684176,0.0150907767330014,0.147873394889652,0.409585123008811,7613.38532150773,0.999215365096307,NA,1391,NA,NA,FALSE,FALSE
"a_spqrt[1392]",-0.0345792811685663,0.00224595330543477,0.190793579173827,-0.416740264222894,-0.16092510554803,-0.0329742065229567,0.0953614231321286,0.335702394688858,7216.49084104753,0.999335647053404,NA,1392,NA,NA,FALSE,FALSE
"a_spqrt[1393]",0.0220605240481452,0.00237633689351392,0.195355893868573,-0.382822270535789,-0.104658633276949,0.0246879271252075,0.151739645417187,0.401727092465143,6758.29298693252,0.999306778384008,NA,1393,NA,NA,FALSE,FALSE
"a_spqrt[1394]",0.0248696286581474,0.00232856659057646,0.203130640350397,-0.372245954452401,-0.109230821622468,0.018407399832822,0.159525374403895,0.435146655637196,7609.80540049351,0.999261463628673,NA,1394,NA,NA,FALSE,FALSE
"a_spqrt[1395]",0.00504224596412896,0.00270678461429733,0.203743566949025,-0.397338971143801,-0.1293352582285,0.00654990194078839,0.134853094301389,0.420181351482312,5665.78919363894,0.999659565383017,NA,1395,NA,NA,FALSE,FALSE
"a_spqrt[1396]",-0.0329145536715528,0.00254710093954343,0.201536467615468,-0.428707329021726,-0.167028449466948,-0.0307035774277723,0.0954485559554464,0.366802142017432,6260.58580960525,1.00019806159096,NA,1396,NA,NA,FALSE,FALSE
"a_spqrt[1397]",-0.00970902595457326,0.00246775103254632,0.200591393155038,-0.397637835139059,-0.143036595219063,-0.00790462053292126,0.122608697936627,0.389597304536447,6607.26772571906,0.999872688075986,NA,1397,NA,NA,FALSE,FALSE
"a_spqrt[1398]",-0.0182223553477679,0.00248867688622201,0.194049022480341,-0.406619610362123,-0.145267458378707,-0.0169687297835105,0.105707764686489,0.376072135772338,6079.75236184579,0.999286731424509,NA,1398,NA,NA,FALSE,FALSE
"a_spqrt[1399]",0.00395322533750761,0.00256936848958403,0.195010528306308,-0.385824343563584,-0.12803458194447,0.00646525796251221,0.130800686467128,0.381974358454064,5760.541773763,0.999297648647193,NA,1399,NA,NA,FALSE,FALSE
"a_spqrt[1400]",-0.0508247831984697,0.00238503211055705,0.193698575482765,-0.431179138841103,-0.182083778965229,-0.0473991494922358,0.0811525891547918,0.316242568998699,6595.7531362025,0.9992977293584,NA,1400,NA,NA,FALSE,FALSE
"a_spqrt[1401]",0.0376772762330727,0.00235140524106364,0.202491914043703,-0.349850346961365,-0.0934146011282849,0.035705378530694,0.164270588113263,0.459491621902555,7415.84095990639,0.999270291232515,NA,1401,NA,NA,FALSE,FALSE
"a_spqrt[1402]",0.00527792167064435,0.00254897757075089,0.202669737084655,-0.39420607670159,-0.129230514525726,0.0058384491346875,0.134689988224963,0.404762500404722,6321.87319160744,0.999130523556823,NA,1402,NA,NA,FALSE,FALSE
"a_spqrt[1403]",-0.0190315215761621,0.00279110205756641,0.206332885909636,-0.434724805017203,-0.149213178986164,-0.0155596860002198,0.112644583668795,0.389675616880919,5464.94092045293,0.999687062247931,NA,1403,NA,NA,FALSE,FALSE
"a_spqrt[1404]",0.00250988886765217,0.00236294811785198,0.180994072679689,-0.34962265783122,-0.118237624070902,-0.0000919495302791292,0.120208411454503,0.361714703161004,5867.05734114312,0.999469398545448,NA,1404,NA,NA,FALSE,FALSE
"a_spqrt[1405]",0.0179211602796737,0.00212294937421122,0.17977996788577,-0.333800098808819,-0.100904402179031,0.0176918969741025,0.138187396377635,0.37445196516566,7171.38967527886,0.999021089629811,NA,1405,NA,NA,FALSE,FALSE
"a_spqrt[1406]",0.00420419827919819,0.002130297224119,0.188077861153722,-0.365662933264589,-0.121694644455287,0.00288633041971695,0.130407359924083,0.366946710330026,7794.6200746026,0.999764687018658,NA,1406,NA,NA,FALSE,FALSE
"a_spqrt[1407]",-0.089928101276811,0.00230514874249046,0.194632822764758,-0.485504928273631,-0.215056645490874,-0.0879991638156405,0.0412630063183237,0.279812241485394,7129.09257914854,0.999077664513316,NA,1407,NA,NA,FALSE,FALSE
"a_spqrt[1408]",-0.0210893268007129,0.00265504558008923,0.193812563261135,-0.405166199015222,-0.155876987155323,-0.0195780953070792,0.11496096101945,0.350277291655085,5328.68303973466,0.999491043590676,NA,1408,NA,NA,FALSE,FALSE
"a_spqrt[1409]",-0.0247614692400478,0.0023639003028417,0.196193375452106,-0.410627172520893,-0.154117123238674,-0.0264167546061944,0.102617770716678,0.370437839666153,6888.27323407504,0.999080711452543,NA,1409,NA,NA,FALSE,FALSE
"a_spqrt[1410]",-0.0248857001573514,0.00250910241081441,0.197406368963394,-0.430070356724732,-0.148487016972655,-0.0212318160711029,0.100862958682939,0.368351815726565,6189.92725501964,0.999388364620216,NA,1410,NA,NA,FALSE,FALSE
"a_spqrt[1411]",-0.173500634331989,0.00359105931970641,0.208523207613244,-0.611291947197577,-0.30680491036252,-0.16211963552262,-0.0281052541034059,0.205423750687516,3371.81420036655,1.00078823955495,NA,1411,NA,NA,FALSE,FALSE
"a_spqrt[1412]",0.0195955148273266,0.00280786466693756,0.18719704586942,-0.346954346157586,-0.105772431052548,0.0186295298926987,0.141497966334887,0.395374024306998,4444.73259565092,0.999973727148047,NA,1412,NA,NA,FALSE,FALSE
"a_spqrt[1413]",0.0466203586401626,0.00207741205034473,0.181223966978369,-0.307327325345604,-0.0753277362012644,0.0475555586799604,0.166714903190576,0.40238388616089,7610.02305904006,0.999350087359448,NA,1413,NA,NA,FALSE,FALSE
"a_spqrt[1414]",-0.019833009991539,0.00237242118633943,0.186742826944294,-0.39559519867574,-0.144810178962203,-0.0157050495903061,0.101724832436456,0.340769329914247,6195.89815454703,0.999408781625165,NA,1414,NA,NA,FALSE,FALSE
"a_spqrt[1415]",-0.0124956630730195,0.00228484369910538,0.185388494825239,-0.380468731558752,-0.129084071237583,-0.00867233798775652,0.112988206151549,0.343001942913681,6583.43518391777,0.999211806238224,NA,1415,NA,NA,FALSE,FALSE
"a_spqrt[1416]",0.0102344619652373,0.00270048367235695,0.203455750447449,-0.386051235937099,-0.123126474473028,0.00883305656031831,0.142436235468525,0.406996524553603,5676.1887267656,0.999774856877228,NA,1416,NA,NA,FALSE,FALSE
"a_spqrt[1417]",-0.0270731288263052,0.00249435978484501,0.205041381457736,-0.438940520267311,-0.163254458975635,-0.0277641575145183,0.108699357422482,0.368373286385156,6757.17001832524,0.999213716554276,NA,1417,NA,NA,FALSE,FALSE
"a_spqrt[1418]",-0.0500046238888269,0.0024683317034326,0.208077908186768,-0.452956978613995,-0.186515980348295,-0.0465147824181893,0.0844286166375872,0.355160556080985,7106.32235173652,0.999100473769753,NA,1418,NA,NA,FALSE,FALSE
"a_spqrt[1419]",0.0663175066037138,0.00266168917069921,0.204355072853308,-0.345777408376521,-0.0634475815503051,0.0653112579085457,0.195654781037879,0.491026207392179,5894.62485090043,0.999463953955528,NA,1419,NA,NA,FALSE,FALSE
"a_spqrt[1420]",-0.00729355400914191,0.00263727160283805,0.210980279013881,-0.429559351708836,-0.145378367391031,-0.00648740124528089,0.129060468029749,0.402232168756399,6399.91207833525,0.999125765250895,NA,1420,NA,NA,FALSE,FALSE
"a_spqrt[1421]",-0.0170358488929236,0.00258809080326291,0.201834187749819,-0.429550015104891,-0.146003874029367,-0.0176394849418086,0.112024120404614,0.389405172960455,6081.77632254504,0.999256632325851,NA,1421,NA,NA,FALSE,FALSE
"a_spqrt[1422]",0.00895751885441017,0.00217027261009292,0.196548054996318,-0.384195091874447,-0.115389079424713,0.00846865876485748,0.132226120477479,0.40015668473056,8201.7952263458,0.999567057517667,NA,1422,NA,NA,FALSE,FALSE
"a_spqrt[1423]",0.0100180327356497,0.00193704559641235,0.171433153640331,-0.333035122460449,-0.103359081351054,0.00851503261283043,0.125413332527619,0.343242050528429,7832.6720139939,0.999042868709121,NA,1423,NA,NA,FALSE,FALSE
"a_spqrt[1424]",0.0074408185255178,0.0026179906461256,0.183493760646938,-0.365468182172361,-0.108693318537714,0.0082233905869948,0.127470410998504,0.368560345475087,4912.54364609497,1.00068106398169,NA,1424,NA,NA,FALSE,FALSE
"a_spqrt[1425]",0.0112408279145598,0.00228699568080093,0.183949889239713,-0.354376707438181,-0.112109193591536,0.00979671567437837,0.130988492995698,0.376991502161264,6469.46507254865,0.999108223391747,NA,1425,NA,NA,FALSE,FALSE
"a_spqrt[1426]",0.0232331528898222,0.00240456894108939,0.179731502717806,-0.33570578745775,-0.0945618873378012,0.0207663522614403,0.14510860563125,0.380363591326076,5586.93919090992,0.999133971209581,NA,1426,NA,NA,FALSE,FALSE
"a_spqrt[1427]",0.0188943934525472,0.0026893294821955,0.206600695327163,-0.388384295809651,-0.113452985478171,0.0133763045365594,0.14798493065047,0.435265684580629,5901.67829171838,0.999751922988721,NA,1427,NA,NA,FALSE,FALSE
"a_spqrt[1428]",0.0278712449351723,0.00258612328804903,0.196440056626245,-0.372461488502755,-0.101653914685056,0.0262813764269525,0.161616288675844,0.418176436080549,5769.81184655296,0.999592986023836,NA,1428,NA,NA,FALSE,FALSE
"a_spqrt[1429]",0.0370097842378223,0.00247850379481923,0.196063861253721,-0.34232035163239,-0.0967662293555521,0.0363017353301765,0.166306335224427,0.424916342186552,6257.71710972484,0.999397909619527,NA,1429,NA,NA,FALSE,FALSE
"a_spqrt[1430]",-0.0483056665968533,0.00272559463416988,0.199837459999731,-0.450727774862878,-0.17576660665343,-0.0449705746760942,0.0832464347550942,0.339070649808233,5375.6535423863,0.999092051138049,NA,1430,NA,NA,FALSE,FALSE
"a_spqrt[1431]",-0.021913105077915,0.00234283447171237,0.19794432469775,-0.415476600766547,-0.155005530629804,-0.019729568052674,0.115474688355601,0.355966340534542,7138.4331714453,0.999231967881439,NA,1431,NA,NA,FALSE,FALSE
"a_spqrt[1432]",0.00338546548406664,0.00281779020421967,0.207549333804332,-0.396348105560476,-0.129843673399514,0.00216324196016929,0.138481855908753,0.409547968158675,5425.32022814321,0.999288318386939,NA,1432,NA,NA,FALSE,FALSE
"a_spqrt[1433]",-0.00509753089772555,0.00260597559171983,0.197003543145798,-0.390005360767196,-0.132179440768607,-0.00455676336747312,0.121342257435446,0.378844668016074,5714.88356949626,0.999093817565118,NA,1433,NA,NA,FALSE,FALSE
"a_spqrt[1434]",0.0163079456484887,0.00223459541964266,0.195029617081218,-0.379704345937699,-0.109558615136244,0.0161662762368828,0.141762116000728,0.40300351443218,7617.33977036615,0.99909200699891,NA,1434,NA,NA,FALSE,FALSE
"a_spqrt[1435]",0.0203440347255585,0.00267268234552123,0.21330474918323,-0.395893237518905,-0.121460412758742,0.0184354468189665,0.157325575290991,0.455434952853643,6369.5149342495,0.999315552426241,NA,1435,NA,NA,FALSE,FALSE
"a_spqrt[1436]",0.0355557575186218,0.00246076635086195,0.20053693449421,-0.361360227278344,-0.0926697533476022,0.0317773078575275,0.160789830649923,0.442762147450475,6641.22179691803,0.999310474175468,NA,1436,NA,NA,FALSE,FALSE
"a_spqrt[1437]",0.0257033327310217,0.00221697926773456,0.186254488715757,-0.327561512294488,-0.101857569932166,0.0246626253727589,0.151812950682155,0.399170519781391,7058.13941443647,0.999134732005573,NA,1437,NA,NA,FALSE,FALSE
"a_spqrt[1438]",0.0315341466246547,0.00216229400669459,0.187186268002151,-0.328930380674149,-0.0948287351082213,0.0312894061651291,0.156367769511352,0.406324188071253,7494.08271503043,0.999076332193097,NA,1438,NA,NA,FALSE,FALSE
"a_spqrt[1439]",0.0838832177836952,0.00267068391691333,0.199890734329328,-0.323137813345934,-0.0455048719765722,0.0825112604836867,0.213836241350255,0.494706358112154,5601.9644019192,0.999014202901519,NA,1439,NA,NA,FALSE,FALSE
"a_spqrt[1440]",0.0731166351267812,0.00275108878433253,0.199474814520135,-0.313068228788155,-0.0594990249433621,0.0681492799172568,0.207686538682567,0.467684174259578,5257.35044378754,0.99934286378352,NA,1440,NA,NA,FALSE,FALSE
"a_spqrt[1441]",0.00162101872636985,0.00286908453612437,0.21042351947451,-0.401748196362007,-0.139769345021405,0.0028743207704181,0.138270698375112,0.419639357525611,5379.00404637321,0.999409347060767,NA,1441,NA,NA,FALSE,FALSE
"a_spqrt[1442]",0.0211914718773199,0.00232859649162862,0.19929400881863,-0.361154482100936,-0.115940385777255,0.0199646182076022,0.156122721773069,0.420641170850075,7324.87147269169,0.999271389136736,NA,1442,NA,NA,FALSE,FALSE
"a_spqrt[1443]",0.0185178890873296,0.00265849277630868,0.189589977549728,-0.351789670015626,-0.11111591045458,0.0180985863225247,0.142869542691588,0.394549058106935,5085.8058980924,0.999218957783204,NA,1443,NA,NA,FALSE,FALSE
"a_spqrt[1444]",0.10923062439661,0.00258439937139434,0.203331046227508,-0.279284850695811,-0.0188958294586345,0.104794536784206,0.237689965800395,0.520754533007373,6189.9641979381,0.99930533516025,NA,1444,NA,NA,FALSE,FALSE
"a_spqrt[1445]",-0.0119558404796278,0.00270801646398686,0.197576638830894,-0.403809460971455,-0.146083917861015,-0.00711076705297908,0.118953768155268,0.376553171606931,5323.14853940749,0.999222507885881,NA,1445,NA,NA,FALSE,FALSE
"a_spqrt[1446]",-0.0221204996726654,0.0026477505826199,0.198136266090839,-0.418283683284577,-0.147553133762099,-0.022877588495521,0.104967067812053,0.374248660742407,5599.816607687,0.999600343462445,NA,1446,NA,NA,FALSE,FALSE
"a_spqrt[1447]",0.000336338820124621,0.00264618873662126,0.206834175741871,-0.39981145805243,-0.135821580718838,0.000601625801414989,0.135531912242612,0.417658158341367,6109.46198428952,0.99999207554019,NA,1447,NA,NA,FALSE,FALSE
"a_spqrt[1448]",-0.00422290466826513,0.00241367139589488,0.197943199973493,-0.391853623321256,-0.129254487505244,-0.00150423827617636,0.124135651181143,0.400629800826501,6725.50478928099,0.999133073630832,NA,1448,NA,NA,FALSE,FALSE
"a_spqrt[1449]",0.00227222567654028,0.00262070495475947,0.202209288627027,-0.388660043974462,-0.126514348091907,0.00109802054430629,0.131590832677797,0.40804839559214,5953.41206294918,0.999428153926357,NA,1449,NA,NA,FALSE,FALSE
"a_spqrt[1450]",0.0111865755766385,0.00294909492143591,0.211817058499655,-0.412474447535725,-0.126559677849052,0.0121769448167326,0.145961590211059,0.448479861524278,5158.74858659832,0.999191940756954,NA,1450,NA,NA,FALSE,FALSE
"a_spqrt[1451]",-0.0200346535209119,0.00244712775816517,0.204455133284754,-0.436119866479022,-0.153346426431298,-0.0194669682626056,0.114651704005935,0.380678325114856,6980.4392397392,0.999453589761342,NA,1451,NA,NA,FALSE,FALSE
"a_spqrt[1452]",0.0110900845948229,0.00245873299035739,0.202222820382766,-0.392145102531914,-0.123184288562121,0.0137823204799059,0.147438555818055,0.410918793643409,6764.5294114633,0.999491600968688,NA,1452,NA,NA,FALSE,FALSE
"a_spqrt[1453]",-0.000811954841442405,0.0023211097631018,0.201267975832303,-0.390398496574174,-0.140126736006663,-0.000109253277558415,0.136062505900827,0.395374814842153,7518.96392475023,0.999180655872385,NA,1453,NA,NA,FALSE,FALSE
"a_spqrt[1454]",0.0615765695507395,0.00300550438709407,0.202199201384445,-0.321403164418268,-0.0754490039971887,0.0571689751776704,0.199801459806816,0.454042601988644,4526.09994120659,0.999607053254351,NA,1454,NA,NA,FALSE,FALSE
"a_spqrt[1455]",0.0453999806650833,0.00257508433595486,0.197601765687945,-0.341327568105764,-0.0835234904264009,0.0407099035088693,0.173886321187969,0.450102522954657,5888.41930330387,0.999895970841562,NA,1455,NA,NA,FALSE,FALSE
"a_spqrt[1456]",0.0236167491005138,0.00232992755348608,0.196255972148062,-0.363494908182656,-0.0986932432102245,0.0212927484741389,0.143218167270626,0.422624914050247,7095.13932673925,0.999237574420343,NA,1456,NA,NA,FALSE,FALSE
"a_spqrt[1457]",0.0233422385902308,0.00239538306270329,0.195379282321384,-0.372678416331765,-0.101887804152406,0.0213440449524223,0.148443573816968,0.40843559022058,6652.83988224706,0.999388676808983,NA,1457,NA,NA,FALSE,FALSE
"a_spqrt[1458]",-0.00499985455894316,0.00255778587288424,0.188407227313489,-0.378549580367683,-0.127813890549557,-0.00234379805089484,0.119814852323514,0.363253065950969,5425.83706490605,0.999080307970804,NA,1458,NA,NA,FALSE,FALSE
"a_spqrt[1459]",0.00693556599559049,0.00244178799304989,0.200148710075471,-0.385498617620311,-0.127324454125418,0.0106522277711196,0.137302267570505,0.408314992676722,6718.76859063106,0.999140549134669,NA,1459,NA,NA,FALSE,FALSE
"a_spqrt[1460]",0.0638015434967569,0.00234300545153721,0.203550852965297,-0.345617734136415,-0.0681392511041323,0.0551054584866163,0.195829759211596,0.493332834542414,7547.43280247731,0.999369520616555,NA,1460,NA,NA,FALSE,FALSE
"a_spqrt[1461]",-0.207994246850825,0.00355933325338953,0.208460028305515,-0.635575463373585,-0.345462569055934,-0.202489170523911,-0.0639930958182388,0.184617120828526,3430.11184085291,1.00009959817655,NA,1461,NA,NA,FALSE,FALSE
"a_spqrt[1462]",-0.0352475604589356,0.00240338368984232,0.194797062704781,-0.428361400498333,-0.159933783790568,-0.0328517449972527,0.0925548823295214,0.343952100727634,6569.29233940784,0.999475435483598,NA,1462,NA,NA,FALSE,FALSE
"a_spqrt[1463]",0.00711392382534979,0.00215102805632659,0.17877030303641,-0.343291508149117,-0.110954339963282,0.00709166835174215,0.12230268111719,0.369698397246226,6907.14546864233,0.999305340590045,NA,1463,NA,NA,FALSE,FALSE
"a_spqrt[1464]",0.008702415326529,0.00233200842669729,0.180542350993091,-0.348325884470513,-0.106414053760438,0.00796296003699048,0.125288610066336,0.368707929708465,5993.74077547938,0.999722299869534,NA,1464,NA,NA,FALSE,FALSE
"a_spqrt[1465]",0.0768092880108737,0.00229694567697283,0.187601558278737,-0.289425652584493,-0.048122723060806,0.0758856040417821,0.20053416910487,0.457692354164514,6670.70038143377,0.999437950432934,NA,1465,NA,NA,FALSE,FALSE
"a_spqrt[1466]",0.0186631803165091,0.00252029540949974,0.184449482072684,-0.342771867593625,-0.102214470268949,0.017914587203219,0.139333542833242,0.379723561668282,5356.14077931042,0.998961317183683,NA,1466,NA,NA,FALSE,FALSE
"a_spqrt[1467]",-0.00894621613307,0.00256521056423334,0.192682944967758,-0.393915215292484,-0.135451600535757,-0.00811223276307066,0.118786790640731,0.368318636622212,5642.09651890133,0.999343466165959,NA,1467,NA,NA,FALSE,FALSE
"a_spqrt[1468]",0.0156827621969252,0.00255967489465094,0.191646738287975,-0.359092116999078,-0.110023088347219,0.0164957003975798,0.137057329026728,0.406582981680615,5605.74381794871,0.999530661807624,NA,1468,NA,NA,FALSE,FALSE
"a_spqrt[1469]",0.0152574028558568,0.00282985137926346,0.186707809791421,-0.345065957401706,-0.108730295693423,0.0120352295872617,0.13982453561284,0.389954392748551,4353.09067811687,1.00011080702717,NA,1469,NA,NA,FALSE,FALSE
"a_spqrt[1470]",0.0170403370981168,0.00244577927768129,0.185624165862348,-0.340372172960652,-0.10366829709408,0.0167496258296485,0.136920927003148,0.392522725402642,5760.1594840229,0.998956661463741,NA,1470,NA,NA,FALSE,FALSE
"a_spqrt[1471]",-0.00476348660416977,0.00245405419944925,0.202077686956389,-0.406945955787691,-0.13535137983654,-0.00205681422841316,0.124931891907012,0.389183433853489,6780.60466304496,0.999027280205488,NA,1471,NA,NA,FALSE,FALSE
"a_spqrt[1472]",-0.00660699056143054,0.00278660521319945,0.208870099284856,-0.411857823873094,-0.139321414650739,-0.00952662436787884,0.129915420857632,0.418521347261872,5618.2577021336,0.999185628961216,NA,1472,NA,NA,FALSE,FALSE
"a_spqrt[1473]",0.00295296593810064,0.00260405088920995,0.196244832974367,-0.399461003488785,-0.124163742997077,0.0000644063650440174,0.131531768714405,0.398642466947105,5679.33553342587,0.998996959059698,NA,1473,NA,NA,FALSE,FALSE
"a_spqrt[1474]",0.00796220378963845,0.00241191971852509,0.19056341578259,-0.362298998905358,-0.118486188840052,0.00750364758885544,0.132971082494184,0.388168452541414,6242.42540536179,0.9996241096619,NA,1474,NA,NA,FALSE,FALSE
"a_spqrt[1475]",0.00808547738531925,0.00232639249769796,0.187555568225855,-0.362165296387333,-0.109871004989085,0.00585243384358296,0.130982962708109,0.375354078960572,6499.70950765418,0.999207415587051,NA,1475,NA,NA,FALSE,FALSE
"a_spqrt[1476]",0.00841945991608674,0.00258356803703004,0.200380594040688,-0.372981179733168,-0.117782816921041,0.00714235730342466,0.135461904507997,0.401236593782338,6015.49698679523,1.00000801716009,NA,1476,NA,NA,FALSE,FALSE
"a_spqrt[1477]",0.00585041854016784,0.00251704721186704,0.191076330003617,-0.36880965175184,-0.118220168469461,0.00967753303315575,0.128889138507572,0.381335793708357,5762.7669818141,0.999524612751034,NA,1477,NA,NA,FALSE,FALSE
"a_spqrt[1478]",-0.00852786749281402,0.00241148357904222,0.195718544195287,-0.408010740464825,-0.135941520458936,-0.00982979594030587,0.120539822027462,0.370815992984539,6587.1163644052,0.999542113379774,NA,1478,NA,NA,FALSE,FALSE
"a_spqrt[1479]",0.00887320371590771,0.00221179533966794,0.197572625464528,-0.38353295163352,-0.119349910550122,0.0120957858863704,0.135367153978669,0.395965842332072,7979.27925933398,0.999448445172497,NA,1479,NA,NA,FALSE,FALSE
"a_spqrt[1480]",0.00453988769741645,0.00241969019837487,0.196268124151515,-0.38218200373426,-0.119966518536639,0.00380891680228556,0.125198061766892,0.407713538662912,6579.30489695761,0.999270756273113,NA,1480,NA,NA,FALSE,FALSE
"a_spqrt[1481]",-0.00740091344573887,0.00219564334516368,0.203112690483617,-0.402182456930744,-0.139569089589637,-0.00957521390080986,0.122339271507315,0.389467963381749,8557.57130172893,0.999419381037564,NA,1481,NA,NA,FALSE,FALSE
"a_spqrt[1482]",-0.010353178211544,0.00255670281059031,0.203527333329804,-0.414957793003775,-0.137875646053053,-0.0138686307224498,0.120374966482957,0.399600133756517,6337.01867617086,0.999164783844616,NA,1482,NA,NA,FALSE,FALSE
"a_spqrt[1483]",0.00268039438516435,0.00224680473095304,0.20035355385288,-0.384699630194165,-0.133216969395985,0.00249179641315679,0.137052662828678,0.398883807167275,7951.7632512482,0.99936336363356,NA,1483,NA,NA,FALSE,FALSE
"a_spqrt[1484]",-0.0578996195410815,0.00247045658233548,0.198440445178133,-0.464716289313217,-0.182946638807614,-0.0589421842017132,0.074029548717404,0.314881302558624,6452.17196734314,0.999713347906545,NA,1484,NA,NA,FALSE,FALSE
"a_spqrt[1485]",0.00160755608641546,0.00274827255102084,0.20452176562879,-0.394769969372956,-0.131853570201357,0.00176441971395968,0.131741200936285,0.418816847139028,5538.08307405955,0.999142526237284,NA,1485,NA,NA,FALSE,FALSE
"a_spqrt[1486]",0.0105494914253422,0.00255369973879897,0.199275312882294,-0.385761530014759,-0.121842694394853,0.0120710929350992,0.138190886605412,0.407188672354739,6089.29950076519,0.998899962178934,NA,1486,NA,NA,FALSE,FALSE
"a_spqrt[1487]",0.0224432761470812,0.00266341056015107,0.208386019959642,-0.391764196789285,-0.111762384348961,0.0218656565400289,0.152882966140461,0.44739740976033,6121.54329327572,0.99983800806053,NA,1487,NA,NA,FALSE,FALSE
"a_spqrt[1488]",0.0088205787953566,0.00206298261158881,0.209697089394427,-0.396882372245711,-0.133542553257292,0.00992087681005577,0.149018723087438,0.427858701111589,10332.2206008184,0.999134944583727,NA,1488,NA,NA,FALSE,FALSE
"a_spqrt[1489]",0.0191677260494688,0.00256072024080638,0.202203355180068,-0.382019491252673,-0.115009480558373,0.0210968526396004,0.146547543241643,0.418665320327044,6235.22954921995,0.999569595220314,NA,1489,NA,NA,FALSE,FALSE
"a_spqrt[1490]",-0.188056675839982,0.00329223896649992,0.207405136049823,-0.625228807195517,-0.318509839651801,-0.181334506175285,-0.0500648938874737,0.200791622424859,3968.77347842448,1.00034137671122,NA,1490,NA,NA,FALSE,FALSE
"a_spqrt[1491]",-0.0584695516003551,0.0027438013758147,0.20615031039082,-0.474267631750023,-0.19171762435561,-0.0535734065718295,0.074449419609576,0.344546824484866,5644.98311220114,1.00011725824448,NA,1491,NA,NA,FALSE,FALSE
"a_spqrt[1492]",0.0218072649417536,0.00232619971726813,0.181322440420281,-0.337458899211294,-0.0925722359449167,0.0185293341657066,0.140323464453141,0.37442942297222,6075.87896647798,0.998975295841744,NA,1492,NA,NA,FALSE,FALSE
"a_spqrt[1493]",0.0202935658282373,0.00225553483986031,0.17488843524474,-0.312273517669297,-0.0978749076862453,0.0202379919256308,0.137283991438604,0.352827135565088,6012.05720963662,0.999576799064166,NA,1493,NA,NA,FALSE,FALSE
"a_spqrt[1494]",0.0285229032089354,0.00274908759299435,0.184067525543743,-0.330962164623101,-0.0934249330002794,0.0266249273960299,0.150068242702698,0.398167091345904,4483.08726332952,0.999037082091058,NA,1494,NA,NA,FALSE,FALSE
"a_spqrt[1495]",-0.0995262586731192,0.00244657652793553,0.185212033105012,-0.479520265331546,-0.220314765303909,-0.0956424704809355,0.0268620219664328,0.259751855643267,5730.8730546931,0.999213334346947,NA,1495,NA,NA,FALSE,FALSE
"a_spqrt[1496]",-0.0215319610305506,0.00265803163303276,0.210021781550154,-0.437292464716041,-0.158713832214028,-0.0222166730839958,0.118689553145052,0.389379960984388,6243.21636352067,0.999814725126231,NA,1496,NA,NA,FALSE,FALSE
"a_spqrt[1497]",0.0298869523884157,0.00228658437546369,0.189781955841391,-0.350339454331924,-0.0985372619076484,0.0298187904485063,0.156877280466654,0.41666287891902,6888.66988035402,0.999031742100396,NA,1497,NA,NA,FALSE,FALSE
"a_spqrt[1498]",0.0247032094146209,0.00239489532792281,0.193988497131322,-0.357308644518224,-0.105110500794012,0.0254658828796745,0.154219963997702,0.395334025412566,6561.13363586165,0.999250322565081,NA,1498,NA,NA,FALSE,FALSE
"a_spqrt[1499]",-0.0396095740104778,0.00227419292166797,0.181898697374409,-0.396723463518686,-0.163048912009236,-0.0386479386578197,0.0848610751348942,0.310106243023117,6397.41568801626,0.999599046223914,NA,1499,NA,NA,FALSE,FALSE
"a_spqrt[1500]",-0.0132857915102699,0.00266562807894105,0.213160304451316,-0.457120281129947,-0.149333603550128,-0.0071838393336085,0.128263849722442,0.397033804202446,6394.60252403949,0.99926143304951,NA,1500,NA,NA,FALSE,FALSE
"a_spqrt[1501]",-0.00826218937090727,0.00272253303020976,0.205813030521017,-0.413415157063705,-0.144658698652444,-0.00961667260938246,0.131138048020444,0.40644476917237,5714.77873834179,0.999240020828068,NA,1501,NA,NA,FALSE,FALSE
"a_spqrt[1502]",-0.0170066293484387,0.0024065607970777,0.205732375166443,-0.408532560774273,-0.154614791808256,-0.013895826439989,0.120424450929535,0.38802488146268,7308.219865971,0.999480832013712,NA,1502,NA,NA,FALSE,FALSE
"a_spqrt[1503]",-0.0231986002282471,0.00239770133576597,0.202040897191647,-0.439892230628044,-0.146444051126813,-0.0207587463399046,0.106009446754798,0.370968315263829,7100.49140957101,0.998942625286293,NA,1503,NA,NA,FALSE,FALSE
"a_spqrt[1504]",0.00278201096956673,0.00258230288393515,0.202848090969147,-0.405667617704688,-0.130288099131392,0.00434768281494432,0.141663849093293,0.387485517098057,6170.60134056792,0.999078783971484,NA,1504,NA,NA,FALSE,FALSE
"a_spqrt[1505]",0.149886806368789,0.00273722422887116,0.207552326206264,-0.248563129654886,0.0110785917261516,0.142531674209214,0.279104322907021,0.570947398372813,5749.55799972498,0.998962443904277,NA,1505,NA,NA,FALSE,FALSE
"a_spqrt[1506]",0.00565490916398748,0.00240461308062568,0.192962761961736,-0.382699715235893,-0.117097154426618,0.00740571768569593,0.136592771662291,0.380025926322213,6439.56606369642,0.99889323661751,NA,1506,NA,NA,FALSE,FALSE
"a_spqrt[1507]",-0.0330529198153342,0.00212995209489624,0.169693028087717,-0.383126534769009,-0.14420521257863,-0.0310185069757956,0.0772688464201279,0.299460040379302,6347.28980027949,0.99915405409334,NA,1507,NA,NA,FALSE,FALSE
"a_spqrt[1508]",-0.0189457647451402,0.00224326094874336,0.192756569965467,-0.398541845779534,-0.148239761734379,-0.01927661026594,0.111296521141762,0.353170483162712,7383.44062796544,0.999136575558311,NA,1508,NA,NA,FALSE,FALSE
"a_spqrt[1509]",-0.0446282500431682,0.00239051611115829,0.185660606546782,-0.414651790279341,-0.162265928756139,-0.0426028494125261,0.0743799969297102,0.319785214150314,6031.9284292595,0.999914919960227,NA,1509,NA,NA,FALSE,FALSE
"a_spqrt[1510]",-0.120229349280234,0.00255643538493673,0.177184165622545,-0.479542569353426,-0.233410268925315,-0.117037475471754,0.00353652986014057,0.212023793889561,4803.74754091743,0.999878056791101,NA,1510,NA,NA,FALSE,FALSE
"a_spqrt[1511]",-0.0246735298929774,0.00250841001334799,0.19107993205212,-0.405002179280408,-0.148562364308194,-0.0239487690433706,0.0991055327876566,0.354881983830272,5802.73990634164,0.99978559907978,NA,1511,NA,NA,FALSE,FALSE
"a_spqrt[1512]",-0.0220485771558233,0.00256553107252394,0.198567496242459,-0.4082364601899,-0.15396895041593,-0.0193790216204333,0.110410115623098,0.366467484606036,5990.4819174374,0.999699563503821,NA,1512,NA,NA,FALSE,FALSE
"a_spqrt[1513]",-0.0248728377463862,0.00227510709847179,0.186882630283396,-0.385006109749778,-0.151846753506918,-0.0263882734995773,0.0976795924383796,0.334694637868335,6747.36470409033,0.999855598416418,NA,1513,NA,NA,FALSE,FALSE
"a_spqrt[1514]",-0.0411591496273424,0.00237486169729871,0.196830825801968,-0.429630721591892,-0.17070497587072,-0.0462251409295268,0.0915846485818388,0.338844810916519,6869.25412120042,0.999459873096484,NA,1514,NA,NA,FALSE,FALSE
"a_spqrt[1515]",-0.0285630648773851,0.00210519364897099,0.197687533487908,-0.435244101123608,-0.152395537172982,-0.0283409452355615,0.0965057322514779,0.358403522652591,8818.08870673032,0.999253116950689,NA,1515,NA,NA,FALSE,FALSE
"a_spqrt[1516]",-0.0719187431465588,0.00248822245333378,0.212651198870132,-0.507422224262131,-0.203196975520821,-0.069402376914707,0.0660544724054163,0.345437661728298,7303.94108507166,0.999559442313017,NA,1516,NA,NA,FALSE,FALSE
"a_spqrt[1517]",-0.0925458297269775,0.00256547621583857,0.200201894001494,-0.490508269971111,-0.224939649478376,-0.0903651705338311,0.0431873205177397,0.292412416909162,6089.76281671648,0.999205008150259,NA,1517,NA,NA,FALSE,FALSE
"a_spqrt[1518]",0.373577346968474,0.00534927407792585,0.22141391945122,-0.0290735479205456,0.216230766578725,0.362642399688199,0.521161821493076,0.84279529045105,1713.24762846166,1.00255823486947,NA,1518,NA,NA,FALSE,TRUE
"a_spqrt[1519]",0.0407322183472797,0.00241011284572566,0.20206324938012,-0.34161636051849,-0.0932058470785447,0.0365990774204257,0.172977421775964,0.449512244384382,7029.10304852423,0.999288020294087,NA,1519,NA,NA,FALSE,FALSE
"a_spqrt[1520]",0.189580164840332,0.00362245279281338,0.217193037919337,-0.212835561827512,0.0411660464181387,0.182499128767305,0.331240791865857,0.635687322487737,3594.89599974932,1.00080578345222,NA,1520,NA,NA,FALSE,FALSE
"a_spqrt[1521]",0.0223643606297054,0.00221884603836224,0.186278742178504,-0.353992760842032,-0.0973886895556715,0.0187321966925596,0.143161049092648,0.401363619882765,7048.10323656877,0.99903064799457,NA,1521,NA,NA,FALSE,FALSE
"a_spqrt[1522]",0.0904102230212798,0.0025423345835386,0.188643767663152,-0.265403557545053,-0.0413190009432499,0.0874276104684331,0.216107772732376,0.472268209067881,5505.78835605357,0.999497239366565,NA,1522,NA,NA,FALSE,FALSE
"a_spqrt[1523]",0.00658068744629654,0.00229758998306332,0.191798220471423,-0.36202690847034,-0.122557333686511,0.00306858443060268,0.131034804237846,0.393269285221526,6968.57676487213,0.999450653052642,NA,1523,NA,NA,FALSE,FALSE
"a_spqrt[1524]",-0.0276839891224463,0.00215499782033964,0.189899668240095,-0.420224949575844,-0.151399069278694,-0.0315348205264947,0.0999846206732582,0.347442219116704,7765.23747114032,0.999552530735426,NA,1524,NA,NA,FALSE,FALSE
"a_spqrt[1525]",-0.00184775008526426,0.00259224271383505,0.202977003527087,-0.40533646049119,-0.133179147896303,-0.00343527222690985,0.134992755894756,0.396931539139478,6131.15575295398,0.999656877960004,NA,1525,NA,NA,FALSE,FALSE
"a_spqrt[1526]",0.00505979111463335,0.00226103510098047,0.200447895481214,-0.380322977581979,-0.126960176270858,0.00445888781814582,0.134534827427821,0.410098945234793,7859.38190820031,0.99900587559471,NA,1526,NA,NA,FALSE,FALSE
"a_spqrt[1527]",0.0126109653890779,0.00255112553039086,0.198881815568757,-0.373273455414639,-0.124126492750361,0.0124115377968527,0.144369145587908,0.403583065176266,6077.5213604532,0.999968800896063,NA,1527,NA,NA,FALSE,FALSE
"a_spqrt[1528]",0.051708626814241,0.00227639843533338,0.200975919056379,-0.336928365409761,-0.080311482329591,0.050264283516712,0.183871488929147,0.454990525915344,7794.5579431526,0.999418916156852,NA,1528,NA,NA,FALSE,FALSE
"a_spqrt[1529]",0.0555386010684498,0.00243276956710433,0.193811975942789,-0.321247027589535,-0.0762250026639906,0.0562528007846605,0.184441806531759,0.443187578397482,6346.8651324187,0.999946380274562,NA,1529,NA,NA,FALSE,FALSE
"a_spqrt[1530]",-0.00476780539651839,0.00254229238111841,0.202072788286303,-0.40044591371428,-0.137687418420599,-0.00551873378326986,0.128399191002294,0.393782386831174,6317.78258370274,0.999434308436222,NA,1530,NA,NA,FALSE,FALSE
"a_spqrt[1531]",0.0373398341250025,0.00275122734790439,0.208768918436462,-0.368590697549639,-0.10154133370645,0.0355054855424465,0.174188992165758,0.454852530089033,5758.09363548749,0.99963451666765,NA,1531,NA,NA,FALSE,FALSE
"a_spqrt[1532]",-0.00935490497969753,0.00231717831637125,0.199918687206064,-0.396898354483072,-0.143107924987773,-0.009541392702039,0.124561261195692,0.383324365182673,7443.68301914507,0.99922674548307,NA,1532,NA,NA,FALSE,FALSE
"a_spqrt[1533]",0.0167856590013625,0.00245230368564727,0.211120457927865,-0.397260144255903,-0.120316832965139,0.0202999952508262,0.156178608553943,0.421045096488962,7411.60280014416,0.999070624774045,NA,1533,NA,NA,FALSE,FALSE
"a_spqrt[1534]",0.0172901357686154,0.0023357955816061,0.199267429256965,-0.383275648921365,-0.113991373810282,0.019877141638001,0.154206472300701,0.407427460842759,7277.84783039068,0.999870102898031,NA,1534,NA,NA,FALSE,FALSE
"a_spqrt[1535]",0.0030872807186918,0.00244570555318118,0.200419754496215,-0.393759555522466,-0.128672877523775,0.00884347597274087,0.135873109493426,0.396702464005848,6715.41277161409,0.999074668865595,NA,1535,NA,NA,FALSE,FALSE
"a_spqrt[1536]",-0.0188317941384263,0.00262045063644418,0.203634712251703,-0.415936153072577,-0.152132728186937,-0.0141425172994368,0.113986515868944,0.384901291043431,6038.81404707491,0.999095421060799,NA,1536,NA,NA,FALSE,FALSE
"a_spqrt[1537]",0.0214358334287463,0.00225786225204022,0.205911554857987,-0.395419406649546,-0.112789088304948,0.0227027966679969,0.159387525099413,0.417810879095638,8316.9971032695,0.999167060082254,NA,1537,NA,NA,FALSE,FALSE
"a_spqrt[1538]",0.0558642189919484,0.00258023700604049,0.197937329114016,-0.344845877676181,-0.0732001760908226,0.0559569890813485,0.184333107106389,0.447686447218329,5884.86104028283,0.999164652123455,NA,1538,NA,NA,FALSE,FALSE
"a_spqrt[1539]",0.0206016477527328,0.00227196242932464,0.188827954825763,-0.348499919499415,-0.104356413697697,0.0213230200608323,0.148219682849985,0.376308133120856,6907.64942234903,0.998940632491272,NA,1539,NA,NA,FALSE,FALSE
"a_spqrt[1540]",-0.00697016391653931,0.00268030749789284,0.193421835445215,-0.396478651481346,-0.134765347122916,-0.00505468980974393,0.118376710445445,0.368428439283841,5207.64963595374,0.999430802249219,NA,1540,NA,NA,FALSE,FALSE
"a_spqrt[1541]",0.005356500319952,0.00293743245844933,0.20323633082242,-0.393437137147387,-0.122774231567816,0.00298202601436917,0.138815965975676,0.416417500532714,4787.03841205916,1.00011141339393,NA,1541,NA,NA,FALSE,FALSE
"a_spqrt[1542]",0.139001124732707,0.00275310407395471,0.182578149045806,-0.217691577007572,0.0197437339197471,0.133008773691995,0.25598658956204,0.518320631539205,4397.97080157765,0.999828884615373,NA,1542,NA,NA,FALSE,FALSE
"a_spqrt[1543]",0.0735440531695549,0.00244799889576487,0.1675897572462,-0.245104225248439,-0.034595132584837,0.0704559307581587,0.181170940696464,0.414525262619564,4686.75777612545,0.999720760107726,NA,1543,NA,NA,FALSE,FALSE
"a_spqrt[1544]",0.00272300605476041,0.00269008475297591,0.196638066205576,-0.388547563632197,-0.124412004877137,0.00257658722025771,0.129214419116531,0.39717951804318,5343.22254917748,0.999544806301329,NA,1544,NA,NA,FALSE,FALSE
"a_spqrt[1545]",-0.0356184778355586,0.0026560593478673,0.203660270651729,-0.43742602651957,-0.16832315568318,-0.0344802888992278,0.0949350085721528,0.360681133410138,5879.45517316791,0.999322527567313,NA,1545,NA,NA,FALSE,FALSE
"a_spqrt[1546]",-0.0833304607557106,0.00279500857478889,0.199938742816083,-0.495152118200459,-0.209344220410187,-0.0804408698187517,0.0448758977022721,0.305893855899863,5117.14383890043,0.999606669835481,NA,1546,NA,NA,FALSE,FALSE
"a_spqrt[1547]",0.0110276999767576,0.00207991203207012,0.194694327554726,-0.374800207676105,-0.115675219734331,0.00877922524421296,0.133463044398075,0.400236919694699,8762.27062620715,0.999475477617746,NA,1547,NA,NA,FALSE,FALSE
"a_spqrt[1548]",-0.0220103212738196,0.00211623015990543,0.193345468639319,-0.396145400950119,-0.1491254270759,-0.0245484123569303,0.107285698302453,0.361676950535147,8347.22648219741,0.999005123219679,NA,1548,NA,NA,FALSE,FALSE
"a_spqrt[1549]",0.0159628142042379,0.00244675025918607,0.205807162785059,-0.382613958950473,-0.123168695711089,0.014538424818437,0.152907816620632,0.419952420116701,7075.2482926542,0.998956259946682,NA,1549,NA,NA,FALSE,FALSE
"a_spqrt[1550]",0.00197438655050952,0.00248826428184263,0.205761497358016,-0.405572830457074,-0.133651093649111,0.00193849283787399,0.13684384662206,0.412997024616275,6838.09629733845,0.999558875908331,NA,1550,NA,NA,FALSE,FALSE
"a_spqrt[1551]",0.00359359183833014,0.00244586318399885,0.195127473062875,-0.373678920789451,-0.125172888195037,0.00500953384314298,0.134899233602858,0.388697400681617,6364.6206114244,0.999647644994051,NA,1551,NA,NA,FALSE,FALSE
"a_spqrt[1552]",-0.0324668497558201,0.00265142307827959,0.200385315333441,-0.431208630049901,-0.162115448768194,-0.0326899755796245,0.100885727862017,0.354790081292068,5711.8095788697,0.999355071330138,NA,1552,NA,NA,FALSE,FALSE
"a_spqrt[1553]",0.0748725657017009,0.00262682164717142,0.201482267491659,-0.330212451065774,-0.0522637952103609,0.070907386472491,0.201112536918817,0.490337526872431,5883.18474519608,1.00042657167598,NA,1553,NA,NA,FALSE,FALSE
"a_spqrt[1554]",0.0727698082726641,0.00243046023618112,0.198896967617106,-0.306489382500757,-0.0622270919424384,0.0677404681761027,0.197007584251518,0.482348929871214,6696.98434240696,0.999254568859719,NA,1554,NA,NA,FALSE,FALSE
"a_spqrt[1555]",-0.0137543463222019,0.0025278135057844,0.191089566260032,-0.380626440748614,-0.134877085745056,-0.017764918800107,0.10976421282238,0.359519097307791,5714.5743763498,0.999505919716059,NA,1555,NA,NA,FALSE,FALSE
"a_spqrt[1556]",-0.0402228591866385,0.00255278946482277,0.182727209185323,-0.402484590740951,-0.156688278795325,-0.0378157115068319,0.0793089490502936,0.325357081704805,5123.61448414404,0.99916716879235,NA,1556,NA,NA,FALSE,FALSE
"a_spqrt[1557]",-0.0533354837480266,0.00225203570741465,0.179180739103704,-0.399714113154414,-0.170588170852979,-0.0510284404735461,0.0665319796374755,0.291816911956329,6330.41384987613,1.00061151874055,NA,1557,NA,NA,FALSE,FALSE
"a_spqrt[1558]",-0.136353287709742,0.00249084178208556,0.185221932609621,-0.518271934282757,-0.252558802173865,-0.128211609590278,-0.0140215403395607,0.208915489218581,5529.58500145696,0.999705386239339,NA,1558,NA,NA,FALSE,FALSE
"a_spqrt[1559]",-0.0271922469788101,0.00236762427631881,0.185069005168717,-0.397238698749104,-0.147412148784512,-0.0293395777788583,0.0906057073512645,0.34136755396549,6110.00846873758,0.99917048765119,NA,1559,NA,NA,FALSE,FALSE
"a_spqrt[1560]",0.0263436531798968,0.00217472479362212,0.196925641695188,-0.361522403363768,-0.100484752407161,0.0273282153751217,0.15180424786807,0.410958073653238,8199.66155473346,0.999197396647381,NA,1560,NA,NA,FALSE,FALSE
"a_spqrt[1561]",-0.0175489137511133,0.00226564649687433,0.194328339445355,-0.402813670582797,-0.14051781196444,-0.0166942784579449,0.109263743605064,0.361479476805994,7356.78359787884,0.999916944407028,NA,1561,NA,NA,FALSE,FALSE
"a_spqrt[1562]",-0.146708781192077,0.00303840683446375,0.205685033446223,-0.572543246629829,-0.282295155135321,-0.141210865712191,-0.00858477348233699,0.244199406860517,4582.61671395995,0.999660303859959,NA,1562,NA,NA,FALSE,FALSE
"a_spqrt[1563]",-0.00535482480664422,0.00215412725303436,0.190031103301364,-0.383586797661869,-0.129942306379102,-0.00298060434857965,0.119875867256823,0.37633718673452,7782.2767179202,0.99906790423614,NA,1563,NA,NA,FALSE,FALSE
"a_spqrt[1564]",-0.0941276195089328,0.00241616780469957,0.193963344499454,-0.500151835448104,-0.212944726091961,-0.0902931948218131,0.026667341149324,0.290084080281536,6444.43936606085,1.00035382786976,NA,1564,NA,NA,FALSE,FALSE
"a_spqrt[1565]",-0.00712807697118664,0.00229755721529869,0.193160885897267,-0.389776025445308,-0.132484018642886,-0.00577806920141717,0.121252712988209,0.369515992578756,7068.1491701723,0.999044144904387,NA,1565,NA,NA,FALSE,FALSE
"a_spqrt[1566]",-0.0479332023130206,0.00275172020791335,0.186182415196567,-0.427848195646148,-0.169600855741091,-0.0448090214971863,0.0746918841456358,0.309826979050735,4577.92605175548,0.999648436538716,NA,1566,NA,NA,FALSE,FALSE
"a_spqrt[1567]",-0.0592014142146013,0.00255645903530489,0.179788921102743,-0.418671569501831,-0.17830966847766,-0.0561261057238048,0.0625923478296617,0.288669177108407,4945.93240384396,0.999753582381474,NA,1567,NA,NA,FALSE,FALSE
"a_spqrt[1568]",0.00835913959463597,0.0022429482441182,0.201670164019649,-0.387832087754094,-0.131060699850988,0.00554406711350262,0.144717029028399,0.398657915411956,8084.34424548983,0.998967228974186,NA,1568,NA,NA,FALSE,FALSE
"a_spqrt[1569]",0.009114867807289,0.0027271888965434,0.203416386716661,-0.408652982384456,-0.123321786903899,0.00607800463928206,0.144509642271839,0.416996592818471,5563.41466889961,0.999314711911796,NA,1569,NA,NA,FALSE,FALSE
"a_spqrt[1570]",0.00745091293936537,0.00244636423990868,0.202067992065345,-0.383474710805428,-0.12505047949123,0.0105182098500267,0.140131800550663,0.404009558642353,6822.64559651669,0.999126861610953,NA,1570,NA,NA,FALSE,FALSE
"a_spqrt[1571]",0.0528510705609201,0.0028651684099888,0.207093413846831,-0.351614675241089,-0.0865135755541277,0.0506726259935688,0.190839266747657,0.474279933984709,5224.35002318106,0.999585550554258,NA,1571,NA,NA,FALSE,FALSE
"a_spqrt[1572]",-0.0276110335717441,0.00289309229580477,0.204313419158634,-0.435372572970273,-0.158803670493866,-0.0266536641537701,0.103853224469187,0.385121581105594,4987.34263719204,0.999490301781895,NA,1572,NA,NA,FALSE,FALSE
"a_spqrt[1573]",0.0209866032577567,0.00262081209142025,0.195934789564039,-0.360950100432366,-0.112356085397453,0.0183850219462363,0.152710341338817,0.402723674220633,5589.22177175714,0.998892734317911,NA,1573,NA,NA,FALSE,FALSE
"a_spqrt[1574]",0.066429721582716,0.00282313402421021,0.198178970071474,-0.321654078057833,-0.0588130492023169,0.064240817690054,0.189734082424293,0.465426634836493,4927.78943226047,0.999534569465262,NA,1574,NA,NA,FALSE,FALSE
"a_spqrt[1575]",0.0150682371739812,0.00217565008059328,0.169473144386849,-0.317978379985934,-0.101170119350765,0.0130447702625546,0.130299077229664,0.337805791453082,6067.69413592135,0.999668326359862,NA,1575,NA,NA,FALSE,FALSE
"a_spqrt[1576]",0.0397664556547377,0.00257572001150943,0.182543175764832,-0.326473397965908,-0.0803027787750735,0.0382678201218178,0.160210820392031,0.398105497816057,5022.6613763235,0.999322753052798,NA,1576,NA,NA,FALSE,FALSE
"a_spqrt[1577]",-0.0635509223420937,0.00240482179091376,0.17454400959438,-0.415145103259203,-0.179275658418223,-0.0612642895314486,0.0547611197590871,0.273918541233673,5267.97978137055,0.999049825616464,NA,1577,NA,NA,FALSE,FALSE
"a_spqrt[1578]",0.0187051957659519,0.00250961066148401,0.199068868269272,-0.3754887098247,-0.106212814989482,0.0211179321167084,0.146136799628206,0.412758759816543,6292.07648986484,0.99928666673806,NA,1578,NA,NA,FALSE,FALSE
"a_spqrt[1579]",0.0341189229921034,0.00248428757750044,0.196066876740225,-0.355908420362353,-0.091018571704227,0.0302644849028298,0.158994390815193,0.418923450918412,6228.80487281427,0.999621703445168,NA,1579,NA,NA,FALSE,FALSE
"a_spqrt[1580]",-0.0708859693217281,0.00263164458729455,0.19148612525613,-0.46419738138172,-0.197873670856588,-0.0685822051171295,0.0583956350122169,0.307212456849106,5294.44145869241,1.00052714370832,NA,1580,NA,NA,FALSE,FALSE
"a_spqrt[1581]",-0.0571097457484072,0.00227195650193955,0.1926051116813,-0.452055946636088,-0.18021585440584,-0.0531666569973301,0.069190599219828,0.325003123595298,7186.8005674903,1.00040897567045,NA,1581,NA,NA,FALSE,FALSE
"a_spqrt[1582]",-0.00899719020847414,0.00219418215773996,0.201241316844725,-0.415514615881601,-0.135655130127143,-0.00855332695321741,0.118790945159944,0.400960555520532,8411.80008330743,0.999599486064139,NA,1582,NA,NA,FALSE,FALSE
"a_spqrt[1583]",-0.00770572416697094,0.00250715628438472,0.201873215635316,-0.412664504558028,-0.135974453073588,-0.00621486178488391,0.121245192309406,0.394897842121752,6483.27716655599,0.999310917237001,NA,1583,NA,NA,FALSE,FALSE
"a_spqrt[1584]",-0.00187930005306946,0.00230149643975589,0.204061268088854,-0.413712367166841,-0.134958001652508,-0.00477902777784368,0.135097539559282,0.407822824397316,7861.41182144801,0.999016741058612,NA,1584,NA,NA,FALSE,FALSE
"a_spqrt[1585]",0.179599972818312,0.00279872011868725,0.190957330857996,-0.184351240884814,0.0491536010494137,0.175628673386475,0.301437200617784,0.567044596453707,4655.36494186174,1.00033971656352,NA,1585,NA,NA,FALSE,FALSE
"a_spqrt[1586]",-0.0606002683654245,0.00247066340238159,0.182483252164821,-0.438640541653792,-0.177307996155507,-0.058050504416074,0.0618716584016282,0.28693626924765,5455.302784689,0.999297352720625,NA,1586,NA,NA,FALSE,FALSE
"a_spqrt[1587]",-0.0201494124938394,0.00235130822794111,0.188591117053184,-0.387814690502302,-0.143727737749484,-0.0253744333949631,0.106837591177042,0.346734888676106,6433.14497551222,0.999362829029566,NA,1587,NA,NA,FALSE,FALSE
"a_spqrt[1588]",0.103290454067489,0.00266034305232092,0.198431190459362,-0.271322026559789,-0.0286008277137464,0.100385977403948,0.231380839852018,0.500933314786765,5563.4551378561,0.999313136170389,NA,1588,NA,NA,FALSE,FALSE
"a_spqrt[1589]",0.00423397350770538,0.00263779797582401,0.210299933441592,-0.405321768466456,-0.136988779640883,0.00232981549744498,0.141354514433945,0.428630490885543,6356.16568211837,0.999799951088392,NA,1589,NA,NA,FALSE,FALSE
"a_spqrt[1590]",0.0477103166822259,0.00241910671865849,0.204955556308951,-0.364872962581791,-0.0899078640259982,0.0432208692993378,0.183769908693513,0.461617749214532,7178.09724509371,0.998921474753418,NA,1590,NA,NA,FALSE,FALSE
"a_spqrt[1591]",0.0220498242183221,0.00292752754847536,0.197703178593957,-0.36034722162058,-0.110835001524144,0.0204405611306226,0.152964640114021,0.407975600044164,4560.63506957854,0.99943196735645,NA,1591,NA,NA,FALSE,FALSE
"a_spqrt[1592]",0.0276236836832503,0.00240371358804593,0.196399624886058,-0.344022196802354,-0.103759926382233,0.0226969417705929,0.160360963704573,0.422188728864156,6675.99297353484,0.999462404688792,NA,1592,NA,NA,FALSE,FALSE
"a_spqrt[1593]",-0.0105258258939381,0.00238553667879673,0.198342979978552,-0.415254043059146,-0.134756198552987,-0.00542570730277679,0.116995908965856,0.376540431859517,6912.91904491075,0.998941273354513,NA,1593,NA,NA,FALSE,FALSE
"a_spqrt[1594]",0.0141158053479803,0.0024644724698401,0.197474110477356,-0.377868205357232,-0.11559594174043,0.01194799560227,0.145921189002955,0.416404613233582,6420.55233382675,0.999243899119132,NA,1594,NA,NA,FALSE,FALSE
"a_spqrt[1595]",0.00285790164752732,0.00253712030110905,0.209851570437635,-0.406834551985277,-0.130933930678635,0.00135820881311547,0.130341224534383,0.430790931819422,6841.35814736043,0.999343066548115,NA,1595,NA,NA,FALSE,FALSE
"a_spqrt[1596]",0.00951450137089867,0.00212052952877196,0.203019907061475,-0.394021966275796,-0.129822337257048,0.00724600167053778,0.146096910061926,0.416982738020793,9166.18462020891,0.999382531599027,NA,1596,NA,NA,FALSE,FALSE
"a_spqrt[1597]",-0.000990954743453627,0.00286332814371612,0.203634287039567,-0.402134767029158,-0.1352530253738,0.00321496056302708,0.1342790807414,0.403801591072305,5057.77569200964,0.999419003044348,NA,1597,NA,NA,FALSE,FALSE
"a_spqrt[1598]",0.000369803180263449,0.00235375955912196,0.20183558847512,-0.395243542224054,-0.136131583346761,-0.000118024670227101,0.13188195486606,0.4059520291877,7353.11396120474,0.999203766748014,NA,1598,NA,NA,FALSE,FALSE
"a_spqrt[1599]",-0.0135223099367956,0.00249276067387291,0.211460113735677,-0.449079696384161,-0.15207039005577,-0.0109873693210065,0.124774844835429,0.408129621143372,7196.07620523206,0.999377291254856,NA,1599,NA,NA,FALSE,FALSE
"a_spqrt[1600]",-0.00403520078188146,0.00238555475866208,0.20433331325104,-0.416624663512119,-0.131206018259204,0.00112206663239648,0.124858133393445,0.399363257827868,7336.67995418751,0.998953129758713,NA,1600,NA,NA,FALSE,FALSE
"a_spqrt[1601]",0.0113483731712224,0.0026079652258505,0.208313864165591,-0.400248357817291,-0.121582732716204,0.0129209884023911,0.143677104829466,0.4198389407468,6380.17744554854,0.999344053646752,NA,1601,NA,NA,FALSE,FALSE
"a_spqrt[1602]",-0.0267438442554609,0.00267449265317617,0.201819373660306,-0.422954744206215,-0.160393475766515,-0.0219200221259608,0.103149570270113,0.371154966880683,5694.33337819722,0.999261998994588,NA,1602,NA,NA,FALSE,FALSE
"a_spqrt[1603]",-0.0134509712079164,0.00260868250146128,0.198110253784707,-0.397085851748454,-0.147461097566081,-0.0160748958433101,0.119954108722913,0.376718964233222,5767.28560082905,0.999120975580104,NA,1603,NA,NA,FALSE,FALSE
"a_spqrt[1604]",0.010682370590164,0.0020771135863663,0.193883076623355,-0.362680570191862,-0.11865717114898,0.011967773842265,0.142983935485558,0.380057069031203,8712.83144567389,0.99918249455052,NA,1604,NA,NA,FALSE,FALSE
"a_spqrt[1605]",-0.00637994312643965,0.00248915851513723,0.202617810874196,-0.40125454416034,-0.141030693377856,-0.00658443498116011,0.124294803408528,0.399762154093141,6625.98012746058,0.999240200374561,NA,1605,NA,NA,FALSE,FALSE
"a_spqrt[1606]",0.020796682828702,0.00246972725419729,0.207140139503355,-0.391174702025115,-0.113920387549355,0.0207955425481759,0.150392167199148,0.442754939189595,7034.45636632446,0.999014493443179,NA,1606,NA,NA,FALSE,FALSE
"a_spqrt[1607]",-0.0204680195915825,0.00255349623025211,0.190208195666572,-0.396786652305542,-0.145946454258942,-0.0181045727459641,0.109679532215041,0.333635240033403,5548.65866877248,0.999133335732046,NA,1607,NA,NA,FALSE,FALSE
"a_spqrt[1608]",-0.0311739378616235,0.00245482553033834,0.200481472506877,-0.433563224150042,-0.16093995694675,-0.0280560228673357,0.100872060206767,0.364487803425423,6669.71419560182,0.999264930307844,NA,1608,NA,NA,FALSE,FALSE
"a_spqrt[1609]",-0.00998329666661751,0.00267511046143391,0.198651043586826,-0.407675930419943,-0.143370085826019,-0.0103145114616604,0.123814643474095,0.371562292162353,5514.39995992408,0.999495589483827,NA,1609,NA,NA,FALSE,FALSE
"a_spqrt[1610]",0.17088513720306,0.00300602191945079,0.204990574127629,-0.200290649836408,0.0266002375064903,0.167112393027369,0.306580878291816,0.587762001586912,4650.32705270978,1.00085420224507,NA,1610,NA,NA,FALSE,FALSE
"a_spqrt[1611]",0.0113365273102261,0.00243798636579302,0.200646979651083,-0.389176290544203,-0.115373249805692,0.00883994305102942,0.140292842211156,0.416123306360474,6773.3373782985,0.999106935977526,NA,1611,NA,NA,FALSE,FALSE
"a_spqrt[1612]",-0.100847984699467,0.00276526601340891,0.203495616247568,-0.504870218148563,-0.239256552222605,-0.0998806114865318,0.0457960322163054,0.280742592464342,5415.47161748122,0.999507539301533,NA,1612,NA,NA,FALSE,FALSE
"a_spqrt[1613]",-0.0470061430880285,0.00247594764943649,0.18160009927354,-0.409587527019599,-0.167207678010636,-0.0489101990665959,0.0773300752381508,0.306535038615026,5379.59086495315,0.999385892592414,NA,1613,NA,NA,FALSE,FALSE
"a_spqrt[1614]",-0.134419469860881,0.00252571864994876,0.175735057449433,-0.487576842445479,-0.249662258268924,-0.133935280068185,-0.0126787596487345,0.200214532877752,4841.13142920188,1.00019121549716,NA,1614,NA,NA,FALSE,FALSE
"a_spqrt[1615]",-0.349272012554599,0.00446499991266504,0.202445256760653,-0.765671560358492,-0.480230371527157,-0.341333336939321,-0.20704136974741,0.0227677726267159,2055.75948245849,1.00133266398688,NA,1615,NA,NA,FALSE,FALSE
"a_spqrt[1616]",-0.0246873442872188,0.00208193912489568,0.183130791151541,-0.386618874855698,-0.14490790199892,-0.0232183582174778,0.0951718362714815,0.334836066798202,7737.25107018569,0.999522807142084,NA,1616,NA,NA,FALSE,FALSE
"a_spqrt[1617]",-0.00242493577186288,0.00264416570823195,0.197851997516112,-0.411062050354261,-0.129677170056778,-0.00230865789305357,0.125308928100514,0.40036350134306,5598.9107065626,0.999632312619849,NA,1617,NA,NA,FALSE,FALSE
"a_spqrt[1618]",-0.00829995314273777,0.00234003448865012,0.207068460769207,-0.430889018420751,-0.145410072446093,-0.00636444361133836,0.125040177877096,0.39756835466206,7830.3900133635,0.999067800417781,NA,1618,NA,NA,FALSE,FALSE
"a_spqrt[1619]",-0.228572260113001,0.0035484064931791,0.207045255022313,-0.656502848459227,-0.364267911356898,-0.219708662658045,-0.0830273241961866,0.14871729452077,3404.58227178223,1.00059412366729,NA,1619,NA,NA,FALSE,FALSE
"a_spqrt[1620]",-0.0717510934056588,0.002708223935667,0.201444020619648,-0.484581646058216,-0.197198135559955,-0.0694480355620647,0.0603975008114232,0.315758909000746,5532.73179201348,1.0000441858032,NA,1620,NA,NA,FALSE,FALSE
"a_spqrt[1621]",-0.0435163835430707,0.00258932550575231,0.192773050349963,-0.418191533577078,-0.176019397525735,-0.0410955862590205,0.0894525441803813,0.32794583515213,5542.67405953996,0.999563117155319,NA,1621,NA,NA,FALSE,FALSE
"a_spqrt[1622]",-0.00497374702178171,0.00229071360964853,0.185228637698607,-0.37419918755021,-0.124753532737618,-0.00412360753244499,0.110966903078139,0.375207684861085,6538.44798421653,0.999505362740245,NA,1622,NA,NA,FALSE,FALSE
"a_spqrt[1623]",-0.0759075137656477,0.00251093347378071,0.187165270080796,-0.450879248726613,-0.195368433989178,-0.0730300035072008,0.0456662830617197,0.29060878649799,5556.22875536527,0.999652876297774,NA,1623,NA,NA,FALSE,FALSE
"a_spqrt[1624]",-0.145829759546502,0.00254057279911404,0.18764126568527,-0.53284287320312,-0.267429239627253,-0.14189092612552,-0.021029193844837,0.201320883514454,5454.98322612016,0.999026716990616,NA,1624,NA,NA,FALSE,FALSE
"a_spqrt[1625]",-0.0119137230193304,0.0027088166011713,0.202874555413067,-0.409079241073633,-0.145279636150359,-0.0108092328847603,0.119824585906507,0.385068707242867,5609.13583659458,0.999768961825816,NA,1625,NA,NA,FALSE,FALSE
"a_spqrt[1626]",-0.0236593799803201,0.00310361812321709,0.205876214961119,-0.425802689274492,-0.164679587026995,-0.0217224151886416,0.117438709300458,0.376630997775549,4400.23419657827,0.999876538031006,NA,1626,NA,NA,FALSE,FALSE
"a_spqrt[1627]",-0.00986612402569962,0.00239725277934724,0.208179371088584,-0.42575440265335,-0.146264781406561,-0.00982980767961561,0.130285978171138,0.389338468850785,7541.32613331836,0.999250307223735,NA,1627,NA,NA,FALSE,FALSE
"a_spqrt[1628]",0.0361218436771718,0.0026314558685225,0.204200027021355,-0.346795199576807,-0.100509958804469,0.0371449541076799,0.166035182769172,0.445162995089562,6021.70406609138,0.999200830391178,NA,1628,NA,NA,FALSE,FALSE
"a_spqrt[1629]",0.00734456001103993,0.00236682713806574,0.202089677392544,-0.3816485974996,-0.125812266466459,0.00609955981056487,0.140712701865501,0.405184313803207,7290.46418329506,0.999449372863318,NA,1629,NA,NA,FALSE,FALSE
"a_spqrt[1630]",-0.0553522149651125,0.0023536249999907,0.194422616329181,-0.44303186699867,-0.182335748919876,-0.0564214233121308,0.0775740870994045,0.316098780404551,6823.68592560024,0.999609897141926,NA,1630,NA,NA,FALSE,FALSE
"a_spqrt[1631]",0.0439420138197687,0.00223386936961466,0.197767673002265,-0.338158545128797,-0.0842373056123581,0.0411585900857417,0.172699739625109,0.443122096340719,7837.81594285285,0.999250535815787,NA,1631,NA,NA,FALSE,FALSE
"a_spqrt[1632]",-0.00220901914320053,0.00203056571508264,0.173344542751621,-0.34260274782622,-0.118008946826711,-0.00196832717955753,0.117661504433841,0.329294796896355,7287.62889656478,0.999197110130383,NA,1632,NA,NA,FALSE,FALSE
"a_spqrt[1633]",-0.0744744995722467,0.00240016784158737,0.187069745404007,-0.450158764388304,-0.195670549367813,-0.0690801655679927,0.049116723375433,0.285724081406689,6074.68671286459,0.999178660111373,NA,1633,NA,NA,FALSE,FALSE
"a_spqrt[1634]",-0.0280528024642605,0.00237889195822878,0.18449071494833,-0.401150197412978,-0.148909186275212,-0.0243275612756174,0.0931034348085203,0.331299136521148,6014.50086017383,0.999327284927595,NA,1634,NA,NA,FALSE,FALSE
"a_spqrt[1635]",-0.0310723305085363,0.00260253627637919,0.181872708704825,-0.390288592983691,-0.152419745839644,-0.0306680881250338,0.0949375470453877,0.306878250152404,4883.61575746951,0.999625498694424,NA,1635,NA,NA,FALSE,FALSE
"a_spqrt[1636]",-0.0202320352893725,0.0023245271025646,0.198823002856819,-0.407993611261826,-0.155966463987501,-0.0160010186378169,0.106993650978254,0.374008655055775,7315.83714331721,0.999207748984653,NA,1636,NA,NA,FALSE,FALSE
"a_spqrt[1637]",0.0207851571891627,0.00280655295228,0.198030045899606,-0.36259795138141,-0.110572335941616,0.0202028318842336,0.152134639904077,0.421563331804087,4978.69698606726,0.99905565132236,NA,1637,NA,NA,FALSE,FALSE
"a_spqrt[1638]",0.0592697194166889,0.00260264172765097,0.187406838694505,-0.311773829693968,-0.0594592541972575,0.0551938734641131,0.178228375856624,0.429957318556189,5184.92039023781,1.00001407902165,NA,1638,NA,NA,FALSE,FALSE
"a_spqrt[1639]",-0.0426139144080207,0.00214216661008097,0.197168045351452,-0.448876902059682,-0.165785657816298,-0.0378848957276137,0.087490856730281,0.33148263452081,8471.62202311366,0.999251410049619,NA,1639,NA,NA,FALSE,FALSE
"a_spqrt[1640]",-0.0737594634958258,0.00257436528193801,0.203726557288961,-0.496342616375139,-0.201425208513804,-0.0680917546829071,0.058833058098925,0.317442800871058,6262.60402442391,0.999195774789532,NA,1640,NA,NA,FALSE,FALSE
"a_spqrt[1641]",-0.0031818346222408,0.00261427804912387,0.205022730833962,-0.417425500068278,-0.131686531803947,-0.00390198377690677,0.127148109676545,0.418060498596572,6150.35912066245,0.999109945468727,NA,1641,NA,NA,FALSE,FALSE
"a_spqrt[1642]",-0.0185417355795505,0.00270212474367021,0.202803753004548,-0.414223697433861,-0.147098276658002,-0.019727263818197,0.108827494943172,0.39516367158796,5633.01861601705,1.00009900422351,NA,1642,NA,NA,FALSE,FALSE
"a_spqrt[1643]",-0.143439778327565,0.00307420848516197,0.200897334545209,-0.56068898886754,-0.274026945542334,-0.138985026871125,-0.00792351395000335,0.247474237906941,4270.529394334,0.999174545898475,NA,1643,NA,NA,FALSE,FALSE
"a_spqrt[1644]",-0.0977291170384564,0.00264595530157789,0.211289985251005,-0.529478617693308,-0.228437583022452,-0.0913981337314127,0.0372389581047186,0.324082084898329,6376.65350543723,0.999370537257941,NA,1644,NA,NA,FALSE,FALSE
"a_spqrt[1645]",-0.0648124635906595,0.0023027874975578,0.205824000449231,-0.477776759393315,-0.196574407603413,-0.0634793927759995,0.0731659716496053,0.344279505990289,7988.85068775424,0.999049807523478,NA,1645,NA,NA,FALSE,FALSE
"a_spqrt[1646]",0.00241022100994834,0.00238081403967401,0.184969305917728,-0.353428558608738,-0.122562356027971,0.00309049493357896,0.124476954738507,0.362613435659708,6035.98822656704,0.99968874283956,NA,1646,NA,NA,FALSE,FALSE
"a_spqrt[1647]",0.125477312383422,0.00270546296909232,0.18891727464304,-0.228412723783783,-0.000601711226809714,0.121699526358082,0.250413232653125,0.506935754175555,4875.9602402974,0.999585942609231,NA,1647,NA,NA,FALSE,FALSE
"a_spqrt[1648]",-0.152914001140005,0.00280541607966672,0.190199172598967,-0.537744274652751,-0.283067400186518,-0.14282154536576,-0.0207025720152918,0.214073353449264,4596.4515100821,0.999236766126117,NA,1648,NA,NA,FALSE,FALSE
"a_spqrt[1649]",0.0935365218671722,0.00275580531815356,0.205284720594342,-0.295552969347421,-0.045441956868755,0.091050026728202,0.232116181380376,0.495912579621721,5549.01864401373,0.9994145024693,NA,1649,NA,NA,FALSE,FALSE
"a_spqrt[1650]",-0.0544592129447386,0.002445129142162,0.206585743971475,-0.460026794960588,-0.195397073787551,-0.050220238306693,0.0873867862164298,0.347846296121975,7138.337761381,0.999665137059324,NA,1650,NA,NA,FALSE,FALSE
"a_spqrt[1651]",-0.0754470486022174,0.00309255168706806,0.224434307112413,-0.542740410250175,-0.214059769617033,-0.0713875994583856,0.0731624513382997,0.364185232248128,5266.7724403629,0.999032257437421,NA,1651,NA,NA,FALSE,FALSE
"a_spqrt[1652]",0.0269146929418378,0.00255685707323036,0.207662769278304,-0.367175861219971,-0.104841199681041,0.0231076310399897,0.160618710765423,0.444774357746613,6596.36044311419,0.999100122776344,NA,1652,NA,NA,FALSE,FALSE
"a_spqrt[1653]",0.0308260652606179,0.00240790085397905,0.197116612659629,-0.344252547797519,-0.102955357387779,0.0312600497781771,0.16336445887832,0.421839592242619,6701.45727917784,0.999290221598865,NA,1653,NA,NA,FALSE,FALSE
"a_spqrt[1654]",-0.06440569809854,0.00269513856672256,0.191216547791321,-0.451049933463975,-0.188402664687195,-0.0653292746406344,0.061715369380492,0.303048857020219,5033.71646076356,0.999319411843782,NA,1654,NA,NA,FALSE,FALSE
"a_spqrt[1655]",-0.00466505266704855,0.00225560451198154,0.188123525602217,-0.372205971240698,-0.122943989109503,-0.00637935611042395,0.116314322358061,0.354434778750854,6956.01178499809,0.999927358856012,NA,1655,NA,NA,FALSE,FALSE
"a_spqrt[1656]",-0.034215278846483,0.00268229129781228,0.21081446447948,-0.443399115482743,-0.173453133156254,-0.0371649230100056,0.104420057369206,0.375291532072904,6177.16112814887,0.999171868767034,NA,1656,NA,NA,FALSE,FALSE
"a_spqrt[1657]",0.0442420169991125,0.00252850446850851,0.211642223558644,-0.364620049132032,-0.0962706709848712,0.0397485329591456,0.1840602117333,0.458168988911839,7006.11368916353,0.998864221126035,NA,1657,NA,NA,FALSE,FALSE
"a_spqrt[1658]",-0.0525794012588023,0.00221960212801436,0.203390657705213,-0.461822517517775,-0.183608612818627,-0.0506132202951109,0.0805433813194783,0.351768495186323,8396.75992661995,0.999134310267943,NA,1658,NA,NA,FALSE,FALSE
"a_spqrt[1659]",0.00860930438223045,0.00263662771562972,0.200772767735558,-0.370470118412194,-0.126249118398239,0.00238304127202777,0.141452780520813,0.4084591056763,5798.45092641439,0.998832124285205,NA,1659,NA,NA,FALSE,FALSE
"a_spqrt[1660]",-0.110030719867311,0.00264926672721289,0.202004606258466,-0.516275331530777,-0.243165379286126,-0.108397349303865,0.0243338851936688,0.293772119967451,5813.94842825674,0.999670993293689,NA,1660,NA,NA,FALSE,FALSE
"a_spqrt[1661]",-0.0178098936537528,0.0027906194864929,0.207459685806954,-0.413223887610055,-0.153292125716066,-0.0197146169314616,0.122884375731884,0.3837493072103,5526.7037635541,0.999268432926739,NA,1661,NA,NA,FALSE,FALSE
"a_spqrt[1662]",0.0105796648223086,0.00265508665206687,0.206491042841339,-0.394772770380958,-0.125436460778895,0.00752845229546837,0.145197524231637,0.427875840322758,6048.46311290856,0.999687147380776,NA,1662,NA,NA,FALSE,FALSE
"a_spqrt[1663]",-0.0112961319637266,0.00233026677993768,0.203063371393027,-0.410980867817033,-0.141294527843758,-0.0110019669814171,0.121701623425051,0.391527296230045,7593.67309185172,0.999572546371464,NA,1663,NA,NA,FALSE,FALSE
"a_spqrt[1664]",0.0963028853187426,0.00334007248308296,0.210110086687924,-0.315962034419065,-0.037471385641584,0.0938998447881496,0.230130425306427,0.509569684403781,3957.14551515153,0.99911844010429,NA,1664,NA,NA,FALSE,FALSE
"a_spqrt[1665]",0.0246305224758659,0.0028006668537027,0.202363760707712,-0.365395227769779,-0.107710555288676,0.0226640628014492,0.159425336673217,0.429729240823846,5220.86640601449,0.999174606156502,NA,1665,NA,NA,FALSE,FALSE
"a_spqrt[1666]",-0.01191436279849,0.00266154428839551,0.206384242463885,-0.427253194708421,-0.139554422370671,-0.0123376545957615,0.118429300058371,0.417425356028487,6012.92347472211,0.999250809892902,NA,1666,NA,NA,FALSE,FALSE
"a_spqrt[1667]",-0.0853613000820454,0.00260290727931962,0.190463958644025,-0.463697539028245,-0.215877199083523,-0.081247847550528,0.0448847851633985,0.27886505426573,5354.36800890333,0.999063595152848,NA,1667,NA,NA,FALSE,FALSE
"a_spqrt[1668]",-0.0252381966005636,0.00269354463971283,0.199965646727655,-0.416919475475314,-0.157904004001216,-0.0248830355496216,0.104202756456828,0.365110601666854,5511.40631196229,0.998971667403602,NA,1668,NA,NA,FALSE,FALSE
"a_spqrt[1669]",-0.0421338823534445,0.00230544698469612,0.190082421806732,-0.435428805081235,-0.165305692249287,-0.039233266954781,0.0833010479607097,0.332526064480505,6797.88218753658,0.999577766522198,NA,1669,NA,NA,FALSE,FALSE
"a_spqrt[1670]",-0.014423107476778,0.00228577626946258,0.180947682285524,-0.370820873546278,-0.131381045767164,-0.0159892225736232,0.105199005710377,0.335584338049432,6266.69575102921,0.999154763586399,NA,1670,NA,NA,FALSE,FALSE
"a_spqrt[1671]",0.00208320867035237,0.00272676378821763,0.191998201249105,-0.373358105375168,-0.129682723525744,0.0041560271813661,0.1281458642713,0.379650681190456,4957.91736797497,0.99953941514262,NA,1671,NA,NA,FALSE,FALSE
"a_spqrt[1672]",0.0323373036598412,0.00300530695048524,0.200717853988754,-0.363492988607504,-0.0901267420779571,0.0295311248748684,0.157028200079361,0.433456683362167,4460.61087069903,0.999702880132133,NA,1672,NA,NA,FALSE,FALSE
"a_spqrt[1673]",-0.0332441471581929,0.00266795258309203,0.2077533001176,-0.457417725044411,-0.164294543777835,-0.0289189461663508,0.108758226281772,0.350265625523155,6063.72712067877,0.999252250118558,NA,1673,NA,NA,FALSE,FALSE
"a_spqrt[1674]",0.00770461313815101,0.00216667899391826,0.1838283433084,-0.342266297568849,-0.116538588647622,0.0039752910210921,0.128102675366628,0.377386744846713,7198.39710059458,0.999235864172689,NA,1674,NA,NA,FALSE,FALSE
"a_spqrt[1675]",0.00547672858501964,0.00240629506701726,0.188627341317746,-0.369317741622929,-0.117580168831015,0.00598175075691361,0.126644939987855,0.381621599098488,6144.85338862383,0.999475572043308,NA,1675,NA,NA,FALSE,FALSE
"a_spqrt[1676]",0.0115347734511006,0.00242939857234378,0.183409109067811,-0.336984624914304,-0.117951471443584,0.0141366902639127,0.13108548879503,0.369258228369579,5699.59843563841,1.00007056058373,NA,1676,NA,NA,FALSE,FALSE
"a_spqrt[1677]",-0.00120119856216717,0.00267247332174836,0.199913712703742,-0.392230954427215,-0.132105644850312,0.0001543923741355,0.128883590561757,0.390480414450046,5595.75140567242,0.999522971329981,NA,1677,NA,NA,FALSE,FALSE
"a_spqrt[1678]",-0.0339029940796818,0.00244683850820304,0.181693979801157,-0.405867378118379,-0.147822926833434,-0.0309482379330585,0.0821177453525721,0.315613727554552,5514.04697925057,0.999378375844462,NA,1678,NA,NA,FALSE,FALSE
"a_spqrt[1679]",-0.0606494657229848,0.00214370152614093,0.181144731053875,-0.420850426292641,-0.18001015559457,-0.0607657009518099,0.0614209304637901,0.292742996218764,7140.40389541075,0.999286518472902,NA,1679,NA,NA,FALSE,FALSE
"a_spqrt[1680]",-0.00113128622838706,0.00227469617182257,0.184365385993798,-0.375862402772903,-0.124878287749661,0.00323698362733266,0.119946412204543,0.362888348983105,6569.1923810911,0.999043126529937,NA,1680,NA,NA,FALSE,FALSE
"a_spqrt[1681]",-0.000979453413896747,0.00242051514357677,0.203865260484862,-0.422157397989421,-0.129294790497457,0.00176869785890774,0.12533644434153,0.41002998594297,7093.66777274965,0.999101255757361,NA,1681,NA,NA,FALSE,FALSE
"a_spqrt[1682]",0.0941074712484375,0.00280247053024998,0.195835295985962,-0.269083395500655,-0.041932637110417,0.0911391831377666,0.221298289948199,0.492629421986926,4883.14734126044,0.999905150798484,NA,1682,NA,NA,FALSE,FALSE
"a_spqrt[1683]",0.171766918628338,0.00295957721575064,0.209090187002785,-0.232942705746237,0.033704598705468,0.167863174506066,0.303917334183573,0.598011247373808,4991.23423607509,0.999717875327227,NA,1683,NA,NA,FALSE,FALSE
"a_spqrt[1684]",-0.174836137419196,0.00319732097936106,0.199533319897304,-0.57866298342841,-0.302979803082707,-0.164501196286804,-0.0410777521731755,0.199423582131493,3894.55985128997,1.00052111765308,NA,1684,NA,NA,FALSE,FALSE
"a_spqrt[1685]",0.0526701017712918,0.00269890153104594,0.201774711806998,-0.332733891879256,-0.0847110743658937,0.0531929159247111,0.185332621577297,0.45222464129157,5589.3253721073,0.999150068746815,NA,1685,NA,NA,FALSE,FALSE
"a_spqrt[1686]",-0.17368493287617,0.00285383065931672,0.179382545885664,-0.533932149442087,-0.294073329112349,-0.168328881635329,-0.0521169553907775,0.154910021264342,3950.97214785133,1.00002684217867,NA,1686,NA,NA,FALSE,FALSE
"a_spqrt[1687]",-0.106895326786211,0.00269894542217761,0.177202530551956,-0.468565787509675,-0.22088012083613,-0.102990051691035,0.0170157199613526,0.230989920823406,4310.73806408831,0.999335487982462,NA,1687,NA,NA,FALSE,FALSE
"a_spqrt[1688]",-0.14154884813384,0.00255109816644867,0.187903426286964,-0.530344306807202,-0.2667903036348,-0.137867071992343,-0.015542041574668,0.216994466829147,5425.19130735886,0.999586836972088,NA,1688,NA,NA,FALSE,FALSE
"a_spqrt[1689]",-0.266514309285371,0.00345369159908688,0.196119973479811,-0.67706609043657,-0.394050405940748,-0.257930746570859,-0.133083578915397,0.0956025699712311,3224.60515035124,1.00000239514768,NA,1689,NA,NA,FALSE,FALSE
"a_spqrt[1690]",-0.0155726487261788,0.00236855720189387,0.192760619574183,-0.391130101734745,-0.140421116903128,-0.0157799779253085,0.110643632907795,0.365978350484849,6623.21528483744,0.999978064492238,NA,1690,NA,NA,FALSE,FALSE
"a_spqrt[1691]",-0.0736494321156309,0.00255158438279705,0.198932449397574,-0.470413797437499,-0.204475381315998,-0.0733046855078642,0.0610676579307266,0.312984869737021,6078.42957518504,0.999028362655733,NA,1691,NA,NA,FALSE,FALSE
"a_spqrt[1692]",-0.0500598368716792,0.00248611503780889,0.192636516510472,-0.437784890764016,-0.18150546784395,-0.0446420553065463,0.0844960756984291,0.309838608741717,6003.91854313997,0.999564899670596,NA,1692,NA,NA,FALSE,FALSE
"a_spqrt[1693]",-0.14328853132009,0.00284063786293129,0.210109792082111,-0.562663437756507,-0.282852283913874,-0.134765746072184,0.00339033211828009,0.23941467212375,5470.92603174435,0.999334799695755,NA,1693,NA,NA,FALSE,FALSE
"a_spqrt[1694]",-0.250793644168633,0.00370907828819539,0.201772899558675,-0.670343403310147,-0.38320472123564,-0.240911245896119,-0.11081308829908,0.118844299499372,2959.33185994262,1.00031403591282,NA,1694,NA,NA,FALSE,FALSE
"a_spqrt[1695]",0.167784173209748,0.00289763838157085,0.194567549218898,-0.205339721475254,0.0390756974557787,0.160350946940741,0.291802810174272,0.564940618413568,4508.7114897171,0.999684282363489,NA,1695,NA,NA,FALSE,FALSE
"a_spqrt[1696]",0.0481183111532377,0.00246272810901826,0.192607058090212,-0.314000325999647,-0.0814738297519781,0.0416965211431768,0.177135990126923,0.417761840810154,6116.61944341876,0.99936409416966,NA,1696,NA,NA,FALSE,FALSE
"a_spqrt[1697]",0.00680855422710644,0.00243846422728505,0.178878878802486,-0.349879399537039,-0.109888175747214,0.00763530700149658,0.124369599776151,0.363972702510994,5381.27703429143,0.999236073897457,NA,1697,NA,NA,FALSE,FALSE
"a_spqrt[1698]",-0.177473316344051,0.00319205759675447,0.203342778506709,-0.586172317201897,-0.306630413693881,-0.171802340474974,-0.0380798560008143,0.208050618039428,4058.03762091099,0.999796421507778,NA,1698,NA,NA,FALSE,FALSE
"a_spqrt[1699]",-0.00889851620663991,0.00235563528179907,0.207455437449182,-0.41905305757831,-0.143052381187594,-0.00543920807258623,0.126248948420773,0.400284649386116,7755.9239811577,0.999158828709096,NA,1699,NA,NA,FALSE,FALSE
"a_spqrt[1700]",0.0682607718550101,0.00253596269702718,0.204115459911505,-0.31322383841719,-0.0670169718178006,0.0634052602133775,0.200150111280699,0.475883399649441,6478.37491522665,1.00034292090195,NA,1700,NA,NA,FALSE,FALSE
"a_spqrt[1701]",-0.186100946564778,0.00328895001773621,0.206733227698649,-0.623335705660239,-0.321101603214095,-0.179702377886031,-0.0433506439025029,0.205510685581358,3950.99084575505,0.999672338956286,NA,1701,NA,NA,FALSE,FALSE
"a_spqrt[1702]",-0.00223350770342647,0.00259744189783415,0.207482103145102,-0.416027674280798,-0.139767028432982,-0.00462323559484816,0.12963426664438,0.406762523129088,6380.71871726922,0.99948103406575,NA,1702,NA,NA,FALSE,FALSE
"a_spqrt[1703]",-0.142782751202897,0.00296760195600036,0.204827982960132,-0.557332696262829,-0.277184746443813,-0.135588685494923,-0.00335464626331927,0.241655225872131,4763.95092809785,0.999570585167023,NA,1703,NA,NA,FALSE,FALSE
"a_spqrt[1704]",-0.177410907935884,0.00289679475241352,0.202118097378604,-0.588727848704569,-0.313604404125762,-0.171351017872416,-0.0336665849071385,0.197206619098687,4868.27331709096,0.999763516103742,NA,1704,NA,NA,FALSE,FALSE
"a_spqrt[1705]",-0.246080699598586,0.00320222857271182,0.18077591998731,-0.616271116187905,-0.363140793798149,-0.238279987831311,-0.123196315778295,0.0958215665330123,3186.95920401258,0.999650199227522,NA,1705,NA,NA,FALSE,FALSE
"a_spqrt[1706]",-0.0508105885801808,0.00238856866284367,0.185002807054215,-0.411561437839639,-0.174382999216767,-0.0499788067430289,0.0720109440729461,0.304284214048441,5999.03195918766,0.99937810995403,NA,1706,NA,NA,FALSE,FALSE
"a_spqrt[1707]",0.074967525784418,0.00247088977214946,0.179727563179492,-0.266489458808236,-0.0496957494571811,0.0741610305079957,0.194748314849547,0.438790262621627,5290.8156391573,0.999426429248292,NA,1707,NA,NA,FALSE,FALSE
"a_spqrt[1708]",-0.163534644398929,0.00293857367211453,0.182067111279833,-0.525609210545187,-0.277243936866984,-0.158843574906205,-0.0401438189516749,0.181981901200203,3838.75006476604,0.999169395600821,NA,1708,NA,NA,FALSE,FALSE
"a_spqrt[1709]",0.0455476909690604,0.00264009573562327,0.199002178449707,-0.339021272182025,-0.0853478221151191,0.0437336022142203,0.173412266737875,0.443904435448962,5681.67398126831,0.999194325768772,NA,1709,NA,NA,FALSE,FALSE
"a_spqrt[1710]",-0.19645659081434,0.0030397944734444,0.195866164391247,-0.597338852051945,-0.322063190316038,-0.190605023728481,-0.0632456484077294,0.177024136724231,4151.74236076783,0.999624390957204,NA,1710,NA,NA,FALSE,FALSE
"a_spqrt[1711]",0.045218944776525,0.0022948940030753,0.190148927099891,-0.329655967261059,-0.0814820349245511,0.0450209734769307,0.167428521247859,0.422670611689356,6865.3470543907,0.999676165509019,NA,1711,NA,NA,FALSE,FALSE
"a_spqrt[1712]",0.114749527307191,0.00284671468542956,0.195129734925218,-0.257106606844454,-0.0228221778148224,0.109615644504306,0.243935071093977,0.504505910762921,4698.49777605226,0.999990467836986,NA,1712,NA,NA,FALSE,FALSE
"a_spqrt[1713]",-0.132677578768164,0.00341582561036023,0.216915846011672,-0.592170042838165,-0.270225687512738,-0.125437384090421,0.00737503666785693,0.283720607619572,4032.65600539924,0.9993851072597,NA,1713,NA,NA,FALSE,FALSE
"a_spqrt[1714]",-0.033402625825912,0.00264351015619404,0.20826192790042,-0.447186435496847,-0.16403101720481,-0.0313039296980767,0.0993684716738697,0.364403176552974,6206.65781003624,0.999480533008432,NA,1714,NA,NA,FALSE,FALSE
"a_spqrt[1715]",-0.235396277660161,0.00357080713218033,0.211213583028517,-0.686853331756173,-0.36812460639286,-0.227154624673349,-0.0901877337975331,0.145030767392474,3498.73380256132,0.999275678332268,NA,1715,NA,NA,FALSE,FALSE
"a_spqrt[1716]",-0.134942013514893,0.00269419899495857,0.2028944128898,-0.54899360656373,-0.264193320811227,-0.130255332865983,-0.00511076315869674,0.256254537420787,5671.27669401491,0.99988578873462,NA,1716,NA,NA,FALSE,FALSE
"a_spqrt[1717]",0.129934923882966,0.0029453182025132,0.209818807607505,-0.262280206053464,-0.0122741270062616,0.122684451016267,0.262526544964656,0.55837040474341,5074.86374562357,1.00000316193006,NA,1717,NA,NA,FALSE,FALSE
"a_spqrt[1718]",-0.0443007506919479,0.00224619978986435,0.193406374148806,-0.428425523186432,-0.171606201265718,-0.0426655231239284,0.0829037433512637,0.326736772639432,7413.86718673152,0.999485984432605,NA,1718,NA,NA,FALSE,FALSE
"a_spqrt[1719]",0.00706971471770887,0.00219123044884765,0.19095156922114,-0.365165844092687,-0.117853881244922,0.0049526201536868,0.132618742555776,0.380387704870083,7593.99584412866,0.999273651621845,NA,1719,NA,NA,FALSE,FALSE
"a_spqrt[1720]",-0.0671571119124172,0.00234565112182127,0.186855030385375,-0.435989597367638,-0.188134739906192,-0.0666321574268925,0.0547321311154942,0.290941183583358,6345.74698117631,0.99927866987999,NA,1720,NA,NA,FALSE,FALSE
"a_spqrt[1721]",0.0698021598390864,0.00250441958870675,0.195943692601256,-0.306273398943385,-0.0634039625887173,0.0688088468766882,0.20043988193884,0.4583527458157,6121.36663818935,0.999452435321624,NA,1721,NA,NA,FALSE,FALSE
"a_spqrt[1722]",0.011263274567618,0.00282763158602271,0.199229565156923,-0.389909470853993,-0.120806136888688,0.0108135000188615,0.146571736771367,0.402426509038452,4964.34465824808,0.999931777603806,NA,1722,NA,NA,FALSE,FALSE
"a_spqrt[1723]",-0.0354387226306831,0.00232080698690023,0.202672136784919,-0.437107994653674,-0.168623509983262,-0.0346337391103832,0.0986357430379261,0.35319150018293,7626.23258225233,0.999108071602067,NA,1723,NA,NA,FALSE,FALSE
"a_spqrt[1724]",0.0194035784701717,0.00263374344386861,0.205838035081309,-0.383579506107574,-0.118459625753283,0.0158303559967011,0.153605902206685,0.449889675833573,6108.07442090287,0.999161675830004,NA,1724,NA,NA,FALSE,FALSE
"a_spqrt[1725]",-0.232916496164994,0.00385331457426353,0.208330426546171,-0.670711902223675,-0.3657597674021,-0.223216159415998,-0.0929423923732006,0.152949712673114,2923.0515595054,1.00130211133933,NA,1725,NA,NA,FALSE,FALSE
"a_spqrt[1726]",-0.0200414574098382,0.00243978606267827,0.194690713424269,-0.401454670254346,-0.148287790341571,-0.0183340919830539,0.10675098577112,0.366835538492898,6367.76431707325,0.999115971800429,NA,1726,NA,NA,FALSE,FALSE
"a_spqrt[1727]",-0.0186125801286219,0.00256058960211284,0.190668407822139,-0.402810919478449,-0.141180160115558,-0.0198166963349611,0.105077531440153,0.360190262840771,5544.69325257838,0.999266858335498,NA,1727,NA,NA,FALSE,FALSE
"a_spqrt[1728]",-0.0174359600085628,0.00244255669425161,0.188608042779376,-0.395292164320192,-0.144917892036045,-0.0171728131168699,0.108538246496612,0.349785664515836,5962.5373265731,0.999315415618978,NA,1728,NA,NA,FALSE,FALSE
"a_spqrt[1729]",0.0111815298345072,0.00237463343085349,0.207154430795378,-0.387775732185702,-0.126916236964534,0.00840385684529149,0.145960088215039,0.423866984090553,7610.1864701979,0.999176723525271,NA,1729,NA,NA,FALSE,FALSE
"a_spqrt[1730]",-0.0966498012897575,0.00267659085952929,0.208201344778314,-0.507006598115385,-0.231089482718691,-0.0914271194184979,0.0408692242761664,0.301303827577043,6050.66459631566,0.999231124435836,NA,1730,NA,NA,FALSE,FALSE
"a_spqrt[1731]",-0.075898030913935,0.00264741749593747,0.206363438740856,-0.501583707113206,-0.208789640925569,-0.073307436117342,0.0598758019301815,0.324606373927514,6076.04026183692,0.99919085572336,NA,1731,NA,NA,FALSE,FALSE
"a_spqrt[1732]",-0.0758625146285889,0.00236144333704457,0.206928506133861,-0.475176532712968,-0.209607511951524,-0.0735776296190258,0.0633847059450031,0.32828751065766,7678.66262834233,0.999767097134725,NA,1732,NA,NA,FALSE,FALSE
"a_spqrt[1733]",-0.165177388063719,0.00349141191877141,0.211312642126485,-0.61230623255787,-0.300226114943629,-0.157936423181802,-0.0232365309057273,0.24298774809016,3663.10004532131,0.999533348470059,NA,1733,NA,NA,FALSE,FALSE
"a_spqrt[1734]",0.064599375140921,0.00284637815206282,0.201359847652881,-0.322919222385035,-0.0731039838237093,0.0585310442278748,0.192429678504989,0.474388976470172,5004.49838499703,0.999202123443601,NA,1734,NA,NA,FALSE,FALSE
"a_spqrt[1735]",-0.0687353957115561,0.00234980847243908,0.201338683746545,-0.467956505298392,-0.200210376065732,-0.0630433910619215,0.0641438713834317,0.317371983502754,7341.57972717359,0.999382175991141,NA,1735,NA,NA,FALSE,FALSE
"a_spqrt[1736]",-0.0402123873088374,0.00275672131436056,0.20535476370792,-0.467802611029793,-0.174166060345064,-0.0369643074616101,0.090035074956989,0.362658266483754,5549.1164077203,0.999521579996162,NA,1736,NA,NA,FALSE,FALSE
"a_spqrt[1737]",0.0521263866859202,0.00274249399296238,0.19806347871524,-0.345189763994666,-0.075910308967605,0.0457485166396841,0.181828675461343,0.443024382138595,5215.75802773965,0.99944457537224,NA,1737,NA,NA,FALSE,FALSE
"a_spqrt[1738]",0.108871862679748,0.00317756664318157,0.200612074279491,-0.276506432456055,-0.0236958030307199,0.106790367542133,0.236987006526893,0.521444134745933,3985.88533901484,0.999904974641381,NA,1738,NA,NA,FALSE,FALSE
"a_spqrt[1739]",0.0138143920476245,0.00286761673382339,0.196676205553881,-0.354090872342361,-0.118757937058588,0.00968426432015383,0.14124702426545,0.413367350856377,4703.93627649763,0.999980465291356,NA,1739,NA,NA,FALSE,FALSE
"a_spqrt[1740]",0.0613132539672247,0.00236780339594216,0.202249202202922,-0.347626440189636,-0.0693566157735212,0.0570657010925933,0.192927282479744,0.462866038025682,7295.95851845444,0.999074895962264,NA,1740,NA,NA,FALSE,FALSE
"a_spqrt[1741]",-0.107374316293706,0.00274546043218077,0.206303467145949,-0.520603045255638,-0.237448823354506,-0.107190139793414,0.026668965054782,0.290427231188163,5646.54346616204,0.999485855167542,NA,1741,NA,NA,FALSE,FALSE
"a_spqrt[1742]",0.0630055101585825,0.00258700559819705,0.196815595050946,-0.314882626436266,-0.0684868019183603,0.0584676898496755,0.189009984242679,0.460811943753607,5787.94343500691,0.99881466294084,NA,1742,NA,NA,FALSE,FALSE
"a_spqrt[1743]",0.0350375102904864,0.00250471292310142,0.193776405424846,-0.338512375496226,-0.0905273822992839,0.03353915173123,0.162846153274578,0.420228386691203,5985.2993724205,0.999800307985823,NA,1743,NA,NA,FALSE,FALSE
"a_spqrt[1744]",0.0116293195222953,0.0027168371149823,0.199874914076946,-0.3870768774905,-0.116515943154937,0.016113366948731,0.140111058023924,0.405814638854143,5412.39366476325,0.999161841165177,NA,1744,NA,NA,FALSE,FALSE
"a_spqrt[1745]",-0.0123301015568649,0.00222876036487741,0.178681890422541,-0.372878425005782,-0.129353947793926,-0.0156607819128872,0.105319650567845,0.346185602737826,6427.38515539784,0.999138191978339,NA,1745,NA,NA,FALSE,FALSE
"a_spqrt[1746]",0.0289885579389287,0.00183354900231757,0.181205569725339,-0.320065457818245,-0.0923986368439811,0.0257937935958371,0.150536979997468,0.380683000871503,9766.92927022018,0.999100367776771,NA,1746,NA,NA,FALSE,FALSE
"a_spqrt[1747]",0.0115902296773423,0.00236151778037075,0.183215491980272,-0.346266621910267,-0.109253900990853,0.0118521922932327,0.132528119988995,0.380346046905821,6019.24397314884,1.00005952965708,NA,1747,NA,NA,FALSE,FALSE
"a_spqrt[1748]",0.00555376617953625,0.00263534168306156,0.184745424292154,-0.351191579634553,-0.119253036222202,0.00377550192909606,0.127040213198679,0.371472043135763,4914.43413548193,0.99916221379592,NA,1748,NA,NA,FALSE,FALSE
"a_spqrt[1749]",-0.00338574834919981,0.00275483229071813,0.197981116103191,-0.39385636189729,-0.136987305610402,-0.0030324562507541,0.121103321154648,0.402656552209883,5164.84397714484,0.999016401883598,NA,1749,NA,NA,FALSE,FALSE
"a_spqrt[1750]",0.00444400502689178,0.00279230872687771,0.200468786242017,-0.390231598650159,-0.1278819548869,0.00363683071122789,0.134257592814513,0.400133323058235,5154.26394427168,0.99915966626024,NA,1750,NA,NA,FALSE,FALSE
"a_spqrt[1751]",0.00697201533394515,0.00223365851212092,0.190603862484363,-0.368795627630433,-0.122288387735085,0.00971666583210902,0.129190040982781,0.380675114723374,7281.65064635923,0.999509808562387,NA,1751,NA,NA,FALSE,FALSE
"a_spqrt[1752]",-0.00795283985759403,0.00220722573996203,0.192645080508146,-0.389826429926554,-0.134072843437173,-0.00791116857220385,0.116293246992837,0.367748600252922,7617.67328094123,0.999320692409982,NA,1752,NA,NA,FALSE,FALSE
"a_spqrt[1753]",-0.00747211467234383,0.00243572217498959,0.200015240897508,-0.405912461905411,-0.133554968700515,-0.00580795283602906,0.117919014811368,0.392529363868172,6743.27201941808,0.99937945009719,NA,1753,NA,NA,FALSE,FALSE
"a_spqrt[1754]",0.00438053400268223,0.00256298300581345,0.19244105237003,-0.361241677769129,-0.130347773815177,0.00239595795379105,0.134606790621413,0.381935166031173,5637.72636929862,0.999725966975442,NA,1754,NA,NA,FALSE,FALSE
"a_spqrt[1755]",0.035054688385243,0.00202288316344162,0.165126501792557,-0.278573758939327,-0.0749412816829572,0.0349838071723508,0.143452507183138,0.373261730008995,6663.33980823284,0.999237182883007,NA,1755,NA,NA,FALSE,FALSE
"a_spqrt[1756]",0.000780779410508971,0.00239427924480525,0.18520888694457,-0.361628722879395,-0.122363925659011,0.00488668859440488,0.124729021865004,0.35637402792421,5983.75828659724,0.999744030348469,NA,1756,NA,NA,FALSE,FALSE
"a_spqrt[1757]",0.00959106994410718,0.00239595648723559,0.186796393724903,-0.356691852487807,-0.112187435091276,0.0083027238478947,0.133814483981595,0.374862735650313,6078.25788074753,0.999151306121599,NA,1757,NA,NA,FALSE,FALSE
"a_spqrt[1758]",-0.0207199638079153,0.00249350617598486,0.198701809619851,-0.406448121553606,-0.151904956108721,-0.0223862357074597,0.11429461248546,0.364754368049662,6350.13192941411,0.998968017332922,NA,1758,NA,NA,FALSE,FALSE
"a_spqrt[1759]",0.0218736480978076,0.00252872616175315,0.200520367432081,-0.379049882090318,-0.106083670222025,0.0195157177306821,0.152155938440148,0.415937841033883,6288.01226374239,0.999126638992581,NA,1759,NA,NA,FALSE,FALSE
"a_spqrt[1760]",-0.00987985313589882,0.00218821466694226,0.18098118816708,-0.368037108891444,-0.127242815578112,-0.00956917473393059,0.106035168168568,0.350094317618651,6840.48698424677,0.999319814132559,NA,1760,NA,NA,FALSE,FALSE
"a_spqrt[1761]",0.00485253708001426,0.00273100160214144,0.190466482510586,-0.375898419769898,-0.122376952742747,0.00610974578336057,0.129728705084241,0.371007809844841,4863.99604358339,0.999395160489529,NA,1761,NA,NA,FALSE,FALSE
"a_spqrt[1762]",0.00683404618591374,0.00229132860596945,0.185023250220832,-0.354778543287528,-0.11243649652829,0.00610969162705056,0.128055102123504,0.368321293587612,6520.45432920758,0.999558121466707,NA,1762,NA,NA,FALSE,FALSE
"a_spqrt[1763]",0.00916705416854672,0.00228302069949614,0.19948426824346,-0.376438328358699,-0.122608966022784,0.0141678072441375,0.140120308328104,0.406517002677085,7634.79896040474,0.999101818190937,NA,1763,NA,NA,FALSE,FALSE
"a_spqrt[1764]",-0.0122268145281088,0.00249226832067128,0.200830223130045,-0.414738918892798,-0.141983820426079,-0.0125048055613338,0.122004583680841,0.373136600831111,6493.34603265287,0.999273532067926,NA,1764,NA,NA,FALSE,FALSE
"a_spqrt[1765]",-0.00894641850506671,0.00258051382367098,0.2062968360462,-0.415374433660231,-0.14226494604347,-0.0112032876019404,0.124257811676552,0.393213207046934,6391.05793984473,0.999342069833199,NA,1765,NA,NA,FALSE,FALSE
"a_spqrt[1766]",0.000237283942111455,0.00255326806388301,0.211522344417474,-0.418768558042446,-0.137763170828763,-0.00220922710349571,0.140641976880494,0.426036771739083,6863.08972066664,0.999299352678117,NA,1766,NA,NA,FALSE,FALSE
"a_spqrt[1767]",0.00132636047077296,0.00269859141878184,0.20443776546812,-0.406110790827398,-0.122753642833514,0.00143766281286472,0.128668179752107,0.410894872305028,5739.1553527159,0.999163442046171,NA,1767,NA,NA,FALSE,FALSE
"a_spqrt[1768]",0.020266173047512,0.00251251722382669,0.210260007817372,-0.3798305622907,-0.118277129032513,0.0171909382113785,0.159395214966299,0.43329449849235,7003.17948755659,0.999446883973113,NA,1768,NA,NA,FALSE,FALSE
"a_spqrt[1769]",-0.056523136206581,0.00253648199463033,0.202514393214735,-0.46073329834644,-0.189552612867955,-0.0549736349373322,0.0771367733067686,0.346177551292,6374.53078056454,0.998962725220004,NA,1769,NA,NA,FALSE,FALSE
"a_spqrt[1770]",0.0638443938768381,0.00245922559424546,0.195357309838015,-0.310806886163907,-0.0714925250055394,0.0632252545906079,0.19298845256389,0.461680972820334,6310.48287131171,0.999725307726908,NA,1770,NA,NA,FALSE,FALSE
"a_spqrt[1771]",0.0201593518798188,0.00239457652588193,0.207883177418359,-0.390077668332531,-0.12159222100014,0.0186767849073679,0.159509796346631,0.427221588741104,7536.70038994988,0.999214514026035,NA,1771,NA,NA,FALSE,FALSE
"a_spqrt[1772]",0.00330367303589562,0.00237790772025795,0.199151113515443,-0.391081765299725,-0.130516916817044,0.00256450790469011,0.135628680256374,0.388887829558616,7014.15702694426,0.999080073490679,NA,1772,NA,NA,FALSE,FALSE
"a_spqrt[1773]",0.0184068812201079,0.00209931655108161,0.179987295862724,-0.337828108050719,-0.0994346461937618,0.0181193616032419,0.134395868595288,0.379223582690704,7350.68554975603,0.998923711352627,NA,1773,NA,NA,FALSE,FALSE
"a_spqrt[1774]",-0.12343203098579,0.00235992715523813,0.175799721682279,-0.487128123311552,-0.233853758270708,-0.12201611422273,-0.00750421280574803,0.223360157761926,5549.3123597875,0.999629326418538,NA,1774,NA,NA,FALSE,FALSE
"a_spqrt[1775]",0.0819190633341865,0.0022008843126381,0.176852276841152,-0.267471512281701,-0.0361187418010003,0.0768287810666169,0.200318109372699,0.439592331112279,6456.94193614475,0.999590864377721,NA,1775,NA,NA,FALSE,FALSE
"a_spqrt[1776]",-0.0790791049963925,0.00233215248827465,0.184695434256914,-0.453073706178214,-0.19587576865389,-0.0763516157054153,0.0468915242577225,0.277894167793663,6271.88999350264,0.999195548613488,NA,1776,NA,NA,FALSE,FALSE
"a_spqrt[1777]",-0.0642779383170335,0.00265856520351587,0.202342061390999,-0.48221312328003,-0.189370942946621,-0.0631189045988936,0.0701927589357936,0.326539802270822,5792.65559140463,0.999694546411114,NA,1777,NA,NA,FALSE,FALSE
"a_spqrt[1778]",0.0453408650617484,0.00240013597730491,0.196434414401095,-0.332884168956151,-0.085534322265934,0.0454365134407227,0.172077673427799,0.43926603626462,6698.28248752261,0.999956000905275,NA,1778,NA,NA,FALSE,FALSE
"a_spqrt[1779]",0.0341944181050867,0.00234675623437659,0.200743297140818,-0.34596608825115,-0.100636360208936,0.030779235560102,0.165227581218034,0.440829704286218,7317.22055100515,0.999569866699488,NA,1779,NA,NA,FALSE,FALSE
"a_spqrt[1780]",-0.0114241953687727,0.00242358800442287,0.192356063910454,-0.393962195333583,-0.140156512255154,-0.0135429324732853,0.116515867431417,0.370101601919088,6299.32731336149,0.999337310596017,NA,1780,NA,NA,FALSE,FALSE
"a_spqrt[1781]",-0.0859062774692783,0.00233588931468475,0.195325070684234,-0.473727947545697,-0.21420688792736,-0.0849391370515104,0.0416949442487378,0.293083011089705,6992.16165221177,0.999193433519552,NA,1781,NA,NA,FALSE,FALSE
"a_spqrt[1782]",0.0376237503827844,0.00199887765174342,0.185570039260227,-0.316043717036884,-0.0853455386458647,0.0366223555854185,0.161254132632748,0.40512387820666,8618.73037058636,0.999273954366338,NA,1782,NA,NA,FALSE,FALSE
"a_spqrt[1783]",0.00605119121783529,0.00246014148307735,0.187737055561934,-0.362207916125364,-0.119259047992932,0.00697666625059618,0.130518663370516,0.373938164467394,5823.443095171,0.999752068895611,NA,1783,NA,NA,FALSE,FALSE
"a_spqrt[1784]",-0.0283652092559322,0.0024861207104291,0.180017805667374,-0.386058787942931,-0.148292661416314,-0.029118343361087,0.0954396272381542,0.322965130533836,5243.08024043515,0.999225788912489,NA,1784,NA,NA,FALSE,FALSE
"a_spqrt[1785]",-0.00441967626905537,0.00251129694037064,0.20826247823487,-0.414653976243629,-0.144940742999539,-0.00809555141238353,0.133050969499521,0.400711130960937,6877.42604445645,0.999354024799544,NA,1785,NA,NA,FALSE,FALSE
"a_spqrt[1786]",0.0182182280315637,0.00253134228216036,0.211109454435691,-0.397540919841185,-0.119985632610207,0.0131341894085741,0.147684851765486,0.447899462445022,6955.2640145982,0.998966911208261,NA,1786,NA,NA,FALSE,FALSE
"a_spqrt[1787]",-0.0101344634265992,0.00248886784682166,0.201554329335869,-0.415610815547345,-0.138028415945878,-0.0100773915792536,0.116087765302639,0.398165796067511,6558.13855562034,0.999507284279984,NA,1787,NA,NA,FALSE,FALSE
"a_spqrt[1788]",0.0108545064039718,0.00227420414218689,0.199981052402947,-0.386052683752785,-0.119264265281239,0.00909786693722361,0.146095931389784,0.403930289181514,7732.48002243829,0.999503733309294,NA,1788,NA,NA,FALSE,FALSE
"a_spqrt[1789]",0.0194178573747386,0.00251310149548944,0.196667789563821,-0.366746295869757,-0.113645881913188,0.0171812512888183,0.15330504753679,0.408581370960769,6124.15841216905,1.00007926627497,NA,1789,NA,NA,FALSE,FALSE
"a_spqrt[1790]",-0.00663737760495816,0.00225931734146178,0.199287221251585,-0.38443874876648,-0.139837379316406,-0.0050505119182661,0.123934069453415,0.382366084672472,7780.44490528101,0.999270686873681,NA,1790,NA,NA,FALSE,FALSE
"a_spqrt[1791]",0.025380578869135,0.00234952050503714,0.187705798364385,-0.345193035666313,-0.095092655393642,0.0272958211779677,0.144386077371745,0.401796776806555,6382.58926996086,0.999807157600447,NA,1791,NA,NA,FALSE,FALSE
"a_spqrt[1792]",0.022212885399365,0.00218956448639833,0.169154875222623,-0.313500177394527,-0.0873857543513928,0.021777413324815,0.129178994552316,0.374595873267745,5968.34002294148,0.999506057368467,NA,1792,NA,NA,FALSE,FALSE
"a_spqrt[1793]",-0.00992995969323375,0.00223626563876332,0.189109558442696,-0.386515224470396,-0.136146883801177,-0.00972062913060471,0.116175029749792,0.359772912404365,7151.22067288925,0.999164242844485,NA,1793,NA,NA,FALSE,FALSE
"a_spqrt[1794]",0.0497783578892317,0.00219525527861976,0.181582910554502,-0.301580308363213,-0.068178870797454,0.0502640095484922,0.163026276491113,0.422530890963491,6841.94983840051,0.99998774561536,NA,1794,NA,NA,FALSE,FALSE
"a_spqrt[1795]",-0.178431714320755,0.00265950540223889,0.194175740282064,-0.575298786697936,-0.303776189475597,-0.175294032179921,-0.0494010656396672,0.191775481357187,5330.74840233465,1.00009453764922,NA,1795,NA,NA,FALSE,FALSE
"a_spqrt[1796]",0.0370207928864796,0.00281611073381086,0.203912937801901,-0.370908375131328,-0.092928128371282,0.0351076910737845,0.16610675326793,0.446828860320434,5243.12374017767,0.999176086126684,NA,1796,NA,NA,FALSE,FALSE
"a_spqrt[1797]",0.0169259231996267,0.00257559110525359,0.196136307046994,-0.36056400153589,-0.11181227820845,0.0172427474554435,0.148377451210267,0.387974532222792,5799.12078851575,0.999436899954842,NA,1797,NA,NA,FALSE,FALSE
"a_spqrt[1798]",-0.0256285769076956,0.00233986899393271,0.195329867276711,-0.402261528118432,-0.158057050074599,-0.0256481764042485,0.109332171262544,0.358687597254635,6968.73941182176,0.999007586849364,NA,1798,NA,NA,FALSE,FALSE
"a_spqrt[1799]",0.0920277926392416,0.00261989939118309,0.191827390740683,-0.263917141032529,-0.0337782094992488,0.0872430092880984,0.21282882702261,0.47676325278055,5361.07658224348,0.999390385782934,NA,1799,NA,NA,FALSE,FALSE
"a_spqrt[1800]",-0.0387242555279186,0.00222565157087001,0.206588689038244,-0.452763335586627,-0.16895633401716,-0.0331760667840191,0.092704105105595,0.367766428048136,8615.86187040763,0.998936707141062,NA,1800,NA,NA,FALSE,FALSE
"a_spqrt[1801]",-0.022581423683185,0.00255051564462143,0.205060283663446,-0.418140341744885,-0.160695754932026,-0.0240377687899207,0.1168977777965,0.378547447892452,6464.08597377322,0.99969497788072,NA,1801,NA,NA,FALSE,FALSE
"a_spqrt[1802]",-0.0234087850686446,0.0025547460821506,0.203044870823361,-0.422874067101376,-0.152417579714419,-0.0233566994815014,0.106990054095132,0.369351674216717,6316.67543774041,0.99895323303783,NA,1802,NA,NA,FALSE,FALSE
"a_spqrt[1803]",-0.031349832567012,0.00301557162228553,0.196046729398788,-0.435960149986758,-0.155835664008752,-0.0295839097911402,0.0920441804961037,0.365312723877222,4226.49059962353,0.999312243207986,NA,1803,NA,NA,FALSE,FALSE
"a_spqrt[1804]",0.0246100952194949,0.00259589033651075,0.19508988293854,-0.351341501483042,-0.107194076878367,0.0262669371601177,0.154560777907111,0.401658612507956,5648.02763267445,0.999185706776019,NA,1804,NA,NA,FALSE,FALSE
"a_spqrt[1805]",-0.0836660712187793,0.00253337921813732,0.204376070654139,-0.482159644551219,-0.2224164430302,-0.0809433337483984,0.0568332996408366,0.310540303128714,6508.18190452945,0.99927423436603,NA,1805,NA,NA,FALSE,FALSE
"a_spqrt[1806]",-0.115066463030227,0.00244470519438283,0.18730551033367,-0.487780580708562,-0.238461066228809,-0.106343257092003,0.0118917862997299,0.233242512474306,5870.13538337939,0.998961635972335,NA,1806,NA,NA,FALSE,FALSE
"a_spqrt[1807]",-0.156770660599776,0.00271793405515408,0.195269026678351,-0.553877638100138,-0.283395171018013,-0.153210008490355,-0.0289554097638743,0.225248228870139,5161.65403828112,0.999145008652214,NA,1807,NA,NA,FALSE,FALSE
"a_spqrt[1808]",-0.0765405108161462,0.00241570984930565,0.183075816239592,-0.449582590395615,-0.19819057170462,-0.0718703199997792,0.0491995698176445,0.273689101958787,5743.44436032455,0.999053707907441,NA,1808,NA,NA,FALSE,FALSE
"a_spqrt[1809]",-0.0525628526497589,0.00229364996674305,0.196663983204602,-0.435947540811667,-0.185170933830516,-0.0497334467681233,0.0813247471667984,0.331769184590472,7351.82871153935,0.999673671872693,NA,1809,NA,NA,FALSE,FALSE
"a_spqrt[1810]",-0.0245903444781805,0.002592795680069,0.200111652822812,-0.423887644661483,-0.158716578504629,-0.0217207224371291,0.109226460981127,0.360541206801538,5956.73348213716,0.999341895707959,NA,1810,NA,NA,FALSE,FALSE
"a_spqrt[1811]",-0.0231540746220661,0.0023824017258929,0.210504995631982,-0.441099004927491,-0.162280108300474,-0.0215480134446973,0.119243861035603,0.382213605619284,7807.19134593817,0.999340023322047,NA,1811,NA,NA,FALSE,FALSE
"a_spqrt[1812]",0.0277496672147492,0.00248842815910259,0.197347962786667,-0.369799247645794,-0.101098619324071,0.0297920019829535,0.157512030062352,0.41591772724475,6289.48492822624,0.998852460375779,NA,1812,NA,NA,FALSE,FALSE
"a_spqrt[1813]",-0.0508111520055389,0.00222656502862442,0.198481199621411,-0.444480455818945,-0.184784132532801,-0.0518927122760015,0.0792998484008388,0.337595996898052,7946.35540405731,0.999496537562933,NA,1813,NA,NA,FALSE,FALSE
"a_spqrt[1814]",-0.0178306398933051,0.00236080096044037,0.197767222245132,-0.418508461286682,-0.14589656684778,-0.0167181515630022,0.10773068185998,0.371561611604104,7017.6205372936,0.999695863715007,NA,1814,NA,NA,FALSE,FALSE
"a_spqrt[1815]",0.00348173560251921,0.00230635976166057,0.191019001969407,-0.372823281833292,-0.12616975257834,0.00332673834868012,0.130842935211499,0.380900565873011,6859.60389696511,0.999513850690384,NA,1815,NA,NA,FALSE,FALSE
"a_spqrt[1816]",0.0149572273185123,0.00283169061156039,0.210173051777293,-0.392858241596853,-0.123621262758638,0.0142275233663686,0.153247744218269,0.428070564090828,5508.86917583194,0.999218611672458,NA,1816,NA,NA,FALSE,FALSE
"a_spqrt[1817]",0.0211473052183211,0.00312827661404556,0.213913643442438,-0.411409031698774,-0.115890680858397,0.024072465035119,0.156241868638813,0.461601232115141,4675.91570739071,1.00038868220248,NA,1817,NA,NA,FALSE,FALSE
"a_spqrt[1818]",0.00962235491189689,0.00241848337904483,0.19971492348571,-0.375834631092668,-0.128215014269648,0.00978250101143779,0.138414929240774,0.400375797305907,6819.2218946604,0.998883571259173,NA,1818,NA,NA,FALSE,FALSE
"a_spqrt[1819]",-0.00475512176393727,0.00224899154897211,0.196149256420411,-0.387386136230442,-0.134703830420825,-0.00572237750471492,0.125217254850513,0.388992035585144,7606.72446408185,1.00011086638569,NA,1819,NA,NA,FALSE,FALSE
"a_spqrt[1820]",-0.018844395188097,0.00258744065995568,0.209825951983386,-0.429552796281606,-0.156587479001765,-0.0198793422054858,0.125170707045634,0.389725221726916,6576.23928720699,0.999546361386585,NA,1820,NA,NA,FALSE,FALSE
"a_spqrt[1821]",0.0277412118377602,0.00233849336871818,0.201493237461233,-0.362009585781026,-0.100808644828705,0.0204191401641065,0.156032829147925,0.432493490819419,7424.18293144294,0.999470088008385,NA,1821,NA,NA,FALSE,FALSE
"a_spqrt[1822]",0.00864918226654567,0.00258993935980176,0.210998713996222,-0.422006344802888,-0.131147253224913,0.00826010000136484,0.142519494736259,0.42811346512482,6637.13154460599,0.999473907605619,NA,1822,NA,NA,FALSE,FALSE
"a_spqrt[1823]",0.0325045479020908,0.00297581514192312,0.200001460786291,-0.357413181312337,-0.0950021240979615,0.0285274708931446,0.156140180417015,0.449822942692764,4517.04520521707,0.999754170484165,NA,1823,NA,NA,FALSE,FALSE
"a_spqrt[1824]",0.121220812629334,0.00287794316334372,0.209841263152786,-0.280532080552613,-0.0166619271826284,0.113639641092231,0.251714508753275,0.559433679194916,5316.39643547002,0.999003014996214,NA,1824,NA,NA,FALSE,FALSE
"a_spqrt[1825]",-0.000168874449905216,0.00255764422912122,0.202342980501371,-0.394821970380232,-0.133383375628486,0.000214720012022367,0.129745074833326,0.401764937156379,6258.87126050396,0.999320040908118,NA,1825,NA,NA,FALSE,FALSE
"a_spqrt[1826]",0.018802016216158,0.00233571711276395,0.198844325115108,-0.373139755172797,-0.113365387891746,0.0163958273249488,0.145664876160776,0.419906391525911,7247.46149678355,0.999770856400771,NA,1826,NA,NA,FALSE,FALSE
"a_spqrt[1827]",-0.0263107887933255,0.00243601732535195,0.20521110260956,-0.433094410245939,-0.159940385777562,-0.0214651720255069,0.114489094559885,0.371016302674187,7096.44697815715,0.999111186846354,NA,1827,NA,NA,FALSE,FALSE
"a_spqrt[1828]",0.0625243743078267,0.00262538836808102,0.203183015069695,-0.343301741062147,-0.0745099527279852,0.0602394591926827,0.188080451942128,0.479914791770553,5989.46026009083,0.998846180784653,NA,1828,NA,NA,FALSE,FALSE
"a_spqrt[1829]",0.00572841261716477,0.0024132235518567,0.20488220490245,-0.39644780344025,-0.126478532160634,0.00202119681444134,0.142772982540714,0.407160599408546,7207.97660255209,0.999239228896618,NA,1829,NA,NA,FALSE,FALSE
"a_spqrt[1830]",-0.0378294690927146,0.0025337012729601,0.198752044005132,-0.430639071741492,-0.166646957491555,-0.0345600048625999,0.0969045975646656,0.355764305282807,6153.36090876372,0.999892480895674,NA,1830,NA,NA,FALSE,FALSE
"a_spqrt[1831]",0.0435001670648527,0.00236154324840533,0.199180036444327,-0.324426643277812,-0.0922884101703119,0.0431234007861079,0.172889116890809,0.447336075889839,7113.76981004348,0.999112229404388,NA,1831,NA,NA,FALSE,FALSE
"a_spqrt[1832]",-0.0137243518771268,0.00254348716963531,0.212490726829031,-0.445873911890663,-0.151696596388941,-0.010365864264449,0.122826330215491,0.39362455543132,6979.44455632954,0.999519966102727,NA,1832,NA,NA,FALSE,FALSE
"a_spqrt[1833]",-0.0156497445246536,0.00243312586464649,0.17982808240934,-0.359158373931473,-0.140931115355751,-0.0169555858320891,0.105812430051785,0.336070836051339,5462.42988728309,1.00012619886952,NA,1833,NA,NA,FALSE,FALSE
"a_spqrt[1834]",0.0180269485405279,0.00219463006360401,0.183663547416881,-0.330825325268439,-0.106643300650032,0.014490164061395,0.143242213442339,0.369746704386832,7003.6315158994,0.999313455317248,NA,1834,NA,NA,FALSE,FALSE
"a_spqrt[1835]",-0.0231039794512992,0.00211170395590614,0.17857674632796,-0.380267948745003,-0.139784157510241,-0.0221698861533461,0.0998509533254338,0.319109224786394,7151.27937477541,0.999774239040329,NA,1835,NA,NA,FALSE,FALSE
"a_spqrt[1836]",-0.0083659390125371,0.00227112629425831,0.176226722099044,-0.363051201992021,-0.128116476604019,-0.00515409740997077,0.107044665533066,0.333096093507436,6020.89364268485,0.999319656457497,NA,1836,NA,NA,FALSE,FALSE
"a_spqrt[1837]",0.0169338215426848,0.00281068611425752,0.194899421177125,-0.366191747032235,-0.11318667849896,0.0172341852068833,0.144840534215797,0.394905590839318,4808.35365332897,0.999985948842389,NA,1837,NA,NA,FALSE,FALSE
"a_spqrt[1838]",0.0135655231992033,0.00252215702933912,0.198685864397963,-0.388378100432609,-0.114027530749503,0.0114466178341014,0.147383786105079,0.408599456027071,6205.68455308494,0.998987352458884,NA,1838,NA,NA,FALSE,FALSE
"a_spqrt[1839]",0.0128239820068256,0.00242518898890245,0.192353991835298,-0.376818802776803,-0.114100766718837,0.0195211801628611,0.139193933838607,0.387088213893386,6290.87754379477,0.999597049710061,NA,1839,NA,NA,FALSE,FALSE
"a_spqrt[1840]",0.0117093239751451,0.00204989653532383,0.179406450473849,-0.322232249567233,-0.111238569807531,0.00905103929199028,0.131640634472336,0.36463665676275,7659.7081921385,0.999090815393938,NA,1840,NA,NA,FALSE,FALSE
"a_spqrt[1841]",0.00765899917815099,0.00232300239928906,0.19085467242672,-0.373444299420632,-0.122660952494071,0.00719157052719687,0.135550940344032,0.377563269883917,6750.03891418284,0.999051486678002,NA,1841,NA,NA,FALSE,FALSE
"a_spqrt[1842]",0.0126723010227011,0.00222491710814266,0.181515390213072,-0.331138290230972,-0.107826841513844,0.00958792635617047,0.132622573028089,0.380510879143787,6655.78425944052,0.999056848518117,NA,1842,NA,NA,FALSE,FALSE
"a_spqrt[1843]",0.0145127245947718,0.00258684313794355,0.212752463120305,-0.393397992359767,-0.127083547175443,0.0126340023052168,0.153216322270303,0.437634152622159,6764.08418904613,0.999159751544667,NA,1843,NA,NA,FALSE,FALSE
"a_spqrt[1844]",-0.0231919901519112,0.00235952998298127,0.198103478470144,-0.404306026330724,-0.155616675238724,-0.0244621291754602,0.107757376268306,0.357133994303026,7049.0923760203,0.999188702172237,NA,1844,NA,NA,FALSE,FALSE
"a_spqrt[1845]",-0.000334209959010738,0.00290125376487952,0.211733065609828,-0.425468574526595,-0.134955727948962,0.000577066044450105,0.141311187022729,0.4204407085032,5326.05855819239,0.998998040730223,NA,1845,NA,NA,FALSE,FALSE
"a_spqrt[1846]",-0.00374649044422113,0.00211227714073036,0.189077327184325,-0.376468355091448,-0.125520657937074,-0.00428820806312555,0.12272291082894,0.37352362356702,8012.66730499558,0.999562073803053,NA,1846,NA,NA,FALSE,FALSE
"a_spqrt[1847]",0.00515162454740257,0.0024706459155004,0.197178990186917,-0.387511498785043,-0.123560498208413,0.00718790104084517,0.132618911062426,0.401121254103774,6369.42546300159,0.999164958007587,NA,1847,NA,NA,FALSE,FALSE
"a_spqrt[1848]",0.00202654679835688,0.00206248977439475,0.181864442965652,-0.354630168351304,-0.121763282911438,0.00255490550800643,0.121525063986378,0.367913524235284,7775.20745255676,0.999034506417334,NA,1848,NA,NA,FALSE,FALSE
"a_spqrt[1849]",0.0210372488629919,0.00212895673761277,0.186809024497592,-0.343770890044004,-0.102192169974473,0.0190039347784162,0.141893296073885,0.39999377625273,7699.49130147488,0.998899824550526,NA,1849,NA,NA,FALSE,FALSE
"a_spqrt[1850]",0.00385146615857112,0.00250554241048803,0.204582076389874,-0.40226628235377,-0.123730544655696,0.00565995773063852,0.134559384802483,0.405019495352509,6667.01830711745,0.998904780648388,NA,1850,NA,NA,FALSE,FALSE
"a_spqrt[1851]",0.00816009508116275,0.00220440023642986,0.193000612385346,-0.369562957395684,-0.117981241618286,-0.000184394518366675,0.137617474487351,0.393360228659068,7665.4291898893,0.99896936981819,NA,1851,NA,NA,FALSE,FALSE
"a_spqrt[1852]",-0.0163625723577111,0.00244875205766842,0.190444739556642,-0.395482863062442,-0.14520583817104,-0.0169632937836977,0.11130641137619,0.360753861364637,6048.50904430482,0.998974203617613,NA,1852,NA,NA,FALSE,FALSE
"a_spqrt[1853]",0.0430898621666628,0.00232074679387866,0.1956262053954,-0.341523299478518,-0.0855811810069021,0.0438166731289315,0.170702039307626,0.424159388346658,7105.56380384514,0.999301384901526,NA,1853,NA,NA,FALSE,FALSE
"a_spqrt[1854]",0.0188052007085159,0.00225736519381207,0.188868342515961,-0.346685550302636,-0.107303822691533,0.0181163738045399,0.147324375462857,0.383259576721474,7000.26835915111,0.999268332163103,NA,1854,NA,NA,FALSE,FALSE
"a_spqrt[1855]",-0.00689558356426149,0.00257269342358365,0.194547607826486,-0.387151841442058,-0.137846577627155,-0.00923973187859169,0.122754260532627,0.372587338847386,5718.41562368953,1.000115890228,NA,1855,NA,NA,FALSE,FALSE
"a_spqrt[1856]",0.00407195407499012,0.00262222157920189,0.205911674132958,-0.418026228329814,-0.121660795754763,0.00724650602280796,0.13089085078257,0.423185506880537,6166.27891667832,0.999053217878986,NA,1856,NA,NA,FALSE,FALSE
"a_spqrt[1857]",-0.00396974949905735,0.00216608635781085,0.19078089210074,-0.378487005810903,-0.134131415840783,-0.00347815934724156,0.127403254990324,0.366545043511177,7757.43626638919,0.999372638784152,NA,1857,NA,NA,FALSE,FALSE
"a_spqrt[1858]",0.038386979186154,0.00238594509207914,0.194906699092139,-0.340115861742633,-0.0835535406426837,0.0348476467083621,0.160218243074558,0.429514413061166,6673.17697758774,0.999853297288807,NA,1858,NA,NA,FALSE,FALSE
"a_spqrt[1859]",-0.00410042556779954,0.00254606676088782,0.187856884263214,-0.385446644803383,-0.125360588832266,-0.00450112190269573,0.117659753652831,0.366299869254293,5443.95661650349,0.999203432468469,NA,1859,NA,NA,FALSE,FALSE
"a_spqrt[1860]",0.0026008438854029,0.00250586674824353,0.2084007534725,-0.407519788797958,-0.131586235028123,0.00545924813656554,0.13704621739076,0.41780570842621,6916.44014837207,0.999166225783068,NA,1860,NA,NA,FALSE,FALSE
"a_spqrt[1861]",0.0105101644406144,0.00268609917912701,0.20388459492089,-0.395392595233787,-0.122370234146353,0.00890949105699268,0.148098223881599,0.407279137310573,5761.35633856464,0.999120518440703,NA,1861,NA,NA,FALSE,FALSE
"a_spqrt[1862]",-0.0142077774331467,0.00224478860002082,0.195692295666447,-0.41572420302915,-0.140982203007255,-0.0129724919708033,0.11591857637639,0.365386127323609,7599.70194067476,0.999262519123593,NA,1862,NA,NA,FALSE,FALSE
"a_spqrt[1863]",0.00962747509766014,0.00250807824761575,0.208305349815733,-0.420633219062904,-0.12124067573807,0.00659655680640454,0.146342799101967,0.409645294637139,6897.92843942568,0.999673755086619,NA,1863,NA,NA,FALSE,FALSE
"a_spqrt[1864]",-0.0122670064580101,0.00255030943376947,0.202996235848579,-0.411548927336786,-0.149968255418443,-0.0143799245086589,0.124982377060227,0.382668787213016,6335.63595809386,0.999334587270747,NA,1864,NA,NA,FALSE,FALSE
"a_spqrt[1865]",-0.0171610510361989,0.00245619096747578,0.212384289681353,-0.442669506375522,-0.155968391777356,-0.0170222402494196,0.122452908329112,0.401697019724444,7476.88182940984,0.998970087811252,NA,1865,NA,NA,FALSE,FALSE
"a_spqrt[1866]",-0.0115085218423872,0.00251825807546129,0.200701030836008,-0.401242473198907,-0.14238470244994,-0.0110331767121432,0.12259051233822,0.376210833096568,6351.82809076131,0.999826513219196,NA,1866,NA,NA,FALSE,FALSE
"a_spqrt[1867]",-0.0573992548116404,0.00245729979972259,0.200867526400807,-0.457285505580012,-0.183590267769022,-0.0532068921291689,0.0748279938119207,0.332794313268962,6681.94924344804,0.999200224147964,NA,1867,NA,NA,FALSE,FALSE
"a_spqrt[1868]",-0.024261135472757,0.00264823337975305,0.20441156088633,-0.436064421815114,-0.159368625523923,-0.0206083247711798,0.11506255475311,0.368030927467818,5957.97118317475,0.998898722725805,NA,1868,NA,NA,FALSE,FALSE
"a_spqrt[1869]",0.0272871303956961,0.00246939509274116,0.201339722025577,-0.366114771404261,-0.108661398511812,0.0264269553914976,0.159941113900076,0.428960572555325,6647.79728547248,0.999501409496234,NA,1869,NA,NA,FALSE,FALSE
"a_spqrt[1870]",-0.000914809602597695,0.00227195099416717,0.192803146180305,-0.383197690616388,-0.12552423460638,-0.00298683484963766,0.124410276342588,0.378138095009295,7201.62186378742,0.998917354828591,NA,1870,NA,NA,FALSE,FALSE
"a_spqrt[1871]",0.0341052007561549,0.00287653088193606,0.205545290059474,-0.362255163256023,-0.104714754188494,0.0293358921088355,0.167915739919323,0.451602370385913,5105.95493599061,0.999477143114116,NA,1871,NA,NA,FALSE,FALSE
"a_spqrt[1872]",0.00449688810017616,0.00231471031481995,0.179053581128787,-0.353225444018803,-0.11069116861036,0.00604076069204231,0.122128976923059,0.349506341493402,5983.74019729864,0.999483585332057,NA,1872,NA,NA,FALSE,FALSE
"a_spqrt[1873]",-0.0275470164263152,0.00272530457125095,0.185117931223126,-0.391864905755173,-0.154555782682208,-0.0253852388946126,0.0998585113420785,0.333231574996654,4613.88628984503,0.999876874580098,NA,1873,NA,NA,FALSE,FALSE
"a_spqrt[1874]",0.0174022692252249,0.00202820837407383,0.178362373030958,-0.323617014369414,-0.0971786757647012,0.0210146172736661,0.132997796664753,0.358866896391425,7733.59350090108,0.999018310552125,NA,1874,NA,NA,FALSE,FALSE
"a_spqrt[1875]",0.00487667582924987,0.00235729935536583,0.195993170607304,-0.374139083348055,-0.122929611516745,0.00324336932460411,0.1356633644425,0.382490939894596,6912.77469486787,0.998900969491493,NA,1875,NA,NA,FALSE,FALSE
"a_spqrt[1876]",0.0252464160685851,0.00245611951879662,0.202109062415529,-0.361301577896964,-0.105766674348796,0.0195183981725216,0.154666942697567,0.4410385808248,6771.30820668411,0.999753749745409,NA,1876,NA,NA,FALSE,FALSE
"a_spqrt[1877]",-0.00395083364933088,0.00221950483256135,0.186470116243855,-0.380869812082011,-0.12495325075109,-0.00537526048171837,0.114165891540093,0.367335186631701,7058.40043852685,0.99953519145329,NA,1877,NA,NA,FALSE,FALSE
"a_spqrt[1878]",-0.00217573117058991,0.00228782335030766,0.192044135509957,-0.382247151178445,-0.129668160915724,-0.00178063671575759,0.121799581398024,0.367890798227424,7046.23498949377,0.999236705745707,NA,1878,NA,NA,FALSE,FALSE
"a_spqrt[1879]",-0.00588044004726745,0.00263961701134044,0.186682512440033,-0.379782478948894,-0.122524350259019,-0.00816251694246016,0.112222358900611,0.363869432391906,5001.78980675831,0.999649125255948,NA,1879,NA,NA,FALSE,FALSE
"a_spqrt[1880]",-0.0242046127165457,0.00286979330073149,0.207669597621961,-0.433830383372345,-0.15564233067594,-0.0230364123308824,0.11054398368163,0.386245033803684,5236.54220254462,0.999402117588285,NA,1880,NA,NA,FALSE,FALSE
"a_spqrt[1881]",-0.0505207306695214,0.00244359555445795,0.18757898701257,-0.440158167419472,-0.172293124691426,-0.0449162259600092,0.0747035347545025,0.318497280068182,5892.63742452005,0.99913678370625,NA,1881,NA,NA,FALSE,FALSE
"a_spqrt[1882]",0.0164707519601414,0.00216644373613699,0.169010743832709,-0.313049345273924,-0.0957307199449644,0.0178191736523385,0.130291955239949,0.354537984974636,6086.02591086428,0.999329670832064,NA,1882,NA,NA,FALSE,FALSE
"a_spqrt[1883]",0.00744205393645728,0.00220747519030854,0.186435909471305,-0.359580687669533,-0.117530049007379,0.00615624017469622,0.136003789297197,0.359711868484938,7132.92189867263,0.998892551110943,NA,1883,NA,NA,FALSE,FALSE
"a_spqrt[1884]",0.0254347351174429,0.00208957077319487,0.178810190945476,-0.315663985801845,-0.092640022100462,0.0209124645735462,0.14419448356024,0.389260997061706,7322.68518683801,0.999289793383652,NA,1884,NA,NA,FALSE,FALSE
"a_spqrt[1885]",-0.0181674174110646,0.00271714527219254,0.207105626453151,-0.426400822005495,-0.144775188158518,-0.0167138786899827,0.113221773504552,0.400900151385355,5809.75847213029,0.999766258466634,NA,1885,NA,NA,FALSE,FALSE
"a_spqrt[1886]",0.0045280138437228,0.00274853804453631,0.194362112513938,-0.376589720990893,-0.123818586337592,0.00284309551706827,0.129907649397587,0.392535351328215,5000.57235974142,0.999326494828636,NA,1886,NA,NA,FALSE,FALSE
"a_spqrt[1887]",0.0143775938762633,0.00243978826514175,0.20224382588636,-0.384466141672111,-0.12263610994798,0.012820534362723,0.150005818270873,0.41080281078733,6871.41642078719,0.999092136931986,NA,1887,NA,NA,FALSE,FALSE
"a_spqrt[1888]",0.00609111476188932,0.00275985344238503,0.201043863798985,-0.384630049164987,-0.126703401445955,0.00801732261466812,0.138829195989118,0.406427430259244,5306.51754089302,0.999364360989524,NA,1888,NA,NA,FALSE,FALSE
"a_spqrt[1889]",-0.0516501050759368,0.00252699545533857,0.197867279496993,-0.448977550156394,-0.180749704991137,-0.0501907549730443,0.0823575218736188,0.334049303408895,6131.10909015016,0.999398564575355,NA,1889,NA,NA,FALSE,FALSE
"a_spqrt[1890]",0.040251909371407,0.00223202868100131,0.189961370682837,-0.329136108118107,-0.0872917055978604,0.039104291838581,0.163731084825583,0.424147186252499,7243.20951186095,0.999057748761562,NA,1890,NA,NA,FALSE,FALSE
"a_spqrt[1891]",0.0161569892903497,0.00258685083596725,0.196558776596701,-0.358970682568683,-0.117218878725849,0.0160819018223181,0.147336817226869,0.406066436847868,5773.53904010903,0.99909361911623,NA,1891,NA,NA,FALSE,FALSE
"a_spqrt[1892]",-0.0271617741558538,0.00262332550544055,0.195424891999922,-0.423564147672493,-0.154133249454983,-0.0231508788581324,0.102715697148971,0.347152236498642,5549.51970475962,0.999386946202459,NA,1892,NA,NA,FALSE,FALSE
"a_spqrt[1893]",0.0194561431473681,0.00234059994205149,0.202849455110347,-0.380974896596147,-0.107798999193328,0.0146308733576725,0.147955113692383,0.427512474972344,7510.92302218272,0.999227488536538,NA,1893,NA,NA,FALSE,FALSE
"a_spqrt[1894]",-0.0205456362946709,0.00235783228306072,0.207633504012876,-0.450819401404852,-0.154166089892954,-0.0178714080231333,0.111883644787476,0.394805980949062,7754.77223901352,0.99907441641874,NA,1894,NA,NA,FALSE,FALSE
"a_spqrt[1895]",-0.0499298091499621,0.00254792420198084,0.208511950026021,-0.471449394622844,-0.185195678024029,-0.0506655378674927,0.0835383820490179,0.35783730675774,6697.13250403646,0.999442289518466,NA,1895,NA,NA,FALSE,FALSE
"a_spqrt[1896]",0.00129653499962339,0.00291211292760612,0.202833934471808,-0.400308756684814,-0.128762641826273,0.00115833504070323,0.133222121437635,0.406544446274483,4851.37454728417,0.999516869735725,NA,1896,NA,NA,FALSE,FALSE
"a_spqrt[1897]",-0.0369007116849259,0.00238224284922194,0.19640091653583,-0.428531905208171,-0.171458351556789,-0.0327201980126106,0.0983123774688801,0.340385088983255,6796.96379063876,0.999474200467733,NA,1897,NA,NA,FALSE,FALSE
"a_spqrt[1898]",-0.00321553585653503,0.00241526799475257,0.204795060769209,-0.411382556993473,-0.135145069809631,-0.00240212366883876,0.132183852020449,0.388752454304917,7189.65917791074,0.999590912280883,NA,1898,NA,NA,FALSE,FALSE
"a_spqrt[1899]",0.00475564185221914,0.00252597932250571,0.200118443674713,-0.376703985936593,-0.129617824268043,0.00552124725218477,0.135582720118483,0.396736247170295,6276.45834891142,0.99901846853588,NA,1899,NA,NA,FALSE,FALSE
"a_spqrt[1900]",0.0133263358286629,0.00226407951434535,0.182252654240065,-0.345872251180664,-0.106405074270399,0.0110064231050579,0.131412430327959,0.382054008250736,6479.84135779885,0.999511102664425,NA,1900,NA,NA,FALSE,FALSE
"a_spqrt[1901]",-0.0041174567003036,0.00212845764724414,0.184109042440247,-0.368675032728328,-0.124051825529418,-0.00301685625121979,0.118389209154064,0.358153082752131,7482.04322257974,0.998834154620564,NA,1901,NA,NA,FALSE,FALSE
"a_spqrt[1902]",0.0165068378536508,0.00221362011446339,0.187404265611588,-0.352870425981909,-0.109146247564356,0.0115762155841649,0.142198024511423,0.387425336099279,7167.25339236068,0.998823136835461,NA,1902,NA,NA,FALSE,FALSE
"a_spqrt[1903]",0.00664606342860343,0.0020982158321819,0.189740510015226,-0.36139043241116,-0.118182305346508,0.00577250067460078,0.13359997778758,0.386887221758152,8177.48597290276,0.998860517398353,NA,1903,NA,NA,FALSE,FALSE
"a_spqrt[1904]",-0.011558801494895,0.002836490789274,0.195096219596267,-0.402120663596774,-0.137732862985984,-0.0111601976572162,0.116052960071786,0.381521373153777,4730.8039733046,0.999220138798847,NA,1904,NA,NA,FALSE,FALSE
"a_spqrt[1905]",-0.0264414772560425,0.00260114098900874,0.202764252935058,-0.436845211257725,-0.160638504843401,-0.0284615562270137,0.109012504053973,0.370387993031415,6076.52093060252,0.998993578104237,NA,1905,NA,NA,FALSE,FALSE
"a_spqrt[1906]",0.0241659895405011,0.00233145640079788,0.201015675233237,-0.379387047389891,-0.108289493514903,0.0234833142667217,0.155283405378863,0.415093096779567,7433.70381747755,0.999059673036781,NA,1906,NA,NA,FALSE,FALSE
"a_spqrt[1907]",-0.00265752961309785,0.00243650595899261,0.182684563817664,-0.367717642964757,-0.123096239305303,-0.00305270419631288,0.120136540398036,0.359144667831823,5621.71402551675,0.999548752620796,NA,1907,NA,NA,FALSE,FALSE
"a_spqrt[1908]",0.01149462098374,0.00259334327588936,0.182457894670291,-0.335200230579821,-0.112061105216635,0.0116554451601362,0.137091514565971,0.370217276326559,4950.00119871043,0.999033437720561,NA,1908,NA,NA,FALSE,FALSE
"a_spqrt[1909]",-0.0248458646422712,0.00192250219860562,0.178244740013167,-0.38073661546868,-0.142448909577396,-0.0279023443321045,0.0925206701600491,0.321714237544386,8596.06627404438,0.999147570093371,NA,1909,NA,NA,FALSE,FALSE
"a_spqrt[1910]",-0.0342276424766505,0.00259714121605911,0.207524639934312,-0.445666213079021,-0.167848931657655,-0.030974130089142,0.0998269630912073,0.369520883317048,6384.81339785313,0.998957529269879,NA,1910,NA,NA,FALSE,FALSE
"a_spqrt[1911]",-0.0169336702463928,0.00230513099407482,0.201200337550125,-0.422105663407266,-0.147681475200853,-0.0156535237916816,0.112158607381643,0.387425210427058,7618.44242293053,0.999121766442035,NA,1911,NA,NA,FALSE,FALSE
"a_spqrt[1912]",0.00448734200368348,0.00271650045810177,0.202613948508907,-0.408657828586353,-0.125117575950549,0.00653572594899121,0.137017766773685,0.408426625292079,5563.12879926632,0.999142817224847,NA,1912,NA,NA,FALSE,FALSE
"a_spqrt[1913]",0.0214349886358198,0.00244372410078703,0.199377761960314,-0.360582183716292,-0.113922634885837,0.0166770296174591,0.157601089065176,0.41375181109845,6656.54832700032,0.999485301037737,NA,1913,NA,NA,FALSE,FALSE
"a_spqrt[1914]",0.0105748725081607,0.00232800224178882,0.20645072193952,-0.403644835457293,-0.123590089903007,0.0107913463483271,0.14523753879145,0.426690240979913,7864.40776680273,0.999264091432653,NA,1914,NA,NA,FALSE,FALSE
"a_spqrt[1915]",0.00799916484431277,0.00261633894565347,0.194756538370852,-0.381835380878467,-0.120941186554575,0.0074235282588455,0.140641890319168,0.37958982970939,5541.10119421004,0.999749504636641,NA,1915,NA,NA,FALSE,FALSE
"a_spqrt[1916]",0.0188471379162081,0.00222696769408333,0.197227692606009,-0.366986248841696,-0.110010856807968,0.0183563418047215,0.146138600488157,0.411347634124437,7843.46483768842,0.999458282809072,NA,1916,NA,NA,FALSE,FALSE
"a_spqrt[1917]",-0.0108448514284617,0.00237361406396704,0.194450378118792,-0.405308109031559,-0.14304758255876,-0.0111530454882619,0.123461553266294,0.376899228460535,6711.15656859915,0.999275680193565,NA,1917,NA,NA,FALSE,FALSE
"a_spqrt[1918]",-0.0216247940392164,0.00235591890773488,0.200384515444884,-0.414410984728904,-0.155354099435845,-0.0217684852964599,0.113880455200566,0.370585071422301,7234.4853598189,0.999832854974043,NA,1918,NA,NA,FALSE,FALSE
"a_spqrt[1919]",0.0160850496866573,0.00214979797780777,0.187288142531239,-0.359040563024387,-0.104518715591017,0.0147285804873073,0.13731223401941,0.385312860935333,7589.71144849486,0.999256390229046,NA,1919,NA,NA,FALSE,FALSE
"a_spqrt[1920]",-0.0766953095395816,0.00258190705857032,0.188036556470326,-0.450397503519706,-0.198355413006343,-0.0765998387741391,0.0498376528014471,0.285845099497282,5303.99821185321,0.999219748276691,NA,1920,NA,NA,FALSE,FALSE
"a_spqrt[1921]",0.033648407393548,0.00225733891653922,0.192963802704151,-0.355183099359949,-0.0938522001476967,0.0337641751193561,0.161959189276237,0.406784994774786,7307.32057535932,0.999502311571032,NA,1921,NA,NA,FALSE,FALSE
"a_spqrt[1922]",0.0233905352770472,0.0025472059315807,0.196746186781334,-0.358405346045543,-0.106815710377885,0.023348272309591,0.150110666542574,0.426447161639243,5966.01763796738,0.999576452783014,NA,1922,NA,NA,FALSE,FALSE
"a_spqrt[1923]",-0.000720500580771429,0.00277319055989573,0.209473135730593,-0.426418060548479,-0.137175798013406,0.00343787268286118,0.136996715038242,0.41192492318159,5705.54640035812,0.999275089614597,NA,1923,NA,NA,FALSE,FALSE
"a_spqrt[1924]",0.0351620519442357,0.00275191770079985,0.206446726030371,-0.376389423004371,-0.0995174301475892,0.0329973571717396,0.172442188496439,0.449289635822139,5627.88372991339,0.999448485586535,NA,1924,NA,NA,FALSE,FALSE
"a_spqrt[1925]",0.00407295058661941,0.00271944879107103,0.201516158639757,-0.389709869458037,-0.129696486485888,0.00429612419676738,0.137418815768571,0.400615120022392,5491.08266062812,0.999408714981814,NA,1925,NA,NA,FALSE,FALSE
"a_spqrt[1926]",0.0282436767523687,0.00243808311411739,0.195575034992813,-0.354001138824434,-0.100018551989257,0.028721146803905,0.153903474103162,0.423900754916105,6434.72246307559,0.999095780622913,NA,1926,NA,NA,FALSE,FALSE
"a_spqrt[1927]",0.0292219111374826,0.00234674720764366,0.207380682019286,-0.382732641108996,-0.106167559242729,0.0269835708326376,0.162245240159104,0.443928498510615,7809.15381825077,0.999184198225737,NA,1927,NA,NA,FALSE,FALSE
"a_spqrt[1928]",0.119648312549754,0.00308415515986272,0.206449091315831,-0.273579677182273,-0.0173558334595712,0.110478772102966,0.248861793861248,0.552338261514981,4480.77889302822,0.999506281764544,NA,1928,NA,NA,FALSE,FALSE
"a_spqrt[1929]",-0.093085255267331,0.00260793026548844,0.195022574385725,-0.496281480695358,-0.210458904394207,-0.0910650683364813,0.0294985709514542,0.279266991602818,5592.13724025001,0.999067766886853,NA,1929,NA,NA,FALSE,FALSE
"a_spqrt[1930]",-0.00211474781009184,0.00265427186656443,0.207718345440765,-0.404378114741093,-0.141412267762749,-0.00538941872879084,0.140427374234485,0.405144505384601,6124.33447779194,0.999912463915103,NA,1930,NA,NA,FALSE,FALSE
"a_spqrt[1931]",0.0374072624660155,0.00196911863990688,0.176994176740698,-0.300149716406043,-0.0791130838115478,0.0342283135592655,0.1563403824535,0.386344398846048,8079.30845875056,0.999278179541149,NA,1931,NA,NA,FALSE,FALSE
"a_spqrt[1932]",0.0158603550451772,0.00231243444889244,0.175948006311237,-0.333143909219259,-0.100329765422466,0.0144643074208089,0.131196070989201,0.36854073813737,5789.35044297502,0.999129855245875,NA,1932,NA,NA,FALSE,FALSE
"a_spqrt[1933]",0.021693866396046,0.00221566580088367,0.17821341438697,-0.325104099596493,-0.0974190313583408,0.0212047716421125,0.138643431456176,0.380394042831717,6469.52317809708,0.999935161484881,NA,1933,NA,NA,FALSE,FALSE
"a_spqrt[1934]",0.0132301075427878,0.00220569698325327,0.185880815841292,-0.357307347365404,-0.111555989227537,0.017437732595919,0.136121255583418,0.376385801715471,7101.94723802105,0.999614400122725,NA,1934,NA,NA,FALSE,FALSE
"a_spqrt[1935]",0.00840082020108538,0.00245303216310554,0.196565502417919,-0.371828953333841,-0.128076995806089,0.00848676674240256,0.14358832392384,0.389655746718541,6421.08052716311,0.99900234781725,NA,1935,NA,NA,FALSE,FALSE
"a_spqrt[1936]",0.00331353676817221,0.00228827268515745,0.198917182465478,-0.397784901634425,-0.125704461414636,0.00348120165567021,0.133778897533772,0.392435487108796,7556.64543516095,0.999540338923284,NA,1936,NA,NA,FALSE,FALSE
"a_spqrt[1937]",-0.00494343155101049,0.00305177149190482,0.208752908181528,-0.412611045736429,-0.147471974135268,-0.00419256318890849,0.138577873993738,0.391557614180923,4679.08619341052,1.00091974319746,NA,1937,NA,NA,FALSE,FALSE
"a_spqrt[1938]",0.000774511595360147,0.00213993638141021,0.204221583575513,-0.391223150459194,-0.137463750404909,0.00136492360350334,0.140069858000711,0.390745212628595,9107.54979338346,0.999175887721354,NA,1938,NA,NA,FALSE,FALSE
"a_spqrt[1939]",0.0231016945951335,0.0024892935667427,0.189307558624691,-0.344063718431128,-0.0993696754418983,0.0222144061337233,0.147982546040514,0.389150486723483,5783.4059298858,0.999179764608961,NA,1939,NA,NA,FALSE,FALSE
"a_spqrt[1940]",0.0169163825647837,0.00250407776579316,0.189319655661141,-0.3450127322484,-0.111051660795162,0.0115705976155667,0.140349424607512,0.405581600644015,5716.04695496084,0.9996622833874,NA,1940,NA,NA,FALSE,FALSE
"a_spqrt[1941]",0.0255768571514372,0.00239709771872467,0.186111061907316,-0.338890172804495,-0.0951768528348317,0.0238044792572092,0.141963562981589,0.400392270896089,6027.99518912359,0.999351860192596,NA,1941,NA,NA,FALSE,FALSE
"a_spqrt[1942]",0.072126800265624,0.00256414860380632,0.18281090637069,-0.274582027277333,-0.0523429049211642,0.0694709603449535,0.194254002692091,0.438542772131224,5082.9732248036,0.998981569993623,NA,1942,NA,NA,FALSE,FALSE
"a_spqrt[1943]",-0.0182834224287731,0.00235124055917871,0.200432079940717,-0.431969776663834,-0.148168470910303,-0.0199813490981005,0.116123315583061,0.379151757215061,7266.7519705567,0.999332493980506,NA,1943,NA,NA,FALSE,FALSE
"a_spqrt[1944]",0.0105009071056987,0.00283981449245654,0.21160525054473,-0.409672829655411,-0.130174486533198,0.0102652797239365,0.15387727452437,0.430411570795801,5552.30016743619,0.999156577617294,NA,1944,NA,NA,FALSE,FALSE
"a_spqrt[1945]",-0.00908500889417463,0.00260759345913261,0.202249914585928,-0.403348470733856,-0.137439923712747,-0.00909780884279552,0.120567198832764,0.391690746847686,6015.84901383461,0.999725830690023,NA,1945,NA,NA,FALSE,FALSE
"a_spqrt[1946]",0.0376558359144962,0.00264586359755309,0.202624543680997,-0.346986105982682,-0.0900491262775492,0.0372284860952155,0.167760487179525,0.449866455577546,5864.74585795339,1.00070560532324,NA,1946,NA,NA,FALSE,FALSE
"a_spqrt[1947]",0.002366281515719,0.00220738430065067,0.201884450935981,-0.383380786099405,-0.135172670685194,0.00377100799924351,0.136157714492535,0.408151067442328,8364.68986110194,0.999445568591369,NA,1947,NA,NA,FALSE,FALSE
"a_spqrt[1948]",0.170320885231214,0.00286978640277983,0.198708376568177,-0.203377434408442,0.0403070331687638,0.163381937739375,0.303530983778874,0.574408855192799,4794.38828321314,0.999297130249257,NA,1948,NA,NA,FALSE,FALSE
"a_spqrt[1949]",-0.0300253229392014,0.00222119124912578,0.189937576605102,-0.402292452727834,-0.156310290891455,-0.0300958792262102,0.0988964281578123,0.335418176489972,7312.23057666738,0.999691475802355,NA,1949,NA,NA,FALSE,FALSE
"a_spqrt[1950]",0.0365916003833614,0.00244959923700595,0.181963330768571,-0.311290885417962,-0.0788295656545143,0.033350177097887,0.149870802065977,0.405492830596656,5517.94896591705,0.999288480016229,NA,1950,NA,NA,FALSE,FALSE
"a_spqrt[1951]",-0.0106295181689105,0.00213237331229943,0.186039871924592,-0.388666719541371,-0.13091035912425,-0.0112974009057823,0.109760626396113,0.349423473240735,7611.76876869078,0.999708907970247,NA,1951,NA,NA,FALSE,FALSE
"a_spqrt[1952]",0.00584434348983274,0.00243933267576234,0.202809930533705,-0.397872897834146,-0.130218271872777,0.00929697852520181,0.137683598732177,0.397187506070616,6912.51944312994,1.00002736109002,NA,1952,NA,NA,FALSE,FALSE
"a_spqrt[1953]",0.00894102558761238,0.00260804577213472,0.202551078785646,-0.391357511994095,-0.121523923758861,0.00661796791898,0.133953280253565,0.41848879997148,6031.68569558637,1.00016016792383,NA,1953,NA,NA,FALSE,FALSE
"a_spqrt[1954]",0.0213498754102506,0.00257111736476295,0.195482073041471,-0.368712265654266,-0.104720725068608,0.0274708689463465,0.148462191039136,0.399938204716888,5780.56207091768,0.999342963806782,NA,1954,NA,NA,FALSE,FALSE
"a_spqrt[1955]",0.0127885204023672,0.00219378686462552,0.191439567708004,-0.36079501561033,-0.1131319364531,0.0122052754520606,0.135241657080467,0.389218381420642,7615.08133392576,0.998962955239498,NA,1955,NA,NA,FALSE,FALSE
"a_spqrt[1956]",-0.0104498275050625,0.00241289320862724,0.17956847688677,-0.367850331334722,-0.130139104611639,-0.0101399798785689,0.108548727604781,0.335864657649054,5538.39588332303,0.999110938333255,NA,1956,NA,NA,FALSE,FALSE
"a_spqrt[1957]",-0.0175752705509842,0.00238018666375362,0.187141656981283,-0.385035304965454,-0.140191048405393,-0.0191284640872012,0.107507576229121,0.331502158573914,6181.85630651642,0.999686435629651,NA,1957,NA,NA,FALSE,FALSE
"a_spqrt[1958]",-0.00560496840286126,0.00258136722609695,0.190130653505435,-0.377819435640875,-0.128766611801525,-0.00563758497613928,0.116237777288242,0.373249001883627,5425.06190499847,0.9997317596286,NA,1958,NA,NA,FALSE,FALSE
"a_spqrt[1959]",-0.00716184340563075,0.002408973813551,0.202808850109214,-0.406351420396584,-0.140072472634758,-0.00637459063458484,0.125945193877064,0.405824598404126,7087.77050699791,0.999148519326246,NA,1959,NA,NA,FALSE,FALSE
"a_spqrt[1960]",0.0131098909419615,0.00242172886692255,0.209764168922472,-0.417779914084223,-0.116207242284408,0.0157712197908536,0.142330172722366,0.438047685096788,7502.596227177,0.999635540947167,NA,1960,NA,NA,FALSE,FALSE
"a_spqrt[1961]",-0.00731287855281228,0.00257399706891259,0.204312900789195,-0.418564005553581,-0.140413952132368,-0.00851200031261061,0.126763921902058,0.39289500770074,6300.5067860313,0.999069924753526,NA,1961,NA,NA,FALSE,FALSE
"a_spqrt[1962]",-0.000221081202264064,0.00225635089144501,0.205708248619139,-0.424069219649384,-0.130927716395557,-0.0013790467985926,0.132166185342576,0.39475529260856,8311.70528123902,0.998973388710992,NA,1962,NA,NA,FALSE,FALSE
"a_spqrt[1963]",-0.0104875157634301,0.00243859239637705,0.193227823572307,-0.38107020066647,-0.143302193844372,-0.00458561707982542,0.117575528003081,0.377569211766867,6278.57221488142,0.999442259734339,NA,1963,NA,NA,FALSE,FALSE
"a_spqrt[1964]",-0.00573481538075159,0.00235360451202822,0.193068952472291,-0.384091350272455,-0.136085033488619,-0.00701649016578403,0.122897455916942,0.380970227288856,6729.11428985375,0.999536117711296,NA,1964,NA,NA,FALSE,FALSE
"a_spqrt[1965]",0.00214341227833144,0.00257025552204638,0.206993378285699,-0.408854157599093,-0.135965632932395,0.000729951708077893,0.142080513908407,0.404760185962592,6485.75148039492,0.99993681748541,NA,1965,NA,NA,FALSE,FALSE
"a_spqrt[1966]",-0.0099613146799041,0.00254908384952763,0.201559399734148,-0.405777625631286,-0.14009736025023,-0.0102333786170494,0.123285065623334,0.380820755485492,6252.27209316738,0.999717623354187,NA,1966,NA,NA,FALSE,FALSE
"a_spqrt[1967]",-0.0112733238416425,0.00288254593728986,0.201929297907113,-0.408225193030016,-0.142236034818837,-0.00842989442287179,0.117022988839142,0.382663244733683,4907.34053876723,0.999391980722424,NA,1967,NA,NA,FALSE,FALSE
"a_spqrt[1968]",0.0458627522529702,0.00245193990112472,0.203525415703673,-0.351949365432678,-0.0853795148894041,0.0410057278880214,0.176026486337699,0.450061165295435,6889.97520079016,0.999097871797653,NA,1968,NA,NA,FALSE,FALSE
"a_spqrt[1969]",0.0271658401912557,0.00245943711494367,0.20681200691582,-0.37100500493119,-0.110268322819643,0.0293914682124698,0.164143262133093,0.431944557705445,7070.98722935443,0.999366341381489,NA,1969,NA,NA,FALSE,FALSE
"a_spqrt[1970]",-0.00705258683344274,0.00236306341511289,0.207778087037368,-0.4276122772183,-0.138851683596897,-0.0055700190260995,0.127745343051462,0.397750835441834,7731.23250134467,0.999470732628288,NA,1970,NA,NA,FALSE,FALSE
"a_spqrt[1971]",-0.0133172727067006,0.00263165279355134,0.204390751540308,-0.413731350728851,-0.144692403291116,-0.0135554089366219,0.117426361848206,0.393046906037676,6032.05511074035,0.999340898983387,NA,1971,NA,NA,FALSE,FALSE
"a_spqrt[1972]",0.0300308805829017,0.00279279431187777,0.204916515416164,-0.35826780227799,-0.10218864784144,0.0273125071985466,0.163873478640784,0.448592961925251,5383.64012997375,0.999596285772622,NA,1972,NA,NA,FALSE,FALSE
"a_spqrt[1973]",0.032044512772367,0.00221910551778852,0.204159366090604,-0.373450991839405,-0.102763176985812,0.0333109929994058,0.163875130811901,0.443033134496792,8464.13751341887,0.999316391448359,NA,1973,NA,NA,FALSE,FALSE
"a_spqrt[1974]",0.036698411242174,0.00333958316825497,0.203862937961804,-0.363876527938725,-0.0915624334596236,0.0364314053951693,0.163146404453894,0.4489270920709,3726.42195943061,1.00104532832969,NA,1974,NA,NA,FALSE,FALSE
"a_spqrt[1975]",0.0101731765986398,0.00268399413769921,0.205774988160997,-0.385943026219565,-0.125003930834359,0.00951762806374897,0.143264042347746,0.433524166159482,5877.89799282953,0.999612534693792,NA,1975,NA,NA,FALSE,FALSE
"a_spqrt[1976]",0.00711722726933706,0.00222087701887602,0.197880379078504,-0.375180197552701,-0.122983072750972,0.00365729479462746,0.131399778924025,0.399476956530693,7938.82899221254,0.999631305522749,NA,1976,NA,NA,FALSE,FALSE
"a_spqrt[1977]",0.00257929261740531,0.00283256845728911,0.199687343726767,-0.396001395305766,-0.127872801118106,0.00140445761310343,0.128049957221635,0.403094650344331,4969.81532126042,0.999871836819115,NA,1977,NA,NA,FALSE,FALSE
"a_spqrt[1978]",-0.015986532339641,0.00245700827538908,0.205583333839239,-0.418508797615669,-0.153916827392966,-0.0153339559478386,0.118427630485623,0.397027988317483,7001.04018716446,0.999094944938893,NA,1978,NA,NA,FALSE,FALSE
"a_spqrt[1979]",0.117538898711329,0.00264250636283528,0.200779717588942,-0.263811673103551,-0.0146668309016282,0.113987688325847,0.243391844378481,0.532864701973549,5773.0802512411,0.99905451362922,NA,1979,NA,NA,FALSE,FALSE
"a_spqrt[1980]",-0.0021795255212866,0.00264227122875102,0.201371849013308,-0.416217517286521,-0.134481508763322,-0.00509525613294165,0.132529228101662,0.401760258021573,5808.21553357487,0.999311570962746,NA,1980,NA,NA,FALSE,FALSE
"a_spqrt[1981]",-0.013272267780825,0.00224504174732143,0.178838031771457,-0.359054167444506,-0.133870616288884,-0.0110703718381732,0.10523271355691,0.324864602346232,6345.5741087966,1.00001566182266,NA,1981,NA,NA,FALSE,FALSE
"a_spqrt[1982]",-0.00877841213948273,0.00233630593748375,0.187648505210326,-0.375695056265852,-0.134658576764589,-0.00859474296185953,0.11348753368003,0.347307866959758,6451.05571965689,0.999179661280756,NA,1982,NA,NA,FALSE,FALSE
"a_spqrt[1983]",-0.0252209279719181,0.00228298419861211,0.195285513615736,-0.423784705227967,-0.14864173358126,-0.0227872993976641,0.103238366895506,0.354625688026225,7317.02005530181,0.998841179812647,NA,1983,NA,NA,FALSE,FALSE
"a_spqrt[1984]",0.0028293876289028,0.00247713793863641,0.195632080866445,-0.382227228648294,-0.126184294662856,-0.000124280130935195,0.134334643557059,0.38494600118973,6237.05777683955,0.999203059800548,NA,1984,NA,NA,FALSE,FALSE
"a_spqrt[1985]",0.00112081255850825,0.00237142324952927,0.199670191912872,-0.394107437262873,-0.129067189076217,0.00249401853256013,0.128969013458484,0.392584306698506,7089.3811133364,0.999579126229554,NA,1985,NA,NA,FALSE,FALSE
"a_spqrt[1986]",0.0133555000092559,0.00231795653942165,0.187779981724794,-0.367568377125926,-0.110944277326872,0.016255616709347,0.138998037104311,0.370103567105277,6562.78243622233,0.999193581229849,NA,1986,NA,NA,FALSE,FALSE
"a_spqrt[1987]",0.0104086444973014,0.00236870410334299,0.180104967407474,-0.336968368728356,-0.111460776936357,0.0115958730221528,0.13224919317694,0.370428530603268,5781.35659327575,0.999828782347843,NA,1987,NA,NA,FALSE,FALSE
"a_spqrt[1988]",0.0257325940536894,0.00234896147634919,0.198647338739784,-0.353642623914736,-0.108092696113441,0.0212539905348824,0.15650265109678,0.415634366869118,7151.77287746417,0.999169509743101,NA,1988,NA,NA,FALSE,FALSE
"a_spqrt[1989]",0.00183380151124865,0.00241008189491802,0.200623324842436,-0.405384809377022,-0.129456758945998,0.00252047003719526,0.125304073400397,0.400558890456843,6929.45767725133,0.999222364807554,NA,1989,NA,NA,FALSE,FALSE
"a_spqrt[1990]",0.0119510185727924,0.00257701110766065,0.203400998803884,-0.392269393955773,-0.11625258537589,0.0150719510154563,0.1412519551033,0.419214029224455,6229.79249815607,0.998943545183144,NA,1990,NA,NA,FALSE,FALSE
"a_spqrt[1991]",0.0294711157447423,0.00247488720942171,0.188208898700336,-0.347745688780476,-0.0906237696216035,0.0273786094053564,0.148691856785786,0.403546618236568,5783.21694908227,0.999393968487515,NA,1991,NA,NA,FALSE,FALSE
"a_spqrt[1992]",-0.000452398742541753,0.00229916642467894,0.196241041770875,-0.392992625069395,-0.130951679463206,-0.00258284497326781,0.123568616016471,0.396033285763076,7285.15613506973,0.999006920499966,NA,1992,NA,NA,FALSE,FALSE
"a_spqrt[1993]",-0.00415370207276939,0.00236429757638811,0.1979308590413,-0.405558071771766,-0.134107245825637,-0.00372006822061524,0.130376550820378,0.393515751374437,7008.46235660484,0.999028715439859,NA,1993,NA,NA,FALSE,FALSE
"a_spqrt[1994]",0.00996170203909997,0.00236483806868941,0.192002284519112,-0.372688727784016,-0.115570837935318,0.0113801837784647,0.13783107945752,0.384199851174615,6591.89037593077,0.998978749532438,NA,1994,NA,NA,FALSE,FALSE
"a_spqrt[1995]",-0.00548128688258099,0.00239120152660891,0.187455204914673,-0.365442491188827,-0.132056366764085,-0.00512092480836205,0.120919945268686,0.355316931633529,6145.57677624813,0.999753849636727,NA,1995,NA,NA,FALSE,FALSE
"a_spqrt[1996]",-0.0157500258367164,0.0023025941060449,0.194264717315349,-0.400062477959178,-0.144074167058762,-0.0160347418273955,0.113674142429788,0.370598436021671,7117.91968947287,0.999466891124857,NA,1996,NA,NA,FALSE,FALSE
"a_spqrt[1997]",0.010638561337319,0.00248825856515175,0.199431014790864,-0.372413288623357,-0.126065793463085,0.0110096965213369,0.140962864465042,0.402894887303039,6423.83508285017,1.00015597547383,NA,1997,NA,NA,FALSE,FALSE
"a_spqrt[1998]",-0.0219201264842034,0.0029747813979658,0.202494244717319,-0.43112172788544,-0.151793251541295,-0.0217203726734663,0.106679221276461,0.386701304149664,4633.56494227354,0.999201430221779,NA,1998,NA,NA,FALSE,FALSE
"a_spqrt[1999]",0.0230789961950286,0.00219501806345391,0.206803531277255,-0.371082410453575,-0.115073831288134,0.0179000008595724,0.15952346448879,0.444518016878057,8876.45802076242,0.999103799494684,NA,1999,NA,NA,FALSE,FALSE
"a_spqrt[2000]",-0.0135958022931398,0.0023571823790697,0.193293488423963,-0.390340412918184,-0.143221582992013,-0.00744319782228884,0.117416570257136,0.349970118133844,6724.31540899243,0.999234505157403,NA,2000,NA,NA,FALSE,FALSE
"a_spqrt[2001]",0.0292714420888086,0.00262623092870349,0.193395466365209,-0.352154631811636,-0.0969377119968483,0.0294288198232822,0.154089574794005,0.421822986360915,5422.83954902764,0.999070403990386,NA,2001,NA,NA,FALSE,FALSE
"a_spqrt[2002]",0.0174751550738973,0.00291521766965006,0.197002149442384,-0.361496190963598,-0.106562695588757,0.0154306319053648,0.145921618532817,0.412671542279159,4566.67341347106,1.00023550863068,NA,2002,NA,NA,FALSE,FALSE
"a_spqrt[2003]",-0.00987925565203929,0.00270819245799687,0.205197902879508,-0.402940569105121,-0.153472047530571,-0.0156651837828736,0.131858990046001,0.407167854101203,5740.9899600233,1.00042510967735,NA,2003,NA,NA,FALSE,FALSE
"a_spqrt[2004]",0.00905276246949523,0.00254253270886297,0.203464318326495,-0.389799989861049,-0.124069596132434,0.00686212065071653,0.138461509636662,0.41357112903421,6403.88343328676,0.998808537105581,NA,2004,NA,NA,FALSE,FALSE
"a_spqrt[2005]",0.0182532802629541,0.00220187856901743,0.206743063297949,-0.384773609120987,-0.118240139348196,0.0161539499452347,0.151889434921451,0.426987318399733,8816.07274066987,0.999056380348742,NA,2005,NA,NA,FALSE,FALSE
"a_spqrt[2006]",0.00843317401468775,0.00239259173539657,0.208162461742729,-0.39667893729924,-0.128526631240587,0.0112837923425565,0.14441570641659,0.41637688719297,7569.50768091817,0.999415779312721,NA,2006,NA,NA,FALSE,FALSE
"a_spqrt[2007]",-0.00729091988452084,0.00242892578157555,0.199320878181725,-0.394856603504382,-0.13602865772436,-0.00937027496544426,0.125975079514606,0.385968145519449,6734.06175125232,0.999676328393384,NA,2007,NA,NA,FALSE,FALSE
"a_spqrt[2008]",0.0108391033048986,0.00255352444220673,0.201969627634736,-0.388191642954626,-0.125542528441197,0.0100272065259092,0.144091582248559,0.412065778416371,6255.93303161826,0.998930775601782,NA,2008,NA,NA,FALSE,FALSE
"a_spqrt[2009]",-0.00486740368871158,0.00257758386202165,0.208441335729399,-0.429475783172739,-0.141429058130866,-0.00554051219582017,0.13210372483412,0.413881768651382,6539.46300235279,0.999173520853953,NA,2009,NA,NA,FALSE,FALSE
"a_spqrt[2010]",-0.0104170249406375,0.00262587044061803,0.203388060847582,-0.399078135883829,-0.139342588972146,-0.0139306720004534,0.119305964918833,0.394520410703971,5999.35170364879,0.999423182575728,NA,2010,NA,NA,FALSE,FALSE
"a_spqrt[2011]",-0.144108030232478,0.0030837734008861,0.206005417643725,-0.561019334601023,-0.276904730728171,-0.137942974490808,-0.00346834625968369,0.241562664812961,4462.64527778001,1.00000409175319,NA,2011,NA,NA,FALSE,FALSE
"a_spqrt[2012]",0.232304186009103,0.00366670722533817,0.214070792592058,-0.162749626257064,0.0893497109566381,0.222242125979604,0.371343590704142,0.665233115589317,3408.49267784101,0.999384024875443,NA,2012,NA,NA,FALSE,FALSE
"a_spqrt[2013]",0.0341240294480115,0.00265595143460097,0.199321753945711,-0.368611423543131,-0.0951380311905551,0.0345062737382235,0.166420423438506,0.426946388237916,5632.08423080776,1.00022165139948,NA,2013,NA,NA,FALSE,FALSE
"a_spqrt[2014]",-0.108405560063017,0.00315531750904779,0.208606292545158,-0.546877317532206,-0.239952606473151,-0.103127825595823,0.0291494338830722,0.304984432880726,4370.87789845867,1.00037906288808,NA,2014,NA,NA,FALSE,FALSE
"a_spqrt[2015]",-0.118583090819088,0.0025542913954337,0.179148488827921,-0.485913566031427,-0.236891556010046,-0.115972507689278,0.00229414790640674,0.22516952327966,4919.09735027113,0.999047327563131,NA,2015,NA,NA,FALSE,FALSE
"a_spqrt[2016]",0.100919498262054,0.00263458637769315,0.182408341356913,-0.247268276651779,-0.0210811557993043,0.0959824586200536,0.221055824834194,0.477746283538081,4793.62994587764,1.00030152911413,NA,2016,NA,NA,FALSE,FALSE
"a_spqrt[2017]",0.0192627063565711,0.00219165456110535,0.180499965785935,-0.328693159333842,-0.0998978468856515,0.0189092119211283,0.13447931505065,0.387673512572504,6782.81607219449,0.998944870841895,NA,2017,NA,NA,FALSE,FALSE
"a_spqrt[2018]",0.0187047454368588,0.0020893569685754,0.183484190297749,-0.347898628472606,-0.0993797589164245,0.0153382500119081,0.136139298071777,0.395023658243617,7712.0885516031,0.999059004555866,NA,2018,NA,NA,FALSE,FALSE
"a_spqrt[2019]",-0.0833352452598909,0.00275137438196427,0.194709433533496,-0.475469952838319,-0.20715269553249,-0.0815657064199814,0.0398929151626917,0.302071249292278,5008.11863449609,1.00030587106576,NA,2019,NA,NA,FALSE,FALSE
"a_spqrt[2020]",0.0703987371984681,0.00238905543554213,0.191413395521597,-0.300656128382585,-0.0522505096951485,0.0668093681653774,0.18839869128293,0.450313668981811,6419.36692558782,0.999775621901773,NA,2020,NA,NA,FALSE,FALSE
"a_spqrt[2021]",-0.0557175593226727,0.00247772592750355,0.1965327176351,-0.434910467935247,-0.19283595673425,-0.0503307974772819,0.0817729691200594,0.31425334801497,6291.63019893076,1.00003245543528,NA,2021,NA,NA,FALSE,FALSE
"a_spqrt[2022]",0.0223371523351167,0.00289099747376545,0.198968475017431,-0.359807724551965,-0.11271950079445,0.024081622049846,0.149732768487056,0.413729070667671,4736.66988532041,0.999523520474977,NA,2022,NA,NA,FALSE,FALSE
"a_spqrt[2023]",0.0453418331521355,0.00241175811686082,0.189231833175518,-0.329437256247042,-0.0820075491882532,0.0416995668416769,0.167988680633535,0.433494492761746,6156.31588269409,0.999621187840855,NA,2023,NA,NA,FALSE,FALSE
"a_spqrt[2024]",-0.00587210012143755,0.00267269569924364,0.188127413642456,-0.368050219593096,-0.133391109902593,-0.00561879708680743,0.118900832199513,0.362970534500903,4954.56054828545,1.00011472171258,NA,2024,NA,NA,FALSE,FALSE
"a_spqrt[2025]",-0.0211421857706705,0.00230698230197518,0.184870524677804,-0.384196034233095,-0.145818658305234,-0.019718521154032,0.10023642390041,0.33821688795659,6421.65281563664,0.999563412862845,NA,2025,NA,NA,FALSE,FALSE
"a_spqrt[2026]",0.0355751082864245,0.0022757116247248,0.181700262567425,-0.319134668822648,-0.0869949539317281,0.0358533924106235,0.159694723594579,0.385239265487897,6374.94810618778,0.999167602577745,NA,2026,NA,NA,FALSE,FALSE
"a_spqrt[2027]",-0.050263822185282,0.00251685259006908,0.200984331853261,-0.446922178451559,-0.183308596102746,-0.0495621737822117,0.0817261094125858,0.332676235541652,6376.88881378588,0.998976085093127,NA,2027,NA,NA,FALSE,FALSE
"a_spqrt[2028]",-0.0937489128655098,0.00247373592845112,0.213475402390511,-0.516735523316579,-0.235049199186705,-0.0921402220831763,0.0500858961683905,0.320448169688861,7447.1312518373,0.999115134203574,NA,2028,NA,NA,FALSE,FALSE
"a_spqrt[2029]",-0.0232973744244345,0.00249034490583307,0.203535061955456,-0.444216910069783,-0.153721598742608,-0.0216369219342177,0.107235584098646,0.390472874648129,6679.73860488777,0.999154082705456,NA,2029,NA,NA,FALSE,FALSE
"a_spqrt[2030]",0.0199586343851102,0.00235355197968252,0.19731865866388,-0.365922881529877,-0.10864837735177,0.0207942546103197,0.148826157351249,0.409044561610406,7028.92193985943,0.999319863290302,NA,2030,NA,NA,FALSE,FALSE
"a_spqrt[2031]",0.00194453917928617,0.00257915492506718,0.201333079907529,-0.397573701115614,-0.125991809132859,0.00235590878033599,0.127269097548458,0.403009489415824,6093.62064691809,0.999481058850164,NA,2031,NA,NA,FALSE,FALSE
"a_spqrt[2032]",-0.0564462135937734,0.00271918782248763,0.189098951858769,-0.435584463522603,-0.174128153471253,-0.0558776591085052,0.0696463097671821,0.31634714384853,4836.15074963503,0.999392020722607,NA,2032,NA,NA,FALSE,FALSE
"a_spqrt[2033]",0.038897857301926,0.00244275742214287,0.197021484976221,-0.352263210232662,-0.0863923832036645,0.0353928161910728,0.164811710234215,0.4426308971822,6505.28747317734,0.999445835284986,NA,2033,NA,NA,FALSE,FALSE
"a_spqrt[2034]",0.030534115654698,0.00202804826157538,0.167903518664662,-0.300126476456614,-0.0828241713171505,0.0273745584517456,0.146906063368159,0.358041147859953,6854.29865566652,0.999725503732321,NA,2034,NA,NA,FALSE,FALSE
"a_spqrt[2035]",-0.03588983692414,0.00220156549164092,0.186403445111162,-0.413051506884166,-0.159780799324199,-0.0348791785841381,0.091599564891427,0.328979870814061,7168.77006653729,0.999169059714329,NA,2035,NA,NA,FALSE,FALSE
"a_spqrt[2036]",-0.0650102069060498,0.00218389739182953,0.179229482830128,-0.412997547876473,-0.186766361700236,-0.0665332271887591,0.0582268023176293,0.29257743135362,6735.26121923396,0.999391827015187,NA,2036,NA,NA,FALSE,FALSE
"a_spqrt[2037]",0.0292569324945242,0.002127341939694,0.173587239974986,-0.30771059525564,-0.0868239278363415,0.0283226060941587,0.144569781470735,0.372450366217317,6658.26370489292,1.00011652067513,NA,2037,NA,NA,FALSE,FALSE
"a_spqrt[2038]",-0.0101281120448552,0.00242774070963861,0.201154179734914,-0.386389008712304,-0.148840278551042,-0.0141988308419404,0.130315225970986,0.372097920729026,6865.20516393855,0.999065614855958,NA,2038,NA,NA,FALSE,FALSE
"a_spqrt[2039]",0.00369613095023384,0.00251541274388792,0.198161465068528,-0.388061913306372,-0.129573767515184,0.00274237427328671,0.129083088107785,0.395090776278561,6206.11609110046,0.999783784617658,NA,2039,NA,NA,FALSE,FALSE
"a_spqrt[2040]",0.0509133318395591,0.0026666620196983,0.197556626735224,-0.338620027444723,-0.0801752987399407,0.0456630364641853,0.18375766963169,0.450275566880774,5488.41892372465,0.999368016873856,NA,2040,NA,NA,FALSE,FALSE
"a_spqrt[2041]",-0.0411535233636552,0.00250386173046751,0.190532956660936,-0.429350538781411,-0.168362974259665,-0.0413853249321155,0.0894895926201084,0.339539561396412,5790.54617230025,0.999783059919901,NA,2041,NA,NA,FALSE,FALSE
"a_spqrt[2042]",0.0232037037673986,0.00285456529143884,0.204094158182492,-0.377163858060843,-0.112091324473145,0.0199968914828335,0.162655808472113,0.414691036124589,5111.8863075814,0.999820147521108,NA,2042,NA,NA,FALSE,FALSE
"a_spqrt[2043]",0.0343974963074175,0.0027039524540819,0.205009492051359,-0.368169696757292,-0.101499975304794,0.0330487620942964,0.166647966464727,0.449481588734419,5748.43781516269,0.999284162857445,NA,2043,NA,NA,FALSE,FALSE
"a_spqrt[2044]",0.0209069323217361,0.00238924929103816,0.208160023523094,-0.38169777557204,-0.11311197724736,0.0185508248259507,0.153265859010311,0.439160612753577,7590.52342657258,0.999336546825293,NA,2044,NA,NA,FALSE,FALSE
"a_spqrt[2045]",0.133843328871997,0.00295584911071137,0.203653788760323,-0.251065171558443,-0.00696367352277633,0.127010067699917,0.266653435726828,0.544630237577237,4747.01350264324,0.999508107313564,NA,2045,NA,NA,FALSE,FALSE
"a_spqrt[2046]",-0.0326382848037817,0.00239729921090695,0.209009957221695,-0.458216435082327,-0.162682053550866,-0.029815426091894,0.0992852365817448,0.381318683556575,7601.32791191361,0.999397544607678,NA,2046,NA,NA,FALSE,FALSE
"a_spqrt[2047]",0.0079446121995603,0.00264690792770517,0.200039470867042,-0.392487172669609,-0.125635059755948,0.0109828718976291,0.142660752935003,0.39653096701503,5711.54660402363,0.999114184366704,NA,2047,NA,NA,FALSE,FALSE
"a_spqrt[2048]",0.0106685690164459,0.0020871067356792,0.177757858209642,-0.346151026708727,-0.108337765183536,0.00899040297632322,0.125715069130366,0.368956140871291,7253.84545111753,0.999210603703456,NA,2048,NA,NA,FALSE,FALSE
"a_spqrt[2049]",0.0209595236149845,0.00247369441944924,0.18158616924479,-0.337255912231266,-0.0980819227191448,0.0173844468888851,0.141620232775007,0.389697735480279,5388.56883481537,0.999884983248755,NA,2049,NA,NA,FALSE,FALSE
"a_spqrt[2050]",-0.00512854444397208,0.00292231042238738,0.192606295084848,-0.390554037897347,-0.134995998828731,-0.00473014353725796,0.12655870745492,0.379119899164953,4343.98443830241,1.00031785839332,NA,2050,NA,NA,FALSE,FALSE
"a_spqrt[2051]",-0.0118881478034227,0.00237524593268865,0.194481539577315,-0.403550148544319,-0.139194208072844,-0.00923671322218162,0.116093815834113,0.370697365422364,6704.08638217092,0.999585910355329,NA,2051,NA,NA,FALSE,FALSE
"a_spqrt[2052]",0.00129509316081721,0.00230974601878602,0.213151708370744,-0.420280883942489,-0.142547799906266,0.00438627253087455,0.140536370654181,0.415990457211712,8516.26527985879,0.999278801565905,NA,2052,NA,NA,FALSE,FALSE
"a_spqrt[2053]",0.00473625655006131,0.00281952090279947,0.21463218851626,-0.436613097390336,-0.131017370814559,0.00491121838976328,0.147021489789468,0.419471427036199,5794.80826117357,0.999741624137172,NA,2053,NA,NA,FALSE,FALSE
"a_spqrt[2054]",-0.0319882453682671,0.00263165744678176,0.202106644062797,-0.435343085410864,-0.165743004108156,-0.0296670529419758,0.104938656791238,0.362017674788656,5897.96872550012,0.999647584835844,NA,2054,NA,NA,FALSE,FALSE
"a_spqrt[2055]",0.106207093693953,0.00268267125067298,0.204385333113345,-0.307426588377388,-0.0297063030915589,0.106411834291173,0.239569727897165,0.522998717730452,5804.49637361301,1.00006550225958,NA,2055,NA,NA,FALSE,FALSE
"a_spqrt[2056]",0.0500507881163192,0.00222651002156829,0.192015435270327,-0.330842901823659,-0.0771360297908159,0.0501444417180195,0.181133011976153,0.414511393542782,7437.4314130569,0.999461278837103,NA,2056,NA,NA,FALSE,FALSE
"a_spqrt[2057]",0.0020149131336354,0.00202645614685612,0.190222914831059,-0.36548504509372,-0.125661881571496,-0.000375155158636431,0.130706909487012,0.387070481547571,8811.52838452501,0.9990333121523,NA,2057,NA,NA,FALSE,FALSE
"a_spqrt[2058]",0.03491338502496,0.00280656139400196,0.205048570190094,-0.366092044391849,-0.100147773729687,0.0349164759016571,0.166536988017722,0.443528459474192,5337.82580300318,0.99934812604198,NA,2058,NA,NA,FALSE,FALSE
"a_spqrt[2059]",-0.0990189774258923,0.00272904780373403,0.212848035333187,-0.517738532312765,-0.246970857789502,-0.0967163103385666,0.0471977723875859,0.301907724278181,6082.98864023466,0.999446884154202,NA,2059,NA,NA,FALSE,FALSE
"a_spqrt[2060]",-0.0174971163858172,0.00265226040165094,0.206715846716426,-0.435886132922293,-0.152760288367504,-0.011853418186411,0.119977439765938,0.391059725787979,6074.56549227647,0.999893115290118,NA,2060,NA,NA,FALSE,FALSE
"a_spqrt[2061]",-0.0549982129775259,0.00261299867209628,0.203913430127832,-0.471569786742299,-0.18368556969475,-0.0534006524611488,0.080885394074436,0.342873344097184,6089.9437647074,0.999093904351987,NA,2061,NA,NA,FALSE,FALSE
"a_spqrt[2062]",0.0197587915142479,0.00211828058843776,0.201219386447639,-0.371906862424913,-0.110488706401277,0.0214517752961024,0.151368983654557,0.417084434861541,9023.4510760862,0.999102033484598,NA,2062,NA,NA,FALSE,FALSE
"a_spqrt[2063]",-0.0160070668943835,0.00251195235155346,0.194631362785821,-0.413197509143123,-0.139088563030375,-0.013354233367,0.107644363030107,0.371406402994406,6003.47702260966,0.999285173570031,NA,2063,NA,NA,FALSE,FALSE
"a_spqrt[2064]",0.0570338684741812,0.0023931493734755,0.200889660378016,-0.322509625186218,-0.078829247445741,0.0491570098563771,0.192275157235545,0.470160055316827,7046.53405838893,0.998833117180089,NA,2064,NA,NA,FALSE,FALSE
"a_spqrt[2065]",0.00659465770029848,0.00253357258204504,0.207808752916063,-0.410969369558074,-0.130189681078959,0.0081014433238247,0.140937410451883,0.410802019388646,6727.61253668526,0.999057582986066,NA,2065,NA,NA,FALSE,FALSE
"a_spqrt[2066]",-0.0244346599891818,0.00260105427011311,0.201802561355031,-0.432272838871553,-0.151817275528463,-0.0233471184105674,0.101167521861357,0.378941135959923,6019.41825393272,0.999594201306027,NA,2066,NA,NA,FALSE,FALSE
"a_spqrt[2067]",0.0161003287252544,0.00226378778113215,0.201538040936447,-0.389145825221954,-0.120571265679342,0.0166721806577577,0.150110932909144,0.414611319200964,7925.79148175116,0.999166320174913,NA,2067,NA,NA,FALSE,FALSE
"a_spqrt[2068]",-0.022648369081329,0.00250818453222402,0.209919406485858,-0.437978733844674,-0.15955337519249,-0.0262284261758938,0.119151691308491,0.389989684276587,7004.64627780318,0.999097512058581,NA,2068,NA,NA,FALSE,FALSE
"a_spqrt[2069]",0.0711382388942096,0.00240485982084487,0.199957424166117,-0.324108389357724,-0.0609612987437108,0.0675614238094175,0.204174209449082,0.473398536923656,6913.46127060255,1.00037698935189,NA,2069,NA,NA,FALSE,FALSE
"a_spqrt[2070]",-0.0109897708557665,0.00280928888337864,0.195195066135859,-0.395405862450964,-0.147198942988721,-0.00884570041743605,0.123924145014367,0.372980895784937,4827.75109116951,0.999870798656179,NA,2070,NA,NA,FALSE,FALSE
"a_spqrt[2071]",0.0513186184111738,0.00266958890267807,0.19988186041092,-0.335880659701415,-0.0864603340506836,0.0469163145008692,0.187120207068649,0.442463486884742,5606.06319888219,0.998837166336778,NA,2071,NA,NA,FALSE,FALSE
"a_spqrt[2072]",0.0337379765887867,0.00271361366405117,0.198582806157144,-0.344451952127046,-0.102947340606045,0.035968864614729,0.170597103421116,0.429547836138947,5355.34250799587,0.999652875809016,NA,2072,NA,NA,FALSE,FALSE
"a_spqrt[2073]",0.022472281699038,0.00272245610548363,0.202567026974423,-0.379462699328224,-0.10959039914738,0.0191195227375491,0.151274033874452,0.435052339621653,5536.25053968378,0.999762620114014,NA,2073,NA,NA,FALSE,FALSE
"a_spqrt[2074]",0.00167172968980635,0.0028097430362058,0.199492430405512,-0.390762480863956,-0.136164047452145,0.00739529734345864,0.137682044653667,0.381148704399764,5041.03410515364,0.999301609671806,NA,2074,NA,NA,FALSE,FALSE
"a_spqrt[2075]",-0.016151043746292,0.00208994142928875,0.173008024273555,-0.362109335149691,-0.125410497099548,-0.0134276964158922,0.095520347173434,0.325404892243359,6852.74013084865,0.998983988800625,NA,2075,NA,NA,FALSE,FALSE
"a_spqrt[2076]",-0.0340283542058872,0.00225369562200405,0.183746607602394,-0.388971026199776,-0.155933800278359,-0.0356448212683997,0.0906479996600838,0.319521169566356,6647.34374406699,0.999177476634655,NA,2076,NA,NA,FALSE,FALSE
"a_spqrt[2077]",0.00106473617292874,0.00240875708843469,0.180955288781236,-0.363766724341319,-0.118250623377941,0.00728181820517094,0.117193865811917,0.360246755953808,5643.60422756925,0.999582343733358,NA,2077,NA,NA,FALSE,FALSE
"a_spqrt[2078]",0.0198430189756791,0.00230311853031264,0.191425787534164,-0.362188741686508,-0.100398522617207,0.0193208462179396,0.139828486129228,0.405761920854781,6908.25413780699,0.999162410134168,NA,2078,NA,NA,FALSE,FALSE
"a_spqrt[2079]",-0.103989545362649,0.00306869491381602,0.205851356239564,-0.51444084134634,-0.240778447355211,-0.0934086374112918,0.0362242020615066,0.278656292325667,4499.87073567911,0.999702354215358,NA,2079,NA,NA,FALSE,FALSE
"a_spqrt[2080]",0.00916160846580633,0.00227896723564769,0.199203322956698,-0.377929033842192,-0.122290751740908,0.0102971345764055,0.139516961043834,0.410945175273422,7640.41580938999,0.999012031670302,NA,2080,NA,NA,FALSE,FALSE
"a_spqrt[2081]",-0.0114623856036363,0.00223841026086811,0.187626725084842,-0.382150884039884,-0.133441106714008,-0.00962101111361646,0.110688719509051,0.355003110477478,7026.03033670136,0.999291505160764,NA,2081,NA,NA,FALSE,FALSE
"a_spqrt[2082]",-0.0191957570568431,0.00232275218244577,0.186591372732065,-0.387973950681777,-0.140137441279108,-0.0165427790279164,0.103753594651081,0.344383457387416,6453.23329595205,1.00063974559607,NA,2082,NA,NA,FALSE,FALSE
"a_spqrt[2083]",0.0151193522037405,0.0022443446745021,0.192149507765676,-0.35062309421076,-0.113973620567749,0.0136090109263835,0.143305936786504,0.38806024127594,7329.92352972993,0.999020529984383,NA,2083,NA,NA,FALSE,FALSE
"a_spqrt[2084]",-0.00832357139319072,0.0020057531828718,0.1794205880093,-0.353341114895261,-0.131741985026946,-0.00891989583179886,0.112498824647712,0.344823594617282,8001.83461911967,0.998857881273347,NA,2084,NA,NA,FALSE,FALSE
"a_spqrt[2085]",-0.0103774265634163,0.00239097403994104,0.200993873030843,-0.404217701115652,-0.145780586483702,-0.0100487682351854,0.124021728307998,0.382833543584461,7066.68798194378,0.999191094951997,NA,2085,NA,NA,FALSE,FALSE
"a_spqrt[2086]",0.0036656585780199,0.00264038160963938,0.20207460335249,-0.401469225295551,-0.12789885282005,-0.000675312854962914,0.134120308614216,0.416983328390375,5857.20024116259,0.999619677361334,NA,2086,NA,NA,FALSE,FALSE
"a_spqrt[2087]",-0.0623360486918562,0.00254211822161382,0.19490281055124,-0.468069324779059,-0.188650123036371,-0.0564887855655941,0.0717154587562628,0.30935342541646,5878.2048447001,0.999248448190886,NA,2087,NA,NA,FALSE,FALSE
"a_spqrt[2088]",0.0497996461273126,0.00229896655532796,0.190941819913988,-0.319095960808687,-0.0785166264730217,0.0477782274600052,0.173952176537181,0.43559345583683,6898.21630987138,0.999380532509342,NA,2088,NA,NA,FALSE,FALSE
"a_spqrt[2089]",-0.00911910051078119,0.0019952423827609,0.196357354673926,-0.419298940845265,-0.13032544207627,-0.00975870299515524,0.1118610144106,0.385018759444452,9685.07576180875,0.999083879003472,NA,2089,NA,NA,FALSE,FALSE
"a_spqrt[2090]",-0.0552146391970647,0.00254468961757746,0.190644477371825,-0.426551357780145,-0.183805052926545,-0.0573070000141959,0.0736032140917424,0.321092297704408,5612.7903719767,0.999252608203305,NA,2090,NA,NA,FALSE,FALSE
"a_spqrt[2091]",-0.000176102825477019,0.00207844602723419,0.19165796202386,-0.383680873900516,-0.122433183303295,0.00112853883338512,0.127310998067503,0.370721508910047,8503.07929382702,0.9992029168116,NA,2091,NA,NA,FALSE,FALSE
"a_spqrt[2092]",0.00361074723758196,0.00265082801528884,0.204446577357447,-0.400492052748842,-0.126157435261985,0.00509041638942856,0.143913452970594,0.400048746331267,5948.35097038538,0.999188227266747,NA,2092,NA,NA,FALSE,FALSE
"a_spqrt[2093]",0.0157293961237719,0.00227912371783876,0.201648857336438,-0.382360586668115,-0.117973822271413,0.0178526016250629,0.148672258092336,0.414696011829885,7828.08854562277,0.999081998673855,NA,2093,NA,NA,FALSE,FALSE
"a_spqrt[2094]",0.00117149294196883,0.00233349872207214,0.202801387873346,-0.40431665019552,-0.135073236504782,0.000998804591154316,0.134892593311727,0.401618882988462,7553.12567285188,0.999428924986083,NA,2094,NA,NA,FALSE,FALSE
"a_spqrt[2095]",-0.00159208893468286,0.00224356340967131,0.202862234356023,-0.391303499056414,-0.134095775253949,-0.00027248522983499,0.130348040670475,0.397074364124894,8175.71440389995,0.999272655416234,NA,2095,NA,NA,FALSE,FALSE
"a_spqrt[2096]",0.000514420838518369,0.00239254483743965,0.197078236341045,-0.389959290924257,-0.122863714513055,-0.00236920875760227,0.128039103303947,0.39381482322008,6785.11422712609,0.999253908691633,NA,2096,NA,NA,FALSE,FALSE
"a_spqrt[2097]",0.00369149986630647,0.0022202294930117,0.202922556369499,-0.402749294396207,-0.129044007702421,0.00634467837146883,0.136043438235656,0.41412365128376,8353.43148347533,0.999077183790788,NA,2097,NA,NA,FALSE,FALSE
"a_spqrt[2098]",-0.00241948787170844,0.00215721692116481,0.17933189644721,-0.343604574193179,-0.124755670088152,-0.00443193094266065,0.117174097053387,0.361760365429885,6910.78601869366,1.00020655909811,NA,2098,NA,NA,FALSE,FALSE
"a_spqrt[2099]",-0.0238481733268068,0.00289277519978189,0.187469434026506,-0.404634536831208,-0.143077476043515,-0.0220448202607712,0.0961569118370736,0.352104936131903,4199.82858777025,0.999445931846016,NA,2099,NA,NA,FALSE,FALSE
"a_spqrt[2100]",0.00282384743282371,0.00258901074128974,0.203290093745891,-0.40052126470397,-0.131607030535563,0.00206978454489198,0.136639107855868,0.394825839304149,6165.44925743412,0.999379706086844,NA,2100,NA,NA,FALSE,FALSE
"a_spqrt[2101]",0.00546568775348717,0.00295940094812048,0.201365597929635,-0.394176467371605,-0.133128317518894,0.00720516561875296,0.143937700494145,0.38797126487847,4629.80750751419,0.999493739875627,NA,2101,NA,NA,FALSE,FALSE
"a_spqrt[2102]",0.0308391714550277,0.00230697201280973,0.188105764980923,-0.341851515702133,-0.0926716039111422,0.0297173811630406,0.148251909725201,0.41987441926804,6648.43703212271,0.998975041260659,NA,2102,NA,NA,FALSE,FALSE
"a_spqrt[2103]",-0.0001140375241527,0.00231700704265735,0.183256629993992,-0.359784694737194,-0.121642528673464,-0.000627954308433704,0.124357186138652,0.365416747283261,6255.53824972663,0.999951351381918,NA,2103,NA,NA,FALSE,FALSE
"a_spqrt[2104]",0.0120882141542165,0.00255811010518578,0.20061469271066,-0.370367867977752,-0.123395166169414,0.00880419485821045,0.142779886487901,0.407374784854439,6150.16839632845,0.999664839054066,NA,2104,NA,NA,FALSE,FALSE
"a_spqrt[2105]",-0.269216335306449,0.00428355754481505,0.220699993725904,-0.717790320891267,-0.412956944037398,-0.260932496463556,-0.114103204910068,0.135057661880431,2654.57763159741,1.0019765454629,NA,2105,NA,NA,FALSE,FALSE
"a_spqrt[2106]",-0.0555598180119578,0.00253901206342327,0.205879377513527,-0.475947652286932,-0.188232864210118,-0.049191570297086,0.079084883953902,0.35280767451786,6575.00616413975,1.00020055573904,NA,2106,NA,NA,FALSE,FALSE
"a_spqrt[2107]",0.0533901434098472,0.00267371851430654,0.212259331628907,-0.360734368338611,-0.0907875624100665,0.0485458666012908,0.188322395928352,0.491278047943663,6302.34564705902,0.999441851525634,NA,2107,NA,NA,FALSE,FALSE
"a_spqrt[2108]",0.0608165599482827,0.00246898877874801,0.206840169768798,-0.343966960307635,-0.0743523177165939,0.0597871640056423,0.191607863404209,0.478240862281833,7018.29370571139,0.99918564558834,NA,2108,NA,NA,FALSE,FALSE
"a_spqrt[2109]",-0.0504865779575687,0.00231266588645813,0.202104371764237,-0.456431601061066,-0.188033775434894,-0.051136568187827,0.0799596245536725,0.358975920267726,7637.04988357527,0.999286915154033,NA,2109,NA,NA,FALSE,FALSE
"a_spqrt[2110]",-0.127233190908328,0.00291895094189262,0.192853751849256,-0.511245244495855,-0.251516598061622,-0.122714687649017,0.00383565284466602,0.230345720181324,4365.18437999657,0.999698033296597,NA,2110,NA,NA,FALSE,FALSE
"a_spqrt[2111]",0.0127485328656554,0.00236786195560087,0.202823216663145,-0.385136016096264,-0.11489007936942,0.0103309630403062,0.143983720972779,0.418318218188151,7337.06848166612,0.999030869241196,NA,2111,NA,NA,FALSE,FALSE
"a_spqrt[2112]",-0.0186559296160486,0.00286158415294739,0.204164612056487,-0.430011389035229,-0.155814594851441,-0.0146176666459807,0.118154905334649,0.379725201080742,5090.35289595833,0.99925358063277,NA,2112,NA,NA,FALSE,FALSE
"a_spqrt[2113]",0.0410385783297993,0.0026253364617099,0.199290220268474,-0.354421197915052,-0.0908257922402548,0.039383306910597,0.172788042985356,0.434061512678744,5762.38184966591,0.999306644261605,NA,2113,NA,NA,FALSE,FALSE
"a_spqrt[2114]",0.0756781242634523,0.00250073089012388,0.196064647918097,-0.302956797988577,-0.0577807517017979,0.0744093009153759,0.207208947848423,0.471858029188698,6147.02062338911,0.999002575244335,NA,2114,NA,NA,FALSE,FALSE
"a_spqrt[2115]",0.0752070591992604,0.00254968181871451,0.20181816319404,-0.328064787047888,-0.0562446061149851,0.0720807773556179,0.196824484564912,0.495444666164602,6265.39598194921,0.99952354663057,NA,2115,NA,NA,FALSE,FALSE
"a_spqrt[2116]",0.0601503001663638,0.00268042402307468,0.205813905205851,-0.327870870286203,-0.0802655907963155,0.0541333082977075,0.197985961750441,0.470116597646444,5895.79566242444,0.999299439076304,NA,2116,NA,NA,FALSE,FALSE
"a_spqrt[2117]",0.00289067154030957,0.00201770880515401,0.177062361542296,-0.347310532878926,-0.115368130479331,0.00190258097482358,0.11977090479432,0.351484406042667,7700.79435624359,0.999002450526879,NA,2117,NA,NA,FALSE,FALSE
"a_spqrt[2118]",-0.0510865887726003,0.00244184938847937,0.178513420902369,-0.407256404244939,-0.167459475132873,-0.0504862435113686,0.0715996994267175,0.289919961501024,5344.46205800352,1.00038900727328,NA,2118,NA,NA,FALSE,FALSE
"a_spqrt[2119]",-0.12999181282462,0.00290175962124563,0.184415224072705,-0.505906318663075,-0.249795539834024,-0.125446176177926,-0.00467743569130224,0.223181210394552,4038.97044310142,0.99946909778234,NA,2119,NA,NA,FALSE,FALSE
"a_spqrt[2120]",-0.024686289589473,0.00209567277959748,0.192288977626721,-0.40103729464787,-0.148870499302386,-0.0252198482307572,0.104781625772528,0.356749486219106,8419.02571136642,0.998917472067467,NA,2120,NA,NA,FALSE,FALSE
"a_spqrt[2121]",-0.034757798602725,0.00262848273482888,0.203570845063583,-0.436771731756064,-0.16745574163232,-0.0325887287184248,0.0928361252859518,0.361473756634881,5998.19943476237,0.999177901814848,NA,2121,NA,NA,FALSE,FALSE
"a_spqrt[2122]",-0.0346106759370883,0.00251726847808798,0.201024210319272,-0.431131032703708,-0.164874279758677,-0.0329209383211189,0.0974119510530305,0.363917305496906,6377.31185090646,0.999110468701114,NA,2122,NA,NA,FALSE,FALSE
"a_spqrt[2123]",-0.150686675310499,0.00288076249435314,0.198264181296607,-0.5522053216813,-0.280915003785874,-0.141313722240137,-0.0165918785127755,0.219275284062946,4736.67528784752,0.999640451674688,NA,2123,NA,NA,FALSE,FALSE
"a_spqrt[2124]",0.000598975857145283,0.00212695508447468,0.18494180274711,-0.371453573339201,-0.1157935793144,0.00345783895501408,0.117055789779943,0.361060128096771,7560.5525367968,0.99975682867112,NA,2124,NA,NA,FALSE,FALSE
"a_spqrt[2125]",-0.0412490820572383,0.00237096995847531,0.180171897907025,-0.39313908327865,-0.16415877823334,-0.0410050802818348,0.0818988910946884,0.309394252191546,5774.60129916975,0.999536072155676,NA,2125,NA,NA,FALSE,FALSE
"a_spqrt[2126]",-0.0217772434940584,0.00243558613716146,0.195145844303413,-0.404716478382615,-0.148561172029305,-0.018964855845822,0.106516570926156,0.359428404889828,6419.65408935673,0.999321573129881,NA,2126,NA,NA,FALSE,FALSE
"a_spqrt[2127]",-0.0431223476761323,0.00260686413676433,0.19213932479003,-0.434915568904668,-0.163411440835621,-0.0436211817215257,0.0806926765950608,0.349667886129641,5432.44984676365,0.999457726361993,NA,2127,NA,NA,FALSE,FALSE
"a_spqrt[2128]",0.0271066528735464,0.00227121534843611,0.201221118448004,-0.373951812022936,-0.103274727773425,0.0268314823212817,0.156785183755857,0.436426537711362,7849.29205278784,0.999148266997134,NA,2128,NA,NA,FALSE,FALSE
"a_spqrt[2129]",0.00955789299531101,0.00271238304848576,0.199574497594763,-0.378468214597009,-0.114303844644515,0.00620648953559215,0.138288868761317,0.415573228676337,5413.87278218049,0.999801042719845,NA,2129,NA,NA,FALSE,FALSE
"a_spqrt[2130]",-0.0184051657939346,0.00234678145811143,0.191584952055187,-0.397499055577334,-0.14655477737068,-0.0153744833664741,0.105011509048718,0.357516816054454,6664.65223867273,0.999557913966728,NA,2130,NA,NA,FALSE,FALSE
"a_spqrt[2131]",0.0618923960700005,0.00232105981376335,0.205157220767382,-0.316004631846562,-0.0735658506032048,0.0519780621223615,0.194937122185325,0.478980668933808,7812.69642592187,0.999447960511129,NA,2131,NA,NA,FALSE,FALSE
"a_spqrt[2132]",0.0858412323594296,0.00265426497007887,0.204766525999903,-0.301447435136012,-0.0503975670624309,0.0828673705529702,0.223469552166514,0.498908855407088,5951.5402298914,0.999157704719487,NA,2132,NA,NA,FALSE,FALSE
"a_spqrt[2133]",0.0232090809049325,0.0022815960205034,0.199582805339636,-0.370181750512983,-0.111517866621151,0.026627014939196,0.158349438734082,0.410924399167861,7651.89045821826,0.998985879643897,NA,2133,NA,NA,FALSE,FALSE
"a_spqrt[2134]",0.0235950714321378,0.00238115062384446,0.198950666392983,-0.372826562731745,-0.108110549744059,0.0231430989525861,0.152953524274487,0.415379800643936,6980.99070381158,0.999578202300123,NA,2134,NA,NA,FALSE,FALSE
"a_spqrt[2135]",-0.00763245283393453,0.00191532295651305,0.164381207588895,-0.331704669156465,-0.116875666300066,-0.00750730125273774,0.103571254075538,0.311157740456899,7365.80648893528,0.999995740239717,NA,2135,NA,NA,FALSE,FALSE
"a_spqrt[2136]",-0.0717958001676236,0.00279723191619654,0.187899806424675,-0.444333304691217,-0.203365971379127,-0.068762904970071,0.0598774590898853,0.286229556329228,4512.2766192725,0.999071207218754,NA,2136,NA,NA,FALSE,FALSE
"a_spqrt[2137]",-0.130282305443532,0.00242116573549137,0.181129159841021,-0.501824779480152,-0.24902116887621,-0.122453853074467,-0.00894511904839068,0.223138034276434,5596.64431694496,1.00041102896354,NA,2137,NA,NA,FALSE,FALSE
"a_spqrt[2138]",-0.0723738958214508,0.00237257110047133,0.185898400791422,-0.458285231756188,-0.190200085934421,-0.0677029428228764,0.0494204202072795,0.283476897959482,6139.21489106663,0.999749083141517,NA,2138,NA,NA,FALSE,FALSE
"a_spqrt[2139]",0.013192605795468,0.00221631311003451,0.192806670752995,-0.3651799666553,-0.111591987915884,0.0147406968543141,0.144018588269005,0.379697585891974,7568.01319114988,0.999472136864558,NA,2139,NA,NA,FALSE,FALSE
"a_spqrt[2140]",-0.0438419992073206,0.00234502458600398,0.203018374871148,-0.449609698953239,-0.17875174970309,-0.041535144530038,0.0917681189023064,0.354506220176459,7495.07345141615,0.999610588932269,NA,2140,NA,NA,FALSE,FALSE
"a_spqrt[2141]",0.0447217912310741,0.00257595975234413,0.193669859021227,-0.333944553596959,-0.0820820014085507,0.0398877591983451,0.168222852140456,0.429223452600941,5652.56970367202,0.999510481211567,NA,2141,NA,NA,FALSE,FALSE
"a_spqrt[2142]",0.013911709698973,0.00271328850198553,0.193040113810486,-0.360706930580069,-0.117404593642321,0.0139508216770452,0.138326972763711,0.409466437202658,5061.77901545301,0.999348433104391,NA,2142,NA,NA,FALSE,FALSE
"a_spqrt[2143]",-0.0172803632650646,0.0026066239313417,0.203369557348749,-0.41182923795771,-0.154674514349976,-0.0173838204072769,0.118440501886407,0.372198225625911,6087.16578964038,0.998990408910932,NA,2143,NA,NA,FALSE,FALSE
"a_spqrt[2144]",-0.00381422144836772,0.00253701157022282,0.205300317573346,-0.411217389436323,-0.135742721783764,-0.000838921692775863,0.123213032049435,0.40903924327188,6548.38713514444,0.999661573489801,NA,2144,NA,NA,FALSE,FALSE
"a_spqrt[2145]",-0.0984817384845093,0.00285182381731052,0.196162305994906,-0.497189971995997,-0.22650335735187,-0.0897783879195616,0.0338276080282995,0.27642088995089,4731.35715704458,0.998963086122345,NA,2145,NA,NA,FALSE,FALSE
"a_spqrt[2146]",-0.0159650741386865,0.00232148902009706,0.199865481727488,-0.411974844677285,-0.154470732048914,-0.0146485814387987,0.123053561017007,0.384871932079621,7412.11794637441,0.999429690375923,NA,2146,NA,NA,FALSE,FALSE
"a_spqrt[2147]",-0.0160998343954083,0.00234272004473249,0.201943944390999,-0.420973034845821,-0.148046924270555,-0.0144226066143749,0.119158589993745,0.378143536534052,7430.54865812804,0.999634528208009,NA,2147,NA,NA,FALSE,FALSE
"a_spqrt[2148]",0.00771610417055776,0.00214578758724236,0.181052336970315,-0.349233937031186,-0.117267755167929,0.00614200847938771,0.131599766075774,0.348222394969658,7119.25932029313,1.00059470834764,NA,2148,NA,NA,FALSE,FALSE
"a_spqrt[2149]",-0.0199947064796509,0.00208642725842682,0.184294213166254,-0.385621791163922,-0.139115343438845,-0.0205479056122305,0.101209616822129,0.33550019955929,7802.19681076912,0.998849434513983,NA,2149,NA,NA,FALSE,FALSE
"a_spqrt[2150]",0.113503286924389,0.00248699394830089,0.189758306905612,-0.243408595542235,-0.0176408278651516,0.108720132987668,0.243442804725348,0.498522692675267,5821.73102792795,0.999703413145153,NA,2150,NA,NA,FALSE,FALSE
"a_spqrt[2151]",0.0599887765270118,0.00237621782038236,0.187711788376291,-0.311392236066863,-0.066033123178134,0.0600121973952759,0.191043013431517,0.428307355714504,6240.37369663383,0.9993585912028,NA,2151,NA,NA,FALSE,FALSE
"a_spqrt[2152]",-0.00971181086808095,0.00258328794416018,0.203662291970228,-0.403401437447389,-0.149820971555274,-0.00734481257164449,0.129488574961957,0.38555213577144,6215.4935412127,0.999364045003893,NA,2152,NA,NA,FALSE,FALSE
"a_spqrt[2153]",0.0013210759270183,0.00253548894137275,0.207878933731739,-0.402686289308553,-0.141540480052298,-0.00127962837348981,0.14246811504627,0.403090563186092,6721.98470087435,0.999739212644538,NA,2153,NA,NA,FALSE,FALSE
"a_spqrt[2154]",-0.0310298386354777,0.00259433897468854,0.200495604508417,-0.41796039235185,-0.16439381050337,-0.0287326215182433,0.107152067483676,0.361668711459301,5972.50155830899,0.999491339350196,NA,2154,NA,NA,FALSE,FALSE
"a_spqrt[2155]",0.0263903858985398,0.00283648435066641,0.197046556260733,-0.369915829021534,-0.0990606058398233,0.0227309838806731,0.150950541180964,0.428872846119657,4825.88440208516,1.00037823363681,NA,2155,NA,NA,FALSE,FALSE
"a_spqrt[2156]",-0.0554923975607226,0.00228545536024584,0.191709094320058,-0.433574506467389,-0.185403953903594,-0.0502629613691049,0.0731390146397552,0.31302796981869,7036.22866665344,0.999343003146794,NA,2156,NA,NA,FALSE,FALSE
"a_spqrt[2157]",0.0267342790809969,0.00242449087852661,0.19523331090286,-0.343028722379339,-0.104698258217515,0.0266189163278243,0.153075110707021,0.412710799737806,6484.35420156,0.99967652885472,NA,2157,NA,NA,FALSE,FALSE
"a_spqrt[2158]",-0.00189000163069418,0.00290894643377192,0.208052855578406,-0.407210325594508,-0.138749688770738,-0.0038283876867432,0.135426735018053,0.401863600503377,5115.35659143363,1.00031748803309,NA,2158,NA,NA,FALSE,FALSE
"a_spqrt[2159]",-0.0310524938473161,0.00294716412587742,0.206819579243441,-0.428056899855258,-0.163303611100948,-0.0316455253361363,0.104994436462157,0.368980130578996,4924.64190455084,0.999422729236332,NA,2159,NA,NA,FALSE,FALSE
"a_spqrt[2160]",-0.0153886300408992,0.00229244941837925,0.198243089228098,-0.396030893135845,-0.146096517865769,-0.0126210995302899,0.116966570255074,0.372477103178165,7478.19162345049,0.998998078427732,NA,2160,NA,NA,FALSE,FALSE
"a_spqrt[2161]",-0.0301169704406836,0.00240022311060858,0.199470869683412,-0.429630883342314,-0.160544202819033,-0.0302463831670209,0.0996815737580823,0.375213034933255,6906.46374355651,0.999620516477142,NA,2161,NA,NA,FALSE,FALSE
"a_spqrt[2162]",-0.0249666872259354,0.00227019221632891,0.205029177496207,-0.43830098659899,-0.158176937311623,-0.0228321852858931,0.10977301906614,0.385738239766928,8156.54202838092,0.998928084803942,NA,2162,NA,NA,FALSE,FALSE
"a_spqrt[2163]",0.0281985910820015,0.00240011055174547,0.201030957324848,-0.372727253825497,-0.106758364185897,0.0220968452956287,0.159328843770848,0.423917935189982,7015.57689456611,0.999637179967745,NA,2163,NA,NA,FALSE,FALSE
"a_spqrt[2164]",0.0684532756111806,0.00303383125468854,0.200442698947212,-0.315576282177075,-0.0678194322878974,0.0665491290131281,0.20070855926182,0.454345020532488,4365.13461602121,0.999259517557882,NA,2164,NA,NA,FALSE,FALSE
"a_spqrt[2165]",-0.00723327372654627,0.00244247009930807,0.206534673172903,-0.41644893009795,-0.144484472495964,-0.0111556944800767,0.127592064638917,0.395801242085091,7150.35216431586,0.99934330005492,NA,2165,NA,NA,FALSE,FALSE
"a_spqrt[2166]",0.0193741860594708,0.00235331951273859,0.206732050288377,-0.374868508048501,-0.12091554890338,0.0210833546933039,0.15129998736675,0.426735349574106,7717.09474102263,0.999118614473103,NA,2166,NA,NA,FALSE,FALSE
"a_spqrt[2167]",0.0359407180208154,0.00265449714303302,0.20453672644734,-0.364513301872356,-0.0920697392161651,0.0332158508549714,0.163341782632737,0.447186297848963,5937.15076472136,0.999984343247263,NA,2167,NA,NA,FALSE,FALSE
"a_spqrt[2168]",0.0388540629562825,0.00274947236741846,0.207400869918623,-0.346430929517618,-0.105599237270785,0.0401381113197355,0.175215754919235,0.448382337744119,5690.13314471574,0.999910028211299,NA,2168,NA,NA,FALSE,FALSE
"a_spqrt[2169]",0.0241548075035968,0.00279548293476564,0.199589882865078,-0.367267919751991,-0.110186480396019,0.0224950534653288,0.16060590488132,0.426872302420708,5097.57184865973,0.999322210314634,NA,2169,NA,NA,FALSE,FALSE
"a_spqrt[2170]",-0.0125721590868202,0.00238384343246847,0.193940070059806,-0.40558085035727,-0.136613449492594,-0.0118315352686688,0.116137534903382,0.363505803339974,6618.80581880044,0.999709856524821,NA,2170,NA,NA,FALSE,FALSE
"a_spqrt[2171]",-0.11318504121015,0.00258662489868257,0.195635644312778,-0.513229303328889,-0.236037229377491,-0.107867914035991,0.0185664202216254,0.262755408451547,5720.43509655961,0.999396888849738,NA,2171,NA,NA,FALSE,FALSE
"a_spqrt[2172]",0.028137250615758,0.00245222338216831,0.204048879009625,-0.370840136941909,-0.0967489068555528,0.0263911648961943,0.156830353174658,0.440306594107733,6923.8614387645,0.999225693138568,NA,2172,NA,NA,FALSE,FALSE
"a_spqrt[2173]",-0.175946989093176,0.00332743859141651,0.211249033797469,-0.606903286845672,-0.312080367188253,-0.166518800397597,-0.0319113979563735,0.219760757837794,4030.59687729043,0.999244118871285,NA,2173,NA,NA,FALSE,FALSE
"a_spqrt[2174]",-0.0908775852225864,0.00249132388204399,0.198625608388219,-0.492529255361313,-0.222487976531374,-0.0839380291668385,0.0437230071151409,0.284914688619841,6356.38360001705,0.999538795306037,NA,2174,NA,NA,FALSE,FALSE
"a_spqrt[2175]",-0.0263583332642757,0.00248149095981612,0.205821231057765,-0.448347786403964,-0.157831403881163,-0.024479110969425,0.108161842596148,0.384144194882619,6879.46947826169,0.999080532447236,NA,2175,NA,NA,FALSE,FALSE
"a_spqrt[2176]",0.0568063435405198,0.0022002949265271,0.181206817509019,-0.295181590924173,-0.0620032448311203,0.0538439701970951,0.178037870169389,0.411023403155973,6782.46047122821,0.999288647374705,NA,2176,NA,NA,FALSE,FALSE
"a_spqrt[2177]",-0.0168444603685962,0.00261582962240717,0.180334649862165,-0.366789548142317,-0.133999310024585,-0.0164546218597019,0.103747970419035,0.342263639871959,4752.68963875401,0.999499140566232,NA,2177,NA,NA,FALSE,FALSE
"a_spqrt[2178]",0.0774845358866516,0.00252447554887688,0.180395473034546,-0.265366008645635,-0.0457697246337228,0.0753178129274888,0.19702066167474,0.438387940531031,5106.33064085583,0.999887690880791,NA,2178,NA,NA,FALSE,FALSE
"a_spqrt[2179]",-0.292267043142299,0.00407589423104621,0.202629578436987,-0.718043403978075,-0.422479621808723,-0.2836977898621,-0.155866123859426,0.0854121814364326,2471.49576496133,1.00060890158733,NA,2179,NA,NA,FALSE,FALSE
"a_spqrt[2180]",-0.0614830824626039,0.00268754660916273,0.189976169877941,-0.447606246393108,-0.18612927282744,-0.0550672747508494,0.0604179542119074,0.311804287178926,4996.73417346394,0.99996458722817,NA,2180,NA,NA,FALSE,FALSE
"a_spqrt[2181]",0.0169226311405359,0.00242209862425906,0.196967625339465,-0.369750889847116,-0.11033944736404,0.0183350906391894,0.141995608386888,0.409396490659411,6613.11465113561,0.999182307272768,NA,2181,NA,NA,FALSE,FALSE
"a_spqrt[2182]",-0.053070262323155,0.00240278597679191,0.19891573778913,-0.453751761125329,-0.18509370759315,-0.0501437765860613,0.0828197159770587,0.337251239846821,6853.43207173505,0.999496591166339,NA,2182,NA,NA,FALSE,FALSE
"a_spqrt[2183]",0.0259884998426845,0.00262619641928926,0.200337724743683,-0.370358838236465,-0.111185111662663,0.0232672532330315,0.162999030452616,0.416024250398702,5819.30425822379,0.999034504155471,NA,2183,NA,NA,FALSE,FALSE
"a_spqrt[2184]",-0.0362189268384045,0.00223993861779803,0.192363388934649,-0.403764962936891,-0.167475353147403,-0.0352450882011837,0.0900433670582407,0.342166529770309,7375.17966597473,0.999178793526194,NA,2184,NA,NA,FALSE,FALSE
"a_spqrt[2185]",0.0225877496581661,0.00234928232985315,0.186741104168083,-0.337112189795988,-0.100441614761447,0.0182299327045507,0.147068965605836,0.39624692770231,6318.43352138246,0.999086205606861,NA,2185,NA,NA,FALSE,FALSE
"a_spqrt[2186]",0.0373924851145254,0.0022731180522188,0.190570270959594,-0.331024407698236,-0.0895810164131914,0.0361018092820567,0.159552914368227,0.418024621141442,7028.55942376398,0.99941213566383,NA,2186,NA,NA,FALSE,FALSE
"a_spqrt[2187]",0.0247534623766537,0.00204703758950321,0.186171265713323,-0.340086788060756,-0.100553109870725,0.0249895657821218,0.149526264960605,0.391433698838668,8271.29799104765,0.999550986784313,NA,2187,NA,NA,FALSE,FALSE
"a_spqrt[2188]",-0.00219116229804791,0.0026395158800473,0.208951076704807,-0.419838613405636,-0.14028185885247,0.000707345709123667,0.138257108793619,0.415774250194754,6266.72545032817,0.99920847507817,NA,2188,NA,NA,FALSE,FALSE
"a_spqrt[2189]",-0.0195156919922369,0.00249545349338324,0.210428095810779,-0.452461264736484,-0.146609104125065,-0.0171110920042972,0.112094818170687,0.399490714165821,7110.6366893345,0.999223652763493,NA,2189,NA,NA,FALSE,FALSE
"a_spqrt[2190]",-0.05651378332276,0.00264790272880309,0.204135672616948,-0.466894052386212,-0.192378255170795,-0.0559289340672215,0.0805008878762785,0.339496908739299,5943.38349501054,0.999019250832518,NA,2190,NA,NA,FALSE,FALSE
"a_spqrt[2191]",0.0380575051219253,0.00318702622398482,0.211887110386629,-0.37370289334604,-0.106739727052195,0.035729282591841,0.178583532967292,0.481490039805134,4420.15809126801,0.999788716993236,NA,2191,NA,NA,FALSE,FALSE
"a_spqrt[2192]",0.0381283849432562,0.00262646335373731,0.201004340326752,-0.355905373184558,-0.0906140342544002,0.0340764098609878,0.168903825294644,0.432918751559396,5856.90499601461,0.999587519974939,NA,2192,NA,NA,FALSE,FALSE
"a_spqrt[2193]",0.046509663081518,0.00243990982191011,0.187771921830547,-0.325518948155952,-0.0812890105358331,0.0435107608594805,0.172536616330608,0.418796410821168,5922.61840583831,0.999451098286254,NA,2193,NA,NA,FALSE,FALSE
"a_spqrt[2194]",0.135504387340121,0.00275783406697,0.19385215622461,-0.226509590342402,0.00234332194402544,0.130937284328578,0.265509239567888,0.521155829825628,4940.88798377569,1.00038464615324,NA,2194,NA,NA,FALSE,FALSE
"a_spqrt[2195]",-0.00166666609159996,0.00247801882607755,0.180328140993311,-0.355705845148312,-0.122217579732449,-0.00244904797357262,0.116972372117014,0.356519067414084,5295.63212589502,0.999205087373827,NA,2195,NA,NA,FALSE,FALSE
"a_spqrt[2196]",-0.0557427968919603,0.00225983726953098,0.181251340303021,-0.418799206104119,-0.175643719198072,-0.054832249561293,0.0629418195220683,0.300011657496851,6432.91954577436,0.999969558694567,NA,2196,NA,NA,FALSE,FALSE
"a_spqrt[2197]",-0.0298562009883034,0.00238152662715927,0.182816215524451,-0.392828089057518,-0.149367696626136,-0.0304310818098391,0.0868995026538649,0.339187409906139,5892.7571781088,0.999355399109553,NA,2197,NA,NA,FALSE,FALSE
"a_spqrt[2198]",-0.00994344407639803,0.00212981555647251,0.198833941566108,-0.400185054490131,-0.139766937322766,-0.00726021445736089,0.116249598373507,0.386275871904454,8715.59525708816,0.999001133051693,NA,2198,NA,NA,FALSE,FALSE
"a_spqrt[2199]",-0.0655927642637678,0.00248306751693267,0.201767157941996,-0.47114432767006,-0.197550275979262,-0.0667112836186149,0.0681283465124509,0.333035995933263,6602.73543847668,0.99909831761495,NA,2199,NA,NA,FALSE,FALSE
"a_spqrt[2200]",-0.0171342746459504,0.00242818977362865,0.196311697365784,-0.402049268743107,-0.15083440201696,-0.0146198897023554,0.118861114968059,0.359251669880559,6536.22667046044,0.999935484884806,NA,2200,NA,NA,FALSE,FALSE
"a_spqrt[2201]",0.0125789655771077,0.00223649231717346,0.188108211608601,-0.3616355982547,-0.109083537146895,0.0113935789882093,0.137031017670179,0.379272875810572,7074.25463088429,0.999121423726206,NA,2201,NA,NA,FALSE,FALSE
"a_spqrt[2202]",0.0144107397770551,0.00260080010507181,0.193257826081435,-0.359227457889598,-0.108276669213726,0.0121689092005298,0.137436996756336,0.404244063485284,5521.54011587329,0.998930987912597,NA,2202,NA,NA,FALSE,FALSE
"a_spqrt[2203]",0.018868656748454,0.00235896889105605,0.202648169896556,-0.378338275020739,-0.118302316548771,0.0202137787516095,0.157387103751637,0.425399556374777,7379.73802030491,1.00008484695368,NA,2203,NA,NA,FALSE,FALSE
"a_spqrt[2204]",0.0201384581045995,0.00270790117011396,0.20070720000198,-0.381323946179043,-0.115827946011625,0.019503384316519,0.154656811506043,0.408213430475159,5493.64111532713,0.999241148422376,NA,2204,NA,NA,FALSE,FALSE
"a_spqrt[2205]",-0.0153222645298822,0.00229545622658844,0.200467365155303,-0.41028802190711,-0.14976046351607,-0.0163248899589161,0.117411709824775,0.381985553386907,7626.92250722663,0.999367853201268,NA,2205,NA,NA,FALSE,FALSE
"a_spqrt[2206]",0.0320376805335421,0.00240961346421533,0.206284564036522,-0.38782052560371,-0.0980451128402103,0.0336160730505127,0.164034134451241,0.451775110327085,7328.89839250599,0.999599027190652,NA,2206,NA,NA,FALSE,FALSE
"a_spqrt[2207]",-0.0475364146982094,0.00206992114716883,0.186482957361628,-0.423966371035297,-0.170098844780562,-0.0416931934639276,0.0751240554686304,0.309055729332644,8116.53550485192,0.999283757363346,NA,2207,NA,NA,FALSE,FALSE
"a_spqrt[2208]",0.0238832908463776,0.0023445771507391,0.191897156286354,-0.356404584026057,-0.102895140240693,0.0237088016886491,0.151752114345631,0.396401319284542,6698.96982507338,0.999617860132533,NA,2208,NA,NA,FALSE,FALSE
"a_spqrt[2209]",0.00711533384707348,0.00262450279228973,0.194184805387871,-0.370931309776294,-0.118237788382937,0.00513189575351665,0.13530829254269,0.399859478201057,5474.39852469632,0.999321265919404,NA,2209,NA,NA,FALSE,FALSE
"a_spqrt[2210]",-0.161202720837834,0.00323781365636915,0.203827122748707,-0.592942142368017,-0.288612706331194,-0.151998231471088,-0.0225545867292605,0.216126797539654,3962.96509290401,1.00000649319487,NA,2210,NA,NA,FALSE,FALSE
"a_spqrt[2211]",0.0320325011725413,0.00273698425147216,0.204006705666017,-0.359241783861704,-0.0999941920523144,0.0272894137139891,0.160146764123017,0.444838309874694,5555.77038831631,0.999341710847632,NA,2211,NA,NA,FALSE,FALSE
"a_spqrt[2212]",0.0220651826992142,0.0024071204575789,0.205028532659583,-0.400169062199534,-0.105592270809154,0.025319446733807,0.152522703604786,0.431345596345415,7254.92553878349,0.99915705742507,NA,2212,NA,NA,FALSE,FALSE
"a_spqrt[2213]",0.00757882127088195,0.0025799320691089,0.20723602258228,-0.423652682958348,-0.124058139820379,0.0113488542024991,0.140663818417377,0.4151365635038,6452.29113409083,0.99915023605496,NA,2213,NA,NA,FALSE,FALSE
"a_spqrt[2214]",0.0157267000425624,0.00232384799370916,0.199486185546305,-0.372617077348011,-0.11837060751801,0.0149841364475495,0.149054972440703,0.41181998812111,7369.02820119251,0.99936221793096,NA,2214,NA,NA,FALSE,FALSE
"a_spqrt[2215]",-0.0469350599589743,0.0027167748115738,0.196222171877869,-0.445547628975286,-0.173485476346839,-0.0452911917384186,0.0822778879826737,0.334173724628826,5216.61604308403,1.00017216420589,NA,2215,NA,NA,FALSE,FALSE
"a_spqrt[2216]",-0.00798202299267347,0.00243516103453787,0.203471936047496,-0.414782450640959,-0.141320651747436,-0.00876155609402077,0.126488077357719,0.391085084828755,6981.5791029762,0.999491829661613,NA,2216,NA,NA,FALSE,FALSE
"a_spqrt[2217]",-0.0182548607408078,0.00273007047799073,0.209076255080615,-0.45511718423444,-0.15131967675325,-0.0189318204536503,0.11517507653503,0.399006980632563,5864.91480263222,0.999282384822572,NA,2217,NA,NA,FALSE,FALSE
"a_spqrt[2218]",-0.00801428827452067,0.00248533700337265,0.204481939324522,-0.420091465669802,-0.143559232795096,-0.00653031630694506,0.126884754012394,0.387240227313782,6769.23106611349,0.999192687292219,NA,2218,NA,NA,FALSE,FALSE
"a_spqrt[2219]",0.00855767584731722,0.00289475944495246,0.207855848788379,-0.399740688874278,-0.125856762633829,0.00627478546958631,0.147881817895101,0.41784249956351,5155.84128477038,0.999226718356072,NA,2219,NA,NA,FALSE,FALSE
"a_spqrt[2220]",0.00239361213506857,0.00255564540364077,0.206373031034732,-0.406782332957032,-0.132755473080927,0.00351605452235229,0.136936768872688,0.405587738063597,6520.85728114123,0.999128045421526,NA,2220,NA,NA,FALSE,FALSE
"a_spqrt[2221]",0.00180060252467255,0.00266923217156061,0.207310103389086,-0.406319517239712,-0.136245192580161,-0.00120834925336447,0.142925103412775,0.408065008304685,6032.09586804532,0.999618448626765,NA,2221,NA,NA,FALSE,FALSE
"a_spqrt[2222]",-0.00923381457996219,0.00236379424797208,0.200097969123856,-0.428645440794244,-0.133928917129102,-0.00728716032934364,0.118969885987839,0.377183514702221,7165.82204303314,0.999155748181875,NA,2222,NA,NA,FALSE,FALSE
"a_spqrt[2223]",-0.0392388523294917,0.00261545806653129,0.20401146236401,-0.448577678329989,-0.167469921735219,-0.0395606694750581,0.0918808703132482,0.374238191616028,6084.34196220218,0.999325486394736,NA,2223,NA,NA,FALSE,FALSE
"a_spqrt[2224]",-0.0531689510989114,0.00284971903526304,0.2046003708599,-0.454806549230076,-0.184717653060224,-0.0490682113140559,0.0793054500936136,0.356317692696545,5154.76352080182,0.999831447234937,NA,2224,NA,NA,FALSE,FALSE
"a_spqrt[2225]",0.0405673964058178,0.00275319108301531,0.210144886706331,-0.361691483977864,-0.105569816700847,0.0345675449240423,0.177554846397622,0.455501716485509,5825.92575383585,0.999239222143291,NA,2225,NA,NA,FALSE,FALSE
"a_spqrt[2226]",0.0211654762441763,0.00264433756377144,0.195714525602001,-0.361550271379683,-0.103908159007116,0.0200878934735754,0.14680290253323,0.411944022093265,5477.87767866712,0.998868569260494,NA,2226,NA,NA,FALSE,FALSE
"a_spqrt[2227]",0.0176971108095893,0.00230795897563644,0.19641960218763,-0.362860420330302,-0.112544574011252,0.0178774164991729,0.148360316794812,0.4123020988244,7242.91659996109,0.999196225649275,NA,2227,NA,NA,FALSE,FALSE
"a_spqrt[2228]",-0.0112982841836216,0.00248241045710761,0.198747592316878,-0.41367808007652,-0.137140343986446,-0.00887710144192043,0.113514200244073,0.385005144807327,6409.97843336811,0.999113578737046,NA,2228,NA,NA,FALSE,FALSE
"a_spqrt[2229]",0.0278643969174493,0.00247588644256887,0.194211129466874,-0.357251602400616,-0.10281819195057,0.0258567963160298,0.154212856160277,0.415966313336041,6152.99814964795,0.999138509265182,NA,2229,NA,NA,FALSE,FALSE
"a_spqrt[2230]",0.0125294967230478,0.00249928471767698,0.203770305830037,-0.403597135629256,-0.117505297934259,0.0109348890454912,0.145826921201999,0.406512047436881,6647.37726309298,0.999087312549198,NA,2230,NA,NA,FALSE,FALSE
"a_spqrt[2231]",0.00750942354024692,0.00252386221858185,0.194151914457817,-0.383188563935443,-0.119093622789816,0.0039293942047577,0.134792324320067,0.403898347460971,5917.68807863714,0.999045093781996,NA,2231,NA,NA,FALSE,FALSE
"a_spqrt[2232]",0.0125837464479574,0.00236274544989554,0.196145621676491,-0.362986196987193,-0.118484573980666,0.00832177916989515,0.13640514448113,0.420808336921165,6891.65241977475,0.999738248993906,NA,2232,NA,NA,FALSE,FALSE
"a_spqrt[2233]",-0.0506582080715861,0.00254862153924887,0.205343427865973,-0.456437869575726,-0.183792570910375,-0.0486717471219618,0.0845119806565538,0.349372488768873,6491.58752259211,0.999361464509997,NA,2233,NA,NA,FALSE,FALSE
"a_spqrt[2234]",0.00737709721784193,0.00245550898380403,0.175626800526766,-0.344309350244758,-0.108091709800974,0.0103985742872719,0.11975881769169,0.353523356516736,5115.62292028847,0.999402985842345,NA,2234,NA,NA,FALSE,FALSE
"a_spqrt[2235]",-0.123942122324371,0.0024783549485352,0.179505865725101,-0.488485799143866,-0.240523165060145,-0.12409307532327,-0.000962302897829654,0.225207883607168,5246.02405234354,0.999087983767544,NA,2235,NA,NA,FALSE,FALSE
"a_spqrt[2236]",0.0150738267646109,0.00231954414236111,0.183007283567128,-0.343600063177905,-0.101467422011182,0.0132557033983425,0.132065915872945,0.3847774996845,6224.88690879212,0.999890085256762,NA,2236,NA,NA,FALSE,FALSE
"a_spqrt[2237]",0.27345168721118,0.00351347771834755,0.196689914138119,-0.0814369690009177,0.134767651439308,0.262637091480306,0.407039553040526,0.680096352509208,3133.9334807107,1.0004445412821,NA,2237,NA,NA,FALSE,FALSE
"a_spqrt[2238]",0.00601745973905202,0.00245519219147642,0.196290531048366,-0.376992079819961,-0.118873422352815,0.00515567739065785,0.132435579900835,0.403792509657857,6391.86673246499,0.9998049734228,NA,2238,NA,NA,FALSE,FALSE
"a_spqrt[2239]",0.00542391375912122,0.00249022880466884,0.187129316440725,-0.354612302642507,-0.120308880607582,0.00539555552525473,0.135511285586229,0.364627716582305,5646.83577755995,0.999567705754586,NA,2239,NA,NA,FALSE,FALSE
"a_spqrt[2240]",0.0328658951081601,0.00225364880648122,0.181744223518176,-0.33140066190048,-0.0892724089326569,0.0304867387979398,0.153370509077949,0.404966975041844,6503.52409713286,0.999454375785342,NA,2240,NA,NA,FALSE,FALSE
"a_spqrt[2241]",-0.0781104201277753,0.00281249790973329,0.188388000561727,-0.446936534818761,-0.202925437586473,-0.0780551728337857,0.0476590399150636,0.291005878578901,4486.64860552146,0.999477388517385,NA,2241,NA,NA,FALSE,FALSE
"a_spqrt[2242]",-0.0131956647582302,0.00267198357327681,0.214519662191278,-0.445985840711373,-0.151487476793325,-0.00890424687016761,0.128836139629402,0.409055633041598,6445.64883505713,0.999659157619364,NA,2242,NA,NA,FALSE,FALSE
"a_spqrt[2243]",0.00183149794539073,0.00288742331750785,0.19951317910833,-0.387227409320713,-0.132132714459286,0.00271227177440225,0.134199866355256,0.391838446564085,4774.43801171505,1.00016381399624,NA,2243,NA,NA,FALSE,FALSE
"a_spqrt[2244]",0.0395782055122711,0.00244379871518573,0.198316434152447,-0.351197230781209,-0.0891725377479767,0.0376075972690852,0.166329687794309,0.437294207817162,6585.46651173738,0.999422013765798,NA,2244,NA,NA,FALSE,FALSE
"a_spqrt[2245]",-0.0175523577971404,0.00209667981155253,0.192831324345533,-0.40253463001764,-0.144351723242506,-0.0137373140806471,0.108845142984088,0.36810470760052,8458.45300890308,0.999242478902738,NA,2245,NA,NA,FALSE,FALSE
"a_spqrt[2246]",0.00638750099139795,0.00214268086059763,0.187162393674348,-0.359364010868104,-0.117021441146303,0.0078724860319101,0.126296898436421,0.396321495778619,7629.95894496066,0.998843408456993,NA,2246,NA,NA,FALSE,FALSE
"a_spqrt[2247]",0.329290919367775,0.00374219621845675,0.181496171943257,-0.0150615179891788,0.20035146097721,0.321451476172903,0.451613080418815,0.70319753556493,2352.24106642192,1.00081285282983,NA,2247,NA,NA,FALSE,FALSE
"a_spqrt[2248]",0.00828446240304081,0.00269826526124584,0.189283054281511,-0.361487653684095,-0.119372820314733,0.00811533570343879,0.131805809371667,0.374766915426658,4921.00930359597,0.999627827905908,NA,2248,NA,NA,FALSE,FALSE
"a_spqrt[2249]",-0.0042750169288624,0.00231523357836176,0.20474348603295,-0.416592801377373,-0.138517460522399,-0.00379876453585514,0.130296473560372,0.398786784110602,7820.42871950552,0.999042871645277,NA,2249,NA,NA,FALSE,FALSE
"a_spqrt[2250]",0.00212191720817523,0.00202722120087748,0.192185225613091,-0.383013717338322,-0.117275685753338,0.00225436872563948,0.125458204409291,0.375702077671643,8987.47544565645,0.998881857813175,NA,2250,NA,NA,FALSE,FALSE
"a_spqrt[2251]",0.0572698854151938,0.00224220614795832,0.203496359413255,-0.344808167285644,-0.0762607788948672,0.0588158324816356,0.18647870681766,0.474740257928412,8236.86996722998,0.999264978979823,NA,2251,NA,NA,FALSE,FALSE
"a_spqrt[2252]",0.000183596647193907,0.00236621488448417,0.186770563115308,-0.377925008509247,-0.125252241743684,0.000170980575462935,0.129401399281021,0.369795221754645,6230.293305008,0.999036707210782,NA,2252,NA,NA,FALSE,FALSE
"a_spqrt[2253]",0.119630322613226,0.00265802867232816,0.190677726448965,-0.233534325800025,-0.0117844311190978,0.114072625957568,0.24328018932838,0.511776087711945,5146.12827126302,1.00015001659597,NA,2253,NA,NA,FALSE,FALSE
"a_spqrt[2254]",-0.0207872073070678,0.0026656770997759,0.190447011105402,-0.389191723247608,-0.145207777337428,-0.0180810367136404,0.103238591572797,0.362650211853517,5104.26531155929,0.999073969764848,NA,2254,NA,NA,FALSE,FALSE
"a_spqrt[2255]",0.0128415642205254,0.00220355160093528,0.196249128552102,-0.373408612045626,-0.112105747404048,0.0104982899058466,0.142695131957251,0.403210053256701,7931.75012361741,0.999798531504295,NA,2255,NA,NA,FALSE,FALSE
"a_spqrt[2256]",-0.00144806089077254,0.00278556139561102,0.209294897540038,-0.42169788022767,-0.131021676234228,-0.000361679099578668,0.130409271987918,0.414329856013371,5645.36220374779,0.999211860160886,NA,2256,NA,NA,FALSE,FALSE
"a_spqrt[2257]",-0.0151158116528613,0.00242074455427792,0.194822159389155,-0.407731767768353,-0.146247249484958,-0.0141048085837772,0.115540507427089,0.361430270536184,6477.07279937714,0.999167195698052,NA,2257,NA,NA,FALSE,FALSE
"a_spqrt[2258]",-0.0571738912828406,0.00283388906055163,0.198833393314365,-0.458556904525501,-0.185185015664266,-0.0611651605718047,0.0762151291448079,0.322082880643887,4922.80869635003,0.999276455920688,NA,2258,NA,NA,FALSE,FALSE
"a_spqrt[2259]",0.0823536824138588,0.00267402752574847,0.195631043979114,-0.308252733152216,-0.0415579362290402,0.0778810763678782,0.212202640885704,0.474775370428361,5352.34128842536,0.999578909674009,NA,2259,NA,NA,FALSE,FALSE
"a_spqrt[2260]",0.017439613187211,0.00240139042259536,0.201828970801275,-0.371837199455172,-0.112568555481079,0.0166742880256527,0.14818549703387,0.42230234682012,7063.84990677755,0.999366344646476,NA,2260,NA,NA,FALSE,FALSE
"a_spqrt[2261]",0.0194578449734542,0.00224313513517777,0.206783468013637,-0.392961665135799,-0.122201511483359,0.0158410133394878,0.165039701507502,0.43310736824379,8498.07879306336,0.999308698116569,NA,2261,NA,NA,FALSE,FALSE
"a_spqrt[2262]",0.00114936160987447,0.00222544945280404,0.200679117139988,-0.412049719641843,-0.130713943982256,0.00143364372272836,0.129000988742609,0.397844687545957,8131.46682518847,0.999236444563897,NA,2262,NA,NA,FALSE,FALSE
"a_spqrt[2263]",0.0230306242153952,0.00268154199595273,0.198989383935823,-0.354523268510435,-0.116103675707137,0.0200804311390009,0.156929891132871,0.414815194310183,5506.68975460186,0.999162778889666,NA,2263,NA,NA,FALSE,FALSE
"a_spqrt[2264]",-0.0166827568442622,0.0024899736645551,0.204678126983601,-0.435757328167371,-0.143632777406469,-0.0134350101430251,0.114038982246312,0.394465205888838,6756.99131364389,0.999181074836706,NA,2264,NA,NA,FALSE,FALSE
"a_spqrt[2265]",0.00284764108454482,0.00276453266547568,0.20278602883325,-0.398873215501735,-0.132835736051234,-0.00120542664337877,0.13535340101401,0.403829820460352,5380.62356342711,1.00055632471139,NA,2265,NA,NA,FALSE,FALSE
"a_spqrt[2266]",-0.00373915819520259,0.00208067764303518,0.174276388843356,-0.34128151769265,-0.121108061192553,-0.00692021433916393,0.115929250147716,0.345731806614127,7015.64335774884,0.999400504628979,NA,2266,NA,NA,FALSE,FALSE
"a_spqrt[2267]",-0.0310768902308004,0.00222629041294503,0.186152395304769,-0.389750583536588,-0.154241950846258,-0.0285039285373882,0.0948545804762772,0.326212293565073,6991.55253741796,0.999817784376531,NA,2267,NA,NA,FALSE,FALSE
"a_spqrt[2268]",-0.00394526238949315,0.00235611382206265,0.195857820476845,-0.401640491697811,-0.129727897426385,-0.00377349775708731,0.126838887060112,0.387186166608466,6910.17904997309,0.998885812738307,NA,2268,NA,NA,FALSE,FALSE
"a_spqrt[2269]",0.00604822285786755,0.00230532739126147,0.186346484576828,-0.345754284670602,-0.126132373657771,0.00833308367812196,0.134256347109883,0.369791033516458,6533.97077247973,0.999149721465105,NA,2269,NA,NA,FALSE,FALSE
"a_spqrt[2270]",0.00269378408445911,0.00201717810133955,0.187439982994378,-0.373444777876694,-0.11824033394106,0.000849941541679446,0.127884302367999,0.374227219406062,8634.47592305626,0.999623053111593,NA,2270,NA,NA,FALSE,FALSE
"a_spqrt[2271]",-0.0172469453762903,0.00258532769110486,0.205352517979148,-0.426234363494959,-0.155161749262286,-0.0207494884876985,0.123998612354793,0.382303687611446,6309.12118091653,0.99903626774953,NA,2271,NA,NA,FALSE,FALSE
"a_spqrt[2272]",0.00513903148620968,0.00246402884958936,0.199677140424739,-0.390791523291731,-0.129033991248874,0.00290148689527662,0.137959155682551,0.396094387227898,6566.97133055654,0.999530160683358,NA,2272,NA,NA,FALSE,FALSE
"a_spqrt[2273]",-0.0108413200348133,0.00222690131664684,0.202374831334087,-0.409833830622504,-0.143325391984195,-0.00903983904418057,0.12488791382504,0.388679103556127,8258.68792477671,0.999557829488396,NA,2273,NA,NA,FALSE,FALSE
"a_spqrt[2274]",0.0190567772265939,0.00233154509212209,0.198485113082341,-0.371900581028353,-0.115546989485849,0.0197988792363539,0.15127914306394,0.411744432871394,7247.16651222394,0.999503998123003,NA,2274,NA,NA,FALSE,FALSE
"a_spqrt[2275]",0.00102864682197678,0.00218344492846118,0.179680561749642,-0.343950696472207,-0.11945008094394,0.0000644151701075564,0.119829807160895,0.357443285315285,6772.01183479738,1.00013254488779,NA,2275,NA,NA,FALSE,FALSE
"a_spqrt[2276]",-0.0090177951589713,0.00208454628530613,0.182565743123049,-0.355599075539161,-0.133132563008225,-0.00742872292465146,0.112467402136635,0.354582860081446,7670.35550749925,0.999273840285513,NA,2276,NA,NA,FALSE,FALSE
"a_spqrt[2277]",0.0111048687690984,0.0021484841325354,0.182023277192594,-0.354979500553664,-0.103271802835496,0.00992643034002593,0.13074806389927,0.380232795631252,7177.7703201727,0.999280387286013,NA,2277,NA,NA,FALSE,FALSE
"a_spqrt[2278]",0.0109122177879342,0.00275963177523624,0.20167026717156,-0.389450775468692,-0.117393023608611,0.0102871832242976,0.144370549248931,0.393391381854893,5340.49451662006,0.999311949856198,NA,2278,NA,NA,FALSE,FALSE
"a_spqrt[2279]",0.00441572677251321,0.00274027888451424,0.201663204962928,-0.401709616501454,-0.125945822408138,0.00340911531882169,0.134328353920892,0.41090068071126,5415.81476033036,0.999412942779993,NA,2279,NA,NA,FALSE,FALSE
"a_spqrt[2280]",0.0232688540771134,0.00293237076502512,0.195589165483723,-0.361379282783685,-0.105994193857732,0.0251106256435996,0.151085215602049,0.417915064235027,4448.89161299654,1.00127545206274,NA,2280,NA,NA,FALSE,FALSE
"a_spqrt[2281]",0.00844769013577475,0.00218613895196435,0.192788516156423,-0.377114219483606,-0.122132356637729,0.00742541866018473,0.140365542786606,0.390497628316629,7776.90504856884,0.999607996541427,NA,2281,NA,NA,FALSE,FALSE
"a_spqrt[2282]",0.0154321843998506,0.00256606584022048,0.193438125604225,-0.377564341286164,-0.111343243454294,0.0186276529744238,0.141911101049103,0.397929826809841,5682.61927225468,0.999326176313667,NA,2282,NA,NA,FALSE,FALSE
"a_spqrt[2283]",0.00384466192950495,0.00260573416499917,0.207574450895101,-0.414409223261146,-0.132920637874908,0.00653154394577344,0.141217048418668,0.422490989542458,6345.81754328399,0.999738754842651,NA,2283,NA,NA,FALSE,FALSE
"a_spqrt[2284]",0.00680661128369964,0.00249979096776529,0.195994217214516,-0.378368303369878,-0.124620962932389,0.00704870174033387,0.136956691247692,0.386855719602354,6147.22524065243,0.999084644173579,NA,2284,NA,NA,FALSE,FALSE
"a_spqrt[2285]",-0.00815819729394454,0.00218373810473105,0.192150573498088,-0.396624666601327,-0.126526924811988,-0.0089156425760539,0.115326687242473,0.36724430384255,7742.51874375009,0.99921042965482,NA,2285,NA,NA,FALSE,FALSE
"a_spqrt[2286]",0.0138551137526014,0.00231642090794765,0.207627716677111,-0.383137728498555,-0.128963159749686,0.00952904863323303,0.152494569819646,0.430244326456095,8034.07170448814,0.999346445135434,NA,2286,NA,NA,FALSE,FALSE
"a_spqrt[2287]",-0.00418150897488655,0.00247729344348122,0.196872339907449,-0.384326044703893,-0.130583451230741,-0.00546872182557575,0.12064976966574,0.395130387288436,6315.59830806915,0.999082927484826,NA,2287,NA,NA,FALSE,FALSE
"a_spqrt[2288]",-0.0000721410860505263,0.00260981219695559,0.201453163007697,-0.391475688438054,-0.133160627595757,0.00248850386566893,0.130434608137489,0.402519831193073,5958.4001828183,0.999013130193966,NA,2288,NA,NA,FALSE,FALSE
"a_spqrt[2289]",-0.000521953596661236,0.00240045292389633,0.191542294931113,-0.364875752677206,-0.130196304827962,-0.00345713900016764,0.130366250539908,0.376490885714585,6367.11928872194,0.999281579084345,NA,2289,NA,NA,FALSE,FALSE
"a_spqrt[2290]",0.00365282880115746,0.00253522262933989,0.200033899800684,-0.391053702433806,-0.125800267294908,0.00416982628535806,0.135881300112931,0.400694048459683,6225.51090808264,0.999210027454489,NA,2290,NA,NA,FALSE,FALSE
"a_spqrt[2291]",-0.0125410855774427,0.00224996746353101,0.193001196848908,-0.402352155367856,-0.140822798451304,-0.0125210576002267,0.116343104134569,0.371862033856975,7358.13122203631,0.99889318477903,NA,2291,NA,NA,FALSE,FALSE
"a_spqrt[2292]",0.00274529192883322,0.00283683985833427,0.204663106437403,-0.404237332722279,-0.130310515677142,0.00692334751622568,0.136378317711422,0.403276826059564,5204.86515946414,0.999393930171234,NA,2292,NA,NA,FALSE,FALSE
"a_spqrt[2293]",-0.00373289505994048,0.0021817685791806,0.181226502530453,-0.362098847868202,-0.124814462884884,-0.00466181815440652,0.113232438055073,0.351589674252605,6899.63397958135,1.00016366843159,NA,2293,NA,NA,FALSE,FALSE
"a_spqrt[2294]",0.00458949163711534,0.00219169763838385,0.175086408864546,-0.345877554620389,-0.111201502530806,0.00672698911341381,0.118309420532145,0.348799673960129,6381.80589703888,0.999324811015383,NA,2294,NA,NA,FALSE,FALSE
"a_spqrt[2295]",-0.0118687309406338,0.00218113468429591,0.182271207133707,-0.37567789394707,-0.133508679527896,-0.0123224194795595,0.113668408804591,0.345813084154753,6983.46839061523,0.999460089078056,NA,2295,NA,NA,FALSE,FALSE
"a_spqrt[2296]",-0.0266954041601466,0.00260014864592977,0.193461020426874,-0.412836035484687,-0.154156468026799,-0.026651208959713,0.10622780138162,0.356883196186524,5535.93006749007,0.999506054055818,NA,2296,NA,NA,FALSE,FALSE
"a_spqrt[2297]",0.00150798351184795,0.00254814465609793,0.19266117809426,-0.381556562671455,-0.12769758554212,0.00460008866646675,0.126550726551482,0.397771273871523,5716.63238652765,0.999315324651896,NA,2297,NA,NA,FALSE,FALSE
"a_spqrt[2298]",0.00145988547199794,0.00288809916492,0.201359162953142,-0.398140813252339,-0.132079437076471,0.00245755871548113,0.134794589175241,0.39610165164247,4860.92133025186,0.999537393584016,NA,2298,NA,NA,FALSE,FALSE
"a_spqrt[2299]",0.00281220814321886,0.00248460921222622,0.199097683324213,-0.391754521621942,-0.128149103242927,0.00450995810493608,0.138527264631585,0.401516580720395,6421.20050328585,0.999946595346431,NA,2299,NA,NA,FALSE,FALSE
"a_spqrt[2300]",0.0244886066780149,0.00274639311516638,0.197775531171798,-0.378319288618522,-0.104202033783206,0.0222296534701549,0.153071973793049,0.425705046350128,5185.84719460114,0.999459927810396,NA,2300,NA,NA,FALSE,FALSE
"a_spqrt[2301]",-0.0609174477167146,0.00240853733899355,0.194409714715155,-0.442256696704053,-0.183842533205722,-0.0579345738744506,0.0652923981705447,0.305863152441909,6515.22110770303,0.999496749862383,NA,2301,NA,NA,FALSE,FALSE
"a_spqrt[2302]",0.0072884122910025,0.00220917490286623,0.185054663007052,-0.35836448064582,-0.111437019065933,0.00568867845449446,0.125676917218229,0.384461731994848,7016.81237947409,0.999255461676976,NA,2302,NA,NA,FALSE,FALSE
"a_spqrt[2303]",-0.00850328003314276,0.0022505039575539,0.190693518359762,-0.389141047554034,-0.131168537025124,-0.0078429516163633,0.115679938555341,0.363653048347599,7179.7992508923,0.998894669324013,NA,2303,NA,NA,FALSE,FALSE
"a_spqrt[2304]",-0.00843164218984622,0.00262043235116724,0.205538883083335,-0.411175338462022,-0.140895263846379,-0.00958582111072918,0.123109695554502,0.395021765538157,6152.36481015937,1.00034017403282,NA,2304,NA,NA,FALSE,FALSE
"a_spqrt[2305]",0.00194010012046651,0.00226991462222868,0.197613418648163,-0.403916721260467,-0.123295932800957,0.00495765633070955,0.128482251197929,0.388080802824739,7579.03334475686,0.998957003422214,NA,2305,NA,NA,FALSE,FALSE
"a_spqrt[2306]",-0.0087794255112409,0.00255487459076089,0.202654180081111,-0.404491577326944,-0.145668012538812,-0.00837489468660824,0.127970475267457,0.37287784120973,6291.75725012308,0.999360849230303,NA,2306,NA,NA,FALSE,FALSE
"a_spqrt[2307]",0.0437167708971294,0.00260778975425176,0.195529118939615,-0.34110698987279,-0.0835157751778215,0.0430596973644026,0.171513604934392,0.423252239161665,5621.8303696129,0.999820716752169,NA,2307,NA,NA,FALSE,FALSE
"a_spqrt[2308]",0.0209109193221291,0.00206445921851669,0.180906814883682,-0.331678403103042,-0.100132821003351,0.0204113343516111,0.141033155915043,0.388886422550604,7678.86863903811,0.999133834368657,NA,2308,NA,NA,FALSE,FALSE
"a_spqrt[2309]",0.00165446815902907,0.00214380693139268,0.179649414764851,-0.342911604579542,-0.113168532984422,0.000552371500211112,0.116143774358229,0.368407218331192,7022.31443888618,0.999622739501043,NA,2309,NA,NA,FALSE,FALSE
"a_spqrt[2310]",-0.00896966357102483,0.00250504096024845,0.193755419740875,-0.397163729138376,-0.138743778337961,-0.00921155706886361,0.122092930258958,0.367848151870157,5982.4359278561,0.999033310220039,NA,2310,NA,NA,FALSE,FALSE
"a_spqrt[2311]",0.00592033399090937,0.0024531221370055,0.197209004114431,-0.385480705483936,-0.113592137997811,0.00273430798323368,0.125737287651914,0.409420756933668,6462.71697070446,0.999462977521744,NA,2311,NA,NA,FALSE,FALSE
"a_spqrt[2312]",0.0015064742238463,0.00235698734505033,0.190660336877928,-0.371227516139351,-0.126839204758236,0.0019134542499817,0.129522608561984,0.370001814285196,6543.44129685637,0.99955338165566,NA,2312,NA,NA,FALSE,FALSE
"a_spqrt[2313]",0.00974361778010016,0.00240501467445454,0.18872366281609,-0.368197415735428,-0.113401847710777,0.013229561893581,0.129550860385863,0.387423208807024,6157.68193788848,0.998958933522012,NA,2313,NA,NA,FALSE,FALSE
"a_spqrt[2314]",-0.00563424308340222,0.00247940551204624,0.191523575235032,-0.386263964151591,-0.129705767741958,-0.00414632832553078,0.121662110394721,0.370754731752846,5966.9081924777,0.999645291117406,NA,2314,NA,NA,FALSE,FALSE
"a_spqrt[2315]",0.00686674444623758,0.00265916588263091,0.205108377470316,-0.398149577120848,-0.127778439925367,0.00293082785009,0.13678736987964,0.413319053825213,5949.43793122735,0.999225901306858,NA,2315,NA,NA,FALSE,FALSE
"a_spqrt[2316]",0.0323172244859963,0.00257332890869004,0.19096532049469,-0.333151373956671,-0.0963787790909326,0.0336417417315042,0.160371690977009,0.412082878224199,5507.04232578781,1.00057861250491,NA,2316,NA,NA,FALSE,FALSE
"a_spqrt[2317]",-0.000110648386219014,0.00227547876949233,0.203338978124742,-0.407747166216031,-0.133908759087488,0.00382090110696079,0.129774780427525,0.413150139693833,7985.38202221035,0.999139500124599,NA,2317,NA,NA,FALSE,FALSE
"a_spqrt[2318]",0.00131206095877076,0.00243009851894777,0.206623869123657,-0.397026038490465,-0.136515589889226,-0.00232412178701392,0.13287738170675,0.420690222604041,7229.58249627911,0.999872293299122,NA,2318,NA,NA,FALSE,FALSE
"a_spqrt[2319]",-0.00750819362166767,0.00248500933573099,0.201986566364186,-0.412860791787868,-0.138762335780595,-0.00805945951029497,0.122981301588739,0.408851314023538,6606.76597961011,0.999378878370998,NA,2319,NA,NA,FALSE,FALSE
"a_spqrt[2320]",-0.000142120162680644,0.00221145756803183,0.19748839362792,-0.387630163464766,-0.133116283560011,-0.00239767029977415,0.130274952893379,0.39151264895377,7974.91261310081,0.999079679535098,NA,2320,NA,NA,FALSE,FALSE
"a_spqrt[2321]",0.00212296785985701,0.00237514481891812,0.197611558194919,-0.398033972259118,-0.125009937813914,0.0045704625229145,0.126684682810378,0.38969441688399,6922.2056194103,0.999710738340343,NA,2321,NA,NA,FALSE,FALSE
"a_spqrt[2322]",0.0196067903065427,0.00227823481626492,0.204722254110108,-0.386606606442221,-0.111184295802472,0.0225668822621554,0.150778178244141,0.418185992187546,8074.82539971573,0.999152809679567,NA,2322,NA,NA,FALSE,FALSE
"a_spqrt[2323]",0.0027695336120303,0.00234360691072369,0.196487705129578,-0.391914365323085,-0.130090776283814,-0.000843811614848253,0.134031874377316,0.397282471563601,7029.12425976574,0.999609901319321,NA,2323,NA,NA,FALSE,FALSE
"a_spqrt[2324]",0.0154084883772231,0.0024854083983605,0.198394742746265,-0.368841559319617,-0.116085288316724,0.0160941737853673,0.147787864439324,0.399642347937287,6371.83903598374,0.999639230615279,NA,2324,NA,NA,FALSE,FALSE
"a_spqrt[2325]",0.020250389808894,0.00237923619637764,0.197440711058029,-0.361005495390637,-0.106035277844065,0.018576237131931,0.14521833116274,0.420769880909083,6886.49594572378,0.999033748453306,NA,2325,NA,NA,FALSE,FALSE
"a_spqrt[2326]",0.0335769639184446,0.00210203189105594,0.183112351509,-0.324884159313392,-0.0861964126270352,0.0293827808165971,0.146228783936351,0.392090151796591,7588.51292808799,0.999416947204202,NA,2326,NA,NA,FALSE,FALSE
"a_spqrt[2327]",0.0201678665956586,0.00243784539588527,0.20276522722932,-0.384848053457794,-0.105441549999293,0.0208197050969411,0.147671816670233,0.429422569763756,6917.90569686623,0.999203312654777,NA,2327,NA,NA,FALSE,FALSE
"a_spqrt[2328]",0.00536332053951356,0.0023402481703807,0.200920040915862,-0.387872578354178,-0.127717342135951,0.00506400630785067,0.140789045720413,0.399580412655221,7370.93679343575,0.999206923489338,NA,2328,NA,NA,FALSE,FALSE
"a_spqrt[2329]",0.234540022867407,0.00303972434308547,0.176781971653472,-0.0911797114167291,0.11019876687987,0.232646706637553,0.351701311763223,0.591757057574672,3382.26431565072,1.00022716808814,NA,2329,NA,NA,FALSE,FALSE
"a_spqrt[2330]",0.0355158077918832,0.00277312258239793,0.18286130887515,-0.307215462608626,-0.0858271367256732,0.0327035802626341,0.154965450728541,0.402410261402919,4348.15996617214,0.999767026238314,NA,2330,NA,NA,FALSE,FALSE
"a_spqrt[2331]",0.018275947212735,0.00188956488750737,0.182623197908468,-0.340664034838197,-0.107090617193091,0.0193789863051378,0.141902264364253,0.376613666003161,9340.89018884196,0.999043663056142,NA,2331,NA,NA,FALSE,FALSE
"a_spqrt[2332]",-0.0258197270563117,0.00219505030852524,0.181000222023158,-0.374057799060366,-0.148156662548925,-0.0236439804310436,0.0943559155719727,0.334864348952686,6799.37914025927,0.999510596032379,NA,2332,NA,NA,FALSE,FALSE
"a_spqrt[2333]",-0.0128024464171639,0.00258755592177648,0.198541094476312,-0.394523041286087,-0.150204808571396,-0.00886812436889463,0.122163694429586,0.372099740544606,5887.37005216965,0.999878758470437,NA,2333,NA,NA,FALSE,FALSE
"a_spqrt[2334]",0.018678806886491,0.00233226453578873,0.199657944155096,-0.375010525288766,-0.109765337757185,0.0193786492858228,0.146996820280869,0.42177757665263,7328.54186103495,0.999242408183355,NA,2334,NA,NA,FALSE,FALSE
"a_spqrt[2335]",-0.0117157913513986,0.00270539716630856,0.2032405515338,-0.412658178524806,-0.146147212245016,-0.0137126530165166,0.118470721576934,0.397296612119611,5643.63174880894,1.0000656077159,NA,2335,NA,NA,FALSE,FALSE
"a_spqrt[2336]",0.0217228671585883,0.00245540060302135,0.194387666427689,-0.349900502352163,-0.110084271163518,0.0181349200120236,0.148772642984918,0.408917630685663,6267.4762379594,0.999080191345225,NA,2336,NA,NA,FALSE,FALSE
"a_spqrt[2337]",0.0774300832983025,0.00266010382207299,0.201648100693412,-0.320508416197106,-0.0588716579806931,0.0714365634075758,0.208274526817222,0.487285874931339,5746.3370678483,0.999547865122741,NA,2337,NA,NA,FALSE,FALSE
"a_spqrt[2338]",-0.138489775185221,0.00317521044998233,0.212797361657895,-0.578920931076365,-0.276174999862478,-0.127709385045058,0.00679005510016948,0.254357130893246,4491.45908464091,0.999447636808524,NA,2338,NA,NA,FALSE,FALSE
"a_spqrt[2339]",-0.0073620878923623,0.00234034573713801,0.198881387946678,-0.412976063187902,-0.13727243248355,-0.00629824509221042,0.123300046701226,0.38162586722819,7221.5137773785,0.999120127264944,NA,2339,NA,NA,FALSE,FALSE
"a_spqrt[2340]",0.0210070975805782,0.00254239672962651,0.199618078123311,-0.376342405899374,-0.103936525193562,0.0181022051818184,0.145844104244484,0.421638183121959,6164.71633355202,0.999027261863212,NA,2340,NA,NA,FALSE,FALSE
"a_spqrt[2341]",-0.0150820293554776,0.00264314147785261,0.208594081849159,-0.42823428308211,-0.144921161946412,-0.0188412210757385,0.121683068849311,0.400747931672774,6228.20853463588,0.998953583853998,NA,2341,NA,NA,FALSE,FALSE
"a_spqrt[2342]",0.0109138525427284,0.00237244386697911,0.206819634605163,-0.40430380716538,-0.119385499750701,0.00887693917016262,0.144348602657314,0.430635636751319,7599.61588334133,0.998947408361128,NA,2342,NA,NA,FALSE,FALSE
"a_spqrt[2343]",-0.0386209468600978,0.00226167220225423,0.19834213454832,-0.436291949494052,-0.169003201670745,-0.035913888100009,0.0932288362092655,0.351520951916999,7690.78454815195,0.999490861418737,NA,2343,NA,NA,FALSE,FALSE
"a_spqrt[2344]",-0.000330301064591201,0.00255683970933487,0.203727389857018,-0.410251140682408,-0.130235453489126,0.00407727272988131,0.131617960880094,0.39299179083212,6348.80279054517,0.998991779531369,NA,2344,NA,NA,FALSE,FALSE
"a_spqrt[2345]",0.0141388616453992,0.0025155747718743,0.20404191628204,-0.371675381664146,-0.123817215336055,0.00865921993714432,0.151187529624251,0.416794194539756,6579.06725351301,0.999604316651808,NA,2345,NA,NA,FALSE,FALSE
"a_spqrt[2346]",0.0265004653804987,0.00247344202158458,0.199067586304813,-0.361357027213674,-0.103040582222812,0.0219170471084578,0.159674587285575,0.443955421389885,6477.3539850003,0.999791769392843,NA,2346,NA,NA,FALSE,FALSE
"a_spqrt[2347]",0.0190862559392115,0.00266888779666333,0.197422121896518,-0.359561579246409,-0.114693736368418,0.0175811543827957,0.149694455330126,0.398210763006356,5471.80987693722,0.999311673625741,NA,2347,NA,NA,FALSE,FALSE
"a_spqrt[2348]",0.0451605356492099,0.00233841192353434,0.175721501278424,-0.298126015444596,-0.0723937543446407,0.0440833657999777,0.165750248551676,0.38628594406055,5646.86982687752,0.999303087791023,NA,2348,NA,NA,FALSE,FALSE
"a_spqrt[2349]",-0.0336201517883428,0.00208809160817756,0.182101690529646,-0.385928422687737,-0.153014459882328,-0.0339125287713804,0.0850847303374163,0.32249484728011,7605.51906141372,0.999523102352791,NA,2349,NA,NA,FALSE,FALSE
"a_spqrt[2350]",0.0589793022869537,0.00243519738052318,0.186814435876426,-0.300820775044258,-0.0689384856153876,0.0562765214250069,0.182807593124488,0.438449642496125,5885.08215283714,0.999410841375993,NA,2350,NA,NA,FALSE,FALSE
"a_spqrt[2351]",0.00811862249437023,0.00230184863980778,0.175712419728932,-0.345399291091381,-0.108379894680552,0.00738097277024724,0.121684927841031,0.359416403133641,5827.08553772873,0.998924062958742,NA,2351,NA,NA,FALSE,FALSE
"a_spqrt[2352]",0.0418913887675901,0.0025651767686857,0.19235286193918,-0.323451871267054,-0.0869451544026449,0.0394359526149241,0.165342946711345,0.429467698080446,5622.93040834747,0.999378560674468,NA,2352,NA,NA,FALSE,FALSE
"a_spqrt[2353]",0.00306682698767929,0.00262329993858239,0.199870001770624,-0.390833268376507,-0.126233945251733,0.000145629947620304,0.135871008216507,0.394305164859184,5804.96137611414,0.999869259967008,NA,2353,NA,NA,FALSE,FALSE
"a_spqrt[2354]",-0.0931457795327414,0.00277155263469767,0.195977214912553,-0.492091143189233,-0.220584430736864,-0.0876673869617073,0.0372964672454925,0.285097083330975,4999.94125244004,0.99928290527092,NA,2354,NA,NA,FALSE,FALSE
"a_spqrt[2355]",0.0385292058457276,0.00234453275254937,0.199619121009418,-0.350580874679673,-0.0928146430576767,0.0343871201078745,0.169635039229193,0.429354035900576,7249.22650403087,0.999353299088419,NA,2355,NA,NA,FALSE,FALSE
"a_spqrt[2356]",0.00796370544200282,0.00226392214619399,0.189747796337237,-0.365650959737652,-0.121745128534206,0.00912363419779154,0.138531678015858,0.37526584071536,7024.74406389341,0.999267502320993,NA,2356,NA,NA,FALSE,FALSE
"a_spqrt[2357]",-0.0145654708377921,0.00244622243684378,0.187421757541161,-0.382976819202907,-0.137170010460885,-0.0161907881016848,0.110086406524692,0.347935290105776,5870.13544176256,0.999554154347309,NA,2357,NA,NA,FALSE,FALSE
"a_spqrt[2358]",-0.00260787967657448,0.00251913876018574,0.192326006682267,-0.379006186436604,-0.131311609780104,-0.00282913454666108,0.126346416252255,0.373348252848594,5828.70195111125,0.999384697788323,NA,2358,NA,NA,FALSE,FALSE
"a_spqrt[2359]",-0.0324234952346983,0.0023479079721884,0.183105682472653,-0.403571289512035,-0.146777386334903,-0.0306086831389838,0.0861915124048794,0.328021272458645,6081.93121071044,0.99948758229418,NA,2359,NA,NA,FALSE,FALSE
"a_spqrt[2360]",-0.0104067410126672,0.00272593292320994,0.210803768234097,-0.437079759812018,-0.149867743636094,-0.0116317451319475,0.130518621924698,0.40392906621035,5980.34735531162,0.999108718557729,NA,2360,NA,NA,FALSE,FALSE
"a_spqrt[2361]",-0.0329547376987439,0.0024258984611509,0.208027078440661,-0.448957694291206,-0.162863751531382,-0.0315565306862539,0.0969458199676235,0.387362724334364,7353.5068557235,0.999461189918149,NA,2361,NA,NA,FALSE,FALSE
"a_spqrt[2362]",-0.00641600837391712,0.00278779393534414,0.202158500206368,-0.417945034104335,-0.139609359457939,-0.00867174258973615,0.124558748633758,0.400424493727367,5258.50965822875,0.999527057314644,NA,2362,NA,NA,FALSE,FALSE
"a_spqrt[2363]",-0.00637236375459386,0.0026187686272442,0.20562379950376,-0.410341377986712,-0.140995906461562,-0.00802054233008975,0.130715194649113,0.387121061388349,6165.27567699853,0.99982003548544,NA,2363,NA,NA,FALSE,FALSE
"a_spqrt[2364]",-0.00201455655202114,0.00242186994402081,0.211070555538592,-0.424243962921825,-0.141616068447853,-0.00350602007531717,0.142700378558155,0.419440723686501,7595.45283617885,0.999515079730907,NA,2364,NA,NA,FALSE,FALSE
"a_spqrt[2365]",0.0442668333181367,0.00229475636315945,0.190263154881303,-0.333714687020624,-0.0760868910627792,0.0416136709754478,0.168009242377492,0.420662989784496,6874.42252820051,0.999643387451047,NA,2365,NA,NA,FALSE,FALSE
"a_spqrt[2366]",0.0569781088279972,0.00215232665757274,0.19416632290497,-0.322899517358678,-0.0684606812755936,0.0553008087082859,0.186337305985416,0.436748594651202,8138.25779493117,0.99935055850696,NA,2366,NA,NA,FALSE,FALSE
"a_spqrt[2367]",0.028070899388704,0.00224808168271037,0.184851369089344,-0.340894478602359,-0.0894008499847358,0.0260400879491064,0.147283581408582,0.390666648538289,6761.1593072836,0.998861031282845,NA,2367,NA,NA,FALSE,FALSE
"a_spqrt[2368]",0.00314731271552643,0.00235257043374476,0.182758742266613,-0.358999604333311,-0.124367965190003,0.00235500789302987,0.126593855464004,0.355633790375536,6034.91353156967,1.00017405171402,NA,2368,NA,NA,FALSE,FALSE
"a_spqrt[2369]",0.0159783959843149,0.00232688646501924,0.203954674316132,-0.382536462941473,-0.118790639803597,0.015575149311532,0.155742458102017,0.408133372576779,7682.75421167992,0.99900590608245,NA,2369,NA,NA,FALSE,FALSE
"a_spqrt[2370]",0.0354101061432732,0.00255303934795784,0.205279643602146,-0.375426467829331,-0.0946696464231098,0.0395652381072734,0.162504434720211,0.438625855689741,6465.12242922704,0.999171840505054,NA,2370,NA,NA,FALSE,FALSE
"a_spqrt[2371]",-0.0126418124349409,0.0025713699528072,0.196758823088314,-0.39245859765908,-0.147851897588115,-0.0124815020569875,0.118581956290081,0.367942386451839,5855.16722101004,0.999483449336151,NA,2371,NA,NA,FALSE,FALSE
"a_spqrt[2372]",-0.00718977185395266,0.00264209420443174,0.198626015617103,-0.403732959523168,-0.137093490178133,-0.00742807453853579,0.123451348675765,0.384205992643501,5651.6552863486,0.999720158555387,NA,2372,NA,NA,FALSE,FALSE
"a_spqrt[2373]",-0.0231581627626174,0.00244696971213765,0.197335202261877,-0.413356669142018,-0.152105296107209,-0.021209085444711,0.108547608677906,0.376235816139673,6503.57185114123,0.999874823157329,NA,2373,NA,NA,FALSE,FALSE
"a_spqrt[2374]",0.00823738449130812,0.00243657624714555,0.205202951559083,-0.401104969428513,-0.128483678212586,0.00792875761077785,0.147388096818096,0.410836512311922,7092.62819295251,0.999367060526956,NA,2374,NA,NA,FALSE,FALSE
"a_spqrt[2375]",-0.0317755857229231,0.00225518224130157,0.19692472289772,-0.421318188681296,-0.157854118963477,-0.0305363395533265,0.0968748009601524,0.348893225267878,7624.9535101117,0.998945703395418,NA,2375,NA,NA,FALSE,FALSE
"a_spqrt[2376]",-0.0127680975715805,0.00249887056033966,0.210467598381235,-0.432158903669469,-0.146876142475724,-0.0143266217170774,0.123819739140115,0.415013121096677,7093.86582179361,0.999382066698296,NA,2376,NA,NA,FALSE,FALSE
"a_spqrt[2377]",0.0601683576134996,0.00215966820745733,0.18861686063458,-0.297789949028118,-0.0677441836488592,0.0608812028257136,0.191557093431541,0.424744539829113,7627.58321007715,0.999314481202688,NA,2377,NA,NA,FALSE,FALSE
"a_spqrt[2378]",0.0201550249087923,0.00203846258952037,0.186733742364614,-0.343084420591245,-0.102007573393742,0.0184630270131999,0.14631344766435,0.373872840632542,8391.50989515864,0.998989899872067,NA,2378,NA,NA,FALSE,FALSE
"a_spqrt[2379]",-0.00406286450276696,0.00247169368410972,0.196493664848228,-0.402795427685569,-0.131309468243315,-0.00450844898586538,0.122014293635195,0.382621888777521,6319.86512680796,0.999447623007389,NA,2379,NA,NA,FALSE,FALSE
"a_spqrt[2380]",0.0222692205100506,0.00303139582413903,0.191738847837698,-0.354132268081368,-0.104023004326542,0.022029936609573,0.149872057762188,0.392598032278517,4000.69027649956,0.999424019030843,NA,2380,NA,NA,FALSE,FALSE
"a_spqrt[2381]",-0.00818646937970794,0.00249301288235246,0.205223714006934,-0.42168873250489,-0.137923051066134,-0.00482669918785516,0.12432848116405,0.399584618607563,6776.50932839472,0.999035187977115,NA,2381,NA,NA,FALSE,FALSE
"a_spqrt[2382]",0.0106116657649273,0.00232740687406514,0.201120747271654,-0.383716708369645,-0.119946508198297,0.00789789965165721,0.140524740753318,0.408831951075132,7467.39496460518,0.999065212408983,NA,2382,NA,NA,FALSE,FALSE
"a_spqrt[2383]",-0.00425443888572279,0.00228310353221147,0.2021998963447,-0.392192898115922,-0.139907755892541,-0.00646822260627873,0.130289435312998,0.407023000686474,7843.51344512749,0.999607107373132,NA,2383,NA,NA,FALSE,FALSE
"a_spqrt[2384]",0.00404904512288673,0.00234935134142332,0.198818070724165,-0.389519385877428,-0.124016000745578,0.00392430916746231,0.131988468614719,0.397406898322959,7161.69417049729,0.999463373426155,NA,2384,NA,NA,FALSE,FALSE
"a_spqrt[2385]",0.0423349894961203,0.0021987730476974,0.194401944413855,-0.336063765479987,-0.0849872028878843,0.0396815117327434,0.165050893265356,0.431267268391234,7817.00517170493,0.999007154324567,NA,2385,NA,NA,FALSE,FALSE
"a_spqrt[2386]",0.0139273159763554,0.0024056437657183,0.199493700549526,-0.381285537668794,-0.120063084946479,0.0147039843411173,0.144435756532007,0.404573927662858,6876.94799889342,0.999233948262978,NA,2386,NA,NA,FALSE,FALSE
"a_spqrt[2387]",-0.0145489510147646,0.00230669892116449,0.198016943007435,-0.408939338912493,-0.146035315990071,-0.014024578027252,0.116775642605914,0.368307956997936,7369.24300956242,0.998910457088792,NA,2387,NA,NA,FALSE,FALSE
"a_spqrt[2388]",-0.0254612544276427,0.00275162799253139,0.202984182802603,-0.439030708538075,-0.157807352849552,-0.0215964689918579,0.105443989998175,0.386853869537721,5441.82983463547,0.99926888801787,NA,2388,NA,NA,FALSE,FALSE
"a_spqrt[2389]",0.0207551152931923,0.00265003169304862,0.210087092927485,-0.394716559253401,-0.116388345678847,0.0195105852044553,0.156672168553588,0.43676798130666,6284.87446325378,0.999384768149419,NA,2389,NA,NA,FALSE,FALSE
"a_spqrt[2390]",-0.00525582562020453,0.00242754678223609,0.202801611066483,-0.404141104749751,-0.138387075089063,-0.00859642164367114,0.12736132532149,0.376844996838691,6979.23119741541,0.999251158586486,NA,2390,NA,NA,FALSE,FALSE
"a_spqrt[2391]",-0.00265368512587789,0.0024711366282232,0.201940080801077,-0.394284960108569,-0.136269066100416,-0.00366473325583591,0.132964614434023,0.400792398593,6678.07873790628,0.999129244177563,NA,2391,NA,NA,FALSE,FALSE
"a_spqrt[2392]",-0.0253258253871463,0.0025779500011357,0.193881181818447,-0.417407885218885,-0.151271503767006,-0.0204566756483249,0.102980988274231,0.351583814948264,5656.16847098064,0.999192549316708,NA,2392,NA,NA,FALSE,FALSE
"a_spqrt[2393]",-0.0151056959597128,0.00309141906588822,0.215143671380303,-0.440604285451352,-0.154596099688504,-0.0112166125462682,0.128027862141291,0.405271738680885,4843.30020380985,0.999036789377368,NA,2393,NA,NA,FALSE,FALSE
"a_spqrt[2394]",0.00421500626025369,0.00254581344399762,0.201375790476792,-0.384500038011099,-0.122982301237373,0.00323443010039621,0.13701940318411,0.403180978645586,6256.93099309198,1.00011876345848,NA,2394,NA,NA,FALSE,FALSE
"a_spqrt[2395]",0.0147194647178826,0.00259382789080301,0.207926954255022,-0.391233823620228,-0.128931282184175,0.0134608550993718,0.152319016053807,0.429259161663697,6425.97856268687,0.999315713110673,NA,2395,NA,NA,FALSE,FALSE
"a_spqrt[2396]",-0.0192098701415035,0.00265848181446665,0.201887168154481,-0.422578035898706,-0.154186561208302,-0.0170499130138753,0.113358925797897,0.37042248014025,5767.00124135601,0.999551712016988,NA,2396,NA,NA,FALSE,FALSE
"a_spqrt[2397]",0.00168691793424097,0.00228901525914145,0.203375915908459,-0.396361863676895,-0.132489294854596,0.00113921794030768,0.133890162225666,0.390555532004372,7894.08263044859,0.999144111978032,NA,2397,NA,NA,FALSE,FALSE
"a_spqrt[2398]",0.203676518857641,0.00350434507793803,0.204929925849123,-0.194342110429396,0.0732698977052786,0.198742649791595,0.328544871653835,0.625391119135191,3419.77108090855,1.00058788215108,NA,2398,NA,NA,FALSE,FALSE
"a_spqrt[2399]",0.0743721909607603,0.00250240440589638,0.198645844444525,-0.327690686402704,-0.0583603277689585,0.0683421233524053,0.209993894568144,0.465301553794856,6301.50052159938,0.999610739105589,NA,2399,NA,NA,FALSE,FALSE
"a_spqrt[2400]",-0.00273213585559048,0.00255780884143664,0.189556440207194,-0.377153342777551,-0.126673425618982,-0.0022874341099293,0.119690541304987,0.371803244485456,5492.13140943476,0.99949675136632,NA,2400,NA,NA,FALSE,FALSE
"a_spqrt[2401]",-0.00990382671961385,0.00233490960407168,0.195900545958063,-0.39349357541037,-0.141243138710014,-0.00816611370801409,0.115588105838531,0.386482267609344,7039.32715431973,0.999811935522007,NA,2401,NA,NA,FALSE,FALSE
"a_spqrt[2402]",-0.115372997795195,0.00281391745467008,0.207132798433294,-0.539508869510518,-0.254217803096832,-0.109529886806992,0.0273158934052594,0.283627035329716,5418.4496055313,0.999266194234446,NA,2402,NA,NA,FALSE,FALSE
"a_spqrt[2403]",-0.0135550960044854,0.00204554723950139,0.205376024245399,-0.417897803921861,-0.154645017947168,-0.0142518382622227,0.127536993883438,0.394875631033773,10080.4624861227,0.999184945246741,NA,2403,NA,NA,FALSE,FALSE
"a_spqrt[2404]",0.0527411761793529,0.00292968659976968,0.206390911830647,-0.342580236380835,-0.08054136444868,0.0505066608852387,0.183170529940118,0.472290815727456,4962.93754842156,0.999313627598064,NA,2404,NA,NA,FALSE,FALSE
"a_spqrt[2405]",0.0142447079206614,0.00227445727730417,0.181514107900838,-0.340767837357888,-0.108769953686301,0.01255855623079,0.1335239696598,0.369534492262981,6368.91135003838,0.999280610764595,NA,2405,NA,NA,FALSE,FALSE
"a_spqrt[2406]",0.070159961731832,0.00216245254954243,0.175906125172991,-0.27617494295079,-0.0487779815197363,0.0667307161127601,0.187668023167343,0.417027028426864,6617.11604811903,1.00079246791614,NA,2406,NA,NA,FALSE,FALSE
"a_spqrt[2407]",-0.0137183731483465,0.0022944979435782,0.182700747629725,-0.380956495374225,-0.135805378674067,-0.0140269230378977,0.104244636004349,0.362195725081811,6340.23424404601,0.999566682612089,NA,2407,NA,NA,FALSE,FALSE
"a_spqrt[2408]",-0.0642299461054301,0.00216213323609803,0.193322012142172,-0.452552770250798,-0.194538866583175,-0.0615420225289323,0.0689024638073096,0.299771715834654,7994.61783219101,0.999158993061707,NA,2408,NA,NA,FALSE,FALSE
"a_spqrt[2409]",-0.211705593066914,0.00311699034424825,0.201119402435462,-0.632526370955279,-0.341679073760317,-0.205458475329193,-0.0703172137009554,0.16252860580151,4163.29347725264,0.999778026089036,NA,2409,NA,NA,FALSE,FALSE
"a_spqrt[2410]",-0.0277476606903136,0.00243711752890605,0.201627270201342,-0.44205625022992,-0.151717249832232,-0.0229717007180049,0.102475512676179,0.368961802229504,6844.56093038398,0.99903012893698,NA,2410,NA,NA,FALSE,FALSE
"a_spqrt[2411]",-0.145858519397209,0.00304901487523847,0.199703776962634,-0.564079194975428,-0.276790486792436,-0.140917211024509,-0.0102457087484723,0.232776972263244,4289.96225454671,0.99933525604491,NA,2411,NA,NA,FALSE,FALSE
"a_spqrt[2412]",-0.0355735032917358,0.00210704069402803,0.195806011670678,-0.42395225728992,-0.164136616578638,-0.0328672551171884,0.0951735454168567,0.347063045184735,8635.8719905844,0.999091607577206,NA,2412,NA,NA,FALSE,FALSE
"a_spqrt[2413]",0.170411903641764,0.00295963553471323,0.189011521177285,-0.192837513670305,0.0357400625995748,0.166094447599911,0.29522895138355,0.556241873491188,4078.4964504913,1.00037250452538,NA,2413,NA,NA,FALSE,FALSE
"a_spqrt[2414]",-0.0736229786865312,0.00201821012147775,0.189665572329296,-0.460983057802218,-0.193855180967575,-0.0734427552307312,0.0480046339488462,0.302249126257593,8831.69885606986,0.999041127046557,NA,2414,NA,NA,FALSE,FALSE
"a_spqrt[2415]",-0.0285723523094938,0.0020931949282469,0.198579984985116,-0.433476940903298,-0.162750896428358,-0.0251436363083003,0.105683156312813,0.350764528150052,9000.18837716163,0.999379804607465,NA,2415,NA,NA,FALSE,FALSE
"a_spqrt[2416]",-0.028546731721585,0.00253195755416627,0.180582237569018,-0.39192465670322,-0.147053213505624,-0.0274169709029377,0.0938364182754544,0.325048275582655,5086.71280646022,0.999387690334049,NA,2416,NA,NA,FALSE,FALSE
"a_spqrt[2417]",-0.0078359236725891,0.00247170704631455,0.209255558719747,-0.429160079041443,-0.14594047665488,-0.00533136926129767,0.131200956328528,0.385544865292703,7167.37315510264,0.999406146664134,NA,2417,NA,NA,FALSE,FALSE
"a_spqrt[2418]",0.0179837752281504,0.00252965562126582,0.216499253809265,-0.430663899341766,-0.12105801805728,0.0189688322291311,0.158778880322737,0.456257936864758,7324.70273537717,0.999565997337063,NA,2418,NA,NA,FALSE,FALSE
"a_spqrt[2419]",0.0163251942479174,0.00297004558624796,0.205761382347562,-0.398673058116787,-0.115951279226327,0.0191291481489323,0.147957215971776,0.427826884894612,4799.56090868301,1.00001525647922,NA,2419,NA,NA,FALSE,FALSE
"a_spqrt[2420]",0.199435519312852,0.00380999545677752,0.209501122775546,-0.177206376780299,0.0567604130329388,0.186895494879895,0.334240731786251,0.641380797591607,3023.59622206406,1.00064013818876,NA,2420,NA,NA,FALSE,FALSE
"a_spqrt[2421]",0.0403145050823258,0.00252578719960259,0.205231926355076,-0.366255407242645,-0.0903566630112972,0.0379303221238982,0.171019559085867,0.456309784649388,6602.31631144387,0.999187610476843,NA,2421,NA,NA,FALSE,FALSE
"a_spqrt[2422]",-0.0718996350163553,0.00266154400623196,0.201772131818462,-0.478817732289793,-0.201487756652456,-0.0699530740009943,0.06414956173822,0.326872731399213,5747.18348438025,0.999986171928444,NA,2422,NA,NA,FALSE,FALSE
"a_spqrt[2423]",0.166800182084551,0.00300244893186019,0.201834320320067,-0.211350580681322,0.0282165828049079,0.159785532970378,0.293821884764298,0.57786638379667,4518.96288494795,0.999695927583971,NA,2423,NA,NA,FALSE,FALSE
"a_spqrt[2424]",0.0425418418729684,0.00212364095619305,0.167896141329804,-0.290836732937646,-0.0652091361597731,0.0391370332933216,0.147968336295922,0.388520864317733,6250.56455986226,0.99986983099083,NA,2424,NA,NA,FALSE,FALSE
"a_spqrt[2425]",0.0779995397262682,0.00276595184230957,0.182151896318809,-0.27327673967162,-0.0421849344717445,0.0760352072601739,0.192337376826232,0.444104703807636,4336.88758411811,0.999001333480602,NA,2425,NA,NA,FALSE,FALSE
"a_spqrt[2426]",0.0137978459932462,0.00255340365127208,0.17938529309099,-0.347902992054988,-0.102001216007991,0.0154689174316421,0.133102329998008,0.369443762551812,4935.54048761595,0.999364446690089,NA,2426,NA,NA,FALSE,FALSE
"a_spqrt[2427]",0.0934836723791083,0.00242188698153583,0.186673470083079,-0.272663526080609,-0.0242624341921137,0.0875461637629776,0.209293368573922,0.486594637492469,5940.9713208488,0.999475396891615,NA,2427,NA,NA,FALSE,FALSE
"a_spqrt[2428]",-0.028590281544953,0.00239110200245874,0.193916631750523,-0.415441741232508,-0.149329239214439,-0.0288145587184075,0.0947900623527666,0.35720835786141,6577.09192390747,0.999101837297445,NA,2428,NA,NA,FALSE,FALSE
"a_spqrt[2429]",0.0654211984138442,0.00279720301549889,0.20745924167503,-0.339415810819206,-0.0718759900569998,0.0588023860953776,0.197967616734209,0.479798602110238,5500.69540032322,0.999444008381146,NA,2429,NA,NA,FALSE,FALSE
"a_spqrt[2430]",0.0665412802864962,0.00251041737283791,0.194997170750304,-0.295235607060272,-0.0651173253264628,0.0638997664151107,0.195373249421983,0.457552430067617,6033.43664749242,0.999514559146129,NA,2430,NA,NA,FALSE,FALSE
"a_spqrt[2431]",-0.0615890441096892,0.00194756592438389,0.20210625699732,-0.468986712750854,-0.188816424376513,-0.0609229726387913,0.0670509229038546,0.327392744598001,10768.995201525,0.999590171311226,NA,2431,NA,NA,FALSE,FALSE
"a_spqrt[2432]",0.0442230946707604,0.0029213367166255,0.204426779732036,-0.349557984419094,-0.0940112605364552,0.0425997002793653,0.180231593811683,0.445244464945286,4896.79970700944,0.999378683634413,NA,2432,NA,NA,FALSE,FALSE
"a_spqrt[2433]",0.00111051612486758,0.00277908694946177,0.202615237047907,-0.406028305704192,-0.128361913080936,0.00537012425636886,0.128309633506685,0.409857140936038,5315.4487413221,0.999599699684878,NA,2433,NA,NA,FALSE,FALSE
"a_spqrt[2434]",0.0156788459735435,0.00239899725452184,0.202267776955297,-0.386097319298058,-0.116909428049171,0.0165609710320324,0.145965819217395,0.430857338675666,7108.76079509617,0.999277228084166,NA,2434,NA,NA,FALSE,FALSE
"a_spqrt[2435]",0.00150386904721392,0.00282739756910554,0.198481444853174,-0.401520981484247,-0.125432388636318,0.00383472961054371,0.131525371739828,0.399630037431607,4927.94741510939,0.999763349406329,NA,2435,NA,NA,FALSE,FALSE
"a_spqrt[2436]",-0.13948663430346,0.00266554938415924,0.20610162730797,-0.560005803608142,-0.273079088709372,-0.134606540841162,0.00363542520486064,0.245832420805638,5978.4606571921,0.999357334015536,NA,2436,NA,NA,FALSE,FALSE
"a_spqrt[2437]",-0.0173140884040929,0.00228682367930451,0.201890221445179,-0.431647894580135,-0.14637034844419,-0.0116653065664469,0.113805865456898,0.377321558143656,7794.08625513977,0.999290891191602,NA,2437,NA,NA,FALSE,FALSE
"a_spqrt[2438]",0.0286512810864893,0.00223914295423577,0.181367986419693,-0.328992829709213,-0.0887346225934964,0.0252559230776654,0.14584995604978,0.388713975134769,6560.8124092576,0.999137306478832,NA,2438,NA,NA,FALSE,FALSE
"a_spqrt[2439]",0.153680491002615,0.00293013605227943,0.189826196698555,-0.209726431679754,0.0248396342841291,0.150378734082954,0.276807610437048,0.533298680873466,4196.97827182292,1.00021223198075,NA,2439,NA,NA,FALSE,FALSE
"a_spqrt[2440]",0.0535084053669068,0.00240442635468624,0.192133602720796,-0.325629204763064,-0.0708718034587766,0.0512750347214001,0.18180338079328,0.445450635924761,6385.33509566329,0.999383329113282,NA,2440,NA,NA,FALSE,FALSE
"a_spqrt[2441]",-0.113790008593291,0.00286125059980566,0.1966884410479,-0.507303502657837,-0.240682439440348,-0.111383236884658,0.0177922948171652,0.267379392241598,4725.47949291369,1.00000468114409,NA,2441,NA,NA,FALSE,FALSE
"a_spqrt[2442]",-0.0262338206188749,0.00275713222150731,0.207744277370177,-0.443981714698858,-0.162542190039046,-0.024470687311659,0.107738907926017,0.376873134294905,5677.31447654049,0.999222044980094,NA,2442,NA,NA,FALSE,FALSE
"a_spqrt[2443]",0.0516298162543702,0.00280936856555861,0.200163206606387,-0.340872393116199,-0.0755189596664575,0.0508885643203588,0.176101585472399,0.467874669270645,5076.34420568585,0.999108329033161,NA,2443,NA,NA,FALSE,FALSE
"a_spqrt[2444]",-0.104983887163067,0.00277702037566392,0.206102585842849,-0.517850586763612,-0.24084886661796,-0.100692363021758,0.0315850114828863,0.283727439484855,5508.18792346286,0.999173682150404,NA,2444,NA,NA,FALSE,FALSE
"a_spqrt[2445]",-0.133873479188826,0.00304327318530799,0.201848411239149,-0.540067943968569,-0.262432520367484,-0.131547453573919,0.00142247905619419,0.24956420929146,4399.15021712142,0.999880693888972,NA,2445,NA,NA,FALSE,FALSE
"a_spqrt[2446]",-0.0229030896963834,0.00234091176037904,0.193924538004532,-0.407828993336353,-0.150793742328576,-0.0223532423889586,0.103043719217424,0.365118454782066,6862.70679024394,0.999223953565791,NA,2446,NA,NA,FALSE,FALSE
"a_spqrt[2447]",-0.00499797857464302,0.0019125617697801,0.196548677883671,-0.393415329896144,-0.134785820810721,-0.00584718237354679,0.130010310505884,0.383935739496503,10561.1038412265,0.999019588471667,NA,2447,NA,NA,FALSE,FALSE
"a_spqrt[2448]",-0.0160439411865768,0.00227382765553302,0.199658438611282,-0.413903191438614,-0.145005905679338,-0.0154026308147852,0.11379369956359,0.390132869209865,7710.10428660287,0.998903366997368,NA,2448,NA,NA,FALSE,FALSE
"a_spqrt[2449]",-0.0482404847474772,0.00262254814952223,0.206053264099794,-0.463711907877824,-0.181973827556661,-0.0427981742964751,0.0831409151448323,0.362648350789102,6173.22428745253,0.999337689629403,NA,2449,NA,NA,FALSE,FALSE
"a_spqrt[2450]",0.0184199899386421,0.00297919075310483,0.210356008020101,-0.391622753682192,-0.119278085624249,0.0200403080836316,0.155657657898724,0.439024664306456,4985.55163242649,0.999362260356402,NA,2450,NA,NA,FALSE,FALSE
"a_spqrt[2451]",0.0117857357910714,0.00236600151514785,0.203852831196707,-0.407982797449507,-0.120541630119857,0.00974269821085577,0.145256331875142,0.422617151431235,7423.41018104167,0.998895373324921,NA,2451,NA,NA,FALSE,FALSE
"a_spqrt[2452]",-0.0119850651311843,0.00251743820139026,0.2029112323166,-0.432333442897037,-0.138312158994471,-0.00938888462897607,0.115477658868797,0.394895548690349,6496.72584589616,0.999532673362068,NA,2452,NA,NA,FALSE,FALSE
"a_spqrt[2453]",0.0963836419859996,0.00258558191681939,0.20938661807535,-0.299892893304428,-0.0444757489488438,0.0861134690579944,0.240568241685573,0.517394669470216,6558.14842413064,0.999766798603973,NA,2453,NA,NA,FALSE,FALSE
"a_spqrt[2454]",0.0380226869390843,0.00227652716501925,0.192667361587459,-0.3618369092993,-0.0841000419729503,0.0361953852408484,0.161458832278872,0.434545406628854,7162.59881195402,1.00086057128016,NA,2454,NA,NA,FALSE,FALSE
"a_spqrt[2455]",-0.0496965506492862,0.00253753461030641,0.202635300966622,-0.458525636155476,-0.183963340574676,-0.0456020601990275,0.0868690408135485,0.335896767076748,6376.85089971919,0.999481993718305,NA,2455,NA,NA,FALSE,FALSE
"a_spqrt[2456]",0.0519628682213645,0.00278114336309443,0.207418518823878,-0.362521411914293,-0.0878702366072716,0.0560815588802075,0.186761681963364,0.46103895667235,5562.2218164241,0.99956124873833,NA,2456,NA,NA,FALSE,FALSE
"a_spqrt[2457]",0.211202209142724,0.0033868499861557,0.215235817524027,-0.187992098661701,0.0690459306404177,0.204613548043843,0.350651531197965,0.659247536590816,4038.65882535925,1.0003410574007,NA,2457,NA,NA,FALSE,FALSE
"a_spqrt[2458]",0.222195272514997,0.00391207312336427,0.212324730557923,-0.166908021300662,0.0783978256387266,0.209731867330411,0.356763084122491,0.660815376086778,2945.69132299038,1.00102139791815,NA,2458,NA,NA,FALSE,FALSE
"a_spqrt[2459]",-0.317161359915971,0.00458787712220741,0.22112109030842,-0.77641875847182,-0.457580930467911,-0.304114044160798,-0.164246072722879,0.0837153487573321,2322.93350995103,0.999951303921776,NA,2459,NA,NA,FALSE,FALSE
"a_spqrt[2460]",0.0275036210898854,0.00241838824262921,0.195477025439403,-0.348569583476869,-0.107816860122019,0.0257310264824333,0.160996634818225,0.427675631428566,6533.40225345392,0.99930606115189,NA,2460,NA,NA,FALSE,FALSE
"a_spqrt[2461]",-0.107987458305444,0.00263347463648199,0.194185759680476,-0.488466783056373,-0.233392274381229,-0.103185804370709,0.0214134513419375,0.259403945662382,5437.21463192025,0.999505501497103,NA,2461,NA,NA,FALSE,FALSE
"a_spqrt[2462]",0.00282110978781162,0.0025668625502749,0.198268433685681,-0.394395790606255,-0.126473304953763,0.00525528078908691,0.136899903128933,0.383962318947467,5966.25654480172,0.999253017022706,NA,2462,NA,NA,FALSE,FALSE
"a_spqrt[2463]",-0.00193665486438725,0.0025802399317515,0.19733437156388,-0.39219227375702,-0.132696759594969,-0.00084907726249661,0.124954936589305,0.391460168288536,5849.04940520832,1.00016602394592,NA,2463,NA,NA,FALSE,FALSE
"a_spqrt[2464]",0.00229657864190368,0.00234411819362535,0.19993316932378,-0.380354286749961,-0.129156443097062,0.00184831491781133,0.132830388499769,0.405594157485565,7274.62632136945,0.999361677566876,NA,2464,NA,NA,FALSE,FALSE
"a_spqrt[2465]",-0.0133290391935639,0.00201640987473452,0.183758609038779,-0.376329511454491,-0.135872610840744,-0.0159196256487363,0.111897731305108,0.34322132612701,8304.96408027119,0.999216931297913,NA,2465,NA,NA,FALSE,FALSE
"a_spqrt[2466]",0.0303445739409588,0.00204515657763127,0.176661550371471,-0.318820203237386,-0.0901078328411491,0.0326564799915895,0.148237666995503,0.374793582059358,7461.58255402811,0.999533906033814,NA,2466,NA,NA,FALSE,FALSE
"a_spqrt[2467]",-0.0282490622438473,0.00221077951576831,0.18104936684324,-0.390329095096215,-0.147721686068479,-0.0251758524581797,0.0923525880794578,0.327190474286931,6706.61161709985,0.99956417127771,NA,2467,NA,NA,FALSE,FALSE
"a_spqrt[2468]",0.00502762463424554,0.0025011960491469,0.189655845687406,-0.374048591353254,-0.122693179228414,0.0076352030995748,0.129448506108728,0.373276800818757,5749.59161722836,0.999221815313856,NA,2468,NA,NA,FALSE,FALSE
"a_spqrt[2469]",-0.00247964523631133,0.00202083736634424,0.186498776736217,-0.363958700184822,-0.124008159994017,-0.00417626377498756,0.115687065587574,0.371628600014735,8517.05100210261,0.999106743426763,NA,2469,NA,NA,FALSE,FALSE
"a_spqrt[2470]",0.0176209900901036,0.00235611854471822,0.188551096755569,-0.348796993353793,-0.109417610956059,0.0169242699224943,0.144450763008704,0.390620080719903,6404.18472989073,1.00033518251008,NA,2470,NA,NA,FALSE,FALSE
"a_spqrt[2471]",-0.0059261847297677,0.00252647463353329,0.175479597426647,-0.350482341349813,-0.121582737046973,-0.00545588676336051,0.113288523047887,0.333429441580186,4824.17856295779,0.999540615592806,NA,2471,NA,NA,FALSE,FALSE
"a_spqrt[2472]",0.00236385361553702,0.00269382311709386,0.200694340540863,-0.384226387527126,-0.134874560591246,0.00000232828764468499,0.133307310732275,0.407511945025662,5550.49991873537,0.99962184697288,NA,2472,NA,NA,FALSE,FALSE
"a_spqrt[2473]",0.00785962406835016,0.00270919193688687,0.206200605766048,-0.406197678362595,-0.12627408318608,0.00840557800072613,0.138342205838891,0.415357394960206,5792.95726673546,0.999224485291586,NA,2473,NA,NA,FALSE,FALSE
"a_spqrt[2474]",0.0282604931528406,0.0026333955271728,0.206987305363088,-0.380311918800914,-0.103626642331482,0.0293019505489794,0.162186831951068,0.43000937307481,6178.10427881678,0.999246993512665,NA,2474,NA,NA,FALSE,FALSE
"a_spqrt[2475]",0.00753259271334273,0.00259133306738975,0.209011931452069,-0.40781966823445,-0.128771097071805,0.00690068584155422,0.13810822369726,0.437667526566093,6505.72472359098,0.999362182664061,NA,2475,NA,NA,FALSE,FALSE
"a_spqrt[2476]",0.00656942678566952,0.00246242146624774,0.195331124718293,-0.375532139666104,-0.123287237575357,0.00631374476030557,0.133471898076692,0.380331973362553,6292.42611088912,1.00058053170314,NA,2476,NA,NA,FALSE,FALSE
"a_spqrt[2477]",0.00774350711012539,0.002755820871449,0.198245366788579,-0.390846952211576,-0.125612222438838,0.00962136360058331,0.137880930873862,0.409982609479933,5174.92574375772,0.999407308361629,NA,2477,NA,NA,FALSE,FALSE
"a_spqrt[2478]",-0.0363962413186822,0.00212050533792932,0.183767247627016,-0.399410861417908,-0.162268700424706,-0.0369727635149156,0.0825572134900938,0.32962836423744,7510.30339088501,0.998909037548346,NA,2478,NA,NA,FALSE,FALSE
"a_spqrt[2479]",0.00460134166969482,0.0023379102776438,0.185634646938569,-0.368825840293215,-0.114919938476007,0.00591332247937923,0.127043834061322,0.378494839968362,6304.6704767772,0.999935360181348,NA,2479,NA,NA,FALSE,FALSE
"a_spqrt[2480]",0.00931311765493847,0.00219278256383248,0.181428231356262,-0.351756221335069,-0.112243916145869,0.0118428655915413,0.132194252597227,0.368772458341889,6845.71154323117,1.00015535103863,NA,2480,NA,NA,FALSE,FALSE
"a_spqrt[2481]",0.0224134878254287,0.00245227263036549,0.191379579266261,-0.351356461084153,-0.1049210122711,0.021750090959532,0.146959224285988,0.406060512282635,6090.51039685246,1.00003401367241,NA,2481,NA,NA,FALSE,FALSE
"a_spqrt[2482]",0.0239943722434642,0.00222390153262295,0.197756559868369,-0.358957843908998,-0.106138447834534,0.0245321075482161,0.154025156875482,0.415254823630045,7907.34502293359,0.999440588567599,NA,2482,NA,NA,FALSE,FALSE
"a_spqrt[2483]",-0.0110499419204604,0.00244984921332294,0.195359589033437,-0.388204209833696,-0.140349714337695,-0.0159355891771586,0.122816714992995,0.381759261920428,6359.02828501099,0.999689851139908,NA,2483,NA,NA,FALSE,FALSE
"a_spqrt[2484]",0.00687816690742268,0.00286847682492455,0.19532966398479,-0.390322638622874,-0.121258728526343,0.00878747079937834,0.13685086515099,0.38189522122454,4636.96390212041,1.00062991489798,NA,2484,NA,NA,FALSE,FALSE
"a_spqrt[2485]",-0.0325396960980354,0.00240970712154773,0.207683480603844,-0.459639541765307,-0.160762571130373,-0.0344367037851605,0.0981308643627013,0.382130673377322,7428.05968876868,0.999532897659532,NA,2485,NA,NA,FALSE,FALSE
"a_spqrt[2486]",0.00610174733270504,0.00239828746583016,0.195691886084982,-0.382380308464694,-0.127439042513124,0.00380830930770452,0.142930165672265,0.379621873548096,6657.99036909149,0.999201659582853,NA,2486,NA,NA,FALSE,FALSE
"a_spqrt[2487]",-0.00834771527673337,0.00279499953051383,0.205352053111006,-0.423494094376215,-0.141365550984948,-0.00846362671895862,0.124285067866405,0.392571122527307,5398.02162481836,0.999288134736459,NA,2487,NA,NA,FALSE,FALSE
"a_spqrt[2488]",0.0270692849450107,0.00274993848196743,0.205402691716961,-0.376686142715627,-0.107058271711789,0.0248726857749046,0.156629542407955,0.449260820017185,5579.12772717296,1.00019819227511,NA,2488,NA,NA,FALSE,FALSE
"a_spqrt[2489]",-0.00282090801547496,0.00235306596020685,0.201908727315042,-0.407046290249206,-0.135896959343182,0.000669882167320834,0.126550855282134,0.39951752663301,7362.78264582357,0.999546737940241,NA,2489,NA,NA,FALSE,FALSE
"a_spqrt[2490]",-0.00908911509019058,0.00199017726407566,0.187407793723351,-0.399524493957604,-0.131148842058524,-0.00712845743742572,0.113781547832345,0.359818544819675,8867.30761505277,0.999594662691081,NA,2490,NA,NA,FALSE,FALSE
"a_spqrt[2491]",-0.0227072624326485,0.00225163868601088,0.191586041583061,-0.407294130123601,-0.144367355493762,-0.0241055325582156,0.103245199047903,0.348864335271698,7239.86261948521,0.999218966137969,NA,2491,NA,NA,FALSE,FALSE
"a_spqrt[2492]",-0.0136207431000043,0.00218177538801961,0.191456747478745,-0.400834766557038,-0.141102854220022,-0.0134573035392878,0.113348061335426,0.357853782545785,7700.54169752215,0.999076095658748,NA,2492,NA,NA,FALSE,FALSE
"a_spqrt[2493]",-0.000307846641384403,0.00250800324946645,0.200185025979975,-0.391387869497155,-0.136269541689213,-0.000741570748491003,0.130748988552569,0.3929144768393,6370.99094439931,0.999431282454734,NA,2493,NA,NA,FALSE,FALSE
"a_spqrt[2494]",-0.00677979191898017,0.00247936541526009,0.205874382334958,-0.413201260473861,-0.143209191272728,-0.00581076859557516,0.127873904793738,0.390381354517509,6894.82965002623,0.999300405717,NA,2494,NA,NA,FALSE,FALSE
"a_spqrt[2495]",0.0263846164809862,0.00236006588188535,0.201858593495929,-0.366711895606449,-0.109130255977575,0.0245399873243169,0.16075234425312,0.419115919461855,7315.53735970703,0.999310717368651,NA,2495,NA,NA,FALSE,FALSE
"a_spqrt[2496]",0.0848682931728304,0.0023352619702114,0.196288895442956,-0.292091357097695,-0.0467244372646432,0.0802180699840146,0.211663312387121,0.464719635792031,7065.13148324256,0.998976803673126,NA,2496,NA,NA,FALSE,FALSE
"a_spqrt[2497]",0.0343397001478998,0.00267836724305769,0.195923202381769,-0.342843202717142,-0.0989813394713789,0.0336784425880581,0.165528212289924,0.425403425609634,5350.95737957993,0.999669175978696,NA,2497,NA,NA,FALSE,FALSE
"a_spqrt[2498]",-0.0260354166029847,0.00240667089796906,0.201202010187319,-0.429736671200091,-0.160461987167904,-0.0215500098902683,0.116091173490476,0.350674448405621,6989.26034557123,0.999227651781383,NA,2498,NA,NA,FALSE,FALSE
"a_spqrt[2499]",0.0439682372549291,0.00295813714683347,0.207430718841014,-0.362478311806009,-0.0934420866512429,0.0407672694763456,0.182027912796889,0.462464987237367,4917.10559054418,0.999544734733819,NA,2499,NA,NA,FALSE,FALSE
"a_spqrt[2500]",-0.0115475449056843,0.00233228354034922,0.200625467313453,-0.415349014192076,-0.142741166495589,-0.0135417961749787,0.116486133799633,0.396152105901434,7399.62017819413,0.999288108120465,NA,2500,NA,NA,FALSE,FALSE
"a_spqrt[2501]",0.0205960620284988,0.00253548835600712,0.209985981368389,-0.392770073189813,-0.113982561676404,0.0159028061289144,0.158233775601204,0.450172525509976,6858.94568370952,0.999228702955035,NA,2501,NA,NA,FALSE,FALSE
"a_spqrt[2502]",0.00468318737032818,0.00264742741157621,0.198339398626734,-0.39443133922576,-0.122731998641347,0.00563210956757208,0.136239826935041,0.3830394747742,5612.67456608177,0.99943290111972,NA,2502,NA,NA,FALSE,FALSE
"a_spqrt[2503]",-0.0258440808147783,0.00264712998585744,0.206301153200442,-0.445565614842611,-0.154712048748164,-0.0304240936156592,0.105577856792681,0.390673567750073,6073.69215658169,0.99947744432921,NA,2503,NA,NA,FALSE,FALSE
"a_spqrt[2504]",0.0372785750062439,0.00260264007102386,0.206136914689619,-0.36715453934622,-0.101780427366554,0.0359756278574103,0.174955356584491,0.435209543068024,6273.1160090102,0.999046943394291,NA,2504,NA,NA,FALSE,FALSE
"a_spqrt[2505]",-0.000127293703953705,0.00249551829132114,0.201519341552001,-0.413166636638997,-0.127955088579898,0.00206421995881881,0.128263919113014,0.405361510496474,6520.9663036295,0.999480923293429,NA,2505,NA,NA,FALSE,FALSE
"a_spqrt[2506]",0.00219529363143961,0.00243636620893944,0.202953825296506,-0.412628437533652,-0.131285778170513,0.00524893965242744,0.13442806059221,0.407841840407885,6939.19908969494,0.999326800927288,NA,2506,NA,NA,FALSE,FALSE
"a_spqrt[2507]",0.060656772903518,0.00255674294501479,0.205124964074999,-0.339981884321264,-0.0712326908810877,0.0579429214530469,0.191083065667041,0.483424449278549,6436.69459609858,0.999789274977245,NA,2507,NA,NA,FALSE,FALSE
"a_spqrt[2508]",0.0289329472431887,0.0023214004415544,0.200585481335252,-0.358302915826804,-0.106302349567928,0.0252209573548953,0.162399977786634,0.420222153525655,7466.18702285575,0.999109534567897,NA,2508,NA,NA,FALSE,FALSE
"a_spqrt[2509]",0.0212336776982158,0.00232359474470977,0.195770506733275,-0.351169329783691,-0.109517758809749,0.0177377505807262,0.153378108555402,0.415809504723157,7098.6172286159,0.998919626904483,NA,2509,NA,NA,FALSE,FALSE
"a_spqrt[2510]",0.0191862093556577,0.00243213638842584,0.193265467977179,-0.356963403361881,-0.11113055830435,0.0159763232397908,0.146762984137485,0.407612308017664,6314.40849979059,0.999529017168759,NA,2510,NA,NA,FALSE,FALSE
"a_spqrt[2511]",0.00649399724683709,0.00240552255881735,0.196515590010266,-0.373457239308207,-0.126937483527629,0.00140755814719491,0.139785477981844,0.394264863255403,6673.83017357886,0.99934307014801,NA,2511,NA,NA,FALSE,FALSE
"a_spqrt[2512]",0.00162120078400065,0.0025484218614635,0.20472209629496,-0.40200166739392,-0.134407120514279,0.00139607597299524,0.133751431914776,0.40892771425101,6453.37341903614,0.999671969770815,NA,2512,NA,NA,FALSE,FALSE
"a_spqrt[2513]",0.000398989059696807,0.00259778956000598,0.204587492068007,-0.391601443318238,-0.136891057035468,-0.00496473333495112,0.135315387408096,0.407732408358928,6202.26364060383,0.998855300368575,NA,2513,NA,NA,FALSE,FALSE
"a_spqrt[2514]",0.019178518040784,0.00238996751219255,0.175889012336176,-0.32202826446373,-0.0925218999363726,0.0206850143195256,0.128606734189351,0.36630945853311,5416.1841955562,0.999453124648809,NA,2514,NA,NA,FALSE,FALSE
"a_spqrt[2515]",0.00095819524060097,0.00229933083727079,0.183991634741658,-0.354210143984621,-0.124627221685136,0.00235428986771548,0.124613345839574,0.362003418054418,6403.14340535588,0.999164669952101,NA,2515,NA,NA,FALSE,FALSE
"a_spqrt[2516]",0.0178923552700888,0.00211777666655567,0.181893500588602,-0.336008865068296,-0.102547882191828,0.0163771317633349,0.136664608449298,0.377710813837337,7376.90251478968,0.999519642352613,NA,2516,NA,NA,FALSE,FALSE
"a_spqrt[2517]",0.00533628263479116,0.00245946651996911,0.182856393892275,-0.364269520452594,-0.108521377149111,0.00848141975005226,0.121624016918555,0.377121397807296,5527.62371741816,0.998826253337194,NA,2517,NA,NA,FALSE,FALSE
"a_spqrt[2518]",0.0216343921773539,0.00252151008789908,0.204165660905625,-0.390120294075565,-0.10761330704812,0.0195749548260911,0.153881116023566,0.434192618156411,6556.0759759634,0.999182492523697,NA,2518,NA,NA,FALSE,FALSE
"a_spqrt[2519]",0.0357274695337926,0.00241796571809265,0.195563965647768,-0.348896495386438,-0.0877062927580736,0.0357573208822978,0.159840424362452,0.428472451015934,6541.50070192452,0.999217132480072,NA,2519,NA,NA,FALSE,FALSE
"a_spqrt[2520]",0.0346969461524643,0.00244577028130518,0.195793293297831,-0.345020172816953,-0.0986057786764173,0.0308223240424678,0.165536054227326,0.418227122858121,6408.61667825182,0.999060955370409,NA,2520,NA,NA,FALSE,FALSE
"a_spqrt[2521]",-0.0499033452556752,0.0024423262695886,0.206821407629918,-0.45549715794376,-0.182254995739663,-0.0472208574812477,0.0842481315284205,0.360091120330295,7171.0643178661,0.999554120574463,NA,2521,NA,NA,FALSE,FALSE
"a_spqrt[2522]",-0.000305777242576141,0.0022444731876582,0.188152254594531,-0.388793307202221,-0.120657491653141,0.000612289266698826,0.120027757012378,0.373435306510681,7027.32452789424,0.999428752307395,NA,2522,NA,NA,FALSE,FALSE
"a_spqrt[2523]",0.0198245453644213,0.00224626135025174,0.191192919481818,-0.368695000918058,-0.104647384957669,0.0219037782159386,0.144897897536577,0.402755861522817,7244.74394412079,0.999095024907218,NA,2523,NA,NA,FALSE,FALSE
"a_spqrt[2524]",0.0181797472610034,0.00232182890004297,0.190133301383568,-0.352606594740511,-0.107700250605504,0.0157510284864877,0.144622624426229,0.397462459168495,6705.88271010942,0.99933140556279,NA,2524,NA,NA,FALSE,FALSE
"a_spqrt[2525]",0.0347720117283954,0.0024643349739129,0.183522505209488,-0.326150432247464,-0.0880593097788713,0.0353628789964442,0.156902187432886,0.391888555070055,5545.99120897331,0.999361270839198,NA,2525,NA,NA,FALSE,FALSE
"a_spqrt[2526]",-0.0266471524749064,0.0025336905809973,0.210545719905666,-0.451662067658972,-0.159414007272479,-0.0248306439922405,0.111017873026208,0.393170884025081,6905.34975845654,0.999302318878248,NA,2526,NA,NA,FALSE,FALSE
"a_spqrt[2527]",-0.0167466975509138,0.00239780628662855,0.209173304900492,-0.441121354158491,-0.153198115436494,-0.0147720929784337,0.117017405412119,0.394835342907865,7609.99422953007,0.999347756654362,NA,2527,NA,NA,FALSE,FALSE
"a_spqrt[2528]",-0.00871247189609148,0.00255368046068347,0.204352886914636,-0.423043360784509,-0.14361575158986,-0.00860870076734395,0.124312536762598,0.393382651173414,6403.66269295433,0.999004814968956,NA,2528,NA,NA,FALSE,FALSE
"a_spqrt[2529]",0.022865126526812,0.00243575682337416,0.198254410668178,-0.366382594602558,-0.10759288381715,0.0179441084386788,0.157776075166324,0.411882931032389,6624.87762661657,0.999154718883814,NA,2529,NA,NA,FALSE,FALSE
"a_spqrt[2530]",0.0107035000972778,0.00262809033002842,0.208277040482831,-0.400065258604752,-0.12603026381436,0.00746471189078998,0.151032213887378,0.427663117824152,6280.61568312114,0.999403250270364,NA,2530,NA,NA,FALSE,FALSE
"a_spqrt[2531]",-0.096158345857546,0.00261110299012012,0.190875927501162,-0.482706605896096,-0.225744019774277,-0.0900128073063106,0.0304132445045573,0.263306003191512,5343.85070658203,0.999375130866556,NA,2531,NA,NA,FALSE,FALSE
"a_spqrt[2532]",0.0142656718425006,0.00224904192255449,0.19431841240331,-0.366415724509447,-0.109544105733879,0.0117517003781343,0.139648924769441,0.4078167622677,7465.05145384758,0.998956363732126,NA,2532,NA,NA,FALSE,FALSE
"a_spqrt[2533]",0.013945764899931,0.00222440476424728,0.186525104473145,-0.343973441032111,-0.113237634200647,0.0134000755606028,0.13477045506052,0.392922646431795,7031.48331657147,0.999891035794364,NA,2533,NA,NA,FALSE,FALSE
"a_spqrt[2534]",0.0184797787195683,0.00253809779838019,0.199048460151731,-0.376755512638461,-0.110557582759157,0.0135646828722602,0.151897453719719,0.432662153369778,6150.36570018362,0.999175005461635,NA,2534,NA,NA,FALSE,FALSE
"a_spqrt[2535]",-0.0577745982528345,0.0020289612090469,0.194721940692253,-0.452343071134157,-0.186673992614144,-0.0559049288817958,0.0693267126922987,0.317840472217651,9210.48056721382,0.999281618307373,NA,2535,NA,NA,FALSE,FALSE
"a_spqrt[2536]",0.00612298805336787,0.00240965419816497,0.192820997750094,-0.370441143034704,-0.124860301876723,0.00758166458889547,0.135874579592487,0.370112579376498,6403.23153679678,0.999284055748066,NA,2536,NA,NA,FALSE,FALSE
"a_spqrt[2537]",0.013003493577452,0.00246921228106745,0.199977449836461,-0.366863927367661,-0.119165892080708,0.0100955163712728,0.145517452015189,0.415178335507856,6559.11423907667,0.999147793569997,NA,2537,NA,NA,FALSE,FALSE
"a_spqrt[2538]",0.0347223426131492,0.00203364132677401,0.177346386571533,-0.323673724725979,-0.0818143779745827,0.0358503796400501,0.149790017894911,0.398545962912201,7604.94312819161,0.998991762438638,NA,2538,NA,NA,FALSE,FALSE
"a_spqrt[2539]",0.0245546804674066,0.00206024573981778,0.184914415267351,-0.326468747891215,-0.100619815523365,0.022814793060465,0.149298596305851,0.388075174794271,8055.70376699829,0.999078951650456,NA,2539,NA,NA,FALSE,FALSE
"a_spqrt[2540]",0.0339185918820275,0.00249059412678749,0.1918201671079,-0.341187643679755,-0.0937407977685343,0.0285419993867677,0.166908680705534,0.418616528850956,5931.74688328737,0.999495728503341,NA,2540,NA,NA,FALSE,FALSE
"a_spqrt[2541]",0.026250361290192,0.00261625865162469,0.195411599272085,-0.361542818282248,-0.102408514813881,0.025344453212187,0.153566354834977,0.421916689477368,5578.78112841378,0.999247640863228,NA,2541,NA,NA,FALSE,FALSE
"a_spqrt[2542]",0.00687826964490101,0.00238208230243872,0.199412124586728,-0.392529256455513,-0.120015674330118,0.00185230409593553,0.132465046671841,0.408762063473095,7007.92743341972,0.999662445062863,NA,2542,NA,NA,FALSE,FALSE
"a_spqrt[2543]",0.000621318747109103,0.00228440366118334,0.202377849466915,-0.399587727353073,-0.132269449355476,0.000397097468537678,0.133102912513319,0.404510725024239,7848.38426181,0.999135757428766,NA,2543,NA,NA,FALSE,FALSE
"a_spqrt[2544]",0.0545014745922038,0.00276576833947881,0.197578423704728,-0.326840452490312,-0.0737525091698248,0.0518098080340352,0.179329058408408,0.454692944553875,5103.25689359928,0.999611527739658,NA,2544,NA,NA,FALSE,FALSE
"a_spqrt[2545]",0.0249779255375872,0.00224780411721562,0.196290522840762,-0.358309214745888,-0.10160209093994,0.0190871090190736,0.15282444585027,0.41486949221841,7625.73552249689,0.999229015574215,NA,2545,NA,NA,FALSE,FALSE
"a_spqrt[2546]",0.0033803232237337,0.00237509803054506,0.197920949384,-0.398584742599483,-0.127191646934963,0.00590406928422188,0.132309195614307,0.388285974471572,6944.17172190507,0.999362918470314,NA,2546,NA,NA,FALSE,FALSE
"a_spqrt[2547]",-0.00801498623356076,0.0025635148788343,0.204893258635608,-0.411574573062018,-0.146789713918911,-0.00765373341031261,0.131251069965172,0.395960394411299,6388.27574970204,0.999363311603333,NA,2547,NA,NA,FALSE,FALSE
"a_spqrt[2548]",-0.0168604988586836,0.00264800838048577,0.204132347080646,-0.433106707674681,-0.146892886471249,-0.0149555802326222,0.115083904165562,0.377168452902693,5942.71561167642,0.999110322355703,NA,2548,NA,NA,FALSE,FALSE
"a_spqrt[2549]",0.00758521749083152,0.00241260734547842,0.207555615956162,-0.401704513437078,-0.133487992463387,0.0127487509196175,0.142676398997742,0.413454521503494,7401.0900127962,0.999197336956961,NA,2549,NA,NA,FALSE,FALSE
"a_spqrt[2550]",0.0223696171747348,0.00221535953306674,0.200332008022822,-0.371776895515298,-0.110001974736192,0.0215590380885162,0.154838133332576,0.410318393530507,8177.34369472414,0.999254665305185,NA,2550,NA,NA,FALSE,FALSE
"a_spqrt[2551]",0.0109723942366055,0.00250764821382903,0.203353652788403,-0.379907539820768,-0.124060986250326,0.0126171002968068,0.142570488639418,0.415762782794368,6576.13519830118,0.999870413074487,NA,2551,NA,NA,FALSE,FALSE
"a_spqrt[2552]",0.053283006131414,0.00251081042427592,0.205351984743205,-0.33100835526141,-0.0812969945967809,0.0501748548163106,0.186226926410721,0.480349582033596,6689.13503544336,0.999576120748161,NA,2552,NA,NA,FALSE,FALSE
"a_spqrt[2553]",0.0273884689000963,0.00271750763931058,0.200016261810175,-0.361536338209405,-0.103707136278076,0.0244257345413515,0.160643216800793,0.42649555602383,5417.377072091,0.999337772394982,NA,2553,NA,NA,FALSE,FALSE
"a_spqrt[2554]",0.0135047212419216,0.00252337626987382,0.198193220844647,-0.372072192388246,-0.118029908987474,0.0123123598562775,0.146425064487493,0.411679291913534,6168.98283365052,0.999384542468271,NA,2554,NA,NA,FALSE,FALSE
"a_spqrt[2555]",-0.036219519224436,0.00234133086379289,0.201524497990136,-0.448401517738864,-0.166559173467385,-0.0356825236390714,0.0973902589545445,0.354056282781651,7408.49710892466,0.998855821421553,NA,2555,NA,NA,FALSE,FALSE
"a_spqrt[2556]",-0.113796326238489,0.00286111914141647,0.197973331089906,-0.528198768037779,-0.238078491179366,-0.105551103291902,0.015278561837012,0.25884918365741,4787.8605787307,1.00030464126611,NA,2556,NA,NA,FALSE,FALSE
"a_spqrt[2557]",0.0466664879128193,0.00251839917834332,0.196349046655086,-0.332740729982555,-0.0836918146673197,0.0477637022038136,0.172073520039849,0.444938157744082,6078.66844608342,0.999296101158046,NA,2557,NA,NA,FALSE,FALSE
"a_spqrt[2558]",0.0163495113174765,0.00283245666707037,0.20278584612504,-0.384338371558128,-0.119634138964856,0.0161766403844935,0.152374485360286,0.410457155562135,5125.6474274772,0.999661234287783,NA,2558,NA,NA,FALSE,FALSE
"a_spqrt[2559]",-0.0822164490509828,0.00203512140250252,0.179003343400966,-0.42871185692613,-0.203452099369024,-0.079601232004204,0.0383160365282892,0.254940943397044,7736.44856102756,0.999586495491217,NA,2559,NA,NA,FALSE,FALSE
"a_spqrt[2560]",-0.0565250186716679,0.00248879997619085,0.176176804402154,-0.409878378145751,-0.171207874209259,-0.0523327786885757,0.0609463672243105,0.286902853816395,5010.91999247775,0.99975392628608,NA,2560,NA,NA,FALSE,FALSE
"a_spqrt[2561]",-0.00695858701392778,0.00209467611206801,0.181798141593646,-0.361260850770007,-0.130679705916921,-0.00336140648331383,0.116830931350971,0.344083982412351,7532.6036924213,0.999152277088809,NA,2561,NA,NA,FALSE,FALSE
"a_spqrt[2562]",-0.0562754524762853,0.00253804835664763,0.175509445186107,-0.40628039010608,-0.170663180064119,-0.0529171542355401,0.0623278307550998,0.274148760885312,4781.90784227512,1.00049139048611,NA,2562,NA,NA,FALSE,FALSE
"a_spqrt[2563]",0.020954790157457,0.00268681801197584,0.195966498345115,-0.371422405404025,-0.104683449208363,0.0195635983560503,0.147233625442192,0.41184795783878,5319.70026238192,0.999118860188264,NA,2563,NA,NA,FALSE,FALSE
"a_spqrt[2564]",-0.0392560268897564,0.00262282513665772,0.198246278216029,-0.430630638677484,-0.165866723888772,-0.0384892573870542,0.0905932716939968,0.367118660321226,5713.09454553978,0.999260079065042,NA,2564,NA,NA,FALSE,FALSE
"a_spqrt[2565]",-0.0595433261261703,0.00269926161065749,0.202999520500022,-0.480177672919397,-0.19339623743269,-0.0565669775937304,0.0750798817016579,0.336655254649159,5655.87845508445,1.00003284802253,NA,2565,NA,NA,FALSE,FALSE
"a_spqrt[2566]",0.00150310003628494,0.00252352076850679,0.202509516228174,-0.401799434169513,-0.129714652222316,0.007377703769427,0.129968526953925,0.404192875461231,6439.87007827697,0.999036671663443,NA,2566,NA,NA,FALSE,FALSE
"a_spqrt[2567]",-0.137590973093971,0.00292948114073252,0.192446375018206,-0.529845269778941,-0.266403880524522,-0.130592948059935,-0.00875640215596087,0.230673100062436,4315.56892324941,0.99912475705608,NA,2567,NA,NA,FALSE,FALSE
"a_spqrt[2568]",0.0382990334070581,0.00260504471752197,0.186324302218752,-0.335351814694429,-0.0878819865176275,0.0341079104617905,0.163944302189439,0.409008082375521,5115.74209205436,1.00040188522642,NA,2568,NA,NA,FALSE,FALSE
"a_spqrt[2569]",0.0145498810212964,0.0023483400681763,0.191878904255447,-0.361198907549809,-0.112522235809168,0.0140076072790504,0.139872456169718,0.397831296277752,6676.24833915682,0.999548874592152,NA,2569,NA,NA,FALSE,FALSE
"a_spqrt[2570]",-0.000433458781976691,0.00193534708518755,0.180737722325589,-0.359363515858592,-0.121430083449039,-0.00000227603958738345,0.119792627504688,0.361471248207394,8721.27306324526,0.999205912946302,NA,2570,NA,NA,FALSE,FALSE
"a_spqrt[2571]",-0.0256067959074441,0.00263466502425825,0.203713199675583,-0.447632636467894,-0.15439087024148,-0.0233099535405129,0.110757388192374,0.367373930893416,5978.43522504461,0.999951373362999,NA,2571,NA,NA,FALSE,FALSE
"a_spqrt[2572]",-0.0148030333438499,0.00242262766524447,0.20256249644654,-0.427577613314707,-0.143248078993978,-0.0110987147996673,0.112986790073479,0.383368007095817,6991.08748477093,0.998873793819703,NA,2572,NA,NA,FALSE,FALSE
"a_spqrt[2573]",0.00302913006023939,0.00299847711377133,0.205729485558469,-0.399625654344189,-0.132280203082802,0.00488425725759415,0.140975749257461,0.396018905002487,4707.51381759482,0.999126689674008,NA,2573,NA,NA,FALSE,FALSE
"a_spqrt[2574]",0.0218464089079888,0.00234541096653579,0.214362572666104,-0.384985531417644,-0.123936705650592,0.016631116801434,0.166367824504452,0.446347218007512,8353.33730084718,0.9990200682125,NA,2574,NA,NA,FALSE,FALSE
"a_spqrt[2575]",0.00996608835106665,0.0023668257763013,0.184122626326706,-0.338546133303845,-0.114552187577608,0.0062330873335096,0.133732301058639,0.364713254729077,6051.760624685,0.9992826470352,NA,2575,NA,NA,FALSE,FALSE
"a_spqrt[2576]",-0.0301146761118819,0.00231134359247832,0.192112377803255,-0.4250132590206,-0.154576596616998,-0.0308208426056949,0.0968247139060016,0.341134099692432,6908.46678960743,0.999174046998481,NA,2576,NA,NA,FALSE,FALSE
"a_spqrt[2577]",0.0140699023796575,0.00215710514117668,0.166853421679259,-0.312334036305982,-0.0943293960968718,0.0149669080331904,0.120238142591897,0.349386076495983,5983.11852942251,0.999619328139936,NA,2577,NA,NA,FALSE,FALSE
"a_spqrt[2578]",-0.0127539518051692,0.00224733067655754,0.179581596864077,-0.381302850000114,-0.129233504342585,-0.0137094753336268,0.105104869709152,0.339322623060427,6385.42337890224,0.999888214215501,NA,2578,NA,NA,FALSE,FALSE
"a_spqrt[2579]",0.0457346528150702,0.00216670160941794,0.180646150067466,-0.295234156283442,-0.0742118803882019,0.041884631079091,0.16638568665021,0.412286266100217,6951.1907899619,0.999786050586524,NA,2579,NA,NA,FALSE,FALSE
"a_spqrt[2580]",0.00131557901736126,0.00240383533173056,0.19722246628326,-0.399686832030452,-0.128122297431347,0.00237810035239736,0.13214576667302,0.383356537847345,6731.36813315631,0.999132037621799,NA,2580,NA,NA,FALSE,FALSE
"a_spqrt[2581]",-0.0155124235053668,0.0025161335198114,0.192797152222713,-0.414940001295443,-0.138836673493975,-0.0169607956406488,0.111138315502112,0.363912417398512,5871.29446960337,0.999749440531306,NA,2581,NA,NA,FALSE,FALSE
"a_spqrt[2582]",0.00214790467551027,0.00245626334042579,0.190788766557862,-0.382492338248037,-0.124668735873074,0.00431212849383137,0.130917405405941,0.367016999624562,6033.31148869841,0.999025376211878,NA,2582,NA,NA,FALSE,FALSE
"a_spqrt[2583]",-0.0891939584700006,0.00275109063673469,0.194141817269286,-0.492922235675875,-0.207460835180604,-0.0820771686401587,0.0410355753849527,0.284785985165438,4979.9890003041,0.999075180638736,NA,2583,NA,NA,FALSE,FALSE
"a_spqrt[2584]",-0.00824609107426956,0.00246281978775936,0.206749326080804,-0.419723175565661,-0.140829938765344,-0.00852805184833142,0.129402541478784,0.401534273866454,7047.30287202157,0.999344078705639,NA,2584,NA,NA,FALSE,FALSE
"a_spqrt[2585]",0.00154017746859117,0.00260643663514425,0.205200379608179,-0.393317203291509,-0.136693073528063,0.0027640477371401,0.138292765581893,0.397123357685789,6198.14849910911,0.999224431137946,NA,2585,NA,NA,FALSE,FALSE
"a_spqrt[2586]",0.00128341194940822,0.00229302310469227,0.194749714297802,-0.368549524423027,-0.132251777160088,-0.00297011548944731,0.130526158425133,0.384670730315526,7213.34654201654,0.999025123977212,NA,2586,NA,NA,FALSE,FALSE
"a_spqrt[2587]",-0.0324191238649649,0.00224554822953954,0.182230440510395,-0.383091801202306,-0.15771273865535,-0.0307786949045927,0.0928744988160759,0.322213171611662,6585.62618577535,0.998990589134037,NA,2587,NA,NA,FALSE,FALSE
"a_spqrt[2588]",0.00351755225412966,0.0022639012023369,0.183378896029249,-0.355959979211857,-0.115226470228258,-0.00047827039007866,0.122720622543497,0.360862925554362,6561.20742220749,0.999065554289888,NA,2588,NA,NA,FALSE,FALSE
"a_spqrt[2589]",-0.015325767989235,0.00228608162073383,0.192151594695316,-0.396688500824235,-0.138563179761744,-0.01670558727421,0.103621986267617,0.361561861546606,7064.87564713137,0.99916320542659,NA,2589,NA,NA,FALSE,FALSE
"a_spqrt[2590]",-0.0167139610645946,0.00245716294037671,0.198631588389801,-0.408703213627528,-0.152704979284158,-0.0147308798613223,0.11627725058023,0.367186647964837,6534.74609574811,0.9991726222995,NA,2590,NA,NA,FALSE,FALSE
"a_spqrt[2591]",0.0208185844797421,0.00241071458314844,0.208247315078286,-0.38319328144864,-0.116337203128373,0.0211342487922615,0.151498547505551,0.428580840059889,7462.20595715511,1.00032821291631,NA,2591,NA,NA,FALSE,FALSE
"a_spqrt[2592]",0.0188209264798854,0.00241569936230318,0.205506966081027,-0.388110283561232,-0.114443600227185,0.0183239858862032,0.150470269280008,0.426352924158321,7237.14586951929,0.999466231930878,NA,2592,NA,NA,FALSE,FALSE
"a_spqrt[2593]",-0.0160216701334095,0.00234077232388306,0.204266299412036,-0.435187216080139,-0.13821100490145,-0.0178542984882051,0.110272914492225,0.394086047305299,7615.0909437291,0.999434028395112,NA,2593,NA,NA,FALSE,FALSE
"a_spqrt[2594]",-0.00621806581820926,0.00216786941591734,0.205652490408277,-0.41388707649498,-0.143015556319707,-0.00380246990295157,0.12438924613532,0.409142890065,8999.15452799612,0.998949924811597,NA,2594,NA,NA,FALSE,FALSE
"a_spqrt[2595]",0.00277359685405928,0.00262136258102928,0.19067889444043,-0.374142742563063,-0.122884299835821,0.00125072253607691,0.130878250602956,0.37655989769003,5291.16200448496,1.00090582351208,NA,2595,NA,NA,FALSE,FALSE
"a_spqrt[2596]",0.00782808782532639,0.0026318702572821,0.196711584534316,-0.377471693232488,-0.122550383912356,0.00778765636527304,0.134955928479786,0.401021844726595,5586.38574824256,1.00010848986308,NA,2596,NA,NA,FALSE,FALSE
"a_spqrt[2597]",0.00234392919214118,0.00290935601982519,0.196342338176453,-0.370620840080122,-0.126365960178504,-0.00185104032072206,0.132689879614806,0.387301894804083,4554.43153955299,0.999477285267143,NA,2597,NA,NA,FALSE,FALSE
"a_spqrt[2598]",-0.0137961084820562,0.00289790207774845,0.218188507739445,-0.454612612752534,-0.15411401271753,-0.0132465710322445,0.128743461578854,0.41935550252225,5668.86783047414,0.999698539185004,NA,2598,NA,NA,FALSE,FALSE
"a_spqrt[2599]",-0.0149421234487234,0.00221064798003011,0.207303831077526,-0.429520878070198,-0.146363707379067,-0.0114748200925339,0.121902409055712,0.395462088517484,8793.77749791073,1.00001720920003,NA,2599,NA,NA,FALSE,FALSE
"a_spqrt[2600]",0.00166144895257148,0.00263478420545704,0.209030746876577,-0.406647660511386,-0.14136015132312,0.00714689797193408,0.141395879003239,0.412874074389916,6294.05077260504,0.999559706303421,NA,2600,NA,NA,FALSE,FALSE
"a_spqrt[2601]",0.0112309595082235,0.00218913673184483,0.20429682323214,-0.3817747884791,-0.12517440388391,0.00688531364124913,0.142360643048785,0.424344114463036,8709.18369368882,0.998887123162633,NA,2601,NA,NA,FALSE,FALSE
"a_spqrt[2602]",0.0278912992993137,0.00268822721208993,0.209205283811241,-0.385189725137038,-0.115905675096223,0.0248494309778414,0.170683273756976,0.436728574172119,6056.38328596709,0.999645813827062,NA,2602,NA,NA,FALSE,FALSE
"a_spqrt[2603]",0.0115433217632542,0.00247728802114864,0.199362843893769,-0.38281283012825,-0.120100658895104,0.010647692557603,0.144499565130747,0.41084409233009,6476.42641005864,0.999282185755197,NA,2603,NA,NA,FALSE,FALSE
"a_spqrt[2604]",-0.0187713795996279,0.00224751529719244,0.194590685959357,-0.401992877465641,-0.142582610457787,-0.017969784873939,0.107989584242812,0.353504793489901,7496.15892440509,0.999166316756745,NA,2604,NA,NA,FALSE,FALSE
"a_spqrt[2605]",0.0109968042231678,0.00227745208792947,0.197787655763738,-0.380841256085506,-0.119891045138056,0.0119546468438785,0.140135868813022,0.390515498841223,7542.23166165001,0.999407417584593,NA,2605,NA,NA,FALSE,FALSE
"a_spqrt[2606]",0.00942021337715127,0.002483282040157,0.206062897396103,-0.387963031686412,-0.126100526858396,0.00615188456617832,0.145700896272818,0.409632714499851,6885.69067217372,0.999605338067162,NA,2606,NA,NA,FALSE,FALSE
"a_spqrt[2607]",-0.106214841056334,0.00273791050280091,0.197148929896093,-0.518081257111588,-0.2357617884579,-0.100264578530278,0.0242629948873,0.27870916323909,5185.01900667848,0.99990495886499,NA,2607,NA,NA,FALSE,FALSE
"a_spqrt[2608]",-0.0172977726377547,0.0022906253823946,0.19420129540002,-0.409100118088111,-0.145333367640348,-0.017971308057146,0.109752323226547,0.364398912710516,7187.80203506178,0.99955192244833,NA,2608,NA,NA,FALSE,FALSE
"a_spqrt[2609]",-0.0254810557919822,0.0022756675711163,0.205126963568826,-0.430598466423139,-0.162744440156077,-0.0239571902313936,0.110499526334308,0.369903778019892,8125.08403083063,0.99904515083599,NA,2609,NA,NA,FALSE,FALSE
"a_spqrt[2610]",-0.00438078887351639,0.00237395732093074,0.202490454062977,-0.411881025165561,-0.136136206328578,-0.00353818941964491,0.13035885475999,0.384522309309906,7275.50753136357,0.99973033450831,NA,2610,NA,NA,FALSE,FALSE
"a_spqrt[2611]",-0.0102198102313799,0.00276114177700517,0.205439697714365,-0.40948042508135,-0.143544432251108,-0.0112006206446291,0.12141947295557,0.405323634083001,5535.93931404808,0.999277926689201,NA,2611,NA,NA,FALSE,FALSE
"a_spqrt[2612]",0.029393232899753,0.00224884030368584,0.201069005278235,-0.372064736011558,-0.101964368973953,0.0296569252949586,0.158336118339133,0.439795345526165,7994.16350440353,0.99950133237883,NA,2612,NA,NA,FALSE,FALSE
"a_spqrt[2613]",-0.0139072480844518,0.00232113718113043,0.201668118923522,-0.412427640700364,-0.149927055512314,-0.0118103957084763,0.116191152466779,0.391647317774522,7548.71237609865,0.999254217214481,NA,2613,NA,NA,FALSE,FALSE
"a_spqrt[2614]",0.0158449064110791,0.00210056040895276,0.179904344917486,-0.329061689095671,-0.105110378274796,0.0161184532377737,0.137119490150061,0.372031082289114,7335.21677724825,0.999044421623089,NA,2614,NA,NA,FALSE,FALSE
"a_spqrt[2615]",0.00708444181781386,0.00234676355929648,0.184890294826574,-0.34535846155838,-0.120369580076514,0.0083915240143311,0.133576335487526,0.364558844635821,6207.11166390499,0.998878028003622,NA,2615,NA,NA,FALSE,FALSE
"a_spqrt[2616]",-0.00976597695499172,0.00211432809798288,0.181327565521868,-0.369396070821262,-0.130359581896145,-0.00962135987147344,0.109741216045677,0.350904583143563,7355.00375874845,0.999132552191256,NA,2616,NA,NA,FALSE,FALSE
"a_spqrt[2617]",0.0181009296573578,0.00258454069422265,0.189462119486686,-0.338899180660867,-0.109734398027801,0.013624354888548,0.144610892640739,0.398407770594671,5373.75711964097,0.99898611556705,NA,2617,NA,NA,FALSE,FALSE
"a_spqrt[2618]",-0.0321081915543649,0.00244644205889511,0.191068857501932,-0.423122322391199,-0.159409567127258,-0.0300641757041545,0.0928639042983279,0.353595774461007,6099.72062976684,0.999260827472502,NA,2618,NA,NA,FALSE,FALSE
"a_spqrt[2619]",-0.0530578794756971,0.00254808517264934,0.192762987255767,-0.44843341721526,-0.175685602958735,-0.0496691761820486,0.0782020716695787,0.317389386627373,5722.94292274802,1.00006101245031,NA,2619,NA,NA,FALSE,FALSE
"a_spqrt[2620]",-0.00489187700105375,0.00232808170799856,0.204644121246495,-0.415934069492283,-0.137254336967159,-0.00557200142536696,0.124112358431128,0.406740188591414,7726.84338267895,0.999458864195661,NA,2620,NA,NA,FALSE,FALSE
"a_spqrt[2621]",-0.0290269862951028,0.00250955434588122,0.200002154419648,-0.434325503360274,-0.158171660261575,-0.0300440261163278,0.105852521870119,0.370300046331077,6351.49759174889,0.999139848822933,NA,2621,NA,NA,FALSE,FALSE
"a_spqrt[2622]",0.00194432235065187,0.0024196727737163,0.1927089513952,-0.37954998362122,-0.126280756576303,0.00405371318150746,0.130677175958639,0.385301082515727,6342.93850444576,0.999533585720231,NA,2622,NA,NA,FALSE,FALSE
"a_spqrt[2623]",0.0108909847597389,0.00209619616429358,0.18823615281957,-0.347492417626421,-0.12014137616033,0.014331342274857,0.139399060131279,0.375574426429251,8063.84613236982,0.999176233510197,NA,2623,NA,NA,FALSE,FALSE
"a_spqrt[2624]",0.00900481982080291,0.00262081906703889,0.180040773192574,-0.345327816251279,-0.113538455048616,0.00885951499339954,0.127622676140554,0.369328391049338,4719.19213504991,0.999236223813241,NA,2624,NA,NA,FALSE,FALSE
"a_spqrt[2625]",0.0049252197682624,0.00235320479589728,0.182521135593903,-0.35793326008181,-0.112601463812573,0.00555697980090621,0.128203574309813,0.378156228458242,6015.98680015573,0.999506011621933,NA,2625,NA,NA,FALSE,FALSE
"a_spqrt[2626]",-0.00511024731172895,0.00267682260257926,0.204885522201962,-0.402298295600301,-0.140520089820717,-0.00460136670279882,0.133026398441844,0.394531657357975,5858.45853634112,0.99945589152828,NA,2626,NA,NA,FALSE,FALSE
"a_spqrt[2627]",0.00983385660231169,0.00247335406312395,0.198745886308034,-0.375003177135557,-0.124318054198429,0.00825662068104516,0.142965414314298,0.393172128304776,6456.89487305407,0.999690335931496,NA,2627,NA,NA,FALSE,FALSE
"a_spqrt[2628]",0.0193597782160466,0.00319801616410696,0.211369929470977,-0.391060567256864,-0.123307492831553,0.0205872749464921,0.160714361891086,0.438613910169331,4368.42713324591,1.00033191842056,NA,2628,NA,NA,FALSE,FALSE
"a_spqrt[2629]",-0.000396589742942628,0.00267926790407744,0.203957587602406,-0.406635233491353,-0.130338507804374,-0.00317526511231287,0.135339028648053,0.39951273189177,5794.92006835282,1.00005890390758,NA,2629,NA,NA,FALSE,FALSE
"a_spqrt[2630]",0.0216728738233941,0.00262685163378301,0.210703851822768,-0.396353441782074,-0.113367629951527,0.0228898911328762,0.157372790675348,0.449011697817705,6433.89340423067,0.999202307182468,NA,2630,NA,NA,FALSE,FALSE
"a_spqrt[2631]",-0.0871669297491247,0.00263285957639801,0.204523245295188,-0.499880117479535,-0.217923255016931,-0.0823137156333617,0.0449827705016276,0.317532338119136,6034.34251363306,1.00057584286877,NA,2631,NA,NA,FALSE,FALSE
"a_spqrt[2632]",-0.0635192228358631,0.00271109379352627,0.188227468584727,-0.429730986934842,-0.189107374844637,-0.0637384934157556,0.0622701858465616,0.304864704819977,4820.33162637309,0.999945995645799,NA,2632,NA,NA,FALSE,FALSE
"a_spqrt[2633]",0.00983955712184346,0.00240453821034366,0.191514448770162,-0.359487603286439,-0.110468043115395,0.0104669141253123,0.133753002627067,0.383887967144184,6343.65745639314,0.999309876642483,NA,2633,NA,NA,FALSE,FALSE
"a_spqrt[2634]",0.0176657385190466,0.00217338233180383,0.180595674537729,-0.344378161912619,-0.101654142158771,0.0173346538387269,0.135290183001127,0.374864733761117,6904.662007675,0.999466911453526,NA,2634,NA,NA,FALSE,FALSE
"a_spqrt[2635]",0.0232755263789753,0.00240481420652393,0.183501200551669,-0.338581943063585,-0.0961973624501804,0.0228857394305131,0.140711890361926,0.385301228386655,5822.57058707198,0.999248229002248,NA,2635,NA,NA,FALSE,FALSE
"a_spqrt[2636]",0.0143135366694889,0.00220020032730909,0.195102732224924,-0.365227328459025,-0.112389338179266,0.011844789802937,0.143117253024057,0.404507867276759,7863.25306178371,0.999409586144209,NA,2636,NA,NA,FALSE,FALSE
"a_spqrt[2637]",0.0180871203816968,0.00223921312457712,0.197942696177137,-0.374097692972071,-0.11287348351636,0.0202092845587699,0.150898553681463,0.396937943093661,7814.26438757908,0.999731243627299,NA,2637,NA,NA,FALSE,FALSE
"a_spqrt[2638]",-0.00815559037326842,0.00220668421765093,0.186806522297418,-0.373541129045176,-0.130347141006698,-0.0112439342413453,0.112351919290726,0.361804545984819,7166.44369410859,0.99933283564357,NA,2638,NA,NA,FALSE,FALSE
"a_spqrt[2639]",-0.0550532541413635,0.00266918486295594,0.200915639792713,-0.460358340692573,-0.184451457455543,-0.0529181224672315,0.0799749604606389,0.342452527132926,5665.91666749978,1.00017103950234,NA,2639,NA,NA,FALSE,FALSE
"a_spqrt[2640]",0.00501018183799172,0.00241749025628108,0.178458608305706,-0.353661496448675,-0.107225578429435,0.00801674823889369,0.12367793928811,0.362172660668361,5449.36049545073,0.999437879447981,NA,2640,NA,NA,FALSE,FALSE
"a_spqrt[2641]",0.000981986258843017,0.00234138528689314,0.188627546962435,-0.357286628922005,-0.128324331009539,0.00143481164086435,0.126859295452488,0.364689313283694,6490.29540270655,0.999057867558463,NA,2641,NA,NA,FALSE,FALSE
"a_spqrt[2642]",-0.00945864063082871,0.00218436186783458,0.194049006992171,-0.396225090097315,-0.14058209728089,-0.00968877410651408,0.121119288508917,0.370772638653503,7891.75649443038,0.998957862401213,NA,2642,NA,NA,FALSE,FALSE
"a_spqrt[2643]",0.0297339887190994,0.00258774689903877,0.196537107290023,-0.374510613058936,-0.0926950872018631,0.0287210856822565,0.153270358100995,0.420513335726164,5768.26927050222,0.999048920452501,NA,2643,NA,NA,FALSE,FALSE
"a_spqrt[2644]",0.0225161713388671,0.00267905864830165,0.199698515763844,-0.364400473504354,-0.109086856059932,0.0228291612052458,0.152765782746588,0.433395402386429,5556.29418622792,0.998987033793697,NA,2644,NA,NA,FALSE,FALSE
"a_spqrt[2645]",0.0116625492647304,0.00251126299142227,0.208810579164022,-0.397143641601236,-0.127988818847687,0.0116866920350569,0.147132423217008,0.429618576524102,6913.86034629637,0.999123425405469,NA,2645,NA,NA,FALSE,FALSE
"a_spqrt[2646]",-0.0218799264924049,0.00242462282683075,0.208892738739404,-0.438998586092966,-0.157004558932809,-0.0210049635639367,0.115853903372084,0.386563635264676,7422.63847796625,0.99930352906181,NA,2646,NA,NA,FALSE,FALSE
"a_spqrt[2647]",-0.00735618320663216,0.0028054341626407,0.202112450091817,-0.41122817494046,-0.141523184913126,-0.00734255193867342,0.12659867893471,0.388094452879362,5190.22244158528,0.999746307983827,NA,2647,NA,NA,FALSE,FALSE
"a_spqrt[2648]",-0.0164146788533592,0.0025097229229726,0.199918627331847,-0.415552286369045,-0.14487152075753,-0.0166772189442654,0.112942479227959,0.387585383737038,6345.34102176363,0.999602851367179,NA,2648,NA,NA,FALSE,FALSE
"a_spqrt[2649]",-0.0196756287890833,0.00274304561897307,0.201299571316714,-0.413393027452491,-0.156537976388639,-0.0190985610770124,0.117470025768278,0.373476928164193,5385.4207508571,0.999301395495969,NA,2649,NA,NA,FALSE,FALSE
"a_spqrt[2650]",0.055146994608966,0.00245420863380074,0.202908778259424,-0.3379241187517,-0.079226964465734,0.0497437550810649,0.188438596859588,0.459906903734141,6835.63260528106,0.999173413584083,NA,2650,NA,NA,FALSE,FALSE
"a_spqrt[2651]",-0.0148166634207557,0.00227365220846177,0.204751835539098,-0.414317483640688,-0.149229207771123,-0.0168904269552158,0.120088478020725,0.392746529178379,8109.7513985355,0.999026265099255,NA,2651,NA,NA,FALSE,FALSE
"a_spqrt[2652]",-0.0235112300909163,0.00255608382506193,0.20400965673671,-0.426522637066435,-0.157093186594631,-0.0215560385863255,0.106503543067923,0.37290295405702,6370.17357212783,0.998891615114094,NA,2652,NA,NA,FALSE,FALSE
"a_spqrt[2653]",-0.0087235959683953,0.00242480301482575,0.205439862015003,-0.399414552475672,-0.144315300952686,-0.00666283929422494,0.123359306529274,0.397521029104715,7178.21567201125,0.99953148107098,NA,2653,NA,NA,FALSE,FALSE
"a_spqrt[2654]",-0.0044005830457731,0.00247261158072174,0.195864943686382,-0.394519006228486,-0.132220489106328,-0.00378440525647351,0.125400010481262,0.381576990812456,6274.82511432343,0.999088564683479,NA,2654,NA,NA,FALSE,FALSE
"a_spqrt[2655]",0.0293860641223037,0.0025894722586883,0.211607266437672,-0.391102299151979,-0.107498734960801,0.0260237967197194,0.164931425535704,0.462223003952582,6677.88027468768,0.99914722735928,NA,2655,NA,NA,FALSE,FALSE
"a_spqrt[2656]",0.0156810958767817,0.00253819675438602,0.202067448654269,-0.389599385617723,-0.116742246664574,0.015472620371641,0.148288616966832,0.431355382005479,6337.85278372393,0.999275927273817,NA,2656,NA,NA,FALSE,FALSE
"a_spqrt[2657]",-0.0195812318048441,0.00251831381986766,0.198139449346201,-0.407731229965795,-0.156081169241828,-0.0185724082558571,0.11046583979551,0.364860247371608,6190.44979565452,0.998863975290805,NA,2657,NA,NA,FALSE,FALSE
"a_spqrt[2658]",0.00976703995589328,0.0027558821740647,0.19709381361969,-0.389996320691853,-0.118569323915582,0.0101575013426661,0.132565645670052,0.409609903947814,5114.75333751686,1.00129723256128,NA,2658,NA,NA,FALSE,FALSE
"a_spqrt[2659]",0.0065509432180485,0.00241395041130809,0.195185064590679,-0.384310847949719,-0.119928684792582,0.00605779010663968,0.13368605968226,0.405500938792244,6537.87295094453,0.999332978603799,NA,2659,NA,NA,FALSE,FALSE
"a_spqrt[2660]",0.0693527585792438,0.00259741528072485,0.19831958010479,-0.307443732448474,-0.0635305215904695,0.0668531693785128,0.200546082565567,0.468636459195579,5829.72952960261,0.999275216137112,NA,2660,NA,NA,FALSE,FALSE
"a_spqrt[2661]",0.00422949210606861,0.00233538673318256,0.191515654451094,-0.377901820045216,-0.12383897086506,0.00196261361609691,0.13222739007293,0.375159985013109,6724.97912065011,0.999663066266414,NA,2661,NA,NA,FALSE,FALSE
"a_spqrt[2662]",-0.000730577001715378,0.00292463486200293,0.200121031362455,-0.398935495878585,-0.133671689372511,-0.000508071849667194,0.131944489374704,0.388202598429975,4682.11589884909,0.999025073916086,NA,2662,NA,NA,FALSE,FALSE
"a_spqrt[2663]",0.0140001608743715,0.00238018258001808,0.184557433815622,-0.340666477430496,-0.109670541884831,0.0108930254741276,0.134939615488066,0.373554723154984,6012.32627962955,0.999343511335453,NA,2663,NA,NA,FALSE,FALSE
"a_spqrt[2664]",-0.000645409781146749,0.00211188181133862,0.178038493085042,-0.343377732833201,-0.117328180483342,-0.00056103422533816,0.117712894136579,0.350337758437059,7107.03738360456,0.99949202502491,NA,2664,NA,NA,FALSE,FALSE
"a_spqrt[2665]",-0.0147480975925238,0.00230012626691607,0.177227772964229,-0.358745128720242,-0.131118413474187,-0.00997426538219068,0.101521007705216,0.339799639695021,5936.90644514452,1.00006546761999,NA,2665,NA,NA,FALSE,FALSE
"a_spqrt[2666]",-0.00979386207480123,0.00228795737801352,0.200806066130704,-0.413781695543732,-0.137946733701468,-0.00985980807936888,0.11642903170735,0.386850734111049,7702.96273521931,0.999485577720887,NA,2666,NA,NA,FALSE,FALSE
"a_spqrt[2667]",-0.0214951102128289,0.00235667956824227,0.199830555135276,-0.403893295766988,-0.157155021725509,-0.0208729641075225,0.109238986924849,0.370188110332764,7189.89778829692,0.99893846998092,NA,2667,NA,NA,FALSE,FALSE
"a_spqrt[2668]",-0.0659861577538303,0.00285778496749785,0.198336673379721,-0.475199843183146,-0.190396003215965,-0.0576570588838017,0.0651040614651707,0.323660020864138,4816.67068373488,0.999476726974667,NA,2668,NA,NA,FALSE,FALSE
"a_spqrt[2669]",0.0155558074245992,0.00260525176589,0.214178865420414,-0.406846747845479,-0.122268972697967,0.0151164115027798,0.152352978688707,0.452311985338672,6758.5546422706,0.999998804836431,NA,2669,NA,NA,FALSE,FALSE
"a_spqrt[2670]",-0.00774063517747156,0.00248294008457124,0.186409861671737,-0.37412438555985,-0.130350130187432,-0.00582688353751582,0.115287577533147,0.356127062007234,5636.44519766297,0.99938581405898,NA,2670,NA,NA,FALSE,FALSE
"a_spqrt[2671]",0.0133135012204689,0.00217698467824374,0.18236783673159,-0.343704619606905,-0.110141261529383,0.0171011185643923,0.129019764260834,0.37512709066804,7017.55375497814,0.99917322811544,NA,2671,NA,NA,FALSE,FALSE
"a_spqrt[2672]",-0.0176479819176526,0.00254284339439438,0.192767760042285,-0.399259745389353,-0.141318076146739,-0.0152742570409518,0.107282341586902,0.36386880880264,5746.84618604976,0.999598076760079,NA,2672,NA,NA,FALSE,FALSE
"a_spqrt[2673]",-0.0628825092849679,0.0025788456352575,0.181220562097844,-0.428679474594633,-0.18311464201372,-0.0602454330295274,0.0594299506585872,0.29563085710878,4938.1497122228,0.999214460683496,NA,2673,NA,NA,FALSE,FALSE
"a_spqrt[2674]",-0.0161540071333864,0.00260081159623469,0.213311142327053,-0.438321117657139,-0.1523098029359,-0.013568197295639,0.12153808509385,0.39906740850156,6726.81210681013,0.999491733417021,NA,2674,NA,NA,FALSE,FALSE
"a_spqrt[2675]",-0.015827279351907,0.00296644094186142,0.207900462625557,-0.42991977729721,-0.148901312634195,-0.015116903805689,0.118853104993234,0.399843757189996,4911.7866962859,0.999686323811746,NA,2675,NA,NA,FALSE,FALSE
"a_spqrt[2676]",0.00813559049994916,0.00286157267786933,0.206762330591488,-0.393199570096813,-0.128300289315861,0.00770007004354386,0.137282671418591,0.418336113330194,5220.75456090021,0.998967707275805,NA,2676,NA,NA,FALSE,FALSE
"a_spqrt[2677]",-0.0821158821837397,0.00247634312749009,0.192021081263773,-0.462621804615475,-0.204576957958049,-0.0741026357520023,0.0397118992720769,0.275592539187898,6012.79197942975,0.999014557321479,NA,2677,NA,NA,FALSE,FALSE
"a_spqrt[2678]",0.00723593398011457,0.00247966361823926,0.199206202544637,-0.38012968813995,-0.127486490089865,0.00862622036099817,0.140512388360899,0.39227358591227,6453.86940413514,0.999523238415478,NA,2678,NA,NA,FALSE,FALSE
"a_spqrt[2679]",0.010594632357857,0.00229329508882144,0.191901490753219,-0.364448246189216,-0.112700383189864,0.00655431788954968,0.131817431399468,0.402510955968273,7002.23714578841,0.998978498361104,NA,2679,NA,NA,FALSE,FALSE
"a_spqrt[2680]",-0.0129341564591844,0.00223523901470008,0.181864281983312,-0.367383787306485,-0.13422822029803,-0.0170921454687152,0.110307307703042,0.344824603988817,6619.83075524169,0.999633229938664,NA,2680,NA,NA,FALSE,FALSE
"a_spqrt[2681]",-0.0408080601923661,0.00235628026200552,0.189875409520347,-0.415599702794444,-0.160731515673479,-0.0397833770793895,0.0832055947526986,0.326200414544118,6493.57044842273,0.999364444981983,NA,2681,NA,NA,FALSE,FALSE
"a_spqrt[2682]",-0.0215436955336039,0.00281335122693496,0.184384799306982,-0.382706801875019,-0.141641964183871,-0.0237719229647387,0.0978074337343832,0.34752789112825,4295.38722932919,0.999625547633806,NA,2682,NA,NA,FALSE,FALSE
"a_spqrt[2683]",-0.00130682640757356,0.00228420339756506,0.183927610737509,-0.360301521410814,-0.123706060471603,0.000675818631843585,0.12104683974418,0.355616313961527,6483.72090628639,0.998839769856373,NA,2683,NA,NA,FALSE,FALSE
"a_spqrt[2684]",0.00666413528155376,0.00231026258957585,0.200089222468098,-0.387023217664177,-0.123173379252982,0.00401899976367942,0.13669087672433,0.406906588847117,7501.0956265222,0.999224122530763,NA,2684,NA,NA,FALSE,FALSE
"a_spqrt[2685]",0.00470249862383743,0.00274883192338234,0.205471990251847,-0.400724281250097,-0.129515990000945,0.00380115729725598,0.137772705050294,0.409477700094238,5587.38868019787,1.00016772418935,NA,2685,NA,NA,FALSE,FALSE
"a_spqrt[2686]",0.00929634151676656,0.00281920204641595,0.203519881347285,-0.396324483407422,-0.124518375097694,0.0106992679588417,0.14352985559211,0.405749329491635,5211.48242595914,0.999976448256481,NA,2686,NA,NA,FALSE,FALSE
"a_spqrt[2687]",0.00068955147634154,0.00256709958085378,0.206433789175896,-0.399708654907037,-0.132132625111652,0.000238279095866898,0.134434812117278,0.406196791658222,6466.60207056267,0.999089834885841,NA,2687,NA,NA,FALSE,FALSE
"a_spqrt[2688]",-0.0239788762684592,0.00269948216189058,0.201569816387003,-0.415401661833685,-0.154720696207187,-0.0226722916302753,0.104829500194097,0.386835813379109,5575.5803185469,0.999710273843021,NA,2688,NA,NA,FALSE,FALSE
"a_spqrt[2689]",0.00049642667684074,0.00219511067220362,0.205687698692447,-0.421216241758949,-0.132063306164929,0.00108083661428953,0.135436459404848,0.404215156675508,8780.18761279769,0.999207233271811,NA,2689,NA,NA,FALSE,FALSE
"a_spqrt[2690]",-0.0172153693876389,0.00225871468029678,0.193866519529717,-0.396894263740882,-0.143790616147474,-0.0156142527900354,0.110003897571568,0.362502949824493,7366.86782665483,0.998999248054144,NA,2690,NA,NA,FALSE,FALSE
"a_spqrt[2691]",-0.00871189073791642,0.00250658064166457,0.199205863661209,-0.404915182231457,-0.134561527822219,-0.00844890748321698,0.11682482813238,0.390692140102633,6315.98184607207,0.999111405752495,NA,2691,NA,NA,FALSE,FALSE
"a_spqrt[2692]",-0.00578600675602726,0.0020840218262926,0.190097835561032,-0.380260149497711,-0.130973392628044,-0.00743478282735155,0.121772910838851,0.37762331582559,8320.50752924169,0.999752272434213,NA,2692,NA,NA,FALSE,FALSE
"a_spqrt[2693]",-0.0254914336548702,0.0022802751638016,0.204467273819143,-0.446259733156745,-0.150891757445085,-0.02605353341486,0.0991955851750279,0.389897285424046,8040.31565343843,0.999404172847896,NA,2693,NA,NA,FALSE,FALSE
"a_spqrt[2694]",0.0100803588562993,0.00215884642297817,0.192943202219764,-0.35792630963814,-0.11571512811377,0.00792146269583881,0.134721243512931,0.399741150727686,7987.58453433791,0.999064910660029,NA,2694,NA,NA,FALSE,FALSE
"a_spqrt[2695]",-0.0121117547389233,0.0025596124041432,0.196779990084369,-0.403432041614816,-0.13995840760387,-0.011253136101467,0.116029963545312,0.384505715649782,5910.35349300266,1.00039456023106,NA,2695,NA,NA,FALSE,FALSE
"a_spqrt[2696]",0.0177657816450544,0.0022483010153981,0.179312556472423,-0.335057047422163,-0.1061008075088,0.0173428638250614,0.139912603426794,0.363579806909478,6360.81100002691,0.999038159922786,NA,2696,NA,NA,FALSE,FALSE
"a_spqrt[2697]",-0.006673787841943,0.00231632388933334,0.18208523469836,-0.357899681377475,-0.127690990685626,-0.00671486382425057,0.113303783795492,0.352167510257528,6179.46515920249,0.999438142642022,NA,2697,NA,NA,FALSE,FALSE
"a_spqrt[2698]",0.00946494803745265,0.00215612149346017,0.181939541666219,-0.337831621007769,-0.11572937788208,0.00856807111765175,0.134604001399449,0.360983727647841,7120.45481526402,1.00002626229107,NA,2698,NA,NA,FALSE,FALSE
"a_spqrt[2699]",0.00548566217122335,0.00253314421113847,0.200754697425706,-0.394138530034735,-0.122214549853922,0.00884259869985436,0.135608535562797,0.394894057946682,6280.75138243032,0.999286464764725,NA,2699,NA,NA,FALSE,FALSE
"a_spqrt[2700]",-0.00823817065551758,0.00291715798461172,0.200589836199388,-0.402258524090709,-0.141994570446466,-0.0100500124431031,0.123856162044165,0.388307400358134,4728.22296182569,0.998959164538211,NA,2700,NA,NA,FALSE,FALSE
"a_spqrt[2701]",0.00801479019018279,0.00235199975152247,0.189965260077526,-0.362890608460815,-0.121509898037572,0.00924125905330906,0.135282208097788,0.381100364655002,6523.39730789223,0.998815338942278,NA,2701,NA,NA,FALSE,FALSE
"a_spqrt[2702]",0.00111259029812626,0.00228281856863327,0.187021037161295,-0.372534235448904,-0.125539389806228,-0.00144305405883755,0.123938813683138,0.37432537926456,6711.78643892686,0.999519809132339,NA,2702,NA,NA,FALSE,FALSE
"a_spqrt[2703]",-0.00775643678722504,0.00250640243388594,0.187455905872272,-0.375184107406577,-0.13130008829836,-0.00912561678240489,0.119495982563051,0.356603719770467,5593.66750775749,0.999072253960885,NA,2703,NA,NA,FALSE,FALSE
"a_spqrt[2704]",0.0144580654761097,0.00217597850409879,0.1843118916636,-0.365246115119485,-0.104389458081391,0.0157452602891816,0.128978008031043,0.386797153702826,7174.59699690371,0.999470960427665,NA,2704,NA,NA,FALSE,FALSE
"a_spqrt[2705]",0.0100232268729714,0.00260113766961352,0.205067508794476,-0.389238184081507,-0.127739445314743,0.00707299291478661,0.150298477912289,0.415960588309683,6215.37066853051,0.999187983549594,NA,2705,NA,NA,FALSE,FALSE
"a_spqrt[2706]",0.0168619201890993,0.00230870198206673,0.197679004943432,-0.369733458937739,-0.115087518916965,0.0128667381124602,0.149399328520285,0.416463256508817,7331.37342581262,0.999226069898245,NA,2706,NA,NA,FALSE,FALSE
"a_spqrt[2707]",0.00374117471420292,0.00276831182623933,0.205089020204284,-0.413013519865678,-0.127659675757872,0.00292546091415902,0.133897369788367,0.417489362509766,5488.51435593699,0.999686743658351,NA,2707,NA,NA,FALSE,FALSE
"a_spqrt[2708]",0.0117614749475468,0.0025357663549765,0.196935776999744,-0.355821193309134,-0.118545930564247,0.00946768458954245,0.144339444467506,0.39393154018001,6031.57553891154,0.999575564464021,NA,2708,NA,NA,FALSE,FALSE
"a_spqrt[2709]",0.00539257562937919,0.0023940896224504,0.196919974104044,-0.38146155761812,-0.123043500343572,0.00478414292529392,0.12799901097259,0.390982861626901,6765.48182545258,0.999302459973156,NA,2709,NA,NA,FALSE,FALSE
"a_spqrt[2710]",0.00104261741912839,0.0022335798005862,0.17907676445106,-0.349111890973629,-0.117604235643527,-0.00242904752202569,0.120891862649759,0.348460068092825,6427.99501254449,0.998822697482104,NA,2710,NA,NA,FALSE,FALSE
"a_spqrt[2711]",0.00313709590855402,0.00254041509286832,0.196668976653497,-0.383032875876566,-0.125277523405692,0.000902092089638654,0.133190522512026,0.385725971655091,5993.24935667877,0.999625676749838,NA,2711,NA,NA,FALSE,FALSE
"a_spqrt[2712]",-0.00569997183721163,0.002656690623447,0.19680088441035,-0.394526339212773,-0.135643479331241,-0.00426513303377209,0.126387156446216,0.383848146923078,5487.46957924307,0.999081029756784,NA,2712,NA,NA,FALSE,FALSE
"a_spqrt[2713]",-0.0710494476640933,0.00248196495522366,0.205968918021416,-0.499844725509032,-0.19552152647647,-0.0650474606110789,0.0577737487220447,0.342282135529048,6886.7145966604,0.999012374984255,NA,2713,NA,NA,FALSE,FALSE
"a_spqrt[2714]",0.00603451421558648,0.00217588033269443,0.194678935518825,-0.371581228528846,-0.121417324074493,0.00206295746322411,0.135537305036783,0.397260656001054,8005.12121373075,0.999276498115167,NA,2714,NA,NA,FALSE,FALSE
"a_spqrt[2715]",0.00838164917260114,0.00257216270237479,0.192205717737164,-0.37778545115963,-0.118127059250528,0.00969818405399221,0.136021185810933,0.39128636062717,5583.87558207588,1.00014532018,NA,2715,NA,NA,FALSE,FALSE
"a_spqrt[2716]",-0.00371509904962046,0.00233891237954819,0.190247404194418,-0.398262306469758,-0.123789063126317,-0.000798446087860813,0.120188367122456,0.372597245720705,6616.21446589475,0.99938913753738,NA,2716,NA,NA,FALSE,FALSE
"a_spqrt[2717]",0.00940886418233148,0.00249820206217849,0.198858571682278,-0.370280639978711,-0.119494866143165,0.00598620544375341,0.139474095444379,0.39982132811606,6336.26753988918,0.999590881519617,NA,2717,NA,NA,FALSE,FALSE
"a_spqrt[2718]",0.0141765392806431,0.00248074449101968,0.201256207225719,-0.377384758946872,-0.121107796190788,0.0121526742414741,0.142394478281305,0.425276495570178,6581.64565191266,0.999306540368548,NA,2718,NA,NA,FALSE,FALSE
"a_spqrt[2719]",0.0161407767620212,0.00224838306877714,0.196548439251848,-0.37587539268565,-0.114550880695624,0.0152466416576207,0.147823468181299,0.409395013084998,7641.85136974485,0.998990682748236,NA,2719,NA,NA,FALSE,FALSE
"a_spqrt[2720]",0.0198416935558559,0.00232528256892781,0.191323549439453,-0.346048195460326,-0.104034418589875,0.0187842832828426,0.148737129055328,0.395499766492469,6769.94883767472,0.999411299071806,NA,2720,NA,NA,FALSE,FALSE
"a_spqrt[2721]",0.0269893588765543,0.00252914648168262,0.20314171237966,-0.384348170624675,-0.103110336064043,0.0304302291751738,0.159317507936619,0.434154262951449,6451.34476305958,0.998943250866423,NA,2721,NA,NA,FALSE,FALSE
"a_spqrt[2722]",-0.0135032415803212,0.00211604931890949,0.19757788051377,-0.397928105054614,-0.142824843318483,-0.0140406271544503,0.115094512396863,0.367840965505174,8718.16478206831,0.998938383998101,NA,2722,NA,NA,FALSE,FALSE
"a_spqrt[2723]",-0.00910069967093304,0.00261244995447829,0.196847135624515,-0.397156560117993,-0.139772501582119,-0.0110701497995003,0.127050393147706,0.369581405553211,5677.56663505752,0.999390328600506,NA,2723,NA,NA,FALSE,FALSE
"a_spqrt[2724]",0.00564820139815977,0.0028112589679558,0.195330138159837,-0.374716833476082,-0.12577123478071,0.00435573151711015,0.131533264296272,0.396994535322372,4827.66145138608,0.999842533496465,NA,2724,NA,NA,FALSE,FALSE
"a_spqrt[2725]",-0.0502100997652178,0.00271998574271042,0.197338818687897,-0.438927741345172,-0.180085677046862,-0.0499539424967539,0.0775491763346731,0.347821981426275,5263.70804652984,0.999190912204056,NA,2725,NA,NA,FALSE,FALSE
"a_spqrt[2726]",-0.0010405055358428,0.00270543016719765,0.198610198873608,-0.389997819979443,-0.128304413282619,0.000463953832633116,0.131605230803853,0.388515623125753,5389.2761267723,0.999372942003871,NA,2726,NA,NA,FALSE,FALSE
"a_spqrt[2727]",0.0173049897441293,0.0022933745121174,0.181714708050518,-0.344276240731854,-0.0992540744407802,0.0197285277673716,0.13535561485638,0.38840970092573,6278.12846598679,0.999058123055783,NA,2727,NA,NA,FALSE,FALSE
"a_spqrt[2728]",0.0353354463030015,0.00226942810630656,0.184208106778464,-0.334527416330978,-0.0826362915920733,0.0342007876076456,0.152822082004677,0.413818416231078,6588.47071281887,1.00061038760575,NA,2728,NA,NA,FALSE,FALSE
"a_spqrt[2729]",0.0106033760162234,0.00214569176398479,0.191772607711984,-0.377053656104271,-0.118740543538211,0.0119566908679902,0.139330633677387,0.380795781942635,7988.00777980083,0.999093009824982,NA,2729,NA,NA,FALSE,FALSE
"a_spqrt[2730]",-0.0216752000597336,0.00228638303837789,0.189459436369782,-0.388424615188359,-0.148345392692538,-0.0220252441185647,0.109872472800822,0.345018586347988,6866.48542718871,0.999109433384402,NA,2730,NA,NA,FALSE,FALSE
"a_spqrt[2731]",0.0324424127934195,0.002725742969895,0.198819528966274,-0.369720561700127,-0.0987404023388924,0.0333100391372155,0.165620877980295,0.42278822632098,5320.44894193763,0.999176139118359,NA,2731,NA,NA,FALSE,FALSE
"a_spqrt[2732]",0.0324714390016555,0.00228189844089305,0.190784128073858,-0.344096337054088,-0.0901846523552124,0.0313437575131296,0.152919199930342,0.409593889372758,6990.23634601485,0.999663106584846,NA,2732,NA,NA,FALSE,FALSE
"a_spqrt[2733]",0.036987094463702,0.00213010639604291,0.185386470922654,-0.340449376963402,-0.0771770660449966,0.036327071019021,0.156245754328297,0.404540514212904,7574.4914807005,0.999426886002724,NA,2733,NA,NA,FALSE,FALSE
"a_spqrt[2734]",0.0373990816095412,0.0024094944277427,0.195913913044152,-0.346826497849703,-0.0925913291788647,0.0358206904490401,0.161138573832024,0.438157118483777,6611.17579465062,0.999539489533965,NA,2734,NA,NA,FALSE,FALSE
"a_spqrt[2735]",0.0258436245894091,0.00266130528803004,0.185470837157314,-0.336084473515839,-0.0932447689751045,0.0268749520991309,0.145965806060206,0.397639934320307,4856.93029482646,0.999750738356658,NA,2735,NA,NA,FALSE,FALSE
"a_spqrt[2736]",-0.0114085534950115,0.00275197445320421,0.202982713147967,-0.417941060756946,-0.142594481720422,-0.00781800512482953,0.116145298613053,0.382117876624837,5440.38093898824,0.999397641086705,NA,2736,NA,NA,FALSE,FALSE
"a_spqrt[2737]",0.0181932218374791,0.002618811162046,0.199899027994349,-0.375505473315286,-0.111219838532497,0.0154586294485045,0.147201743823694,0.412366436330061,5826.57039826772,0.999396212368988,NA,2737,NA,NA,FALSE,FALSE
"a_spqrt[2738]",0.07337016436312,0.00267152017403921,0.193812894241487,-0.298693237686907,-0.0558843977991592,0.0710337755609833,0.201794366659082,0.454409999908961,5263.18235932693,0.999438843987958,NA,2738,NA,NA,FALSE,FALSE
"a_spqrt[2739]",0.00283319451338745,0.00256928802960936,0.195159061481704,-0.377520015513387,-0.121538752505936,0.00797915670009014,0.128836778022545,0.38432939427869,5769.68170061373,0.999261984727095,NA,2739,NA,NA,FALSE,FALSE
"a_spqrt[2740]",0.00818262969595442,0.00221918179805682,0.179523428255387,-0.338935269705547,-0.115876831825265,0.0083321420623485,0.133018953562556,0.351460582259461,6544.19908830196,0.999162476736605,NA,2740,NA,NA,FALSE,FALSE
"a_spqrt[2741]",0.0291969492335693,0.00254833425621174,0.198796220484021,-0.363180723591676,-0.105706708732592,0.0264849363462306,0.162196691102021,0.413707836015198,6085.60082384133,0.998945216537556,NA,2741,NA,NA,FALSE,FALSE
"a_spqrt[2742]",-0.0013022338184949,0.00267878823782138,0.199604313448782,-0.380489133935067,-0.138687448874764,0.00335608096975132,0.132099015554352,0.401175226280655,5552.17412244382,0.999858965507695,NA,2742,NA,NA,FALSE,FALSE
"a_spqrt[2743]",0.00132135093245125,0.00232072191591422,0.188182187682308,-0.370250981226481,-0.125845098060894,0.00191617452995598,0.131677779464763,0.359262156553409,6575.22803202824,0.99919087817965,NA,2743,NA,NA,FALSE,FALSE
"a_spqrt[2744]",0.00279799694941504,0.00223018589372367,0.182520487474458,-0.362580311968988,-0.114180653567565,0.00237104446130111,0.116561140275498,0.367869099063698,6697.93781293333,0.999172165254544,NA,2744,NA,NA,FALSE,FALSE
"a_spqrt[2745]",0.00687801754791504,0.00233320167802089,0.193369074414369,-0.368596020279695,-0.121701099965357,0.00765209486040032,0.135948954719047,0.38534909227031,6868.61978733207,0.999001706566549,NA,2745,NA,NA,FALSE,FALSE
"a_spqrt[2746]",-0.00953185888528914,0.00240276960230043,0.203416219218861,-0.412322465585124,-0.144258806870424,-0.00682673770069491,0.122330434885901,0.394515189212977,7167.15667203097,0.999318044587731,NA,2746,NA,NA,FALSE,FALSE
"a_spqrt[2747]",0.0709982618607612,0.00263538964697129,0.196885656288536,-0.313270475170872,-0.0607811423052492,0.0675875490629649,0.199303148605243,0.475949531176433,5581.34006321517,0.999323617554146,NA,2747,NA,NA,FALSE,FALSE
"a_spqrt[2748]",0.0227502576410394,0.00274941401663848,0.204938786096753,-0.389031387759404,-0.112226143078698,0.0231577956730517,0.154631056376574,0.440487315851367,5556.07416298413,0.999373883520131,NA,2748,NA,NA,FALSE,FALSE
"a_spqrt[2749]",0.0193521700963646,0.00230569879761751,0.206228565361224,-0.387360000859167,-0.119788439860576,0.0189146109643487,0.161430656848278,0.411118480165561,8000.04619955999,0.998939223495443,NA,2749,NA,NA,FALSE,FALSE
"a_spqrt[2750]",0.0735769049222667,0.00243894274755827,0.201449397233587,-0.315142626662103,-0.0637471707643997,0.0741453591027183,0.208267135500949,0.473234742745913,6822.26732915668,0.998869761907739,NA,2750,NA,NA,FALSE,FALSE
"a_spqrt[2751]",0.00241866019702647,0.00265834379687963,0.20570638869203,-0.392621666379885,-0.13685034103889,0.00522786524040317,0.140581732760621,0.401732111025615,5987.8824636617,0.999958231267301,NA,2751,NA,NA,FALSE,FALSE
"a_spqrt[2752]",-0.0192654176799236,0.00247121572898914,0.190080431601565,-0.401295983594097,-0.142537907864698,-0.0179493172096779,0.104616053956511,0.348472914548122,5916.34511834033,0.99958302069638,NA,2752,NA,NA,FALSE,FALSE
"b_landcover_change[1]",1.89338452969534,0.0817686060155721,6.63426049919179,-11.0010781037064,-2.64400398362162,1.92070974290228,6.42147683948028,14.7798465164719,6582.81807325971,0.999168783358326,1,NA,"landcover, forest_positive",NA,FALSE,FALSE
"b_landcover_change[2]",-0.983631609212518,0.0215541000120118,1.51588030637413,-4.01659808660317,-1.90549559145924,-0.983566341307006,-0.0601374469001067,1.96680919906637,4946.18133589414,0.999269138996849,2,NA,"landcover, forest_positive",NA,FALSE,FALSE
"b_landcover_change[3]",-1.04463604925166,0.0243611521943892,1.60288939755358,-4.21999601541392,-2.07028528158066,-1.05444130115542,-0.0456465766900102,2.16548866072156,4329.23800635138,0.999418181595683,3,NA,"landcover, forest_positive",NA,FALSE,FALSE
"b_landcover_change[4]",-1.22864623730249,0.026280655857647,1.89284531404454,-4.91594465471998,-2.49412554948934,-1.2776342680345,0.0245599067656199,2.54404504366496,5187.49689839018,0.998936062896477,4,NA,"landcover, forest_positive",NA,FALSE,FALSE
"b_landcover_change[5]",-1.3242239391578,0.029545537208851,2.35144790581742,-5.76691781601725,-2.90905237272826,-1.33468913755436,0.224449352625189,3.28258050606594,6334.1295522516,0.999058080221536,5,NA,"landcover, forest_positive",NA,FALSE,FALSE
"b_landcover_change[6]",0.34240290301979,0.0373791658362475,3.01726666491801,-5.60173115507475,-1.65035495300142,0.330686881540075,2.2998244034748,6.4432118362639,6515.80650158392,0.999538837434586,6,NA,"landcover, forest_positive",NA,FALSE,FALSE
"b_landcover_change[7]",-1.16926941334905,0.0379119054043232,3.05765124074759,-7.12271043584925,-3.17957638707523,-1.13932827170435,0.873683773575913,4.86638893744971,6504.66105714747,0.999584748051826,7,NA,"landcover, forest_positive",NA,FALSE,FALSE
"b_landcover_change[8]",-0.735993436738891,0.0191381438028869,1.43224323757022,-3.56596143158403,-1.62003596516232,-0.761188357381946,0.107679711264168,2.38056948501955,5600.59197420801,0.998988376083942,8,NA,"landcover, forest_positive",NA,FALSE,FALSE
"b_landcover_change[9]",-1.03659517602512,0.0235740602948938,1.59314446274524,-4.22024628619164,-2.06296227976596,-1.00537682444938,-0.0135513071070352,2.07475060400192,4567.11068427993,0.999385403593673,9,NA,"landcover, forest_positive",NA,FALSE,FALSE
"b_landcover_change[10]",-1.23751390918746,0.0258662976720748,1.89771348150732,-5.04353679237081,-2.45388497018685,-1.27322205135013,0.0055790296644106,2.64266201810389,5382.60788662878,0.999187269868882,10,NA,"landcover, forest_positive",NA,FALSE,FALSE
"b_landcover_change[11]",-1.26052244552338,0.0297168831437727,2.16187665481501,-5.42367041618012,-2.72980869949098,-1.2501945234761,0.152664332761421,2.90927462353405,5292.43229159876,0.999351000969512,11,NA,"landcover, forest_positive",NA,FALSE,FALSE
"b_landcover_change[12]",-0.864824152534197,0.0210137243663874,1.53425577930348,-3.81762267710471,-1.80816583879012,-0.888173850916576,0.0561382067126834,2.22197516083359,5330.76420650076,0.999377548292498,12,NA,"landcover, forest_positive",NA,FALSE,FALSE
"b_landcover_change[13]",-1.1549776021334,0.0288396355960892,2.07917764615399,-5.08720625942056,-2.57035949168313,-1.19198224661963,0.230484347477012,2.89554683242467,5197.6096190766,0.999127244756794,13,NA,"landcover, forest_positive",NA,FALSE,FALSE
"b_landcover_change[14]",-1.40069869121269,0.0284754680601353,2.0436951934804,-5.54911830627438,-2.71688356039485,-1.4309848357835,-0.0157712560043193,2.55625938851763,5150.98759720843,0.999336088000541,14,NA,"landcover, forest_positive",NA,FALSE,FALSE
"b_landcover_change[15]",-1.18858123040159,0.023847517532381,1.76303398056539,-4.64336273644043,-2.35487725638488,-1.1933419204163,-0.0590883100054412,2.29421035306723,5465.56435561797,0.999023849298371,15,NA,"landcover, forest_positive",NA,FALSE,FALSE
"b_landcover_change[16]",-0.998287375429012,0.0226105570554583,1.67052587717472,-4.27933229849627,-2.10001099059716,-1.01584288543553,0.126692633976042,2.2500189935981,5458.63292631772,0.999242898349863,16,NA,"landcover, forest_positive",NA,FALSE,FALSE
"b_landcover_change[17]",-1.51064133762367,0.0282369136336272,2.00997712720256,-5.50622623575358,-2.80445951379466,-1.48874025426154,-0.193834282889096,2.38283349383724,5066.96354499926,0.999345945891582,17,NA,"landcover, forest_positive",NA,FALSE,FALSE
"b_landcover_change[18]",-1.07837681947132,0.0244419017641065,1.69173945105058,-4.45761225465781,-2.15475281224638,-1.10087773429878,-0.00438646670476354,2.26846894730804,4790.67782817147,0.999407794275042,18,NA,"landcover, forest_positive",NA,FALSE,FALSE
"b_landcover_change[19]",-1.17137679652868,0.0266985959807122,1.94630190603592,-4.96853889155416,-2.49132458450525,-1.1875475389193,0.094862285779494,2.71427592769488,5314.26943055352,0.999233558492915,19,NA,"landcover, forest_positive",NA,FALSE,FALSE
"b_landcover_change[20]",-0.923200253776472,0.0218212267185029,1.60876890153168,-4.02521341662609,-1.94629681022135,-0.956579795070736,0.111215169383023,2.31869100841025,5435.36860908814,0.999638230498627,20,NA,"landcover, forest_positive",NA,FALSE,FALSE
"b_landcover_change[21]",-1.15231604749309,0.0288511849276025,2.01685523881937,-5.20081196194286,-2.42606197270513,-1.10125245457034,0.196731262148918,2.75751708225294,4886.77278009436,0.99943224828932,21,NA,"landcover, forest_positive",NA,FALSE,FALSE
"b_landcover_change[22]",-1.01589809197455,0.0324212064878203,2.58902336138193,-6.05213960715548,-2.77537904308933,-1.04389492702931,0.734170351114012,4.06276634514186,6376.95854904774,0.999473109864626,22,NA,"landcover, forest_positive",NA,FALSE,FALSE
"b_landcover_change[23]",-0.774312823023722,0.0223794276681586,1.52510491961192,-3.6600887464577,-1.7631015076238,-0.795354902382404,0.159874638751392,2.31168318271185,4644.09925092672,0.999276881942225,23,NA,"landcover, forest_positive",NA,FALSE,FALSE
"b_landcover_change[24]",-0.637826447923279,0.0242264115633445,1.74204489745019,-4.10243721784116,-1.73386531778924,-0.621889722725542,0.448647483398644,2.7351624233896,5170.59481054284,0.999170310098793,24,NA,"landcover, forest_positive",NA,FALSE,FALSE
"b_landcover_change[25]",-0.141604504031936,0.0273777359292786,1.92503793860838,-4.0738969326913,-1.37288645209965,-0.166202345167745,1.15180335763835,3.52116185951683,4944.05764304627,0.999802421443184,25,NA,"landcover, forest_positive",NA,FALSE,FALSE
"b_landcover_change[26]",-1.38031685611008,0.0308794346001179,2.27005177365316,-5.85683539441022,-2.85489814404043,-1.39680318372551,0.110616930150231,3.13685389464599,5404.21781849739,0.999278677342732,26,NA,"landcover, forest_positive",NA,FALSE,FALSE
"b_landcover_change[27]",-0.964845300809993,0.0245217588825231,1.76829733901926,-4.26791011915911,-2.11612525965552,-0.975192796279394,0.18395047974971,2.55387879386637,5200.0479846694,0.999555287569028,27,NA,"landcover, forest_positive",NA,FALSE,FALSE
"b_landcover_change[28]",-1.02710964451264,0.0231955025137139,1.6516853614285,-4.26169319122232,-2.12340216209882,-1.04993389652051,0.034040840581178,2.2698830632337,5070.4565816921,0.999258029375596,28,NA,"landcover, forest_positive",NA,FALSE,FALSE
"b_landcover_change[29]",-1.22732310855081,0.0417391791246205,3.32537709920665,-7.8661229810185,-3.47919807086723,-1.18899689150077,1.06032441590966,5.17276284320564,6347.37264637757,0.999377026841882,29,NA,"landcover, forest_positive",NA,FALSE,FALSE
"b_landcover_change[30]",-1.27841289457767,0.0279781483456149,2.14471656504875,-5.42943611464997,-2.73902482665751,-1.27316293589059,0.147260483557451,3.10838456221398,5876.27179730484,0.99891951778675,30,NA,"landcover, forest_positive",NA,FALSE,FALSE
"b_landcover_change[31]",-1.00190093644261,0.0234856805969452,1.59707969669256,-4.24418752832662,-1.98650722253906,-0.986868551188754,-0.00640399237241387,2.11516265838271,4624.30932512683,1.00016760780301,31,NA,"landcover, forest_positive",NA,FALSE,FALSE
"b_landcover_change[32]",1.87744593697222,0.0805178439232139,6.52713072259628,-10.8359917550913,-2.56917109474005,1.81040588962706,6.39964418685085,14.7667980952242,6571.43697890731,0.999168165883982,32,NA,"landcover, forest_positive",NA,FALSE,FALSE
"b_landcover_change[33]",-1.46530970845992,0.0314671032691292,2.43859461335877,-6.12253599302823,-3.12989656338136,-1.52404313636392,0.156467486538142,3.41680927996087,6005.72842057991,0.998953456682237,33,NA,"landcover, forest_positive",NA,FALSE,FALSE
"b_landcover_change[34]",-1.93099595867223,0.0445821149608793,3.36424218721576,-8.4405114846268,-4.21130084996838,-1.98771494790018,0.256470893328468,4.88751119400123,5694.46817593674,0.999092168458675,34,NA,"landcover, forest_positive",NA,FALSE,FALSE
"b_landcover_change[35]",-0.757316903458888,0.0224060280992678,1.54216577472296,-3.75946683382967,-1.73905625084754,-0.733510935063042,0.235717252881294,2.28042610315989,4737.31614804808,0.999722593562877,35,NA,"landcover, forest_positive",NA,FALSE,FALSE
"b_landcover_change[36]",-1.65831565427199,0.027697746000068,2.20441359958853,-6.14787628241505,-3.07187952058393,-1.64472100122493,-0.162205763978784,2.47815523874853,6334.28072516857,0.999003702349844,36,NA,"landcover, forest_positive",NA,FALSE,FALSE
"b_landcover_change[37]",-0.823857927066035,0.0431140374020086,3.50405878186671,-7.75881319159635,-3.21093526608864,-0.776198052050926,1.55587416670789,5.90947378980985,6605.49514546343,0.999765020039882,37,NA,"landcover, forest_positive",NA,FALSE,FALSE
"b_landcover_change[38]",-1.81115957744712,0.0323123684841622,2.71866765244771,-7.18685668459793,-3.59246010334565,-1.82357488461125,0.0366693600217429,3.45982539152967,7079.044691264,0.999206577273209,38,NA,"landcover, forest_positive",NA,FALSE,FALSE
"b_landcover_change[39]",-0.968501475774452,0.023332812943628,1.60808842004182,-4.02378200162031,-1.99339028221653,-0.997899515289606,0.0697146414681316,2.17576171297815,4749.91294834952,0.999488589052376,39,NA,"landcover, forest_positive",NA,FALSE,FALSE
"b_landcover_change[40]",-1.4003088068889,0.0304585033473068,2.19830584358572,-5.60119864494231,-2.88980059631005,-1.38827391415235,0.0800996844780119,2.99615573625558,5209.05700217988,0.998931167680598,40,NA,"landcover, forest_positive",NA,FALSE,FALSE
"b_landcover_change[41]",0.766135708349843,0.0505821288587457,4.09325546023572,-7.15851401062264,-1.96626045442945,0.743513440641408,3.49947582418882,8.7342956097607,6548.52503883575,0.999332815706067,41,NA,"landcover, forest_positive",NA,FALSE,FALSE
"b_landcover_change[42]",-1.60229801139983,0.0340311347581275,2.69077971513487,-6.84344573299941,-3.4414746722916,-1.59040884039998,0.210118626608462,3.71614237604372,6251.77628217392,0.999157378764784,42,NA,"landcover, forest_positive",NA,FALSE,FALSE
"b_landcover_change[43]",-1.24044415302796,0.0337328817890504,2.73096126535744,-6.65753223520312,-3.05648380427392,-1.20726849439204,0.573175467513838,4.10067919444479,6554.26794649513,0.999753623417029,43,NA,"landcover, forest_positive",NA,FALSE,FALSE
"b_landcover_change[44]",1.14358395077459,0.0575647809084603,4.82474719517871,-8.30441841389653,-2.11808665704428,1.16090543464141,4.44286508116807,10.615479852967,7024.82342722395,0.999172548900089,44,NA,"landcover, forest_positive",NA,FALSE,FALSE
"b_landcover_change[45]",0.432885765358589,0.0368059167135345,2.87433330435066,-5.3259118246828,-1.45217069898871,0.416302223634514,2.38651169519685,5.97292038604154,6098.723947729,0.999330256947834,45,NA,"landcover, forest_positive",NA,FALSE,FALSE
"b_landcover_change[46]",0.256706293151866,0.0380666386428045,2.9294836488917,-5.60361502551367,-1.6913007902979,0.26557897143631,2.22022638977356,6.02512946783609,5922.33674311581,0.999459807893371,46,NA,"landcover, forest_positive",NA,FALSE,FALSE
"b_landcover_change[47]",0.596468126242119,0.0445734244140974,3.34149653525835,-5.88486545667783,-1.67550157906792,0.514532762709887,2.91699395896523,7.00638963983348,5619.91864941994,0.999057394577901,47,NA,"landcover, forest_positive",NA,FALSE,FALSE
"b_landcover_change[48]",-1.15144183475341,0.0342539551221075,2.66450251806877,-6.45569551006016,-2.94975684672471,-1.19053507032934,0.636348095834627,4.03575687463035,6050.77245533389,0.999938340294752,48,NA,"landcover, forest_positive",NA,FALSE,FALSE
"b_landcover_change[49]",-1.10891778024957,0.0226170443512091,1.68731174486592,-4.45406703115599,-2.20838040780341,-1.11407073693959,0.0135997602483879,2.20612758775224,5565.68931476397,0.999609380995914,49,NA,"landcover, forest_positive",NA,FALSE,FALSE
"b_landcover_change[50]",0.0253416272707447,0.0278797960816666,2.17323725268569,-4.1518313314556,-1.43098914500048,0.0100913107406457,1.47253271288474,4.27554234013348,6076.2424713722,0.999260557748103,50,NA,"landcover, forest_positive",NA,FALSE,FALSE
"b_landcover_change[51]",-1.35562281836448,0.0270739129013324,2.1699231462657,-5.61233906994085,-2.79409726771289,-1.33297236002846,0.0619003956435794,2.9477573463361,6423.72070247005,0.999311604979364,51,NA,"landcover, forest_positive",NA,FALSE,FALSE
"b_landcover_change[52]",-0.670576355118625,0.0212251384175384,1.39740437940447,-3.40951456345746,-1.50057454594865,-0.669020970000133,0.164963689902806,2.14781836916868,4334.54122398213,1.00029941911572,52,NA,"landcover, forest_positive",NA,FALSE,FALSE
"b_landcover_change[53]",1.67317048584714,0.076132698278688,6.26669792459097,-10.5584926047753,-2.49543388351098,1.61475763077485,5.87951204296706,13.8560307124843,6775.40214205213,0.999104717291487,53,NA,"landcover, forest_positive",NA,FALSE,FALSE
"b_landcover_change[54]",-0.97327388973952,0.0245646880396101,1.67580685141111,-4.26022073004557,-2.0698499147752,-0.986354744594798,0.101705134648406,2.38883937330892,4653.98969164932,0.99929469032515,54,NA,"landcover, forest_positive",NA,FALSE,FALSE
"b_landcover_change[55]",-0.273132355412129,0.0264270810206119,2.01468517920445,-4.13704675983296,-1.59092310495352,-0.268202913134937,1.08413508026298,3.65919125016185,5811.87133075154,0.999519660474901,55,NA,"landcover, forest_positive",NA,FALSE,FALSE
"b_landcover_change[56]",-0.83560790050794,0.0197153033524574,1.39877121655407,-3.70258708712254,-1.65716445961581,-0.801305858225915,-0.0024662234257814,1.88629175461832,5033.68977210123,0.999654867990701,56,NA,"landcover, forest_positive",NA,FALSE,FALSE
"b_landcover_change[57]",-1.05142052831382,0.0238356523157623,1.83555124836051,-4.70187581793271,-2.2643291576769,-1.0717612834572,0.170031758912568,2.50176821957793,5930.3311516502,0.999339688602404,57,NA,"landcover, forest_positive",NA,FALSE,FALSE
"b_landcover_change[58]",0.0148803902159185,0.0313596670178353,2.2273976064266,-4.36796992848525,-1.44977468443719,-0.0129510345721746,1.49160660831109,4.30226342148774,5044.90058005507,0.999473404876869,58,NA,"landcover, forest_positive",NA,FALSE,FALSE
"b_landcover_change[59]",0.904834453917579,0.0542116694355829,4.32718628553695,-7.73830590067309,-2.00553858525101,0.901829503040832,3.84097392992077,9.26407947932971,6371.26429522016,0.999332328387058,59,NA,"landcover, forest_positive",NA,FALSE,FALSE
"b_landcover_change[60]",-0.515602451593682,0.0251609211801038,1.83996294427896,-4.01779170559016,-1.71367196826299,-0.513007696430224,0.673955291392592,3.02580580160013,5347.67590248229,0.999665062589229,60,NA,"landcover, forest_positive",NA,FALSE,FALSE
"b_landcover_change[61]",-1.22027983705388,0.0322088268460933,2.58051659778039,-6.41894805794804,-2.94637152485015,-1.14729195237695,0.477065498444739,3.63858737013278,6418.94272061775,0.9993359555643,61,NA,"landcover, forest_positive",NA,FALSE,FALSE
"b_landcover_change[62]",0.885563234772601,0.0477132153492157,3.71624459956091,-6.5639608701958,-1.67112429259555,0.90949128006952,3.41042604348907,7.84585169121667,6066.40238474033,0.999160981084707,62,NA,"landcover, forest_positive",NA,FALSE,FALSE
"b_landcover_change[63]",0.724152714909805,0.0433264067162895,3.38506091040425,-5.96178535122387,-1.51876211436241,0.71063428605133,3.02672739222146,7.32259417105667,6104.18420820676,0.999319517799062,63,NA,"landcover, forest_positive",NA,FALSE,FALSE
"lp__",-10672.4538350319,2.74474642281384,58.7371710878214,-10784.8979299482,-10711.4701641213,-10671.7627109635,-10631.5738575474,-10558.9447963237,457.953725844483,1.00855917238856,NA,NA,NA,NA,TRUE,TRUE
