"year","quarter_route","common_name","sci_name","q_rt_standard","route","quarter","q_rt_count","primary_observer","observer_ID","observer_quality","sp_id","rmax_dev_quarter","perc_barren","rmax_dev_plus_barren","perc_forest_quarter","perc_grassland_quarter","earliest_year","change_count","years_btwn","change_dev","change_forest","change_grassland","change_obs","change_obs_qual","flag_0_to_0"
2024,"cthm-05-3","Acadian Flycatcher","Empidonax virescens",2,"cthm-05",3,1,"Tom Driscoll",61,0.266884457576338,1,10.8096188811836,0,10.8096188811836,52.0974320106219,34.137308715512,"latest",1,24,0.857727073466753,4.6757698249702,-5.6403218995471,1,0.146572603988068,FALSE
2024,"cthm-07-4","Acadian Flycatcher","Empidonax virescens",4,"cthm-07",4,4,"Will Cook",65,0.0497144344661238,1,11.6719084969188,0,11.6719084969188,65.4472943593752,22.880797143706,"latest",3,24,0.682121989866378,1.88484374530861,-2.5669657351751,0,0,FALSE
2024,"cthm-09-3","Acadian Flycatcher","Empidonax virescens",6,"cthm-09",3,1,"Shelley Theye",57,0,1,21.579453879736,0,21.579453879736,72.7048540055279,5.64394179298578,"latest",1,24,8.85335927982986,8.3451204166646,-22.9541301139097,1,-0.0220746590093324,FALSE
2024,"drhm-01-3","Acadian Flycatcher","Empidonax virescens",12,"drhm-01",3,1,"Noah Rokoske",45,0.331760101623359,1,10.1490477194072,0,10.1490477194072,77.0510896628043,12.7967670361644,"latest",0,21,0.430435064102488,0.403002074554195,-0.4043475127317,1,0.463988553091548,FALSE
2024,"orng-08-3","Acadian Flycatcher","Empidonax virescens",18,"orng-08",3,1,"William Mackin",66,0.220214045898082,1,12.5838282442301,0,12.5838282442301,66.4047419346485,19.5497542417987,"latest",1,23,0.500520318852447,0.207168348776705,-0.6720380437432,1,0.284807276668392,FALSE
2024,"cthm-05-3","American Crow","Corvus brachyrhynchos",2,"cthm-05",3,6,"Tom Driscoll",61,0.266884457576338,2,10.8096188811836,0,10.8096188811836,52.0974320106219,34.137308715512,"latest",3,24,0.857727073466753,4.6757698249702,-5.6403218995471,1,0.146572603988068,FALSE
2024,"cthm-06-2","American Crow","Corvus brachyrhynchos",3,"cthm-06",2,7,"Roger Shaw",53,0.0868382388701524,2,12.2760040222377,0,12.2760040222377,33.1975153890815,54.5616154711724,"latest",-19,24,0.394724230678124,2.1365177843689,-2.3889001580433,1,0.231087740720832,FALSE
2024,"cthm-07-4","American Crow","Corvus brachyrhynchos",4,"cthm-07",4,6,"Will Cook",65,0.0497144344661238,2,11.6719084969188,0,11.6719084969188,65.4472943593752,22.880797143706,"latest",3,24,0.682121989866378,1.88484374530861,-2.5669657351751,0,0,FALSE
2024,"cthm-08-4","American Crow","Corvus brachyrhynchos",5,"cthm-08",4,10,"Fleeta Chauvigne",18,0.15526277717088,2,11.3061302730189,0,11.3061302730189,52.1500644406863,36.0054616642042,"latest",-3,24,1.08005798168633,0.00828636122749771,-1.0883443429138,1,0.28749122863907,FALSE
2024,"cthm-09-3","American Crow","Corvus brachyrhynchos",6,"cthm-09",3,0,"Shelley Theye",57,0,2,21.579453879736,0,21.579453879736,72.7048540055279,5.64394179298578,"latest",-7,24,8.85335927982986,8.3451204166646,-22.9541301139097,1,-0.0220746590093324,FALSE
2024,"cthm-10-1","American Crow","Corvus brachyrhynchos",7,"cthm-10",1,12,"Fleeta Wilkinson",19,0.200661521499449,2,18.6227649566035,0,18.6227649566035,76.3451364744065,5.2111824932638,"latest",10,24,3.53024256955014,0.502104472372807,-3.85326311764916,1,0.173662559921048,FALSE
2024,"cthm-11-1","American Crow","Corvus brachyrhynchos",8,"cthm-11",1,7,"Ivara Goulden",22,0.0232681353687694,2,14.0922574184738,0,14.0922574184738,66.4345012861326,19.5090835893003,"latest",-2,24,1.4649353547569,2.4077921858221,-3.6219594914239,1,0.180254006640355,FALSE
2024,"cthm-11-4","American Crow","Corvus brachyrhynchos",9,"cthm-11",4,4,"Ivara Goulden",22,0.0232681353687694,2,16.0555887376667,0,16.0555887376667,71.3941034077336,12.4065498058726,"latest",0,24,0.82383164274888,5.30092528985459,-6.0528144865603,1,0.180254006640355,FALSE
2024,"cthm-12-2","American Crow","Corvus brachyrhynchos",10,"cthm-12",2,1,"Tom Driscoll",61,0.266884457576338,2,16.0346177108776,0,16.0346177108776,33.2965903666824,49.9489717411841,"latest",-3,24,1.25464462870045,1.8794505449378,-3.1701916641726,1,0.00922142168749573,FALSE
2024,"drhm-01-1","American Crow","Corvus brachyrhynchos",11,"drhm-01",1,7,"Noah Rokoske",45,0.331760101623359,2,16.3544494815658,0,16.3544494815658,40.2766308855972,43.0092572778672,"latest",5,21,2.0176422244898,0.212797736216203,-2.3392689930673,1,0.463988553091548,FALSE
2024,"drhm-01-3","American Crow","Corvus brachyrhynchos",12,"drhm-01",3,1,"Noah Rokoske",45,0.331760101623359,2,10.1490477194072,0,10.1490477194072,77.0510896628043,12.7967670361644,"latest",-4,21,0.430435064102488,0.403002074554195,-0.4043475127317,1,0.463988553091548,FALSE
2024,"drhm-01-4","American Crow","Corvus brachyrhynchos",13,"drhm-01",4,7,"Noah Rokoske",45,0.331760101623359,2,13.5242819811929,0,13.5242819811929,63.0883448158475,23.3871162656523,"latest",2,21,1.25097231657792,2.5361365951107,-3.7154879832455,1,0.463988553091548,FALSE
2024,"orng-03-1","American Crow","Corvus brachyrhynchos",15,"orng-03",1,11,"Bradley Saul",9,-0.0252322005332264,2,18.1275146422205,0,18.1275146422205,43.5001273236567,37.8728036669213,"latest",4,23,2.49630761395469,0.894003055767797,-3.3190094219506,1,-0.451794700533226,FALSE
2024,"orng-03-4","American Crow","Corvus brachyrhynchos",16,"orng-03",4,3,"Bradley Saul",9,-0.0252322005332264,2,13.0442834676156,0,13.0442834676156,43.2535936841784,43.3404487030722,"latest",1,23,1.29089083170278,1.2024179950105,-2.3842300811445,1,-0.451794700533226,FALSE
2024,"orng-07-1","American Crow","Corvus brachyrhynchos",17,"orng-07",1,2,"Brian Bockhahn",10,0.00283570892723184,2,20.9871937161696,0,20.9871937161696,55.590972310896,23.2779490808481,"latest",-8,23,5.94149686063044,1.5691896825894,-7.4747153201982,1,0.120010668798821,FALSE
2024,"orng-08-3","American Crow","Corvus brachyrhynchos",18,"orng-08",3,3,"William Mackin",66,0.220214045898082,2,12.5838282442301,0,12.5838282442301,66.4047419346485,19.5497542417987,"latest",1,23,0.500520318852447,0.207168348776705,-0.6720380437432,1,0.284807276668392,FALSE
2024,"orng-08-4","American Crow","Corvus brachyrhynchos",19,"orng-08",4,3,"William Mackin",66,0.220214045898082,2,12.1376425791306,0,12.1376425791306,51.5751526891972,34.0683559960644,"latest",-7,23,1.07259052189947,1.2788711896135,-2.3512075173086,1,0.284807276668392,FALSE
2024,"orng-09-4","American Crow","Corvus brachyrhynchos",20,"orng-09",4,5,"Karen Hogan",29,0.00854025787807335,2,16.0191695218452,0,16.0191695218452,69.9111296884624,13.8212323620468,"latest",4,23,0.967298363710221,0.0382152224147916,-0.7898124241754,1,-0.175512585682099,FALSE
2024,"orng-10-3","American Crow","Corvus brachyrhynchos",21,"orng-10",3,5,"Paul Taillie",49,0.278195488721805,2,41.0905843114125,0,41.0905843114125,45.3783299946307,13.2084842897751,"latest",1,23,5.87745097366036,0.0367394492157942,-5.5577393600871,1,0.228481054255681,FALSE
2024,"orng-11-4","American Crow","Corvus brachyrhynchos",22,"orng-11",4,7,"Suzanne Roberts",60,0.283763277693475,2,16.3867334859487,0,16.3867334859487,73.0828360252486,12.9380576958055,"latest",3,23,0.78862591072472,0.723948958327298,1.2561331518066,1,0.428012779544154,FALSE
2024,"cthm-06-2","American Goldfinch","Spinus tristis",3,"cthm-06",2,2,"Roger Shaw",53,0.0868382388701524,3,12.2760040222377,0,12.2760040222377,33.1975153890815,54.5616154711724,"latest",0,24,0.394724230678124,2.1365177843689,-2.3889001580433,1,0.231087740720832,FALSE
2024,"cthm-07-4","American Goldfinch","Spinus tristis",4,"cthm-07",4,10,"Will Cook",65,0.0497144344661238,3,11.6719084969188,0,11.6719084969188,65.4472943593752,22.880797143706,"latest",8,24,0.682121989866378,1.88484374530861,-2.5669657351751,0,0,FALSE
2024,"cthm-08-4","American Goldfinch","Spinus tristis",5,"cthm-08",4,6,"Fleeta Chauvigne",18,0.15526277717088,3,11.3061302730189,0,11.3061302730189,52.1500644406863,36.0054616642042,"latest",-4,24,1.08005798168633,0.00828636122749771,-1.0883443429138,1,0.28749122863907,FALSE
2024,"cthm-09-3","American Goldfinch","Spinus tristis",6,"cthm-09",3,2,"Shelley Theye",57,0,3,21.579453879736,0,21.579453879736,72.7048540055279,5.64394179298578,"latest",1,24,8.85335927982986,8.3451204166646,-22.9541301139097,1,-0.0220746590093324,FALSE
2024,"cthm-11-4","American Goldfinch","Spinus tristis",9,"cthm-11",4,5,"Ivara Goulden",22,0.0232681353687694,3,16.0555887376667,0,16.0555887376667,71.3941034077336,12.4065498058726,"latest",5,24,0.82383164274888,5.30092528985459,-6.0528144865603,1,0.180254006640355,FALSE
2024,"cthm-12-2","American Goldfinch","Spinus tristis",10,"cthm-12",2,0,"Tom Driscoll",61,0.266884457576338,3,16.0346177108776,0,16.0346177108776,33.2965903666824,49.9489717411841,"latest",-1,24,1.25464462870045,1.8794505449378,-3.1701916641726,1,0.00922142168749573,FALSE
2024,"drhm-01-1","American Goldfinch","Spinus tristis",11,"drhm-01",1,0,"Noah Rokoske",45,0.331760101623359,3,16.3544494815658,0,16.3544494815658,40.2766308855972,43.0092572778672,"latest",-3,21,2.0176422244898,0.212797736216203,-2.3392689930673,1,0.463988553091548,FALSE
2024,"drhm-01-3","American Goldfinch","Spinus tristis",12,"drhm-01",3,2,"Noah Rokoske",45,0.331760101623359,3,10.1490477194072,0,10.1490477194072,77.0510896628043,12.7967670361644,"latest",-1,21,0.430435064102488,0.403002074554195,-0.4043475127317,1,0.463988553091548,FALSE
2024,"drhm-01-4","American Goldfinch","Spinus tristis",13,"drhm-01",4,10,"Noah Rokoske",45,0.331760101623359,3,13.5242819811929,0,13.5242819811929,63.0883448158475,23.3871162656523,"latest",10,21,1.25097231657792,2.5361365951107,-3.7154879832455,1,0.463988553091548,FALSE
2024,"drhm-04-4","American Goldfinch","Spinus tristis",14,"drhm-04",4,1,"Stephen Brooks",58,-0.0965391621129326,3,26.560858779761,2.74021352313168,29.3010723028927,34.4298452730873,28.2533973614955,"latest",1,21,1.57133622844622,1.1211192012491,-2.6191066862193,1,-0.216851015701202,FALSE
2024,"orng-03-1","American Goldfinch","Spinus tristis",15,"orng-03",1,0,"Bradley Saul",9,-0.0252322005332264,3,18.1275146422205,0,18.1275146422205,43.5001273236567,37.8728036669213,"latest",-1,23,2.49630761395469,0.894003055767797,-3.3190094219506,1,-0.451794700533226,FALSE
2024,"orng-03-4","American Goldfinch","Spinus tristis",16,"orng-03",4,0,"Bradley Saul",9,-0.0252322005332264,3,13.0442834676156,0,13.0442834676156,43.2535936841784,43.3404487030722,"latest",-3,23,1.29089083170278,1.2024179950105,-2.3842300811445,1,-0.451794700533226,FALSE
2024,"orng-07-1","American Goldfinch","Spinus tristis",17,"orng-07",1,0,"Brian Bockhahn",10,0.00283570892723184,3,20.9871937161696,0,20.9871937161696,55.590972310896,23.2779490808481,"latest",-2,23,5.94149686063044,1.5691896825894,-7.4747153201982,1,0.120010668798821,FALSE
2024,"orng-08-3","American Goldfinch","Spinus tristis",18,"orng-08",3,0,"William Mackin",66,0.220214045898082,3,12.5838282442301,0,12.5838282442301,66.4047419346485,19.5497542417987,"latest",-2,23,0.500520318852447,0.207168348776705,-0.6720380437432,1,0.284807276668392,FALSE
2024,"orng-08-4","American Goldfinch","Spinus tristis",19,"orng-08",4,3,"William Mackin",66,0.220214045898082,3,12.1376425791306,0,12.1376425791306,51.5751526891972,34.0683559960644,"latest",1,23,1.07259052189947,1.2788711896135,-2.3512075173086,1,0.284807276668392,FALSE
2024,"orng-10-3","American Goldfinch","Spinus tristis",21,"orng-10",3,0,"Paul Taillie",49,0.278195488721805,3,41.0905843114125,0,41.0905843114125,45.3783299946307,13.2084842897751,"latest",-1,23,5.87745097366036,0.0367394492157942,-5.5577393600871,1,0.228481054255681,FALSE
2024,"orng-11-4","American Goldfinch","Spinus tristis",22,"orng-11",4,3,"Suzanne Roberts",60,0.283763277693475,3,16.3867334859487,0,16.3867334859487,73.0828360252486,12.9380576958055,"latest",-6,23,0.78862591072472,0.723948958327298,1.2561331518066,1,0.428012779544154,FALSE
2024,"cthm-03-4","American Robin","Turdus migratorius",1,"cthm-03",4,1,"Haven Wiley",21,-0.00587334517820854,4,16.989105551541,0,16.989105551541,35.2387814904471,46.9868415851912,"latest",-4,24,2.28572794358414,0.368802942163001,-2.6904354784901,0,0,FALSE
2024,"cthm-09-3","American Robin","Turdus migratorius",6,"cthm-09",3,2,"Shelley Theye",57,0,4,21.579453879736,0,21.579453879736,72.7048540055279,5.64394179298578,"latest",2,24,8.85335927982986,8.3451204166646,-22.9541301139097,1,-0.0220746590093324,FALSE
2024,"cthm-10-1","American Robin","Turdus migratorius",7,"cthm-10",1,0,"Fleeta Wilkinson",19,0.200661521499449,4,18.6227649566035,0,18.6227649566035,76.3451364744065,5.2111824932638,"latest",-1,24,3.53024256955014,0.502104472372807,-3.85326311764916,1,0.173662559921048,FALSE
2024,"cthm-11-1","American Robin","Turdus migratorius",8,"cthm-11",1,0,"Ivara Goulden",22,0.0232681353687694,4,14.0922574184738,0,14.0922574184738,66.4345012861326,19.5090835893003,"latest",-1,24,1.4649353547569,2.4077921858221,-3.6219594914239,1,0.180254006640355,FALSE
2024,"cthm-12-2","American Robin","Turdus migratorius",10,"cthm-12",2,1,"Tom Driscoll",61,0.266884457576338,4,16.0346177108776,0,16.0346177108776,33.2965903666824,49.9489717411841,"latest",0,24,1.25464462870045,1.8794505449378,-3.1701916641726,1,0.00922142168749573,FALSE
2024,"drhm-01-1","American Robin","Turdus migratorius",11,"drhm-01",1,0,"Noah Rokoske",45,0.331760101623359,4,16.3544494815658,0,16.3544494815658,40.2766308855972,43.0092572778672,"latest",-1,21,2.0176422244898,0.212797736216203,-2.3392689930673,1,0.463988553091548,FALSE
2024,"drhm-04-4","American Robin","Turdus migratorius",14,"drhm-04",4,0,"Stephen Brooks",58,-0.0965391621129326,4,26.560858779761,2.74021352313168,29.3010723028927,34.4298452730873,28.2533973614955,"latest",-3,21,1.57133622844622,1.1211192012491,-2.6191066862193,1,-0.216851015701202,FALSE
2024,"orng-03-1","American Robin","Turdus migratorius",15,"orng-03",1,1,"Bradley Saul",9,-0.0252322005332264,4,18.1275146422205,0,18.1275146422205,43.5001273236567,37.8728036669213,"latest",-2,23,2.49630761395469,0.894003055767797,-3.3190094219506,1,-0.451794700533226,FALSE
2024,"orng-03-4","American Robin","Turdus migratorius",16,"orng-03",4,0,"Bradley Saul",9,-0.0252322005332264,4,13.0442834676156,0,13.0442834676156,43.2535936841784,43.3404487030722,"latest",-3,23,1.29089083170278,1.2024179950105,-2.3842300811445,1,-0.451794700533226,FALSE
2024,"orng-07-1","American Robin","Turdus migratorius",17,"orng-07",1,3,"Brian Bockhahn",10,0.00283570892723184,4,20.9871937161696,0,20.9871937161696,55.590972310896,23.2779490808481,"latest",0,23,5.94149686063044,1.5691896825894,-7.4747153201982,1,0.120010668798821,FALSE
2024,"orng-08-4","American Robin","Turdus migratorius",19,"orng-08",4,0,"William Mackin",66,0.220214045898082,4,12.1376425791306,0,12.1376425791306,51.5751526891972,34.0683559960644,"latest",-2,23,1.07259052189947,1.2788711896135,-2.3512075173086,1,0.284807276668392,FALSE
2024,"orng-09-4","American Robin","Turdus migratorius",20,"orng-09",4,0,"Karen Hogan",29,0.00854025787807335,4,16.0191695218452,0,16.0191695218452,69.9111296884624,13.8212323620468,"latest",-3,23,0.967298363710221,0.0382152224147916,-0.7898124241754,1,-0.175512585682099,FALSE
2024,"orng-10-3","American Robin","Turdus migratorius",21,"orng-10",3,0,"Paul Taillie",49,0.278195488721805,4,41.0905843114125,0,41.0905843114125,45.3783299946307,13.2084842897751,"latest",-2,23,5.87745097366036,0.0367394492157942,-5.5577393600871,1,0.228481054255681,FALSE
2024,"cthm-03-4","Barn Swallow","Hirundo rustica",1,"cthm-03",4,4,"Haven Wiley",21,-0.00587334517820854,5,16.989105551541,0,16.989105551541,35.2387814904471,46.9868415851912,"latest",4,24,2.28572794358414,0.368802942163001,-2.6904354784901,0,0,FALSE
2024,"cthm-05-3","Barn Swallow","Hirundo rustica",2,"cthm-05",3,0,"Tom Driscoll",61,0.266884457576338,5,10.8096188811836,0,10.8096188811836,52.0974320106219,34.137308715512,"latest",-1,24,0.857727073466753,4.6757698249702,-5.6403218995471,1,0.146572603988068,FALSE
2024,"cthm-06-2","Barn Swallow","Hirundo rustica",3,"cthm-06",2,0,"Roger Shaw",53,0.0868382388701524,5,12.2760040222377,0,12.2760040222377,33.1975153890815,54.5616154711724,"latest",-1,24,0.394724230678124,2.1365177843689,-2.3889001580433,1,0.231087740720832,FALSE
2024,"cthm-08-4","Barn Swallow","Hirundo rustica",5,"cthm-08",4,3,"Fleeta Chauvigne",18,0.15526277717088,5,11.3061302730189,0,11.3061302730189,52.1500644406863,36.0054616642042,"latest",-5,24,1.08005798168633,0.00828636122749771,-1.0883443429138,1,0.28749122863907,FALSE
2024,"cthm-12-2","Barn Swallow","Hirundo rustica",10,"cthm-12",2,6,"Tom Driscoll",61,0.266884457576338,5,16.0346177108776,0,16.0346177108776,33.2965903666824,49.9489717411841,"latest",5,24,1.25464462870045,1.8794505449378,-3.1701916641726,1,0.00922142168749573,FALSE
2024,"orng-10-3","Barn Swallow","Hirundo rustica",21,"orng-10",3,0,"Paul Taillie",49,0.278195488721805,5,41.0905843114125,0,41.0905843114125,45.3783299946307,13.2084842897751,"latest",-3,23,5.87745097366036,0.0367394492157942,-5.5577393600871,1,0.228481054255681,FALSE
2024,"orng-11-4","Barn Swallow","Hirundo rustica",22,"orng-11",4,2,"Suzanne Roberts",60,0.283763277693475,5,16.3867334859487,0,16.3867334859487,73.0828360252486,12.9380576958055,"latest",-2,23,0.78862591072472,0.723948958327298,1.2561331518066,1,0.428012779544154,FALSE
2024,"cthm-03-4","Blue Grosbeak","Passerina caerulea",1,"cthm-03",4,1,"Haven Wiley",21,-0.00587334517820854,6,16.989105551541,0,16.989105551541,35.2387814904471,46.9868415851912,"latest",-1,24,2.28572794358414,0.368802942163001,-2.6904354784901,0,0,FALSE
2024,"cthm-05-3","Blue Grosbeak","Passerina caerulea",2,"cthm-05",3,2,"Tom Driscoll",61,0.266884457576338,6,10.8096188811836,0,10.8096188811836,52.0974320106219,34.137308715512,"latest",0,24,0.857727073466753,4.6757698249702,-5.6403218995471,1,0.146572603988068,FALSE
2024,"cthm-06-2","Blue Grosbeak","Passerina caerulea",3,"cthm-06",2,3,"Roger Shaw",53,0.0868382388701524,6,12.2760040222377,0,12.2760040222377,33.1975153890815,54.5616154711724,"latest",3,24,0.394724230678124,2.1365177843689,-2.3889001580433,1,0.231087740720832,FALSE
2024,"cthm-07-4","Blue Grosbeak","Passerina caerulea",4,"cthm-07",4,1,"Will Cook",65,0.0497144344661238,6,11.6719084969188,0,11.6719084969188,65.4472943593752,22.880797143706,"latest",0,24,0.682121989866378,1.88484374530861,-2.5669657351751,0,0,FALSE
2024,"cthm-08-4","Blue Grosbeak","Passerina caerulea",5,"cthm-08",4,2,"Fleeta Chauvigne",18,0.15526277717088,6,11.3061302730189,0,11.3061302730189,52.1500644406863,36.0054616642042,"latest",2,24,1.08005798168633,0.00828636122749771,-1.0883443429138,1,0.28749122863907,FALSE
2024,"cthm-09-3","Blue Grosbeak","Passerina caerulea",6,"cthm-09",3,0,"Shelley Theye",57,0,6,21.579453879736,0,21.579453879736,72.7048540055279,5.64394179298578,"latest",-2,24,8.85335927982986,8.3451204166646,-22.9541301139097,1,-0.0220746590093324,FALSE
2024,"cthm-10-1","Blue Grosbeak","Passerina caerulea",7,"cthm-10",1,1,"Fleeta Wilkinson",19,0.200661521499449,6,18.6227649566035,0,18.6227649566035,76.3451364744065,5.2111824932638,"latest",1,24,3.53024256955014,0.502104472372807,-3.85326311764916,1,0.173662559921048,FALSE
2024,"cthm-11-4","Blue Grosbeak","Passerina caerulea",9,"cthm-11",4,0,"Ivara Goulden",22,0.0232681353687694,6,16.0555887376667,0,16.0555887376667,71.3941034077336,12.4065498058726,"latest",-3,24,0.82383164274888,5.30092528985459,-6.0528144865603,1,0.180254006640355,FALSE
2024,"cthm-12-2","Blue Grosbeak","Passerina caerulea",10,"cthm-12",2,2,"Tom Driscoll",61,0.266884457576338,6,16.0346177108776,0,16.0346177108776,33.2965903666824,49.9489717411841,"latest",2,24,1.25464462870045,1.8794505449378,-3.1701916641726,1,0.00922142168749573,FALSE
2024,"drhm-01-1","Blue Grosbeak","Passerina caerulea",11,"drhm-01",1,2,"Noah Rokoske",45,0.331760101623359,6,16.3544494815658,0,16.3544494815658,40.2766308855972,43.0092572778672,"latest",2,21,2.0176422244898,0.212797736216203,-2.3392689930673,1,0.463988553091548,FALSE
2024,"drhm-01-3","Blue Grosbeak","Passerina caerulea",12,"drhm-01",3,2,"Noah Rokoske",45,0.331760101623359,6,10.1490477194072,0,10.1490477194072,77.0510896628043,12.7967670361644,"latest",0,21,0.430435064102488,0.403002074554195,-0.4043475127317,1,0.463988553091548,FALSE
2024,"drhm-01-4","Blue Grosbeak","Passerina caerulea",13,"drhm-01",4,2,"Noah Rokoske",45,0.331760101623359,6,13.5242819811929,0,13.5242819811929,63.0883448158475,23.3871162656523,"latest",1,21,1.25097231657792,2.5361365951107,-3.7154879832455,1,0.463988553091548,FALSE
2024,"drhm-04-4","Blue Grosbeak","Passerina caerulea",14,"drhm-04",4,1,"Stephen Brooks",58,-0.0965391621129326,6,26.560858779761,2.74021352313168,29.3010723028927,34.4298452730873,28.2533973614955,"latest",1,21,1.57133622844622,1.1211192012491,-2.6191066862193,1,-0.216851015701202,FALSE
2024,"orng-03-1","Blue Grosbeak","Passerina caerulea",15,"orng-03",1,1,"Bradley Saul",9,-0.0252322005332264,6,18.1275146422205,0,18.1275146422205,43.5001273236567,37.8728036669213,"latest",1,23,2.49630761395469,0.894003055767797,-3.3190094219506,1,-0.451794700533226,FALSE
2024,"orng-03-4","Blue Grosbeak","Passerina caerulea",16,"orng-03",4,0,"Bradley Saul",9,-0.0252322005332264,6,13.0442834676156,0,13.0442834676156,43.2535936841784,43.3404487030722,"latest",-2,23,1.29089083170278,1.2024179950105,-2.3842300811445,1,-0.451794700533226,FALSE
2024,"orng-07-1","Blue Grosbeak","Passerina caerulea",17,"orng-07",1,1,"Brian Bockhahn",10,0.00283570892723184,6,20.9871937161696,0,20.9871937161696,55.590972310896,23.2779490808481,"latest",1,23,5.94149686063044,1.5691896825894,-7.4747153201982,1,0.120010668798821,FALSE
2024,"orng-08-3","Blue Grosbeak","Passerina caerulea",18,"orng-08",3,1,"William Mackin",66,0.220214045898082,6,12.5838282442301,0,12.5838282442301,66.4047419346485,19.5497542417987,"latest",1,23,0.500520318852447,0.207168348776705,-0.6720380437432,1,0.284807276668392,FALSE
2024,"orng-09-4","Blue Grosbeak","Passerina caerulea",20,"orng-09",4,1,"Karen Hogan",29,0.00854025787807335,6,16.0191695218452,0,16.0191695218452,69.9111296884624,13.8212323620468,"latest",1,23,0.967298363710221,0.0382152224147916,-0.7898124241754,1,-0.175512585682099,FALSE
2024,"orng-10-3","Blue Grosbeak","Passerina caerulea",21,"orng-10",3,1,"Paul Taillie",49,0.278195488721805,6,41.0905843114125,0,41.0905843114125,45.3783299946307,13.2084842897751,"latest",1,23,5.87745097366036,0.0367394492157942,-5.5577393600871,1,0.228481054255681,FALSE
2024,"cthm-03-4","Blue Jay","Cyanocitta cristata",1,"cthm-03",4,3,"Haven Wiley",21,-0.00587334517820854,7,16.989105551541,0,16.989105551541,35.2387814904471,46.9868415851912,"latest",2,24,2.28572794358414,0.368802942163001,-2.6904354784901,0,0,FALSE
2024,"cthm-05-3","Blue Jay","Cyanocitta cristata",2,"cthm-05",3,0,"Tom Driscoll",61,0.266884457576338,7,10.8096188811836,0,10.8096188811836,52.0974320106219,34.137308715512,"latest",-1,24,0.857727073466753,4.6757698249702,-5.6403218995471,1,0.146572603988068,FALSE
2024,"cthm-07-4","Blue Jay","Cyanocitta cristata",4,"cthm-07",4,2,"Will Cook",65,0.0497144344661238,7,11.6719084969188,0,11.6719084969188,65.4472943593752,22.880797143706,"latest",-2,24,0.682121989866378,1.88484374530861,-2.5669657351751,0,0,FALSE
2024,"cthm-08-4","Blue Jay","Cyanocitta cristata",5,"cthm-08",4,1,"Fleeta Chauvigne",18,0.15526277717088,7,11.3061302730189,0,11.3061302730189,52.1500644406863,36.0054616642042,"latest",-4,24,1.08005798168633,0.00828636122749771,-1.0883443429138,1,0.28749122863907,FALSE
2024,"cthm-09-3","Blue Jay","Cyanocitta cristata",6,"cthm-09",3,3,"Shelley Theye",57,0,7,21.579453879736,0,21.579453879736,72.7048540055279,5.64394179298578,"latest",-2,24,8.85335927982986,8.3451204166646,-22.9541301139097,1,-0.0220746590093324,FALSE
2024,"cthm-10-1","Blue Jay","Cyanocitta cristata",7,"cthm-10",1,2,"Fleeta Wilkinson",19,0.200661521499449,7,18.6227649566035,0,18.6227649566035,76.3451364744065,5.2111824932638,"latest",2,24,3.53024256955014,0.502104472372807,-3.85326311764916,1,0.173662559921048,FALSE
2024,"cthm-12-2","Blue Jay","Cyanocitta cristata",10,"cthm-12",2,2,"Tom Driscoll",61,0.266884457576338,7,16.0346177108776,0,16.0346177108776,33.2965903666824,49.9489717411841,"latest",2,24,1.25464462870045,1.8794505449378,-3.1701916641726,1,0.00922142168749573,FALSE
2024,"drhm-01-3","Blue Jay","Cyanocitta cristata",12,"drhm-01",3,2,"Noah Rokoske",45,0.331760101623359,7,10.1490477194072,0,10.1490477194072,77.0510896628043,12.7967670361644,"latest",0,21,0.430435064102488,0.403002074554195,-0.4043475127317,1,0.463988553091548,FALSE
2024,"drhm-01-4","Blue Jay","Cyanocitta cristata",13,"drhm-01",4,1,"Noah Rokoske",45,0.331760101623359,7,13.5242819811929,0,13.5242819811929,63.0883448158475,23.3871162656523,"latest",-1,21,1.25097231657792,2.5361365951107,-3.7154879832455,1,0.463988553091548,FALSE
2024,"drhm-04-4","Blue Jay","Cyanocitta cristata",14,"drhm-04",4,0,"Stephen Brooks",58,-0.0965391621129326,7,26.560858779761,2.74021352313168,29.3010723028927,34.4298452730873,28.2533973614955,"latest",-1,21,1.57133622844622,1.1211192012491,-2.6191066862193,1,-0.216851015701202,FALSE
2024,"orng-03-1","Blue Jay","Cyanocitta cristata",15,"orng-03",1,2,"Bradley Saul",9,-0.0252322005332264,7,18.1275146422205,0,18.1275146422205,43.5001273236567,37.8728036669213,"latest",2,23,2.49630761395469,0.894003055767797,-3.3190094219506,1,-0.451794700533226,FALSE
2024,"orng-03-4","Blue Jay","Cyanocitta cristata",16,"orng-03",4,0,"Bradley Saul",9,-0.0252322005332264,7,13.0442834676156,0,13.0442834676156,43.2535936841784,43.3404487030722,"latest",-1,23,1.29089083170278,1.2024179950105,-2.3842300811445,1,-0.451794700533226,FALSE
2024,"orng-08-3","Blue Jay","Cyanocitta cristata",18,"orng-08",3,1,"William Mackin",66,0.220214045898082,7,12.5838282442301,0,12.5838282442301,66.4047419346485,19.5497542417987,"latest",0,23,0.500520318852447,0.207168348776705,-0.6720380437432,1,0.284807276668392,FALSE
2024,"orng-08-4","Blue Jay","Cyanocitta cristata",19,"orng-08",4,1,"William Mackin",66,0.220214045898082,7,12.1376425791306,0,12.1376425791306,51.5751526891972,34.0683559960644,"latest",0,23,1.07259052189947,1.2788711896135,-2.3512075173086,1,0.284807276668392,FALSE
2024,"orng-09-4","Blue Jay","Cyanocitta cristata",20,"orng-09",4,0,"Karen Hogan",29,0.00854025787807335,7,16.0191695218452,0,16.0191695218452,69.9111296884624,13.8212323620468,"latest",-1,23,0.967298363710221,0.0382152224147916,-0.7898124241754,1,-0.175512585682099,FALSE
2024,"orng-11-4","Blue Jay","Cyanocitta cristata",22,"orng-11",4,3,"Suzanne Roberts",60,0.283763277693475,7,16.3867334859487,0,16.3867334859487,73.0828360252486,12.9380576958055,"latest",0,23,0.78862591072472,0.723948958327298,1.2561331518066,1,0.428012779544154,FALSE
2024,"cthm-03-4","Blue-gray Gnatcatcher","Polioptila caerulea",1,"cthm-03",4,0,"Haven Wiley",21,-0.00587334517820854,8,16.989105551541,0,16.989105551541,35.2387814904471,46.9868415851912,"latest",-2,24,2.28572794358414,0.368802942163001,-2.6904354784901,0,0,FALSE
2024,"cthm-05-3","Blue-gray Gnatcatcher","Polioptila caerulea",2,"cthm-05",3,0,"Tom Driscoll",61,0.266884457576338,8,10.8096188811836,0,10.8096188811836,52.0974320106219,34.137308715512,"latest",-3,24,0.857727073466753,4.6757698249702,-5.6403218995471,1,0.146572603988068,FALSE
2024,"cthm-06-2","Blue-gray Gnatcatcher","Polioptila caerulea",3,"cthm-06",2,4,"Roger Shaw",53,0.0868382388701524,8,12.2760040222377,0,12.2760040222377,33.1975153890815,54.5616154711724,"latest",4,24,0.394724230678124,2.1365177843689,-2.3889001580433,1,0.231087740720832,FALSE
2024,"cthm-07-4","Blue-gray Gnatcatcher","Polioptila caerulea",4,"cthm-07",4,0,"Will Cook",65,0.0497144344661238,8,11.6719084969188,0,11.6719084969188,65.4472943593752,22.880797143706,"latest",-5,24,0.682121989866378,1.88484374530861,-2.5669657351751,0,0,FALSE
2024,"cthm-08-4","Blue-gray Gnatcatcher","Polioptila caerulea",5,"cthm-08",4,0,"Fleeta Chauvigne",18,0.15526277717088,8,11.3061302730189,0,11.3061302730189,52.1500644406863,36.0054616642042,"latest",-1,24,1.08005798168633,0.00828636122749771,-1.0883443429138,1,0.28749122863907,FALSE
2024,"cthm-09-3","Blue-gray Gnatcatcher","Polioptila caerulea",6,"cthm-09",3,9,"Shelley Theye",57,0,8,21.579453879736,0,21.579453879736,72.7048540055279,5.64394179298578,"latest",5,24,8.85335927982986,8.3451204166646,-22.9541301139097,1,-0.0220746590093324,FALSE
2024,"cthm-10-1","Blue-gray Gnatcatcher","Polioptila caerulea",7,"cthm-10",1,2,"Fleeta Wilkinson",19,0.200661521499449,8,18.6227649566035,0,18.6227649566035,76.3451364744065,5.2111824932638,"latest",2,24,3.53024256955014,0.502104472372807,-3.85326311764916,1,0.173662559921048,FALSE
2024,"cthm-11-1","Blue-gray Gnatcatcher","Polioptila caerulea",8,"cthm-11",1,6,"Ivara Goulden",22,0.0232681353687694,8,14.0922574184738,0,14.0922574184738,66.4345012861326,19.5090835893003,"latest",0,24,1.4649353547569,2.4077921858221,-3.6219594914239,1,0.180254006640355,FALSE
2024,"cthm-11-4","Blue-gray Gnatcatcher","Polioptila caerulea",9,"cthm-11",4,2,"Ivara Goulden",22,0.0232681353687694,8,16.0555887376667,0,16.0555887376667,71.3941034077336,12.4065498058726,"latest",1,24,0.82383164274888,5.30092528985459,-6.0528144865603,1,0.180254006640355,FALSE
2024,"cthm-12-2","Blue-gray Gnatcatcher","Polioptila caerulea",10,"cthm-12",2,3,"Tom Driscoll",61,0.266884457576338,8,16.0346177108776,0,16.0346177108776,33.2965903666824,49.9489717411841,"latest",1,24,1.25464462870045,1.8794505449378,-3.1701916641726,1,0.00922142168749573,FALSE
2024,"drhm-01-1","Blue-gray Gnatcatcher","Polioptila caerulea",11,"drhm-01",1,4,"Noah Rokoske",45,0.331760101623359,8,16.3544494815658,0,16.3544494815658,40.2766308855972,43.0092572778672,"latest",4,21,2.0176422244898,0.212797736216203,-2.3392689930673,1,0.463988553091548,FALSE
2024,"drhm-01-3","Blue-gray Gnatcatcher","Polioptila caerulea",12,"drhm-01",3,3,"Noah Rokoske",45,0.331760101623359,8,10.1490477194072,0,10.1490477194072,77.0510896628043,12.7967670361644,"latest",2,21,0.430435064102488,0.403002074554195,-0.4043475127317,1,0.463988553091548,FALSE
2024,"drhm-01-4","Blue-gray Gnatcatcher","Polioptila caerulea",13,"drhm-01",4,3,"Noah Rokoske",45,0.331760101623359,8,13.5242819811929,0,13.5242819811929,63.0883448158475,23.3871162656523,"latest",3,21,1.25097231657792,2.5361365951107,-3.7154879832455,1,0.463988553091548,FALSE
2024,"drhm-04-4","Blue-gray Gnatcatcher","Polioptila caerulea",14,"drhm-04",4,4,"Stephen Brooks",58,-0.0965391621129326,8,26.560858779761,2.74021352313168,29.3010723028927,34.4298452730873,28.2533973614955,"latest",2,21,1.57133622844622,1.1211192012491,-2.6191066862193,1,-0.216851015701202,FALSE
2024,"orng-03-1","Blue-gray Gnatcatcher","Polioptila caerulea",15,"orng-03",1,1,"Bradley Saul",9,-0.0252322005332264,8,18.1275146422205,0,18.1275146422205,43.5001273236567,37.8728036669213,"latest",-1,23,2.49630761395469,0.894003055767797,-3.3190094219506,1,-0.451794700533226,FALSE
2024,"orng-03-4","Blue-gray Gnatcatcher","Polioptila caerulea",16,"orng-03",4,2,"Bradley Saul",9,-0.0252322005332264,8,13.0442834676156,0,13.0442834676156,43.2535936841784,43.3404487030722,"latest",2,23,1.29089083170278,1.2024179950105,-2.3842300811445,1,-0.451794700533226,FALSE
2024,"orng-07-1","Blue-gray Gnatcatcher","Polioptila caerulea",17,"orng-07",1,2,"Brian Bockhahn",10,0.00283570892723184,8,20.9871937161696,0,20.9871937161696,55.590972310896,23.2779490808481,"latest",2,23,5.94149686063044,1.5691896825894,-7.4747153201982,1,0.120010668798821,FALSE
2024,"orng-08-3","Blue-gray Gnatcatcher","Polioptila caerulea",18,"orng-08",3,0,"William Mackin",66,0.220214045898082,8,12.5838282442301,0,12.5838282442301,66.4047419346485,19.5497542417987,"latest",-1,23,0.500520318852447,0.207168348776705,-0.6720380437432,1,0.284807276668392,FALSE
2024,"orng-08-4","Blue-gray Gnatcatcher","Polioptila caerulea",19,"orng-08",4,1,"William Mackin",66,0.220214045898082,8,12.1376425791306,0,12.1376425791306,51.5751526891972,34.0683559960644,"latest",1,23,1.07259052189947,1.2788711896135,-2.3512075173086,1,0.284807276668392,FALSE
2024,"orng-09-4","Blue-gray Gnatcatcher","Polioptila caerulea",20,"orng-09",4,2,"Karen Hogan",29,0.00854025787807335,8,16.0191695218452,0,16.0191695218452,69.9111296884624,13.8212323620468,"latest",2,23,0.967298363710221,0.0382152224147916,-0.7898124241754,1,-0.175512585682099,FALSE
2024,"orng-10-3","Blue-gray Gnatcatcher","Polioptila caerulea",21,"orng-10",3,2,"Paul Taillie",49,0.278195488721805,8,41.0905843114125,0,41.0905843114125,45.3783299946307,13.2084842897751,"latest",0,23,5.87745097366036,0.0367394492157942,-5.5577393600871,1,0.228481054255681,FALSE
2024,"orng-11-4","Blue-gray Gnatcatcher","Polioptila caerulea",22,"orng-11",4,4,"Suzanne Roberts",60,0.283763277693475,8,16.3867334859487,0,16.3867334859487,73.0828360252486,12.9380576958055,"latest",4,23,0.78862591072472,0.723948958327298,1.2561331518066,1,0.428012779544154,FALSE
2024,"cthm-03-4","Brown Thrasher","Toxostoma rufum",1,"cthm-03",4,0,"Haven Wiley",21,-0.00587334517820854,9,16.989105551541,0,16.989105551541,35.2387814904471,46.9868415851912,"latest",-1,24,2.28572794358414,0.368802942163001,-2.6904354784901,0,0,FALSE
2024,"cthm-05-3","Brown Thrasher","Toxostoma rufum",2,"cthm-05",3,0,"Tom Driscoll",61,0.266884457576338,9,10.8096188811836,0,10.8096188811836,52.0974320106219,34.137308715512,"latest",-2,24,0.857727073466753,4.6757698249702,-5.6403218995471,1,0.146572603988068,FALSE
2024,"cthm-09-3","Brown Thrasher","Toxostoma rufum",6,"cthm-09",3,0,"Shelley Theye",57,0,9,21.579453879736,0,21.579453879736,72.7048540055279,5.64394179298578,"latest",-2,24,8.85335927982986,8.3451204166646,-22.9541301139097,1,-0.0220746590093324,FALSE
2024,"cthm-11-4","Brown Thrasher","Toxostoma rufum",9,"cthm-11",4,1,"Ivara Goulden",22,0.0232681353687694,9,16.0555887376667,0,16.0555887376667,71.3941034077336,12.4065498058726,"latest",1,24,0.82383164274888,5.30092528985459,-6.0528144865603,1,0.180254006640355,FALSE
2024,"drhm-01-3","Brown Thrasher","Toxostoma rufum",12,"drhm-01",3,2,"Noah Rokoske",45,0.331760101623359,9,10.1490477194072,0,10.1490477194072,77.0510896628043,12.7967670361644,"latest",2,21,0.430435064102488,0.403002074554195,-0.4043475127317,1,0.463988553091548,FALSE
2024,"drhm-01-4","Brown Thrasher","Toxostoma rufum",13,"drhm-01",4,2,"Noah Rokoske",45,0.331760101623359,9,13.5242819811929,0,13.5242819811929,63.0883448158475,23.3871162656523,"latest",1,21,1.25097231657792,2.5361365951107,-3.7154879832455,1,0.463988553091548,FALSE
2024,"orng-07-1","Brown Thrasher","Toxostoma rufum",17,"orng-07",1,1,"Brian Bockhahn",10,0.00283570892723184,9,20.9871937161696,0,20.9871937161696,55.590972310896,23.2779490808481,"latest",0,23,5.94149686063044,1.5691896825894,-7.4747153201982,1,0.120010668798821,FALSE
2024,"orng-08-4","Brown Thrasher","Toxostoma rufum",19,"orng-08",4,3,"William Mackin",66,0.220214045898082,9,12.1376425791306,0,12.1376425791306,51.5751526891972,34.0683559960644,"latest",1,23,1.07259052189947,1.2788711896135,-2.3512075173086,1,0.284807276668392,FALSE
2024,"orng-10-3","Brown Thrasher","Toxostoma rufum",21,"orng-10",3,1,"Paul Taillie",49,0.278195488721805,9,41.0905843114125,0,41.0905843114125,45.3783299946307,13.2084842897751,"latest",0,23,5.87745097366036,0.0367394492157942,-5.5577393600871,1,0.228481054255681,FALSE
2024,"cthm-03-4","Brown-headed Cowbird","Molothrus ater",1,"cthm-03",4,1,"Haven Wiley",21,-0.00587334517820854,10,16.989105551541,0,16.989105551541,35.2387814904471,46.9868415851912,"latest",1,24,2.28572794358414,0.368802942163001,-2.6904354784901,0,0,FALSE
2024,"cthm-05-3","Brown-headed Cowbird","Molothrus ater",2,"cthm-05",3,3,"Tom Driscoll",61,0.266884457576338,10,10.8096188811836,0,10.8096188811836,52.0974320106219,34.137308715512,"latest",1,24,0.857727073466753,4.6757698249702,-5.6403218995471,1,0.146572603988068,FALSE
2024,"cthm-07-4","Brown-headed Cowbird","Molothrus ater",4,"cthm-07",4,1,"Will Cook",65,0.0497144344661238,10,11.6719084969188,0,11.6719084969188,65.4472943593752,22.880797143706,"latest",0,24,0.682121989866378,1.88484374530861,-2.5669657351751,0,0,FALSE
2024,"cthm-09-3","Brown-headed Cowbird","Molothrus ater",6,"cthm-09",3,0,"Shelley Theye",57,0,10,21.579453879736,0,21.579453879736,72.7048540055279,5.64394179298578,"latest",-2,24,8.85335927982986,8.3451204166646,-22.9541301139097,1,-0.0220746590093324,FALSE
2024,"cthm-11-4","Brown-headed Cowbird","Molothrus ater",9,"cthm-11",4,1,"Ivara Goulden",22,0.0232681353687694,10,16.0555887376667,0,16.0555887376667,71.3941034077336,12.4065498058726,"latest",1,24,0.82383164274888,5.30092528985459,-6.0528144865603,1,0.180254006640355,FALSE
2024,"cthm-12-2","Brown-headed Cowbird","Molothrus ater",10,"cthm-12",2,0,"Tom Driscoll",61,0.266884457576338,10,16.0346177108776,0,16.0346177108776,33.2965903666824,49.9489717411841,"latest",-2,24,1.25464462870045,1.8794505449378,-3.1701916641726,1,0.00922142168749573,FALSE
2024,"drhm-01-4","Brown-headed Cowbird","Molothrus ater",13,"drhm-01",4,8,"Noah Rokoske",45,0.331760101623359,10,13.5242819811929,0,13.5242819811929,63.0883448158475,23.3871162656523,"latest",8,21,1.25097231657792,2.5361365951107,-3.7154879832455,1,0.463988553091548,FALSE
2024,"drhm-04-4","Brown-headed Cowbird","Molothrus ater",14,"drhm-04",4,0,"Stephen Brooks",58,-0.0965391621129326,10,26.560858779761,2.74021352313168,29.3010723028927,34.4298452730873,28.2533973614955,"latest",-3,21,1.57133622844622,1.1211192012491,-2.6191066862193,1,-0.216851015701202,FALSE
2024,"orng-03-1","Brown-headed Cowbird","Molothrus ater",15,"orng-03",1,0,"Bradley Saul",9,-0.0252322005332264,10,18.1275146422205,0,18.1275146422205,43.5001273236567,37.8728036669213,"latest",-1,23,2.49630761395469,0.894003055767797,-3.3190094219506,1,-0.451794700533226,FALSE
2024,"orng-03-4","Brown-headed Cowbird","Molothrus ater",16,"orng-03",4,0,"Bradley Saul",9,-0.0252322005332264,10,13.0442834676156,0,13.0442834676156,43.2535936841784,43.3404487030722,"latest",-2,23,1.29089083170278,1.2024179950105,-2.3842300811445,1,-0.451794700533226,FALSE
2024,"orng-10-3","Brown-headed Cowbird","Molothrus ater",21,"orng-10",3,1,"Paul Taillie",49,0.278195488721805,10,41.0905843114125,0,41.0905843114125,45.3783299946307,13.2084842897751,"latest",0,23,5.87745097366036,0.0367394492157942,-5.5577393600871,1,0.228481054255681,FALSE
2024,"cthm-08-4","Brown-headed Nuthatch","Sitta pusilla",5,"cthm-08",4,2,"Fleeta Chauvigne",18,0.15526277717088,11,11.3061302730189,0,11.3061302730189,52.1500644406863,36.0054616642042,"latest",2,24,1.08005798168633,0.00828636122749771,-1.0883443429138,1,0.28749122863907,FALSE
2024,"cthm-09-3","Brown-headed Nuthatch","Sitta pusilla",6,"cthm-09",3,2,"Shelley Theye",57,0,11,21.579453879736,0,21.579453879736,72.7048540055279,5.64394179298578,"latest",2,24,8.85335927982986,8.3451204166646,-22.9541301139097,1,-0.0220746590093324,FALSE
2024,"cthm-11-4","Brown-headed Nuthatch","Sitta pusilla",9,"cthm-11",4,1,"Ivara Goulden",22,0.0232681353687694,11,16.0555887376667,0,16.0555887376667,71.3941034077336,12.4065498058726,"latest",1,24,0.82383164274888,5.30092528985459,-6.0528144865603,1,0.180254006640355,FALSE
2024,"drhm-04-4","Brown-headed Nuthatch","Sitta pusilla",14,"drhm-04",4,1,"Stephen Brooks",58,-0.0965391621129326,11,26.560858779761,2.74021352313168,29.3010723028927,34.4298452730873,28.2533973614955,"latest",1,21,1.57133622844622,1.1211192012491,-2.6191066862193,1,-0.216851015701202,FALSE
2024,"orng-09-4","Brown-headed Nuthatch","Sitta pusilla",20,"orng-09",4,0,"Karen Hogan",29,0.00854025787807335,11,16.0191695218452,0,16.0191695218452,69.9111296884624,13.8212323620468,"latest",-1,23,0.967298363710221,0.0382152224147916,-0.7898124241754,1,-0.175512585682099,FALSE
2024,"orng-11-4","Brown-headed Nuthatch","Sitta pusilla",22,"orng-11",4,1,"Suzanne Roberts",60,0.283763277693475,11,16.3867334859487,0,16.3867334859487,73.0828360252486,12.9380576958055,"latest",-3,23,0.78862591072472,0.723948958327298,1.2561331518066,1,0.428012779544154,FALSE
2024,"cthm-03-4","Carolina Chickadee","Poecile carolinensis",1,"cthm-03",4,0,"Haven Wiley",21,-0.00587334517820854,12,16.989105551541,0,16.989105551541,35.2387814904471,46.9868415851912,"latest",-2,24,2.28572794358414,0.368802942163001,-2.6904354784901,0,0,FALSE
2024,"cthm-05-3","Carolina Chickadee","Poecile carolinensis",2,"cthm-05",3,0,"Tom Driscoll",61,0.266884457576338,12,10.8096188811836,0,10.8096188811836,52.0974320106219,34.137308715512,"latest",-2,24,0.857727073466753,4.6757698249702,-5.6403218995471,1,0.146572603988068,FALSE
2024,"cthm-06-2","Carolina Chickadee","Poecile carolinensis",3,"cthm-06",2,1,"Roger Shaw",53,0.0868382388701524,12,12.2760040222377,0,12.2760040222377,33.1975153890815,54.5616154711724,"latest",0,24,0.394724230678124,2.1365177843689,-2.3889001580433,1,0.231087740720832,FALSE
2024,"cthm-07-4","Carolina Chickadee","Poecile carolinensis",4,"cthm-07",4,3,"Will Cook",65,0.0497144344661238,12,11.6719084969188,0,11.6719084969188,65.4472943593752,22.880797143706,"latest",-2,24,0.682121989866378,1.88484374530861,-2.5669657351751,0,0,FALSE
2024,"cthm-08-4","Carolina Chickadee","Poecile carolinensis",5,"cthm-08",4,0,"Fleeta Chauvigne",18,0.15526277717088,12,11.3061302730189,0,11.3061302730189,52.1500644406863,36.0054616642042,"latest",-2,24,1.08005798168633,0.00828636122749771,-1.0883443429138,1,0.28749122863907,FALSE
2024,"cthm-09-3","Carolina Chickadee","Poecile carolinensis",6,"cthm-09",3,4,"Shelley Theye",57,0,12,21.579453879736,0,21.579453879736,72.7048540055279,5.64394179298578,"latest",-2,24,8.85335927982986,8.3451204166646,-22.9541301139097,1,-0.0220746590093324,FALSE
2024,"cthm-10-1","Carolina Chickadee","Poecile carolinensis",7,"cthm-10",1,1,"Fleeta Wilkinson",19,0.200661521499449,12,18.6227649566035,0,18.6227649566035,76.3451364744065,5.2111824932638,"latest",1,24,3.53024256955014,0.502104472372807,-3.85326311764916,1,0.173662559921048,FALSE
2024,"cthm-11-1","Carolina Chickadee","Poecile carolinensis",8,"cthm-11",1,2,"Ivara Goulden",22,0.0232681353687694,12,14.0922574184738,0,14.0922574184738,66.4345012861326,19.5090835893003,"latest",2,24,1.4649353547569,2.4077921858221,-3.6219594914239,1,0.180254006640355,FALSE
2024,"cthm-11-4","Carolina Chickadee","Poecile carolinensis",9,"cthm-11",4,2,"Ivara Goulden",22,0.0232681353687694,12,16.0555887376667,0,16.0555887376667,71.3941034077336,12.4065498058726,"latest",2,24,0.82383164274888,5.30092528985459,-6.0528144865603,1,0.180254006640355,FALSE
2024,"cthm-12-2","Carolina Chickadee","Poecile carolinensis",10,"cthm-12",2,1,"Tom Driscoll",61,0.266884457576338,12,16.0346177108776,0,16.0346177108776,33.2965903666824,49.9489717411841,"latest",1,24,1.25464462870045,1.8794505449378,-3.1701916641726,1,0.00922142168749573,FALSE
2024,"drhm-01-4","Carolina Chickadee","Poecile carolinensis",13,"drhm-01",4,3,"Noah Rokoske",45,0.331760101623359,12,13.5242819811929,0,13.5242819811929,63.0883448158475,23.3871162656523,"latest",0,21,1.25097231657792,2.5361365951107,-3.7154879832455,1,0.463988553091548,FALSE
2024,"drhm-04-4","Carolina Chickadee","Poecile carolinensis",14,"drhm-04",4,1,"Stephen Brooks",58,-0.0965391621129326,12,26.560858779761,2.74021352313168,29.3010723028927,34.4298452730873,28.2533973614955,"latest",0,21,1.57133622844622,1.1211192012491,-2.6191066862193,1,-0.216851015701202,FALSE
2024,"orng-03-4","Carolina Chickadee","Poecile carolinensis",16,"orng-03",4,1,"Bradley Saul",9,-0.0252322005332264,12,13.0442834676156,0,13.0442834676156,43.2535936841784,43.3404487030722,"latest",1,23,1.29089083170278,1.2024179950105,-2.3842300811445,1,-0.451794700533226,FALSE
2024,"orng-07-1","Carolina Chickadee","Poecile carolinensis",17,"orng-07",1,0,"Brian Bockhahn",10,0.00283570892723184,12,20.9871937161696,0,20.9871937161696,55.590972310896,23.2779490808481,"latest",-1,23,5.94149686063044,1.5691896825894,-7.4747153201982,1,0.120010668798821,FALSE
2024,"orng-08-3","Carolina Chickadee","Poecile carolinensis",18,"orng-08",3,1,"William Mackin",66,0.220214045898082,12,12.5838282442301,0,12.5838282442301,66.4047419346485,19.5497542417987,"latest",1,23,0.500520318852447,0.207168348776705,-0.6720380437432,1,0.284807276668392,FALSE
2024,"orng-08-4","Carolina Chickadee","Poecile carolinensis",19,"orng-08",4,1,"William Mackin",66,0.220214045898082,12,12.1376425791306,0,12.1376425791306,51.5751526891972,34.0683559960644,"latest",1,23,1.07259052189947,1.2788711896135,-2.3512075173086,1,0.284807276668392,FALSE
2024,"orng-09-4","Carolina Chickadee","Poecile carolinensis",20,"orng-09",4,4,"Karen Hogan",29,0.00854025787807335,12,16.0191695218452,0,16.0191695218452,69.9111296884624,13.8212323620468,"latest",1,23,0.967298363710221,0.0382152224147916,-0.7898124241754,1,-0.175512585682099,FALSE
2024,"orng-10-3","Carolina Chickadee","Poecile carolinensis",21,"orng-10",3,3,"Paul Taillie",49,0.278195488721805,12,41.0905843114125,0,41.0905843114125,45.3783299946307,13.2084842897751,"latest",0,23,5.87745097366036,0.0367394492157942,-5.5577393600871,1,0.228481054255681,FALSE
2024,"orng-11-4","Carolina Chickadee","Poecile carolinensis",22,"orng-11",4,4,"Suzanne Roberts",60,0.283763277693475,12,16.3867334859487,0,16.3867334859487,73.0828360252486,12.9380576958055,"latest",-3,23,0.78862591072472,0.723948958327298,1.2561331518066,1,0.428012779544154,FALSE
2024,"cthm-03-4","Carolina Wren","Thryothorus ludovicianus",1,"cthm-03",4,2,"Haven Wiley",21,-0.00587334517820854,13,16.989105551541,0,16.989105551541,35.2387814904471,46.9868415851912,"latest",-2,24,2.28572794358414,0.368802942163001,-2.6904354784901,0,0,FALSE
2024,"cthm-05-3","Carolina Wren","Thryothorus ludovicianus",2,"cthm-05",3,7,"Tom Driscoll",61,0.266884457576338,13,10.8096188811836,0,10.8096188811836,52.0974320106219,34.137308715512,"latest",5,24,0.857727073466753,4.6757698249702,-5.6403218995471,1,0.146572603988068,FALSE
2024,"cthm-06-2","Carolina Wren","Thryothorus ludovicianus",3,"cthm-06",2,6,"Roger Shaw",53,0.0868382388701524,13,12.2760040222377,0,12.2760040222377,33.1975153890815,54.5616154711724,"latest",6,24,0.394724230678124,2.1365177843689,-2.3889001580433,1,0.231087740720832,FALSE
2024,"cthm-07-4","Carolina Wren","Thryothorus ludovicianus",4,"cthm-07",4,5,"Will Cook",65,0.0497144344661238,13,11.6719084969188,0,11.6719084969188,65.4472943593752,22.880797143706,"latest",2,24,0.682121989866378,1.88484374530861,-2.5669657351751,0,0,FALSE
2024,"cthm-08-4","Carolina Wren","Thryothorus ludovicianus",5,"cthm-08",4,4,"Fleeta Chauvigne",18,0.15526277717088,13,11.3061302730189,0,11.3061302730189,52.1500644406863,36.0054616642042,"latest",4,24,1.08005798168633,0.00828636122749771,-1.0883443429138,1,0.28749122863907,FALSE
2024,"cthm-09-3","Carolina Wren","Thryothorus ludovicianus",6,"cthm-09",3,8,"Shelley Theye",57,0,13,21.579453879736,0,21.579453879736,72.7048540055279,5.64394179298578,"latest",5,24,8.85335927982986,8.3451204166646,-22.9541301139097,1,-0.0220746590093324,FALSE
2024,"cthm-10-1","Carolina Wren","Thryothorus ludovicianus",7,"cthm-10",1,4,"Fleeta Wilkinson",19,0.200661521499449,13,18.6227649566035,0,18.6227649566035,76.3451364744065,5.2111824932638,"latest",4,24,3.53024256955014,0.502104472372807,-3.85326311764916,1,0.173662559921048,FALSE
2024,"cthm-11-1","Carolina Wren","Thryothorus ludovicianus",8,"cthm-11",1,2,"Ivara Goulden",22,0.0232681353687694,13,14.0922574184738,0,14.0922574184738,66.4345012861326,19.5090835893003,"latest",1,24,1.4649353547569,2.4077921858221,-3.6219594914239,1,0.180254006640355,FALSE
2024,"cthm-11-4","Carolina Wren","Thryothorus ludovicianus",9,"cthm-11",4,2,"Ivara Goulden",22,0.0232681353687694,13,16.0555887376667,0,16.0555887376667,71.3941034077336,12.4065498058726,"latest",1,24,0.82383164274888,5.30092528985459,-6.0528144865603,1,0.180254006640355,FALSE
2024,"cthm-12-2","Carolina Wren","Thryothorus ludovicianus",10,"cthm-12",2,2,"Tom Driscoll",61,0.266884457576338,13,16.0346177108776,0,16.0346177108776,33.2965903666824,49.9489717411841,"latest",-2,24,1.25464462870045,1.8794505449378,-3.1701916641726,1,0.00922142168749573,FALSE
2024,"drhm-01-1","Carolina Wren","Thryothorus ludovicianus",11,"drhm-01",1,5,"Noah Rokoske",45,0.331760101623359,13,16.3544494815658,0,16.3544494815658,40.2766308855972,43.0092572778672,"latest",2,21,2.0176422244898,0.212797736216203,-2.3392689930673,1,0.463988553091548,FALSE
2024,"drhm-01-3","Carolina Wren","Thryothorus ludovicianus",12,"drhm-01",3,4,"Noah Rokoske",45,0.331760101623359,13,10.1490477194072,0,10.1490477194072,77.0510896628043,12.7967670361644,"latest",4,21,0.430435064102488,0.403002074554195,-0.4043475127317,1,0.463988553091548,FALSE
2024,"drhm-01-4","Carolina Wren","Thryothorus ludovicianus",13,"drhm-01",4,7,"Noah Rokoske",45,0.331760101623359,13,13.5242819811929,0,13.5242819811929,63.0883448158475,23.3871162656523,"latest",5,21,1.25097231657792,2.5361365951107,-3.7154879832455,1,0.463988553091548,FALSE
2024,"drhm-04-4","Carolina Wren","Thryothorus ludovicianus",14,"drhm-04",4,4,"Stephen Brooks",58,-0.0965391621129326,13,26.560858779761,2.74021352313168,29.3010723028927,34.4298452730873,28.2533973614955,"latest",2,21,1.57133622844622,1.1211192012491,-2.6191066862193,1,-0.216851015701202,FALSE
2024,"orng-03-1","Carolina Wren","Thryothorus ludovicianus",15,"orng-03",1,6,"Bradley Saul",9,-0.0252322005332264,13,18.1275146422205,0,18.1275146422205,43.5001273236567,37.8728036669213,"latest",1,23,2.49630761395469,0.894003055767797,-3.3190094219506,1,-0.451794700533226,FALSE
2024,"orng-03-4","Carolina Wren","Thryothorus ludovicianus",16,"orng-03",4,5,"Bradley Saul",9,-0.0252322005332264,13,13.0442834676156,0,13.0442834676156,43.2535936841784,43.3404487030722,"latest",3,23,1.29089083170278,1.2024179950105,-2.3842300811445,1,-0.451794700533226,FALSE
2024,"orng-07-1","Carolina Wren","Thryothorus ludovicianus",17,"orng-07",1,5,"Brian Bockhahn",10,0.00283570892723184,13,20.9871937161696,0,20.9871937161696,55.590972310896,23.2779490808481,"latest",0,23,5.94149686063044,1.5691896825894,-7.4747153201982,1,0.120010668798821,FALSE
2024,"orng-08-3","Carolina Wren","Thryothorus ludovicianus",18,"orng-08",3,3,"William Mackin",66,0.220214045898082,13,12.5838282442301,0,12.5838282442301,66.4047419346485,19.5497542417987,"latest",0,23,0.500520318852447,0.207168348776705,-0.6720380437432,1,0.284807276668392,FALSE
2024,"orng-08-4","Carolina Wren","Thryothorus ludovicianus",19,"orng-08",4,3,"William Mackin",66,0.220214045898082,13,12.1376425791306,0,12.1376425791306,51.5751526891972,34.0683559960644,"latest",2,23,1.07259052189947,1.2788711896135,-2.3512075173086,1,0.284807276668392,FALSE
2024,"orng-09-4","Carolina Wren","Thryothorus ludovicianus",20,"orng-09",4,6,"Karen Hogan",29,0.00854025787807335,13,16.0191695218452,0,16.0191695218452,69.9111296884624,13.8212323620468,"latest",3,23,0.967298363710221,0.0382152224147916,-0.7898124241754,1,-0.175512585682099,FALSE
2024,"orng-10-3","Carolina Wren","Thryothorus ludovicianus",21,"orng-10",3,3,"Paul Taillie",49,0.278195488721805,13,41.0905843114125,0,41.0905843114125,45.3783299946307,13.2084842897751,"latest",-6,23,5.87745097366036,0.0367394492157942,-5.5577393600871,1,0.228481054255681,FALSE
2024,"orng-11-4","Carolina Wren","Thryothorus ludovicianus",22,"orng-11",4,6,"Suzanne Roberts",60,0.283763277693475,13,16.3867334859487,0,16.3867334859487,73.0828360252486,12.9380576958055,"latest",3,23,0.78862591072472,0.723948958327298,1.2561331518066,1,0.428012779544154,FALSE
2024,"cthm-06-2","Chimney Swift","Chaetura pelagica",3,"cthm-06",2,2,"Roger Shaw",53,0.0868382388701524,14,12.2760040222377,0,12.2760040222377,33.1975153890815,54.5616154711724,"latest",0,24,0.394724230678124,2.1365177843689,-2.3889001580433,1,0.231087740720832,FALSE
2024,"cthm-08-4","Chimney Swift","Chaetura pelagica",5,"cthm-08",4,0,"Fleeta Chauvigne",18,0.15526277717088,14,11.3061302730189,0,11.3061302730189,52.1500644406863,36.0054616642042,"latest",-4,24,1.08005798168633,0.00828636122749771,-1.0883443429138,1,0.28749122863907,FALSE
2024,"cthm-09-3","Chimney Swift","Chaetura pelagica",6,"cthm-09",3,0,"Shelley Theye",57,0,14,21.579453879736,0,21.579453879736,72.7048540055279,5.64394179298578,"latest",-2,24,8.85335927982986,8.3451204166646,-22.9541301139097,1,-0.0220746590093324,FALSE
2024,"cthm-12-2","Chimney Swift","Chaetura pelagica",10,"cthm-12",2,2,"Tom Driscoll",61,0.266884457576338,14,16.0346177108776,0,16.0346177108776,33.2965903666824,49.9489717411841,"latest",1,24,1.25464462870045,1.8794505449378,-3.1701916641726,1,0.00922142168749573,FALSE
2024,"drhm-01-4","Chimney Swift","Chaetura pelagica",13,"drhm-01",4,0,"Noah Rokoske",45,0.331760101623359,14,13.5242819811929,0,13.5242819811929,63.0883448158475,23.3871162656523,"latest",-4,21,1.25097231657792,2.5361365951107,-3.7154879832455,1,0.463988553091548,FALSE
2024,"orng-03-4","Chimney Swift","Chaetura pelagica",16,"orng-03",4,0,"Bradley Saul",9,-0.0252322005332264,14,13.0442834676156,0,13.0442834676156,43.2535936841784,43.3404487030722,"latest",-6,23,1.29089083170278,1.2024179950105,-2.3842300811445,1,-0.451794700533226,FALSE
2024,"orng-08-4","Chimney Swift","Chaetura pelagica",19,"orng-08",4,0,"William Mackin",66,0.220214045898082,14,12.1376425791306,0,12.1376425791306,51.5751526891972,34.0683559960644,"latest",-2,23,1.07259052189947,1.2788711896135,-2.3512075173086,1,0.284807276668392,FALSE
2024,"orng-09-4","Chimney Swift","Chaetura pelagica",20,"orng-09",4,2,"Karen Hogan",29,0.00854025787807335,14,16.0191695218452,0,16.0191695218452,69.9111296884624,13.8212323620468,"latest",0,23,0.967298363710221,0.0382152224147916,-0.7898124241754,1,-0.175512585682099,FALSE
2024,"orng-10-3","Chimney Swift","Chaetura pelagica",21,"orng-10",3,0,"Paul Taillie",49,0.278195488721805,14,41.0905843114125,0,41.0905843114125,45.3783299946307,13.2084842897751,"latest",-2,23,5.87745097366036,0.0367394492157942,-5.5577393600871,1,0.228481054255681,FALSE
2024,"orng-11-4","Chimney Swift","Chaetura pelagica",22,"orng-11",4,0,"Suzanne Roberts",60,0.283763277693475,14,16.3867334859487,0,16.3867334859487,73.0828360252486,12.9380576958055,"latest",-1,23,0.78862591072472,0.723948958327298,1.2561331518066,1,0.428012779544154,FALSE
2024,"cthm-03-4","Chipping Sparrow","Spizella passerina",1,"cthm-03",4,3,"Haven Wiley",21,-0.00587334517820854,15,16.989105551541,0,16.989105551541,35.2387814904471,46.9868415851912,"latest",-1,24,2.28572794358414,0.368802942163001,-2.6904354784901,0,0,FALSE
2024,"cthm-05-3","Chipping Sparrow","Spizella passerina",2,"cthm-05",3,2,"Tom Driscoll",61,0.266884457576338,15,10.8096188811836,0,10.8096188811836,52.0974320106219,34.137308715512,"latest",1,24,0.857727073466753,4.6757698249702,-5.6403218995471,1,0.146572603988068,FALSE
2024,"cthm-06-2","Chipping Sparrow","Spizella passerina",3,"cthm-06",2,2,"Roger Shaw",53,0.0868382388701524,15,12.2760040222377,0,12.2760040222377,33.1975153890815,54.5616154711724,"latest",-1,24,0.394724230678124,2.1365177843689,-2.3889001580433,1,0.231087740720832,FALSE
2024,"cthm-07-4","Chipping Sparrow","Spizella passerina",4,"cthm-07",4,1,"Will Cook",65,0.0497144344661238,15,11.6719084969188,0,11.6719084969188,65.4472943593752,22.880797143706,"latest",0,24,0.682121989866378,1.88484374530861,-2.5669657351751,0,0,FALSE
2024,"cthm-08-4","Chipping Sparrow","Spizella passerina",5,"cthm-08",4,3,"Fleeta Chauvigne",18,0.15526277717088,15,11.3061302730189,0,11.3061302730189,52.1500644406863,36.0054616642042,"latest",1,24,1.08005798168633,0.00828636122749771,-1.0883443429138,1,0.28749122863907,FALSE
2024,"cthm-09-3","Chipping Sparrow","Spizella passerina",6,"cthm-09",3,2,"Shelley Theye",57,0,15,21.579453879736,0,21.579453879736,72.7048540055279,5.64394179298578,"latest",2,24,8.85335927982986,8.3451204166646,-22.9541301139097,1,-0.0220746590093324,FALSE
2024,"cthm-10-1","Chipping Sparrow","Spizella passerina",7,"cthm-10",1,2,"Fleeta Wilkinson",19,0.200661521499449,15,18.6227649566035,0,18.6227649566035,76.3451364744065,5.2111824932638,"latest",2,24,3.53024256955014,0.502104472372807,-3.85326311764916,1,0.173662559921048,FALSE
2024,"cthm-11-1","Chipping Sparrow","Spizella passerina",8,"cthm-11",1,1,"Ivara Goulden",22,0.0232681353687694,15,14.0922574184738,0,14.0922574184738,66.4345012861326,19.5090835893003,"latest",1,24,1.4649353547569,2.4077921858221,-3.6219594914239,1,0.180254006640355,FALSE
2024,"cthm-11-4","Chipping Sparrow","Spizella passerina",9,"cthm-11",4,5,"Ivara Goulden",22,0.0232681353687694,15,16.0555887376667,0,16.0555887376667,71.3941034077336,12.4065498058726,"latest",5,24,0.82383164274888,5.30092528985459,-6.0528144865603,1,0.180254006640355,FALSE
2024,"cthm-12-2","Chipping Sparrow","Spizella passerina",10,"cthm-12",2,3,"Tom Driscoll",61,0.266884457576338,15,16.0346177108776,0,16.0346177108776,33.2965903666824,49.9489717411841,"latest",-3,24,1.25464462870045,1.8794505449378,-3.1701916641726,1,0.00922142168749573,FALSE
2024,"drhm-01-1","Chipping Sparrow","Spizella passerina",11,"drhm-01",1,3,"Noah Rokoske",45,0.331760101623359,15,16.3544494815658,0,16.3544494815658,40.2766308855972,43.0092572778672,"latest",-3,21,2.0176422244898,0.212797736216203,-2.3392689930673,1,0.463988553091548,FALSE
2024,"drhm-01-3","Chipping Sparrow","Spizella passerina",12,"drhm-01",3,2,"Noah Rokoske",45,0.331760101623359,15,10.1490477194072,0,10.1490477194072,77.0510896628043,12.7967670361644,"latest",2,21,0.430435064102488,0.403002074554195,-0.4043475127317,1,0.463988553091548,FALSE
2024,"drhm-01-4","Chipping Sparrow","Spizella passerina",13,"drhm-01",4,6,"Noah Rokoske",45,0.331760101623359,15,13.5242819811929,0,13.5242819811929,63.0883448158475,23.3871162656523,"latest",2,21,1.25097231657792,2.5361365951107,-3.7154879832455,1,0.463988553091548,FALSE
2024,"drhm-04-4","Chipping Sparrow","Spizella passerina",14,"drhm-04",4,2,"Stephen Brooks",58,-0.0965391621129326,15,26.560858779761,2.74021352313168,29.3010723028927,34.4298452730873,28.2533973614955,"latest",1,21,1.57133622844622,1.1211192012491,-2.6191066862193,1,-0.216851015701202,FALSE
2024,"orng-03-1","Chipping Sparrow","Spizella passerina",15,"orng-03",1,8,"Bradley Saul",9,-0.0252322005332264,15,18.1275146422205,0,18.1275146422205,43.5001273236567,37.8728036669213,"latest",3,23,2.49630761395469,0.894003055767797,-3.3190094219506,1,-0.451794700533226,FALSE
2024,"orng-03-4","Chipping Sparrow","Spizella passerina",16,"orng-03",4,0,"Bradley Saul",9,-0.0252322005332264,15,13.0442834676156,0,13.0442834676156,43.2535936841784,43.3404487030722,"latest",-2,23,1.29089083170278,1.2024179950105,-2.3842300811445,1,-0.451794700533226,FALSE
2024,"orng-07-1","Chipping Sparrow","Spizella passerina",17,"orng-07",1,6,"Brian Bockhahn",10,0.00283570892723184,15,20.9871937161696,0,20.9871937161696,55.590972310896,23.2779490808481,"latest",5,23,5.94149686063044,1.5691896825894,-7.4747153201982,1,0.120010668798821,FALSE
2024,"orng-08-3","Chipping Sparrow","Spizella passerina",18,"orng-08",3,1,"William Mackin",66,0.220214045898082,15,12.5838282442301,0,12.5838282442301,66.4047419346485,19.5497542417987,"latest",-1,23,0.500520318852447,0.207168348776705,-0.6720380437432,1,0.284807276668392,FALSE
2024,"orng-08-4","Chipping Sparrow","Spizella passerina",19,"orng-08",4,2,"William Mackin",66,0.220214045898082,15,12.1376425791306,0,12.1376425791306,51.5751526891972,34.0683559960644,"latest",-1,23,1.07259052189947,1.2788711896135,-2.3512075173086,1,0.284807276668392,FALSE
2024,"orng-09-4","Chipping Sparrow","Spizella passerina",20,"orng-09",4,1,"Karen Hogan",29,0.00854025787807335,15,16.0191695218452,0,16.0191695218452,69.9111296884624,13.8212323620468,"latest",1,23,0.967298363710221,0.0382152224147916,-0.7898124241754,1,-0.175512585682099,FALSE
2024,"orng-10-3","Chipping Sparrow","Spizella passerina",21,"orng-10",3,6,"Paul Taillie",49,0.278195488721805,15,41.0905843114125,0,41.0905843114125,45.3783299946307,13.2084842897751,"latest",4,23,5.87745097366036,0.0367394492157942,-5.5577393600871,1,0.228481054255681,FALSE
2024,"cthm-03-4","Common Grackle","Quiscalus quiscula",1,"cthm-03",4,0,"Haven Wiley",21,-0.00587334517820854,16,16.989105551541,0,16.989105551541,35.2387814904471,46.9868415851912,"latest",-6,24,2.28572794358414,0.368802942163001,-2.6904354784901,0,0,FALSE
2024,"cthm-05-3","Common Grackle","Quiscalus quiscula",2,"cthm-05",3,1,"Tom Driscoll",61,0.266884457576338,16,10.8096188811836,0,10.8096188811836,52.0974320106219,34.137308715512,"latest",1,24,0.857727073466753,4.6757698249702,-5.6403218995471,1,0.146572603988068,FALSE
2024,"cthm-06-2","Common Grackle","Quiscalus quiscula",3,"cthm-06",2,0,"Roger Shaw",53,0.0868382388701524,16,12.2760040222377,0,12.2760040222377,33.1975153890815,54.5616154711724,"latest",-30,24,0.394724230678124,2.1365177843689,-2.3889001580433,1,0.231087740720832,FALSE
2024,"cthm-08-4","Common Grackle","Quiscalus quiscula",5,"cthm-08",4,0,"Fleeta Chauvigne",18,0.15526277717088,16,11.3061302730189,0,11.3061302730189,52.1500644406863,36.0054616642042,"latest",-4,24,1.08005798168633,0.00828636122749771,-1.0883443429138,1,0.28749122863907,FALSE
2024,"cthm-12-2","Common Grackle","Quiscalus quiscula",10,"cthm-12",2,1,"Tom Driscoll",61,0.266884457576338,16,16.0346177108776,0,16.0346177108776,33.2965903666824,49.9489717411841,"latest",1,24,1.25464462870045,1.8794505449378,-3.1701916641726,1,0.00922142168749573,FALSE
2024,"drhm-01-4","Common Grackle","Quiscalus quiscula",13,"drhm-01",4,0,"Noah Rokoske",45,0.331760101623359,16,13.5242819811929,0,13.5242819811929,63.0883448158475,23.3871162656523,"latest",-1,21,1.25097231657792,2.5361365951107,-3.7154879832455,1,0.463988553091548,FALSE
2024,"orng-07-1","Common Grackle","Quiscalus quiscula",17,"orng-07",1,0,"Brian Bockhahn",10,0.00283570892723184,16,20.9871937161696,0,20.9871937161696,55.590972310896,23.2779490808481,"latest",-3,23,5.94149686063044,1.5691896825894,-7.4747153201982,1,0.120010668798821,FALSE
2024,"orng-08-4","Common Grackle","Quiscalus quiscula",19,"orng-08",4,0,"William Mackin",66,0.220214045898082,16,12.1376425791306,0,12.1376425791306,51.5751526891972,34.0683559960644,"latest",-1,23,1.07259052189947,1.2788711896135,-2.3512075173086,1,0.284807276668392,FALSE
2024,"orng-09-4","Common Grackle","Quiscalus quiscula",20,"orng-09",4,0,"Karen Hogan",29,0.00854025787807335,16,16.0191695218452,0,16.0191695218452,69.9111296884624,13.8212323620468,"latest",-2,23,0.967298363710221,0.0382152224147916,-0.7898124241754,1,-0.175512585682099,FALSE
2024,"orng-10-3","Common Grackle","Quiscalus quiscula",21,"orng-10",3,0,"Paul Taillie",49,0.278195488721805,16,41.0905843114125,0,41.0905843114125,45.3783299946307,13.2084842897751,"latest",-3,23,5.87745097366036,0.0367394492157942,-5.5577393600871,1,0.228481054255681,FALSE
2024,"cthm-05-3","Common Yellowthroat","Geothlypis trichas",2,"cthm-05",3,0,"Tom Driscoll",61,0.266884457576338,17,10.8096188811836,0,10.8096188811836,52.0974320106219,34.137308715512,"latest",-3,24,0.857727073466753,4.6757698249702,-5.6403218995471,1,0.146572603988068,FALSE
2024,"cthm-06-2","Common Yellowthroat","Geothlypis trichas",3,"cthm-06",2,2,"Roger Shaw",53,0.0868382388701524,17,12.2760040222377,0,12.2760040222377,33.1975153890815,54.5616154711724,"latest",2,24,0.394724230678124,2.1365177843689,-2.3889001580433,1,0.231087740720832,FALSE
2024,"cthm-08-4","Common Yellowthroat","Geothlypis trichas",5,"cthm-08",4,0,"Fleeta Chauvigne",18,0.15526277717088,17,11.3061302730189,0,11.3061302730189,52.1500644406863,36.0054616642042,"latest",-1,24,1.08005798168633,0.00828636122749771,-1.0883443429138,1,0.28749122863907,FALSE
2024,"cthm-11-1","Common Yellowthroat","Geothlypis trichas",8,"cthm-11",1,0,"Ivara Goulden",22,0.0232681353687694,17,14.0922574184738,0,14.0922574184738,66.4345012861326,19.5090835893003,"latest",-1,24,1.4649353547569,2.4077921858221,-3.6219594914239,1,0.180254006640355,FALSE
2024,"drhm-01-3","Common Yellowthroat","Geothlypis trichas",12,"drhm-01",3,1,"Noah Rokoske",45,0.331760101623359,17,10.1490477194072,0,10.1490477194072,77.0510896628043,12.7967670361644,"latest",1,21,0.430435064102488,0.403002074554195,-0.4043475127317,1,0.463988553091548,FALSE
2024,"drhm-01-4","Common Yellowthroat","Geothlypis trichas",13,"drhm-01",4,0,"Noah Rokoske",45,0.331760101623359,17,13.5242819811929,0,13.5242819811929,63.0883448158475,23.3871162656523,"latest",-2,21,1.25097231657792,2.5361365951107,-3.7154879832455,1,0.463988553091548,FALSE
2024,"orng-03-4","Common Yellowthroat","Geothlypis trichas",16,"orng-03",4,1,"Bradley Saul",9,-0.0252322005332264,17,13.0442834676156,0,13.0442834676156,43.2535936841784,43.3404487030722,"latest",1,23,1.29089083170278,1.2024179950105,-2.3842300811445,1,-0.451794700533226,FALSE
2024,"orng-08-3","Common Yellowthroat","Geothlypis trichas",18,"orng-08",3,0,"William Mackin",66,0.220214045898082,17,12.5838282442301,0,12.5838282442301,66.4047419346485,19.5497542417987,"latest",-1,23,0.500520318852447,0.207168348776705,-0.6720380437432,1,0.284807276668392,FALSE
2024,"orng-09-4","Common Yellowthroat","Geothlypis trichas",20,"orng-09",4,1,"Karen Hogan",29,0.00854025787807335,17,16.0191695218452,0,16.0191695218452,69.9111296884624,13.8212323620468,"latest",1,23,0.967298363710221,0.0382152224147916,-0.7898124241754,1,-0.175512585682099,FALSE
2024,"cthm-05-3","Downy Woodpecker","Dryobates pubescens",2,"cthm-05",3,0,"Tom Driscoll",61,0.266884457576338,18,10.8096188811836,0,10.8096188811836,52.0974320106219,34.137308715512,"latest",-5,24,0.857727073466753,4.6757698249702,-5.6403218995471,1,0.146572603988068,FALSE
2024,"cthm-07-4","Downy Woodpecker","Dryobates pubescens",4,"cthm-07",4,2,"Will Cook",65,0.0497144344661238,18,11.6719084969188,0,11.6719084969188,65.4472943593752,22.880797143706,"latest",-3,24,0.682121989866378,1.88484374530861,-2.5669657351751,0,0,FALSE
2024,"cthm-09-3","Downy Woodpecker","Dryobates pubescens",6,"cthm-09",3,3,"Shelley Theye",57,0,18,21.579453879736,0,21.579453879736,72.7048540055279,5.64394179298578,"latest",2,24,8.85335927982986,8.3451204166646,-22.9541301139097,1,-0.0220746590093324,FALSE
2024,"cthm-10-1","Downy Woodpecker","Dryobates pubescens",7,"cthm-10",1,1,"Fleeta Wilkinson",19,0.200661521499449,18,18.6227649566035,0,18.6227649566035,76.3451364744065,5.2111824932638,"latest",1,24,3.53024256955014,0.502104472372807,-3.85326311764916,1,0.173662559921048,FALSE
2024,"cthm-11-4","Downy Woodpecker","Dryobates pubescens",9,"cthm-11",4,1,"Ivara Goulden",22,0.0232681353687694,18,16.0555887376667,0,16.0555887376667,71.3941034077336,12.4065498058726,"latest",1,24,0.82383164274888,5.30092528985459,-6.0528144865603,1,0.180254006640355,FALSE
2024,"cthm-12-2","Downy Woodpecker","Dryobates pubescens",10,"cthm-12",2,1,"Tom Driscoll",61,0.266884457576338,18,16.0346177108776,0,16.0346177108776,33.2965903666824,49.9489717411841,"latest",1,24,1.25464462870045,1.8794505449378,-3.1701916641726,1,0.00922142168749573,FALSE
2024,"drhm-01-3","Downy Woodpecker","Dryobates pubescens",12,"drhm-01",3,2,"Noah Rokoske",45,0.331760101623359,18,10.1490477194072,0,10.1490477194072,77.0510896628043,12.7967670361644,"latest",2,21,0.430435064102488,0.403002074554195,-0.4043475127317,1,0.463988553091548,FALSE
2024,"orng-08-3","Downy Woodpecker","Dryobates pubescens",18,"orng-08",3,0,"William Mackin",66,0.220214045898082,18,12.5838282442301,0,12.5838282442301,66.4047419346485,19.5497542417987,"latest",-1,23,0.500520318852447,0.207168348776705,-0.6720380437432,1,0.284807276668392,FALSE
2024,"orng-09-4","Downy Woodpecker","Dryobates pubescens",20,"orng-09",4,0,"Karen Hogan",29,0.00854025787807335,18,16.0191695218452,0,16.0191695218452,69.9111296884624,13.8212323620468,"latest",-1,23,0.967298363710221,0.0382152224147916,-0.7898124241754,1,-0.175512585682099,FALSE
2024,"orng-10-3","Downy Woodpecker","Dryobates pubescens",21,"orng-10",3,0,"Paul Taillie",49,0.278195488721805,18,41.0905843114125,0,41.0905843114125,45.3783299946307,13.2084842897751,"latest",-1,23,5.87745097366036,0.0367394492157942,-5.5577393600871,1,0.228481054255681,FALSE
2024,"orng-11-4","Downy Woodpecker","Dryobates pubescens",22,"orng-11",4,2,"Suzanne Roberts",60,0.283763277693475,18,16.3867334859487,0,16.3867334859487,73.0828360252486,12.9380576958055,"latest",1,23,0.78862591072472,0.723948958327298,1.2561331518066,1,0.428012779544154,FALSE
2024,"cthm-03-4","Eastern Bluebird","Sialia sialis",1,"cthm-03",4,7,"Haven Wiley",21,-0.00587334517820854,19,16.989105551541,0,16.989105551541,35.2387814904471,46.9868415851912,"latest",3,24,2.28572794358414,0.368802942163001,-2.6904354784901,0,0,FALSE
2024,"cthm-05-3","Eastern Bluebird","Sialia sialis",2,"cthm-05",3,1,"Tom Driscoll",61,0.266884457576338,19,10.8096188811836,0,10.8096188811836,52.0974320106219,34.137308715512,"latest",-4,24,0.857727073466753,4.6757698249702,-5.6403218995471,1,0.146572603988068,FALSE
2024,"cthm-06-2","Eastern Bluebird","Sialia sialis",3,"cthm-06",2,0,"Roger Shaw",53,0.0868382388701524,19,12.2760040222377,0,12.2760040222377,33.1975153890815,54.5616154711724,"latest",-4,24,0.394724230678124,2.1365177843689,-2.3889001580433,1,0.231087740720832,FALSE
2024,"cthm-07-4","Eastern Bluebird","Sialia sialis",4,"cthm-07",4,0,"Will Cook",65,0.0497144344661238,19,11.6719084969188,0,11.6719084969188,65.4472943593752,22.880797143706,"latest",-4,24,0.682121989866378,1.88484374530861,-2.5669657351751,0,0,FALSE
2024,"cthm-08-4","Eastern Bluebird","Sialia sialis",5,"cthm-08",4,7,"Fleeta Chauvigne",18,0.15526277717088,19,11.3061302730189,0,11.3061302730189,52.1500644406863,36.0054616642042,"latest",3,24,1.08005798168633,0.00828636122749771,-1.0883443429138,1,0.28749122863907,FALSE
2024,"cthm-09-3","Eastern Bluebird","Sialia sialis",6,"cthm-09",3,0,"Shelley Theye",57,0,19,21.579453879736,0,21.579453879736,72.7048540055279,5.64394179298578,"latest",-2,24,8.85335927982986,8.3451204166646,-22.9541301139097,1,-0.0220746590093324,FALSE
2024,"cthm-10-1","Eastern Bluebird","Sialia sialis",7,"cthm-10",1,1,"Fleeta Wilkinson",19,0.200661521499449,19,18.6227649566035,0,18.6227649566035,76.3451364744065,5.2111824932638,"latest",1,24,3.53024256955014,0.502104472372807,-3.85326311764916,1,0.173662559921048,FALSE
2024,"cthm-11-1","Eastern Bluebird","Sialia sialis",8,"cthm-11",1,1,"Ivara Goulden",22,0.0232681353687694,19,14.0922574184738,0,14.0922574184738,66.4345012861326,19.5090835893003,"latest",1,24,1.4649353547569,2.4077921858221,-3.6219594914239,1,0.180254006640355,FALSE
2024,"cthm-11-4","Eastern Bluebird","Sialia sialis",9,"cthm-11",4,2,"Ivara Goulden",22,0.0232681353687694,19,16.0555887376667,0,16.0555887376667,71.3941034077336,12.4065498058726,"latest",-2,24,0.82383164274888,5.30092528985459,-6.0528144865603,1,0.180254006640355,FALSE
2024,"cthm-12-2","Eastern Bluebird","Sialia sialis",10,"cthm-12",2,1,"Tom Driscoll",61,0.266884457576338,19,16.0346177108776,0,16.0346177108776,33.2965903666824,49.9489717411841,"latest",-3,24,1.25464462870045,1.8794505449378,-3.1701916641726,1,0.00922142168749573,FALSE
2024,"drhm-01-1","Eastern Bluebird","Sialia sialis",11,"drhm-01",1,2,"Noah Rokoske",45,0.331760101623359,19,16.3544494815658,0,16.3544494815658,40.2766308855972,43.0092572778672,"latest",2,21,2.0176422244898,0.212797736216203,-2.3392689930673,1,0.463988553091548,FALSE
2024,"drhm-01-3","Eastern Bluebird","Sialia sialis",12,"drhm-01",3,1,"Noah Rokoske",45,0.331760101623359,19,10.1490477194072,0,10.1490477194072,77.0510896628043,12.7967670361644,"latest",1,21,0.430435064102488,0.403002074554195,-0.4043475127317,1,0.463988553091548,FALSE
2024,"drhm-01-4","Eastern Bluebird","Sialia sialis",13,"drhm-01",4,6,"Noah Rokoske",45,0.331760101623359,19,13.5242819811929,0,13.5242819811929,63.0883448158475,23.3871162656523,"latest",6,21,1.25097231657792,2.5361365951107,-3.7154879832455,1,0.463988553091548,FALSE
2024,"drhm-04-4","Eastern Bluebird","Sialia sialis",14,"drhm-04",4,0,"Stephen Brooks",58,-0.0965391621129326,19,26.560858779761,2.74021352313168,29.3010723028927,34.4298452730873,28.2533973614955,"latest",-1,21,1.57133622844622,1.1211192012491,-2.6191066862193,1,-0.216851015701202,FALSE
2024,"orng-03-1","Eastern Bluebird","Sialia sialis",15,"orng-03",1,4,"Bradley Saul",9,-0.0252322005332264,19,18.1275146422205,0,18.1275146422205,43.5001273236567,37.8728036669213,"latest",-4,23,2.49630761395469,0.894003055767797,-3.3190094219506,1,-0.451794700533226,FALSE
2024,"orng-03-4","Eastern Bluebird","Sialia sialis",16,"orng-03",4,2,"Bradley Saul",9,-0.0252322005332264,19,13.0442834676156,0,13.0442834676156,43.2535936841784,43.3404487030722,"latest",0,23,1.29089083170278,1.2024179950105,-2.3842300811445,1,-0.451794700533226,FALSE
2024,"orng-07-1","Eastern Bluebird","Sialia sialis",17,"orng-07",1,6,"Brian Bockhahn",10,0.00283570892723184,19,20.9871937161696,0,20.9871937161696,55.590972310896,23.2779490808481,"latest",5,23,5.94149686063044,1.5691896825894,-7.4747153201982,1,0.120010668798821,FALSE
2024,"orng-08-3","Eastern Bluebird","Sialia sialis",18,"orng-08",3,1,"William Mackin",66,0.220214045898082,19,12.5838282442301,0,12.5838282442301,66.4047419346485,19.5497542417987,"latest",0,23,0.500520318852447,0.207168348776705,-0.6720380437432,1,0.284807276668392,FALSE
2024,"orng-08-4","Eastern Bluebird","Sialia sialis",19,"orng-08",4,4,"William Mackin",66,0.220214045898082,19,12.1376425791306,0,12.1376425791306,51.5751526891972,34.0683559960644,"latest",2,23,1.07259052189947,1.2788711896135,-2.3512075173086,1,0.284807276668392,FALSE
2024,"orng-09-4","Eastern Bluebird","Sialia sialis",20,"orng-09",4,4,"Karen Hogan",29,0.00854025787807335,19,16.0191695218452,0,16.0191695218452,69.9111296884624,13.8212323620468,"latest",4,23,0.967298363710221,0.0382152224147916,-0.7898124241754,1,-0.175512585682099,FALSE
2024,"orng-10-3","Eastern Bluebird","Sialia sialis",21,"orng-10",3,0,"Paul Taillie",49,0.278195488721805,19,41.0905843114125,0,41.0905843114125,45.3783299946307,13.2084842897751,"latest",-7,23,5.87745097366036,0.0367394492157942,-5.5577393600871,1,0.228481054255681,FALSE
2024,"orng-11-4","Eastern Bluebird","Sialia sialis",22,"orng-11",4,2,"Suzanne Roberts",60,0.283763277693475,19,16.3867334859487,0,16.3867334859487,73.0828360252486,12.9380576958055,"latest",-1,23,0.78862591072472,0.723948958327298,1.2561331518066,1,0.428012779544154,FALSE
2024,"cthm-06-2","Eastern Kingbird","Tyrannus tyrannus",3,"cthm-06",2,0,"Roger Shaw",53,0.0868382388701524,20,12.2760040222377,0,12.2760040222377,33.1975153890815,54.5616154711724,"latest",-2,24,0.394724230678124,2.1365177843689,-2.3889001580433,1,0.231087740720832,FALSE
2024,"cthm-08-4","Eastern Kingbird","Tyrannus tyrannus",5,"cthm-08",4,3,"Fleeta Chauvigne",18,0.15526277717088,20,11.3061302730189,0,11.3061302730189,52.1500644406863,36.0054616642042,"latest",3,24,1.08005798168633,0.00828636122749771,-1.0883443429138,1,0.28749122863907,FALSE
2024,"cthm-11-4","Eastern Kingbird","Tyrannus tyrannus",9,"cthm-11",4,3,"Ivara Goulden",22,0.0232681353687694,20,16.0555887376667,0,16.0555887376667,71.3941034077336,12.4065498058726,"latest",3,24,0.82383164274888,5.30092528985459,-6.0528144865603,1,0.180254006640355,FALSE
2024,"drhm-01-1","Eastern Kingbird","Tyrannus tyrannus",11,"drhm-01",1,1,"Noah Rokoske",45,0.331760101623359,20,16.3544494815658,0,16.3544494815658,40.2766308855972,43.0092572778672,"latest",1,21,2.0176422244898,0.212797736216203,-2.3392689930673,1,0.463988553091548,FALSE
2024,"drhm-01-3","Eastern Kingbird","Tyrannus tyrannus",12,"drhm-01",3,2,"Noah Rokoske",45,0.331760101623359,20,10.1490477194072,0,10.1490477194072,77.0510896628043,12.7967670361644,"latest",2,21,0.430435064102488,0.403002074554195,-0.4043475127317,1,0.463988553091548,FALSE
2024,"orng-03-1","Eastern Kingbird","Tyrannus tyrannus",15,"orng-03",1,0,"Bradley Saul",9,-0.0252322005332264,20,18.1275146422205,0,18.1275146422205,43.5001273236567,37.8728036669213,"latest",-1,23,2.49630761395469,0.894003055767797,-3.3190094219506,1,-0.451794700533226,FALSE
2024,"orng-07-1","Eastern Kingbird","Tyrannus tyrannus",17,"orng-07",1,0,"Brian Bockhahn",10,0.00283570892723184,20,20.9871937161696,0,20.9871937161696,55.590972310896,23.2779490808481,"latest",-2,23,5.94149686063044,1.5691896825894,-7.4747153201982,1,0.120010668798821,FALSE
2024,"orng-08-4","Eastern Kingbird","Tyrannus tyrannus",19,"orng-08",4,0,"William Mackin",66,0.220214045898082,20,12.1376425791306,0,12.1376425791306,51.5751526891972,34.0683559960644,"latest",-1,23,1.07259052189947,1.2788711896135,-2.3512075173086,1,0.284807276668392,FALSE
2024,"orng-09-4","Eastern Kingbird","Tyrannus tyrannus",20,"orng-09",4,1,"Karen Hogan",29,0.00854025787807335,20,16.0191695218452,0,16.0191695218452,69.9111296884624,13.8212323620468,"latest",1,23,0.967298363710221,0.0382152224147916,-0.7898124241754,1,-0.175512585682099,FALSE
2024,"orng-10-3","Eastern Kingbird","Tyrannus tyrannus",21,"orng-10",3,0,"Paul Taillie",49,0.278195488721805,20,41.0905843114125,0,41.0905843114125,45.3783299946307,13.2084842897751,"latest",-2,23,5.87745097366036,0.0367394492157942,-5.5577393600871,1,0.228481054255681,FALSE
2024,"cthm-03-4","Eastern Meadowlark","Sturnella magna",1,"cthm-03",4,1,"Haven Wiley",21,-0.00587334517820854,21,16.989105551541,0,16.989105551541,35.2387814904471,46.9868415851912,"latest",-3,24,2.28572794358414,0.368802942163001,-2.6904354784901,0,0,FALSE
2024,"cthm-05-3","Eastern Meadowlark","Sturnella magna",2,"cthm-05",3,2,"Tom Driscoll",61,0.266884457576338,21,10.8096188811836,0,10.8096188811836,52.0974320106219,34.137308715512,"latest",2,24,0.857727073466753,4.6757698249702,-5.6403218995471,1,0.146572603988068,FALSE
2024,"cthm-06-2","Eastern Meadowlark","Sturnella magna",3,"cthm-06",2,0,"Roger Shaw",53,0.0868382388701524,21,12.2760040222377,0,12.2760040222377,33.1975153890815,54.5616154711724,"latest",-3,24,0.394724230678124,2.1365177843689,-2.3889001580433,1,0.231087740720832,FALSE
2024,"cthm-08-4","Eastern Meadowlark","Sturnella magna",5,"cthm-08",4,4,"Fleeta Chauvigne",18,0.15526277717088,21,11.3061302730189,0,11.3061302730189,52.1500644406863,36.0054616642042,"latest",0,24,1.08005798168633,0.00828636122749771,-1.0883443429138,1,0.28749122863907,FALSE
2024,"cthm-12-2","Eastern Meadowlark","Sturnella magna",10,"cthm-12",2,3,"Tom Driscoll",61,0.266884457576338,21,16.0346177108776,0,16.0346177108776,33.2965903666824,49.9489717411841,"latest",-2,24,1.25464462870045,1.8794505449378,-3.1701916641726,1,0.00922142168749573,FALSE
2024,"drhm-01-1","Eastern Meadowlark","Sturnella magna",11,"drhm-01",1,2,"Noah Rokoske",45,0.331760101623359,21,16.3544494815658,0,16.3544494815658,40.2766308855972,43.0092572778672,"latest",-1,21,2.0176422244898,0.212797736216203,-2.3392689930673,1,0.463988553091548,FALSE
2024,"drhm-01-4","Eastern Meadowlark","Sturnella magna",13,"drhm-01",4,1,"Noah Rokoske",45,0.331760101623359,21,13.5242819811929,0,13.5242819811929,63.0883448158475,23.3871162656523,"latest",1,21,1.25097231657792,2.5361365951107,-3.7154879832455,1,0.463988553091548,FALSE
2024,"orng-03-1","Eastern Meadowlark","Sturnella magna",15,"orng-03",1,1,"Bradley Saul",9,-0.0252322005332264,21,18.1275146422205,0,18.1275146422205,43.5001273236567,37.8728036669213,"latest",0,23,2.49630761395469,0.894003055767797,-3.3190094219506,1,-0.451794700533226,FALSE
2024,"orng-03-4","Eastern Meadowlark","Sturnella magna",16,"orng-03",4,1,"Bradley Saul",9,-0.0252322005332264,21,13.0442834676156,0,13.0442834676156,43.2535936841784,43.3404487030722,"latest",-1,23,1.29089083170278,1.2024179950105,-2.3842300811445,1,-0.451794700533226,FALSE
2024,"orng-07-1","Eastern Meadowlark","Sturnella magna",17,"orng-07",1,0,"Brian Bockhahn",10,0.00283570892723184,21,20.9871937161696,0,20.9871937161696,55.590972310896,23.2779490808481,"latest",-1,23,5.94149686063044,1.5691896825894,-7.4747153201982,1,0.120010668798821,FALSE
2024,"orng-08-4","Eastern Meadowlark","Sturnella magna",19,"orng-08",4,1,"William Mackin",66,0.220214045898082,21,12.1376425791306,0,12.1376425791306,51.5751526891972,34.0683559960644,"latest",-1,23,1.07259052189947,1.2788711896135,-2.3512075173086,1,0.284807276668392,FALSE
2024,"orng-11-4","Eastern Meadowlark","Sturnella magna",22,"orng-11",4,0,"Suzanne Roberts",60,0.283763277693475,21,16.3867334859487,0,16.3867334859487,73.0828360252486,12.9380576958055,"latest",-1,23,0.78862591072472,0.723948958327298,1.2561331518066,1,0.428012779544154,FALSE
2024,"cthm-03-4","Eastern Phoebe","Sayornis phoebe",1,"cthm-03",4,1,"Haven Wiley",21,-0.00587334517820854,22,16.989105551541,0,16.989105551541,35.2387814904471,46.9868415851912,"latest",1,24,2.28572794358414,0.368802942163001,-2.6904354784901,0,0,FALSE
2024,"cthm-06-2","Eastern Phoebe","Sayornis phoebe",3,"cthm-06",2,2,"Roger Shaw",53,0.0868382388701524,22,12.2760040222377,0,12.2760040222377,33.1975153890815,54.5616154711724,"latest",2,24,0.394724230678124,2.1365177843689,-2.3889001580433,1,0.231087740720832,FALSE
2024,"cthm-08-4","Eastern Phoebe","Sayornis phoebe",5,"cthm-08",4,2,"Fleeta Chauvigne",18,0.15526277717088,22,11.3061302730189,0,11.3061302730189,52.1500644406863,36.0054616642042,"latest",2,24,1.08005798168633,0.00828636122749771,-1.0883443429138,1,0.28749122863907,FALSE
2024,"cthm-09-3","Eastern Phoebe","Sayornis phoebe",6,"cthm-09",3,1,"Shelley Theye",57,0,22,21.579453879736,0,21.579453879736,72.7048540055279,5.64394179298578,"latest",1,24,8.85335927982986,8.3451204166646,-22.9541301139097,1,-0.0220746590093324,FALSE
2024,"cthm-10-1","Eastern Phoebe","Sayornis phoebe",7,"cthm-10",1,2,"Fleeta Wilkinson",19,0.200661521499449,22,18.6227649566035,0,18.6227649566035,76.3451364744065,5.2111824932638,"latest",2,24,3.53024256955014,0.502104472372807,-3.85326311764916,1,0.173662559921048,FALSE
2024,"cthm-11-1","Eastern Phoebe","Sayornis phoebe",8,"cthm-11",1,0,"Ivara Goulden",22,0.0232681353687694,22,14.0922574184738,0,14.0922574184738,66.4345012861326,19.5090835893003,"latest",-1,24,1.4649353547569,2.4077921858221,-3.6219594914239,1,0.180254006640355,FALSE
2024,"cthm-12-2","Eastern Phoebe","Sayornis phoebe",10,"cthm-12",2,1,"Tom Driscoll",61,0.266884457576338,22,16.0346177108776,0,16.0346177108776,33.2965903666824,49.9489717411841,"latest",1,24,1.25464462870045,1.8794505449378,-3.1701916641726,1,0.00922142168749573,FALSE
2024,"drhm-01-1","Eastern Phoebe","Sayornis phoebe",11,"drhm-01",1,1,"Noah Rokoske",45,0.331760101623359,22,16.3544494815658,0,16.3544494815658,40.2766308855972,43.0092572778672,"latest",0,21,2.0176422244898,0.212797736216203,-2.3392689930673,1,0.463988553091548,FALSE
2024,"drhm-01-4","Eastern Phoebe","Sayornis phoebe",13,"drhm-01",4,1,"Noah Rokoske",45,0.331760101623359,22,13.5242819811929,0,13.5242819811929,63.0883448158475,23.3871162656523,"latest",1,21,1.25097231657792,2.5361365951107,-3.7154879832455,1,0.463988553091548,FALSE
2024,"orng-03-1","Eastern Phoebe","Sayornis phoebe",15,"orng-03",1,3,"Bradley Saul",9,-0.0252322005332264,22,18.1275146422205,0,18.1275146422205,43.5001273236567,37.8728036669213,"latest",3,23,2.49630761395469,0.894003055767797,-3.3190094219506,1,-0.451794700533226,FALSE
2024,"orng-09-4","Eastern Phoebe","Sayornis phoebe",20,"orng-09",4,3,"Karen Hogan",29,0.00854025787807335,22,16.0191695218452,0,16.0191695218452,69.9111296884624,13.8212323620468,"latest",2,23,0.967298363710221,0.0382152224147916,-0.7898124241754,1,-0.175512585682099,FALSE
2024,"orng-11-4","Eastern Phoebe","Sayornis phoebe",22,"orng-11",4,0,"Suzanne Roberts",60,0.283763277693475,22,16.3867334859487,0,16.3867334859487,73.0828360252486,12.9380576958055,"latest",-1,23,0.78862591072472,0.723948958327298,1.2561331518066,1,0.428012779544154,FALSE
2024,"cthm-03-4","Eastern Towhee","Pipilo erythrophthalmus",1,"cthm-03",4,1,"Haven Wiley",21,-0.00587334517820854,23,16.989105551541,0,16.989105551541,35.2387814904471,46.9868415851912,"latest",1,24,2.28572794358414,0.368802942163001,-2.6904354784901,0,0,FALSE
2024,"cthm-05-3","Eastern Towhee","Pipilo erythrophthalmus",2,"cthm-05",3,1,"Tom Driscoll",61,0.266884457576338,23,10.8096188811836,0,10.8096188811836,52.0974320106219,34.137308715512,"latest",-2,24,0.857727073466753,4.6757698249702,-5.6403218995471,1,0.146572603988068,FALSE
2024,"cthm-06-2","Eastern Towhee","Pipilo erythrophthalmus",3,"cthm-06",2,1,"Roger Shaw",53,0.0868382388701524,23,12.2760040222377,0,12.2760040222377,33.1975153890815,54.5616154711724,"latest",-1,24,0.394724230678124,2.1365177843689,-2.3889001580433,1,0.231087740720832,FALSE
2024,"cthm-07-4","Eastern Towhee","Pipilo erythrophthalmus",4,"cthm-07",4,0,"Will Cook",65,0.0497144344661238,23,11.6719084969188,0,11.6719084969188,65.4472943593752,22.880797143706,"latest",-1,24,0.682121989866378,1.88484374530861,-2.5669657351751,0,0,FALSE
2024,"cthm-08-4","Eastern Towhee","Pipilo erythrophthalmus",5,"cthm-08",4,0,"Fleeta Chauvigne",18,0.15526277717088,23,11.3061302730189,0,11.3061302730189,52.1500644406863,36.0054616642042,"latest",-3,24,1.08005798168633,0.00828636122749771,-1.0883443429138,1,0.28749122863907,FALSE
2024,"cthm-09-3","Eastern Towhee","Pipilo erythrophthalmus",6,"cthm-09",3,1,"Shelley Theye",57,0,23,21.579453879736,0,21.579453879736,72.7048540055279,5.64394179298578,"latest",-2,24,8.85335927982986,8.3451204166646,-22.9541301139097,1,-0.0220746590093324,FALSE
2024,"cthm-10-1","Eastern Towhee","Pipilo erythrophthalmus",7,"cthm-10",1,0,"Fleeta Wilkinson",19,0.200661521499449,23,18.6227649566035,0,18.6227649566035,76.3451364744065,5.2111824932638,"latest",-2,24,3.53024256955014,0.502104472372807,-3.85326311764916,1,0.173662559921048,FALSE
2024,"cthm-11-4","Eastern Towhee","Pipilo erythrophthalmus",9,"cthm-11",4,0,"Ivara Goulden",22,0.0232681353687694,23,16.0555887376667,0,16.0555887376667,71.3941034077336,12.4065498058726,"latest",-1,24,0.82383164274888,5.30092528985459,-6.0528144865603,1,0.180254006640355,FALSE
2024,"cthm-12-2","Eastern Towhee","Pipilo erythrophthalmus",10,"cthm-12",2,2,"Tom Driscoll",61,0.266884457576338,23,16.0346177108776,0,16.0346177108776,33.2965903666824,49.9489717411841,"latest",1,24,1.25464462870045,1.8794505449378,-3.1701916641726,1,0.00922142168749573,FALSE
2024,"drhm-01-3","Eastern Towhee","Pipilo erythrophthalmus",12,"drhm-01",3,0,"Noah Rokoske",45,0.331760101623359,23,10.1490477194072,0,10.1490477194072,77.0510896628043,12.7967670361644,"latest",-2,21,0.430435064102488,0.403002074554195,-0.4043475127317,1,0.463988553091548,FALSE
2024,"drhm-01-4","Eastern Towhee","Pipilo erythrophthalmus",13,"drhm-01",4,0,"Noah Rokoske",45,0.331760101623359,23,13.5242819811929,0,13.5242819811929,63.0883448158475,23.3871162656523,"latest",-3,21,1.25097231657792,2.5361365951107,-3.7154879832455,1,0.463988553091548,FALSE
2024,"drhm-04-4","Eastern Towhee","Pipilo erythrophthalmus",14,"drhm-04",4,0,"Stephen Brooks",58,-0.0965391621129326,23,26.560858779761,2.74021352313168,29.3010723028927,34.4298452730873,28.2533973614955,"latest",-2,21,1.57133622844622,1.1211192012491,-2.6191066862193,1,-0.216851015701202,FALSE
2024,"orng-03-1","Eastern Towhee","Pipilo erythrophthalmus",15,"orng-03",1,1,"Bradley Saul",9,-0.0252322005332264,23,18.1275146422205,0,18.1275146422205,43.5001273236567,37.8728036669213,"latest",-2,23,2.49630761395469,0.894003055767797,-3.3190094219506,1,-0.451794700533226,FALSE
2024,"orng-03-4","Eastern Towhee","Pipilo erythrophthalmus",16,"orng-03",4,0,"Bradley Saul",9,-0.0252322005332264,23,13.0442834676156,0,13.0442834676156,43.2535936841784,43.3404487030722,"latest",-1,23,1.29089083170278,1.2024179950105,-2.3842300811445,1,-0.451794700533226,FALSE
2024,"orng-07-1","Eastern Towhee","Pipilo erythrophthalmus",17,"orng-07",1,1,"Brian Bockhahn",10,0.00283570892723184,23,20.9871937161696,0,20.9871937161696,55.590972310896,23.2779490808481,"latest",-2,23,5.94149686063044,1.5691896825894,-7.4747153201982,1,0.120010668798821,FALSE
2024,"orng-08-3","Eastern Towhee","Pipilo erythrophthalmus",18,"orng-08",3,0,"William Mackin",66,0.220214045898082,23,12.5838282442301,0,12.5838282442301,66.4047419346485,19.5497542417987,"latest",-1,23,0.500520318852447,0.207168348776705,-0.6720380437432,1,0.284807276668392,FALSE
2024,"orng-09-4","Eastern Towhee","Pipilo erythrophthalmus",20,"orng-09",4,0,"Karen Hogan",29,0.00854025787807335,23,16.0191695218452,0,16.0191695218452,69.9111296884624,13.8212323620468,"latest",-2,23,0.967298363710221,0.0382152224147916,-0.7898124241754,1,-0.175512585682099,FALSE
2024,"orng-10-3","Eastern Towhee","Pipilo erythrophthalmus",21,"orng-10",3,0,"Paul Taillie",49,0.278195488721805,23,41.0905843114125,0,41.0905843114125,45.3783299946307,13.2084842897751,"latest",-1,23,5.87745097366036,0.0367394492157942,-5.5577393600871,1,0.228481054255681,FALSE
2024,"orng-11-4","Eastern Towhee","Pipilo erythrophthalmus",22,"orng-11",4,0,"Suzanne Roberts",60,0.283763277693475,23,16.3867334859487,0,16.3867334859487,73.0828360252486,12.9380576958055,"latest",-2,23,0.78862591072472,0.723948958327298,1.2561331518066,1,0.428012779544154,FALSE
2024,"cthm-03-4","Eastern Wood-Pewee","Contopus virens",1,"cthm-03",4,0,"Haven Wiley",21,-0.00587334517820854,24,16.989105551541,0,16.989105551541,35.2387814904471,46.9868415851912,"latest",-1,24,2.28572794358414,0.368802942163001,-2.6904354784901,0,0,FALSE
2024,"cthm-05-3","Eastern Wood-Pewee","Contopus virens",2,"cthm-05",3,3,"Tom Driscoll",61,0.266884457576338,24,10.8096188811836,0,10.8096188811836,52.0974320106219,34.137308715512,"latest",-2,24,0.857727073466753,4.6757698249702,-5.6403218995471,1,0.146572603988068,FALSE
2024,"cthm-06-2","Eastern Wood-Pewee","Contopus virens",3,"cthm-06",2,1,"Roger Shaw",53,0.0868382388701524,24,12.2760040222377,0,12.2760040222377,33.1975153890815,54.5616154711724,"latest",-2,24,0.394724230678124,2.1365177843689,-2.3889001580433,1,0.231087740720832,FALSE
2024,"cthm-07-4","Eastern Wood-Pewee","Contopus virens",4,"cthm-07",4,3,"Will Cook",65,0.0497144344661238,24,11.6719084969188,0,11.6719084969188,65.4472943593752,22.880797143706,"latest",0,24,0.682121989866378,1.88484374530861,-2.5669657351751,0,0,FALSE
2024,"cthm-08-4","Eastern Wood-Pewee","Contopus virens",5,"cthm-08",4,1,"Fleeta Chauvigne",18,0.15526277717088,24,11.3061302730189,0,11.3061302730189,52.1500644406863,36.0054616642042,"latest",1,24,1.08005798168633,0.00828636122749771,-1.0883443429138,1,0.28749122863907,FALSE
2024,"cthm-09-3","Eastern Wood-Pewee","Contopus virens",6,"cthm-09",3,3,"Shelley Theye",57,0,24,21.579453879736,0,21.579453879736,72.7048540055279,5.64394179298578,"latest",3,24,8.85335927982986,8.3451204166646,-22.9541301139097,1,-0.0220746590093324,FALSE
2024,"cthm-10-1","Eastern Wood-Pewee","Contopus virens",7,"cthm-10",1,1,"Fleeta Wilkinson",19,0.200661521499449,24,18.6227649566035,0,18.6227649566035,76.3451364744065,5.2111824932638,"latest",1,24,3.53024256955014,0.502104472372807,-3.85326311764916,1,0.173662559921048,FALSE
2024,"cthm-11-1","Eastern Wood-Pewee","Contopus virens",8,"cthm-11",1,1,"Ivara Goulden",22,0.0232681353687694,24,14.0922574184738,0,14.0922574184738,66.4345012861326,19.5090835893003,"latest",0,24,1.4649353547569,2.4077921858221,-3.6219594914239,1,0.180254006640355,FALSE
2024,"cthm-11-4","Eastern Wood-Pewee","Contopus virens",9,"cthm-11",4,2,"Ivara Goulden",22,0.0232681353687694,24,16.0555887376667,0,16.0555887376667,71.3941034077336,12.4065498058726,"latest",1,24,0.82383164274888,5.30092528985459,-6.0528144865603,1,0.180254006640355,FALSE
2024,"cthm-12-2","Eastern Wood-Pewee","Contopus virens",10,"cthm-12",2,3,"Tom Driscoll",61,0.266884457576338,24,16.0346177108776,0,16.0346177108776,33.2965903666824,49.9489717411841,"latest",0,24,1.25464462870045,1.8794505449378,-3.1701916641726,1,0.00922142168749573,FALSE
2024,"drhm-01-3","Eastern Wood-Pewee","Contopus virens",12,"drhm-01",3,1,"Noah Rokoske",45,0.331760101623359,24,10.1490477194072,0,10.1490477194072,77.0510896628043,12.7967670361644,"latest",1,21,0.430435064102488,0.403002074554195,-0.4043475127317,1,0.463988553091548,FALSE
2024,"drhm-01-4","Eastern Wood-Pewee","Contopus virens",13,"drhm-01",4,1,"Noah Rokoske",45,0.331760101623359,24,13.5242819811929,0,13.5242819811929,63.0883448158475,23.3871162656523,"latest",1,21,1.25097231657792,2.5361365951107,-3.7154879832455,1,0.463988553091548,FALSE
2024,"orng-03-1","Eastern Wood-Pewee","Contopus virens",15,"orng-03",1,0,"Bradley Saul",9,-0.0252322005332264,24,18.1275146422205,0,18.1275146422205,43.5001273236567,37.8728036669213,"latest",-2,23,2.49630761395469,0.894003055767797,-3.3190094219506,1,-0.451794700533226,FALSE
2024,"orng-03-4","Eastern Wood-Pewee","Contopus virens",16,"orng-03",4,1,"Bradley Saul",9,-0.0252322005332264,24,13.0442834676156,0,13.0442834676156,43.2535936841784,43.3404487030722,"latest",-2,23,1.29089083170278,1.2024179950105,-2.3842300811445,1,-0.451794700533226,FALSE
2024,"orng-07-1","Eastern Wood-Pewee","Contopus virens",17,"orng-07",1,0,"Brian Bockhahn",10,0.00283570892723184,24,20.9871937161696,0,20.9871937161696,55.590972310896,23.2779490808481,"latest",-4,23,5.94149686063044,1.5691896825894,-7.4747153201982,1,0.120010668798821,FALSE
2024,"orng-08-4","Eastern Wood-Pewee","Contopus virens",19,"orng-08",4,0,"William Mackin",66,0.220214045898082,24,12.1376425791306,0,12.1376425791306,51.5751526891972,34.0683559960644,"latest",-1,23,1.07259052189947,1.2788711896135,-2.3512075173086,1,0.284807276668392,FALSE
2024,"orng-09-4","Eastern Wood-Pewee","Contopus virens",20,"orng-09",4,0,"Karen Hogan",29,0.00854025787807335,24,16.0191695218452,0,16.0191695218452,69.9111296884624,13.8212323620468,"latest",-2,23,0.967298363710221,0.0382152224147916,-0.7898124241754,1,-0.175512585682099,FALSE
2024,"cthm-03-4","European Starling","Sturnus vulgaris",1,"cthm-03",4,12,"Haven Wiley",21,-0.00587334517820854,25,16.989105551541,0,16.989105551541,35.2387814904471,46.9868415851912,"latest",11,24,2.28572794358414,0.368802942163001,-2.6904354784901,0,0,FALSE
2024,"cthm-06-2","European Starling","Sturnus vulgaris",3,"cthm-06",2,0,"Roger Shaw",53,0.0868382388701524,25,12.2760040222377,0,12.2760040222377,33.1975153890815,54.5616154711724,"latest",-1,24,0.394724230678124,2.1365177843689,-2.3889001580433,1,0.231087740720832,FALSE
2024,"drhm-01-3","European Starling","Sturnus vulgaris",12,"drhm-01",3,6,"Noah Rokoske",45,0.331760101623359,25,10.1490477194072,0,10.1490477194072,77.0510896628043,12.7967670361644,"latest",6,21,0.430435064102488,0.403002074554195,-0.4043475127317,1,0.463988553091548,FALSE
2024,"drhm-04-4","European Starling","Sturnus vulgaris",14,"drhm-04",4,0,"Stephen Brooks",58,-0.0965391621129326,25,26.560858779761,2.74021352313168,29.3010723028927,34.4298452730873,28.2533973614955,"latest",-4,21,1.57133622844622,1.1211192012491,-2.6191066862193,1,-0.216851015701202,FALSE
2024,"orng-03-4","European Starling","Sturnus vulgaris",16,"orng-03",4,0,"Bradley Saul",9,-0.0252322005332264,25,13.0442834676156,0,13.0442834676156,43.2535936841784,43.3404487030722,"latest",-1,23,1.29089083170278,1.2024179950105,-2.3842300811445,1,-0.451794700533226,FALSE
2024,"orng-08-4","European Starling","Sturnus vulgaris",19,"orng-08",4,2,"William Mackin",66,0.220214045898082,25,12.1376425791306,0,12.1376425791306,51.5751526891972,34.0683559960644,"latest",-5,23,1.07259052189947,1.2788711896135,-2.3512075173086,1,0.284807276668392,FALSE
2024,"orng-11-4","European Starling","Sturnus vulgaris",22,"orng-11",4,0,"Suzanne Roberts",60,0.283763277693475,25,16.3867334859487,0,16.3867334859487,73.0828360252486,12.9380576958055,"latest",-4,23,0.78862591072472,0.723948958327298,1.2561331518066,1,0.428012779544154,FALSE
2024,"cthm-05-3","Field Sparrow","Spizella pusilla",2,"cthm-05",3,0,"Tom Driscoll",61,0.266884457576338,26,10.8096188811836,0,10.8096188811836,52.0974320106219,34.137308715512,"latest",-1,24,0.857727073466753,4.6757698249702,-5.6403218995471,1,0.146572603988068,FALSE
2024,"cthm-11-4","Field Sparrow","Spizella pusilla",9,"cthm-11",4,0,"Ivara Goulden",22,0.0232681353687694,26,16.0555887376667,0,16.0555887376667,71.3941034077336,12.4065498058726,"latest",-1,24,0.82383164274888,5.30092528985459,-6.0528144865603,1,0.180254006640355,FALSE
2024,"drhm-01-3","Field Sparrow","Spizella pusilla",12,"drhm-01",3,2,"Noah Rokoske",45,0.331760101623359,26,10.1490477194072,0,10.1490477194072,77.0510896628043,12.7967670361644,"latest",2,21,0.430435064102488,0.403002074554195,-0.4043475127317,1,0.463988553091548,FALSE
2024,"orng-03-4","Field Sparrow","Spizella pusilla",16,"orng-03",4,1,"Bradley Saul",9,-0.0252322005332264,26,13.0442834676156,0,13.0442834676156,43.2535936841784,43.3404487030722,"latest",-3,23,1.29089083170278,1.2024179950105,-2.3842300811445,1,-0.451794700533226,FALSE
2024,"orng-07-1","Field Sparrow","Spizella pusilla",17,"orng-07",1,0,"Brian Bockhahn",10,0.00283570892723184,26,20.9871937161696,0,20.9871937161696,55.590972310896,23.2779490808481,"latest",-1,23,5.94149686063044,1.5691896825894,-7.4747153201982,1,0.120010668798821,FALSE
2024,"orng-08-3","Field Sparrow","Spizella pusilla",18,"orng-08",3,0,"William Mackin",66,0.220214045898082,26,12.5838282442301,0,12.5838282442301,66.4047419346485,19.5497542417987,"latest",-1,23,0.500520318852447,0.207168348776705,-0.6720380437432,1,0.284807276668392,FALSE
2024,"orng-08-4","Field Sparrow","Spizella pusilla",19,"orng-08",4,2,"William Mackin",66,0.220214045898082,26,12.1376425791306,0,12.1376425791306,51.5751526891972,34.0683559960644,"latest",2,23,1.07259052189947,1.2788711896135,-2.3512075173086,1,0.284807276668392,FALSE
2024,"cthm-03-4","Fish Crow","Corvus ossifragus",1,"cthm-03",4,1,"Haven Wiley",21,-0.00587334517820854,27,16.989105551541,0,16.989105551541,35.2387814904471,46.9868415851912,"latest",1,24,2.28572794358414,0.368802942163001,-2.6904354784901,0,0,FALSE
2024,"cthm-05-3","Fish Crow","Corvus ossifragus",2,"cthm-05",3,3,"Tom Driscoll",61,0.266884457576338,27,10.8096188811836,0,10.8096188811836,52.0974320106219,34.137308715512,"latest",3,24,0.857727073466753,4.6757698249702,-5.6403218995471,1,0.146572603988068,FALSE
2024,"cthm-10-1","Fish Crow","Corvus ossifragus",7,"cthm-10",1,1,"Fleeta Wilkinson",19,0.200661521499449,27,18.6227649566035,0,18.6227649566035,76.3451364744065,5.2111824932638,"latest",1,24,3.53024256955014,0.502104472372807,-3.85326311764916,1,0.173662559921048,FALSE
2024,"orng-09-4","Fish Crow","Corvus ossifragus",20,"orng-09",4,3,"Karen Hogan",29,0.00854025787807335,27,16.0191695218452,0,16.0191695218452,69.9111296884624,13.8212323620468,"latest",3,23,0.967298363710221,0.0382152224147916,-0.7898124241754,1,-0.175512585682099,FALSE
2024,"orng-10-3","Fish Crow","Corvus ossifragus",21,"orng-10",3,0,"Paul Taillie",49,0.278195488721805,27,41.0905843114125,0,41.0905843114125,45.3783299946307,13.2084842897751,"latest",-1,23,5.87745097366036,0.0367394492157942,-5.5577393600871,1,0.228481054255681,FALSE
2024,"cthm-06-2","Grasshopper Sparrow","Ammodramus savannarum",3,"cthm-06",2,1,"Roger Shaw",53,0.0868382388701524,28,12.2760040222377,0,12.2760040222377,33.1975153890815,54.5616154711724,"latest",1,24,0.394724230678124,2.1365177843689,-2.3889001580433,1,0.231087740720832,FALSE
2024,"cthm-08-4","Grasshopper Sparrow","Ammodramus savannarum",5,"cthm-08",4,2,"Fleeta Chauvigne",18,0.15526277717088,28,11.3061302730189,0,11.3061302730189,52.1500644406863,36.0054616642042,"latest",2,24,1.08005798168633,0.00828636122749771,-1.0883443429138,1,0.28749122863907,FALSE
2024,"drhm-01-1","Grasshopper Sparrow","Ammodramus savannarum",11,"drhm-01",1,1,"Noah Rokoske",45,0.331760101623359,28,16.3544494815658,0,16.3544494815658,40.2766308855972,43.0092572778672,"latest",1,21,2.0176422244898,0.212797736216203,-2.3392689930673,1,0.463988553091548,FALSE
2024,"orng-03-1","Grasshopper Sparrow","Ammodramus savannarum",15,"orng-03",1,1,"Bradley Saul",9,-0.0252322005332264,28,18.1275146422205,0,18.1275146422205,43.5001273236567,37.8728036669213,"latest",1,23,2.49630761395469,0.894003055767797,-3.3190094219506,1,-0.451794700533226,FALSE
2024,"cthm-07-4","Gray Catbird","Dumetella carolinensis",4,"cthm-07",4,0,"Will Cook",65,0.0497144344661238,29,11.6719084969188,0,11.6719084969188,65.4472943593752,22.880797143706,"latest",-1,24,0.682121989866378,1.88484374530861,-2.5669657351751,0,0,FALSE
2024,"orng-03-1","Gray Catbird","Dumetella carolinensis",15,"orng-03",1,1,"Bradley Saul",9,-0.0252322005332264,29,18.1275146422205,0,18.1275146422205,43.5001273236567,37.8728036669213,"latest",1,23,2.49630761395469,0.894003055767797,-3.3190094219506,1,-0.451794700533226,FALSE
2024,"cthm-03-4","Great Crested Flycatcher","Myiarchus crinitus",1,"cthm-03",4,1,"Haven Wiley",21,-0.00587334517820854,30,16.989105551541,0,16.989105551541,35.2387814904471,46.9868415851912,"latest",1,24,2.28572794358414,0.368802942163001,-2.6904354784901,0,0,FALSE
2024,"cthm-06-2","Great Crested Flycatcher","Myiarchus crinitus",3,"cthm-06",2,1,"Roger Shaw",53,0.0868382388701524,30,12.2760040222377,0,12.2760040222377,33.1975153890815,54.5616154711724,"latest",1,24,0.394724230678124,2.1365177843689,-2.3889001580433,1,0.231087740720832,FALSE
2024,"cthm-08-4","Great Crested Flycatcher","Myiarchus crinitus",5,"cthm-08",4,2,"Fleeta Chauvigne",18,0.15526277717088,30,11.3061302730189,0,11.3061302730189,52.1500644406863,36.0054616642042,"latest",2,24,1.08005798168633,0.00828636122749771,-1.0883443429138,1,0.28749122863907,FALSE
2024,"cthm-09-3","Great Crested Flycatcher","Myiarchus crinitus",6,"cthm-09",3,1,"Shelley Theye",57,0,30,21.579453879736,0,21.579453879736,72.7048540055279,5.64394179298578,"latest",1,24,8.85335927982986,8.3451204166646,-22.9541301139097,1,-0.0220746590093324,FALSE
2024,"cthm-10-1","Great Crested Flycatcher","Myiarchus crinitus",7,"cthm-10",1,3,"Fleeta Wilkinson",19,0.200661521499449,30,18.6227649566035,0,18.6227649566035,76.3451364744065,5.2111824932638,"latest",2,24,3.53024256955014,0.502104472372807,-3.85326311764916,1,0.173662559921048,FALSE
2024,"cthm-11-1","Great Crested Flycatcher","Myiarchus crinitus",8,"cthm-11",1,3,"Ivara Goulden",22,0.0232681353687694,30,14.0922574184738,0,14.0922574184738,66.4345012861326,19.5090835893003,"latest",3,24,1.4649353547569,2.4077921858221,-3.6219594914239,1,0.180254006640355,FALSE
2024,"drhm-01-1","Great Crested Flycatcher","Myiarchus crinitus",11,"drhm-01",1,1,"Noah Rokoske",45,0.331760101623359,30,16.3544494815658,0,16.3544494815658,40.2766308855972,43.0092572778672,"latest",1,21,2.0176422244898,0.212797736216203,-2.3392689930673,1,0.463988553091548,FALSE
2024,"drhm-01-4","Great Crested Flycatcher","Myiarchus crinitus",13,"drhm-01",4,1,"Noah Rokoske",45,0.331760101623359,30,13.5242819811929,0,13.5242819811929,63.0883448158475,23.3871162656523,"latest",1,21,1.25097231657792,2.5361365951107,-3.7154879832455,1,0.463988553091548,FALSE
2024,"orng-03-4","Great Crested Flycatcher","Myiarchus crinitus",16,"orng-03",4,0,"Bradley Saul",9,-0.0252322005332264,30,13.0442834676156,0,13.0442834676156,43.2535936841784,43.3404487030722,"latest",-1,23,1.29089083170278,1.2024179950105,-2.3842300811445,1,-0.451794700533226,FALSE
2024,"orng-07-1","Great Crested Flycatcher","Myiarchus crinitus",17,"orng-07",1,0,"Brian Bockhahn",10,0.00283570892723184,30,20.9871937161696,0,20.9871937161696,55.590972310896,23.2779490808481,"latest",-1,23,5.94149686063044,1.5691896825894,-7.4747153201982,1,0.120010668798821,FALSE
2024,"orng-08-4","Great Crested Flycatcher","Myiarchus crinitus",19,"orng-08",4,0,"William Mackin",66,0.220214045898082,30,12.1376425791306,0,12.1376425791306,51.5751526891972,34.0683559960644,"latest",-2,23,1.07259052189947,1.2788711896135,-2.3512075173086,1,0.284807276668392,FALSE
2024,"cthm-09-3","Hairy Woodpecker","Dryobates villosus",6,"cthm-09",3,0,"Shelley Theye",57,0,31,21.579453879736,0,21.579453879736,72.7048540055279,5.64394179298578,"latest",-1,24,8.85335927982986,8.3451204166646,-22.9541301139097,1,-0.0220746590093324,FALSE
2024,"orng-10-3","Hairy Woodpecker","Dryobates villosus",21,"orng-10",3,1,"Paul Taillie",49,0.278195488721805,31,41.0905843114125,0,41.0905843114125,45.3783299946307,13.2084842897751,"latest",1,23,5.87745097366036,0.0367394492157942,-5.5577393600871,1,0.228481054255681,FALSE
2024,"cthm-07-4","Hooded Warbler","Setophaga citrina",4,"cthm-07",4,2,"Will Cook",65,0.0497144344661238,32,11.6719084969188,0,11.6719084969188,65.4472943593752,22.880797143706,"latest",1,24,0.682121989866378,1.88484374530861,-2.5669657351751,0,0,FALSE
2024,"cthm-10-1","Hooded Warbler","Setophaga citrina",7,"cthm-10",1,1,"Fleeta Wilkinson",19,0.200661521499449,32,18.6227649566035,0,18.6227649566035,76.3451364744065,5.2111824932638,"latest",1,24,3.53024256955014,0.502104472372807,-3.85326311764916,1,0.173662559921048,FALSE
2024,"orng-09-4","Hooded Warbler","Setophaga citrina",20,"orng-09",4,0,"Karen Hogan",29,0.00854025787807335,32,16.0191695218452,0,16.0191695218452,69.9111296884624,13.8212323620468,"latest",-1,23,0.967298363710221,0.0382152224147916,-0.7898124241754,1,-0.175512585682099,FALSE
2024,"cthm-05-3","House Finch","Haemorhous mexicanus",2,"cthm-05",3,0,"Tom Driscoll",61,0.266884457576338,33,10.8096188811836,0,10.8096188811836,52.0974320106219,34.137308715512,"latest",-1,24,0.857727073466753,4.6757698249702,-5.6403218995471,1,0.146572603988068,FALSE
2024,"cthm-09-3","House Finch","Haemorhous mexicanus",6,"cthm-09",3,0,"Shelley Theye",57,0,33,21.579453879736,0,21.579453879736,72.7048540055279,5.64394179298578,"latest",-6,24,8.85335927982986,8.3451204166646,-22.9541301139097,1,-0.0220746590093324,FALSE
2024,"cthm-10-1","House Finch","Haemorhous mexicanus",7,"cthm-10",1,1,"Fleeta Wilkinson",19,0.200661521499449,33,18.6227649566035,0,18.6227649566035,76.3451364744065,5.2111824932638,"latest",1,24,3.53024256955014,0.502104472372807,-3.85326311764916,1,0.173662559921048,FALSE
2024,"cthm-11-4","House Finch","Haemorhous mexicanus",9,"cthm-11",4,4,"Ivara Goulden",22,0.0232681353687694,33,16.0555887376667,0,16.0555887376667,71.3941034077336,12.4065498058726,"latest",4,24,0.82383164274888,5.30092528985459,-6.0528144865603,1,0.180254006640355,FALSE
2024,"cthm-12-2","House Finch","Haemorhous mexicanus",10,"cthm-12",2,2,"Tom Driscoll",61,0.266884457576338,33,16.0346177108776,0,16.0346177108776,33.2965903666824,49.9489717411841,"latest",2,24,1.25464462870045,1.8794505449378,-3.1701916641726,1,0.00922142168749573,FALSE
2024,"drhm-01-4","House Finch","Haemorhous mexicanus",13,"drhm-01",4,1,"Noah Rokoske",45,0.331760101623359,33,13.5242819811929,0,13.5242819811929,63.0883448158475,23.3871162656523,"latest",1,21,1.25097231657792,2.5361365951107,-3.7154879832455,1,0.463988553091548,FALSE
2024,"drhm-04-4","House Finch","Haemorhous mexicanus",14,"drhm-04",4,7,"Stephen Brooks",58,-0.0965391621129326,33,26.560858779761,2.74021352313168,29.3010723028927,34.4298452730873,28.2533973614955,"latest",5,21,1.57133622844622,1.1211192012491,-2.6191066862193,1,-0.216851015701202,FALSE
2024,"orng-03-4","House Finch","Haemorhous mexicanus",16,"orng-03",4,0,"Bradley Saul",9,-0.0252322005332264,33,13.0442834676156,0,13.0442834676156,43.2535936841784,43.3404487030722,"latest",-2,23,1.29089083170278,1.2024179950105,-2.3842300811445,1,-0.451794700533226,FALSE
2024,"orng-07-1","House Finch","Haemorhous mexicanus",17,"orng-07",1,0,"Brian Bockhahn",10,0.00283570892723184,33,20.9871937161696,0,20.9871937161696,55.590972310896,23.2779490808481,"latest",-1,23,5.94149686063044,1.5691896825894,-7.4747153201982,1,0.120010668798821,FALSE
2024,"orng-08-4","House Finch","Haemorhous mexicanus",19,"orng-08",4,0,"William Mackin",66,0.220214045898082,33,12.1376425791306,0,12.1376425791306,51.5751526891972,34.0683559960644,"latest",-2,23,1.07259052189947,1.2788711896135,-2.3512075173086,1,0.284807276668392,FALSE
2024,"orng-09-4","House Finch","Haemorhous mexicanus",20,"orng-09",4,0,"Karen Hogan",29,0.00854025787807335,33,16.0191695218452,0,16.0191695218452,69.9111296884624,13.8212323620468,"latest",-2,23,0.967298363710221,0.0382152224147916,-0.7898124241754,1,-0.175512585682099,FALSE
2024,"orng-10-3","House Finch","Haemorhous mexicanus",21,"orng-10",3,2,"Paul Taillie",49,0.278195488721805,33,41.0905843114125,0,41.0905843114125,45.3783299946307,13.2084842897751,"latest",-1,23,5.87745097366036,0.0367394492157942,-5.5577393600871,1,0.228481054255681,FALSE
2024,"orng-03-4","House Sparrow","Passer domesticus",16,"orng-03",4,0,"Bradley Saul",9,-0.0252322005332264,34,13.0442834676156,0,13.0442834676156,43.2535936841784,43.3404487030722,"latest",-1,23,1.29089083170278,1.2024179950105,-2.3842300811445,1,-0.451794700533226,FALSE
2024,"orng-07-1","House Sparrow","Passer domesticus",17,"orng-07",1,0,"Brian Bockhahn",10,0.00283570892723184,34,20.9871937161696,0,20.9871937161696,55.590972310896,23.2779490808481,"latest",-1,23,5.94149686063044,1.5691896825894,-7.4747153201982,1,0.120010668798821,FALSE
2024,"orng-08-4","House Sparrow","Passer domesticus",19,"orng-08",4,0,"William Mackin",66,0.220214045898082,34,12.1376425791306,0,12.1376425791306,51.5751526891972,34.0683559960644,"latest",-2,23,1.07259052189947,1.2788711896135,-2.3512075173086,1,0.284807276668392,FALSE
2024,"cthm-03-4","Indigo Bunting","Passerina cyanea",1,"cthm-03",4,2,"Haven Wiley",21,-0.00587334517820854,35,16.989105551541,0,16.989105551541,35.2387814904471,46.9868415851912,"latest",0,24,2.28572794358414,0.368802942163001,-2.6904354784901,0,0,FALSE
2024,"cthm-05-3","Indigo Bunting","Passerina cyanea",2,"cthm-05",3,3,"Tom Driscoll",61,0.266884457576338,35,10.8096188811836,0,10.8096188811836,52.0974320106219,34.137308715512,"latest",0,24,0.857727073466753,4.6757698249702,-5.6403218995471,1,0.146572603988068,FALSE
2024,"cthm-06-2","Indigo Bunting","Passerina cyanea",3,"cthm-06",2,9,"Roger Shaw",53,0.0868382388701524,35,12.2760040222377,0,12.2760040222377,33.1975153890815,54.5616154711724,"latest",7,24,0.394724230678124,2.1365177843689,-2.3889001580433,1,0.231087740720832,FALSE
2024,"cthm-07-4","Indigo Bunting","Passerina cyanea",4,"cthm-07",4,2,"Will Cook",65,0.0497144344661238,35,11.6719084969188,0,11.6719084969188,65.4472943593752,22.880797143706,"latest",-1,24,0.682121989866378,1.88484374530861,-2.5669657351751,0,0,FALSE
2024,"cthm-08-4","Indigo Bunting","Passerina cyanea",5,"cthm-08",4,1,"Fleeta Chauvigne",18,0.15526277717088,35,11.3061302730189,0,11.3061302730189,52.1500644406863,36.0054616642042,"latest",-5,24,1.08005798168633,0.00828636122749771,-1.0883443429138,1,0.28749122863907,FALSE
2024,"cthm-09-3","Indigo Bunting","Passerina cyanea",6,"cthm-09",3,1,"Shelley Theye",57,0,35,21.579453879736,0,21.579453879736,72.7048540055279,5.64394179298578,"latest",1,24,8.85335927982986,8.3451204166646,-22.9541301139097,1,-0.0220746590093324,FALSE
2024,"cthm-10-1","Indigo Bunting","Passerina cyanea",7,"cthm-10",1,0,"Fleeta Wilkinson",19,0.200661521499449,35,18.6227649566035,0,18.6227649566035,76.3451364744065,5.2111824932638,"latest",-1,24,3.53024256955014,0.502104472372807,-3.85326311764916,1,0.173662559921048,FALSE
2024,"cthm-11-1","Indigo Bunting","Passerina cyanea",8,"cthm-11",1,3,"Ivara Goulden",22,0.0232681353687694,35,14.0922574184738,0,14.0922574184738,66.4345012861326,19.5090835893003,"latest",2,24,1.4649353547569,2.4077921858221,-3.6219594914239,1,0.180254006640355,FALSE
2024,"cthm-11-4","Indigo Bunting","Passerina cyanea",9,"cthm-11",4,1,"Ivara Goulden",22,0.0232681353687694,35,16.0555887376667,0,16.0555887376667,71.3941034077336,12.4065498058726,"latest",0,24,0.82383164274888,5.30092528985459,-6.0528144865603,1,0.180254006640355,FALSE
2024,"cthm-12-2","Indigo Bunting","Passerina cyanea",10,"cthm-12",2,3,"Tom Driscoll",61,0.266884457576338,35,16.0346177108776,0,16.0346177108776,33.2965903666824,49.9489717411841,"latest",2,24,1.25464462870045,1.8794505449378,-3.1701916641726,1,0.00922142168749573,FALSE
2024,"drhm-01-1","Indigo Bunting","Passerina cyanea",11,"drhm-01",1,3,"Noah Rokoske",45,0.331760101623359,35,16.3544494815658,0,16.3544494815658,40.2766308855972,43.0092572778672,"latest",2,21,2.0176422244898,0.212797736216203,-2.3392689930673,1,0.463988553091548,FALSE
2024,"drhm-01-3","Indigo Bunting","Passerina cyanea",12,"drhm-01",3,5,"Noah Rokoske",45,0.331760101623359,35,10.1490477194072,0,10.1490477194072,77.0510896628043,12.7967670361644,"latest",0,21,0.430435064102488,0.403002074554195,-0.4043475127317,1,0.463988553091548,FALSE
2024,"drhm-01-4","Indigo Bunting","Passerina cyanea",13,"drhm-01",4,4,"Noah Rokoske",45,0.331760101623359,35,13.5242819811929,0,13.5242819811929,63.0883448158475,23.3871162656523,"latest",-2,21,1.25097231657792,2.5361365951107,-3.7154879832455,1,0.463988553091548,FALSE
2024,"drhm-04-4","Indigo Bunting","Passerina cyanea",14,"drhm-04",4,2,"Stephen Brooks",58,-0.0965391621129326,35,26.560858779761,2.74021352313168,29.3010723028927,34.4298452730873,28.2533973614955,"latest",-3,21,1.57133622844622,1.1211192012491,-2.6191066862193,1,-0.216851015701202,FALSE
2024,"orng-03-1","Indigo Bunting","Passerina cyanea",15,"orng-03",1,2,"Bradley Saul",9,-0.0252322005332264,35,18.1275146422205,0,18.1275146422205,43.5001273236567,37.8728036669213,"latest",0,23,2.49630761395469,0.894003055767797,-3.3190094219506,1,-0.451794700533226,FALSE
2024,"orng-03-4","Indigo Bunting","Passerina cyanea",16,"orng-03",4,3,"Bradley Saul",9,-0.0252322005332264,35,13.0442834676156,0,13.0442834676156,43.2535936841784,43.3404487030722,"latest",-1,23,1.29089083170278,1.2024179950105,-2.3842300811445,1,-0.451794700533226,FALSE
2024,"orng-07-1","Indigo Bunting","Passerina cyanea",17,"orng-07",1,2,"Brian Bockhahn",10,0.00283570892723184,35,20.9871937161696,0,20.9871937161696,55.590972310896,23.2779490808481,"latest",-4,23,5.94149686063044,1.5691896825894,-7.4747153201982,1,0.120010668798821,FALSE
2024,"orng-08-3","Indigo Bunting","Passerina cyanea",18,"orng-08",3,0,"William Mackin",66,0.220214045898082,35,12.5838282442301,0,12.5838282442301,66.4047419346485,19.5497542417987,"latest",-2,23,0.500520318852447,0.207168348776705,-0.6720380437432,1,0.284807276668392,FALSE
2024,"orng-08-4","Indigo Bunting","Passerina cyanea",19,"orng-08",4,1,"William Mackin",66,0.220214045898082,35,12.1376425791306,0,12.1376425791306,51.5751526891972,34.0683559960644,"latest",1,23,1.07259052189947,1.2788711896135,-2.3512075173086,1,0.284807276668392,FALSE
2024,"orng-09-4","Indigo Bunting","Passerina cyanea",20,"orng-09",4,1,"Karen Hogan",29,0.00854025787807335,35,16.0191695218452,0,16.0191695218452,69.9111296884624,13.8212323620468,"latest",0,23,0.967298363710221,0.0382152224147916,-0.7898124241754,1,-0.175512585682099,FALSE
2024,"orng-10-3","Indigo Bunting","Passerina cyanea",21,"orng-10",3,4,"Paul Taillie",49,0.278195488721805,35,41.0905843114125,0,41.0905843114125,45.3783299946307,13.2084842897751,"latest",1,23,5.87745097366036,0.0367394492157942,-5.5577393600871,1,0.228481054255681,FALSE
2024,"orng-11-4","Indigo Bunting","Passerina cyanea",22,"orng-11",4,0,"Suzanne Roberts",60,0.283763277693475,35,16.3867334859487,0,16.3867334859487,73.0828360252486,12.9380576958055,"latest",-4,23,0.78862591072472,0.723948958327298,1.2561331518066,1,0.428012779544154,FALSE
2024,"cthm-03-4","Mourning Dove","Zenaida macroura",1,"cthm-03",4,2,"Haven Wiley",21,-0.00587334517820854,36,16.989105551541,0,16.989105551541,35.2387814904471,46.9868415851912,"latest",0,24,2.28572794358414,0.368802942163001,-2.6904354784901,0,0,FALSE
2024,"cthm-05-3","Mourning Dove","Zenaida macroura",2,"cthm-05",3,1,"Tom Driscoll",61,0.266884457576338,36,10.8096188811836,0,10.8096188811836,52.0974320106219,34.137308715512,"latest",-1,24,0.857727073466753,4.6757698249702,-5.6403218995471,1,0.146572603988068,FALSE
2024,"cthm-06-2","Mourning Dove","Zenaida macroura",3,"cthm-06",2,4,"Roger Shaw",53,0.0868382388701524,36,12.2760040222377,0,12.2760040222377,33.1975153890815,54.5616154711724,"latest",1,24,0.394724230678124,2.1365177843689,-2.3889001580433,1,0.231087740720832,FALSE
2024,"cthm-07-4","Mourning Dove","Zenaida macroura",4,"cthm-07",4,0,"Will Cook",65,0.0497144344661238,36,11.6719084969188,0,11.6719084969188,65.4472943593752,22.880797143706,"latest",-3,24,0.682121989866378,1.88484374530861,-2.5669657351751,0,0,FALSE
2024,"cthm-08-4","Mourning Dove","Zenaida macroura",5,"cthm-08",4,11,"Fleeta Chauvigne",18,0.15526277717088,36,11.3061302730189,0,11.3061302730189,52.1500644406863,36.0054616642042,"latest",3,24,1.08005798168633,0.00828636122749771,-1.0883443429138,1,0.28749122863907,FALSE
2024,"cthm-09-3","Mourning Dove","Zenaida macroura",6,"cthm-09",3,2,"Shelley Theye",57,0,36,21.579453879736,0,21.579453879736,72.7048540055279,5.64394179298578,"latest",-4,24,8.85335927982986,8.3451204166646,-22.9541301139097,1,-0.0220746590093324,FALSE
2024,"cthm-10-1","Mourning Dove","Zenaida macroura",7,"cthm-10",1,3,"Fleeta Wilkinson",19,0.200661521499449,36,18.6227649566035,0,18.6227649566035,76.3451364744065,5.2111824932638,"latest",0,24,3.53024256955014,0.502104472372807,-3.85326311764916,1,0.173662559921048,FALSE
2024,"cthm-11-1","Mourning Dove","Zenaida macroura",8,"cthm-11",1,6,"Ivara Goulden",22,0.0232681353687694,36,14.0922574184738,0,14.0922574184738,66.4345012861326,19.5090835893003,"latest",2,24,1.4649353547569,2.4077921858221,-3.6219594914239,1,0.180254006640355,FALSE
2024,"cthm-11-4","Mourning Dove","Zenaida macroura",9,"cthm-11",4,8,"Ivara Goulden",22,0.0232681353687694,36,16.0555887376667,0,16.0555887376667,71.3941034077336,12.4065498058726,"latest",5,24,0.82383164274888,5.30092528985459,-6.0528144865603,1,0.180254006640355,FALSE
2024,"cthm-12-2","Mourning Dove","Zenaida macroura",10,"cthm-12",2,1,"Tom Driscoll",61,0.266884457576338,36,16.0346177108776,0,16.0346177108776,33.2965903666824,49.9489717411841,"latest",-1,24,1.25464462870045,1.8794505449378,-3.1701916641726,1,0.00922142168749573,FALSE
2024,"drhm-01-1","Mourning Dove","Zenaida macroura",11,"drhm-01",1,3,"Noah Rokoske",45,0.331760101623359,36,16.3544494815658,0,16.3544494815658,40.2766308855972,43.0092572778672,"latest",1,21,2.0176422244898,0.212797736216203,-2.3392689930673,1,0.463988553091548,FALSE
2024,"drhm-01-3","Mourning Dove","Zenaida macroura",12,"drhm-01",3,1,"Noah Rokoske",45,0.331760101623359,36,10.1490477194072,0,10.1490477194072,77.0510896628043,12.7967670361644,"latest",-2,21,0.430435064102488,0.403002074554195,-0.4043475127317,1,0.463988553091548,FALSE
2024,"drhm-01-4","Mourning Dove","Zenaida macroura",13,"drhm-01",4,7,"Noah Rokoske",45,0.331760101623359,36,13.5242819811929,0,13.5242819811929,63.0883448158475,23.3871162656523,"latest",0,21,1.25097231657792,2.5361365951107,-3.7154879832455,1,0.463988553091548,FALSE
2024,"drhm-04-4","Mourning Dove","Zenaida macroura",14,"drhm-04",4,3,"Stephen Brooks",58,-0.0965391621129326,36,26.560858779761,2.74021352313168,29.3010723028927,34.4298452730873,28.2533973614955,"latest",2,21,1.57133622844622,1.1211192012491,-2.6191066862193,1,-0.216851015701202,FALSE
2024,"orng-03-1","Mourning Dove","Zenaida macroura",15,"orng-03",1,3,"Bradley Saul",9,-0.0252322005332264,36,18.1275146422205,0,18.1275146422205,43.5001273236567,37.8728036669213,"latest",2,23,2.49630761395469,0.894003055767797,-3.3190094219506,1,-0.451794700533226,FALSE
2024,"orng-03-4","Mourning Dove","Zenaida macroura",16,"orng-03",4,3,"Bradley Saul",9,-0.0252322005332264,36,13.0442834676156,0,13.0442834676156,43.2535936841784,43.3404487030722,"latest",-7,23,1.29089083170278,1.2024179950105,-2.3842300811445,1,-0.451794700533226,FALSE
2024,"orng-07-1","Mourning Dove","Zenaida macroura",17,"orng-07",1,6,"Brian Bockhahn",10,0.00283570892723184,36,20.9871937161696,0,20.9871937161696,55.590972310896,23.2779490808481,"latest",6,23,5.94149686063044,1.5691896825894,-7.4747153201982,1,0.120010668798821,FALSE
2024,"orng-08-3","Mourning Dove","Zenaida macroura",18,"orng-08",3,1,"William Mackin",66,0.220214045898082,36,12.5838282442301,0,12.5838282442301,66.4047419346485,19.5497542417987,"latest",-2,23,0.500520318852447,0.207168348776705,-0.6720380437432,1,0.284807276668392,FALSE
2024,"orng-08-4","Mourning Dove","Zenaida macroura",19,"orng-08",4,1,"William Mackin",66,0.220214045898082,36,12.1376425791306,0,12.1376425791306,51.5751526891972,34.0683559960644,"latest",-2,23,1.07259052189947,1.2788711896135,-2.3512075173086,1,0.284807276668392,FALSE
2024,"orng-09-4","Mourning Dove","Zenaida macroura",20,"orng-09",4,2,"Karen Hogan",29,0.00854025787807335,36,16.0191695218452,0,16.0191695218452,69.9111296884624,13.8212323620468,"latest",-1,23,0.967298363710221,0.0382152224147916,-0.7898124241754,1,-0.175512585682099,FALSE
2024,"orng-10-3","Mourning Dove","Zenaida macroura",21,"orng-10",3,2,"Paul Taillie",49,0.278195488721805,36,41.0905843114125,0,41.0905843114125,45.3783299946307,13.2084842897751,"latest",-9,23,5.87745097366036,0.0367394492157942,-5.5577393600871,1,0.228481054255681,FALSE
2024,"orng-11-4","Mourning Dove","Zenaida macroura",22,"orng-11",4,1,"Suzanne Roberts",60,0.283763277693475,36,16.3867334859487,0,16.3867334859487,73.0828360252486,12.9380576958055,"latest",-5,23,0.78862591072472,0.723948958327298,1.2561331518066,1,0.428012779544154,FALSE
2024,"cthm-03-4","Northern Bobwhite","Colinus virginianus",1,"cthm-03",4,0,"Haven Wiley",21,-0.00587334517820854,37,16.989105551541,0,16.989105551541,35.2387814904471,46.9868415851912,"latest",-2,24,2.28572794358414,0.368802942163001,-2.6904354784901,0,0,FALSE
2024,"cthm-09-3","Northern Bobwhite","Colinus virginianus",6,"cthm-09",3,1,"Shelley Theye",57,0,37,21.579453879736,0,21.579453879736,72.7048540055279,5.64394179298578,"latest",1,24,8.85335927982986,8.3451204166646,-22.9541301139097,1,-0.0220746590093324,FALSE
2024,"cthm-10-1","Northern Bobwhite","Colinus virginianus",7,"cthm-10",1,0,"Fleeta Wilkinson",19,0.200661521499449,37,18.6227649566035,0,18.6227649566035,76.3451364744065,5.2111824932638,"latest",-1,24,3.53024256955014,0.502104472372807,-3.85326311764916,1,0.173662559921048,FALSE
2024,"cthm-11-1","Northern Bobwhite","Colinus virginianus",8,"cthm-11",1,0,"Ivara Goulden",22,0.0232681353687694,37,14.0922574184738,0,14.0922574184738,66.4345012861326,19.5090835893003,"latest",-1,24,1.4649353547569,2.4077921858221,-3.6219594914239,1,0.180254006640355,FALSE
2024,"drhm-01-1","Northern Bobwhite","Colinus virginianus",11,"drhm-01",1,0,"Noah Rokoske",45,0.331760101623359,37,16.3544494815658,0,16.3544494815658,40.2766308855972,43.0092572778672,"latest",-1,21,2.0176422244898,0.212797736216203,-2.3392689930673,1,0.463988553091548,FALSE
2024,"drhm-01-4","Northern Bobwhite","Colinus virginianus",13,"drhm-01",4,0,"Noah Rokoske",45,0.331760101623359,37,13.5242819811929,0,13.5242819811929,63.0883448158475,23.3871162656523,"latest",-1,21,1.25097231657792,2.5361365951107,-3.7154879832455,1,0.463988553091548,FALSE
2024,"orng-03-4","Northern Bobwhite","Colinus virginianus",16,"orng-03",4,0,"Bradley Saul",9,-0.0252322005332264,37,13.0442834676156,0,13.0442834676156,43.2535936841784,43.3404487030722,"latest",-2,23,1.29089083170278,1.2024179950105,-2.3842300811445,1,-0.451794700533226,FALSE
2024,"cthm-03-4","Northern Cardinal","Cardinalis cardinalis",1,"cthm-03",4,1,"Haven Wiley",21,-0.00587334517820854,38,16.989105551541,0,16.989105551541,35.2387814904471,46.9868415851912,"latest",-4,24,2.28572794358414,0.368802942163001,-2.6904354784901,0,0,FALSE
2024,"cthm-05-3","Northern Cardinal","Cardinalis cardinalis",2,"cthm-05",3,7,"Tom Driscoll",61,0.266884457576338,38,10.8096188811836,0,10.8096188811836,52.0974320106219,34.137308715512,"latest",3,24,0.857727073466753,4.6757698249702,-5.6403218995471,1,0.146572603988068,FALSE
2024,"cthm-06-2","Northern Cardinal","Cardinalis cardinalis",3,"cthm-06",2,8,"Roger Shaw",53,0.0868382388701524,38,12.2760040222377,0,12.2760040222377,33.1975153890815,54.5616154711724,"latest",0,24,0.394724230678124,2.1365177843689,-2.3889001580433,1,0.231087740720832,FALSE
2024,"cthm-07-4","Northern Cardinal","Cardinalis cardinalis",4,"cthm-07",4,7,"Will Cook",65,0.0497144344661238,38,11.6719084969188,0,11.6719084969188,65.4472943593752,22.880797143706,"latest",1,24,0.682121989866378,1.88484374530861,-2.5669657351751,0,0,FALSE
2024,"cthm-08-4","Northern Cardinal","Cardinalis cardinalis",5,"cthm-08",4,3,"Fleeta Chauvigne",18,0.15526277717088,38,11.3061302730189,0,11.3061302730189,52.1500644406863,36.0054616642042,"latest",-5,24,1.08005798168633,0.00828636122749771,-1.0883443429138,1,0.28749122863907,FALSE
2024,"cthm-09-3","Northern Cardinal","Cardinalis cardinalis",6,"cthm-09",3,5,"Shelley Theye",57,0,38,21.579453879736,0,21.579453879736,72.7048540055279,5.64394179298578,"latest",3,24,8.85335927982986,8.3451204166646,-22.9541301139097,1,-0.0220746590093324,FALSE
2024,"cthm-10-1","Northern Cardinal","Cardinalis cardinalis",7,"cthm-10",1,7,"Fleeta Wilkinson",19,0.200661521499449,38,18.6227649566035,0,18.6227649566035,76.3451364744065,5.2111824932638,"latest",2,24,3.53024256955014,0.502104472372807,-3.85326311764916,1,0.173662559921048,FALSE
2024,"cthm-11-1","Northern Cardinal","Cardinalis cardinalis",8,"cthm-11",1,9,"Ivara Goulden",22,0.0232681353687694,38,14.0922574184738,0,14.0922574184738,66.4345012861326,19.5090835893003,"latest",2,24,1.4649353547569,2.4077921858221,-3.6219594914239,1,0.180254006640355,FALSE
2024,"cthm-11-4","Northern Cardinal","Cardinalis cardinalis",9,"cthm-11",4,2,"Ivara Goulden",22,0.0232681353687694,38,16.0555887376667,0,16.0555887376667,71.3941034077336,12.4065498058726,"latest",1,24,0.82383164274888,5.30092528985459,-6.0528144865603,1,0.180254006640355,FALSE
2024,"cthm-12-2","Northern Cardinal","Cardinalis cardinalis",10,"cthm-12",2,1,"Tom Driscoll",61,0.266884457576338,38,16.0346177108776,0,16.0346177108776,33.2965903666824,49.9489717411841,"latest",-3,24,1.25464462870045,1.8794505449378,-3.1701916641726,1,0.00922142168749573,FALSE
2024,"drhm-01-1","Northern Cardinal","Cardinalis cardinalis",11,"drhm-01",1,7,"Noah Rokoske",45,0.331760101623359,38,16.3544494815658,0,16.3544494815658,40.2766308855972,43.0092572778672,"latest",-5,21,2.0176422244898,0.212797736216203,-2.3392689930673,1,0.463988553091548,FALSE
2024,"drhm-01-3","Northern Cardinal","Cardinalis cardinalis",12,"drhm-01",3,2,"Noah Rokoske",45,0.331760101623359,38,10.1490477194072,0,10.1490477194072,77.0510896628043,12.7967670361644,"latest",-3,21,0.430435064102488,0.403002074554195,-0.4043475127317,1,0.463988553091548,FALSE
2024,"drhm-01-4","Northern Cardinal","Cardinalis cardinalis",13,"drhm-01",4,6,"Noah Rokoske",45,0.331760101623359,38,13.5242819811929,0,13.5242819811929,63.0883448158475,23.3871162656523,"latest",-5,21,1.25097231657792,2.5361365951107,-3.7154879832455,1,0.463988553091548,FALSE
2024,"drhm-04-4","Northern Cardinal","Cardinalis cardinalis",14,"drhm-04",4,3,"Stephen Brooks",58,-0.0965391621129326,38,26.560858779761,2.74021352313168,29.3010723028927,34.4298452730873,28.2533973614955,"latest",1,21,1.57133622844622,1.1211192012491,-2.6191066862193,1,-0.216851015701202,FALSE
2024,"orng-03-1","Northern Cardinal","Cardinalis cardinalis",15,"orng-03",1,8,"Bradley Saul",9,-0.0252322005332264,38,18.1275146422205,0,18.1275146422205,43.5001273236567,37.8728036669213,"latest",3,23,2.49630761395469,0.894003055767797,-3.3190094219506,1,-0.451794700533226,FALSE
2024,"orng-03-4","Northern Cardinal","Cardinalis cardinalis",16,"orng-03",4,5,"Bradley Saul",9,-0.0252322005332264,38,13.0442834676156,0,13.0442834676156,43.2535936841784,43.3404487030722,"latest",0,23,1.29089083170278,1.2024179950105,-2.3842300811445,1,-0.451794700533226,FALSE
2024,"orng-07-1","Northern Cardinal","Cardinalis cardinalis",17,"orng-07",1,11,"Brian Bockhahn",10,0.00283570892723184,38,20.9871937161696,0,20.9871937161696,55.590972310896,23.2779490808481,"latest",8,23,5.94149686063044,1.5691896825894,-7.4747153201982,1,0.120010668798821,FALSE
2024,"orng-08-3","Northern Cardinal","Cardinalis cardinalis",18,"orng-08",3,5,"William Mackin",66,0.220214045898082,38,12.5838282442301,0,12.5838282442301,66.4047419346485,19.5497542417987,"latest",2,23,0.500520318852447,0.207168348776705,-0.6720380437432,1,0.284807276668392,FALSE
2024,"orng-08-4","Northern Cardinal","Cardinalis cardinalis",19,"orng-08",4,4,"William Mackin",66,0.220214045898082,38,12.1376425791306,0,12.1376425791306,51.5751526891972,34.0683559960644,"latest",3,23,1.07259052189947,1.2788711896135,-2.3512075173086,1,0.284807276668392,FALSE
2024,"orng-09-4","Northern Cardinal","Cardinalis cardinalis",20,"orng-09",4,5,"Karen Hogan",29,0.00854025787807335,38,16.0191695218452,0,16.0191695218452,69.9111296884624,13.8212323620468,"latest",-3,23,0.967298363710221,0.0382152224147916,-0.7898124241754,1,-0.175512585682099,FALSE
2024,"orng-10-3","Northern Cardinal","Cardinalis cardinalis",21,"orng-10",3,10,"Paul Taillie",49,0.278195488721805,38,41.0905843114125,0,41.0905843114125,45.3783299946307,13.2084842897751,"latest",3,23,5.87745097366036,0.0367394492157942,-5.5577393600871,1,0.228481054255681,FALSE
2024,"orng-11-4","Northern Cardinal","Cardinalis cardinalis",22,"orng-11",4,10,"Suzanne Roberts",60,0.283763277693475,38,16.3867334859487,0,16.3867334859487,73.0828360252486,12.9380576958055,"latest",3,23,0.78862591072472,0.723948958327298,1.2561331518066,1,0.428012779544154,FALSE
2024,"cthm-07-4","Northern Flicker","Colaptes auratus",4,"cthm-07",4,2,"Will Cook",65,0.0497144344661238,39,11.6719084969188,0,11.6719084969188,65.4472943593752,22.880797143706,"latest",2,24,0.682121989866378,1.88484374530861,-2.5669657351751,0,0,FALSE
2024,"cthm-10-1","Northern Flicker","Colaptes auratus",7,"cthm-10",1,0,"Fleeta Wilkinson",19,0.200661521499449,39,18.6227649566035,0,18.6227649566035,76.3451364744065,5.2111824932638,"latest",-1,24,3.53024256955014,0.502104472372807,-3.85326311764916,1,0.173662559921048,FALSE
2024,"cthm-11-4","Northern Flicker","Colaptes auratus",9,"cthm-11",4,1,"Ivara Goulden",22,0.0232681353687694,39,16.0555887376667,0,16.0555887376667,71.3941034077336,12.4065498058726,"latest",1,24,0.82383164274888,5.30092528985459,-6.0528144865603,1,0.180254006640355,FALSE
2024,"orng-09-4","Northern Flicker","Colaptes auratus",20,"orng-09",4,0,"Karen Hogan",29,0.00854025787807335,39,16.0191695218452,0,16.0191695218452,69.9111296884624,13.8212323620468,"latest",-1,23,0.967298363710221,0.0382152224147916,-0.7898124241754,1,-0.175512585682099,FALSE
2024,"orng-11-4","Northern Flicker","Colaptes auratus",22,"orng-11",4,1,"Suzanne Roberts",60,0.283763277693475,39,16.3867334859487,0,16.3867334859487,73.0828360252486,12.9380576958055,"latest",1,23,0.78862591072472,0.723948958327298,1.2561331518066,1,0.428012779544154,FALSE
2024,"cthm-03-4","Northern Mockingbird","Mimus polyglottos",1,"cthm-03",4,3,"Haven Wiley",21,-0.00587334517820854,40,16.989105551541,0,16.989105551541,35.2387814904471,46.9868415851912,"latest",0,24,2.28572794358414,0.368802942163001,-2.6904354784901,0,0,FALSE
2024,"cthm-05-3","Northern Mockingbird","Mimus polyglottos",2,"cthm-05",3,0,"Tom Driscoll",61,0.266884457576338,40,10.8096188811836,0,10.8096188811836,52.0974320106219,34.137308715512,"latest",-1,24,0.857727073466753,4.6757698249702,-5.6403218995471,1,0.146572603988068,FALSE
2024,"cthm-06-2","Northern Mockingbird","Mimus polyglottos",3,"cthm-06",2,0,"Roger Shaw",53,0.0868382388701524,40,12.2760040222377,0,12.2760040222377,33.1975153890815,54.5616154711724,"latest",-3,24,0.394724230678124,2.1365177843689,-2.3889001580433,1,0.231087740720832,FALSE
2024,"cthm-07-4","Northern Mockingbird","Mimus polyglottos",4,"cthm-07",4,1,"Will Cook",65,0.0497144344661238,40,11.6719084969188,0,11.6719084969188,65.4472943593752,22.880797143706,"latest",1,24,0.682121989866378,1.88484374530861,-2.5669657351751,0,0,FALSE
2024,"cthm-08-4","Northern Mockingbird","Mimus polyglottos",5,"cthm-08",4,4,"Fleeta Chauvigne",18,0.15526277717088,40,11.3061302730189,0,11.3061302730189,52.1500644406863,36.0054616642042,"latest",4,24,1.08005798168633,0.00828636122749771,-1.0883443429138,1,0.28749122863907,FALSE
2024,"cthm-09-3","Northern Mockingbird","Mimus polyglottos",6,"cthm-09",3,1,"Shelley Theye",57,0,40,21.579453879736,0,21.579453879736,72.7048540055279,5.64394179298578,"latest",1,24,8.85335927982986,8.3451204166646,-22.9541301139097,1,-0.0220746590093324,FALSE
2024,"cthm-11-1","Northern Mockingbird","Mimus polyglottos",8,"cthm-11",1,2,"Ivara Goulden",22,0.0232681353687694,40,14.0922574184738,0,14.0922574184738,66.4345012861326,19.5090835893003,"latest",2,24,1.4649353547569,2.4077921858221,-3.6219594914239,1,0.180254006640355,FALSE
2024,"cthm-11-4","Northern Mockingbird","Mimus polyglottos",9,"cthm-11",4,3,"Ivara Goulden",22,0.0232681353687694,40,16.0555887376667,0,16.0555887376667,71.3941034077336,12.4065498058726,"latest",2,24,0.82383164274888,5.30092528985459,-6.0528144865603,1,0.180254006640355,FALSE
2024,"cthm-12-2","Northern Mockingbird","Mimus polyglottos",10,"cthm-12",2,4,"Tom Driscoll",61,0.266884457576338,40,16.0346177108776,0,16.0346177108776,33.2965903666824,49.9489717411841,"latest",-3,24,1.25464462870045,1.8794505449378,-3.1701916641726,1,0.00922142168749573,FALSE
2024,"drhm-01-1","Northern Mockingbird","Mimus polyglottos",11,"drhm-01",1,4,"Noah Rokoske",45,0.331760101623359,40,16.3544494815658,0,16.3544494815658,40.2766308855972,43.0092572778672,"latest",1,21,2.0176422244898,0.212797736216203,-2.3392689930673,1,0.463988553091548,FALSE
2024,"drhm-01-3","Northern Mockingbird","Mimus polyglottos",12,"drhm-01",3,1,"Noah Rokoske",45,0.331760101623359,40,10.1490477194072,0,10.1490477194072,77.0510896628043,12.7967670361644,"latest",1,21,0.430435064102488,0.403002074554195,-0.4043475127317,1,0.463988553091548,FALSE
2024,"drhm-01-4","Northern Mockingbird","Mimus polyglottos",13,"drhm-01",4,3,"Noah Rokoske",45,0.331760101623359,40,13.5242819811929,0,13.5242819811929,63.0883448158475,23.3871162656523,"latest",3,21,1.25097231657792,2.5361365951107,-3.7154879832455,1,0.463988553091548,FALSE
2024,"drhm-04-4","Northern Mockingbird","Mimus polyglottos",14,"drhm-04",4,2,"Stephen Brooks",58,-0.0965391621129326,40,26.560858779761,2.74021352313168,29.3010723028927,34.4298452730873,28.2533973614955,"latest",2,21,1.57133622844622,1.1211192012491,-2.6191066862193,1,-0.216851015701202,FALSE
2024,"orng-03-1","Northern Mockingbird","Mimus polyglottos",15,"orng-03",1,3,"Bradley Saul",9,-0.0252322005332264,40,18.1275146422205,0,18.1275146422205,43.5001273236567,37.8728036669213,"latest",-3,23,2.49630761395469,0.894003055767797,-3.3190094219506,1,-0.451794700533226,FALSE
2024,"orng-03-4","Northern Mockingbird","Mimus polyglottos",16,"orng-03",4,3,"Bradley Saul",9,-0.0252322005332264,40,13.0442834676156,0,13.0442834676156,43.2535936841784,43.3404487030722,"latest",2,23,1.29089083170278,1.2024179950105,-2.3842300811445,1,-0.451794700533226,FALSE
2024,"orng-07-1","Northern Mockingbird","Mimus polyglottos",17,"orng-07",1,1,"Brian Bockhahn",10,0.00283570892723184,40,20.9871937161696,0,20.9871937161696,55.590972310896,23.2779490808481,"latest",-1,23,5.94149686063044,1.5691896825894,-7.4747153201982,1,0.120010668798821,FALSE
2024,"orng-08-4","Northern Mockingbird","Mimus polyglottos",19,"orng-08",4,4,"William Mackin",66,0.220214045898082,40,12.1376425791306,0,12.1376425791306,51.5751526891972,34.0683559960644,"latest",2,23,1.07259052189947,1.2788711896135,-2.3512075173086,1,0.284807276668392,FALSE
2024,"orng-09-4","Northern Mockingbird","Mimus polyglottos",20,"orng-09",4,1,"Karen Hogan",29,0.00854025787807335,40,16.0191695218452,0,16.0191695218452,69.9111296884624,13.8212323620468,"latest",1,23,0.967298363710221,0.0382152224147916,-0.7898124241754,1,-0.175512585682099,FALSE
2024,"orng-10-3","Northern Mockingbird","Mimus polyglottos",21,"orng-10",3,4,"Paul Taillie",49,0.278195488721805,40,41.0905843114125,0,41.0905843114125,45.3783299946307,13.2084842897751,"latest",0,23,5.87745097366036,0.0367394492157942,-5.5577393600871,1,0.228481054255681,FALSE
2024,"orng-11-4","Northern Mockingbird","Mimus polyglottos",22,"orng-11",4,0,"Suzanne Roberts",60,0.283763277693475,40,16.3867334859487,0,16.3867334859487,73.0828360252486,12.9380576958055,"latest",-6,23,0.78862591072472,0.723948958327298,1.2561331518066,1,0.428012779544154,FALSE
2024,"cthm-07-4","Northern Parula","Setophaga americana",4,"cthm-07",4,1,"Will Cook",65,0.0497144344661238,41,11.6719084969188,0,11.6719084969188,65.4472943593752,22.880797143706,"latest",1,24,0.682121989866378,1.88484374530861,-2.5669657351751,0,0,FALSE
2024,"cthm-09-3","Northern Parula","Setophaga americana",6,"cthm-09",3,2,"Shelley Theye",57,0,41,21.579453879736,0,21.579453879736,72.7048540055279,5.64394179298578,"latest",0,24,8.85335927982986,8.3451204166646,-22.9541301139097,1,-0.0220746590093324,FALSE
2024,"cthm-11-1","Northern Parula","Setophaga americana",8,"cthm-11",1,1,"Ivara Goulden",22,0.0232681353687694,41,14.0922574184738,0,14.0922574184738,66.4345012861326,19.5090835893003,"latest",1,24,1.4649353547569,2.4077921858221,-3.6219594914239,1,0.180254006640355,FALSE
2024,"cthm-11-4","Northern Parula","Setophaga americana",9,"cthm-11",4,1,"Ivara Goulden",22,0.0232681353687694,41,16.0555887376667,0,16.0555887376667,71.3941034077336,12.4065498058726,"latest",1,24,0.82383164274888,5.30092528985459,-6.0528144865603,1,0.180254006640355,FALSE
2024,"drhm-01-3","Northern Parula","Setophaga americana",12,"drhm-01",3,2,"Noah Rokoske",45,0.331760101623359,41,10.1490477194072,0,10.1490477194072,77.0510896628043,12.7967670361644,"latest",2,21,0.430435064102488,0.403002074554195,-0.4043475127317,1,0.463988553091548,FALSE
2024,"drhm-01-4","Northern Parula","Setophaga americana",13,"drhm-01",4,2,"Noah Rokoske",45,0.331760101623359,41,13.5242819811929,0,13.5242819811929,63.0883448158475,23.3871162656523,"latest",2,21,1.25097231657792,2.5361365951107,-3.7154879832455,1,0.463988553091548,FALSE
2024,"orng-03-1","Northern Parula","Setophaga americana",15,"orng-03",1,1,"Bradley Saul",9,-0.0252322005332264,41,18.1275146422205,0,18.1275146422205,43.5001273236567,37.8728036669213,"latest",1,23,2.49630761395469,0.894003055767797,-3.3190094219506,1,-0.451794700533226,FALSE
2024,"orng-09-4","Northern Parula","Setophaga americana",20,"orng-09",4,0,"Karen Hogan",29,0.00854025787807335,41,16.0191695218452,0,16.0191695218452,69.9111296884624,13.8212323620468,"latest",-1,23,0.967298363710221,0.0382152224147916,-0.7898124241754,1,-0.175512585682099,FALSE
2024,"orng-10-3","Northern Parula","Setophaga americana",21,"orng-10",3,1,"Paul Taillie",49,0.278195488721805,41,41.0905843114125,0,41.0905843114125,45.3783299946307,13.2084842897751,"latest",0,23,5.87745097366036,0.0367394492157942,-5.5577393600871,1,0.228481054255681,FALSE
2024,"orng-11-4","Northern Parula","Setophaga americana",22,"orng-11",4,1,"Suzanne Roberts",60,0.283763277693475,41,16.3867334859487,0,16.3867334859487,73.0828360252486,12.9380576958055,"latest",1,23,0.78862591072472,0.723948958327298,1.2561331518066,1,0.428012779544154,FALSE
2024,"cthm-05-3","Northern Rough-winged Swallow","Stelgidopteryx serripennis",2,"cthm-05",3,0,"Tom Driscoll",61,0.266884457576338,42,10.8096188811836,0,10.8096188811836,52.0974320106219,34.137308715512,"latest",-1,24,0.857727073466753,4.6757698249702,-5.6403218995471,1,0.146572603988068,FALSE
2024,"drhm-01-4","Northern Rough-winged Swallow","Stelgidopteryx serripennis",13,"drhm-01",4,0,"Noah Rokoske",45,0.331760101623359,42,13.5242819811929,0,13.5242819811929,63.0883448158475,23.3871162656523,"latest",-7,21,1.25097231657792,2.5361365951107,-3.7154879832455,1,0.463988553091548,FALSE
2024,"cthm-03-4","Orchard Oriole","Icterus spurius",1,"cthm-03",4,0,"Haven Wiley",21,-0.00587334517820854,43,16.989105551541,0,16.989105551541,35.2387814904471,46.9868415851912,"latest",-5,24,2.28572794358414,0.368802942163001,-2.6904354784901,0,0,FALSE
2024,"cthm-05-3","Orchard Oriole","Icterus spurius",2,"cthm-05",3,1,"Tom Driscoll",61,0.266884457576338,43,10.8096188811836,0,10.8096188811836,52.0974320106219,34.137308715512,"latest",1,24,0.857727073466753,4.6757698249702,-5.6403218995471,1,0.146572603988068,FALSE
2024,"cthm-12-2","Orchard Oriole","Icterus spurius",10,"cthm-12",2,1,"Tom Driscoll",61,0.266884457576338,43,16.0346177108776,0,16.0346177108776,33.2965903666824,49.9489717411841,"latest",1,24,1.25464462870045,1.8794505449378,-3.1701916641726,1,0.00922142168749573,FALSE
2024,"orng-07-1","Orchard Oriole","Icterus spurius",17,"orng-07",1,1,"Brian Bockhahn",10,0.00283570892723184,43,20.9871937161696,0,20.9871937161696,55.590972310896,23.2779490808481,"latest",0,23,5.94149686063044,1.5691896825894,-7.4747153201982,1,0.120010668798821,FALSE
2024,"orng-10-3","Orchard Oriole","Icterus spurius",21,"orng-10",3,2,"Paul Taillie",49,0.278195488721805,43,41.0905843114125,0,41.0905843114125,45.3783299946307,13.2084842897751,"latest",2,23,5.87745097366036,0.0367394492157942,-5.5577393600871,1,0.228481054255681,FALSE
2024,"cthm-03-4","Ovenbird","Seiurus aurocapilla",1,"cthm-03",4,1,"Haven Wiley",21,-0.00587334517820854,44,16.989105551541,0,16.989105551541,35.2387814904471,46.9868415851912,"latest",0,24,2.28572794358414,0.368802942163001,-2.6904354784901,0,0,FALSE
2024,"cthm-05-3","Ovenbird","Seiurus aurocapilla",2,"cthm-05",3,2,"Tom Driscoll",61,0.266884457576338,44,10.8096188811836,0,10.8096188811836,52.0974320106219,34.137308715512,"latest",0,24,0.857727073466753,4.6757698249702,-5.6403218995471,1,0.146572603988068,FALSE
2024,"cthm-07-4","Ovenbird","Seiurus aurocapilla",4,"cthm-07",4,1,"Will Cook",65,0.0497144344661238,44,11.6719084969188,0,11.6719084969188,65.4472943593752,22.880797143706,"latest",1,24,0.682121989866378,1.88484374530861,-2.5669657351751,0,0,FALSE
2024,"cthm-08-4","Ovenbird","Seiurus aurocapilla",5,"cthm-08",4,2,"Fleeta Chauvigne",18,0.15526277717088,44,11.3061302730189,0,11.3061302730189,52.1500644406863,36.0054616642042,"latest",0,24,1.08005798168633,0.00828636122749771,-1.0883443429138,1,0.28749122863907,FALSE
2024,"cthm-10-1","Ovenbird","Seiurus aurocapilla",7,"cthm-10",1,3,"Fleeta Wilkinson",19,0.200661521499449,44,18.6227649566035,0,18.6227649566035,76.3451364744065,5.2111824932638,"latest",3,24,3.53024256955014,0.502104472372807,-3.85326311764916,1,0.173662559921048,FALSE
2024,"cthm-11-4","Ovenbird","Seiurus aurocapilla",9,"cthm-11",4,0,"Ivara Goulden",22,0.0232681353687694,44,16.0555887376667,0,16.0555887376667,71.3941034077336,12.4065498058726,"latest",-2,24,0.82383164274888,5.30092528985459,-6.0528144865603,1,0.180254006640355,FALSE
2024,"drhm-01-1","Ovenbird","Seiurus aurocapilla",11,"drhm-01",1,0,"Noah Rokoske",45,0.331760101623359,44,16.3544494815658,0,16.3544494815658,40.2766308855972,43.0092572778672,"latest",-2,21,2.0176422244898,0.212797736216203,-2.3392689930673,1,0.463988553091548,FALSE
2024,"drhm-01-3","Ovenbird","Seiurus aurocapilla",12,"drhm-01",3,1,"Noah Rokoske",45,0.331760101623359,44,10.1490477194072,0,10.1490477194072,77.0510896628043,12.7967670361644,"latest",1,21,0.430435064102488,0.403002074554195,-0.4043475127317,1,0.463988553091548,FALSE
2024,"orng-03-1","Ovenbird","Seiurus aurocapilla",15,"orng-03",1,0,"Bradley Saul",9,-0.0252322005332264,44,18.1275146422205,0,18.1275146422205,43.5001273236567,37.8728036669213,"latest",-1,23,2.49630761395469,0.894003055767797,-3.3190094219506,1,-0.451794700533226,FALSE
2024,"orng-03-4","Ovenbird","Seiurus aurocapilla",16,"orng-03",4,0,"Bradley Saul",9,-0.0252322005332264,44,13.0442834676156,0,13.0442834676156,43.2535936841784,43.3404487030722,"latest",-2,23,1.29089083170278,1.2024179950105,-2.3842300811445,1,-0.451794700533226,FALSE
2024,"orng-07-1","Ovenbird","Seiurus aurocapilla",17,"orng-07",1,0,"Brian Bockhahn",10,0.00283570892723184,44,20.9871937161696,0,20.9871937161696,55.590972310896,23.2779490808481,"latest",-4,23,5.94149686063044,1.5691896825894,-7.4747153201982,1,0.120010668798821,FALSE
2024,"orng-09-4","Ovenbird","Seiurus aurocapilla",20,"orng-09",4,0,"Karen Hogan",29,0.00854025787807335,44,16.0191695218452,0,16.0191695218452,69.9111296884624,13.8212323620468,"latest",-1,23,0.967298363710221,0.0382152224147916,-0.7898124241754,1,-0.175512585682099,FALSE
2024,"cthm-08-4","Pileated Woodpecker","Dryocopus pileatus",5,"cthm-08",4,1,"Fleeta Chauvigne",18,0.15526277717088,45,11.3061302730189,0,11.3061302730189,52.1500644406863,36.0054616642042,"latest",1,24,1.08005798168633,0.00828636122749771,-1.0883443429138,1,0.28749122863907,FALSE
2024,"cthm-12-2","Pileated Woodpecker","Dryocopus pileatus",10,"cthm-12",2,1,"Tom Driscoll",61,0.266884457576338,45,16.0346177108776,0,16.0346177108776,33.2965903666824,49.9489717411841,"latest",1,24,1.25464462870045,1.8794505449378,-3.1701916641726,1,0.00922142168749573,FALSE
2024,"cthm-03-4","Pine Warbler","Setophaga pinus",1,"cthm-03",4,1,"Haven Wiley",21,-0.00587334517820854,46,16.989105551541,0,16.989105551541,35.2387814904471,46.9868415851912,"latest",-1,24,2.28572794358414,0.368802942163001,-2.6904354784901,0,0,FALSE
2024,"cthm-05-3","Pine Warbler","Setophaga pinus",2,"cthm-05",3,2,"Tom Driscoll",61,0.266884457576338,46,10.8096188811836,0,10.8096188811836,52.0974320106219,34.137308715512,"latest",2,24,0.857727073466753,4.6757698249702,-5.6403218995471,1,0.146572603988068,FALSE
2024,"cthm-06-2","Pine Warbler","Setophaga pinus",3,"cthm-06",2,0,"Roger Shaw",53,0.0868382388701524,46,12.2760040222377,0,12.2760040222377,33.1975153890815,54.5616154711724,"latest",-1,24,0.394724230678124,2.1365177843689,-2.3889001580433,1,0.231087740720832,FALSE
2024,"cthm-07-4","Pine Warbler","Setophaga pinus",4,"cthm-07",4,1,"Will Cook",65,0.0497144344661238,46,11.6719084969188,0,11.6719084969188,65.4472943593752,22.880797143706,"latest",-4,24,0.682121989866378,1.88484374530861,-2.5669657351751,0,0,FALSE
2024,"cthm-08-4","Pine Warbler","Setophaga pinus",5,"cthm-08",4,2,"Fleeta Chauvigne",18,0.15526277717088,46,11.3061302730189,0,11.3061302730189,52.1500644406863,36.0054616642042,"latest",2,24,1.08005798168633,0.00828636122749771,-1.0883443429138,1,0.28749122863907,FALSE
2024,"cthm-09-3","Pine Warbler","Setophaga pinus",6,"cthm-09",3,5,"Shelley Theye",57,0,46,21.579453879736,0,21.579453879736,72.7048540055279,5.64394179298578,"latest",4,24,8.85335927982986,8.3451204166646,-22.9541301139097,1,-0.0220746590093324,FALSE
2024,"cthm-10-1","Pine Warbler","Setophaga pinus",7,"cthm-10",1,3,"Fleeta Wilkinson",19,0.200661521499449,46,18.6227649566035,0,18.6227649566035,76.3451364744065,5.2111824932638,"latest",2,24,3.53024256955014,0.502104472372807,-3.85326311764916,1,0.173662559921048,FALSE
2024,"cthm-11-1","Pine Warbler","Setophaga pinus",8,"cthm-11",1,1,"Ivara Goulden",22,0.0232681353687694,46,14.0922574184738,0,14.0922574184738,66.4345012861326,19.5090835893003,"latest",-2,24,1.4649353547569,2.4077921858221,-3.6219594914239,1,0.180254006640355,FALSE
2024,"cthm-11-4","Pine Warbler","Setophaga pinus",9,"cthm-11",4,1,"Ivara Goulden",22,0.0232681353687694,46,16.0555887376667,0,16.0555887376667,71.3941034077336,12.4065498058726,"latest",-1,24,0.82383164274888,5.30092528985459,-6.0528144865603,1,0.180254006640355,FALSE
2024,"drhm-01-1","Pine Warbler","Setophaga pinus",11,"drhm-01",1,1,"Noah Rokoske",45,0.331760101623359,46,16.3544494815658,0,16.3544494815658,40.2766308855972,43.0092572778672,"latest",1,21,2.0176422244898,0.212797736216203,-2.3392689930673,1,0.463988553091548,FALSE
2024,"drhm-01-3","Pine Warbler","Setophaga pinus",12,"drhm-01",3,2,"Noah Rokoske",45,0.331760101623359,46,10.1490477194072,0,10.1490477194072,77.0510896628043,12.7967670361644,"latest",2,21,0.430435064102488,0.403002074554195,-0.4043475127317,1,0.463988553091548,FALSE
2024,"drhm-01-4","Pine Warbler","Setophaga pinus",13,"drhm-01",4,1,"Noah Rokoske",45,0.331760101623359,46,13.5242819811929,0,13.5242819811929,63.0883448158475,23.3871162656523,"latest",0,21,1.25097231657792,2.5361365951107,-3.7154879832455,1,0.463988553091548,FALSE
2024,"drhm-04-4","Pine Warbler","Setophaga pinus",14,"drhm-04",4,1,"Stephen Brooks",58,-0.0965391621129326,46,26.560858779761,2.74021352313168,29.3010723028927,34.4298452730873,28.2533973614955,"latest",1,21,1.57133622844622,1.1211192012491,-2.6191066862193,1,-0.216851015701202,FALSE
2024,"orng-03-1","Pine Warbler","Setophaga pinus",15,"orng-03",1,1,"Bradley Saul",9,-0.0252322005332264,46,18.1275146422205,0,18.1275146422205,43.5001273236567,37.8728036669213,"latest",-3,23,2.49630761395469,0.894003055767797,-3.3190094219506,1,-0.451794700533226,FALSE
2024,"orng-03-4","Pine Warbler","Setophaga pinus",16,"orng-03",4,0,"Bradley Saul",9,-0.0252322005332264,46,13.0442834676156,0,13.0442834676156,43.2535936841784,43.3404487030722,"latest",-1,23,1.29089083170278,1.2024179950105,-2.3842300811445,1,-0.451794700533226,FALSE
2024,"orng-07-1","Pine Warbler","Setophaga pinus",17,"orng-07",1,2,"Brian Bockhahn",10,0.00283570892723184,46,20.9871937161696,0,20.9871937161696,55.590972310896,23.2779490808481,"latest",-3,23,5.94149686063044,1.5691896825894,-7.4747153201982,1,0.120010668798821,FALSE
2024,"orng-08-3","Pine Warbler","Setophaga pinus",18,"orng-08",3,3,"William Mackin",66,0.220214045898082,46,12.5838282442301,0,12.5838282442301,66.4047419346485,19.5497542417987,"latest",3,23,0.500520318852447,0.207168348776705,-0.6720380437432,1,0.284807276668392,FALSE
2024,"orng-09-4","Pine Warbler","Setophaga pinus",20,"orng-09",4,1,"Karen Hogan",29,0.00854025787807335,46,16.0191695218452,0,16.0191695218452,69.9111296884624,13.8212323620468,"latest",1,23,0.967298363710221,0.0382152224147916,-0.7898124241754,1,-0.175512585682099,FALSE
2024,"orng-10-3","Pine Warbler","Setophaga pinus",21,"orng-10",3,1,"Paul Taillie",49,0.278195488721805,46,41.0905843114125,0,41.0905843114125,45.3783299946307,13.2084842897751,"latest",-1,23,5.87745097366036,0.0367394492157942,-5.5577393600871,1,0.228481054255681,FALSE
2024,"orng-11-4","Pine Warbler","Setophaga pinus",22,"orng-11",4,3,"Suzanne Roberts",60,0.283763277693475,46,16.3867334859487,0,16.3867334859487,73.0828360252486,12.9380576958055,"latest",3,23,0.78862591072472,0.723948958327298,1.2561331518066,1,0.428012779544154,FALSE
2024,"cthm-09-3","Prairie Warbler","Setophaga discolor",6,"cthm-09",3,0,"Shelley Theye",57,0,47,21.579453879736,0,21.579453879736,72.7048540055279,5.64394179298578,"latest",-1,24,8.85335927982986,8.3451204166646,-22.9541301139097,1,-0.0220746590093324,FALSE
2024,"drhm-01-3","Prairie Warbler","Setophaga discolor",12,"drhm-01",3,1,"Noah Rokoske",45,0.331760101623359,47,10.1490477194072,0,10.1490477194072,77.0510896628043,12.7967670361644,"latest",-1,21,0.430435064102488,0.403002074554195,-0.4043475127317,1,0.463988553091548,FALSE
2024,"orng-09-4","Prairie Warbler","Setophaga discolor",20,"orng-09",4,0,"Karen Hogan",29,0.00854025787807335,47,16.0191695218452,0,16.0191695218452,69.9111296884624,13.8212323620468,"latest",-1,23,0.967298363710221,0.0382152224147916,-0.7898124241754,1,-0.175512585682099,FALSE
2024,"cthm-03-4","Purple Martin","Progne subis",1,"cthm-03",4,0,"Haven Wiley",21,-0.00587334517820854,48,16.989105551541,0,16.989105551541,35.2387814904471,46.9868415851912,"latest",-1,24,2.28572794358414,0.368802942163001,-2.6904354784901,0,0,FALSE
2024,"cthm-08-4","Purple Martin","Progne subis",5,"cthm-08",4,3,"Fleeta Chauvigne",18,0.15526277717088,48,11.3061302730189,0,11.3061302730189,52.1500644406863,36.0054616642042,"latest",3,24,1.08005798168633,0.00828636122749771,-1.0883443429138,1,0.28749122863907,FALSE
2024,"cthm-11-4","Purple Martin","Progne subis",9,"cthm-11",4,1,"Ivara Goulden",22,0.0232681353687694,48,16.0555887376667,0,16.0555887376667,71.3941034077336,12.4065498058726,"latest",1,24,0.82383164274888,5.30092528985459,-6.0528144865603,1,0.180254006640355,FALSE
2024,"cthm-03-4","Red-bellied Woodpecker","Melanerpes carolinus",1,"cthm-03",4,2,"Haven Wiley",21,-0.00587334517820854,49,16.989105551541,0,16.989105551541,35.2387814904471,46.9868415851912,"latest",0,24,2.28572794358414,0.368802942163001,-2.6904354784901,0,0,FALSE
2024,"cthm-05-3","Red-bellied Woodpecker","Melanerpes carolinus",2,"cthm-05",3,2,"Tom Driscoll",61,0.266884457576338,49,10.8096188811836,0,10.8096188811836,52.0974320106219,34.137308715512,"latest",0,24,0.857727073466753,4.6757698249702,-5.6403218995471,1,0.146572603988068,FALSE
2024,"cthm-07-4","Red-bellied Woodpecker","Melanerpes carolinus",4,"cthm-07",4,3,"Will Cook",65,0.0497144344661238,49,11.6719084969188,0,11.6719084969188,65.4472943593752,22.880797143706,"latest",2,24,0.682121989866378,1.88484374530861,-2.5669657351751,0,0,FALSE
2024,"cthm-08-4","Red-bellied Woodpecker","Melanerpes carolinus",5,"cthm-08",4,1,"Fleeta Chauvigne",18,0.15526277717088,49,11.3061302730189,0,11.3061302730189,52.1500644406863,36.0054616642042,"latest",1,24,1.08005798168633,0.00828636122749771,-1.0883443429138,1,0.28749122863907,FALSE
2024,"cthm-09-3","Red-bellied Woodpecker","Melanerpes carolinus",6,"cthm-09",3,2,"Shelley Theye",57,0,49,21.579453879736,0,21.579453879736,72.7048540055279,5.64394179298578,"latest",-3,24,8.85335927982986,8.3451204166646,-22.9541301139097,1,-0.0220746590093324,FALSE
2024,"cthm-10-1","Red-bellied Woodpecker","Melanerpes carolinus",7,"cthm-10",1,3,"Fleeta Wilkinson",19,0.200661521499449,49,18.6227649566035,0,18.6227649566035,76.3451364744065,5.2111824932638,"latest",3,24,3.53024256955014,0.502104472372807,-3.85326311764916,1,0.173662559921048,FALSE
2024,"cthm-11-1","Red-bellied Woodpecker","Melanerpes carolinus",8,"cthm-11",1,4,"Ivara Goulden",22,0.0232681353687694,49,14.0922574184738,0,14.0922574184738,66.4345012861326,19.5090835893003,"latest",4,24,1.4649353547569,2.4077921858221,-3.6219594914239,1,0.180254006640355,FALSE
2024,"cthm-11-4","Red-bellied Woodpecker","Melanerpes carolinus",9,"cthm-11",4,3,"Ivara Goulden",22,0.0232681353687694,49,16.0555887376667,0,16.0555887376667,71.3941034077336,12.4065498058726,"latest",1,24,0.82383164274888,5.30092528985459,-6.0528144865603,1,0.180254006640355,FALSE
2024,"cthm-12-2","Red-bellied Woodpecker","Melanerpes carolinus",10,"cthm-12",2,2,"Tom Driscoll",61,0.266884457576338,49,16.0346177108776,0,16.0346177108776,33.2965903666824,49.9489717411841,"latest",-1,24,1.25464462870045,1.8794505449378,-3.1701916641726,1,0.00922142168749573,FALSE
2024,"drhm-01-3","Red-bellied Woodpecker","Melanerpes carolinus",12,"drhm-01",3,0,"Noah Rokoske",45,0.331760101623359,49,10.1490477194072,0,10.1490477194072,77.0510896628043,12.7967670361644,"latest",-3,21,0.430435064102488,0.403002074554195,-0.4043475127317,1,0.463988553091548,FALSE
2024,"drhm-01-4","Red-bellied Woodpecker","Melanerpes carolinus",13,"drhm-01",4,2,"Noah Rokoske",45,0.331760101623359,49,13.5242819811929,0,13.5242819811929,63.0883448158475,23.3871162656523,"latest",-1,21,1.25097231657792,2.5361365951107,-3.7154879832455,1,0.463988553091548,FALSE
2024,"orng-03-4","Red-bellied Woodpecker","Melanerpes carolinus",16,"orng-03",4,4,"Bradley Saul",9,-0.0252322005332264,49,13.0442834676156,0,13.0442834676156,43.2535936841784,43.3404487030722,"latest",1,23,1.29089083170278,1.2024179950105,-2.3842300811445,1,-0.451794700533226,FALSE
2024,"orng-07-1","Red-bellied Woodpecker","Melanerpes carolinus",17,"orng-07",1,1,"Brian Bockhahn",10,0.00283570892723184,49,20.9871937161696,0,20.9871937161696,55.590972310896,23.2779490808481,"latest",1,23,5.94149686063044,1.5691896825894,-7.4747153201982,1,0.120010668798821,FALSE
2024,"orng-08-3","Red-bellied Woodpecker","Melanerpes carolinus",18,"orng-08",3,1,"William Mackin",66,0.220214045898082,49,12.5838282442301,0,12.5838282442301,66.4047419346485,19.5497542417987,"latest",-1,23,0.500520318852447,0.207168348776705,-0.6720380437432,1,0.284807276668392,FALSE
2024,"orng-08-4","Red-bellied Woodpecker","Melanerpes carolinus",19,"orng-08",4,0,"William Mackin",66,0.220214045898082,49,12.1376425791306,0,12.1376425791306,51.5751526891972,34.0683559960644,"latest",-1,23,1.07259052189947,1.2788711896135,-2.3512075173086,1,0.284807276668392,FALSE
2024,"orng-09-4","Red-bellied Woodpecker","Melanerpes carolinus",20,"orng-09",4,0,"Karen Hogan",29,0.00854025787807335,49,16.0191695218452,0,16.0191695218452,69.9111296884624,13.8212323620468,"latest",-1,23,0.967298363710221,0.0382152224147916,-0.7898124241754,1,-0.175512585682099,FALSE
2024,"orng-10-3","Red-bellied Woodpecker","Melanerpes carolinus",21,"orng-10",3,3,"Paul Taillie",49,0.278195488721805,49,41.0905843114125,0,41.0905843114125,45.3783299946307,13.2084842897751,"latest",-1,23,5.87745097366036,0.0367394492157942,-5.5577393600871,1,0.228481054255681,FALSE
2024,"orng-11-4","Red-bellied Woodpecker","Melanerpes carolinus",22,"orng-11",4,1,"Suzanne Roberts",60,0.283763277693475,49,16.3867334859487,0,16.3867334859487,73.0828360252486,12.9380576958055,"latest",-2,23,0.78862591072472,0.723948958327298,1.2561331518066,1,0.428012779544154,FALSE
2024,"cthm-03-4","Red-eyed Vireo","Vireo olivaceus",1,"cthm-03",4,0,"Haven Wiley",21,-0.00587334517820854,50,16.989105551541,0,16.989105551541,35.2387814904471,46.9868415851912,"latest",-1,24,2.28572794358414,0.368802942163001,-2.6904354784901,0,0,FALSE
2024,"cthm-05-3","Red-eyed Vireo","Vireo olivaceus",2,"cthm-05",3,2,"Tom Driscoll",61,0.266884457576338,50,10.8096188811836,0,10.8096188811836,52.0974320106219,34.137308715512,"latest",0,24,0.857727073466753,4.6757698249702,-5.6403218995471,1,0.146572603988068,FALSE
2024,"cthm-06-2","Red-eyed Vireo","Vireo olivaceus",3,"cthm-06",2,0,"Roger Shaw",53,0.0868382388701524,50,12.2760040222377,0,12.2760040222377,33.1975153890815,54.5616154711724,"latest",-3,24,0.394724230678124,2.1365177843689,-2.3889001580433,1,0.231087740720832,FALSE
2024,"cthm-07-4","Red-eyed Vireo","Vireo olivaceus",4,"cthm-07",4,7,"Will Cook",65,0.0497144344661238,50,11.6719084969188,0,11.6719084969188,65.4472943593752,22.880797143706,"latest",1,24,0.682121989866378,1.88484374530861,-2.5669657351751,0,0,FALSE
2024,"cthm-08-4","Red-eyed Vireo","Vireo olivaceus",5,"cthm-08",4,1,"Fleeta Chauvigne",18,0.15526277717088,50,11.3061302730189,0,11.3061302730189,52.1500644406863,36.0054616642042,"latest",-5,24,1.08005798168633,0.00828636122749771,-1.0883443429138,1,0.28749122863907,FALSE
2024,"cthm-09-3","Red-eyed Vireo","Vireo olivaceus",6,"cthm-09",3,1,"Shelley Theye",57,0,50,21.579453879736,0,21.579453879736,72.7048540055279,5.64394179298578,"latest",-2,24,8.85335927982986,8.3451204166646,-22.9541301139097,1,-0.0220746590093324,FALSE
2024,"cthm-10-1","Red-eyed Vireo","Vireo olivaceus",7,"cthm-10",1,6,"Fleeta Wilkinson",19,0.200661521499449,50,18.6227649566035,0,18.6227649566035,76.3451364744065,5.2111824932638,"latest",6,24,3.53024256955014,0.502104472372807,-3.85326311764916,1,0.173662559921048,FALSE
2024,"cthm-11-1","Red-eyed Vireo","Vireo olivaceus",8,"cthm-11",1,1,"Ivara Goulden",22,0.0232681353687694,50,14.0922574184738,0,14.0922574184738,66.4345012861326,19.5090835893003,"latest",1,24,1.4649353547569,2.4077921858221,-3.6219594914239,1,0.180254006640355,FALSE
2024,"cthm-11-4","Red-eyed Vireo","Vireo olivaceus",9,"cthm-11",4,3,"Ivara Goulden",22,0.0232681353687694,50,16.0555887376667,0,16.0555887376667,71.3941034077336,12.4065498058726,"latest",0,24,0.82383164274888,5.30092528985459,-6.0528144865603,1,0.180254006640355,FALSE
2024,"cthm-12-2","Red-eyed Vireo","Vireo olivaceus",10,"cthm-12",2,1,"Tom Driscoll",61,0.266884457576338,50,16.0346177108776,0,16.0346177108776,33.2965903666824,49.9489717411841,"latest",-1,24,1.25464462870045,1.8794505449378,-3.1701916641726,1,0.00922142168749573,FALSE
2024,"drhm-01-1","Red-eyed Vireo","Vireo olivaceus",11,"drhm-01",1,1,"Noah Rokoske",45,0.331760101623359,50,16.3544494815658,0,16.3544494815658,40.2766308855972,43.0092572778672,"latest",1,21,2.0176422244898,0.212797736216203,-2.3392689930673,1,0.463988553091548,FALSE
2024,"drhm-01-3","Red-eyed Vireo","Vireo olivaceus",12,"drhm-01",3,4,"Noah Rokoske",45,0.331760101623359,50,10.1490477194072,0,10.1490477194072,77.0510896628043,12.7967670361644,"latest",-2,21,0.430435064102488,0.403002074554195,-0.4043475127317,1,0.463988553091548,FALSE
2024,"drhm-01-4","Red-eyed Vireo","Vireo olivaceus",13,"drhm-01",4,6,"Noah Rokoske",45,0.331760101623359,50,13.5242819811929,0,13.5242819811929,63.0883448158475,23.3871162656523,"latest",4,21,1.25097231657792,2.5361365951107,-3.7154879832455,1,0.463988553091548,FALSE
2024,"drhm-04-4","Red-eyed Vireo","Vireo olivaceus",14,"drhm-04",4,1,"Stephen Brooks",58,-0.0965391621129326,50,26.560858779761,2.74021352313168,29.3010723028927,34.4298452730873,28.2533973614955,"latest",-1,21,1.57133622844622,1.1211192012491,-2.6191066862193,1,-0.216851015701202,FALSE
2024,"orng-03-4","Red-eyed Vireo","Vireo olivaceus",16,"orng-03",4,2,"Bradley Saul",9,-0.0252322005332264,50,13.0442834676156,0,13.0442834676156,43.2535936841784,43.3404487030722,"latest",-2,23,1.29089083170278,1.2024179950105,-2.3842300811445,1,-0.451794700533226,FALSE
2024,"orng-07-1","Red-eyed Vireo","Vireo olivaceus",17,"orng-07",1,1,"Brian Bockhahn",10,0.00283570892723184,50,20.9871937161696,0,20.9871937161696,55.590972310896,23.2779490808481,"latest",0,23,5.94149686063044,1.5691896825894,-7.4747153201982,1,0.120010668798821,FALSE
2024,"orng-08-3","Red-eyed Vireo","Vireo olivaceus",18,"orng-08",3,3,"William Mackin",66,0.220214045898082,50,12.5838282442301,0,12.5838282442301,66.4047419346485,19.5497542417987,"latest",0,23,0.500520318852447,0.207168348776705,-0.6720380437432,1,0.284807276668392,FALSE
2024,"orng-08-4","Red-eyed Vireo","Vireo olivaceus",19,"orng-08",4,3,"William Mackin",66,0.220214045898082,50,12.1376425791306,0,12.1376425791306,51.5751526891972,34.0683559960644,"latest",3,23,1.07259052189947,1.2788711896135,-2.3512075173086,1,0.284807276668392,FALSE
2024,"orng-09-4","Red-eyed Vireo","Vireo olivaceus",20,"orng-09",4,0,"Karen Hogan",29,0.00854025787807335,50,16.0191695218452,0,16.0191695218452,69.9111296884624,13.8212323620468,"latest",-2,23,0.967298363710221,0.0382152224147916,-0.7898124241754,1,-0.175512585682099,FALSE
2024,"orng-10-3","Red-eyed Vireo","Vireo olivaceus",21,"orng-10",3,0,"Paul Taillie",49,0.278195488721805,50,41.0905843114125,0,41.0905843114125,45.3783299946307,13.2084842897751,"latest",-5,23,5.87745097366036,0.0367394492157942,-5.5577393600871,1,0.228481054255681,FALSE
2024,"orng-11-4","Red-eyed Vireo","Vireo olivaceus",22,"orng-11",4,3,"Suzanne Roberts",60,0.283763277693475,50,16.3867334859487,0,16.3867334859487,73.0828360252486,12.9380576958055,"latest",2,23,0.78862591072472,0.723948958327298,1.2561331518066,1,0.428012779544154,FALSE
2024,"orng-07-1","Red-headed Woodpecker","Melanerpes erythrocephalus",17,"orng-07",1,0,"Brian Bockhahn",10,0.00283570892723184,51,20.9871937161696,0,20.9871937161696,55.590972310896,23.2779490808481,"latest",-1,23,5.94149686063044,1.5691896825894,-7.4747153201982,1,0.120010668798821,FALSE
2024,"cthm-12-2","Red-winged Blackbird","Agelaius phoeniceus",10,"cthm-12",2,8,"Tom Driscoll",61,0.266884457576338,52,16.0346177108776,0,16.0346177108776,33.2965903666824,49.9489717411841,"latest",6,24,1.25464462870045,1.8794505449378,-3.1701916641726,1,0.00922142168749573,FALSE
2024,"drhm-01-4","Red-winged Blackbird","Agelaius phoeniceus",13,"drhm-01",4,1,"Noah Rokoske",45,0.331760101623359,52,13.5242819811929,0,13.5242819811929,63.0883448158475,23.3871162656523,"latest",1,21,1.25097231657792,2.5361365951107,-3.7154879832455,1,0.463988553091548,FALSE
2024,"orng-03-4","Red-winged Blackbird","Agelaius phoeniceus",16,"orng-03",4,0,"Bradley Saul",9,-0.0252322005332264,52,13.0442834676156,0,13.0442834676156,43.2535936841784,43.3404487030722,"latest",-2,23,1.29089083170278,1.2024179950105,-2.3842300811445,1,-0.451794700533226,FALSE
2024,"orng-09-4","Red-winged Blackbird","Agelaius phoeniceus",20,"orng-09",4,2,"Karen Hogan",29,0.00854025787807335,52,16.0191695218452,0,16.0191695218452,69.9111296884624,13.8212323620468,"latest",2,23,0.967298363710221,0.0382152224147916,-0.7898124241754,1,-0.175512585682099,FALSE
2024,"orng-10-3","Red-winged Blackbird","Agelaius phoeniceus",21,"orng-10",3,2,"Paul Taillie",49,0.278195488721805,52,41.0905843114125,0,41.0905843114125,45.3783299946307,13.2084842897751,"latest",2,23,5.87745097366036,0.0367394492157942,-5.5577393600871,1,0.228481054255681,FALSE
2024,"orng-11-4","Red-winged Blackbird","Agelaius phoeniceus",22,"orng-11",4,1,"Suzanne Roberts",60,0.283763277693475,52,16.3867334859487,0,16.3867334859487,73.0828360252486,12.9380576958055,"latest",1,23,0.78862591072472,0.723948958327298,1.2561331518066,1,0.428012779544154,FALSE
2024,"cthm-06-2","Scarlet Tanager","Piranga olivacea",3,"cthm-06",2,0,"Roger Shaw",53,0.0868382388701524,53,12.2760040222377,0,12.2760040222377,33.1975153890815,54.5616154711724,"latest",-1,24,0.394724230678124,2.1365177843689,-2.3889001580433,1,0.231087740720832,FALSE
2024,"cthm-07-4","Scarlet Tanager","Piranga olivacea",4,"cthm-07",4,0,"Will Cook",65,0.0497144344661238,53,11.6719084969188,0,11.6719084969188,65.4472943593752,22.880797143706,"latest",-1,24,0.682121989866378,1.88484374530861,-2.5669657351751,0,0,FALSE
2024,"drhm-01-3","Scarlet Tanager","Piranga olivacea",12,"drhm-01",3,2,"Noah Rokoske",45,0.331760101623359,53,10.1490477194072,0,10.1490477194072,77.0510896628043,12.7967670361644,"latest",2,21,0.430435064102488,0.403002074554195,-0.4043475127317,1,0.463988553091548,FALSE
2024,"orng-11-4","Scarlet Tanager","Piranga olivacea",22,"orng-11",4,1,"Suzanne Roberts",60,0.283763277693475,53,16.3867334859487,0,16.3867334859487,73.0828360252486,12.9380576958055,"latest",1,23,0.78862591072472,0.723948958327298,1.2561331518066,1,0.428012779544154,FALSE
2024,"cthm-12-2","Song Sparrow","Melospiza melodia",10,"cthm-12",2,0,"Tom Driscoll",61,0.266884457576338,54,16.0346177108776,0,16.0346177108776,33.2965903666824,49.9489717411841,"latest",-1,24,1.25464462870045,1.8794505449378,-3.1701916641726,1,0.00922142168749573,FALSE
2024,"cthm-03-4","Summer Tanager","Piranga rubra",1,"cthm-03",4,0,"Haven Wiley",21,-0.00587334517820854,55,16.989105551541,0,16.989105551541,35.2387814904471,46.9868415851912,"latest",-4,24,2.28572794358414,0.368802942163001,-2.6904354784901,0,0,FALSE
2024,"cthm-05-3","Summer Tanager","Piranga rubra",2,"cthm-05",3,2,"Tom Driscoll",61,0.266884457576338,55,10.8096188811836,0,10.8096188811836,52.0974320106219,34.137308715512,"latest",0,24,0.857727073466753,4.6757698249702,-5.6403218995471,1,0.146572603988068,FALSE
2024,"cthm-06-2","Summer Tanager","Piranga rubra",3,"cthm-06",2,2,"Roger Shaw",53,0.0868382388701524,55,12.2760040222377,0,12.2760040222377,33.1975153890815,54.5616154711724,"latest",2,24,0.394724230678124,2.1365177843689,-2.3889001580433,1,0.231087740720832,FALSE
2024,"cthm-07-4","Summer Tanager","Piranga rubra",4,"cthm-07",4,2,"Will Cook",65,0.0497144344661238,55,11.6719084969188,0,11.6719084969188,65.4472943593752,22.880797143706,"latest",1,24,0.682121989866378,1.88484374530861,-2.5669657351751,0,0,FALSE
2024,"cthm-09-3","Summer Tanager","Piranga rubra",6,"cthm-09",3,0,"Shelley Theye",57,0,55,21.579453879736,0,21.579453879736,72.7048540055279,5.64394179298578,"latest",-1,24,8.85335927982986,8.3451204166646,-22.9541301139097,1,-0.0220746590093324,FALSE
2024,"cthm-10-1","Summer Tanager","Piranga rubra",7,"cthm-10",1,1,"Fleeta Wilkinson",19,0.200661521499449,55,18.6227649566035,0,18.6227649566035,76.3451364744065,5.2111824932638,"latest",-2,24,3.53024256955014,0.502104472372807,-3.85326311764916,1,0.173662559921048,FALSE
2024,"cthm-11-1","Summer Tanager","Piranga rubra",8,"cthm-11",1,3,"Ivara Goulden",22,0.0232681353687694,55,14.0922574184738,0,14.0922574184738,66.4345012861326,19.5090835893003,"latest",3,24,1.4649353547569,2.4077921858221,-3.6219594914239,1,0.180254006640355,FALSE
2024,"cthm-11-4","Summer Tanager","Piranga rubra",9,"cthm-11",4,0,"Ivara Goulden",22,0.0232681353687694,55,16.0555887376667,0,16.0555887376667,71.3941034077336,12.4065498058726,"latest",-1,24,0.82383164274888,5.30092528985459,-6.0528144865603,1,0.180254006640355,FALSE
2024,"cthm-12-2","Summer Tanager","Piranga rubra",10,"cthm-12",2,3,"Tom Driscoll",61,0.266884457576338,55,16.0346177108776,0,16.0346177108776,33.2965903666824,49.9489717411841,"latest",2,24,1.25464462870045,1.8794505449378,-3.1701916641726,1,0.00922142168749573,FALSE
2024,"drhm-01-1","Summer Tanager","Piranga rubra",11,"drhm-01",1,1,"Noah Rokoske",45,0.331760101623359,55,16.3544494815658,0,16.3544494815658,40.2766308855972,43.0092572778672,"latest",1,21,2.0176422244898,0.212797736216203,-2.3392689930673,1,0.463988553091548,FALSE
2024,"drhm-01-3","Summer Tanager","Piranga rubra",12,"drhm-01",3,1,"Noah Rokoske",45,0.331760101623359,55,10.1490477194072,0,10.1490477194072,77.0510896628043,12.7967670361644,"latest",1,21,0.430435064102488,0.403002074554195,-0.4043475127317,1,0.463988553091548,FALSE
2024,"drhm-04-4","Summer Tanager","Piranga rubra",14,"drhm-04",4,1,"Stephen Brooks",58,-0.0965391621129326,55,26.560858779761,2.74021352313168,29.3010723028927,34.4298452730873,28.2533973614955,"latest",1,21,1.57133622844622,1.1211192012491,-2.6191066862193,1,-0.216851015701202,FALSE
2024,"orng-03-1","Summer Tanager","Piranga rubra",15,"orng-03",1,0,"Bradley Saul",9,-0.0252322005332264,55,18.1275146422205,0,18.1275146422205,43.5001273236567,37.8728036669213,"latest",-1,23,2.49630761395469,0.894003055767797,-3.3190094219506,1,-0.451794700533226,FALSE
2024,"orng-03-4","Summer Tanager","Piranga rubra",16,"orng-03",4,1,"Bradley Saul",9,-0.0252322005332264,55,13.0442834676156,0,13.0442834676156,43.2535936841784,43.3404487030722,"latest",0,23,1.29089083170278,1.2024179950105,-2.3842300811445,1,-0.451794700533226,FALSE
2024,"orng-07-1","Summer Tanager","Piranga rubra",17,"orng-07",1,0,"Brian Bockhahn",10,0.00283570892723184,55,20.9871937161696,0,20.9871937161696,55.590972310896,23.2779490808481,"latest",-1,23,5.94149686063044,1.5691896825894,-7.4747153201982,1,0.120010668798821,FALSE
2024,"orng-08-4","Summer Tanager","Piranga rubra",19,"orng-08",4,2,"William Mackin",66,0.220214045898082,55,12.1376425791306,0,12.1376425791306,51.5751526891972,34.0683559960644,"latest",2,23,1.07259052189947,1.2788711896135,-2.3512075173086,1,0.284807276668392,FALSE
2024,"orng-09-4","Summer Tanager","Piranga rubra",20,"orng-09",4,2,"Karen Hogan",29,0.00854025787807335,55,16.0191695218452,0,16.0191695218452,69.9111296884624,13.8212323620468,"latest",2,23,0.967298363710221,0.0382152224147916,-0.7898124241754,1,-0.175512585682099,FALSE
2024,"orng-10-3","Summer Tanager","Piranga rubra",21,"orng-10",3,1,"Paul Taillie",49,0.278195488721805,55,41.0905843114125,0,41.0905843114125,45.3783299946307,13.2084842897751,"latest",1,23,5.87745097366036,0.0367394492157942,-5.5577393600871,1,0.228481054255681,FALSE
2024,"cthm-03-4","Tufted Titmouse","Baeolophus bicolor",1,"cthm-03",4,1,"Haven Wiley",21,-0.00587334517820854,56,16.989105551541,0,16.989105551541,35.2387814904471,46.9868415851912,"latest",-7,24,2.28572794358414,0.368802942163001,-2.6904354784901,0,0,FALSE
2024,"cthm-05-3","Tufted Titmouse","Baeolophus bicolor",2,"cthm-05",3,3,"Tom Driscoll",61,0.266884457576338,56,10.8096188811836,0,10.8096188811836,52.0974320106219,34.137308715512,"latest",0,24,0.857727073466753,4.6757698249702,-5.6403218995471,1,0.146572603988068,FALSE
2024,"cthm-06-2","Tufted Titmouse","Baeolophus bicolor",3,"cthm-06",2,3,"Roger Shaw",53,0.0868382388701524,56,12.2760040222377,0,12.2760040222377,33.1975153890815,54.5616154711724,"latest",1,24,0.394724230678124,2.1365177843689,-2.3889001580433,1,0.231087740720832,FALSE
2024,"cthm-07-4","Tufted Titmouse","Baeolophus bicolor",4,"cthm-07",4,4,"Will Cook",65,0.0497144344661238,56,11.6719084969188,0,11.6719084969188,65.4472943593752,22.880797143706,"latest",2,24,0.682121989866378,1.88484374530861,-2.5669657351751,0,0,FALSE
2024,"cthm-08-4","Tufted Titmouse","Baeolophus bicolor",5,"cthm-08",4,11,"Fleeta Chauvigne",18,0.15526277717088,56,11.3061302730189,0,11.3061302730189,52.1500644406863,36.0054616642042,"latest",8,24,1.08005798168633,0.00828636122749771,-1.0883443429138,1,0.28749122863907,FALSE
2024,"cthm-09-3","Tufted Titmouse","Baeolophus bicolor",6,"cthm-09",3,4,"Shelley Theye",57,0,56,21.579453879736,0,21.579453879736,72.7048540055279,5.64394179298578,"latest",2,24,8.85335927982986,8.3451204166646,-22.9541301139097,1,-0.0220746590093324,FALSE
2024,"cthm-10-1","Tufted Titmouse","Baeolophus bicolor",7,"cthm-10",1,1,"Fleeta Wilkinson",19,0.200661521499449,56,18.6227649566035,0,18.6227649566035,76.3451364744065,5.2111824932638,"latest",1,24,3.53024256955014,0.502104472372807,-3.85326311764916,1,0.173662559921048,FALSE
2024,"cthm-11-1","Tufted Titmouse","Baeolophus bicolor",8,"cthm-11",1,3,"Ivara Goulden",22,0.0232681353687694,56,14.0922574184738,0,14.0922574184738,66.4345012861326,19.5090835893003,"latest",0,24,1.4649353547569,2.4077921858221,-3.6219594914239,1,0.180254006640355,FALSE
2024,"cthm-11-4","Tufted Titmouse","Baeolophus bicolor",9,"cthm-11",4,4,"Ivara Goulden",22,0.0232681353687694,56,16.0555887376667,0,16.0555887376667,71.3941034077336,12.4065498058726,"latest",-1,24,0.82383164274888,5.30092528985459,-6.0528144865603,1,0.180254006640355,FALSE
2024,"cthm-12-2","Tufted Titmouse","Baeolophus bicolor",10,"cthm-12",2,3,"Tom Driscoll",61,0.266884457576338,56,16.0346177108776,0,16.0346177108776,33.2965903666824,49.9489717411841,"latest",3,24,1.25464462870045,1.8794505449378,-3.1701916641726,1,0.00922142168749573,FALSE
2024,"drhm-01-1","Tufted Titmouse","Baeolophus bicolor",11,"drhm-01",1,1,"Noah Rokoske",45,0.331760101623359,56,16.3544494815658,0,16.3544494815658,40.2766308855972,43.0092572778672,"latest",1,21,2.0176422244898,0.212797736216203,-2.3392689930673,1,0.463988553091548,FALSE
2024,"drhm-01-3","Tufted Titmouse","Baeolophus bicolor",12,"drhm-01",3,2,"Noah Rokoske",45,0.331760101623359,56,10.1490477194072,0,10.1490477194072,77.0510896628043,12.7967670361644,"latest",0,21,0.430435064102488,0.403002074554195,-0.4043475127317,1,0.463988553091548,FALSE
2024,"drhm-01-4","Tufted Titmouse","Baeolophus bicolor",13,"drhm-01",4,2,"Noah Rokoske",45,0.331760101623359,56,13.5242819811929,0,13.5242819811929,63.0883448158475,23.3871162656523,"latest",0,21,1.25097231657792,2.5361365951107,-3.7154879832455,1,0.463988553091548,FALSE
2024,"drhm-04-4","Tufted Titmouse","Baeolophus bicolor",14,"drhm-04",4,9,"Stephen Brooks",58,-0.0965391621129326,56,26.560858779761,2.74021352313168,29.3010723028927,34.4298452730873,28.2533973614955,"latest",8,21,1.57133622844622,1.1211192012491,-2.6191066862193,1,-0.216851015701202,FALSE
2024,"orng-03-1","Tufted Titmouse","Baeolophus bicolor",15,"orng-03",1,0,"Bradley Saul",9,-0.0252322005332264,56,18.1275146422205,0,18.1275146422205,43.5001273236567,37.8728036669213,"latest",-4,23,2.49630761395469,0.894003055767797,-3.3190094219506,1,-0.451794700533226,FALSE
2024,"orng-03-4","Tufted Titmouse","Baeolophus bicolor",16,"orng-03",4,4,"Bradley Saul",9,-0.0252322005332264,56,13.0442834676156,0,13.0442834676156,43.2535936841784,43.3404487030722,"latest",3,23,1.29089083170278,1.2024179950105,-2.3842300811445,1,-0.451794700533226,FALSE
2024,"orng-07-1","Tufted Titmouse","Baeolophus bicolor",17,"orng-07",1,4,"Brian Bockhahn",10,0.00283570892723184,56,20.9871937161696,0,20.9871937161696,55.590972310896,23.2779490808481,"latest",2,23,5.94149686063044,1.5691896825894,-7.4747153201982,1,0.120010668798821,FALSE
2024,"orng-08-3","Tufted Titmouse","Baeolophus bicolor",18,"orng-08",3,2,"William Mackin",66,0.220214045898082,56,12.5838282442301,0,12.5838282442301,66.4047419346485,19.5497542417987,"latest",-3,23,0.500520318852447,0.207168348776705,-0.6720380437432,1,0.284807276668392,FALSE
2024,"orng-08-4","Tufted Titmouse","Baeolophus bicolor",19,"orng-08",4,0,"William Mackin",66,0.220214045898082,56,12.1376425791306,0,12.1376425791306,51.5751526891972,34.0683559960644,"latest",-4,23,1.07259052189947,1.2788711896135,-2.3512075173086,1,0.284807276668392,FALSE
2024,"orng-09-4","Tufted Titmouse","Baeolophus bicolor",20,"orng-09",4,5,"Karen Hogan",29,0.00854025787807335,56,16.0191695218452,0,16.0191695218452,69.9111296884624,13.8212323620468,"latest",3,23,0.967298363710221,0.0382152224147916,-0.7898124241754,1,-0.175512585682099,FALSE
2024,"orng-10-3","Tufted Titmouse","Baeolophus bicolor",21,"orng-10",3,5,"Paul Taillie",49,0.278195488721805,56,41.0905843114125,0,41.0905843114125,45.3783299946307,13.2084842897751,"latest",0,23,5.87745097366036,0.0367394492157942,-5.5577393600871,1,0.228481054255681,FALSE
2024,"orng-11-4","Tufted Titmouse","Baeolophus bicolor",22,"orng-11",4,9,"Suzanne Roberts",60,0.283763277693475,56,16.3867334859487,0,16.3867334859487,73.0828360252486,12.9380576958055,"latest",3,23,0.78862591072472,0.723948958327298,1.2561331518066,1,0.428012779544154,FALSE
2024,"cthm-03-4","White-breasted Nuthatch","Sitta carolinensis",1,"cthm-03",4,0,"Haven Wiley",21,-0.00587334517820854,57,16.989105551541,0,16.989105551541,35.2387814904471,46.9868415851912,"latest",-1,24,2.28572794358414,0.368802942163001,-2.6904354784901,0,0,FALSE
2024,"cthm-06-2","White-breasted Nuthatch","Sitta carolinensis",3,"cthm-06",2,1,"Roger Shaw",53,0.0868382388701524,57,12.2760040222377,0,12.2760040222377,33.1975153890815,54.5616154711724,"latest",-1,24,0.394724230678124,2.1365177843689,-2.3889001580433,1,0.231087740720832,FALSE
2024,"cthm-07-4","White-breasted Nuthatch","Sitta carolinensis",4,"cthm-07",4,1,"Will Cook",65,0.0497144344661238,57,11.6719084969188,0,11.6719084969188,65.4472943593752,22.880797143706,"latest",0,24,0.682121989866378,1.88484374530861,-2.5669657351751,0,0,FALSE
2024,"cthm-08-4","White-breasted Nuthatch","Sitta carolinensis",5,"cthm-08",4,1,"Fleeta Chauvigne",18,0.15526277717088,57,11.3061302730189,0,11.3061302730189,52.1500644406863,36.0054616642042,"latest",1,24,1.08005798168633,0.00828636122749771,-1.0883443429138,1,0.28749122863907,FALSE
2024,"cthm-09-3","White-breasted Nuthatch","Sitta carolinensis",6,"cthm-09",3,0,"Shelley Theye",57,0,57,21.579453879736,0,21.579453879736,72.7048540055279,5.64394179298578,"latest",-1,24,8.85335927982986,8.3451204166646,-22.9541301139097,1,-0.0220746590093324,FALSE
2024,"cthm-11-4","White-breasted Nuthatch","Sitta carolinensis",9,"cthm-11",4,1,"Ivara Goulden",22,0.0232681353687694,57,16.0555887376667,0,16.0555887376667,71.3941034077336,12.4065498058726,"latest",1,24,0.82383164274888,5.30092528985459,-6.0528144865603,1,0.180254006640355,FALSE
2024,"cthm-12-2","White-breasted Nuthatch","Sitta carolinensis",10,"cthm-12",2,0,"Tom Driscoll",61,0.266884457576338,57,16.0346177108776,0,16.0346177108776,33.2965903666824,49.9489717411841,"latest",-1,24,1.25464462870045,1.8794505449378,-3.1701916641726,1,0.00922142168749573,FALSE
2024,"orng-08-4","White-breasted Nuthatch","Sitta carolinensis",19,"orng-08",4,0,"William Mackin",66,0.220214045898082,57,12.1376425791306,0,12.1376425791306,51.5751526891972,34.0683559960644,"latest",-1,23,1.07259052189947,1.2788711896135,-2.3512075173086,1,0.284807276668392,FALSE
2024,"orng-10-3","White-breasted Nuthatch","Sitta carolinensis",21,"orng-10",3,0,"Paul Taillie",49,0.278195488721805,57,41.0905843114125,0,41.0905843114125,45.3783299946307,13.2084842897751,"latest",-1,23,5.87745097366036,0.0367394492157942,-5.5577393600871,1,0.228481054255681,FALSE
2024,"orng-11-4","White-breasted Nuthatch","Sitta carolinensis",22,"orng-11",4,2,"Suzanne Roberts",60,0.283763277693475,57,16.3867334859487,0,16.3867334859487,73.0828360252486,12.9380576958055,"latest",0,23,0.78862591072472,0.723948958327298,1.2561331518066,1,0.428012779544154,FALSE
2024,"cthm-05-3","White-eyed Vireo","Vireo griseus",2,"cthm-05",3,1,"Tom Driscoll",61,0.266884457576338,58,10.8096188811836,0,10.8096188811836,52.0974320106219,34.137308715512,"latest",1,24,0.857727073466753,4.6757698249702,-5.6403218995471,1,0.146572603988068,FALSE
2024,"cthm-06-2","White-eyed Vireo","Vireo griseus",3,"cthm-06",2,3,"Roger Shaw",53,0.0868382388701524,58,12.2760040222377,0,12.2760040222377,33.1975153890815,54.5616154711724,"latest",3,24,0.394724230678124,2.1365177843689,-2.3889001580433,1,0.231087740720832,FALSE
2024,"cthm-10-1","White-eyed Vireo","Vireo griseus",7,"cthm-10",1,1,"Fleeta Wilkinson",19,0.200661521499449,58,18.6227649566035,0,18.6227649566035,76.3451364744065,5.2111824932638,"latest",1,24,3.53024256955014,0.502104472372807,-3.85326311764916,1,0.173662559921048,FALSE
2024,"cthm-11-1","White-eyed Vireo","Vireo griseus",8,"cthm-11",1,1,"Ivara Goulden",22,0.0232681353687694,58,14.0922574184738,0,14.0922574184738,66.4345012861326,19.5090835893003,"latest",1,24,1.4649353547569,2.4077921858221,-3.6219594914239,1,0.180254006640355,FALSE
2024,"cthm-11-4","White-eyed Vireo","Vireo griseus",9,"cthm-11",4,0,"Ivara Goulden",22,0.0232681353687694,58,16.0555887376667,0,16.0555887376667,71.3941034077336,12.4065498058726,"latest",-1,24,0.82383164274888,5.30092528985459,-6.0528144865603,1,0.180254006640355,FALSE
2024,"drhm-01-1","White-eyed Vireo","Vireo griseus",11,"drhm-01",1,1,"Noah Rokoske",45,0.331760101623359,58,16.3544494815658,0,16.3544494815658,40.2766308855972,43.0092572778672,"latest",1,21,2.0176422244898,0.212797736216203,-2.3392689930673,1,0.463988553091548,FALSE
2024,"drhm-01-4","White-eyed Vireo","Vireo griseus",13,"drhm-01",4,1,"Noah Rokoske",45,0.331760101623359,58,13.5242819811929,0,13.5242819811929,63.0883448158475,23.3871162656523,"latest",1,21,1.25097231657792,2.5361365951107,-3.7154879832455,1,0.463988553091548,FALSE
2024,"orng-03-4","White-eyed Vireo","Vireo griseus",16,"orng-03",4,1,"Bradley Saul",9,-0.0252322005332264,58,13.0442834676156,0,13.0442834676156,43.2535936841784,43.3404487030722,"latest",1,23,1.29089083170278,1.2024179950105,-2.3842300811445,1,-0.451794700533226,FALSE
2024,"orng-07-1","White-eyed Vireo","Vireo griseus",17,"orng-07",1,1,"Brian Bockhahn",10,0.00283570892723184,58,20.9871937161696,0,20.9871937161696,55.590972310896,23.2779490808481,"latest",1,23,5.94149686063044,1.5691896825894,-7.4747153201982,1,0.120010668798821,FALSE
2024,"orng-08-3","White-eyed Vireo","Vireo griseus",18,"orng-08",3,1,"William Mackin",66,0.220214045898082,58,12.5838282442301,0,12.5838282442301,66.4047419346485,19.5497542417987,"latest",1,23,0.500520318852447,0.207168348776705,-0.6720380437432,1,0.284807276668392,FALSE
2024,"orng-09-4","White-eyed Vireo","Vireo griseus",20,"orng-09",4,1,"Karen Hogan",29,0.00854025787807335,58,16.0191695218452,0,16.0191695218452,69.9111296884624,13.8212323620468,"latest",1,23,0.967298363710221,0.0382152224147916,-0.7898124241754,1,-0.175512585682099,FALSE
2024,"cthm-10-1","Wild Turkey","Meleagris gallopavo",7,"cthm-10",1,0,"Fleeta Wilkinson",19,0.200661521499449,59,18.6227649566035,0,18.6227649566035,76.3451364744065,5.2111824932638,"latest",-1,24,3.53024256955014,0.502104472372807,-3.85326311764916,1,0.173662559921048,FALSE
2024,"cthm-12-2","Wild Turkey","Meleagris gallopavo",10,"cthm-12",2,1,"Tom Driscoll",61,0.266884457576338,59,16.0346177108776,0,16.0346177108776,33.2965903666824,49.9489717411841,"latest",1,24,1.25464462870045,1.8794505449378,-3.1701916641726,1,0.00922142168749573,FALSE
2024,"orng-08-3","Wild Turkey","Meleagris gallopavo",18,"orng-08",3,0,"William Mackin",66,0.220214045898082,59,12.5838282442301,0,12.5838282442301,66.4047419346485,19.5497542417987,"latest",-1,23,0.500520318852447,0.207168348776705,-0.6720380437432,1,0.284807276668392,FALSE
2024,"cthm-05-3","Wood Thrush","Hylocichla mustelina",2,"cthm-05",3,0,"Tom Driscoll",61,0.266884457576338,60,10.8096188811836,0,10.8096188811836,52.0974320106219,34.137308715512,"latest",-4,24,0.857727073466753,4.6757698249702,-5.6403218995471,1,0.146572603988068,FALSE
2024,"cthm-06-2","Wood Thrush","Hylocichla mustelina",3,"cthm-06",2,1,"Roger Shaw",53,0.0868382388701524,60,12.2760040222377,0,12.2760040222377,33.1975153890815,54.5616154711724,"latest",-4,24,0.394724230678124,2.1365177843689,-2.3889001580433,1,0.231087740720832,FALSE
2024,"cthm-07-4","Wood Thrush","Hylocichla mustelina",4,"cthm-07",4,4,"Will Cook",65,0.0497144344661238,60,11.6719084969188,0,11.6719084969188,65.4472943593752,22.880797143706,"latest",2,24,0.682121989866378,1.88484374530861,-2.5669657351751,0,0,FALSE
2024,"cthm-08-4","Wood Thrush","Hylocichla mustelina",5,"cthm-08",4,0,"Fleeta Chauvigne",18,0.15526277717088,60,11.3061302730189,0,11.3061302730189,52.1500644406863,36.0054616642042,"latest",-1,24,1.08005798168633,0.00828636122749771,-1.0883443429138,1,0.28749122863907,FALSE
2024,"cthm-09-3","Wood Thrush","Hylocichla mustelina",6,"cthm-09",3,0,"Shelley Theye",57,0,60,21.579453879736,0,21.579453879736,72.7048540055279,5.64394179298578,"latest",-1,24,8.85335927982986,8.3451204166646,-22.9541301139097,1,-0.0220746590093324,FALSE
2024,"cthm-10-1","Wood Thrush","Hylocichla mustelina",7,"cthm-10",1,0,"Fleeta Wilkinson",19,0.200661521499449,60,18.6227649566035,0,18.6227649566035,76.3451364744065,5.2111824932638,"latest",-5,24,3.53024256955014,0.502104472372807,-3.85326311764916,1,0.173662559921048,FALSE
2024,"cthm-11-1","Wood Thrush","Hylocichla mustelina",8,"cthm-11",1,3,"Ivara Goulden",22,0.0232681353687694,60,14.0922574184738,0,14.0922574184738,66.4345012861326,19.5090835893003,"latest",3,24,1.4649353547569,2.4077921858221,-3.6219594914239,1,0.180254006640355,FALSE
2024,"cthm-11-4","Wood Thrush","Hylocichla mustelina",9,"cthm-11",4,2,"Ivara Goulden",22,0.0232681353687694,60,16.0555887376667,0,16.0555887376667,71.3941034077336,12.4065498058726,"latest",1,24,0.82383164274888,5.30092528985459,-6.0528144865603,1,0.180254006640355,FALSE
2024,"cthm-12-2","Wood Thrush","Hylocichla mustelina",10,"cthm-12",2,1,"Tom Driscoll",61,0.266884457576338,60,16.0346177108776,0,16.0346177108776,33.2965903666824,49.9489717411841,"latest",-1,24,1.25464462870045,1.8794505449378,-3.1701916641726,1,0.00922142168749573,FALSE
2024,"drhm-01-3","Wood Thrush","Hylocichla mustelina",12,"drhm-01",3,1,"Noah Rokoske",45,0.331760101623359,60,10.1490477194072,0,10.1490477194072,77.0510896628043,12.7967670361644,"latest",1,21,0.430435064102488,0.403002074554195,-0.4043475127317,1,0.463988553091548,FALSE
2024,"drhm-01-4","Wood Thrush","Hylocichla mustelina",13,"drhm-01",4,1,"Noah Rokoske",45,0.331760101623359,60,13.5242819811929,0,13.5242819811929,63.0883448158475,23.3871162656523,"latest",1,21,1.25097231657792,2.5361365951107,-3.7154879832455,1,0.463988553091548,FALSE
2024,"orng-03-1","Wood Thrush","Hylocichla mustelina",15,"orng-03",1,2,"Bradley Saul",9,-0.0252322005332264,60,18.1275146422205,0,18.1275146422205,43.5001273236567,37.8728036669213,"latest",1,23,2.49630761395469,0.894003055767797,-3.3190094219506,1,-0.451794700533226,FALSE
2024,"orng-03-4","Wood Thrush","Hylocichla mustelina",16,"orng-03",4,0,"Bradley Saul",9,-0.0252322005332264,60,13.0442834676156,0,13.0442834676156,43.2535936841784,43.3404487030722,"latest",-2,23,1.29089083170278,1.2024179950105,-2.3842300811445,1,-0.451794700533226,FALSE
2024,"orng-07-1","Wood Thrush","Hylocichla mustelina",17,"orng-07",1,0,"Brian Bockhahn",10,0.00283570892723184,60,20.9871937161696,0,20.9871937161696,55.590972310896,23.2779490808481,"latest",-2,23,5.94149686063044,1.5691896825894,-7.4747153201982,1,0.120010668798821,FALSE
2024,"orng-08-3","Wood Thrush","Hylocichla mustelina",18,"orng-08",3,2,"William Mackin",66,0.220214045898082,60,12.5838282442301,0,12.5838282442301,66.4047419346485,19.5497542417987,"latest",-1,23,0.500520318852447,0.207168348776705,-0.6720380437432,1,0.284807276668392,FALSE
2024,"orng-08-4","Wood Thrush","Hylocichla mustelina",19,"orng-08",4,0,"William Mackin",66,0.220214045898082,60,12.1376425791306,0,12.1376425791306,51.5751526891972,34.0683559960644,"latest",-2,23,1.07259052189947,1.2788711896135,-2.3512075173086,1,0.284807276668392,FALSE
2024,"orng-10-3","Wood Thrush","Hylocichla mustelina",21,"orng-10",3,0,"Paul Taillie",49,0.278195488721805,60,41.0905843114125,0,41.0905843114125,45.3783299946307,13.2084842897751,"latest",-2,23,5.87745097366036,0.0367394492157942,-5.5577393600871,1,0.228481054255681,FALSE
2024,"orng-11-4","Wood Thrush","Hylocichla mustelina",22,"orng-11",4,1,"Suzanne Roberts",60,0.283763277693475,60,16.3867334859487,0,16.3867334859487,73.0828360252486,12.9380576958055,"latest",-5,23,0.78862591072472,0.723948958327298,1.2561331518066,1,0.428012779544154,FALSE
2024,"cthm-05-3","Yellow-billed Cuckoo","Coccyzus americanus",2,"cthm-05",3,0,"Tom Driscoll",61,0.266884457576338,61,10.8096188811836,0,10.8096188811836,52.0974320106219,34.137308715512,"latest",-1,24,0.857727073466753,4.6757698249702,-5.6403218995471,1,0.146572603988068,FALSE
2024,"cthm-06-2","Yellow-billed Cuckoo","Coccyzus americanus",3,"cthm-06",2,0,"Roger Shaw",53,0.0868382388701524,61,12.2760040222377,0,12.2760040222377,33.1975153890815,54.5616154711724,"latest",-3,24,0.394724230678124,2.1365177843689,-2.3889001580433,1,0.231087740720832,FALSE
2024,"cthm-07-4","Yellow-billed Cuckoo","Coccyzus americanus",4,"cthm-07",4,3,"Will Cook",65,0.0497144344661238,61,11.6719084969188,0,11.6719084969188,65.4472943593752,22.880797143706,"latest",1,24,0.682121989866378,1.88484374530861,-2.5669657351751,0,0,FALSE
2024,"cthm-08-4","Yellow-billed Cuckoo","Coccyzus americanus",5,"cthm-08",4,1,"Fleeta Chauvigne",18,0.15526277717088,61,11.3061302730189,0,11.3061302730189,52.1500644406863,36.0054616642042,"latest",-2,24,1.08005798168633,0.00828636122749771,-1.0883443429138,1,0.28749122863907,FALSE
2024,"cthm-09-3","Yellow-billed Cuckoo","Coccyzus americanus",6,"cthm-09",3,0,"Shelley Theye",57,0,61,21.579453879736,0,21.579453879736,72.7048540055279,5.64394179298578,"latest",-2,24,8.85335927982986,8.3451204166646,-22.9541301139097,1,-0.0220746590093324,FALSE
2024,"cthm-10-1","Yellow-billed Cuckoo","Coccyzus americanus",7,"cthm-10",1,1,"Fleeta Wilkinson",19,0.200661521499449,61,18.6227649566035,0,18.6227649566035,76.3451364744065,5.2111824932638,"latest",1,24,3.53024256955014,0.502104472372807,-3.85326311764916,1,0.173662559921048,FALSE
2024,"cthm-11-1","Yellow-billed Cuckoo","Coccyzus americanus",8,"cthm-11",1,2,"Ivara Goulden",22,0.0232681353687694,61,14.0922574184738,0,14.0922574184738,66.4345012861326,19.5090835893003,"latest",2,24,1.4649353547569,2.4077921858221,-3.6219594914239,1,0.180254006640355,FALSE
2024,"cthm-11-4","Yellow-billed Cuckoo","Coccyzus americanus",9,"cthm-11",4,1,"Ivara Goulden",22,0.0232681353687694,61,16.0555887376667,0,16.0555887376667,71.3941034077336,12.4065498058726,"latest",1,24,0.82383164274888,5.30092528985459,-6.0528144865603,1,0.180254006640355,FALSE
2024,"drhm-01-1","Yellow-billed Cuckoo","Coccyzus americanus",11,"drhm-01",1,2,"Noah Rokoske",45,0.331760101623359,61,16.3544494815658,0,16.3544494815658,40.2766308855972,43.0092572778672,"latest",2,21,2.0176422244898,0.212797736216203,-2.3392689930673,1,0.463988553091548,FALSE
2024,"drhm-04-4","Yellow-billed Cuckoo","Coccyzus americanus",14,"drhm-04",4,0,"Stephen Brooks",58,-0.0965391621129326,61,26.560858779761,2.74021352313168,29.3010723028927,34.4298452730873,28.2533973614955,"latest",-1,21,1.57133622844622,1.1211192012491,-2.6191066862193,1,-0.216851015701202,FALSE
2024,"orng-03-1","Yellow-billed Cuckoo","Coccyzus americanus",15,"orng-03",1,2,"Bradley Saul",9,-0.0252322005332264,61,18.1275146422205,0,18.1275146422205,43.5001273236567,37.8728036669213,"latest",2,23,2.49630761395469,0.894003055767797,-3.3190094219506,1,-0.451794700533226,FALSE
2024,"orng-03-4","Yellow-billed Cuckoo","Coccyzus americanus",16,"orng-03",4,1,"Bradley Saul",9,-0.0252322005332264,61,13.0442834676156,0,13.0442834676156,43.2535936841784,43.3404487030722,"latest",1,23,1.29089083170278,1.2024179950105,-2.3842300811445,1,-0.451794700533226,FALSE
2024,"orng-08-3","Yellow-billed Cuckoo","Coccyzus americanus",18,"orng-08",3,0,"William Mackin",66,0.220214045898082,61,12.5838282442301,0,12.5838282442301,66.4047419346485,19.5497542417987,"latest",-1,23,0.500520318852447,0.207168348776705,-0.6720380437432,1,0.284807276668392,FALSE
2024,"orng-09-4","Yellow-billed Cuckoo","Coccyzus americanus",20,"orng-09",4,0,"Karen Hogan",29,0.00854025787807335,61,16.0191695218452,0,16.0191695218452,69.9111296884624,13.8212323620468,"latest",-1,23,0.967298363710221,0.0382152224147916,-0.7898124241754,1,-0.175512585682099,FALSE
2024,"orng-11-4","Yellow-billed Cuckoo","Coccyzus americanus",22,"orng-11",4,1,"Suzanne Roberts",60,0.283763277693475,61,16.3867334859487,0,16.3867334859487,73.0828360252486,12.9380576958055,"latest",1,23,0.78862591072472,0.723948958327298,1.2561331518066,1,0.428012779544154,FALSE
2024,"cthm-03-4","Yellow-breasted Chat","Icteria virens",1,"cthm-03",4,0,"Haven Wiley",21,-0.00587334517820854,62,16.989105551541,0,16.989105551541,35.2387814904471,46.9868415851912,"latest",-2,24,2.28572794358414,0.368802942163001,-2.6904354784901,0,0,FALSE
2024,"cthm-05-3","Yellow-breasted Chat","Icteria virens",2,"cthm-05",3,1,"Tom Driscoll",61,0.266884457576338,62,10.8096188811836,0,10.8096188811836,52.0974320106219,34.137308715512,"latest",-1,24,0.857727073466753,4.6757698249702,-5.6403218995471,1,0.146572603988068,FALSE
2024,"cthm-06-2","Yellow-breasted Chat","Icteria virens",3,"cthm-06",2,2,"Roger Shaw",53,0.0868382388701524,62,12.2760040222377,0,12.2760040222377,33.1975153890815,54.5616154711724,"latest",2,24,0.394724230678124,2.1365177843689,-2.3889001580433,1,0.231087740720832,FALSE
2024,"cthm-07-4","Yellow-breasted Chat","Icteria virens",4,"cthm-07",4,1,"Will Cook",65,0.0497144344661238,62,11.6719084969188,0,11.6719084969188,65.4472943593752,22.880797143706,"latest",-1,24,0.682121989866378,1.88484374530861,-2.5669657351751,0,0,FALSE
2024,"cthm-09-3","Yellow-breasted Chat","Icteria virens",6,"cthm-09",3,0,"Shelley Theye",57,0,62,21.579453879736,0,21.579453879736,72.7048540055279,5.64394179298578,"latest",-2,24,8.85335927982986,8.3451204166646,-22.9541301139097,1,-0.0220746590093324,FALSE
2024,"cthm-10-1","Yellow-breasted Chat","Icteria virens",7,"cthm-10",1,1,"Fleeta Wilkinson",19,0.200661521499449,62,18.6227649566035,0,18.6227649566035,76.3451364744065,5.2111824932638,"latest",-2,24,3.53024256955014,0.502104472372807,-3.85326311764916,1,0.173662559921048,FALSE
2024,"cthm-11-1","Yellow-breasted Chat","Icteria virens",8,"cthm-11",1,0,"Ivara Goulden",22,0.0232681353687694,62,14.0922574184738,0,14.0922574184738,66.4345012861326,19.5090835893003,"latest",-2,24,1.4649353547569,2.4077921858221,-3.6219594914239,1,0.180254006640355,FALSE
2024,"drhm-01-3","Yellow-breasted Chat","Icteria virens",12,"drhm-01",3,1,"Noah Rokoske",45,0.331760101623359,62,10.1490477194072,0,10.1490477194072,77.0510896628043,12.7967670361644,"latest",0,21,0.430435064102488,0.403002074554195,-0.4043475127317,1,0.463988553091548,FALSE
2024,"drhm-01-4","Yellow-breasted Chat","Icteria virens",13,"drhm-01",4,0,"Noah Rokoske",45,0.331760101623359,62,13.5242819811929,0,13.5242819811929,63.0883448158475,23.3871162656523,"latest",-1,21,1.25097231657792,2.5361365951107,-3.7154879832455,1,0.463988553091548,FALSE
2024,"orng-09-4","Yellow-breasted Chat","Icteria virens",20,"orng-09",4,0,"Karen Hogan",29,0.00854025787807335,62,16.0191695218452,0,16.0191695218452,69.9111296884624,13.8212323620468,"latest",-1,23,0.967298363710221,0.0382152224147916,-0.7898124241754,1,-0.175512585682099,FALSE
2024,"orng-11-4","Yellow-breasted Chat","Icteria virens",22,"orng-11",4,0,"Suzanne Roberts",60,0.283763277693475,62,16.3867334859487,0,16.3867334859487,73.0828360252486,12.9380576958055,"latest",-1,23,0.78862591072472,0.723948958327298,1.2561331518066,1,0.428012779544154,FALSE
2024,"cthm-05-3","Yellow-throated Vireo","Vireo flavifrons",2,"cthm-05",3,0,"Tom Driscoll",61,0.266884457576338,63,10.8096188811836,0,10.8096188811836,52.0974320106219,34.137308715512,"latest",-1,24,0.857727073466753,4.6757698249702,-5.6403218995471,1,0.146572603988068,FALSE
2024,"cthm-09-3","Yellow-throated Vireo","Vireo flavifrons",6,"cthm-09",3,2,"Shelley Theye",57,0,63,21.579453879736,0,21.579453879736,72.7048540055279,5.64394179298578,"latest",2,24,8.85335927982986,8.3451204166646,-22.9541301139097,1,-0.0220746590093324,FALSE
2024,"cthm-10-1","Yellow-throated Vireo","Vireo flavifrons",7,"cthm-10",1,1,"Fleeta Wilkinson",19,0.200661521499449,63,18.6227649566035,0,18.6227649566035,76.3451364744065,5.2111824932638,"latest",1,24,3.53024256955014,0.502104472372807,-3.85326311764916,1,0.173662559921048,FALSE
2024,"cthm-11-4","Yellow-throated Vireo","Vireo flavifrons",9,"cthm-11",4,0,"Ivara Goulden",22,0.0232681353687694,63,16.0555887376667,0,16.0555887376667,71.3941034077336,12.4065498058726,"latest",-1,24,0.82383164274888,5.30092528985459,-6.0528144865603,1,0.180254006640355,FALSE
2024,"drhm-01-3","Yellow-throated Vireo","Vireo flavifrons",12,"drhm-01",3,1,"Noah Rokoske",45,0.331760101623359,63,10.1490477194072,0,10.1490477194072,77.0510896628043,12.7967670361644,"latest",1,21,0.430435064102488,0.403002074554195,-0.4043475127317,1,0.463988553091548,FALSE
2024,"drhm-04-4","Yellow-throated Vireo","Vireo flavifrons",14,"drhm-04",4,0,"Stephen Brooks",58,-0.0965391621129326,63,26.560858779761,2.74021352313168,29.3010723028927,34.4298452730873,28.2533973614955,"latest",-1,21,1.57133622844622,1.1211192012491,-2.6191066862193,1,-0.216851015701202,FALSE
2024,"orng-07-1","Yellow-throated Vireo","Vireo flavifrons",17,"orng-07",1,1,"Brian Bockhahn",10,0.00283570892723184,63,20.9871937161696,0,20.9871937161696,55.590972310896,23.2779490808481,"latest",1,23,5.94149686063044,1.5691896825894,-7.4747153201982,1,0.120010668798821,FALSE
2024,"orng-11-4","Yellow-throated Vireo","Vireo flavifrons",22,"orng-11",4,1,"Suzanne Roberts",60,0.283763277693475,63,16.3867334859487,0,16.3867334859487,73.0828360252486,12.9380576958055,"latest",1,23,0.78862591072472,0.723948958327298,1.2561331518066,1,0.428012779544154,FALSE
2024,"cthm-09-3","Yellow-throated Warbler","Setophaga dominica",6,"cthm-09",3,0,"Shelley Theye",57,0,64,21.579453879736,0,21.579453879736,72.7048540055279,5.64394179298578,"latest",-1,24,8.85335927982986,8.3451204166646,-22.9541301139097,1,-0.0220746590093324,FALSE
2024,"cthm-10-1","Yellow-throated Warbler","Setophaga dominica",7,"cthm-10",1,3,"Fleeta Wilkinson",19,0.200661521499449,64,18.6227649566035,0,18.6227649566035,76.3451364744065,5.2111824932638,"latest",3,24,3.53024256955014,0.502104472372807,-3.85326311764916,1,0.173662559921048,FALSE
2024,"cthm-11-1","Yellow-throated Warbler","Setophaga dominica",8,"cthm-11",1,1,"Ivara Goulden",22,0.0232681353687694,64,14.0922574184738,0,14.0922574184738,66.4345012861326,19.5090835893003,"latest",1,24,1.4649353547569,2.4077921858221,-3.6219594914239,1,0.180254006640355,FALSE
2024,"cthm-11-4","Yellow-throated Warbler","Setophaga dominica",9,"cthm-11",4,2,"Ivara Goulden",22,0.0232681353687694,64,16.0555887376667,0,16.0555887376667,71.3941034077336,12.4065498058726,"latest",2,24,0.82383164274888,5.30092528985459,-6.0528144865603,1,0.180254006640355,FALSE
2024,"drhm-01-1","Yellow-throated Warbler","Setophaga dominica",11,"drhm-01",1,1,"Noah Rokoske",45,0.331760101623359,64,16.3544494815658,0,16.3544494815658,40.2766308855972,43.0092572778672,"latest",1,21,2.0176422244898,0.212797736216203,-2.3392689930673,1,0.463988553091548,FALSE
2024,"drhm-01-3","Yellow-throated Warbler","Setophaga dominica",12,"drhm-01",3,2,"Noah Rokoske",45,0.331760101623359,64,10.1490477194072,0,10.1490477194072,77.0510896628043,12.7967670361644,"latest",2,21,0.430435064102488,0.403002074554195,-0.4043475127317,1,0.463988553091548,FALSE
2024,"orng-07-1","Yellow-throated Warbler","Setophaga dominica",17,"orng-07",1,1,"Brian Bockhahn",10,0.00283570892723184,64,20.9871937161696,0,20.9871937161696,55.590972310896,23.2779490808481,"latest",1,23,5.94149686063044,1.5691896825894,-7.4747153201982,1,0.120010668798821,FALSE
2024,"orng-10-3","Yellow-throated Warbler","Setophaga dominica",21,"orng-10",3,2,"Paul Taillie",49,0.278195488721805,64,41.0905843114125,0,41.0905843114125,45.3783299946307,13.2084842897751,"latest",2,23,5.87745097366036,0.0367394492157942,-5.5577393600871,1,0.228481054255681,FALSE
